index,llm_prob,reference_time,new_code_time,new_code,experiment_id
0001,1.0,2396990.8125,2396990.8125,#import <iostream>\n\n#import <sstream>\n\nusing namespace std;\n\n\n\nvoid problemOne(){\n\n      int a;\n\n      int b;\n\n      while (cin >> a >> b){\n\n            int sum = a + b;\n\n            int intLength = 0;\n\n            while (sum != 0) {\n\n                  sum /= 10;\n\n                  intLength += 1;\n\n            }\n\n            cout << intLength << endl;\n\n      }\n\n}\n\n\n\nint main(){\n\n      problemOne();\n\n},0.0
0001,1.0,2299592.75,924298.0,#import <iostream>\n\n#import <sstream>\n\nusing namespace std;\n\n\n\nvoid problemOne(){\n\n      int a;\n\n      int b;\n\n      while (cin >> a >> b){\n\n            int sum = a + b;\n\n            int intLength = 0;\n\n            while (sum != 0) {\n\n                  sum /= 10;\n\n                  intLength += 1;\n\n            }\n\n            cout << intLength << endl;\n\n      }\n\n}\n\n\n\nint main(){\n\n      problemOne();\n\n},1.0
0004,1.0,6174635.125,2332430.5,"#include <cstdio>\n\n\n\nusing namespace std;\n\n\n\nint main() {\n\n    long NUM = 1000000;\n\n    long n;\n\n	long counter = 0;\n\n	bool primeNum[NUM + 10];\n\n\n\n	long i, ii, j, len = NUM + 10;\n\n	\n\n	primeNum[0] = primeNum[1] = false;\n\n	for (i = 2; i < len; i++) primeNum[i] = true;\n\n	\n\n	ii = 4;\n\n    for(i = 2; ii < NUM;) {\n\n        if (primeNum[i]) {\n\n            for (j = ii; j < NUM; j += i) {\n\n                primeNum[j] = false;\n\n            }\n\n        }\n\n        \n\n        i++;\n\n        ii = i * i;\n\n    }\n\n    \n\n    while (scanf(""%ld"", &n) != EOF) {\n\n        counter = 0;\n\n        \n\n        for (i = 0; i <= n; i++) {\n\n            if (primeNum[i]) counter++;\n\n        }\n\n        \n\n        printf(""%ld\n"", counter);\n\n    }\n\n\n\n    return 0;\n\n}",0.0
0001,1.0,2403003.75,995192.125,#import <iostream>\n\n#import <sstream>\n\nusing namespace std;\n\n\n\nvoid problemOne(){\n\n      int a;\n\n      int b;\n\n      while (cin >> a >> b){\n\n            int sum = a + b;\n\n            int intLength = 0;\n\n            while (sum != 0) {\n\n                  sum /= 10;\n\n                  intLength += 1;\n\n            }\n\n            cout << intLength << endl;\n\n      }\n\n}\n\n\n\nint main(){\n\n      problemOne();\n\n},2.0
0001,1.0,2421160.8125,961029.4375,#import <iostream>\n\n#import <sstream>\n\nusing namespace std;\n\n\n\nvoid problemOne(){\n\n      int a;\n\n      int b;\n\n      while (cin >> a >> b){\n\n            int sum = a + b;\n\n            int intLength = 0;\n\n            while (sum != 0) {\n\n                  sum /= 10;\n\n                  intLength += 1;\n\n            }\n\n            cout << intLength << endl;\n\n      }\n\n}\n\n\n\nint main(){\n\n      problemOne();\n\n},3.0
0003,1.0,4223684.4375,3018875.5625,"#include<stdio.h>\n\n#include<math.h>\n\nbool flag[1000000];\n\nint main(void)\n\n{\n\n	long long i,j,p,n,count;\n\n	p = (long long)sqrt(1000000.0);\n\n	for(i = 3; i <= p; i = i + 2)\n\n	{\n\n		if(flag[i] == false)\n\n		{\n\n			for(j = i * i; j <= 1000000; j = j + 2 * i)\n\n			{\n\n				flag[j] = true;\n\n				\n\n			}\n\n		}\n\n	}\n\n		\n\n	while((scanf(""%lld"",&n)) != EOF)\n\n	{\n\n		\n\n		if(n == 1 || n == 0)\n\n			count = 0;\n\n		else\n\n		{\n\n			count = 1;\n\n			for(i = 3; i <= n; i = i + 2)\n\n			{\n\n				if(flag[i] == false)\n\n					count++;\n\n			}\n\n		}\n\n		printf(""%lld\n"",count);\n\n	}\n\n	\n\n\n\n		\n\n	return 0;\n\n}",0.0
0002,1.0,2397332.625,2397332.625,"#include <iostream>\n\n#include <cstdio>\n\n#include <algorithm>\n\n\n\nusing namespace std;\n\n\n\nint main()\n\n{\n\n    long long int num1 , num2, gcd , res, lcm;\n\n    while(scanf(""%lld%lld"",&num1,&num2)!=EOF){\n\n\n\n        res = num1 * num2 ;\n\n        while(num1 != num2){\n\n            if(num1 > num2)\n\n                num1 = num1 - num2 ;\n\n            else\n\n                num2 = num2 - num1 ;\n\n        }\n\n        gcd = num1 ;\n\n        lcm = res / gcd ;\n\n         printf(""%lld %lld\n"", gcd, lcm);\n\n    }\n\n    return 0;\n\n}",0.0
0001,1.0,2471206.5,953115.6875,#import <iostream>\n\n#import <sstream>\n\nusing namespace std;\n\n\n\nvoid problemOne(){\n\n      int a;\n\n      int b;\n\n      while (cin >> a >> b){\n\n            int sum = a + b;\n\n            int intLength = 0;\n\n            while (sum != 0) {\n\n                  sum /= 10;\n\n                  intLength += 1;\n\n            }\n\n            cout << intLength << endl;\n\n      }\n\n}\n\n\n\nint main(){\n\n      problemOne();\n\n},4.0
0002,1.0,2421819.5625,959545.1875,"#include <iostream>\n\n#include <cstdio>\n\n#include <algorithm>\n\n\n\nusing namespace std;\n\n\n\nint main()\n\n{\n\n    long long int num1 , num2, gcd , res, lcm;\n\n    while(scanf(""%lld%lld"",&num1,&num2)!=EOF){\n\n\n\n        res = num1 * num2 ;\n\n        while(num1 != num2){\n\n            if(num1 > num2)\n\n                num1 = num1 - num2 ;\n\n            else\n\n                num2 = num2 - num1 ;\n\n        }\n\n        gcd = num1 ;\n\n        lcm = res / gcd ;\n\n         printf(""%lld %lld\n"", gcd, lcm);\n\n    }\n\n    return 0;\n\n}",1.0
0003,1.0,4031911.9375,2996575.875,"#include<stdio.h>\n\n#include<math.h>\n\nbool flag[1000000];\n\nint main(void)\n\n{\n\n	long long i,j,p,n,count;\n\n	p = (long long)sqrt(1000000.0);\n\n	for(i = 3; i <= p; i = i + 2)\n\n	{\n\n		if(flag[i] == false)\n\n		{\n\n			for(j = i * i; j <= 1000000; j = j + 2 * i)\n\n			{\n\n				flag[j] = true;\n\n				\n\n			}\n\n		}\n\n	}\n\n		\n\n	while((scanf(""%lld"",&n)) != EOF)\n\n	{\n\n		\n\n		if(n == 1 || n == 0)\n\n			count = 0;\n\n		else\n\n		{\n\n			count = 1;\n\n			for(i = 3; i <= n; i = i + 2)\n\n			{\n\n				if(flag[i] == false)\n\n					count++;\n\n			}\n\n		}\n\n		printf(""%lld\n"",count);\n\n	}\n\n	\n\n\n\n		\n\n	return 0;\n\n}",1.0
0008,1.0,2503442.5,942125.0,"#include<iostream>\n\n#include<vector>\n\n#include<algorithm>\n\nusing namespace std;\n\n\n\nint main(){\n\n  vector<int> v,s(10001);\n\n  int a,b,n,o=0;\n\n  while(cin>>b){\n\n    fill(s.begin(),s.end(),0);\n\n    o =0;\n\n    if(b==0) break;\n\n    else{\n\n    for(int i=0;i<b;i++){\n\n      cin>>a;\n\n      v.push_back(a);\n\n    }\n\n    for(int i = 0; i < b; i++){\n\n      int sum = 0;\n\n      for(int j = i; j < b; j++){\n\n	sum += v[j];\n\n	s.push_back(sum);\n\n      }\n\n    } \n\n\n\n\n\n  int d = *max_element(s.begin(),s.end());\n\n  cout<<d<<endl;\n\n    }\n\n    s.clear(),v.clear();\n\n  }\n\n}",0.0
0009,1.0,2408095.375,942568.75,"#include""stdc++.h""\n\nusing namespace std;\n\n\n\nint a[20];\n\n\n\nbool check(int x)\n\n{\n\n	int pre = 0;\n\n	for (int i = 0; i < 10; i++) if (x & (1 << i))\n\n	{\n\n		if (a[i] < pre) return false;\n\n		pre = a[i];\n\n	}\n\n	return true;\n\n}\n\n\n\nbool dfs(int i, int x, int pre)\n\n{\n\n	if (i == 10)\n\n	{\n\n		return check(x);\n\n	}\n\n	bool temp = false;\n\n	if (a[i] > pre) temp = dfs(i + 1, x, a[i]);\n\n	return temp || dfs(i + 1, x | (1 << i), pre);\n\n}\n\n\n\nint main()\n\n{\n\n	int T;\n\n	cin >> T;\n\n	while (T--)\n\n	{\n\n		for (int i = 0; i < 10; i++) scanf(""%d"", &a[i]);\n\n		printf(""%s\n"", dfs(1, 0, a[0]) ? ""YES"" : ""NO"");\n\n	}\n\n	return 0;\n\n}",0.0
0012,1.0,3534201.9375,2684746.875,"#include<iostream>\n\n#include<string>\n\n#include<algorithm>\n\n#include<map>\n\n#include<set>\n\n#include<utility>\n\n#include<vector>\n\n#include<cmath>\n\n#include<cstdio>\n\n#define loop(i,a,b) for(int i=a;i<b;i++) \n\n#define rep(i,a) loop(i,0,a)\n\n#define pb push_back\n\n#define mp make_pair\n\n#define it ::iterator\n\n#define all(in) in.begin(),in.end()\n\nconst double PI=acos(-1);\n\nconst double ESP=1e-10;\n\nusing namespace std;\n\nint main(){\n\n  int n;\n\n  cin>>n;\n\n  rep(i,n){\n\n    string s;\n\n    string ans;\n\n    bool han=false;\n\n    if(i==0)getline(cin,s);\n\n    getline(cin,s);\n\n    rep(a,27){\n\n      rep(b,27){\n\n	string tmp=s;\n\n	rep(j,tmp.size())if(isalpha(tmp[j]))tmp[j]=(a*(tmp[j]-'a')+b)%26+'a';\n\n	rep(j,tmp.size()-3){\n\n	  if(tmp.substr(j,4)==""this""){ans=tmp;han=true;}\n\n	  if(tmp.substr(j,4)==""that""){ans=tmp;han=true;}\n\n	}\n\n	if(han==true)break;\n\n      }\n\n      if(han==true)break;\n\n    }\n\n    cout<<ans<<endl;\n\n  }\n\n\n\n\n\n}",0.0
0014,1.0,7762520.4375,2372075.9375,"#include <iostream>\n\n#include <cstdio>\n\n#include <cmath>\n\n#include <cstdlib>\n\n#include <map>\n\n#include <set>\n\n#include <queue>\n\n#include <algorithm>\n\n#include <cstring>\n\n#include <cmath>\n\n#include <sstream>\n\n#include <vector>\n\n#include <string>\n\n#include <iomanip>\n\n#include <bitset>\n\n#define INF	100000000\n\n#define pb	push_back\n\n#define fi first\n\n#define sec second\n\n#define SS stringstream\n\nusing namespace std;\n\ntypedef pair<int, int> P;\n\ntypedef long long int	ll;\n\n\n\nint w, n;\n\nint t = 0;\n\nint dp[1001][1001];\n\nvector<P> vec;\n\n\n\nint rec(int i, int j){\n\n	if(dp[i][j] >= 0) return dp[i][j];\n\n	int res;\n\n	if(i == n) res = 0;\n\n	else if(j < vec[i].sec) res = rec(i+1, j);\n\n	else res = max(rec(i+1, j), rec(i+1, j-vec[i].sec)+vec[i].fi);\n\n	return dp[i][j] = res;\n\n}\n\n\n\nint main(){\n\n	while(scanf(""%d"", &w)){\n\n		t++;\n\n		if(w == 0) break;\n\n		memset(dp, -1, sizeof(dp));\n\n		scanf(""%d"", &n);\n\n		for(int i = 0; i < n; i++){\n\n			int temp1, temp2;\n\n			char trash;\n\n			scanf(""%d%c%d"", &temp1, &trash, &temp2);\n\n			vec.pb(P(temp1, temp2));\n\n		}\n\n		printf(""Case %d:\n"", t);\n\n		printf(""%d\n"", rec(0, w));\n\n		for(int i = 1; i <= w; i++){\n\n			if(rec(0, w-i) != rec(0,w)){\n\n				printf(""%d\n"", w-i+1);\n\n				break;\n\n			}\n\n		}\n\n		vec.clear();\n\n	}\n\n}",0.0
0019,1.0,7100891.8125,6968498.8125,"#include<cstdio>\n\n\n\nusing namespace std;\n\n\n\nint n,s;\n\nint memo[1024][1000];\n\n\n\nint search(int stat,int sum,int dep){\n\n	if(dep==n)	return memo[stat][sum]=(s==sum);\n\n	if(~memo[stat][sum])	return memo[stat][sum];\n\n//	if(sum>s)	return 0;\n\n\n\n	int cnt=0;\n\n	for(int i=0;i<10;i++){\n\n		if((stat&(1<<i))==0){\n\n			stat|=1<<i;\n\n			cnt+=search(stat,sum+i*(n-dep),dep+1);\n\n			stat&=~(1<<i);\n\n		}\n\n	}\n\n	return memo[stat][sum]=cnt;\n\n}\n\n\n\nint main(){\n\n	for(;~scanf(""%d%d"",&n,&s);){\n\n		for(int i=0;i<1024;i++)for(int j=0;j<1000;j++)	memo[i][j]=-1;\n\n		if(n>10 || s>=1000){\n\n			puts(""0"");\n\n			continue;\n\n		}\n\n		printf(""%d\n"",search(0,0,0));\n\n	}\n\n	return 0;\n\n}",0.0
0021,1.0,15406098.25,2387570.4375,"#include<cstdio>\n\n#include<iostream>\n\n\n\n#define INF 2100000000\n\n\n\nusing namespace std;\n\n\n\nint minix(int a,int b,int c){\n\n	if(b>=a && c>=a){\n\n		return a;\n\n	}\n\n	if(a>=b && c>=b){\n\n		return b;\n\n	}\n\n	if(b>=c && a>=c){\n\n		return c;\n\n	}\n\n}\n\n\n\nint main(){\n\n	int n;\n\n	int masu[1002][1002];\n\n	int ura[1002][1002];\n\n	char str[1002];\n\n	while(1){\n\n		for(int i=0;i<=1001;i++){\n\n			for(int j=0;j<=1001;j++){\n\n				masu[i][j]=0;\n\n			}\n\n		}\n\n		scanf(""%d"",&n);\n\n		if(n==0){\n\n			break;\n\n		}\n\n		for(int i=1;i<=n;i++){\n\n			scanf(""%s"",str);\n\n			for(int j=1;j<=n;j++){\n\n				if(str[j-1]=='.'){\n\n					ura[i][j]=0;\n\n				}else{\n\n					ura[i][j]=1;\n\n				}\n\n			}\n\n		}\n\n		\n\n		int maxi=0;\n\n		for(int i=1;i<=n;i++){\n\n			for(int j=1;j<=n;j++){\n\n				if(ura[i][j]==0){\n\n					masu[i][j]=minix(masu[i-1][j],masu[i][j-1],masu[i-1][j-1])+1;\n\n					maxi=max(masu[i][j],maxi);\n\n				}\n\n			}\n\n		}\n\n		\n\n		printf(""%d\n"",maxi);\n\n	}\n\n}",0.0
0022,1.0,8770424.0625,2409968.75,"#include<iostream>\n\n#include<cstring>\n\n#include<algorithm>\n\nusing namespace std;\n\n\n\nint n;\n\nint s[1001][1024];\n\nint calc(int y,int x,int n){\n\n	int a,b,c,d;\n\n	n--;\n\n	a=s[y-1][x-1];\n\n	b=s[y-1][x+n];\n\n	c=s[y+n][x-1];\n\n	d=s[y+n][x+n];\n\n	return d-c-b+a;\n\n}\n\nint main(){\n\n	while(cin>>n,n){\n\n		memset(s,0,sizeof(s));\n\n		for(int i=1;i<=n;i++){\n\n			for(int j=1;j<=n;j++){\n\n				char c;\n\n				cin>>c;\n\n				s[i][j] = (c=='*')+s[i-1][j]+s[i][j-1]-s[i-1][j-1];\n\n			}\n\n		}\n\n		int ans=0;\n\n		for(int i=1;i<=n;i++){\n\n			for(int j=1;j<=n;j++){\n\n				int lb=0,ub=n-max(i,j)+2;\n\n				while(ub-lb>1){\n\n					int m=(lb+ub)/2;\n\n					if(calc(i,j,m))ub=m;\n\n					else lb=m;\n\n				}\n\n				ans=max(ans,lb);\n\n			}\n\n		}\n\n		cout<<ans<<endl;\n\n	}\n\n	return 0;\n\n}",0.0
0025,1.0,2548942.8125,2411524.625,"#include <iostream>\n\n#include <map>\n\n#include <vector>\n\nusing namespace std;\n\n\n\nint main(){\n\n	int n,a,b;\n\n	bool flag;\n\n	string number;\n\n	map<string,int> info;\n\n	vector<string> seq;\n\n	\n\n	while(cin >> n && n){\n\n		info.clear();\n\n		seq.clear();\n\n		while(n--){\n\n			cin >> number >> a >> b;\n\n			if(!info[number])seq.push_back(number);\n\n			while(b-- && info[number]<1000000){\n\n				info[number] += a;\n\n			}\n\n		}\n\n		flag = true;\n\n		for(int i=0;i<seq.size();i++){\n\n			if(info[seq[i]]>=1000000){\n\n				flag = false;\n\n				cout << seq[i] << endl;\n\n			}\n\n		}\n\n		if(flag)cout << ""NA"" << endl;\n\n	}\n\n}",0.0
0028,1.0,2358026.5625,948995.0625,#include<list>\n\n#include<iostream>\n\nusing namespace std;\n\nint main(){\n\n  int i;\n\n  int n;\n\n  long long c;\n\n  for(;;){\n\n    cin>>n;\n\n    if(n==0)\n\n      break;\n\n    list<int> t;\n\n    c=0;\n\n    for(i=0;i<n;i++){\n\n      int tmp;\n\n      cin>>tmp;\n\n      t.push_back(tmp);\n\n    }\n\n    t.sort();\n\n    list<int>::iterator it=t.begin();\n\n    for(i=0;i<n-1;i++){\n\n      c+=(*it)*(n-i-1);\n\n      it++;\n\n    }\n\n    cout<<c<<endl;\n\n  }\n\n  return 0;\n\n},0.0
0029,1.0,2444288.5,2444288.5,"#include <iostream>\n\n#include <cstdio>\n\n#include <cstring>\n\nusing namespace std;\n\n\n\nlong long int gcd(long long int a, long long int b){\n\n	if(b == 0)return a;\n\n	return gcd(b,a % b);\n\n}\n\n\n\nlong long int lcm(long long int a, long long int b){\n\n	return a * b / gcd(a,b);\n\n}\n\n\n\nint main(){\n\n	long long int a[3], m[3], p[3] = {1,1,1}, c[3] = {0};\n\n	while(1){\n\n		memset(c,0,sizeof(c));\n\n		cin >> a[0] >> m[0] >> a[1] >> m[1] >> a[2] >> m[2];\n\n		if(!a[0])break;\n\n		for(int i=0;i<3;i++){\n\n			do{\n\n			p[i] = (a[i] * p[i]) % m[i];\n\n			//cout << ""Turn "" << c[i] << "": "" << p[i] << endl;\n\n			c[i] += 1;\n\n			}while(p[i] != 1);\n\n		}\n\n		//cout << c[0] << c[1] << c[2] << endl;\n\n		//int gcd = rec(c[0],rec(c[1],c[2])),\n\n		//lcm = rec(c[0],gcd) * rec(c[1],gcd) * rec(c[2],gcd) * gcd;\n\n			//cout << gcd << "" "" << lcm << endl;\n\n		cout << lcm(lcm(c[0],c[1]),c[2]) << endl;\n\n	}\n\n	return 0;\n\n}",0.0
0031,1.0,3685423.5,2639345.125,"#include<iostream>\n\n#include<vector>\n\n#include<sstream>\n\n#include<cmath>\n\n\n\nusing namespace std;\n\n\n\nconst int MAX = 13;\n\nvector<double> Cake;\n\ndouble box;\n\ndouble dp[(1<<MAX)][MAX];\n\n\n\nvoid init(){\n\n  Cake.clear();\n\n  fill(dp[0],dp[0]+(1<<MAX)*MAX,100000000);\n\n  dp[0][0] = 0;\n\n}\n\n\n\nvoid make(){\n\n  string s;\n\n  getline(cin,s);\n\n  stringstream ss(s);\n\n  double num;\n\n  while(ss >> num) Cake.push_back(num);\n\n}\n\n\n\nvoid solve(){\n\n\n\n\n\n  for(int i = 0; i < (1<<Cake.size()); i++)\n\n    for(int j = 0; j < (int)Cake.size(); j++){\n\n      if(i == 0) {dp[(1<<j)][j] = Cake[j]; continue;}\n\n      for(int k = 0; k < (int)Cake.size(); k++)\n\n	if(!(i&(1<<k)) && j != k){\n\n	  dp[i+(1<<k)][k] = min(dp[i+(1<<k)][k],dp[i][j]+2.0*sqrt(Cake[j]*Cake[k]));\n\n	  //	  if(dp[i][j] == 0) cout << ""error"" << endl;\n\n	}\n\n    }\n\n\n\n  for(int i = 0; i < (int)Cake.size(); i++){\n\n    //    cout << ""cake "" << Cake[i] << endl;\n\n    //cout << dp[(1<<Cake.size())-1][i]+Cake[i] << endl;\n\n    if(dp[(1<<Cake.size())-1][i]+Cake[i] <= box) {cout << ""OK"" << endl;return;}\n\n  }\n\n  cout << ""NA"" << endl;\n\n}\n\n\n\nint main(){\n\n\n\n  while(cin >> box){\n\n    init();\n\n    make();\n\n    solve();\n\n  }\n\n  return 0;\n\n}",0.0
0032,1.0,3910861.4375,961548.5,"#include<iostream>\n\nusing namespace std;\n\nint t[10][10],u[10][10],ans[10][10],n,flg;\n\nint compute();\n\nvoid dfs(int);\n\nvoid change(int,int);\n\nint main(){\n\n  cin>>n;\n\n  while(n--){\n\n    flg=0;\n\n    for(int i=0;i<10;i++){\n\n      for(int j=0;j<10;j++){\n\n	cin>>t[i][j];\n\n	ans[i][j]=0;\n\n      }\n\n    }\n\n    dfs(0);\n\n  }\n\n  return 0;\n\n}\n\nvoid dfs(int x){\n\n  if(x==10){\n\n    /*\n\n    for(int i=0;i<10;i++)cout<<ans[0][i];\n\n    cout<<endl;\n\n    */\n\n    \n\n    if(compute()){\n\n      for(int i=0;i<10;i++){\n\n	for(int j=0;j<10;j++){\n\n	  if(j)cout<<' ';\n\n	  cout<<ans[i][j];\n\n	}\n\n	cout<<endl;\n\n      }\n\n    }\n\n    \n\n    return;\n\n  }\n\n  ans[0][x]=0;\n\n  dfs(x+1);\n\n  ans[0][x]=1;\n\n  dfs(x+1);\n\n}\n\n\n\nint compute(){\n\n  for(int i=0;i<10;i++){\n\n    for(int j=0;j<10;j++){\n\n      u[i][j]=t[i][j];\n\n      if(i)ans[i][j]=0;\n\n    }\n\n  }\n\n\n\n  for(int i=0;i<10;i++){\n\n    if(ans[0][i])change(0,i);\n\n  }\n\n\n\n  for(int i=1;i<10;i++){\n\n    for(int j=0;j<10;j++){\n\n      if(u[i-1][j]){\n\n	ans[i][j]=1;\n\n	change(i,j);\n\n      }\n\n    }\n\n  }\n\n  for(int i=0;i<10;i++){\n\n    if(u[9][i])return 0;\n\n  }\n\n  return 1;\n\n}\n\n\n\nvoid change(int y,int x){\n\n  u[y][x]=!u[y][x];\n\n  if(y>0)u[y-1][x]=!u[y-1][x];\n\n  if(x>0)u[y][x-1]=!u[y][x-1];\n\n  if(y<9)u[y+1][x]=!u[y+1][x];\n\n  if(x<9)u[y][x+1]=!u[y][x+1];\n\n}",0.0
0033,1.0,2381229.25,934299.1875,"#include <vector>\n\n#include <algorithm>\n\n#include <string>\n\n#include <map>\n\n#include <set>\n\n#include <queue>\n\n#include <cstring>\n\n#include <deque>\n\n#include <cstdio>\n\n#include <cmath>\n\n\n\nusing namespace std;\n\n\n\n#define reep(i,f,t) for(int i=f ; i<int(t) ; ++i)\n\n#define rep(i,n) reep(i, 0, n) \n\n\n\ntypedef vector<int> vi;\n\ntypedef vector<vi> vvi;\n\ntypedef pair<int,int> pii;\n\n\n\nint main()\n\n{\n\n	int n;\n\n	while(scanf(""%d"", &n), n){\n\n		vi nums(n, 0);\n\n		reep(i, 1, n)\n\n			nums[(i*i)%n] |= 1;\n\n		reep(i, 1, (n+1)/2){\n\n			int sum = 0;\n\n			rep(j, n)\n\n				sum += nums[j] & nums[(j+i)%n];\n\n			printf(""%d\n"", sum * 2);\n\n		}\n\n	}\n\n	\n\n	return 0;\n\n}",0.0
0036,1.0,1035210.375,996770.25,"#include ""stdio.h""\n\nconst int MAX_V = 10000; // 1????????§????´???°??¨?????????\n\nint prime[MAX_V+1]; // 1????´???°,0????´???°??§?????????\n\nint main() {\n\n    int i, k, n;\n\n    for(i = 2; i <= MAX_V; i++){\n\n        prime[i] = 1; // 2??\???????´???°??¨??????\n\n    }\n\n    for(i = 2; i * i <= MAX_V; i++) {\n\n        if(prime[i]) {\n\n            for(k = 2 * i; k <= MAX_V; k += i) {\n\n                prime[k] = 0; // ?´???°???2?????\???????????°????´???°??§?????????\n\n            }\n\n        }\n\n    }\n\n   while (1) {\n\n        scanf(""%d"",&n);\n\n        if (n == 0)break;\n\n//        while(scanf(""%d"", &n) != 0) {\n\n        int p1 = 0,q1 = 0;\n\n        for(i = n;3 <= i;i--){\n\n            if(prime[i] == 1 && prime[i-2] == 1){  //??????????´???°\n\n                q1 = i;\n\n                p1 = i-2;\n\n                break;\n\n            }\n\n        }\n\n        printf(""%d %d\n"",p1,q1);//for?????????????????????\n\n    }\n\n    return 0;\n\n}\n\n//????¨??????¨????????????????????????",0.0
0037,1.0,1034439.3125,972903.875,"#include <stdio.h>\n\n\n\nint main() {\n\n    int i, k, v,an1,an2,suu;\n\n    int MAX_V = 10000;\n\n    int prime[MAX_V+1];\n\n    for(i = 0; i <= MAX_V; i++) {\n\n        prime[i] = 1;\n\n    }\n\n    for(i = 2; i*i <= MAX_V; i++) {\n\n        if(prime[i]) {\n\n            for(k = 2 * i; k <= MAX_V; k += i) {\n\n                prime[k] = 0;   \n\n            } \n\n        }\n\n    }\n\n   while(1){\n\n        scanf(""%d"",&suu);\n\n        if(suu != 0){\n\n            for(k=2;k<=suu;k++){\n\n            	if(prime[k-2]==1 && prime[k]==1){\n\n        	    	an1=k-2;\n\n        	    	an2=k;\n\n            	}\n\n            }\n\n            printf(""%d %d\n"",an1,an2);\n\n        }\n\n        else{\n\n    	    break;\n\n        }\n\n    }\n\n    return 0; \n\n}",0.0
0038,1.0,1046390.5625,974524.0625,"#include <stdio.h>\n\nconst int MAX_V = 10000; // 1????????§????´???°??¨?????????\n\n\n\nint main() {\n\n	int i, k, n, p, q;\n\n	int prime[MAX_V+1]; // 1????´???°???0????´???°??§?????????\n\n	for(i = 2; i <= MAX_V; i++) {\n\n		prime[i] = 1; // 2??\???????´???°??¨??????\n\n	}\n\n	for(i = 2; i*i <= MAX_V; i++) {\n\n		if(prime[i]) {\n\n			for(k = 2 * i; k <= MAX_V; k += i) {\n\n				prime[k] = 0; // ?´???°???2?????\???????????°????´???°??§?????????\n\n			}\n\n		}\n\n	}\n\n	//?´???°??¨fin\n\n	//while(scanf(""%d"",&n) != 0){\n\n	while(1){\n\n		scanf(""%d"",&n);\n\n		if(n==0)break;\n\n		for(i=n;i>=3;i--){//???????????¨????´???°????????????\n\n			if(prime[i] == 1 && prime[i-2] == 1){\n\n				p = i;\n\n				q = p-2;\n\n				break;\n\n			}\n\n		}\n\n	// 	ans[a]=i; a++;\n\n	// 	ans[a]=i-2; a++;\n\n	// }\n\n	// for(i=0;i<=a;i=i+2){\n\n	// 	printf(""%d %d\n"",ans[i],ans[i+1]);\n\n	// }\n\n		printf(""%d %d\n"",q,p);\n\n	}\n\n	return 0;\n\n}",0.0
0040,1.0,2071342.125,2058241.8125,"#include<stdio.h>\n\n#include<map>\n\n#include<algorithm>\n\nusing namespace std;\n\ntypedef pair<int,int> P;\n\nP mt[200];\n\nint dp[1000][201];//hでn個のときのrの最小値\n\nint min(int a,int b){return a<b?a:b;}\n\nint max(int a,int b){return a>b?a:b;}\n\nint main(){\n\n	int n,m;\n\n	int i,j,k;\n\n	while(1){\n\n	scanf(""%d"",&n);\n\n	if(n==0)return 0;\n\n	for(i=0;i<n;i++){\n\n		int a,b;\n\n		scanf(""%d %d"",&a,&b);\n\n		mt[i]=P(a,b);\n\n	}\n\n	scanf(""%d"",&m);\n\n	for(i=0;i<m;i++){\n\n		int a,b;\n\n		scanf(""%d %d"",&a,&b);\n\n		mt[n+i]=P(a,b);\n\n	}\n\n	sort(mt,mt+m+n);\n\n	for(i=0;i<1000;i++)for(j=0;j<=m+n;j++)dp[i][j]=1000;\n\n	for(i=0;i<m+n;i++){\n\n		int h=mt[i].first;\n\n		int r=mt[i].second;\n\n		dp[h][1]=min(dp[h][1],r);\n\n		for(j=0;j<h;j++){\n\n			for(k=0;k<m+n;k++){\n\n				if(r>dp[j][k])dp[h][k+1]=min(dp[h][k+1],r);\n\n			}\n\n		}\n\n	}\n\n	int ans=0;\n\n	for(i=0;i<1000;i++)for(j=0;j<=m+n;j++){\n\n		if(dp[i][j]!=1000)ans=max(ans,j);\n\n	}\n\n	printf(""%d\n"",ans);\n\n	}\n\n}",0.0
0041,1.0,2628002.125,2415172.25,"#include <iostream>\n\n#include <vector>\n\n\n\nusing namespace std;\n\n\n\nint main() {\n\n	int n;\n\n	while ( cin >> n, n ) {\n\n		vector<int> h(n), r(n);\n\n		for (int i = 0; i < n; ++i) {\n\n			cin >> h[i] >> r[i];\n\n		}\n\n		int M; cin >> M;\n\n		h.resize(n+M);\n\n		r.resize(n+M);\n\n		for (int i = 0; i < M; ++i) {\n\n			cin >> h[n+i] >> r[n+i];\n\n		}\n\n		n += M;\n\n\n\n		int m[200][200] = {0};\n\n		for (int i = 0; i < n; ++i) {\n\n			for (int j = 0; j < n; ++j) {\n\n				if (h[i] < h[j] && r[i] < r[j]) {\n\n					m[i][j] = -1;\n\n				}\n\n			}\n\n		}\n\n		int ans = 0;\n\n		for (int k = 0; k < n; ++k) for (int i = 0; i < n; ++i) for (int j = 0; j < n; ++j) {\n\n			if (m[i][k] && m[k][j]) {\n\n				m[i][j] = min(m[i][j], m[i][k] + m[k][j]);\n\n			}\n\n			ans = min(ans, m[i][j]);\n\n		}\n\n		cout << (-ans + 1) << endl;\n\n	}\n\n}",0.0
0042,1.0,2413566.3125,980450.1875,"#include<iostream>\n\n#include<algorithm>\n\nusing namespace std;\n\n#define MAX 1000000\n\nint n;\n\n\n\npair<int, int> T[MAX];\n\n\n\nmain(){\n\n    int id, m, s;\n\n    while( cin >> n && n ){\n\n	for ( int i = 0; i < n; i++ ){\n\n	    cin >> id;\n\n	    int sum = 0;\n\n	    for ( int j = 0; j < 4; j++ ){\n\n		cin >> m >> s;\n\n		sum += m*60 + s;\n\n	    }\n\n	    T[i] = make_pair(sum, id);\n\n	}\n\n	sort( T, T + n );\n\n\n\n	cout << T[0].second << endl;\n\n	cout << T[1].second << endl;\n\n	cout << T[n-2].second << endl;\n\n    }\n\n}",0.0
0043,1.0,20421632.75,2378808.875,#include<iostream>\n\nusing namespace std;\n\n\n\nclass Answer\n\n{\n\npublic:\n\n	Answer(){day = 10; year = 365;}\n\n	\n\n	int N;	//??\???\n\n	int day;\n\n	int year;\n\n	unsigned long long count(int cnt);	//??¨??¢?´¢(???)\n\n	void set();	//??\???\n\n	void OutPut();	//???????????????\n\n	\n\n	bool empty();	//???????????¶?????????\n\n	bool ans();	//?§£???\n\n};\n\n\n\nunsigned long long Answer::count(int cnt)\n\n{\n\n	if( cnt < 0)\n\n		return 0;\n\n	\n\n	else if(cnt == 0)\n\n		return 1;\n\n	\n\n	return count(cnt - 1) + count(cnt - 2) + count(cnt - 3);\n\n}\n\n\n\nvoid Answer::OutPut()\n\n{\n\n	if( N == 0 )\n\n		return;\n\n	int ans_ = 1;	//??????????????´???\n\n	ans_ += (count( N )) / (day * year);	//??\???\n\n	\n\n	cout << ans_ << endl;;\n\n}\n\n\n\nvoid Answer::set()\n\n{\n\n	cin >> N;\n\n}\n\n\n\nbool Answer::empty()\n\n{\n\n	if( N == 0 )return false;\n\n	else return true;\n\n}\n\n\n\nbool Answer::ans()\n\n{\n\n	set();\n\n	OutPut();\n\n	return empty();\n\n}\n\n\n\nint main()\n\n{\n\n	Answer ans;\n\n\n\n	while( ans.ans() );\n\n	return 0;\n\n},0.0
0044,1.0,31310874.375,2346034.1875,"#include <iostream>\n\n#include <string>\n\n#include <algorithm>\n\n#include <stack>\n\n#include <queue>\n\nusing namespace std;\n\n\n\nint func(int kaidan,int now){\n\n	int a=0,b=0,c=0;\n\n	\n\n	if(now==kaidan){\n\n		return 1;\n\n	}else if(now>kaidan){\n\n		return 0;\n\n		}else{\n\n		a+=func(kaidan,now+1);\n\n		b+=func(kaidan,now+2);	\n\n		c+=func(kaidan,now+3);\n\n		}\n\n	\n\n	return a+b+c;\n\n	\n\n}\n\n\n\nint main(){\n\n	int n,ans;\n\n\n\n	while(cin>>n){\n\n		if(n==0)break;\n\n		ans=func(n,0);\n\n		cout<<ans/10/365+1<<endl;\n\n		\n\n		\n\n		\n\n	}\n\n	\n\n	\n\n	return 0;\n\n}",0.0
0045,1.0,32698540.0625,938650.4375,"#include <iostream>\n\nusing namespace std;\n\nint n;\n\nint saiki(int ima)\n\n{\n\n	if(ima == n)\n\n		return 1;\n\n	if(ima > n)\n\n		return 0;\n\n\n\n	int res = 0;\n\n	res += saiki(ima + 1) + saiki(ima + 2) + saiki(ima + 3);\n\n	return res;\n\n}\n\n\n\nint main() {\n\n	while (true){\n\n		cin >> n;\n\n		if (n == 0)\n\n			break;\n\n		\n\n		int ans,a;\n\n		ans = saiki(0);\n\n		a = ans;\n\n		ans /= 3650;\n\n		a %= 3650;\n\n		if( a == 0 )\n\n		{\n\n			cout << ans << endl;\n\n		}\n\n		else if( a != 0 )\n\n		{\n\n			ans++;\n\n			cout << ans << endl;\n\n			\n\n		}\n\n	}\n\n}",0.0
0046,1.0,23619163.4375,2361718.875,"#include <iostream>\n\n#include <iomanip>\n\n#include <sstream>\n\n#include <cstdio>\n\n#include <cstdlib>\n\n#include <cmath>\n\n#include <climits>\n\n#include <string>\n\n#include <vector>\n\n#include <stack>\n\n#include <queue>\n\n#include <set>\n\n#include <map>\n\n#include <algorithm>\n\n#include <functional>\n\n\n\nusing namespace std;\n\n\n\ntypedef vector<int> VI;\n\ntypedef vector<VI> VVI;\n\ntypedef vector<string> VS;\n\ntypedef pair<int,int> PII;\n\ntypedef long long ll;\n\ntypedef unsigned long long ull;\n\n\n\n#define REP( i, m, n ) for ( int i = (int)( m ); i < (int)( n ); i++ )\n\n#define UREP( i, m, n ) for ( unsigned int i = (unsigned int)( m ); i < (unsigned int)( n ); i++ )\n\n\n\n#define ITER( c ) __typeof( (c).begin() )\n\n#define IREP( c, it ) for ( ITER(c) it = c.begin(); it != c.end(); ++it )\n\n#define ALL( c ) (c).begin(), (c).end()\n\n#define RALL( c ) (c).rbegin(), (c).rend()\n\n\n\n#define PB( n ) push_back( n )\n\n#define MP( a, b ) make_pair( ( a ), ( b ) )\n\n#define EXIST( c, e ) ( (c).find( e ) != (c).end() )\n\n\n\n#define fst first\n\n#define snd second\n\n\n\n#define DUMP( x ) cerr << #x << "" = "" << ( x ) << endl\n\n#define DEBUG( x ) cerr << __FILE__ << "":"" << __LINE__ << "": "" << #x << "" = "" << ( x ) << endl\n\n\n\nVI memo;\n\n\n\nint solve( int n )\n\n{\n\n	if ( n == 0 )\n\n	{\n\n		return 1;\n\n	}\n\n	else if ( n < 0 )\n\n	{\n\n		return 0;\n\n	}\n\n\n\n	if ( memo[n] != -1 )\n\n	{\n\n		return memo[n];\n\n	}\n\n\n\n	return solve( n - 1 ) + solve( n - 2 ) + solve( n - 3 );\n\n}\n\n\n\nint main()\n\n{\n\n	while ( true )\n\n	{\n\n		int n;\n\n		cin >> n;\n\n\n\n		if ( n == 0 )\n\n		{\n\n			break;\n\n		}\n\n\n\n		memo.resize( n + 1 );\n\n		fill( ALL( memo ), -1 );\n\n\n\n		cout << solve( n ) / 3650 + 1 << endl;\n\n	}\n\n\n\n	return 0;\n\n}",0.0
0047,1.0,2471685.5625,2301858.25,"#include <cstdio>\n\n#include <cfloat>\n\nusing namespace std;\n\n\n\nchar f[10][21];\n\nint n, w[10], s[10], a[10], b[10];\n\nbool u[10];\n\ndouble maxg;\n\n\n\nvoid dfs(int x, int tw, int m, double g) {\n\n  if (m == n) {\n\n    if (maxg < g) {\n\n      maxg = g;\n\n      for (int i=0; i<n; i++) {\n\n        b[i] = a[i];\n\n      }\n\n    }\n\n    return;\n\n  }\n\n  if (x>=n) {\n\n    return;\n\n  }\n\n  if (!u[x] && tw <= s[x]) {\n\n    u[x] = true;\n\n    tw += w[x];\n\n    a[m] = x;\n\n    dfs(0, tw, m+1, g + w[x]*(m+1));\n\n    tw -= w[x];\n\n    u[x] = false;\n\n  }\n\n  dfs(x+1, tw, m, g);\n\n}\n\n\n\nint main() {\n\n  while (1) {\n\n    scanf(""%d"", &n);\n\n    if (!n) break;\n\n    for (int i=0; i<n; i++) {\n\n      scanf(""%s %d %d"", f[i], &w[i], &s[i]);\n\n    }\n\n    for (int i=0; i<n; i++) {\n\n      u[i] = false;\n\n    }\n\n    maxg = -DBL_MAX;\n\n    dfs(0, 0, 0, 0.);\n\n    for (int i=n-1; i>=0; i--) {\n\n      printf(""%s\n"", f[b[i]]);\n\n    }\n\n  }\n\n  return 0;\n\n}",0.0
0048,1.0,3918383.75,3518286.1875,"#include <iostream>\n\n#include <sstream>\n\n#include <iomanip>\n\n#include <algorithm>\n\n#include <cmath>\n\n#include <string>\n\n#include <vector>\n\n#include <list>\n\n#include <queue>\n\n#include <stack>\n\n#include <set>\n\n#include <map>\n\n#include <bitset>\n\n#include <numeric>\n\n#include <climits>\n\n#include <cfloat>\n\nusing namespace std;\n\n\n\nint n;\n\nvector<int> w, s;\n\nvector<bool> used;\n\nvector<int> bestIndex;\n\nint bestG;\n\n\n\nvoid solve(int k, vector<int>& index, int g, int sumW)\n\n{\n\n    if(k == n){\n\n        if(g < bestG){\n\n            bestG = g;\n\n            bestIndex = index;\n\n        }\n\n        return;\n\n    }\n\n\n\n    for(int i=0; i<n; ++i){\n\n        if(used[i])\n\n            continue;\n\n        used[i] = true;\n\n        if(s[i] >= sumW){\n\n            index[k] = i;\n\n            solve(k+1, index, g+(n-k)*w[i], sumW+w[i]);\n\n        }\n\n        used[i] = false;\n\n    }\n\n}\n\n\n\nint main()\n\n{\n\n    for(;;){\n\n        cin >> n;\n\n        if(n == 0)\n\n            return 0;\n\n\n\n        vector<string> name(n);\n\n        w.resize(n);\n\n        s.resize(n);\n\n        for(int i=0; i<n; ++i)\n\n            cin >> name[i] >> w[i] >> s[i];\n\n\n\n        bestG = INT_MAX;\n\n        used.assign(n, false);\n\n        vector<int> index(n);\n\n        solve(0, index, 0, 0);\n\n        for(int i=n-1; i>=0; --i)\n\n            cout << name[bestIndex[i]] << endl;\n\n    }\n\n}",0.0
0049,1.0,14137183.375,12376613.875,"#include<iostream>\n\n#include<cstdio>\n\n#include<cstring>\n\n#include<cstdlib>\n\n#include<cmath>\n\n#include<cctype>\n\n#include<queue>\n\n#include<vector>\n\n#include<algorithm>\n\n\n\nusing namespace std;\n\ntypedef long long LL;\n\n#define N 2010\n\n#define INF 0x3f3f3f\n\n\n\nint n;\n\nint maps[N][N];\n\nint dist[N], vis[N];\n\n\n\nvoid Init(int m)\n\n{\n\n    for(int i=0; i<=m; i++)\n\n        for(int j=0; j<=m; j++)\n\n        maps[i][j]=i==j ? 0 : INF;\n\n}\n\n\n\nvoid dij(int s, int m)\n\n{\n\n    for(int i=0; i<=m; i++)\n\n        dist[i]=maps[s][i];\n\n    memset(vis, 0, sizeof(vis));\n\n    vis[s]=1;\n\n\n\n    for(int i=0; i<=m; i++)\n\n    {\n\n        int Min=INF, index=-1;\n\n        for(int j=0; j<=m; j++)\n\n        {\n\n            if(!vis[j]&&dist[j]<Min)\n\n            {\n\n                Min=dist[j];\n\n                index=j;\n\n            }\n\n        }\n\n        if(index==-1) continue;\n\n        vis[index]=1;\n\n        for(int j=0; j<=m; j++)\n\n        {\n\n            if(!vis[j]&&dist[j]>Min+maps[index][j])\n\n                dist[j]=Min+maps[index][j];\n\n        }\n\n    }\n\n}\n\n\n\nint main()\n\n{\n\n    int a, b, c, Max, index, sum;\n\n    while(scanf(""%d"", &n), n)\n\n    {\n\n        Init(1100);\n\n        Max=-1;\n\n        for(int i=1; i<=n; i++)\n\n        {\n\n            scanf(""%d%d%d"", &a, &b, &c);\n\n            maps[a][b]=maps[b][a]=min(maps[a][b], c);\n\n            Max=max(Max, a);\n\n            Max=max(Max, b);\n\n        }\n\n        int s;\n\n        sum=INF;\n\n        for(int i=0; i<=Max; i++)\n\n        {\n\n            dij(i, Max);\n\n            s=0;\n\n            for(int j=0; j<=Max; j++)\n\n                s+=dist[j];\n\n            if(s<sum)\n\n            {\n\n                index=i;\n\n                sum=s;\n\n            }\n\n        }\n\n        printf(""%d %d\n"", index, sum);\n\n    }\n\n    return 0;\n\n}",0.0
0050,1.0,2751595.125,2445229.0,"#include ""bits/stdc++.h""\n\nusing namespace std;\n\ntypedef long long ll;\n\ntypedef pair<int,int> pii;\n\n#define rep(i,n) for(ll i=0;i<(ll)(n);i++)\n\n#define all(a)  (a).begin(),(a).end()\n\n#define pb push_back\n\n#define INF 999999999\n\n\n\nint main(){\n\n    double g[110][110];\n\n    rep(i,110)rep(j,110)g[i][j]=-1;\n\n    int n,m;\n\n    while(cin>>n>>m){\n\n        if(n==0&&m==0)break;\n\n        rep(i,n){\n\n            rep(j,n){\n\n                cin>>g[i][j];\n\n            }\n\n        }\n\n    \n\n    \n\n        double dp[110][110];\n\n        rep(i,110)rep(j,110)dp[i][j] = -1;\n\n        rep(i,n)dp[1][i]=1.0;\n\n    \n\n        for(int i=2;i<=m;i++){\n\n            for(int j=0;j<n;j++){\n\n                for(int k=0;k<n;k++){\n\n                    dp[i][j] = max(dp[i][j],dp[i-1][k]*g[k][j]);\n\n                }\n\n            }\n\n        }\n\n        double ans = -1;\n\n        rep(i,n){\n\n            ans = max(ans,dp[m][i]);\n\n        }\n\n        printf(""%.2lf\n"",ans);\n\n    }\n\n}",0.0
0051,1.0,3128551.625,2805506.875,"#include <iostream>\n\n#include <queue>\n\nusing namespace std;\n\n#define rep(i,n) for(int i=0;i<n;i++)\n\ntypedef pair<pair<int,int>,int> NODE;\n\n#define X first.second\n\n#define Y first.first\n\n#define depth second\n\n\n\n/*ï*/\n\nint ox[] = {-1, 1, 0, 0, 1,1};\n\nint oy[] = { 0, 0,-1, 1,-1,1};\n\n\n\n/*ô*/\n\nint ex[] = {-1, 1, 0, 0,-1,-1};\n\nint ey[] = { 0, 0,-1, 1,-1, 1};\n\n\n\nint main(){\n\n	int point[100][100];\n\n	int h,w,a,b,t,x,y,s;\n\n	while(cin >> w  && w){\n\n		int ret = 0;\n\n		cin >> h;\n\n		rep(i,100)rep(j,100)point[i][j] = 0;\n\n		cin >> t;\n\n		rep(i,t){\n\n			cin >> a >> b;\n\n			a--;b--;\n\n			point[b][a] = i+1;\n\n		}\n\n		cin >> s;\n\n		rep(P,s){\n\n			cin >> a >> b;\n\n			a--;b--;\n\n			point[b][a] = 50;\n\n			\n\n		//rep(i,h){rep(j,w)cout << point[i][j];cout << endl;}\n\n		int pt[100] = {0};\n\n		rep(i,h)rep(j,w){\n\n			x = j,y = i;\n\n			queue<NODE> Q;\n\n			pair<int,int> dp[100];\n\n			bool done[100][100]={0};\n\n			Q.push( make_pair(make_pair(y,x),0	) );\n\n			while( Q.size() ){\n\n				NODE q = Q.front(); Q.pop();\n\n				if(point[q.Y][q.X]){\n\n					dp[q.depth].first++;\n\n					dp[q.depth].second = point[q.Y][q.X];\n\n			  }\n\n				if( q.Y % 2 == 1){\n\n					rep(L,6){\n\n						if( q.X+ox[L] >=0 && q.X+ox[L] < w && q.Y+oy[L] < h && q.Y+oy[L]>=0 ){\n\n								if( !done[q.Y+oy[L]][q.X+ox[L]] )Q.push( make_pair(make_pair(q.Y+oy[L],q.X+ox[L]),q.depth+1) );\n\n							  	done[q.Y+oy[L]][q.X+ox[L]] = true;\n\n						}\n\n					}\n\n				}else{\n\n					rep(L,6){\n\n						if( q.X+ex[L] >=0 && q.X+ex[L] < w && q.Y+ey[L] < h && q.Y+ey[L]>=0 ){\n\n									if( !done[q.Y+ey[L]][q.X+ex[L]] )Q.push( make_pair(make_pair(q.Y+ey[L],q.X+ex[L]),q.depth+1) );\n\n							  	done[q.Y+ey[L]][q.X+ex[L]] = true;\n\n						}\n\n					}\n\n				}\n\n			}\n\n			rep(I,100){\n\n				if(dp[I].first){\n\n					if(dp[I].first==1)\n\n						pt[dp[I].second-1]++;\n\n					break;\n\n				}\n\n			}\n\n		}\n\n			ret = max(pt[49],ret);\n\n			point[b][a] = 0;\n\n		}\n\n		cout << ret << endl;\n\n	}\n\n	\n\n}",0.0
0055,1.0,2435878.9375,995382.5,"#include<algorithm>\n\n#include<iostream>\n\n\n\nconst int INF = 1 << 29;\n\n\n\nint n, m;\n\nint d[2][3000][3000];\n\n\n\nint main()\n\n{\n\n	while( std::cin >> n >> m, n | m )\n\n	{\n\n		for( int i = 0; i != n; ++i )\n\n			for( int j = 0; j != n; ++j )\n\n				for( int k = 0; k != 2; ++k )\n\n					d[k][i][j] = i == j ? 0 : INF;\n\n\n\n		for( int i = 0; i != n; ++i )\n\n		{\n\n			int a, b, c, t;\n\n			std::cin >> a >> b >> c >> t;\n\n			d[0][a-1][b-1] = d[0][b-1][a-1] = c;\n\n			d[1][a-1][b-1] = d[1][b-1][a-1] = t;\n\n		}\n\n\n\n		for( int k = 0; k != m; ++k )\n\n			for( int i = 0; i != m; ++i )\n\n				for( int j = 0; j != m; ++j )\n\n					for( int l = 0; l != 2; ++l )\n\n						d[l][i][j] = std::min( d[l][i][j], d[l][i][k] + d[l][k][j] );\n\n\n\n		int k;\n\n		std::cin >> k;\n\n		while( k-- )\n\n		{\n\n			int p, q, r;\n\n			std::cin >> p >> q >> r;\n\n\n\n			std::cout << d[r][p-1][q-1] << std::endl;\n\n		}\n\n	}\n\n\n\n	return 0;	\n\n}",0.0
0056,1.0,2502652.5625,1022157.875,"#include<iostream>\n\n#include<algorithm>\n\nusing namespace std;\n\n\n\nint main(){\n\n  int n,m,a,b,cost,time,k,p,q,r;\n\n  int t[100][100],c[100][100];\n\n\n\n  for(;;){\n\n    cin >> n >> m;\n\n    if(!n && !m)break;\n\n\n\n    for(int i=0;i<m;i++){\n\n      for(int j=0;j<m;j++){\n\n	if(i==j){\n\n	  t[i][j] = 0;\n\n	  c[i][j] = 0;\n\n	}else{\n\n	  t[i][j] = 1000000;\n\n	  c[i][j] = 1000000;\n\n	}\n\n      }\n\n    }\n\n\n\n    for(int i=0;i<n;i++){\n\n      cin >> a >> b >> cost >> time;\n\n      t[a-1][b-1] = time;\n\n      t[b-1][a-1] = time;\n\n      c[a-1][b-1] = cost;\n\n      c[b-1][a-1] = cost;\n\n    }\n\n\n\n    for(int x=0;x<m;x++){\n\n      for(int i=0;i<m;i++){\n\n	for(int j=0;j<m;j++){\n\n	  t[i][j] = min(t[i][j],t[i][x] + t[x][j]);\n\n	  c[i][j] = min(c[i][j],c[i][x] + c[x][j]);\n\n	}\n\n      }\n\n    }\n\n\n\n    cin >> k;\n\n    for(int i=0;i<k;i++){\n\n      cin >> p >> q >> r;\n\n      if(r)cout << t[p-1][q-1] << endl;\n\n      else cout << c[p-1][q-1] << endl;\n\n    }\n\n  }\n\n}",0.0
0058,1.0,2474461.125,947558.5625,"#include<vector>\n\n#include<list>\n\n#include<algorithm>\n\n#include<iostream>\n\n#include<string>\n\n#include<cstdio>\n\n#include<cstdlib>\n\n#include<cstring>\n\n#include<cmath>\n\nusing namespace std;\n\nint main(){\n\n  int i;\n\n  int a[]={0,1,2,3,5,7,8,9},n;\n\n  while(cin>>n&&n){\n\n    for(i=0;pow(8,i)<=n;i++);\n\n    for(i--;i>=0;i--){\n\n      cout<<a[n/(int)pow(8,i)];\n\n      n%=(int)pow(8,i);\n\n    }\n\n    cout<<endl;\n\n  }\n\n  return 0;\n\n}",0.0
0059,1.0,2395631.125,941152.375,"#include <iostream>\n\n#include <vector>\n\n#include <algorithm>\n\n\n\nvoid ToOctalNumber(int n){\n\n	if(!n)return;\n\n	ToOctalNumber(n >> 3);\n\n	std::cout << ((n&7)<4?n&7:(n&7)==4?5:(n&7)+2);\n\n}\n\n\n\nint main(){\n\n	int n;\n\n	while(std::cin >> n, n){\n\n		ToOctalNumber(n);\n\n		std::cout << ""\n"";\n\n	}\n\n}",0.0
0060,1.0,2393849.0,2362571.3125,"#include <iostream>\n\nusing namespace std;\n\n\n\nconst int t[8] = { 0, 1, 2, 3, 5, 7, 8, 9 };\n\n\n\n/*void solve(int n){\n\n    if(n >= 8)\n\n        solve(n / 8);\n\n    cout << table[n % 8] ;\n\n}*/\n\n\n\nlong long int solve(int n){\n\n	long long int s=0;\n\n	for(int i=1 ; n >0; i *= 10 , n /= 8)\n\n		s += (long long int)t[n%8]*i;\n\n	return s;\n\n}\n\nint main(){\n\n    int n;\n\n    \n\n    while( cin >> n , n ){\n\n		cout << solve(n) << endl;\n\n    }\n\n    \n\n}",0.0
0061,1.0,2434491.5625,963404.0,"#include <cstdio>\n\n#include <cstring>\n\n#include <algorithm>\n\n#include <string>\n\n#include <cmath>\n\n#include <stack>\n\n#include <vector>\n\n#include <map>\n\n#include <set>\n\n#include <queue>\n\n#include <list>\n\n#include <iostream>\n\n#include <sstream>\n\n#include <climits>\n\n#include <cfloat>\n\n#include <complex>\n\n\n\nusing namespace std;\n\n\n\ntypedef long long ll;\n\n\n\nll count_rooms_lesseq_than(ll newRoomNo)\n\n{\n\n	int t[10], d;\n\n	for (d = 0; newRoomNo; ++d, newRoomNo /= 10)\n\n		t[d] = newRoomNo % 10;\n\n	for (int i = d-1; i > 0; --i)\n\n	{\n\n		if (t[i] == 4 || t[i] == 6)\n\n		{\n\n			--t[i];\n\n			for (int j = 0; j < i; ++j)\n\n				t[j] = 9;\n\n			break;\n\n		}\n\n	}\n\n\n\n	ll res = 0;\n\n	for (int i = 0; i < d; ++i)\n\n	{\n\n		ll a = 1;\n\n		for (int j = 0; j < i; ++j)\n\n			a *= 8;\n\n		res += (t[i] - (t[i] >= 6 ? 2 : t[i] >= 4 ? 1 : 0)) * a;\n\n	}\n\n	return res;\n\n}\n\nint main()\n\n{\n\n	int n;\n\n	while (scanf(""%d"", &n), n)\n\n	{\n\n		ll l, u;\n\n		l = 1;\n\n		u = n * 10LL;\n\n		while (l < u)\n\n		{\n\n			ll m = (l + u) / 2;\n\n			ll t = count_rooms_lesseq_than(m);\n\n			if (t < n)\n\n				l = m + 1;\n\n			else\n\n				u = m;\n\n		}\n\n		printf(""%lld\n"", l);\n\n	}\n\n\n\n	return 0;\n\n}",0.0
0062,1.0,2406791.0625,936429.8125,"#include<iostream>\n\nusing namespace std;\n\n\n\ntypedef long long ll;\n\n\n\nll gcd(ll a,ll b){\n\n  return (!b)?a:gcd(b,a%b);\n\n}\n\n\n\nint main(){\n\n  int n;\n\n  ll d[10],v[10],t[10];\n\n\n\n  for(;;){\n\n    cin >> n;\n\n    if(!n)break;\n\n\n\n    for(int i=0;i<n;i++)cin >> d[i] >> v[i];\n\n    t[0] = 1;\n\n    for(int i=1;i<n;i++){\n\n      t[i] = t[i-1]*d[i-1]*v[i];\n\n      for(int j=0;j<i;j++)t[j] *= d[i]*v[i-1];\n\n      ll T = t[0];\n\n      for(int j=1;j<=i;j++)T = gcd(T,t[j]);\n\n      for(int j=0;j<=i;j++)t[j]/=T;\n\n    }\n\n\n\n    for(int i=0;i<n;i++)cout << t[i] << endl;\n\n  }\n\n}",0.0
0063,1.0,2429945.6875,940835.625,"#include <iostream>\n\n#include <algorithm>\n\nusing namespace std;\n\n\n\nlong long d[10],v[10];\n\n\n\nvoid compute(int n){\n\n    for(int i = 2 ; i <= min(d[n],v[n]) ; i++){\n\n        if(d[n]%i==0||v[n]%i==0){\n\n            while(d[n]%i==0&&v[n]%i==0){\n\n                d[n] /= i;\n\n                v[n] /= i;\n\n            }\n\n        }\n\n    }\n\n}\n\n\n\nint main(){\n\n    int n;\n\n    \n\n    while(cin >>n,n){\n\n        long long a,b;\n\n        for(int i = 0 ; i < n ; i++){\n\n            cin >> d[i] >> v[i];\n\n            compute(i);\n\n        }\n\n        \n\n        a = (d[0]*d[1])/__gcd(d[0],d[1]);\n\n        b = __gcd(v[0],v[1]);\n\n        \n\n        for(int i = 2 ; i < n ; i++){\n\n            a = (a*d[i])/__gcd(a,d[i]);\n\n            b = __gcd(b,v[i]);\n\n        }\n\n\n\n        for(int i = 0 ; i < n ; i++){\n\n            cout << a*v[i]/(b*d[i]) << endl;\n\n        }\n\n    }\n\n    \n\n    return 0;\n\n}",0.0
0065,1.0,3157081.125,2432575.75,"#include <iostream>\n\n#include <algorithm>\n\n#include <vector>\n\nusing namespace std;\n\n#define rep(i,n) for(int i = 0 ; i < n ; i++)\n\nstruct P{int x,y;P(){}P(int a,int b){x = a , y = b;}};\n\nint operator -(P a, P b){\n\n	return abs(a.x - b.x) + abs(a.y - b.y);\n\n}\n\nint dp[1<<5][5][1000];\n\n#define INF (1<<21)\n\nint main(){	\n\n	int W,H;\n\n	while(cin >> W >> H , W){\n\n		P s , g ;\n\n		vector<P> v[6];\n\n		rep(i,H)rep(j,W){\n\n			char c; cin >> c;\n\n			if(c == 'S') s = P(j,i);\n\n			else if(c == 'G') g = P(j,i);\n\n			else if(c != '.') v[c-'1'].push_back(P(j,i));\n\n		}\n\n		rep(i,1<<5)rep(k,5)rep(j,1000)dp[i][k][j] = INF;\n\n		rep(i,5)rep(j,v[(i+1)%5].size()){\n\n			dp[(1<<i) | (1<<((i+1)%5))][(i+1)%5][j] = s - v[(i+1)%5][j];\n\n		}\n\n		rep(bit,(1<<5)-1)rep(x,5){\n\n			int y = (x+1)%5;\n\n			rep(i,v[x].size()){\n\n				if( dp[bit][x][i] == INF ) break; // <- ツ催適ツ可サ\n\n				rep(j,v[y].size()){\n\n					dp[bit|(1<<y)][y][j] = min( dp[bit|(1<<y)][y][j] , dp[bit][x][i] + (v[x][i]-v[y][j]) );\n\n				}\n\n			}\n\n		}\n\n		int ans = INF , cho = -1;\n\n		rep(i,5) rep( j , v[i].size() ){\n\n			int cst = dp[(1<<5)-1][i][j] + (g - v[i][j]);\n\n			int w = (i+1)%5;\n\n			if(ans >= cst){\n\n				if(ans == cst){\n\n					cho = min(cho, w );\n\n				}else{\n\n					cho = w;\n\n					ans = cst;\n\n				}\n\n			}\n\n		}\n\n		if(ans == INF) cout << ""NA"" << endl;\n\n		else cout << cho+1 << "" "" << ans << endl;\n\n		\n\n		\n\n	}\n\n	\n\n}",0.0
0067,1.0,2399692.5,945278.375,"#include <iostream>\n\nusing namespace std;\n\n\n\n#define MAX 10000\n\n\n\nint main(void){\n\n  int n,data[MAX+1],des[2],num,max,mnum;\n\n\n\n  for(;;){\n\n\n\n    max = mnum = 0;\n\n\n\n    for( int i = 0 ; i <= MAX ; i++ )\n\n	data[i] = 0;\n\n\n\n    cin >> n;\n\n    if( n == 0 ) break;\n\n    for( int i = 0 ; i < n ; i++ ){\n\n      cin >> num >> des[1] >> des[0];\n\n      data[num] = des[0] + des[1];\n\n\n\n      if( data[num] > max ){\n\n	max = data[num];\n\n	mnum = num;\n\n      }\n\n\n\n    }\n\n\n\n    cout << mnum << "" "" << max << endl;\n\n\n\n  }\n\n\n\n  return 0;\n\n}",0.0
0068,1.0,2404740.6875,939333.3125,"#include <iostream>\n\n\n\nint main(){\n\n	int n;\n\n	while(std::cin >> n, n){\n\n		int max_p, max_d = 0;\n\n		for(;n;n--){\n\n			int p, d1, d2;\n\n			std::cin >> p >> d1 >> d2;\n\n			if(d1 + d2 > max_d)\n\n				max_p = p, max_d = d1 + d2;\n\n		}\n\n		std::cout << max_p << "" "" << max_d << std::endl;\n\n	}\n\n}",0.0
0069,1.0,2387923.375,937499.75,"#include<iostream>\n\nusing namespace std;\n\nint main()\n\n{\n\n	int s[10] = {0}, i, a, n,j;\n\n	while (1) {\n\n		cin >> n;\n\n		if (n == 0)\n\n			break;\n\n		for (i = 0; i < n; i++) {\n\n			cin >> a;\n\n			s[a]++;\n\n		}\n\n		for (i = 0; i < 10; i++) {\n\n			if (s[i] == 0)\n\n				cout << ""-"";\n\n			else {\n\n				for (j = 0; j < s[i]; j++) {\n\n					cout << ""*"";\n\n				}\n\n			}\n\n			cout << endl;\n\n			s[i] = 0;\n\n		}\n\n	}\n\n	return 0;\n\n}",0.0
0070,1.0,2404216.3125,941762.5625,"#include <iostream>\n\nusing namespace std;\n\n\n\nint main(){\n\n	int n;\n\n	while( cin >> n , n ){\n\n		int ice[10] = {};\n\n		for(int i=0 ; i<n ; ++i ){\n\n			int a;\n\n			cin >> a;\n\n			ice[a]++;\n\n		}\n\n		for(int i=0 ; i<10 ; ++i ){\n\n			for(int j=0 ; j<ice[i] ; ++j ){\n\n				cout << ""*"";\n\n			}\n\n			if(!ice[i]) cout << ""-"";\n\n			cout << endl;\n\n		}\n\n	}\n\n}",0.0
0071,1.0,2855066.0,2499356.875,"#include ""stdc++.h""\n\n\n\nusing namespace std;\n\n\n\n#define MAX 1000\n\n#define INF (1e9)\n\n\n\nstruct Edge{\n\n    int to,cost,c;\n\n    Edge(int to,int cost,int c) :\n\n        to(to),cost(cost),c(c) {}\n\n};\n\n\n\nint main(){\n\n    int M,D,N,K;\n\n    int d[MAX][1<<6];    \n\n    while(cin >> M >> N >> K >> D, M){\n\n        vector<Edge> G[MAX];\n\n        vector<int> cake(M);\n\n        for(int i = 0 ; i < M ; i++){\n\n            cin >> cake[i];\n\n        }\n\n        int idx = 0,c;\n\n        string a,b;\n\n        map<string,int> mp;\n\n        for(int i = 0 ; i < D ; i++){\n\n            cin >> a >> b >> c;\n\n            if(!mp.count(a)) mp[a] = idx++;\n\n            if(!mp.count(b)) mp[b] = idx++;\n\n            if(a[0] == 'C'){\n\n                G[mp[b]].push_back(Edge(mp[a],c,a[1]-'1'));             \n\n            }else{\n\n                G[mp[b]].push_back(Edge(mp[a],c,-1));           \n\n            }\n\n            if(b[0] == 'C'){\n\n                G[mp[a]].push_back(Edge(mp[b],c,b[1]-'1'));\n\n            }else{\n\n                G[mp[a]].push_back(Edge(mp[b],c,-1));           \n\n            }\n\n\n\n        }\n\n        int s = mp[""H""],t = mp[""D""];\n\n        for(int i = 0 ; i < MAX ; i++){\n\n            for(int j = 0 ; j < (1<<6) ; j++){\n\n                d[i][j] = INF;\n\n            }\n\n        }\n\n        d[s][0] = 0;\n\n        bool update = 1;\n\n        while(update){\n\n            update = 0;\n\n            for(int i = 0 ; i < (int)mp.size() ; i++){\n\n                for(int j = 0 ; j < (int)G[i].size() ; j++){\n\n                    Edge e = G[i][j];\n\n                    for(int S = (1<<6)-1 ; S >= 0 ; S--){\n\n                        int ncost = d[i][S];\n\n                        if(ncost == INF) continue;\n\n                        ncost += e.cost*K;\n\n                        if(e.c == -1){\n\n                            if(ncost < d[e.to][S]){\n\n                                d[e.to][S] = ncost;\n\n                                update = 1;\n\n                            }\n\n                        }else{\n\n                            if(S >> e.c & 1) continue;\n\n                            if(ncost-cake[e.c] < d[e.to][S|(1<<e.c)]){\n\n                                d[e.to][S|(1<<e.c)] = ncost-cake[e.c];\n\n                                update = 1;\n\n                            }\n\n                        }\n\n                    }\n\n                }\n\n            }\n\n        }\n\n        int res = INF;\n\n        for(int i = 0 ; i < (1<<6) ; i++){\n\n            res = min(res, d[t][i]);\n\n        }\n\n        cout << res << endl;\n\n    }\n\n    return 0;\n\n}",0.0
0072,1.0,2407609.1875,2377277.75,"#include<iostream>\n\nusing namespace std;\n\n\n\nbool visit[26],g[26][26];\n\n\n\nbool dfs(int v){\n\n  visit[v] = true;\n\n  bool f = false;\n\n  for(int i=0;i<26;i++)\n\n    if(g[v][i]){\n\n      f = true;\n\n      if(!visit[i])dfs(i);\n\n    }\n\n  return f;\n\n}\n\n \n\nint graph_num(void){\n\n  int res = 0;\n\n  for(int i=0;i<26;i++)\n\n    if(!visit[i] && dfs(i))res++;\n\n  return res;\n\n}\n\n  \n\nint main(){\n\n  int i,n,pre[26],suf[26],h,t;\n\n  string s;\n\n\n\n  while(cin>>n && n){\n\n    for(i=0;i<26;i++){\n\n      visit[i] = false;\n\n      pre[i] = suf[i] = 0;\n\n      for(int j=0;j<26;j++)g[i][j] = false;\n\n    }\n\n    \n\n    for(i=0;i<n;i++){\n\n      cin >> s;\n\n      h = s[0]-'a', t = s[(int)s.size()-1]-'a';\n\n      \n\n      pre[h]++;\n\n      suf[t]++;\n\n      g[h][t] = g[t][h] = true;\n\n    }\n\n  \n\n    if(graph_num() != 1)printf(""NG\n"");\n\n    else{\n\n      for(i=0;i<26;i++)if(pre[i] != suf[i])break;\n\n      \n\n      if(i==26)printf(""OK\n"");\n\n      else printf(""NG\n"");\n\n    }\n\n  }\n\n}",0.0
0073,1.0,2435674.0625,934377.375,"\n\n#include<iostream>\n\nint main(){\n\n  int f[2],i,j;\n\n  std::string r,a;\n\n  while(std::cin>>r>>a,r!=""0""&&a!=""0""){\n\n    for(f[0]=f[1]=i=0;i<4;i++)for(j=4;j-->0;)if(a[i]==r[j])f[i!=j]++;\n\n    std::cout<<f[0]<<"" ""<<f[1]<<""\n"";\n\n  }\n\n}",0.0
0074,1.0,8279351.375,3808798.6875,"#include<iostream>\n\n#include<algorithm>\n\n#define FOR(i,e) for(int i=0;i<(int)(e);i++)\n\nusing namespace std;\n\n\n\nint main(){\n\n  double pb[100][5001];\n\n  int x,y,z;\n\n  int v[4],e[51],a[51];\n\n\n\n  while(cin >> x >> y >> z && (x||y||z)){\n\n\n\n    FOR(i,x)cin >> v[i];\n\n    FOR(i,y+1)e[i] = a[i] = 0;\n\n    FOR(i,z){\n\n      int n,m,l;\n\n      cin >> n >> m >> l;\n\n      e[n] = m; a[n] = l;\n\n    }\n\n\n\n    FOR(i,y+1)FOR(j,5001)pb[i][j] = 0.0;\n\n    pb[0][0] = 1.0;\n\n\n\n    FOR(i,y)FOR(j,5001){\n\n      FOR(k,x){\n\n	if(pb[i][j] == 0.0)continue;\n\n	int next = min(y,i+v[k]),value = j;\n\n	if(e[next] == 1)next = min(y,next+a[next]);\n\n	else if(e[next] == 2)value = j + a[next];\n\n	else if(e[next] == 3)value = max(0,j-a[next]);\n\n	pb[next][value] += pb[i][j]/x;\n\n      }\n\n    }\n\n\n\n    double ans = 0.0;\n\n    FOR(i,5001)ans += pb[y][i] * i;\n\n    cout << (int)(ans) << endl;\n\n  }\n\n}",0.0
0075,1.0,6147981.75,1274349.3125,"#include<iostream>\n\n#include<string>\n\n#include<algorithm>\n\n#include<cctype>\n\n#include<vector>\n\n#include<map>\n\n#include<iomanip>\n\nusing namespace std;\n\n#define fr first\n\n#define sc second\n\ntypedef pair<int,int> P;\n\nint main(){\n\n  int X,Y,Z,N,E,A;\n\n  while(cin >> X >> Y >> Z , X){\n\n    int jump[X];\n\n    P ivent[Y+1];\n\n    for(int i = 0 ; i <= Y ; i++ ) ivent[i] = P( 0 , 0 );\n\n    double dp[51][5001]={{}};\n\n    dp[0][0] = 1.0;\n\n\n\n    for(int i = 0 ; i < X ; i++ ){\n\n      cin >> jump[i];\n\n    }\n\n    for(int i = 0 ; i < Z ; i++ ){\n\n      cin >> N >> E >> A;\n\n      switch(E){\n\n      case 1: ivent[N].fr = A; break;\n\n      case 2: ivent[N].sc = A; break;\n\n      case 3: ivent[N].sc = -A; break;\n\n      }\n\n    }\n\n    for(int i = 0 , limit = 0 ; i < Y ; i++ , limit += 100 ){\n\n      for(int j = 0 ; j <= limit ; j++ ){\n\n        if(dp[i][j]){\n\n          for(int k = 0 , p_mas , p_money ; k < X ; k++ ){\n\n            p_mas = min( i + jump[k] , Y );\n\n            p_money = max(0,ivent[p_mas].sc + j );\n\n            p_mas = min( p_mas + ivent[p_mas].fr , Y );\n\n\n\n            dp[p_mas][p_money] += dp[i][j] / X;\n\n          }\n\n        }\n\n      }\n\n    }\n\n    double ans = 0.0;\n\n    for(int i = 0 ; i < 5001 ; i++ ){\n\n      ans += dp[Y][i] * i;\n\n    }\n\n    cout << (int)ans << endl;\n\n  }\n\n}",0.0
0076,1.0,2464961.4375,1797790.125,"#include <cstdio>\n\n#include <map>\n\n\n\n//#define scanf scanf_s\n\n\n\nconst int kMaxSquare = 64;\n\n\n\nint roulette[4];\n\n\n\ntypedef struct{\n\n	int type;\n\n	int value;\n\n} BoardState;\n\n\n\nBoardState board[kMaxSquare];\n\n\n\nint bp(int X, int Y){\n\n	std::map<int, double> bp[kMaxSquare];\n\n	double prob = 1.0f / static_cast<double>(X);\n\n\n\n	bp[0][0] = 1.0f;\n\n	for (int n = 0; n < Y; n++){\n\n		for (std::map<int, double>::iterator it = bp[n].begin(); it != bp[n].end(); it++){\n\n			for (int k = 0; k < X; k++){\n\n				int pos = (n + roulette[k] < Y) ? n + roulette[k] : Y;\n\n				if (board[pos].type == 1)\n\n					bp[(pos + board[pos].value < Y) ? pos + board[pos].value : Y][it->first] \n\n						+= it->second * prob;\n\n				else if (board[pos].type == 2)\n\n					bp[pos][it->first + board[pos].value] += it->second * prob;\n\n				else if (board[pos].type == 3)\n\n					bp[pos][(it->first - board[pos].value > 0) ? it->first - board[pos].value : 0] \n\n						+= it->second * prob;\n\n				else\n\n					bp[pos][it->first] += it->second * prob;				\n\n			}\n\n		}\n\n	}\n\n\n\n	double res = 0.0f;\n\n	for (std::map<int, double>::iterator it = bp[Y].begin(); it != bp[Y].end(); it++)\n\n		res += static_cast<double>(it->first) * it->second;\n\n	return static_cast<int>(res);\n\n}\n\n\n\nint main(){\n\n	while (1){\n\n		int X, Y, Z; //X:????????¬?????????????????°, Y: ??????????????°(???: ????????????), Z: ???????????????????????°\n\n		scanf(""%d %d %d"", &X, &Y, &Z);\n\n		if (X == 0) return 0;\n\n		for (int i = 0; i < X; i++)\n\n			scanf(""%d"", &roulette[i]);\n\n		for (int i = 0; i < kMaxSquare; i++)\n\n			board[i] = { 0, 0 };\n\n		for (; Z > 0; Z--){\n\n			int N, E, A; //N: ?????????, E: ??????????¨????, A: ??????????????§????????° or ?¢????????????????\n\n			scanf(""%d %d %d"", &N, &E, &A);\n\n			board[N] = { E, A };\n\n		}\n\n		printf(""%d\n"", bp(X, Y));\n\n	}\n\n}",0.0
0078,1.0,3057209.125,2440682.0,"#include <stdio.h>\n\n#include <cctype>\n\n#include <limits.h>\n\n#include <math.h>\n\n#include <complex>\n\n#include <bitset>\n\n#include <vector>\n\n#include <map>\n\n#include <set>\n\n#include <stack>\n\n#include <queue>\n\n#include <cstring>\n\n#include <string>\n\n#include <sstream>\n\n#include <algorithm>\n\n#include <iomanip>\n\n#include <iostream>\n\n\n\n#define VARIABLE(x) cerr << #x << ""="" << x << endl\n\n#define BINARY(x) static_cast<bitset<16> >(x);\n\n#define rep(i,n) for(int i=0;i<(int)(n);i++)\n\n#define REP(i,m,n) for (int i=m;i<(int)(n);i++)\n\n#define if_range(x, y, w, h) if (0<=(int)(x) && (int)(x)<(int)(w) && 0<=(int)(y) && (int)(y)<(int)(h))\n\n\n\nconst int INF = 1000000000;\n\nconst double EPS = 1e-8;\n\nconst double PI = 3.14159;\n\nint dx[4]={0, 1, 0, -1}, dy[4]={-1, 0, 1, 0};\n\nusing namespace std;\n\n//typedef pair<int, int> P;\n\nstruct P {\n\n	int x, y;\n\n	P(int x, int y):x(x), y(y){}\n\n	P(){}\n\n};\n\n\n\n/** Problem0244 : Hot Spring Trip **/\n\nint cost[300][300];\n\n\n\nint main()\n\n{\n\n	int N, M;\n\n	\n\n	while (cin>>N>>M, N||M) {\n\n		rep(i, 300) rep(j, 300)\n\n			cost[i][j] = i==j?0:INF;\n\n	\n\n		rep(i, M) {\n\n			int a, b, c; cin>>a>>b>>c;\n\n			a--, b--;\n\n			cost[a][b] = cost[b][a] = c;\n\n		}\n\n		\n\n		vector<P> can_free;\n\n		rep(i, N) {\n\n			rep(j, N) {\n\n				if (cost[i][j]!=INF && i!=j) {\n\n					rep(k, N) {\n\n						if (cost[j][k]!=INF && i!=k && j!=k)\n\n							can_free.push_back(P(i, k));\n\n					}\n\n				}\n\n			}\n\n		}\n\n		\n\n		rep(k, N) {\n\n			rep(i, N) {\n\n				rep(j, N) {\n\n					cost[i][j] = min(cost[i][j], cost[i][k]+cost[k][j]);\n\n				}\n\n			}\n\n		}\n\n		\n\n		int ans=cost[0][N-1];\n\n		rep(i, can_free.size()) {\n\n			ans = min(cost[0][can_free[i].x]+cost[can_free[i].y][N-1], ans);\n\n		}\n\n		\n\n		cout << ans << endl;\n\n	}\n\n}",0.0
0081,1.0,2466772.5625,940225.5,"#include <cstdio>\n\n#include <sstream>\n\n#include <string>\n\n#include <algorithm>\n\nusing namespace std;\n\n\n\ntemplate <class F, class T>\n\nvoid convert(const F &f, T &t){\n\n	stringstream ss;\n\n	ss << f;\n\n	ss >> t;\n\n}\n\n\n\nint main(){\n\n	int x, a, b;\n\n	string s;\n\n	while(scanf(""%d"", &x), x){\n\n		if(x % 1111 == 0){\n\n			puts(""NA"");\n\n		}\n\n		else{\n\n			int ans;\n\n			for(ans = 0; x != 6174; ++ans){\n\n				convert(x, s);\n\n				s.resize(4, '0');\n\n				sort(s.begin(), s.end());\n\n				convert(s, a);\n\n				reverse(s.begin(), s.end());\n\n				convert(s, b);\n\n				x = b - a;\n\n			}\n\n			printf(""%d\n"", ans);\n\n		}\n\n	}\n\n}",0.0
0082,1.0,3495753.3125,1933861.0625,"#include<iostream>\n\n#include<algorithm>\n\nusing namespace std;\n\n\n\ntypedef long long ll;\n\n\n\nint main(){\n\n  ll i,n,num,len,p,l[100000];\n\n  while(cin >> n,n){\n\n    num = n; len = 0;\n\n    for(i=0;i<n;i++){\n\n      cin >> p; len += p;\n\n    }\n\n\n\n    for(i=0;i<n-1;i++)cin >> l[i];\n\n    sort(l,l+n-1);\n\n\n\n    for(i=n-2;i>=0;i--){\n\n      if( (num-1)*(len+l[i]) < num*len )break;\n\n      num--; len += l[i];\n\n    }\n\n    cout << num*len << endl;\n\n  }\n\n}\n\n   ",0.0
0084,1.0,5344516.6875,4331058.9375,"#include <iostream>\n\n\n\n#define C 300000\n\nusing namespace std;\n\n\n\nint main() {\n\n    int n, q;\n\n    int c[300000], query[100000];\n\n    bool has_c[C+1];\n\n    cin >> n >> q;\n\n    for (int i=0; i<n; i++) {\n\n        cin >> c[i];\n\n    }\n\n    for (int i=0; i<q; i++) {\n\n        cin >> query[i];\n\n    }\n\n    for (int i=0; i<=C; i++) {\n\n        has_c[i] = false;\n\n    }\n\n    for (int i=0; i<n; i++) {\n\n        has_c[c[i]] = true;\n\n    }\n\n    for (int i=0; i<q; i++) {\n\n        int max_r = -1;\n\n        for (int r=query[i]-1; r>=0; r--) {\n\n            for (int k=0; true; k++) {\n\n                int x = k*query[i]+r;\n\n                if (x > C) {\n\n                    break;\n\n                }\n\n                if (has_c[x]) {\n\n                    max_r = max(r, max_r);\n\n                    break;\n\n                }\n\n            }\n\n            if (max_r >= 0) {\n\n                break;\n\n            }\n\n        }\n\n        cout << max_r << endl;\n\n    }\n\n    return 0;\n\n}",0.0
0086,1.0,6151927.3125,1013396.6875,"#include""stdc++.h""\n\nusing namespace std;\n\ntypedef long long ll;\n\n#define MAX_N 100005\n\nll mod=1e9+7;\n\n\n\nll mul(ll a,ll b){\n\n  return (a*b)%mod;\n\n}\n\n\n\nint bit[MAX_N];\n\nvoid add(int i,int x){\n\n  i++;\n\n\n\n  while(i<MAX_N){\n\n    bit[i]+=x;\n\n    i+=(i&-i);\n\n  }\n\n}\n\n\n\nint sum(int i){\n\n  i++;\n\n\n\n  int res=0;\n\n  while(i){\n\n    res+=bit[i];\n\n    i-=(i&-i);\n\n  }\n\n  return res;\n\n}\n\n\n\nll N,R,a,b;\n\nll fact[MAX_N];\n\nint t[MAX_N];\n\n\n\nint main(){\n\n  fact[0]=1;\n\n  for(int i=1;i<MAX_N;i++)\n\n    fact[i]=mul(fact[i-1],i);\n\n\n\n  while(1){\n\n    scanf(""%lld"",&N);\n\n    if(N==0)break;\n\n    scanf(""%lld"",&R);\n\n    memset(bit,0,sizeof(bit));\n\n    for(int i=0;i<N;i++)t[i]=i;\n\n\n\n    for(int i=0;i<R;i++){\n\n      scanf(""%lld %lld"",&a,&b);\n\n      a--,b--;\n\n      swap(t[a],t[b]);\n\n    }\n\n\n\n    ll ans=0;\n\n    for(int i=0;i<N;i++){\n\n      ll num=t[i];\n\n      ll cnt=num-sum(num);\n\n      ans+= mul(fact[N-1-i],cnt);\n\n      ans%=mod;\n\n      add(t[i],1);\n\n    }\n\n\n\n    printf(""%lld\n"",ans);\n\n  }\n\n  return 0;\n\n}",0.0
0088,1.0,2462112.875,965019.8125,"#include<cstdio>\n\n#include<vector>\n\n#include<algorithm>\n\n\n\nusing namespace std;\n\n\n\nint main(){\n\n	int N;\n\n	vector<int> data;\n\n\n\n	while (1){\n\n		data.clear();\n\n		scanf(""%d"", &N);\n\n		if (N == 0)break;\n\n\n\n		for (int i = 0; i < N; i++){\n\n			int temp;\n\n			scanf(""%d"", &temp);\n\n			data.push_back(temp);\n\n		}\n\n		bool flag = false;\n\n		for (int i = 0; i < N; i++){\n\n			if (data[i] > 1){\n\n				flag = true;\n\n				break;\n\n			}\n\n		}\n\n		if (!flag){\n\n			printf(""NA\n"");\n\n		}\n\n		else{\n\n			if(N == 1)\n\n				printf(""2\n"");\n\n			else{\n\n				int ans = 1;\n\n				for (int i = 0; i < N; i++){\n\n					if (data[i] != 0 )ans++;\n\n				}\n\n				printf(""%d\n"", ans);\n\n			}\n\n		}\n\n	}\n\n	return 0;\n\n}",0.0
0089,1.0,2493171.0,974320.25,"#include<stdio.h>\n\nint main(void)\n\n{\n\n	int N,i,c;\n\n	int *k,*kk;\n\n	while(1){\n\n		scanf(""%d"",&N);\n\n		if(N==0) break;\n\n		k = new int [N];\n\n		kk = new int [N];\n\n		for(i=0;i<N;i++)\n\n			kk[i] = 0;\n\n		for(i=0;i<N;i++)\n\n			scanf(""%d"",&k[i]);\n\n		\n\n		i=0,c=0;\n\n		while(1){\n\n			if(k[i%N] > 0){\n\n				k[i%N]--;\n\n				kk[i%N]++;\n\n				c++;\n\n			}\n\n			if(kk[i%N] == 2){\n\n				printf(""%d\n"",c);\n\n				break;\n\n			}\n\n			if(i > N * 2){\n\n				printf(""NA\n"");\n\n				break;\n\n			}\n\n			i++;\n\n		}\n\n	}\n\n	return 0;\n\n}",0.0
0091,1.0,14162005.0,2448955.375,"#include<cstdio>\n\n#include<algorithm>\n\n#include<vector>\n\n#include<string>\n\n#include<set>\n\nusing namespace std;\n\n\n\n#define INF ( 1 << 30 )\n\ntypedef multiset<int,int>::iterator itr;\n\n\n\nint main()\n\n{\n\n  int N, Q;\n\n  int stmp[1000000], comp[1000000], a;\n\n  char buff[1024];\n\n  scanf( ""%d %d"", &N, &Q);\n\n  for(int i = 0 ; i < N ; i++ ){\n\n    scanf( ""%d"", &stmp[i]);\n\n    comp[i] = stmp[i];\n\n  }\n\n  sort( comp, comp + N);\n\n\n\n  multiset< int > sym;\n\n  while(Q--){\n\n    scanf(""%s %d"", buff, &a);\n\n    if(*buff == 'A'){ //ADD\n\n\n\n      sym.insert(stmp[a - 1]);\n\n\n\n    } else if(*buff == 'R'){ //REMOVE\n\n      try{\n\n        sym.erase( sym.lower_bound(stmp[a - 1]));\n\n      }catch( ... ){}\n\n    } else { //CHECK\n\n\n\n      int left = 0, right = INF;\n\n      while(left != right){\n\n        int center = ( left + right ) / 2;\n\n        int pre = 0, BAN = 0;\n\n        for(itr it = sym.begin() ; it != sym.end() ; it++ ){\n\n          int p = distance( comp,lower_bound( comp, comp + N, *it - center));\n\n          BAN += max( p - pre, 0);\n\n          pre = distance( comp, upper_bound( comp, comp + N, *it));\n\n        }\n\n        BAN += max( N - pre, 0);\n\n        if(BAN <= a) right = center;\n\n        else left = center + 1;\n\n      }\n\n      if( left != INF) printf(""%d\n"", left);\n\n      else puts(""NA"");\n\n\n\n    }\n\n  }\n\n  return false;\n\n}",0.0
0092,1.0,2467162.6875,1003152.375,"#include <iostream>\n\nusing namespace std;\n\nint N, M, L, R, s[50003], t[50003], e[50003], c[10003]; long long d[10003];\n\nint main() {\n\n	cin >> N >> M;\n\n	while(true) {\n\n		cin >> s[R] >> t[R] >> e[R]; s[R]--, t[R]--;\n\n		if (!e[R]) break; R++;\n\n	}\n\n	cin >> L;\n\n	for (int i = 0; i < L; i++) {\n\n		for (int j = 0; j < M; j++) cin >> c[j];\n\n		for (int j = 0; j < N; j++) d[j] = 0;\n\n		for (int j = 0; j < R; j++) d[s[j]] += c[t[j]] * e[j];\n\n		for (int j = 0; j < N; j++) cout << (j ? "" "" : """") << d[j];\n\n		cout << endl;\n\n	}\n\n}",0.0
0095,1.0,2493749.0,1004525.9375,"#include <iostream>\n\n#include <algorithm>\n\nusing namespace std;\n\nint D, N, a[111], e[111], r[111], dp[111][111];\n\nint main() {\n\n	while (cin >> D >> N, D | N) {\n\n		for (int i = 0; i < N; i++) cin >> a[i] >> e[i] >> r[i];\n\n		int maxr = *max_element(r, r + N);\n\n		for (int i = 0; i <= D; i++) fill(dp[i], dp[i] + maxr + 1, 999999999);\n\n		dp[0][0] = 0;\n\n		for (int i = 0; i < D; i++) {\n\n			for (int j = 0; j <= maxr; j++) {\n\n				for (int k = 0; k < N; k++) {\n\n					if (j < r[k]) continue;\n\n					int p = min(j + e[k], maxr), q = min(i + a[k], D);\n\n					dp[q][p] = min(dp[q][p], dp[i][j] + 1);\n\n				}\n\n			}\n\n		}\n\n		int ret = *min_element(dp[D], dp[D] + maxr + 1);\n\n		if (ret == 999999999) cout << ""NA"" << endl;\n\n		else cout << ret << endl;\n\n	}\n\n}",0.0
0096,1.0,2770162.5,2596285.875,"#include ""stdc++.h""\n\n#define range(i, a, b) for(int i = (a); i < (b); i++)\n\n#define rep(i, a) range(i, 0, a)\n\nusing namespace std;\n\nint d, n;\n\nvector <int> a, e, r;\n\nvector <vector <int>> memo;\n\nconst int INF = 1000000000;\n\n\n\nvoid rec(int c = 0, int exp = 0, int end = d) {\n\n	if (memo[exp][end] <= c) return;\n\n	memo[exp][end] = c;\n\n\n\n	rep (i, n) {\n\n		if (exp < r[i]) continue;\n\n		rec(c + 1, min(exp + e[i], 100), max(end - a[i], 0));\n\n	}\n\n}\n\n\n\nint main() {\n\n	while (cin >> d >> n, d) {\n\n		a = e = r = vector <int> (n);\n\n		rep (i, n) cin >> a[i] >> e[i] >> r[i];\n\n		memo = vector <vector <int>> (105, vector <int> (105, INF));\n\n		rec();\n\n		int ans = INF;\n\n		rep (i, 101) ans = min(ans, memo[i][0]);\n\n		cout << (ans == INF ? ""NA"" : to_string(ans)) << endl;\n\n	}\n\n	return 0;\n\n}\n",0.0
0097,1.0,3612300.25,1089816.0,"#define _CRT_SECURE_NO_WARNINGS\n\n// #define _GLIBCXX_DEBUG\n\n#include ""stdc++.h""\n\nusing namespace std;\n\ntypedef long long ll;\n\n// #define int ll\n\ntypedef vector<int> vi;\n\ntypedef vector<vi> vvi;\n\ntypedef pair<int,int> pii;\n\n#define all(c) begin(c), end(c)\n\n#define loop(i,a,b) for(ll i=a; i<ll(b); i++)\n\n#define rep(i,b) loop(i,0,b)\n\n#define loopi(i,a,b) for(ll a=a;i<=ll(b);i++)\n\n#define repi(i,b) loopi(i,1,b)\n\n#define pb push_back\n\n#define eb emplace_back\n\n#define mp make_pair\n\n#define mt make_tuple\n\ntemplate<class T> ostream & operator << (ostream &os, vector<T> const &);\n\ntemplate<int n, class...T>\n\ntypename enable_if<(n>=sizeof...(T))>::type\n\n_ot(ostream &, tuple<T...> const &){}\n\ntemplate<int n, class...T>\n\ntypename enable_if<(n< sizeof...(T))>::type\n\n_ot(ostream &os, tuple<T...> const &t){\n\n    os << (n==0?"""":"" "") << get<n>(t); _ot<n+1>(os, t);\n\n}\n\ntemplate<class...T>\n\nostream & operator << (ostream &os, tuple<T...> const &t){\n\n    _ot<0>(os, t); return os;\n\n}\n\ntemplate<class T, class U>\n\nostream & operator<<(ostream &os, pair<T,U> const &p){\n\n    return os << ""("" << p.first << "", "" << p.second << "") "";\n\n}\n\ntemplate<class T>\n\nostream & operator<<(ostream &os, vector<T> const &v){\n\n    rep(i,v.size()) os << v[i] << (i+1==(int)v.size()?"""":"" ""); return os;\n\n}\n\n#ifdef DEBUG\n\n#define dump(...) (cerr << #__VA_ARGS__ << "" = "" << mt(__VA_ARGS__) \\n\n                   << "" ["" << __LINE__ << ""]"" << endl)\n\n#else\n\n#define dump(...)\n\n#endif\n\nvoid fastios(){\n\n    ios_base::sync_with_stdio(0);\n\n    cin.tie(0);\n\n    // #define endl ""\n""\n\n}\n\ntemplate<class T>\n\nsize_t uniq(vector<T> &v){\n\n    sort(v.begin(), v.end());\n\n    v.erase(unique(v.begin(), v.end()), v.end());\n\n    return v.size();\n\n}\n\ntemplate<class T>\n\nsize_t uniq(T *l, size_t n){\n\n    sort(l,l+n);\n\n    return unique(l,n) - l;\n\n}\n\n#define mems(arr,val) memset(arr,val,sizeof(arr));\n\nint const mod = 1000000007;\n\nint const inf = numeric_limits<int>::max()/10;\n\n\n\nint popcount(unsigned long long x){\n\n    static int dp[66000];\n\n    if(dp[65536] != 16) for(int i = 0; i < 65536; i++) dp[i] = (i&1) + dp[i>>1];\n\n    int res = 0;\n\n    while(x) res += dp[x&65535], x >>= 16;\n\n    return res;\n\n}\n\n\n\nint solve(ll s, ll d){\n\n    //if(s <= 0 && d >= 0) return __builtin_popcount(-s) + __builtin_popcount(d);\n\n    if(s <= 0 && d >= 0) return popcount(-s) + popcount(d);\n\n    else if(s >= 0 && d >= 0){\n\n        int j = 0;\n\n        int ans = 0;\n\n        while(s < d){\n\n            if((s>>j&1) && (d>>j&1)){\n\n                s += 1LL<<j;\n\n                d -= 1LL<<j;\n\n                ans += 2;\n\n            } else if((s>>j&1) ^ (d>>j&1)){\n\n                s += 1LL<<j;\n\n                ans ++;\n\n            }\n\n            j++;\n\n        }\n\n        return ans;\n\n    } else return solve(-d,-s);\n\n}\n\n\n\nsigned main(){\n\n    fastios();\n\n    int N;\n\n    cin >> N;\n\n    rep(i,N){\n\n        ll s,d;\n\n        cin >> s >> d;\n\n        cout << solve(s,d) << endl;\n\n    }\n\n}",0.0
0099,1.0,2424827.1875,985024.3125,"#include <iostream>\n\nusing namespace std;\n\nint N, M, Q, p, r, a, prv[200007], nxt[200007];\n\nint main() {\n\n	cin >> N >> M >> Q;\n\n	for (int i = 0; i < N; i++) prv[i] = (i + N - 1) % N, nxt[i] = (i + 1) % N;\n\n	for (int i = 0; i < M; i++) {\n\n		cin >> a;\n\n		for (int j = 0; j < a; j++) p = a % 2 ? prv[p] : nxt[p];\n\n		nxt[prv[p]] = nxt[p], prv[nxt[p]] = prv[p];\n\n		r = nxt[p], prv[p] = nxt[p] = -1, p = r;\n\n	}\n\n	for (int i = 0; i < Q; i++) cin >> a, cout << (prv[a] != -1 ? 1 : 0) << endl;\n\n	return 0;\n\n}",0.0
0100,1.0,2447145.625,2437229.75,"#include <cstdio>\n\n#include <iostream>\n\n#include <map>\n\n#include <vector>\n\n#include <tuple>\n\n#include <algorithm>\n\nusing namespace std;\n\n\n\nint a[200010];\n\nint prv[200010],nxt[200010];\n\nbool win[200010];\n\n\n\nint main(void){\n\n	int n,m,q;\n\n	cin >> n >> m >> q;\n\n\n\n	for(int i=0;i<n;++i){\n\n		prv[i]=(i+n-1)%n,nxt[i]=(i+1)%n;win[i]=true;\n\n	}\n\n	int cur=0;\n\n	for(int i=0;i<m;++i){\n\n		cin >> a[i];\n\n		if(a[i]&1){\n\n			for(int j=0;j<a[i];++j) cur=prv[cur];\n\n		}else{\n\n			for(int j=0;j<a[i];++j) cur=nxt[cur];\n\n		}\n\n		win[cur]=false;\n\n		nxt[prv[cur]]=nxt[cur];\n\n		prv[nxt[cur]]=prv[cur];\n\n		cur=nxt[cur];\n\n	}\n\n\n\n	for(int i=0;i<q;++i){\n\n		int in;\n\n		cin >> in;\n\n		cout << win[in] << endl;\n\n	}\n\n	return 0;\n\n}",0.0
0101,1.0,2459597.5,2459597.5,"#include <cstdio>\n\n#include <cmath>\n\n#include <cstring>\n\n#include <utility>\n\n#include <queue>\n\n#include <vector>\n\n#include <string>\n\n#include <set>\n\n#include <functional>\n\n#include <algorithm>\n\n#include <iostream>\n\nusing namespace std;\n\ntypedef long long LL;\n\ntypedef pair<int,int> P;\n\nstruct Node {\n\n	int val;\n\n	Node *prev;\n\n	Node *next;\n\n	Node(int v) {\n\n		val=v;\n\n		prev=next=NULL;\n\n	}\n\n};\n\nNode *head=NULL,*tail=NULL;\n\nvoid add(int val) {\n\n	Node *New=new Node(val);\n\n	if(head==NULL) {\n\n		head=tail=New;\n\n	}else {\n\n		tail->next=New;\n\n		New->prev=tail;\n\n		tail=New;\n\n	}\n\n}\n\nvoid del(Node *node) {\n\n	if(node->prev!=NULL) {\n\n		node->prev->next=node->next;\n\n	}else {\n\n		head=node->next;\n\n	}\n\n	if(node->next!=NULL) {\n\n		node->next->prev=node->prev;\n\n	}else {\n\n		tail=node->prev;\n\n	}\n\n	delete node;\n\n}\n\nbool OK[200000];\n\nint main() {\n\n	int N,M,Q;\n\n	scanf(""%d %d %d"",&N,&M,&Q);\n\n	for(int i=0;i<N;i++) {\n\n		add(i);\n\n	}\n\n	Node *cur=head;\n\n	for(int i=0;i<M;i++) {\n\n		int a;\n\n		scanf(""%d"",&a);\n\n		if(a&1) {\n\n			for(int i=0;i<a;i++) {\n\n				cur=cur->prev;\n\n				if(cur==NULL) cur=tail;\n\n			}\n\n			Node *tmp=cur;\n\n			cur=cur->next;\n\n			if(cur==NULL) cur=head;\n\n			del(tmp);\n\n		}else {\n\n			for(int i=0;i<a;i++) {\n\n				cur=cur->next;\n\n				if(cur==NULL) cur=head;\n\n			}\n\n			Node *tmp=cur;\n\n			cur=cur->next;\n\n			if(cur==NULL) cur=head;\n\n			del(tmp);\n\n		}\n\n	}\n\n	for(Node *cur=head;cur!=NULL;cur=cur->next) {\n\n		OK[cur->val]=1;\n\n	}\n\n	for(int i=0;i<Q;i++) {\n\n		int q;\n\n		scanf(""%d"",&q);\n\n		printf(""%d\n"",OK[q]);\n\n	}\n\n}",0.0
0102,1.0,7612107.75,2421143.25,"#include <iostream>\n\n#include <string>\n\n#include <vector>\n\n#include <algorithm>\n\n#include <queue>\n\n#include <set>\n\n#include <map>\n\n#include <string.h>\n\n#include <cmath>\n\n\n\nusing namespace std;\n\ntypedef long long i64;\n\ntypedef long double ld;\n\ntypedef pair<i64,i64> P;\n\n#define rep(i,s,e) for(int (i) = (s);(i) <= (e);++(i))\n\n\n\nint n;\n\n\n\ni64 c[1010];\n\ni64 w[1010];\n\n\n\ni64 sum[1010];\n\n\n\nint dp[1010][1010];\n\n\n\nint main()\n\n{\n\n	cin >> n;\n\n	rep(i,0,n - 1)\n\n		cin >> c[i] >> w[i];\n\n\n\n	rep(i,1,n)\n\n	{\n\n		sum[i] = sum[i - 1] + w[i - 1];\n\n	}\n\n\n\n	auto getsum = [&](int l,int r){\n\n		return sum[r] - sum[l];\n\n	};\n\n\n\n	rep(i,0,1000) rep(j,0,1000) dp[i][j] = 1e9;\n\n\n\n	rep(i,0,1000)\n\n		dp[i][i + 1] = 1;\n\n	\n\n	rep(w,2,n)\n\n	{\n\n		rep(l,0,n - 1)\n\n		{\n\n			//[l,r)\n\n			int r = l + w;\n\n			if(r > n) continue;\n\n\n\n			rep(mid,l + 1,r - 1)\n\n			{\n\n				dp[l][r] = min(dp[l][r] , dp[l][mid] + dp[mid][r]);\n\n			}\n\n\n\n			//left is mighty\n\n			{\n\n\n\n				i64 w_s = getsum(l + 1,r);\n\n				if(c[l] >= w_s && dp[l + 1][r] == 1)\n\n				{\n\n					dp[l][r] = 1;\n\n				}\n\n			}\n\n			{\n\n				i64 w_s = getsum(l,r - 1);\n\n				if(c[r - 1] >= w_s && dp[l][r - 1] == 1)\n\n				{\n\n					dp[l][r] = 1;\n\n				}\n\n			}\n\n			/*\n\n			rep(i,0,n)\n\n			{\n\n				if(l <= i && i < r)\n\n					cout << ""="";\n\n				else\n\n					cout << "" "";\n\n			}\n\n			cout << dp[l][r] << endl;\n\n			*/\n\n		}\n\n\n\n	}\n\n\n\n	cout << dp[0][n] << endl;\n\n\n\n}\n\n\n",0.0
0103,1.0,7805291.5,2464464.3125,"#include ""stdc++.h""\n\n#define REP(i,n,N) for(int i=n;i<N;i++)\n\n#define p(S) cout<<(S)<<endl\n\nusing namespace std;\n\nint dp[1001][1001];\n\nint w[100010],c[100010];\n\nint sumw[100010];\n\nint main(){\n\n	int n;\n\n	cin>>n;\n\n	REP(i,0,n) {\n\n		cin>>c[i]>>w[i];\n\n		if(i>0)	sumw[i]=sumw[i-1]+w[i];\n\n		else sumw[i]=w[i];\n\n	}\n\n	REP(i,0,1001) REP(j,i,1001) dp[i][j]=j-i+1;\n\n	REP(i,0,n-1)  if(c[i]>=w[i+1]||c[i+1]>=w[i]) dp[i][i+1]=1;\n\n\n\n\n\n	for(int k=2;k<n;k++){\n\n		for(int i=0;i+k<n;i++){\n\n			if((dp[i+1][i+k]==1&&c[i]>=sumw[i+k]-sumw[i])||(dp[i][i+k-1]==1&&c[i+k]>=sumw[i+k-1]-(i?sumw[i-1]:0)))\n\n				dp[i][i+k]=1;\n\n			else dp[i][i+k]=min(dp[i+1][i+k],dp[i][i+k-1])+1;\n\n\n\n			for(int j=i+1;j<i+k;j++)\n\n				dp[i][i+k]=min(dp[i][i+k],dp[i][j]+dp[j+1][i+k]);\n\n		}\n\n	}\n\n	p(dp[0][n-1]);\n\n	return 0;\n\n}",0.0
0104,1.0,6839677.875,2489507.0625,"#include <iostream>\n\n#include <cstring>\n\nusing namespace std;\n\n\n\nint main(){\n\n  int n,mp[302][302],x[302][302]={},y[302][302]={};\n\n  cin>>n;\n\n  for(int i=0;i<n;i++)\n\n    for(int j=0;j<n;j++)cin>>y[i][j],mp[i][j]=x[i][j]=y[i][j];\n\n  \n\n  int ans=max(y[0][n-1],y[n-1][0]);\n\n  for(int i=0;i<n;i++)\n\n    for(int j=n-2;j>=0;j--) {\n\n      x[i][j]+=x[i][j+1];\n\n      y[j][i]+=y[j+1][i];\n\n      if(ans<x[i][j])ans=x[i][j];\n\n      if(ans<y[j][i])ans=y[j][i];\n\n    }\n\n\n\n\n\n  int sum[302][302],K[2][302][302]={};\n\n\n\n\n\n  for(int i=0;i<=n;i++)\n\n    for(int j=0;j<=n;j++) sum[i][j]=-100000000;\n\n\n\n  int t=0;\n\n  while(1){\n\n    t++;\n\n    for(int i=0;i<n;i++) //yoko\n\n      for(int j=i+1;j<n;j++) {//yoko\n\n	int a=K[t%2][i][j];\n\n	K[(t+1)%2][i][j]=a;\n\n	sum[i][j]=-100000000;\n\n	for(int k=a+1;k<n;k++) { //tate\n\n	  int X=(x[a][i]-x[a][j+1])+(x[k][i]-x[k][j+1]);\n\n	  int Y=(y[a+1][i]-y[k][i])+(y[a+1][j]-y[k][j]);\n\n	  if(sum[i][j]<=X+Y)sum[i][j]=X+Y,K[(t+1)%2][i][j]=k;\n\n	  ans=max(ans,sum[i][j]);\n\n	}\n\n      }\n\n\n\n    int f=1;\n\n    for(int i=0;i<n;i++) //yoko\n\n      for(int j=i+1;j<n;j++) //yoko\n\n	for(int k=K[t%2][i][j]+1;k<K[(t+1)%2][i][j];k++){\n\n	  f=0;\n\n	  int X=(x[k][i+1]-x[k][j])-(x[k-1][i]-x[k-1][j+1]);\n\n	  sum[i][j]+=X;\n\n	  ans=max(ans,sum[i][j]);\n\n	}\n\n    if(f)break;\n\n  }\n\n  cout <<ans<<endl;\n\n	  \n\n  return 0; \n\n}",0.0
0105,1.0,5626882.5,2855966.0625,"#include<deque>\n\n#include<queue>\n\n#include<vector>\n\n#include<algorithm>\n\n#include<iostream>\n\n#include<set>\n\n#include<cmath>\n\n#include<tuple>\n\n#include<string>\n\n#include<chrono>\n\n#include<functional>\n\n#include<iterator>\n\n#include<random>\n\n#include<unordered_set>\n\n#include<unordered_map>\n\n#include<array>\n\n#include<map>\n\n#include<iomanip>\n\n//<< setprecision(5)\n\nusing namespace std;\n\ntypedef long long int llint;\n\ntypedef long double lldo;\n\n#define mp make_pair\n\n#define mt make_tuple\n\n#define pub push_back\n\n#define puf push_front\n\n#define pob pop_back\n\n#define pof pop_front\n\n#define fir first\n\n#define sec second\n\n#define res resize\n\n#define ins insert\n\n#define era erase\n\n#define dme cout<<-1<<endl;return 0\n\nconst int mod=1000000007;\n\nconst llint big=1e9+10;\n\nconst long double pai=3.141592653589793238462643383279502884197;\n\nconst long double eps=1e-7;\n\ntemplate <class T,class U>void mineq(T& a,U b){if(a>b){a=b;}}\n\ntemplate <class T,class U>void maxeq(T& a,U b){if(a<b){a=b;}}\n\nllint gcd(llint a,llint b){if(a%b==0){return b;}else return gcd(b,a%b);}\n\nllint lcm(llint a,llint b){return a/gcd(a,b)*b;}\n\nint main(void){\n\n	int n,i;cin>>n;\n\n	static int aizu[200300]={0};\n\n	for(i=0;i<n;i++){\n\n		int a,b;cin>>a>>b;\n\n		aizu[a+b]++;\n\n	}\n\n	for(i=0;i<200279;i++){\n\n		aizu[i+1]+=aizu[i]/2;\n\n		aizu[i]%=2;\n\n		if(aizu[i]==1){cout<<i<<"" 0""<<endl;}\n\n	}\n\n	return 0;\n\n\n\n}",0.0
0108,1.0,18893360.4375,2437305.9375,"#include ""stdc++.h""\n\n\n\nusing namespace std;\n\n\n\ntypedef long long int64;\n\n\n\nint64 memo[1111][1111];\n\n\n\n \n\n\n\nint64 dfs(int i,int cnt);\n\n\n\nstring t,b;\n\n\n\n \n\n\n\nint main(){\n\n\n\n  for(int i = 0;i < 1111;i++){\n\n\n\n    for(int j = 0;j < 1111;j++){\n\n\n\n      memo[i][j] = -1;\n\n\n\n    }\n\n\n\n  }\n\n\n\n  t += '0';\n\n\n\n  string a;\n\n\n\n  cin >> a >> b;\n\n\n\n  t += a;\n\n\n\n  cout << dfs(0,0) << endl;\n\n\n\n  return 0;\n\n\n\n}\n\n\n\n \n\n\n\nint64 dfs(int i,int cnt){\n\n\n\n  int rec = 0;\n\n\n\n  if(cnt == b.size())return 1;\n\n\n\n  if(memo[i][cnt] != -1)return memo[i][cnt];\n\n\n\n  for(int j = i + 1;j < t.size();j++){\n\n\n\n    if(t[j] == b[cnt])rec = (rec + dfs(j,cnt + 1)) % 1000000007;\n\n\n\n  }\n\n\n\n  return memo[i][cnt] = rec % 1000000007;\n\n\n\n}",0.0
0109,1.0,4659980.8125,987841.4375,"#include""stdc++.h""\n\nusing namespace std;\n\nint n;\n\nint a[100005];\n\nint x[100005];\n\nint y[100005];\n\n\n\nint main(){\n\n  scanf(""%d"",&n);\n\n  for(int i=0;i<n;i++){\n\n    cin>>a[i];\n\n  }\n\n\n\n  memset(x,-1,sizeof(x));\n\n  memset(y,-1,sizeof(y));\n\n  \n\n  int ans=0;\n\n  for(int i=0;i<n;i++){\n\n    int p=i,c=0;\n\n    while(x[p]==-1){\n\n      x[p]=c++;\n\n      y[p]=i;\n\n      p=(p+a[p])%n;\n\n    }\n\n    if(y[p]==i)ans+=(c-x[p]);\n\n  }\n\n\n\n  cout<<ans<<endl;\n\n  return 0;\n\n}",0.0
0110,1.0,7280399.0,2460075.4375,"#include ""stdc++.h""\n\nusing namespace std;\n\nint n;\n\nint d[1000000];\n\n\n\nstring check2(){\n\n  int nowpos=n-1;\n\n  int canhop=n-1;\n\n  int minhop=n-1;\n\n\n\n  for(int j=0;j<300000;j++){\n\n    canhop=nowpos-d[nowpos]/10;\n\n    minhop=canhop;\n\n    if(canhop<=0)return ""yes"";\n\n\n\n    for(int i=nowpos;i>=canhop;i--){\n\n      if(i-d[i]/10<minhop){\n\n        nowpos=i;\n\n        minhop=i-d[i]/10;\n\n      }\n\n    }\n\n\n\n\n\n  }\n\n  return ""no"";\n\n}\n\n\n\nstring check1(){\n\n  int nowpos=0;\n\n  int canhop=0;\n\n  int maxhop=0;\n\n\n\n  for(int j=0;j<300000;j++){\n\n    canhop=d[nowpos]/10+nowpos;\n\n    maxhop=canhop;\n\n    if(canhop>=n-1)return check2();\n\n\n\n    for(int i=nowpos;i<=canhop;i++){\n\n      if(d[i]/10+i>=maxhop){\n\n        nowpos=i;\n\n        maxhop=d[i]/10+i;\n\n      }\n\n    }\n\n  }\n\n  return ""no"";\n\n}\n\n\n\nint main(){\n\n  cin >>n;\n\n  for(int i=0;i<n;i++){\n\n    cin>>d[i];\n\n    int sub=d[i]%10;\n\n    d[i]-=sub;\n\n  }\n\n  cout <<check1()<<endl;\n\n  return 0;\n\n}",0.0
0111,1.0,9987966.1875,2397848.125,"#include ""stdc++.h""\n\nusing namespace std;\n\n\n\nint h, n;\n\nvector<int> b;\n\n\n\nint dp[101010][10];\n\n\n\nint dfs(int i = 1, int bit = 0) {\n\n  if (i == h) {\n\n    return 0;\n\n  }\n\n  bit |= b[i];\n\n\n\n  int &ret = dp[i][bit];\n\n  if (~ret)\n\n    return ret;\n\n\n\n  ret = 0;\n\n  if (bit == 0)\n\n    ret = max(ret, dfs(i + 1, 0b111) + 2);\n\n  if ((bit & (0b100)) == 0)\n\n    ret = max(ret, dfs(i + 1, 0b110) + 1);\n\n  if ((bit & (0b010)) == 0)\n\n    ret = max(ret, dfs(i + 1, 0b111) + 1);\n\n  if ((bit & (0b001)) == 0)\n\n    ret = max(ret, dfs(i + 1, 0b011) + 1);\n\n  ret = max(ret, dfs(i + 1, 0));\n\n\n\n  return ret;\n\n}\n\n\n\nint main() {\n\n  memset(dp, -1, sizeof(dp));\n\n  cin >> h >> n;\n\n\n\n  int ei[4] = {0b100, 0b110, 0b011, 0b001};\n\n  b.assign(h + 1, 0);\n\n  for (int i = 0; i < n; ++i) {\n\n    int x, y;\n\n    cin >> x >> y;\n\n    b[y + 1] |= ei[x];\n\n    b[y] |= ei[x];\n\n  }\n\n\n\n  cout << dfs() << endl;\n\n}\n",0.0
0116,1.0,3229749.375,1070530.3125,"#include <map>\n\n#include <iostream>\n\n\n\nusing namespace std;\n\n\n\nint main()\n\n{\n\n	int N, M;\n\n\n\n	char A, B, C;\n\n\n\n	while (true)\n\n	{\n\n		cin >> N;\n\n\n\n		if (N == 0) { break; }\n\n\n\n		map<char, char> converse;\n\n\n\n		for (char i = '0'; i <= 'z'; i++)\n\n		{\n\n			converse[i] = i;\n\n		}\n\n\n\n		for (int i = 0; i < N; i++)\n\n		{\n\n			cin >> A >> B;\n\n\n\n			converse[A] = B;\n\n		}\n\n\n\n		cin >> M;\n\n\n\n		for (int i = 0; i < M; i++)\n\n		{\n\n			cin >> C;\n\n\n\n			cout << converse[C];\n\n		}\n\n\n\n		cout << endl;\n\n	}\n\n\n\n	return 0;\n\n}",0.0
0117,1.0,3104944.9375,2530382.375,"#include <iostream>\n\n#include <map>\n\n#include <string>\n\n\n\nusing namespace std;\n\n\n\nint main() {\n\n	int n, m;\n\n	while (cin >> n, n) {\n\n		char a, b;\n\n		string str;\n\n		map<char, char> to;\n\n		for (int i = 0; i < n; ++i) {\n\n			cin >> a >> b;\n\n			to[a] = b;\n\n		}\n\n		cin >> m;\n\n		for (int i = 0; i < m; ++i) {\n\n			cin >> a;\n\n			if (to[a]) a = to[a];\n\n			str += a;\n\n		}\n\n		cout << str << endl;\n\n	}\n\n	return 0;\n\n}",0.0
0118,1.0,2546979.9375,2405449.3125,"#include <iostream>\n\nusing namespace std;\n\n\n\nint n,m;\n\npair<char, char> p[100];\n\nchar ch[100000];\n\n\n\nint find_change(char *a) {\n\n	for (int i = 0; i < n; i++) {\n\n		if (p[i].first == *a) {\n\n			*a = p[i].second;\n\n			return 0;\n\n		}\n\n	}\n\n	return 1;\n\n}\n\n\n\nint main(){\n\n\n\n	while (cin >> n && n > 0) {\n\n		for (int i = 0; i < n; i++) {\n\n			cin >> p[i].first >> p[i].second;\n\n		}\n\n		cin >> m;\n\n		for (int i = 0; i < m; i++) {\n\n			cin >> ch[i];\n\n			find_change(ch + i);\n\n		}\n\n		for (int i = 0; i < m; i++)\n\n			cout << ch[i];\n\n		cout << endl;\n\n	}\n\n	return 0;\n\n}",0.0
0120,1.0,4715700.375,1565565.5625,"#include<iostream>\n\n#include<algorithm>\n\n#include<cstring>\n\n#include<cstdio>\n\n#include<vector>\n\n#include<map>\n\nusing namespace std;\n\ntypedef vector<int> PP;\n\ntypedef vector<PP> P;\n\nint n,r;\n\n\n\nstruct block{\n\n	int x1,x2,y,f;\n\n};\n\n\n\nblock b[20002];\n\nint fie[10002][2];\n\n\n\nbool comp(const block &b1,const block &b2){\n\n	return b1.y<b2.y;\n\n}\n\n\n\nint main(void){\n\n	while(1){\n\n		scanf(""%d%d"",&n,&r);\n\n		if(n==0 && r==0)break;\n\n		memset(fie,0,sizeof(fie));\n\n		memset(b,0,sizeof(b));\n\n		for(int i=0;i<n;i++){\n\n			int y1,y2;\n\n			scanf(""%d%d%d%d"",&b[i*2].x1,&y1,&b[i*2].x2,&y2);\n\n			b[i*2].x2--;\n\n			b[i*2+1].x1=b[i*2].x1;\n\n			b[i*2+1].x2=b[i*2].x2;\n\n			b[i*2].y=y1;\n\n			b[i*2+1].y=y2;\n\n			b[i*2].f=1;\n\n			b[i*2+1].f=-1;\n\n		}\n\n		sort(b,b+n*2,comp);\n\n		int ny=0;\n\n		int now=0,prev=1;\n\n		int res=0,res2=0;\n\n		for(int i=0;i<n*2;i++){\n\n			if(ny!=b[i].y){\n\n				swap(now,prev);\n\n				int cnt=0;\n\n				int cnt2=0,bt=0,cnt3=0;\n\n				for(int j=0;j<=10000;j++){\n\n					if(fie[j][now]>0 && fie[j][prev]==0)cnt3++;\n\n					if(fie[j][now]==0 && fie[j][prev]>0)cnt3++;\n\n					fie[j][now]=fie[j][prev];\n\n					if(fie[j][now]>0){\n\n						cnt++;\n\n						if(bt==0)cnt2++,bt=1;\n\n					}else bt=0;\n\n				}\n\n				res+=cnt*(b[i].y-ny);\n\n				res2+=cnt2*2*(b[i].y-ny)+cnt3;\n\n			}\n\n			ny=b[i].y;\n\n			for(int j=b[i].x1;j<=b[i].x2;j++)fie[j][now]+=b[i].f;\n\n			//printf(""%d\n"",res2);\n\n			\n\n		}\n\n		printf(""%d\n"",res);\n\n		if(r==2){\n\n			swap(now,prev);\n\n			int cnt3=0;\n\n			for(int j=0;j<=10000;j++){\n\n				if(fie[j][now]>0 && fie[j][prev]==0)cnt3++;\n\n				if(fie[j][now]==0 && fie[j][prev]>0)cnt3++;\n\n				fie[j][now]=fie[j][prev];\n\n			}\n\n			res2+=cnt3;\n\n			printf(""%d\n"",res2);\n\n		}\n\n	}\n\n	return 0;\n\n}",0.0
0121,1.0,5914715.4375,2541092.25,"#include<iostream>\n\n#include<vector>\n\n#include<algorithm>\n\nusing namespace std;\n\nint main(){\n\n    int a,b,c,n;\n\n    while(cin>>a>>b>>c,a||b||c){\n\n        cin>>n;\n\n        int f[300];\n\n        fill(f,f+300,2);\n\n        int m=a+b+c;\n\n        int x[1000],y[1000],z[1000];\n\n        bool r[1000];\n\n        for(int i=0;i<n;i++){\n\n            cin>>x[i]>>y[i]>>z[i]>>r[i];\n\n            x[i]--;y[i]--;z[i]--;\n\n        }\n\n\n\n\n\n        int cnt=0;\n\n        while(cnt<100000){\n\n\n\n            for(int i=0;i<n;i++){\n\n                int a=x[i],b=y[i],c=z[i];\n\n                bool Flag=r[i];\n\n                if(Flag){\n\n\n\n                    f[a]=f[b]=f[c]=1;\n\n                }\n\n                else{\n\n                    if(f[b]==1&&f[c]==1){\n\n\n\n                        f[a]=0;\n\n                    }\n\n                    if(f[a]==1&&f[c]==1){\n\n\n\n                        f[b]=0;\n\n                    }\n\n                    if(f[a]==1&&f[b]==1){\n\n\n\n                        f[c]=0;\n\n                    }\n\n                }\n\n            }\n\n            cnt++;\n\n        }\n\n        for(int i=0;i<m;i++)cout<<f[i]<<endl;\n\n    }\n\n}",0.0
0122,1.0,2984987.0625,977360.4375,"#include<iostream>\n\n\n\nusing namespace std;\n\n\n\nint main(){\n\n	\n\n	while(1){\n\n		int n,m;\n\n		\n\n		cin>>n>>m;\n\n		\n\n		if(n==0 && m ==0){\n\n			break;\n\n		}\n\n		int input[100000];\n\n		\n\n		for(int i=0;i<n;i++){\n\n			cin>>input[i];\n\n		}\n\n		\n\n		int cont = m;\n\n		\n\n		int now = 0;\n\n		for(int i=0;i<m;i++){\n\n			now += input[i];\n\n		}\n\n		\n\n		\n\n		int max = now;\n\n		for(int i=m;i<n;i++){\n\n			now-=input[i-m];\n\n			now+=input[i];\n\n			\n\n			if(now>max){\n\n				max=now;\n\n			}\n\n		}\n\n	\n\n	cout<<max<<endl;\n\n	}\n\n	\n\n	return 0;\n\n}",0.0
0123,1.0,3448198.1875,983873.375,"#include""stdc++.h""\n\n\n\nusing namespace std ;\n\n\n\nint main()\n\n{\n\n	int n ;\n\n	while( cin >> n ,n )\n\n	{\n\n		int m ;\n\n		cin >> m ;\n\n		int num[ n ] ;\n\n		for( int i  = 0 ; i < n ; i++ )\n\n			cin >> num[ i ] ;\n\n		int ans = 0 ;\n\n		for( int i  = 0 ; i < n ; i++ )\n\n		{\n\n			int cnt = 0 ;\n\n			for( int j = i ; j < m + i && m + i < n ; j++ )\n\n				cnt += num[ j ] ;\n\n			ans = max( ans ,cnt ) ;\n\n		}\n\n		cout << ans << endl ;\n\n	}\n\n	return 0 ;\n\n}",0.0
0124,1.0,8670984.625,977372.625,"#include<iostream>\n\n#include<algorithm>\n\nusing namespace std;\n\n\n\nint main(){\n\n  int n,k;\n\n  int a[1000000];\n\n\n\n  for(;;){\n\n    cin >> n >> k;\n\n    if(!n && !k)break;\n\n\n\n    for(int i=0;i<n;i++)cin >> a[i];\n\n    int sum = 0;\n\n    for(int i=0;i<k;i++)sum += a[i];\n\n    int m = sum;\n\n    for(int i=k;i<n;i++){\n\n      sum += a[i] - a[i-k];\n\n      m = max(m,sum);\n\n    }\n\n    cout << m << endl;\n\n  }\n\n}",0.0
0125,1.0,5728906.0625,992735.25,"#include <iostream>\n\n#include <sstream>\n\n#include <cstdio>\n\n#include <cstdlib>\n\n#include <cmath>\n\n#include <ctime>\n\n#include <cstring>\n\n#include <string>\n\n#include <vector>\n\n#include <stack>\n\n#include <queue>\n\n#include <deque>\n\n#include <map>\n\n#include <set>\n\n#include <bitset>\n\n#include <numeric>\n\n#include <utility>\n\n#include <iomanip>\n\n#include <algorithm>\n\n#include <functional>\n\nusing namespace std;\n\n\n\ntypedef long long ll;\n\ntypedef vector<int> vint;\n\ntypedef vector<long long> vll;\n\ntypedef pair<int,int> pint;\n\ntypedef pair<long long, long long> pll;\n\n\n\n#define MP make_pair\n\n#define PB push_back\n\n#define ALL(s) (s).begin(),(s).end()\n\n#define EACH(i, s) for (__typeof__((s).begin()) i = (s).begin(); i != (s).end(); ++i)\n\n#define COUT(x) cout << #x << "" = "" << (x) << "" (L"" << __LINE__ << "")"" << endl\n\n\n\ntemplate<class T> inline bool chmax(T& a, T b) { if (a < b) { a = b; return 1; } return 0; }\n\ntemplate<class T> inline bool chmin(T& a, T b) { if (a > b) { a = b; return 1; } return 0; }\n\ntemplate<class T1, class T2> ostream& operator << (ostream &s, pair<T1,T2> P) \n\n{ return s << '<' << P.first << "", "" << P.second << '>'; }\n\ntemplate<class T> ostream& operator << (ostream &s, vector<T> P) \n\n{ for (int i = 0; i < P.size(); ++i) { if (i > 0) { s << "" ""; } s << P[i]; } return s; }\n\ntemplate<class T1, class T2> ostream& operator << (ostream &s, map<T1,T2> P) \n\n{ EACH(it, P) { s << ""<"" << it->first << ""->"" << it->second << ""> ""; } return s; }\n\n\n\n\n\nconst int MAX = 200000;\n\nconst ll INF = 1LL<<61;\n\n\n\nint n, k;\n\nlong long a[MAX];\n\n\n\nint main() {\n\n    while (cin >> n >> k) {\n\n        if (n == 0) break;\n\n        memset(a, 0, sizeof(a));\n\n        for (int i = 0; i < n; ++i) cin >> a[i+1];\n\n        for (int i = 0; i <= n; ++i) a[i+1] += a[i];\n\n        \n\n        long long res = -INF;\n\n        for (int i = 0; i + k <= n; ++i) {\n\n            chmax(res, a[i+k] - a[i]);\n\n        }\n\n        cout << res << endl;\n\n    }\n\n    return 0;\n\n}\n",0.0
0126,1.0,3168362.375,2269497.375,"#include <cstdio>\n\n#include <cstring>\n\n\n\nusing namespace std;\n\n\n\n#define rep1(i,x) for(int i=1;i<=(x);++i)\n\n\n\nint a[100001];\n\nint memo[100001];\n\nint start[100001];\n\n\n\nint main()\n\n{\n\n    int n, k;\n\n    while (scanf(""%d %d"", &n, &k), n || k) {\n\n        memset(a, 0, sizeof(a));\n\n        memset(memo, 0, sizeof(memo));\n\n        memset(start, 0, sizeof(start));\n\n\n\n        bool f = false;\n\n\n\n        rep1(i, k) {\n\n            int tmp; scanf(""%d"", &tmp);\n\n            if (tmp == 0) f = true;\n\n            else a[tmp] = true;\n\n        }\n\n\n\n        rep1(i, n) {\n\n            if (a[i]) {\n\n                if (i - 1 >= 0 && a[i - 1]) {\n\n                    start[i] = start[i - 1];\n\n                    memo[start[i]]++;\n\n                } else {\n\n                    start[i] = i;\n\n                    memo[start[i]]++;\n\n                }\n\n            }\n\n        }\n\n\n\n        int ma = 0;\n\n        int now = -1;\n\n\n\n        rep1(i, n) {\n\n            if (a[i]) {\n\n                if (now == start[i]) continue;\n\n                if (ma < memo[start[i]]) {\n\n                    ma = memo[start[i]];\n\n                    now = start[i];\n\n                }\n\n            } else if (f) {\n\n                int v;\n\n                if (i + 1 <= n && a[i - 1] && a[i + 1]) {\n\n                    v = memo[start[i - 1]] + memo[start[i + 1]] + 1;\n\n                    if (ma < v) {\n\n                        ma = v;\n\n                        now = start[i + 1];\n\n                    }\n\n                } else if (a[i - 1]) {\n\n                    v = memo[start[i - 1]] + 1;\n\n                    if (ma < v) {\n\n                        ma = v;\n\n                        now = start[i - 1];\n\n                    }\n\n                } else if (i + 1 <= n && a[i + 1]) {\n\n                    v = memo[start[i + 1]] + 1;\n\n                    if (ma < v) {\n\n                        ma = v;\n\n                        now = start[i + 1];\n\n                    }\n\n                }\n\n            }\n\n        }\n\n\n\n        printf(""%d\n"", ma);\n\n    }\n\n}",0.0
0127,1.0,2664197.1875,2551464.0,"#include<iostream>\n\n#include<vector>\n\nusing namespace std;\n\n\n\nclass Section\n\n{\n\nprivate:\n\n  int _begin, _end;\n\npublic:\n\n  Section(int b, int e)\n\n  {\n\n    _begin = b;\n\n    _end = e;\n\n  }\n\n\n\n  int begin()\n\n  {\n\n    return _begin;\n\n  }\n\n\n\n  int end()\n\n  {\n\n    return _end;\n\n  }\n\n\n\n  int length()\n\n  {\n\n    return end() - begin();\n\n  }\n\n};\n\n\n\nvector<Section> sections;\n\nbool card[100002];\n\nint K, N;\n\nint main()\n\n{\n\nloop:\n\n  fill(card, card + 100002, false);\n\n  sections.clear();\n\n\n\n  cin >> N >> K;\n\n  if(!N)\n\n    return 0;\n\n  for(int i = 0; i < K; i++)\n\n  {\n\n    int a;\n\n    cin >> a;\n\n    card[a] = true;\n\n  }\n\n\n\n  bool keep = false;\n\n  int st, ans = 0;\n\n  for(int i = 1; i <= N + 1; i++)\n\n  {\n\n    if(keep && !card[i])\n\n    {\n\n      sections.push_back(Section(st, i));\n\n      keep = false;\n\n    }\n\n    if(!keep && card[i])\n\n    {\n\n      st = i;\n\n      keep = true;\n\n    }\n\n  }\n\n    \n\n  for(auto it = sections.begin(); it != sections.end(); ++it)\n\n  {\n\n    if(card[0] && (it + 1) != sections.end() && it->end() + 1 == (it + 1)->begin())\n\n      ans = max(ans, it->length() + (it + 1)->length() + 1);\n\n    if(card[0])\n\n      ans = max(ans, it->length() + 1);\n\n    ans = max(ans, it->length());\n\n  }\n\n  cout << ans << endl;\n\n  goto loop;\n\n}",0.0
0128,1.0,3099442.1875,2432293.0625,"#include <iostream>\n\n#include <cstdio>\n\n#include <cmath>\n\n#include <algorithm>\n\n#include <queue>\n\n\n\n#define MAX_N 5000\n\n\n\nusing namespace std;\n\n\n\nint N;\n\nint E;\n\nvector<int > in[MAX_N + 1];\n\nvector<int > out[MAX_N + 1];\n\nqueue<int > S;\n\nqueue<int > L;\n\n\n\nbool multi_flag;\n\n\n\nbool in_exist(int v){\n\n	bool flag = false;\n\n	if(in[v].empty()) return false;\n\n	for(int i = 0;i < in[v].size();i++){\n\n		if(in[v][i] != -1) return true;\n\n	}\n\n	return false;\n\n}\n\n\n\nvoid solve(){\n\n	for(int i = 1;i <= N;i++){\n\n		if(in_exist(i) == false) S.push(i);\n\n	}\n\n\n\n	while(!S.empty()){\n\n		int u = S.front();S.pop();\n\n		L.push(u);\n\n		int entered = 0;\n\n		for(int i = 0;i < out[u].size();i++){\n\n			int to = out[u][i];\n\n			for(int i = 0;i < in[to].size();i++){\n\n				if(in[to][i] == u) in[to][i] = -1;\n\n			}\n\n			\n\n			if(in_exist(to) == false){\n\n				S.push(to);\n\n				entered++;\n\n			}\n\n		}\n\n		if(entered >= 2) multi_flag = true;\n\n	}\n\n\n\n	return ;\n\n}\n\n\n\nint main(){\n\n\n\n	scanf(""%d"",&N);\n\n	scanf(""%d"",&E);\n\n	//for(int i = 0;i <= MAX_N;i++){\n\n	//	for(int j = 0;j <= MAX_N;j++){\n\n	//		edge[i][j] = false;\n\n	//	}\n\n	//}\n\n	int _u,_v;\n\n	for(int i = 0;i < E;i++){\n\n		scanf(""%d%d"",&_u,&_v);\n\n		in[_v].push_back(_u);\n\n		out[_u].push_back(_v);\n\n	}\n\n\n\n	solve();\n\n\n\n	while(!L.empty()){\n\n		int team = L.front();L.pop();\n\n		printf(""%d\n"",team);\n\n	}\n\n	if(multi_flag) puts(""1"");\n\n	else puts(""0"");\n\n\n\n	return 0;\n\n}",0.0
0129,1.0,10932667.4375,8876330.3125,"#include <iostream>\n\n#include <cstdio>\n\n#include <cstring>\n\nusing namespace std;\n\nint n,m,ans;\n\nint a[11][100001];\n\nvoid dfs(int x)\n\n{\n\n	int i,j;\n\n	if(x>=n)\n\n	return;\n\n	else\n\n	{\n\n		int sum=0;\n\n		for(i=0;i<m;i++)\n\n		{\n\n			int count=0;\n\n			for(j=0;j<n;j++)\n\n			{\n\n			  if(a[j][i]==1)\n\n			  count++;	\n\n			}\n\n			\n\n			sum+=max(count,n-count);\n\n		}\n\n		if(sum>ans)\n\n		ans=sum;\n\n		dfs(x+1);\n\n		for(i=0;i<m;i++)\n\n		{\n\n			if(a[x][i]==1)\n\n			a[x][i]=0;\n\n			else\n\n			a[x][i]=1;\n\n		}\n\n		dfs(x+1);\n\n	   for(i=0;i<m;i++)\n\n		{\n\n			if(a[x][i]==1)\n\n			a[x][i]=0;\n\n			else\n\n			a[x][i]=1;\n\n		}\n\n	}\n\n}\n\nint main()\n\n{\n\n	int i,j;\n\n   while(~scanf(""%d%d"",&n,&m))\n\n   {\n\n   	if(n==0&&m==0)\n\n   	break;\n\n   	memset(a,0,sizeof(a));\n\n   	ans=0;\n\n   	for(i=0;i<n;i++)\n\n   	{\n\n   		for(j=0;j<m;j++)\n\n   		{\n\n   			scanf(""%d"",&a[i][j]);\n\n		}\n\n	}\n\n	 dfs(0);\n\n	 printf(""%d\n"",ans);\n\n   }\n\n  return 0;\n\n}",0.0
0130,1.0,2610233.0625,1014517.4375,"#include<iostream>\n\n#include<math.h>\n\nusing namespace std;\n\n\n\nint r,c;\n\nbool state[10][10000];\n\nbool linemap[10][10000];\n\nint mapcount;\n\nint getnum(bool status[10][10000]){\n\n	int num=0;\n\n	for(int i=0;i<r;i++){\n\n		for(int j=0;j<c;j++){\n\n			if(status[i][j])num++;\n\n		}\n\n	}\n\n	return num;\n\n}\n\n\n\nvoid adjust(){\n\n	\n\n		for(int j=0;j<c;j++){\n\n			int num0=0,num1=0;\n\n			for(int k=0;k<r;k++){\n\n				if(linemap[k][j])num1++;\n\n				else num0++;\n\n			}\n\n			if(num0>num1){\n\n				for(int k=0;k<r;k++){\n\n					linemap[k][j]=1-linemap[k][j];\n\n				}\n\n			}\n\n		}\n\n	\n\n}\n\nint creatlinemap(){\n\n	int max=0;\n\n	for(int i=0;i<mapcount;i++){\n\n		for(int j=0;j<r;j++){\n\n			if(i&(1<<j)){\n\n				for(int k=0;k<c;k++){\n\n					linemap[j][k]=state[j][k];\n\n				}\n\n				\n\n			}\n\n			else{\n\n				for(int k=0;k<c;k++){\n\n					linemap[j][k]=1-state[j][k];\n\n				}\n\n			}\n\n		}\n\n		adjust();\n\n		int tmp=getnum(linemap);\n\n		if(tmp>max)	max=tmp;			\n\n	}\n\n	return max;	\n\n}\n\n\n\n\n\nint main(){\n\n\n\n	while(cin>>r>>c){\n\n		if(r*c==0)return 0;\n\n		mapcount=(int)pow(2.0,r);\n\n		for(int i=0;i<r;i++){\n\n			for(int j=0;j<c;j++){\n\n				cin>>state[i][j];\n\n			}\n\n		}\n\n		\n\n		cout<<creatlinemap()<<endl;\n\n	}\n\n}",0.0
0132,1.0,2792342.75,2465209.8125,"#include ""stdio.h""\n\n#include""queue""\n\n#include ""climits""\n\nusing namespace std;\n\n\n\nqueue<int>Q;\n\n\n\nint island;\n\nint query;\n\nint kind;\n\nint start;\n\nint goal;\n\nint connect[101][101] = {};\n\nint price;\n\nint dis[101] = {};\n\n\n\nint main() {\n\n	scanf(""%d %d"", &island, &query);\n\n	while (island != 0) {\n\n		for (int i = 0; i < 101; i++) {\n\n			for (int j = 0; j < 101; j++) {\n\n				connect[i][j] = INT_MAX;\n\n			}\n\n		}\n\n		for (int i = 0; i < query; i++) {\n\n			scanf(""%d"", &kind);\n\n			if (kind == 1) {\n\n				scanf(""%d %d %d"", &start, &goal, &price);\n\n				if (connect[start][goal] > price) {\n\n					connect[start][goal] = price;\n\n					connect[goal][start] = price;\n\n				}\n\n			}\n\n			else {\n\n				scanf(""%d %d"", &start, &goal);\n\n				Q.push(start);\n\n				for (int i = 1; i < 101; i++) {\n\n					dis[i] = INT_MAX;\n\n				}\n\n				dis[start] = 0;\n\n				while (!Q.empty()) {\n\n					for (int i = 1; i <= island; i++) {\n\n						if (connect[Q.front()][i] != INT_MAX) {\n\n							if (dis[i] > dis[Q.front()] + connect[Q.front()][i]) {\n\n								dis[i] = dis[Q.front()] + connect[Q.front()][i];\n\n								Q.push(i);\n\n							}\n\n						}\n\n					}\n\n					Q.pop();\n\n				}\n\n				if (dis[goal] == INT_MAX)printf(""-1\n"");\n\n				else printf(""%d\n"", dis[goal]);\n\n			}\n\n		}\n\n		scanf(""%d %d"", &island, &query);\n\n	}\n\n	return 0;\n\n}",0.0
0133,1.0,4186170.125,2657238.0,"#include<iostream>\n\n#include<cstdio>\n\n#include<algorithm>\n\nusing namespace std;\n\nlong long int cost[101][101],k,n,a,b,c,d,e,which,go[101];\n\nbool used[101];\n\nvoid dij(int s){\n\n    fill(go,go+101,10000000);\n\n    fill(used,used+101,false);\n\n    go[s]=0;\n\n    while(true){\n\n        int v=-1;\n\n        for(int i=0;i<100;i++){\n\n            if(!used[i]&&(v==-1||go[i]<go[v]))v=i;\n\n        }\n\n        if(v==-1)break;\n\n        used[v]=true;\n\n        for(int i=0;i<100;i++){\n\n            go[i]=min(go[i],go[v]+cost[v][i]);\n\n        }\n\n    }\n\n}\n\nint main(){\n\n    for(;;){\n\n        cin>>n>>k;\n\n        if(n==0&&k==0)break;\n\n        fill(cost[0],cost[0]+101*101,10000000);\n\n        for(int i=0;i<k;i++){\n\n            cin>>which;\n\n            if(!which){\n\n                cin>>a>>b;\n\n                dij(a-1);\n\n                if(go[b-1]!=10000000)cout<<go[b-1]<<endl;\n\n                else cout<<-1<<endl;\n\n            }\n\n            else {\n\n                cin>>c>>d>>e;\n\n                cost[c-1][d-1]=min(cost[c-1][d-1],e);\n\n                cost[d-1][c-1]=min(cost[d-1][c-1],e);\n\n            }\n\n        }\n\n    }\n\n    return 0;\n\n}",0.0
0134,1.0,3426230.125,2590668.4375,"#include<iostream>\n\n#include<vector>\n\n\n\nusing namespace std;\n\n#define MAX 100000000\n\n#define Is 110\n\nint n, k,req, a, b, c, d, e, i ,j, map[Is][Is], ans;\n\n\n\n\n\nint dik(int s, int g){\n\n  vector<int> cost(Is, MAX), f(Is, 0);\n\n  cost[s] = 0;\n\n  for(i = 0; i < Is; i++){\n\n    f[s] = 1;\n\n    for(j = 0; j < Is; j++) if(!f[j] && map[s][j] != MAX && cost[j] > cost[s] + map[s][j]) cost[j] = cost[s] + map[s][j];\n\n    int min = MAX + 1;\n\n    for(j = 0; j < Is; j++) if(!f[j] && min > cost[j]) min = cost[s = j];\n\n  }\n\n  return cost[g];\n\n}\n\n\n\nint main(){\n\n  \n\n  while(cin >> n >> k, n != 0 || k != 0) { \n\n    for(i = 0; i < Is; i++) {\n\n      for(j = 0; j < Is; j++) {\n\n	map[i][j] = MAX;\n\n      }\n\n    }\n\n    \n\n    while(k--){\n\n      cin >> req;\n\n      \n\n      if(req){\n\n	cin >> c >> d >> e;\n\n	if(e < map[c][d]) map[c][d] = map[d][c] = e;\n\n      }\n\n      \n\n      else{\n\n	cin >> a >> b;\n\n	if((ans = dik(a, b)) != MAX) cout << ans << endl;\n\n	else cout << ""-1"" << endl;\n\n      }\n\n    }\n\n    \n\n  }\n\n  return 0;\n\n}\n\n  \n\n  ",0.0
0135,1.0,3698604.3125,1182910.1875,"#include<iostream>\n\n#include<cstring>\n\n#include<algorithm>\n\nusing namespace std;\n\n\n\nint main(){\n\n	int n,k;\n\n	int x[101][101];\n\n	int a,b,c,d,e;\n\n	int y[101][101];\n\n	int p;\n\n	int sum=1000000000;\n\n	bool s[101];\n\n	int h[101];\n\n	int h2[101][201];\n\n\n\n	while(true){\n\n		memset(x,127,sizeof(x));\n\n		memset(s,false,sizeof(s));\n\n		memset(h,0,sizeof(h));\n\n		cin>>n>>k;\n\n		if(n==0 && k==0){\n\n			break;\n\n		}\n\n		e=n;\n\n		sum=1000000000;\n\n		for(int i=0;i<k;i++){\n\n			memset(y,127,sizeof(y));\n\n			sum=1000000000;\n\n			p=10000000;\n\n			cin>>a;\n\n			if(a==0){\n\n				cin>>b>>c;\n\n				y[0][b]=0;\n\n				if(s[c]==true && s[b]==true){\n\n					for(int j=1;j<=e;j++){\n\n						for(int l=1;l<=n;l++){\n\n							if(y[j-1][l]<100000000){\n\n								for(int m=1;m<=h[l];m++){\n\n									if(x[l][h2[l][m]]<100000000){\n\n										y[j][h2[l][m]]=min(y[j][h2[l][m]],y[j-1][l]+x[l][h2[l][m]]);\n\n									}\n\n								}\n\n							}\n\n						}\n\n					}\n\n				}\n\n				for(int j=1;j<=n;j++){\n\n					sum=min(sum,y[j][c]);\n\n				}\n\n				if(sum>=1000000000){\n\n					sum=-1;\n\n				}\n\n				cout<<sum<<endl;\n\n			}\n\n\n\n			if(a==1){\n\n				cin>>b>>c>>d;\n\n				x[b][c]=min(x[b][c],d);\n\n				x[c][b]=min(x[c][b],d);\n\n				s[c]=true;\n\n				s[b]=true;\n\n				h[b]++;\n\n				h[c]++;\n\n				h2[b][h[b]]=c;\n\n				h2[c][h[c]]=b;\n\n			}\n\n		}\n\n	}\n\n	return 0;\n\n}",0.0
0141,1.0,3989463.875,2484906.5,"#include <cstdio>\n\n#include <cstring>\n\n#include <algorithm>\n\n#include <vector>\n\n#include <utility>\n\n\n\nusing namespace std;\n\n\n\ntypedef pair<int, int> pii;\n\n\n\n#define fst first\n\n#define scd second\n\n#define rep(i,x) for(int i=0;i<(x);++i)\n\n\n\ntemplate<typename T>bool chmin(T&a,T b){if(a>b){a=b;return true;}return false;}\n\n\n\nconst int inf = 1e9;\n\n\n\nint k[150];\n\nvector<pii> stone[150];\n\nint N, M;\n\n\n\nint memo[150][150][10];\n\n\n\nint rec(int n, int m, int i)\n\n{\n\n	if (n >= N - 1) return 0;\n\n\n\n	if (~memo[n][m][i]) return memo[n][m][i];\n\n\n\n	int res = inf;\n\n\n\n	rep(j, k[n + 1]) {\n\n		int dist = (stone[n][i].scd + stone[n + 1][j].scd) * abs(stone[n][i].fst - stone[n + 1][j].fst);\n\n		chmin(res, dist + rec(n + 1, m, j));\n\n	}\n\n\n\n	if (m < M) {\n\n		if (n + 2 >= N) return 0;\n\n		rep(j, k[n + 2]) {\n\n			int dist = (stone[n][i].scd + stone[n + 2][j].scd) * abs(stone[n][i].fst - stone[n + 2][j].fst);\n\n			chmin(res, dist + rec(n + 2, m + 1, j));\n\n		}\n\n	}\n\n\n\n	return memo[n][m][i] = res;\n\n}\n\n\n\nsigned main()\n\n{\n\n	while (scanf(""%d %d"", &N, &M), N || M) {\n\n		rep(i, N) {\n\n			scanf(""%d"", &k[i]);\n\n\n\n			stone[i].resize(k[i]);\n\n\n\n			rep(j, k[i]) {\n\n				int x, d; scanf(""%d %d"", &x, &d);\n\n				stone[i][j].fst = x, stone[i][j].scd = d;\n\n			}\n\n		}\n\n\n\n		int ans = inf;\n\n\n\n		rep(i, k[0]) {\n\n			memset(memo, -1, sizeof(memo));\n\n			chmin(ans, rec(0, 0, i));\n\n		}\n\n\n\n		if (M > 0) {\n\n			rep(i, k[1]) {\n\n				memset(memo, -1, sizeof(memo));\n\n				chmin(ans, rec(1, 1, i));\n\n			}\n\n		}\n\n\n\n		printf(""%d\n"", ans);\n\n	}\n\n}",0.0
0143,1.0,14994161.3125,2810490.0,"#include<iostream>\n\n#include<cstdio>\n\n#include<algorithm>\n\n#include<vector>\n\n#include<queue>\n\n#define F first\n\n#define S second\n\n#define pb push_back\n\n#define rep(i,n) for(int i=0;i<n;i++)\n\n#define all(n) n.begin(),n.end()\n\nusing namespace std;\n\nbool used[3010][3010];\n\nstatic const short dy[] = {0,1,0,-1};\n\nstatic const short dx[] = {1,0,-1,0};\n\nint h,w;\n\ntypedef pair<int,int> P;\n\n \n\nint main(){\n\n  int n;\n\n  while(true){\n\n    cin >> w >> h;\n\n    if(w+h == 0)break;\n\n    cin >> n;\n\n    int x1[n],x2[n],y1[n],y2[n];\n\n    vector<int> x,y;\n\n    for(int i=0;i<n;i++){\n\n      cin >> x1[i] >> y1[i] >> x2[i] >> y2[i];\n\n      x.pb(x1[i]);y.pb(y1[i]);x.pb(x2[i]);y.pb(y2[i]);\n\n    }\n\n    x.pb(0); x.pb(w); y.pb(0); y.pb(h);\n\n     \n\n    sort(all(x)); sort(all(y));\n\n    x.erase(unique(all(x)),x.end()); y.erase(unique(all(y)),y.end());\n\n    \n\n    int limx = x.size(),limy = y.size();\n\n    rep(i,3010)rep(j,3010)used[i][j] = false;\n\n    \n\n    rep(i,n){\n\n      x1[i] = find(all(x),x1[i])-x.begin();\n\n      //cout << ""x1[i] = "" << x1[i];\n\n      y1[i] = find(all(y),y1[i])-y.begin();\n\n      //cout << "", y1[i] = "" << y1[i];\n\n      x2[i] = find(all(x),x2[i])-x.begin();\n\n      //cout << "", x2[i] = "" << x2[i];\n\n      y2[i] = find(all(y),y2[i])-y.begin();\n\n      //cout << "", y2[i] = "" << y2[i] << endl;\n\n    \n\n    \n\n    }\n\n    int cnt = 0;\n\n    rep(i,limy)rep(j,limx)used[i][j] = i==limy-1||j==limx-1;\n\n    queue<P> que;\n\n\n\n    rep(i,n)for(int k=x1[i];k<x2[i];k++){\n\n    for(int j=y1[i];j<y2[i];j++)used[j][k] = true;\n\n      }\n\n     \n\n    rep(i,limy){\n\n      rep(j,limx){\n\n    if(!used[i][j]){\n\n      que.push(P(j,i));\n\n      cnt++;\n\n      used[i][j] = true;\n\n      while(!que.empty()){\n\n        P p = que.front(); que.pop();\n\n        rep(k,4){\n\n          int nx = p.F+dx[k],ny = p.S+dy[k];\n\n          if(0<=nx && nx <limx-1 && 0<= ny && ny <limy-1 && !used[ny][nx]){\n\n        used[ny][nx] = true;\n\n        que.push(P(nx,ny));\n\n          }\n\n        }\n\n \n\n      }\n\n    }\n\n      }\n\n    }\n\n   \n\n \n\n \n\n    cout << cnt << endl;\n\n \n\n \n\n \n\n \n\n \n\n  }\n\n  return 0;\n\n}",0.0
0145,1.0,1112396.875,996305.75,"#include <stdio.h>\n\n//#include <windows.h>\n\n\n\nint masu[100][100],mx,ice[100][100],n,m;\n\n\n\n/**\n\nvoid print()\n\n{\n\n	system(""cls"");\n\n	for(int i=1;i<=n;i++){\n\n		for(int j=1;j<=m;j++){\n\n			printf(""%d "",masu[i][j]);\n\n		}\n\n		puts("""");\n\n	}\n\n}\n\n/**/\n\n\n\nvoid func(int x,int y,int now)\n\n{\n\n//	printf(""%d"",now);\n\n//	print();\n\n	\n\n	if(masu[x+1][y]==1){\n\n		masu[x][y]=0;\n\n		func(x+1,y,now+1);\n\n		masu[x][y]=1;\n\n	}\n\n	if(masu[x-1][y]==1){\n\n		masu[x][y]=0;\n\n		func(x-1,y,now+1);\n\n		masu[x][y]=1;\n\n	}\n\n	if(masu[x][y+1]==1){\n\n		masu[x][y]=0;\n\n		func(x,y+1,now+1);\n\n		masu[x][y]=1;\n\n	}\n\n	if(masu[x][y-1]==1){\n\n		masu[x][y]=0;\n\n		func(x,y-1,now+1);\n\n		masu[x][y]=1;\n\n	}\n\n	else {\n\n		if(mx<now){\n\n			mx=now;\n\n		}\n\n	}\n\n}\n\n\n\nvoid func2()\n\n{\n\n	int i,j;\n\n	for(i=1;i<=n;i++){\n\n		for(j=1;j<=m;j++){\n\n			masu[i][j]=ice[i][j];\n\n		}\n\n	}\n\n}\n\n\n\nint main(void)\n\n{\n\n	int i,j;\n\n	\n\n	while(scanf(""%d%d"",&m,&n),n,m){\n\n		for(i=1;i<=n;i++){\n\n			for(j=1;j<=m;j++){\n\n				scanf(""%d"",&ice[i][j]);\n\n			}\n\n		}\n\n		for(i=1;i<=n;i++){\n\n			for(j=1;j<=m;j++){\n\n				func2();\n\n				if(masu[i][j]==1){\n\n					func(i,j,1);\n\n				}\n\n			}\n\n		}\n\n		for(i=0;i<100;i++){\n\n			for(j=0;j<100;j++){\n\n				ice[i][j]=0;\n\n				masu[i][j]=0;\n\n			}\n\n		}\n\n		printf(""%d\n"",mx);\n\n		n=0;\n\n		m=0;\n\n		mx=0;\n\n	}\n\n	\n\n	return 0;\n\n}",0.0
0146,1.0,7960323.6875,5223633.1875,"#include <iostream>\n\n\n\nusing namespace std;\n\nconst int mod = 100000;\n\n\n\nint dp[2][2001][3001];\n\n\n\nint main(int argc, char const* argv[])\n\n{\n\n	int n, m, s;\n\n	do{\n\n			cin >> n >> m >> s;\n\n			if(n == 0)break;\n\n			for(int i = 0; i < n * n; i++){\n\n					for(int j = 1; j <= m; j++){\n\n							for(int k = 1; k <= s; k++){\n\n									if(i == 1){\n\n											if(j < k)dp[1][j][k] = 0;\n\n											else dp[1][j][k] = 1;\n\n									}\n\n									dp[(i + 1) & 1][j][k] = dp[(i + 1) & 1][j-1][k];\n\n									if(k -j >= 0)dp[(i + 1) & 1][j][k] += dp[i & 1][j-1][k-j];\n\n									dp[(i + 1) & 1][j][k] %= mod;\n\n									// cout << i << "" "" << j << "" "" << k << "" "" << dp[(i + 1) & 1][j][k] << endl;\n\n							}\n\n					}\n\n			}\n\n			cout << dp[(n*n) & 1][m][s] << endl;\n\n	}while(true);\n\n	return 0;\n\n}\n\n\n",0.0
0147,1.0,9289915.4375,6011199.4375,"#include <iostream>\n\n#include <queue>\n\n#include <algorithm>\n\nusing namespace std;\n\nint dp[2][55][3005];\n\nint n,m,s;\n\nint main(void){\n\n    while(1){\n\n    cin>>n>>m>>s;\n\n    if(!n&&!m&&!s)break;\n\n    n*=n;\n\n    for(int i=0;i<=n;i++){\n\n        for(int j=0;j<=s;j++){\n\n            dp[0][i][j]=0;\n\n            dp[1][i][j]=0;\n\n        }\n\n    }\n\n    dp[0][0][0]=1;\n\n    for(int i=1;i<=m;i++){\n\n        for(int j=0;j<=n;j++){\n\n            for(int k=0;k<=s;k++){\n\n                dp[i%2][j][k]=dp[(i+1)%2][j][k];\n\n                if(k-i>=0&&j>0)dp[i%2][j][k]=(dp[(i+1)%2][j-1][k-i]+dp[i%2][j][k])%100000;\n\n                \n\n            }\n\n        }\n\n    }\n\n    cout<<dp[m%2][n][s]<<endl;\n\n    }\n\n}",0.0
0148,1.0,7889284.625,6123932.75,"#include ""stdc++.h""\n\n\n\nusing namespace std;\n\n\n\n#define REP(i,a,b) for(int i=a;i<(int)b;i++)\n\n#define rep(i,n) REP(i,0,n)\n\n#define all(c) (c).begin(), (c).end()\n\n#define zero(a) memset(a, 0, sizeof a)\n\n#define minus(a) memset(a, -1, sizeof a)\n\n#define watch(a) { cout << #a << "" = "" << a << endl; }\n\ntemplate<class T1, class T2> inline bool minimize(T1 &a, T2 b) { return b < a && (a = b, 1); }\n\ntemplate<class T1, class T2> inline bool maximize(T1 &a, T2 b) { return a < b && (a = b, 1); }\n\n\n\ntypedef long long ll;\n\nint const inf = 1<<29;\n\n\n\nint dp[55][3030];\n\n\n\nint main() {\n\n\n\n  int const MOD = 100000;\n\n\n\n  for(int N, M, S; cin >> N >> M >> S && (N|M|S);) {\n\n    rep(i, 55) rep(j, 3030)\n\n      dp[i][j] = 0;\n\n\n\n    dp[0][0] = 1;\n\n\n\n    REP(add, 1, M + 1) {\n\n      for(int currIndex = N * N; currIndex >= 1; currIndex--) {\n\n        for(int currSum = add; currSum <= S; currSum++) {\n\n          (dp[currIndex][currSum] += dp[currIndex - 1][currSum - add]) %= MOD;\n\n        }\n\n      }\n\n    }\n\n\n\n    cout << dp[N*N][S] << endl;\n\n  }\n\n  \n\n  return 0;\n\n}",0.0
0149,1.0,6170399.6875,5282533.6875,"\n\n//y09-6 ビンゴ(2回目)\n\n#include <iostream>\n\n#include <fstream>\n\n#include <stdio.h>\n\n#include <math.h>\n\n#include <time.h>\n\n#include <string>\n\n#include <vector>\n\n#include <map>\n\n#include <list>\n\n#include <set>\n\n#include <stack>\n\n#include <queue>\n\n#include <cstdlib>\n\n#include <algorithm>\n\n#include <random>\n\n#include <cassert>\n\nusing namespace std;\n\n#define LL long long\n\n#undef INT_MIN\n\n#undef INT_MAX\n\n#define INT_MIN -2147483648\n\n#define INT_MAX 2147483647\n\n#define LL_MIN -9223372036854775808\n\n#define LL_MAX 9223372036854775807\n\n#define segment_size 65536\n\n#define ROOP() while (true)\n\n\n\nint main(){\n\n    ROOP(){\n\n        int N,M,S;\n\n        cin >> N >> M >> S;\n\n        if(N==0) return 0;\n\n\n\n        int dp[50][3001];\n\n        for(int i=0; i<50; i++){\n\n            for(int j=0; j<3001; j++){\n\n                dp[i][j] = 0;\n\n            }\n\n        }\n\n        dp[0][0] = 1;\n\n\n\n        for(int i=1; i<=M; i++){\n\n            for(int j=N*N; j>=1; j--){\n\n                for(int k=i; k<=S; k++){\n\n                    dp[j][k] += dp[j-1][k-i];\n\n                    dp[j][k] %= 100000;\n\n                }\n\n            }\n\n        }\n\n        cout << dp[N*N][S] << endl;\n\n\n\n    }\n\n    return 0;\n\n}\n\n\n\n\n",0.0
0150,1.0,2567438.625,1018462.0,"#include <vector>\n\n#include <iostream>\n\n#include <algorithm>\n\n\n\nusing namespace std;\n\n\n\nint main()\n\n{\n\n	int D, N, M;\n\n\n\n	while (true)\n\n	{\n\n		cin >> D;\n\n\n\n		if (D == 0) { break; }\n\n		\n\n		cin >> N >> M;\n\n\n\n		vector<int> S(N + 1);\n\n		vector<int> T(M);\n\n\n\n		S[0] = 0;\n\n		S[N] = D;\n\n\n\n		for (int i = 1; i < N; i++) { cin >> S[i]; }\n\n		for (int i = 0; i < M; i++) { cin >> T[i]; }\n\n\n\n		sort(S.begin(), S.end());\n\n\n\n		long long distance_ = 0;\n\n\n\n		for (int i = 0; i < M; i++)\n\n		{\n\n			int l = *(upper_bound(S.begin(), S.end(), T[i]) - 1);\n\n			int r = *lower_bound(S.begin(), S.end(), T[i]);\n\n\n\n			distance_ += min(T[i] - l, r - T[i]);\n\n		}\n\n\n\n		cout << distance_ << endl;\n\n	}\n\n	\n\n	return 0;\n\n}",0.0
0151,1.0,3831468.125,2124786.5,"#include""stdc++.h""\n\n#include<algorithm>\n\n#include<vector>\n\n#include<queue>\n\nusing namespace std;\n\ntypedef long long ll;\n\n\n\nint main(){\n\n	int d,n,m,x[100000],c[10000];\n\n	while(scanf(""%d"",&d),d){\n\n		scanf(""%d%d"",&n,&m);\n\n		x[0]=0;\n\n		for(int i=1;i<n;i++) scanf(""%d"",&x[i]);\n\n		for(int i=0;i<m;i++) scanf(""%d"",&c[i]);\n\n		int p[100001];\n\n		for(int i=0;i<n;i++) p[i]=x[i];\n\n		p[n]=d;\n\n		sort(p,p+n+1);\n\n		int res=0;\n\n		for(int i=0;i<m;i++){\n\n			int *lb=lower_bound(p,p+n+1,c[i]);\n\n			if(c[i]!=0) res+=min(lb[0]-c[i],c[i]-lb[-1]);\n\n		}\n\n		printf(""%d\n"",res);\n\n	}\n\n}",0.0
0153,1.0,3406457.6875,1445085.9375,"#include<vector>\n\n#include<algorithm>\n\n#include<iostream>\n\n#include<string>\n\n#include<cstdio>\n\n#include<cstdlib>\n\n#include<cstring>\n\n#include<cmath>\n\nusing namespace std;\n\nint main(){\n\n  int i,j;\n\n  int d,m,n,p;\n\n  int sm;\n\n  vector<int> a;\n\n  while(cin>>d&&d){\n\n    cin>>m>>n;\n\n    a.clear();\n\n    a.push_back(0);\n\n    for(i=0;i<m-1;i++){\n\n      int c;\n\n      cin>>c;\n\n      a.push_back(c);\n\n    }\n\n    a.push_back(d);\n\n    sort(a.begin(),a.end());\n\n    sm=0;\n\n    for(i=0;i<n;i++){\n\n      cin>>p;\n\n      for(j=0;;j++){\n\n	if(a[j]<=p&&p<a[j+1])\n\n	  break;\n\n      }\n\n      sm+=min(p-a[j],a[j+1]-p);\n\n    }\n\n    cout<<sm<<endl;\n\n  }\n\n  return 0;\n\n}",0.0
0155,1.0,2531153.0,2531153.0,"#include <cstdio>\n\n#include <algorithm>\n\n#include <vector>\n\n#include <utility>\n\n\n\nusing namespace std;\n\n\n\nint N,M,H,K;\n\n\n\ntypedef pair<int,int> cor_t;//height, vertStcik index\n\n\n\nstruct knot_t{\n\n    int col;\n\n    int score;\n\n    bool turned;//対応する横棒で曲がる得点　ここで曲がったことありますか\n\n    knot_t* parallel;\n\n    knot_t* next;\n\n};\n\n\n\nint scores[1005];\n\ncor_t horizontalSticks[100007];\n\nvector<knot_t> vertSticks[1005];\n\n\n\nvoid init(){\n\n    for(int i=1;i<=N;i++) scanf(""%d"",scores+i);\n\n    for(int i=1;i<=M;i++){\n\n        scanf(""%d"",&horizontalSticks[i].second);\n\n        scanf(""%d"",&horizontalSticks[i].first);\n\n        horizontalSticks[i].first=H-horizontalSticks[i].first;\n\n    }\n\n    for(int i=1;i<=N;i++) vertSticks[i].clear(),vertSticks[i].reserve(1005);\n\n}\n\n\n\nvoid search(knot_t& a){\n\n    a.turned=true;\n\n    auto nextptr=a.parallel->next;\n\n    if (nextptr&&!nextptr->turned) search(*nextptr);\n\n}\n\n\n\nint main(){\n\n\n\n    while(scanf(""%d%d%d%d"",&N,&M,&H,&K)\n\n        &&\n\n        N&&M&&H&&K){\n\n        init();\n\n        sort(horizontalSticks+1,horizontalSticks+M+1);\n\n        for(int i=1;i<=M;i++){\n\n            auto &cur=horizontalSticks[i];\n\n            int leftIndex=cur.second,rightIndex=leftIndex+1;\n\n            auto &left=vertSticks[leftIndex],&right=vertSticks[rightIndex];\n\n            auto leftTop=left.empty()?nullptr:&left.back(),\n\n                 rightTop=right.empty()?nullptr:&right.back();\n\n            int leftScore=left.empty()?scores[leftIndex]:left.back().score,\n\n                rightScore=right.empty()?scores[rightIndex]:right.back().score;\n\n            //左/右の縦棒から直行する時の得点\n\n            left.push_back(\n\n                {cur.second,rightScore,false,nullptr,leftTop}\n\n                );\n\n            right.push_back(\n\n                {cur.second+1,leftScore,false,nullptr,rightTop}\n\n                );\n\n            left.back().parallel=&right.back();\n\n            right.back().parallel=&left.back();\n\n        }\n\n\n\n        for(int i=1;i<=K;i++) if (!vertSticks[i].empty()) search(vertSticks[i].back());\n\n\n\n        int sum=0;\n\n        for(int i=1;i<=K;i++) sum+=vertSticks[i].empty()?scores[i]:vertSticks[i].back().score;\n\n\n\n        int diff=0;\n\n        for(int i=1;i<=N;i++){\n\n            auto &curCol=vertSticks[i];\n\n            for(auto &a:curCol){\n\n                auto &fst=a,&snd=*a.parallel;\n\n                auto fstCandidate=fst.next?fst.next->score:scores[fst.col];\n\n                auto sndCandidate=snd.next?snd.next->score:scores[snd.col];\n\n                diff=min(diff,fst.turned*(fstCandidate-fst.score)+snd.turned*(sndCandidate-snd.score));\n\n            }\n\n        }\n\n        printf(""%d\n"",sum+diff);\n\n    }\n\n\n\n\n\n    return 0;\n\n}\n",0.0
0156,1.0,3633230.0,2432252.4375,"#include<algorithm>\n\n#include<iostream>\n\n#include<string>\n\n#include<cstdlib>\n\n#include<cstring>\n\n#include<cmath>\n\nusing namespace std;\n\nint main(){\n\n  int i;\n\n  int n,m,h,k;\n\n  while(cin>>n>>m>>h>>k&&n+m+h+k){\n\n    int a[1000];\n\n    for(i=0;i<n;i++)\n\n      cin>>a[i];\n\n    pair<int,int> b[100000];\n\n    for(i=0;i<m;i++){\n\n      int p,q;\n\n      cin>>p>>q;\n\n      b[i]=make_pair(q,p);\n\n    }\n\n    sort(b,b+m);\n\n    int c[1000];\n\n    for(i=0;i<n;i++)\n\n      c[i]=i;\n\n    for(i=0;i<m;i++){\n\n      int p;\n\n      p=c[b[i].second-1];\n\n      c[b[i].second-1]=c[b[i].second];\n\n      c[b[i].second]=p;\n\n      b[i]=make_pair(c[b[i].second],c[b[i].second-1]);\n\n    }\n\n    pair<int,int> d[1000];\n\n    for(i=0;i<n;i++)\n\n      d[i]=make_pair(c[i],a[i]);\n\n    sort(d,d+n);\n\n    int sm=0;\n\n    for(i=0;i<k;i++)\n\n      sm+=d[i].second;\n\n    int mn=sm;\n\n    for(i=0;i<m;i++){\n\n      if(b[i].first<k&&b[i].second>=k){\n\n	if(d[b[i].first].second>d[b[i].second].second)\n\n	  mn=min(mn,sm-d[b[i].first].second+d[b[i].second].second);\n\n      }\n\n      if(b[i].first>=k&&b[i].second<k){\n\n	if(d[b[i].first].second<d[b[i].second].second)\n\n	  mn=min(mn,sm+d[b[i].first].second-d[b[i].second].second);\n\n      }\n\n    }\n\n    cout<<mn<<endl;\n\n  }\n\n  return 0;\n\n}",0.0
