2025-01-21 00:00:12,582	[DEBUG]	==== CONFIG ====
[magpie]
import = 
seed = 3426767419710513
log_dir = _magpie_logs
work_dir = _magpie_work
local_original_copy = True
local_original_name = __original__
output_encoding = ascii
edit_retries = 10
default_timeout = 30
default_lengthout = 10000.0
diff_method = unified
trust_local_filesystem = True

[magpie.log]
color_output = True
format_info = {counter:<7} {status:<20} {best}{fitness} ({ratio}) [{size}] {cached} {log}
format_debug = patch({counter})="{patch}"{diffifbest}
format_fitness = {:.2f}
format_ratio = {:.2%%}
format_patchif = 
	 --> {patch}
format_diffif = 
	{diff}

[software]
path = dataset/magpie_dataset/test/0012
target_files = 
	source.cpp
software = BasicSoftware
model_rules = 
	*.params : ParamFileConfigModel
	*.xml : SrcmlModel
	* : LineModel
model_config = 
	*.params : [paramconfig]
	*.xml : [srcml]
init_cmd = 
init_timeout = 60
init_lengthout = -1
setup_cmd = bash setup.sh
setup_timeout = 
setup_lengthout = 
compile_cmd = bash compile.sh
compile_timeout = 
compile_lengthout = 
test_cmd = bash test.sh
test_timeout = 
test_lengthout = 
run_cmd = bash run.sh
run_timeout = 3
run_lengthout = 
batch_timeout = 
batch_lengthout = 
batch_bin_fitness_strategy = aggregate
batch_fitness_strategy = sum
fitness = time

[srcml]
rename = 
	stmt: break continue decl_stmt do expr_stmt for goto if return switch while
	number: literal_number
focus = block stmt operator_comp operator_arith number
internodes = block
process_pseudo_blocks = True
process_literals = True
process_operators = True

[paramconfig]
timing = test run
cli_prefix = --
cli_glue = =
cli_boolean = show
cli_boolean_prefix_true = 
cli_boolean_prefix_false = no-
cli_none = hide
silent_prefix = @
silent_suffix = $

[search]
protocol = BasicProtocol
algorithm = GeneticProgrammingLLM
possible_edits = 
	LineLLMMutation
	LineLLMCrossover
	LineDeletion
	LineInsertion
	LineReplacement
llm_prob = 1.0
warmup = 5
warmup_strategy = last
max_steps = 200
max_time = 20000
target_fitness = 
cache_maxsize = 100
cache_keep = 0.2
batch_instances = 
batch_shuffle = True
batch_bin_shuffle = False
batch_sample_size = 1

[search.ls]
delete_prob = 0.5
max_neighbours = 
when_trapped = continue
accept_fail = False
tabu_length = 10

[search.gp]
pop_size = 20
delete_prob = 0.0
offspring_elitism = 0.2
offspring_crossover = 0.4
offspring_mutation = 0.4
uniform_rate = 0.5
batch_reset = True

[search.minify]
do_cleanup = True
do_rebuild = True
do_simplify = True
round_robin_limit = 3


2025-01-21 00:00:12,582	[DEBUG]	
2025-01-21 00:00:12,582	[INFO]	==== SEARCH: GeneticProgrammingLLM ====
2025-01-21 00:00:12,582	[INFO]	~~~~ WARMUP ~~~~
2025-01-21 00:00:13,537	[DEBUG]	EXEC>  SUCCESS 2879867.0
2025-01-21 00:00:13,537	[INFO]	WARM    SUCCESS               2879867.00 (--) [0 edit(s)]  
2025-01-21 00:00:14,163	[DEBUG]	EXEC>  SUCCESS 2790175.0625
2025-01-21 00:00:14,164	[INFO]	WARM    SUCCESS               2790175.06 (--) [0 edit(s)]  
2025-01-21 00:00:14,791	[DEBUG]	EXEC>  SUCCESS 2766201.1875
2025-01-21 00:00:14,792	[INFO]	WARM    SUCCESS               2766201.19 (--) [0 edit(s)]  
2025-01-21 00:00:15,412	[DEBUG]	EXEC>  SUCCESS 2748852.625
2025-01-21 00:00:15,412	[INFO]	WARM    SUCCESS               2748852.62 (--) [0 edit(s)]  
2025-01-21 00:00:16,049	[DEBUG]	EXEC>  SUCCESS 2942238.0625
2025-01-21 00:00:16,049	[INFO]	WARM    SUCCESS               2942238.06 (--) [0 edit(s)]  
2025-01-21 00:00:16,049	[INFO]	REF     SUCCESS               2942238.06 (--) [0 edit(s)]  
2025-01-21 00:00:16,049	[INFO]	
2025-01-21 00:00:16,049	[INFO]	~~~~ START ~~~~
2025-01-21 00:01:06,276	[DEBUG]	EXEC>  SUCCESS 2832253.6875
2025-01-21 00:01:06,276	[INFO]	0-1     SUCCESS              *2832253.69 (96.26%) [1 edit(s)]  
2025-01-21 00:01:06,276	[DEBUG]	patch(0-1)="LineLLMMutation(('source.cpp', 0), '#include <iostream>\n#include <cmath>\n\nusing namespace std;\n\nlong long int factorial_mod(long long int n) {\n    long long int ans = 1;\n    for (int i = 2; i <= n; i++) {\n        ans = (ans * i) % (1000000007); // Using constant instead of pow\n    }\n    return ans;\n}\n\nint main() {\n    long long int n;\n    cin >> n;\n    cout << factorial_mod(n) << endl;\n    return 0;\n}')"

2025-01-21 00:01:07,914	[DEBUG]	EXEC>  SUCCESS 2941088.8125
2025-01-21 00:01:07,914	[INFO]	0-2     SUCCESS               2941088.81 (99.96%) [1 edit(s)]  
2025-01-21 00:01:07,914	[DEBUG]	patch(0-2)="LineLLMMutation(('source.cpp', 1), '#include <iostream>\n#include <cmath>\n\nusing namespace std;\n\nint main() {\n    long long int n;\n    cin >> n;\n    long long int ans = 1;\n\n    const long long int MOD = 1000000007; // Precompute constant\n    \n    for (int i = 1; i <= n; i++) {\n        ans = (ans * i) % MOD;\n    }\n\n    cout << ans << endl;\n    return 0;\n}')"
2025-01-21 00:01:09,533	[DEBUG]	EXEC>  SUCCESS 2692868.1875
2025-01-21 00:01:09,533	[INFO]	0-3     SUCCESS              *2692868.19 (91.52%) [1 edit(s)]  
2025-01-21 00:01:09,533	[DEBUG]	patch(0-3)="LineLLMMutation(('source.cpp', 2), '#include <iostream>\n#include <cmath>\n#include <cstdint> // Added for uint64_t\n\nusing namespace std;\n\nint main() {\n    long long int n;\n    cin >> n;\n    uint64_t ans = 1; // Changed to uint64_t to handle large numbers\n\n    for (int i = 1; i <= n; i++) {\n        ans = (ans * i) % (1000000007);\n    }\n\n    cout << ans << endl;\n    return 0;\n}')"

2025-01-21 00:01:11,163	[DEBUG]	EXEC>  SUCCESS 2743087.25
2025-01-21 00:01:11,163	[INFO]	0-4     SUCCESS               2743087.25 (93.23%) [1 edit(s)]  
2025-01-21 00:01:11,163	[DEBUG]	patch(0-4)="LineLLMMutation(('source.cpp', 3), '#include <iostream>\n#include <cmath>\n\nusing namespace std;\n\nlong long int factorial_mod(long long int n) {\n    long long int ans = 1;\n    for (int i = 1; i <= n; i++) {\n        ans = (ans * i) % (1000000007);\n    }\n    return ans;\n}\n\nint main() {\n    long long int n;\n    cin >> n;\n    cout << factorial_mod(n) << endl;\n    return 0;\n}')"
2025-01-21 00:01:12,792	[DEBUG]	EXEC>  SUCCESS 2793166.875
2025-01-21 00:01:12,792	[INFO]	0-5     SUCCESS               2793166.88 (94.93%) [1 edit(s)]  
2025-01-21 00:01:12,792	[DEBUG]	patch(0-5)="LineLLMMutation(('source.cpp', 4), '#include <iostream>\n#include <cmath>\n#include <cstdio> // Include for faster I/O\n\nusing namespace std;\n\nint main() {\n    long long int n;\n    scanf("%lld", &n); // Using scanf for faster input\n    long long int ans = 1;\n\n    for (int i = 1; i <= n; i++) {\n        ans = (ans * i) % (1000000007);\n    }\n\n    printf("%lld\\n", ans); // Using printf for faster output\n    return 0;\n}')"
2025-01-21 00:01:14,438	[DEBUG]	EXEC>  SUCCESS 4735615.0
2025-01-21 00:01:14,438	[INFO]	0-6     SUCCESS               4735615.00 (160.95%) [1 edit(s)]  
2025-01-21 00:01:14,439	[DEBUG]	patch(0-6)="LineLLMMutation(('source.cpp', 5), '#include <iostream>\n#include <cmath>\nusing namespace std;\n\nconst int MAX_N = 100000; // Define a maximum limit\nlong long int factorial[MAX_N + 1];\n\nvoid precompute_factorials() {\n    factorial[0] = 1;\n    for (int i = 1; i <= MAX_N; i++) {\n        factorial[i] = (factorial[i - 1] * i) % (1000000007);\n    }\n}\n\nint main() {\n    long long int n;\n    precompute_factorials();\n    cin >> n;\n    cout << factorial[n] << endl;\n    return 0;\n}')"
2025-01-21 00:01:16,072	[DEBUG]	EXEC>  SUCCESS 2761681.0625
2025-01-21 00:01:16,072	[INFO]	0-7     SUCCESS               2761681.06 (93.86%) [1 edit(s)]  
2025-01-21 00:01:16,072	[DEBUG]	patch(0-7)="LineLLMMutation(('source.cpp', 6), '#include <iostream>\n#include <cmath>\nusing namespace std;\n\nint main() {\n    long long int n;\n    cin >> n;\n    long long int ans = 1;\n\n    for (int i = 2; i <= n; i++) { // Start from 2 to skip multiplying by 1\n        ans = (ans * i) % (1000000007);\n    }\n\n    cout << ans << endl;\n    return 0;\n}')"
2025-01-21 00:01:17,723	[DEBUG]	EXEC>  SUCCESS 2972685.1875
2025-01-21 00:01:17,724	[INFO]	0-8     SUCCESS               2972685.19 (101.03%) [1 edit(s)]  
2025-01-21 00:01:17,724	[DEBUG]	patch(0-8)="LineLLMMutation(('source.cpp', 7), '#include <iostream>\n#include <cmath>\nusing namespace std;\n\nint main() {\n    long long int n;\n    cin >> n;\n    long long int ans = 1;\n    const long long MOD = 1000000007;\n\n    for (int i = 1; i <= n; i++) {\n        ans = (ans % MOD * i % MOD) % MOD; // Ensure all operations are modular\n    }\n\n    cout << ans << endl;\n    return 0;\n}')"
2025-01-21 00:01:19,369	[DEBUG]	EXEC>  SUCCESS 3148934.75
2025-01-21 00:01:19,370	[INFO]	0-9     SUCCESS               3148934.75 (107.03%) [1 edit(s)]  
2025-01-21 00:01:19,370	[DEBUG]	patch(0-9)="LineLLMMutation(('source.cpp', 8), '#include <iostream>\n#include <cmath>\nusing namespace std;\n\nint main() {\n    long long int n;\n    cin >> n;\n    long long int ans = 1;\n    const long long MOD = 1000000007;\n\n    if (n >= 4) {\n        ans = (ans * 1) % MOD;\n        ans = (ans * 2) % MOD;\n        ans = (ans * 3) % MOD;\n        for (int i = 4; i <= n; i++) {\n            ans = (ans * i) % MOD;\n        }\n    } else {\n        for (int i = 1; i <= n; i++) {\n            ans = (ans * i) % MOD;\n        }\n    }\n\n    cout << ans << endl;\n    return 0;\n}')"
2025-01-21 00:01:21,144	[DEBUG]	EXEC>  SUCCESS 3067745.1875
2025-01-21 00:01:21,144	[INFO]	0-10    SUCCESS               3067745.19 (104.27%) [1 edit(s)]  
2025-01-21 00:01:21,145	[DEBUG]	patch(0-10)="LineLLMMutation(('source.cpp', 9), '#include <iostream>\n#include <cmath>\nusing namespace std;\n\nint main() {\n    long long int n;\n    cin >> n;\n    long long int ans = 1;\n    const long long MOD = 1000000007;\n    int i = 1;\n\n    while (i <= n) {\n        ans = (ans * i) % MOD;\n        i++;\n    }\n\n    cout << ans << endl;\n    return 0;\n}')"
2025-01-21 00:01:22,701	[DEBUG]	EXEC>  SUCCESS 2957763.875
2025-01-21 00:01:22,701	[INFO]	0-11    SUCCESS               2957763.88 (100.53%) [1 edit(s)]  
2025-01-21 00:01:22,701	[DEBUG]	patch(0-11)="LineLLMMutation(('source.cpp', 10), '#include <iostream>\n\nusing namespace std;\n\nint main() {\n    long long int n;\n    cin >> n;\n    long long int ans = 1;\n    const long long MOD = 1000000007;\n\n    for (int i = 1; i <= n; i++) {\n        ans = (ans * i) % MOD;\n    }\n\n    cout << ans << endl;\n    return 0;\n}')"
2025-01-21 00:01:24,261	[DEBUG]	EXEC>  SUCCESS 2782751.0
2025-01-21 00:01:24,261	[INFO]	0-12    SUCCESS               2782751.00 (94.58%) [1 edit(s)]  
2025-01-21 00:01:24,261	[DEBUG]	patch(0-12)="LineLLMMutation(('source.cpp', 11), '#include <iostream>\n\nusing namespace std;\n\nint main() {\n    int n; // Changed long long to int\n    cin >> n;\n    long long int ans = 1;\n    const long long MOD = 1000000007;\n\n    for (int i = 1; i <= n; i++) {\n        ans = (ans * i) % MOD;\n    }\n\n    cout << ans << endl;\n    return 0;\n}')"
2025-01-21 00:01:25,804	[DEBUG]	EXEC>  SUCCESS 2877677.125
2025-01-21 00:01:25,804	[INFO]	0-13    SUCCESS               2877677.12 (97.81%) [1 edit(s)]  
2025-01-21 00:01:25,804	[DEBUG]	patch(0-13)="LineLLMMutation(('source.cpp', 12), '#include <iostream>\n\nusing namespace std;\n\nint main() {\n    long long int n;\n    cin >> n;\n    if (n == 0) {\n        cout << 1 << endl; // Factorial of 0 is 1\n        return 0;\n    }\n    long long int ans = 1;\n    const long long MOD = 1000000007;\n\n    for (int i = 1; i <= n; i++) {\n        ans = (ans * i) % MOD;\n    }\n\n    cout << ans << endl;\n    return 0;\n}')"
2025-01-21 00:01:27,353	[DEBUG]	EXEC>  SUCCESS 2738293.375
2025-01-21 00:01:27,353	[INFO]	0-14    SUCCESS               2738293.38 (93.07%) [1 edit(s)]  
2025-01-21 00:01:27,353	[DEBUG]	patch(0-14)="LineLLMMutation(('source.cpp', 13), '#include <iostream>\n\nusing namespace std;\n\nlong long int (*factorial_func)(long long int);\n\nlong long int factorial_mod(long long int n) {\n    long long int ans = 1;\n    const long long MOD = 1000000007;\n    for (int i = 1; i <= n; i++) {\n        ans = (ans * i) % MOD;\n    }\n    return ans;\n}\n\nint main() {\n    factorial_func = factorial_mod;\n    long long int n;\n    cin >> n;\n    cout << factorial_func(n) << endl;\n    return 0;\n}')"
2025-01-21 00:01:28,899	[DEBUG]	EXEC>  SUCCESS 2962341.25
2025-01-21 00:01:28,899	[INFO]	0-15    SUCCESS               2962341.25 (100.68%) [1 edit(s)]  
2025-01-21 00:01:28,899	[DEBUG]	patch(0-15)="LineLLMMutation(('source.cpp', 14), '#include <iostream>\n\nusing namespace std;\n\ninline long long int factorial_mod(long long int n) {\n    long long int ans = 1;\n    const long long MOD = 1000000007;\n    for (int i = 1; i <= n; i++) {\n        ans = (ans * i) % MOD;\n    }\n    return ans;\n}\n\nint main() {\n    long long int n;\n    cin >> n;\n    cout << factorial_mod(n) << endl;\n    return 0;\n}')"
2025-01-21 00:01:30,480	[DEBUG]	EXEC>  SUCCESS 2697549.4375
2025-01-21 00:01:30,481	[INFO]	0-16    SUCCESS               2697549.44 (91.68%) [1 edit(s)]  
2025-01-21 00:01:30,481	[DEBUG]	patch(0-16)="LineLLMMutation(('source.cpp', 15), '#include <iostream>\n#include <unordered_map>\n\nusing namespace std;\n\nunordered_map<long long int, long long int> memo;\n\nlong long int factorial_mod(long long int n) {\n    if (memo.count(n)) return memo[n];\n    long long int ans = 1;\n    const long long MOD = 1000000007;\n    for (int i = 1; i <= n; i++) {\n        ans = (ans * i) % MOD;\n    }\n    return memo[n] = ans; // Cache the result\n}\n\nint main() {\n    long long int n;\n    cin >> n;\n    cout << factorial_mod(n) << endl;\n    return 0;\n}')"
2025-01-21 00:01:31,947	[DEBUG]	EXEC>  SUCCESS 2677022.875
2025-01-21 00:01:31,947	[INFO]	0-17    SUCCESS              *2677022.88 (90.99%) [1 edit(s)]  
2025-01-21 00:01:31,947	[DEBUG]	patch(0-17)="LineLLMMutation(('source.cpp', 16), '#include <iostream>\n\nusing namespace std;\n\ntemplate<typename T>\nT factorial_mod(T n) {\n    T ans = 1;\n    const T MOD = 1000000007;\n    for (T i = 1; i <= n; i++) {\n        ans = (ans * i) % MOD;\n    }\n    return ans;\n}\n\nint main() {\n    long long int n;\n    cin >> n;\n    cout << factorial_mod(n) << endl;\n    return 0;\n}')"

2025-01-21 00:01:33,519	[DEBUG]	EXEC>  SUCCESS 2809502.9375
2025-01-21 00:01:33,519	[INFO]	0-18    SUCCESS               2809502.94 (95.49%) [1 edit(s)]  
2025-01-21 00:01:33,519	[DEBUG]	patch(0-18)="LineLLMMutation(('source.cpp', 17), '#include <iostream>\n#include <string>\n\nusing namespace std;\n\nint main() {\n    string line;\n    getline(cin, line);\n    long long int n = stoll(line);\n    long long int ans = 1;\n    const long long MOD = 1000000007;\n\n    for (int i = 1; i <= n; i++) {\n        ans = (ans * i) % MOD;\n    }\n\n    cout << ans << endl;\n    return 0;\n}')"
2025-01-21 00:01:34,822	[INFO]	0-19    TEST_CODE_ERROR       None (--) [1 edit(s)]  
2025-01-21 00:01:34,822	[DEBUG]	patch(0-19)="LineLLMMutation(('source.cpp', 18), '#include <iostream>\n\nusing namespace std;\n\nint main() {\n    long long int n;\n    cin >> n;\n    long long int ans = 1;\n    const long long MOD = 1000000009; // Changed modulus base\n\n    for (int i = 1; i <= n; i++) {\n        ans = (ans * i) % MOD;\n    }\n\n    cout << ans << endl;\n    return 0;\n}')"
2025-01-21 00:01:36,401	[DEBUG]	EXEC>  SUCCESS 2666761.5
2025-01-21 00:01:36,402	[INFO]	0-20    SUCCESS              *2666761.50 (90.64%) [1 edit(s)]  
2025-01-21 00:01:36,402	[DEBUG]	patch(0-20)="LineLLMMutation(('source.cpp', 19), '#include <iostream>\n#include <omp.h> // Include OpenMP\n\nusing namespace std;\n\nint main() {\n    long long int n;\n    cin >> n;\n    long long int ans = 1;\n    const long long MOD = 1000000007;\n\n    #pragma omp parallel for reduction(*:ans) // Parallel factorial calculation\n    for (int i = 1; i <= n; i++) {\n        ans = (ans * i) % MOD;\n    }\n\n    cout << ans << endl;\n    return 0;\n}')"

2025-01-21 00:01:38,989	[DEBUG]	EXEC>  SUCCESS 2655005.125
2025-01-21 00:01:38,989	[INFO]	REF     SUCCESS               2655005.12 (--) [0 edit(s)]  
2025-01-21 00:01:39,437	[DEBUG]	EXEC>  SUCCESS 2679384.75
2025-01-21 00:01:39,437	[INFO]	BEST    SUCCESS               2679384.75 (100.92%) [0 edit(s)]  
2025-01-21 00:02:46,680	[DEBUG]	EXEC>  SUCCESS 2659502.3125
2025-01-21 00:02:46,680	[INFO]	1-1     SUCCESS              +2659502.31 (100.17%) [1 edit(s)]  
2025-01-21 00:02:46,680	[DEBUG]	patch(1-1)="LineLLMMutation(('source.cpp', 19), '#include <iostream>\n#include <omp.h> // Include OpenMP\n\nusing namespace std;\n\nint main() {\n    long long int n;\n    cin >> n;\n    long long int ans = 1;\n    const long long MOD = 1000000007;\n\n    #pragma omp parallel for reduction(*:ans) // Parallel factorial calculation\n    for (int i = 1; i <= n; i++) {\n        ans = (ans * i) % MOD;\n    }\n\n    cout << ans << endl;\n    return 0;\n}')"
2025-01-21 00:02:47,127	[DEBUG]	EXEC>  SUCCESS 2696135.9375
2025-01-21 00:02:47,128	[INFO]	1-2     SUCCESS               2696135.94 (101.55%) [1 edit(s)]  
2025-01-21 00:02:47,128	[DEBUG]	patch(1-2)="LineLLMMutation(('source.cpp', 16), '#include <iostream>\n\nusing namespace std;\n\ntemplate<typename T>\nT factorial_mod(T n) {\n    T ans = 1;\n    const T MOD = 1000000007;\n    for (T i = 1; i <= n; i++) {\n        ans = (ans * i) % MOD;\n    }\n    return ans;\n}\n\nint main() {\n    long long int n;\n    cin >> n;\n    cout << factorial_mod(n) << endl;\n    return 0;\n}')"
2025-01-21 00:02:47,634	[DEBUG]	EXEC>  SUCCESS 2653407.8125
2025-01-21 00:02:47,634	[INFO]	1-3     SUCCESS              *2653407.81 (99.94%) [1 edit(s)]  
2025-01-21 00:02:47,635	[DEBUG]	patch(1-3)="LineLLMMutation(('source.cpp', 2), '#include <iostream>\n#include <cmath>\n#include <cstdint> // Added for uint64_t\n\nusing namespace std;\n\nint main() {\n    long long int n;\n    cin >> n;\n    uint64_t ans = 1; // Changed to uint64_t to handle large numbers\n\n    for (int i = 1; i <= n; i++) {\n        ans = (ans * i) % (1000000007);\n    }\n\n    cout << ans << endl;\n    return 0;\n}')"

2025-01-21 00:02:48,184	[DEBUG]	EXEC>  SUCCESS 2737395.3125
2025-01-21 00:02:48,184	[INFO]	1-4     SUCCESS               2737395.31 (103.10%) [1 edit(s)]  
2025-01-21 00:02:48,184	[DEBUG]	patch(1-4)="LineLLMMutation(('source.cpp', 15), '#include <iostream>\n#include <unordered_map>\n\nusing namespace std;\n\nunordered_map<long long int, long long int> memo;\n\nlong long int factorial_mod(long long int n) {\n    if (memo.count(n)) return memo[n];\n    long long int ans = 1;\n    const long long MOD = 1000000007;\n    for (int i = 1; i <= n; i++) {\n        ans = (ans * i) % MOD;\n    }\n    return memo[n] = ans; // Cache the result\n}\n\nint main() {\n    long long int n;\n    cin >> n;\n    cout << factorial_mod(n) << endl;\n    return 0;\n}')"
2025-01-21 00:02:48,646	[DEBUG]	EXEC>  SUCCESS 2654343.4375
2025-01-21 00:02:48,646	[INFO]	1-5     SUCCESS               2654343.44 (99.98%) [1 edit(s)]  
2025-01-21 00:02:48,646	[DEBUG]	patch(1-5)="LineLLMCrossover(('source.cpp', 0), '#include <iostream>\n#include <omp.h> // Include OpenMP\n\nusing namespace std;\n\ntemplate<typename T>\nT factorial_mod(T n) {\n    T ans = 1;\n    const T MOD = 1000000007;\n    #pragma omp parallel for reduction(*:ans) // Parallel factorial calculation\n    for (T i = 1; i <= n; i++) {\n        ans = (ans * i) % MOD;\n    }\n    return ans;\n}\n\nint main() {\n    long long int n;\n    cin >> n;\n    cout << factorial_mod(n) << endl;\n    return 0;\n}')"
2025-01-21 00:02:49,187	[DEBUG]	EXEC>  SUCCESS 2661864.3125
2025-01-21 00:02:49,188	[INFO]	1-6     SUCCESS               2661864.31 (100.26%) [1 edit(s)]  
2025-01-21 00:02:49,188	[DEBUG]	patch(1-6)="LineLLMCrossover(('source.cpp', 1), '#include <iostream>\n#include <omp.h>\n#include <unordered_map>\n\nusing namespace std;\n\nunordered_map<long long int, long long int> memo;\n\nlong long int factorial_mod(long long int n) {\n    if (memo.count(n)) return memo[n];\n    long long int ans = 1;\n    const long long MOD = 1000000007;\n\n    #pragma omp parallel for reduction(*:ans) // Parallel factorial calculation\n    for (long long int i = 1; i <= n; i++) {\n        ans = (ans * i) % MOD;\n    }\n    return memo[n] = ans; // Cache the result\n}\n\nint main() {\n    long long int n;\n    cin >> n;\n    cout << factorial_mod(n) << endl;\n    return 0;\n}')"
2025-01-21 00:02:49,735	[DEBUG]	EXEC>  SUCCESS 2635582.375
2025-01-21 00:02:49,736	[INFO]	1-7     SUCCESS              *2635582.38 (99.27%) [1 edit(s)]  
2025-01-21 00:02:49,736	[DEBUG]	patch(1-7)="LineLLMCrossover(('source.cpp', 2), '#include <iostream>\n#include <unordered_map>\n#include <cstdint> // Added for uint64_t\n\nusing namespace std;\n\nunordered_map<long long int, long long int> memo;\n\nuint64_t factorial_mod(long long int n) {\n    if (memo.count(n)) return memo[n];\n    uint64_t ans = 1; // Changed to uint64_t to handle large numbers\n    const long long MOD = 1000000007;\n\n    for (int i = 1; i <= n; i++) {\n        ans = (ans * i) % MOD;\n    }\n    return memo[n] = ans; // Cache the result\n}\n\nint main() {\n    long long int n;\n    cin >> n;\n    cout << factorial_mod(n) << endl;\n    return 0;\n}')"

2025-01-21 00:02:50,185	[DEBUG]	EXEC>  SUCCESS 2691378.375
2025-01-21 00:02:50,185	[INFO]	1-8     SUCCESS               2691378.38 (101.37%) [1 edit(s)]  
2025-01-21 00:02:50,185	[DEBUG]	patch(1-8)="LineLLMCrossover(('source.cpp', 3), '#include <iostream>\n\nusing namespace std;\n\nlong long int (*factorial_func)(long long int);\n\nlong long int factorial_mod(long long int n) {\n    long long int ans = 1;\n    const long long MOD = 1000000007;\n    for (long long int i = 1; i <= n; i++) {\n        ans = (ans * i) % MOD;\n    }\n    return ans;\n}\n\nint main() {\n    factorial_func = factorial_mod;\n    long long int n;\n    cin >> n;\n    cout << factorial_func(n) << endl;\n    return 0;\n}')"
2025-01-21 00:02:50,740	[DEBUG]	EXEC>  SUCCESS 2668312.1875
2025-01-21 00:02:50,740	[INFO]	1-9     SUCCESS               2668312.19 (100.50%) [1 edit(s)]  
2025-01-21 00:02:50,740	[DEBUG]	patch(1-9)="LineLLMCrossover(('source.cpp', 4), '#include <iostream>\n#include <unordered_map>\n\nusing namespace std;\n\nunordered_map<long long int, long long int> memo;\n\nlong long int factorial_mod(long long int n) {\n    if (memo.count(n)) return memo[n];\n    long long int ans = 1;\n    const long long MOD = 1000000007;\n\n    for (long long int i = 2; i <= n; i++) { // Start from 2 to skip multiplying by 1\n        ans = (ans * i) % MOD;\n    }\n    return memo[n] = ans; // Cache the result\n}\n\nint main() {\n    long long int n;\n    cin >> n;\n    cout << factorial_mod(n) << endl;\n    return 0;\n}')"
2025-01-21 00:02:51,186	[DEBUG]	EXEC>  SUCCESS 2655624.875
2025-01-21 00:02:51,186	[INFO]	1-10    SUCCESS               2655624.88 (100.02%) [1 edit(s)]  
2025-01-21 00:02:51,186	[DEBUG]	patch(1-10)="LineLLMCrossover(('source.cpp', 5), '#include <iostream>\n#include <omp.h>\n\nusing namespace std;\n\nint main() {\n    long long int n;\n    cin >> n;\n    long long int ans = 1;\n    const long long MOD = 1000000007;\n\n    #pragma omp parallel for reduction(*:ans) // Parallel factorial calculation\n    for (long long int i = 2; i <= n; i++) { // Start from 2 to skip multiplying by 1\n        ans = (ans * i) % MOD;\n    }\n\n    cout << ans << endl;\n    return 0;\n}')"
2025-01-21 00:02:51,665	[DEBUG]	EXEC>  SUCCESS 2595795.0
2025-01-21 00:02:51,665	[INFO]	1-11    SUCCESS              *2595795.00 (97.77%) [1 edit(s)]  
2025-01-21 00:02:51,665	[DEBUG]	patch(1-11)="LineLLMCrossover(('source.cpp', 6), '#include <iostream>\n#include <cstdint>\n\nusing namespace std;\n\nuint64_t factorial_mod(uint64_t n) {\n    uint64_t ans = 1;\n    const uint64_t MOD = 1000000007;\n    for (uint64_t i = 1; i <= n; i++) {\n        ans = (ans * i) % MOD;\n    }\n    return ans;\n}\n\nint main() {\n    uint64_t n;\n    cin >> n;\n    cout << factorial_mod(n) << endl;\n    return 0;\n}')"

2025-01-21 00:02:52,115	[DEBUG]	EXEC>  SUCCESS 2675391.875
2025-01-21 00:02:52,115	[INFO]	1-12    SUCCESS               2675391.88 (100.77%) [1 edit(s)]  
2025-01-21 00:02:52,115	[DEBUG]	patch(1-12)="LineLLMCrossover(('source.cpp', 7), '#include <iostream>\n#include <omp.h>\n\nusing namespace std;\n\nlong long int (*factorial_func)(long long int);\n\nlong long int factorial_mod(long long int n) {\n    long long int ans = 1;\n    const long long MOD = 1000000007;\n\n    #pragma omp parallel for reduction(*:ans) // Parallel factorial calculation\n    for (long long int i = 1; i <= n; i++) {\n        ans = (ans * i) % MOD;\n    }\n    return ans;\n}\n\nint main() {\n    factorial_func = factorial_mod;\n    long long int n;\n    cin >> n;\n    cout << factorial_func(n) << endl;\n    return 0;\n}')"
2025-01-21 00:02:52,382	[INFO]	1-13    COMPILE_CODE_ERROR    None (--) [2 edit(s)]  
2025-01-21 00:02:52,382	[DEBUG]	patch(1-13)="LineLLMMutation(('source.cpp', 19), '#include <iostream>\n#include <omp.h> // Include OpenMP\n\nusing namespace std;\n\nint main() {\n    long long int n;\n    cin >> n;\n    long long int ans = 1;\n    const long long MOD = 1000000007;\n\n    #pragma omp parallel for reduction(*:ans) // Parallel factorial calculation\n    for (int i = 1; i <= n; i++) {\n        ans = (ans * i) % MOD;\n    }\n\n    cout << ans << endl;\n    return 0;\n}') | LineLLMMutation(('source.cpp', 20), '#include <iostream>\n#include <omp.h> // Include OpenMP\n\nusing namespace std;\n\nint main() {\n    long long int n;\n    cin >> n;\n    long long int ans = 1;\n    const long long MOD = 1000000007;\n\n    long long int local_ans[omp_get_max_threads()] = {1}; // Array to store local results\n\n    #pragma omp parallel for\n    for (int i = 1; i <= n; i++) {\n        int thread_id = omp_get_thread_num();\n        local_ans[thread_id] = (local_ans[thread_id] * i) % MOD; // Local multiplication\n    }\n\n    // Combine local results into the final answer\n    for (int i = 0; i < omp_get_max_threads(); i++) {\n        ans = (ans * local_ans[i]) % MOD;\n    }\n\n    cout << ans << endl;\n    return 0;\n}')"
2025-01-21 00:02:52,848	[DEBUG]	EXEC>  SUCCESS 2644975.8125
2025-01-21 00:02:52,848	[INFO]	1-14    SUCCESS               2644975.81 (99.62%) [2 edit(s)]  
2025-01-21 00:02:52,848	[DEBUG]	patch(1-14)="LineLLMMutation(('source.cpp', 16), '#include <iostream>\n\nusing namespace std;\n\ntemplate<typename T>\nT factorial_mod(T n) {\n    T ans = 1;\n    const T MOD = 1000000007;\n    for (T i = 1; i <= n; i++) {\n        ans = (ans * i) % MOD;\n    }\n    return ans;\n}\n\nint main() {\n    long long int n;\n    cin >> n;\n    cout << factorial_mod(n) << endl;\n    return 0;\n}') | LineLLMMutation(('source.cpp', 21), '#include <iostream>\n\nusing namespace std;\n\ntemplate<typename T>\nT factorial_mod(T n) {\n    T ans = 1;\n    const T MOD = 1000000007;\n    for (T i = 1; i <= n; i++) {\n        ans = (ans * i) % MOD;\n    }\n    return ans;\n}\n\nint main() {\n    long long int n;\n    cin >> n;\n    cout << factorial_mod(n) << endl;\n    return 0;\n}')"
2025-01-21 00:02:53,354	[DEBUG]	EXEC>  SUCCESS 2622126.0625
2025-01-21 00:02:53,354	[INFO]	1-15    SUCCESS               2622126.06 (98.76%) [2 edit(s)]  
2025-01-21 00:02:53,355	[DEBUG]	patch(1-15)="LineLLMMutation(('source.cpp', 2), '#include <iostream>\n#include <cmath>\n#include <cstdint> // Added for uint64_t\n\nusing namespace std;\n\nint main() {\n    long long int n;\n    cin >> n;\n    uint64_t ans = 1; // Changed to uint64_t to handle large numbers\n\n    for (int i = 1; i <= n; i++) {\n        ans = (ans * i) % (1000000007);\n    }\n\n    cout << ans << endl;\n    return 0;\n}') | LineLLMMutation(('source.cpp', 22), '#include <iostream>\n#include <cmath>\n#include <cstdint> // Added for uint64_t\n\nusing namespace std;\n\nint main() {\n    long long int n;\n    cin >> n;\n    uint64_t ans = 1; // Changed to uint64_t to handle large numbers\n\n    // Using a more efficient method to calculate factorial modulo 1000000007\n    for (int i = 2; i <= n; i++) {\n        ans = (ans * i) % (1000000007);\n    }\n\n    cout << ans << endl;\n    return 0;\n}')"
2025-01-21 00:02:53,891	[DEBUG]	EXEC>  SUCCESS 4639942.25
2025-01-21 00:02:53,891	[INFO]	1-16    SUCCESS               4639942.25 (174.76%) [2 edit(s)]  
2025-01-21 00:02:53,891	[DEBUG]	patch(1-16)="LineLLMMutation(('source.cpp', 15), '#include <iostream>\n#include <unordered_map>\n\nusing namespace std;\n\nunordered_map<long long int, long long int> memo;\n\nlong long int factorial_mod(long long int n) {\n    if (memo.count(n)) return memo[n];\n    long long int ans = 1;\n    const long long MOD = 1000000007;\n    for (int i = 1; i <= n; i++) {\n        ans = (ans * i) % MOD;\n    }\n    return memo[n] = ans; // Cache the result\n}\n\nint main() {\n    long long int n;\n    cin >> n;\n    cout << factorial_mod(n) << endl;\n    return 0;\n}') | LineLLMMutation(('source.cpp', 23), '#include <iostream>\n#include <unordered_map>\n#include <vector>\n\nusing namespace std;\n\nconst long long MOD = 1000000007;\nconst int MAX_N = 100000; // Define a maximum limit for precomputation\nvector<long long int> factorials(MAX_N + 1, 1);\n\nvoid precompute_factorials() {\n    for (int i = 2; i <= MAX_N; i++) {\n        factorials[i] = (factorials[i - 1] * i) % MOD;\n    }\n}\n\nlong long int factorial_mod(long long int n) {\n    if (n < 0 || n > MAX_N) return -1; // Handle out of range input\n    return factorials[n]; // Return the precomputed factorial\n}\n\nint main() {\n    precompute_factorials();\n    long long int n;\n    cin >> n;\n    cout << factorial_mod(n) << endl;\n    return 0;\n}')"
2025-01-21 00:02:54,334	[DEBUG]	EXEC>  SUCCESS 2646414.9375
2025-01-21 00:02:54,334	[INFO]	1-17    SUCCESS               2646414.94 (99.68%) [2 edit(s)]  
2025-01-21 00:02:54,334	[DEBUG]	patch(1-17)="LineLLMMutation(('source.cpp', 13), '#include <iostream>\n\nusing namespace std;\n\nlong long int (*factorial_func)(long long int);\n\nlong long int factorial_mod(long long int n) {\n    long long int ans = 1;\n    const long long MOD = 1000000007;\n    for (int i = 1; i <= n; i++) {\n        ans = (ans * i) % MOD;\n    }\n    return ans;\n}\n\nint main() {\n    factorial_func = factorial_mod;\n    long long int n;\n    cin >> n;\n    cout << factorial_func(n) << endl;\n    return 0;\n}') | LineLLMMutation(('source.cpp', 24), '#include <iostream>\n\nusing namespace std;\n\nlong long int (*factorial_func)(long long int);\n\nlong long int factorial_mod(long long int n) {\n    if (n == 0 || n == 1) return 1; // Early return for 0! and 1!\n    long long int ans = 1;\n    const long long MOD = 1000000007;\n    for (long long int i = 2; i <= n; i++) { // Start from 2 as 1! and 0! are handled\n        ans = (ans * i) % MOD;\n    }\n    return ans;\n}\n\nint main() {\n    factorial_func = factorial_mod;\n    long long int n;\n    cin >> n;\n    cout << factorial_func(n) << endl;\n    return 0;\n}')"
2025-01-21 00:02:55,026	[DEBUG]	EXEC>  SUCCESS 26135912.5
2025-01-21 00:02:55,026	[INFO]	1-18    SUCCESS               26135912.50 (984.40%) [2 edit(s)]  
2025-01-21 00:02:55,026	[DEBUG]	patch(1-18)="LineLLMMutation(('source.cpp', 3), '#include <iostream>\n#include <cmath>\n\nusing namespace std;\n\nlong long int factorial_mod(long long int n) {\n    long long int ans = 1;\n    for (int i = 1; i <= n; i++) {\n        ans = (ans * i) % (1000000007);\n    }\n    return ans;\n}\n\nint main() {\n    long long int n;\n    cin >> n;\n    cout << factorial_mod(n) << endl;\n    return 0;\n}') | LineLLMMutation(('source.cpp', 25), '#include <iostream>\n#include <cmath>\n#include <vector>\n\nusing namespace std;\n\nconst long long int MOD = 1000000007;\nvector<long long int> factorial_cache(1000001, -1);\n\n// Precompute factorials modulo MOD\nvoid precompute_factorials() {\n    factorial_cache[0] = 1;\n    for (long long int i = 1; i < factorial_cache.size(); i++) {\n        factorial_cache[i] = (factorial_cache[i - 1] * i) % MOD;\n    }\n}\n\nlong long int factorial_mod(long long int n) {\n    if (n < 0 || n >= factorial_cache.size()) return -1; // Handle invalid input\n    return factorial_cache[n];\n}\n\nint main() {\n    precompute_factorials(); // Precompute factorials\n    long long int n;\n    cin >> n;\n    cout << factorial_mod(n) << endl;\n    return 0;\n}')"
2025-01-21 00:02:55,534	[DEBUG]	EXEC>  SUCCESS 2734912.0625
2025-01-21 00:02:55,535	[INFO]	1-19    SUCCESS               2734912.06 (103.01%) [2 edit(s)]  
2025-01-21 00:02:55,535	[DEBUG]	patch(1-19)="LineLLMMutation(('source.cpp', 6), '#include <iostream>\n#include <cmath>\nusing namespace std;\n\nint main() {\n    long long int n;\n    cin >> n;\n    long long int ans = 1;\n\n    for (int i = 2; i <= n; i++) { // Start from 2 to skip multiplying by 1\n        ans = (ans * i) % (1000000007);\n    }\n\n    cout << ans << endl;\n    return 0;\n}') | LineLLMMutation(('source.cpp', 26), '#include <iostream>\n#include <cmath>\nusing namespace std;\n\nint main() {\n    long long int n;\n    cin >> n;\n    long long int ans = 1;\n\n    // Utilizing a more efficient approach to compute factorial % MOD\n    const long long int MOD = 1000000007;\n\n    for (int i = 2; i <= n; i++) {\n        ans = (ans * i) % MOD;\n    }\n\n    cout << ans << endl;\n    return 0;\n}')"
2025-01-21 00:02:55,988	[DEBUG]	EXEC>  SUCCESS 2660562.25
2025-01-21 00:02:55,988	[INFO]	1-20    SUCCESS               2660562.25 (100.21%) [2 edit(s)]  
2025-01-21 00:02:55,988	[DEBUG]	patch(1-20)="LineLLMMutation(('source.cpp', 11), '#include <iostream>\n\nusing namespace std;\n\nint main() {\n    int n; // Changed long long to int\n    cin >> n;\n    long long int ans = 1;\n    const long long MOD = 1000000007;\n\n    for (int i = 1; i <= n; i++) {\n        ans = (ans * i) % MOD;\n    }\n\n    cout << ans << endl;\n    return 0;\n}') | LineLLMMutation(('source.cpp', 27), '#include <iostream>\n\nusing namespace std;\n\nint main() {\n    int n; // Changed long long to int\n    cin >> n;\n    long long int ans = 1;\n    const long long MOD = 1000000007;\n\n    // Optimize the loop by using a precomputed factorial array if n is expected to be large\n    for (int i = 1; i <= n; i++) {\n        ans = (ans * i) % MOD;\n        // Early exit if ans becomes 0 (though not possible in this case)\n        if (ans == 0) break;\n    }\n\n    cout << ans << endl;\n    return 0;\n}')"
2025-01-21 00:02:57,506	[DEBUG]	EXEC>  SUCCESS 2717708.625
2025-01-21 00:02:57,506	[INFO]	REF     SUCCESS               2717708.62 (--) [0 edit(s)]  
2025-01-21 00:02:57,958	[DEBUG]	EXEC>  SUCCESS 2593619.0
2025-01-21 00:02:57,958	[INFO]	BEST    SUCCESS              *2593619.00 (95.43%) [0 edit(s)]  
2025-01-21 00:04:02,151	[DEBUG]	EXEC>  SUCCESS 2632100.1875
2025-01-21 00:04:02,151	[INFO]	2-1     SUCCESS              +2632100.19 (96.85%) [1 edit(s)]  
2025-01-21 00:04:02,151	[DEBUG]	patch(2-1)="LineLLMCrossover(('source.cpp', 6), '#include <iostream>\n#include <cstdint>\n\nusing namespace std;\n\nuint64_t factorial_mod(uint64_t n) {\n    uint64_t ans = 1;\n    const uint64_t MOD = 1000000007;\n    for (uint64_t i = 1; i <= n; i++) {\n        ans = (ans * i) % MOD;\n    }\n    return ans;\n}\n\nint main() {\n    uint64_t n;\n    cin >> n;\n    cout << factorial_mod(n) << endl;\n    return 0;\n}')"
2025-01-21 00:04:02,660	[DEBUG]	EXEC>  SUCCESS 2629304.6875
2025-01-21 00:04:02,661	[INFO]	2-2     SUCCESS              +2629304.69 (96.75%) [2 edit(s)]  
2025-01-21 00:04:02,661	[DEBUG]	patch(2-2)="LineLLMMutation(('source.cpp', 2), '#include <iostream>\n#include <cmath>\n#include <cstdint> // Added for uint64_t\n\nusing namespace std;\n\nint main() {\n    long long int n;\n    cin >> n;\n    uint64_t ans = 1; // Changed to uint64_t to handle large numbers\n\n    for (int i = 1; i <= n; i++) {\n        ans = (ans * i) % (1000000007);\n    }\n\n    cout << ans << endl;\n    return 0;\n}') | LineLLMMutation(('source.cpp', 22), '#include <iostream>\n#include <cmath>\n#include <cstdint> // Added for uint64_t\n\nusing namespace std;\n\nint main() {\n    long long int n;\n    cin >> n;\n    uint64_t ans = 1; // Changed to uint64_t to handle large numbers\n\n    // Using a more efficient method to calculate factorial modulo 1000000007\n    for (int i = 2; i <= n; i++) {\n        ans = (ans * i) % (1000000007);\n    }\n\n    cout << ans << endl;\n    return 0;\n}')"
2025-01-21 00:04:03,213	[DEBUG]	EXEC>  SUCCESS 2624507.875
2025-01-21 00:04:03,213	[INFO]	2-3     SUCCESS              +2624507.88 (96.57%) [1 edit(s)]  
2025-01-21 00:04:03,213	[DEBUG]	patch(2-3)="LineLLMCrossover(('source.cpp', 2), '#include <iostream>\n#include <unordered_map>\n#include <cstdint> // Added for uint64_t\n\nusing namespace std;\n\nunordered_map<long long int, long long int> memo;\n\nuint64_t factorial_mod(long long int n) {\n    if (memo.count(n)) return memo[n];\n    uint64_t ans = 1; // Changed to uint64_t to handle large numbers\n    const long long MOD = 1000000007;\n\n    for (int i = 1; i <= n; i++) {\n        ans = (ans * i) % MOD;\n    }\n    return memo[n] = ans; // Cache the result\n}\n\nint main() {\n    long long int n;\n    cin >> n;\n    cout << factorial_mod(n) << endl;\n    return 0;\n}')"
2025-01-21 00:04:03,657	[DEBUG]	EXEC>  SUCCESS 2673491.5625
2025-01-21 00:04:03,658	[INFO]	2-4     SUCCESS               2673491.56 (98.37%) [2 edit(s)]  
2025-01-21 00:04:03,658	[DEBUG]	patch(2-4)="LineLLMMutation(('source.cpp', 16), '#include <iostream>\n\nusing namespace std;\n\ntemplate<typename T>\nT factorial_mod(T n) {\n    T ans = 1;\n    const T MOD = 1000000007;\n    for (T i = 1; i <= n; i++) {\n        ans = (ans * i) % MOD;\n    }\n    return ans;\n}\n\nint main() {\n    long long int n;\n    cin >> n;\n    cout << factorial_mod(n) << endl;\n    return 0;\n}') | LineLLMMutation(('source.cpp', 21), '#include <iostream>\n\nusing namespace std;\n\ntemplate<typename T>\nT factorial_mod(T n) {\n    T ans = 1;\n    const T MOD = 1000000007;\n    for (T i = 1; i <= n; i++) {\n        ans = (ans * i) % MOD;\n    }\n    return ans;\n}\n\nint main() {\n    long long int n;\n    cin >> n;\n    cout << factorial_mod(n) << endl;\n    return 0;\n}')"
2025-01-21 00:04:04,113	[DEBUG]	EXEC>  SUCCESS 2659431.1875
2025-01-21 00:04:04,113	[INFO]	2-5     SUCCESS               2659431.19 (97.86%) [1 edit(s)]  
2025-01-21 00:04:04,113	[DEBUG]	patch(2-5)="LineLLMCrossover(('source.cpp', 8), '#include <iostream>\n#include <omp.h>\n\nusing namespace std;\n\ntemplate<typename T>\nT factorial_mod(T n) {\n    if (n == 0 || n == 1) return 1; // Early return for 0! and 1!\n    T ans = 1;\n    const T MOD = 1000000007;\n\n    #pragma omp parallel for reduction(*:ans)\n    for (T i = 2; i <= n; i++) {\n        ans = (ans * i) % MOD; // Start from 2 as 1! and 0! are handled\n    }\n    return ans;\n}\n\nint main() {\n    long long int n;\n    cin >> n;\n    cout << factorial_mod(n) << endl;\n    return 0;\n}')"
2025-01-21 00:04:04,656	[DEBUG]	EXEC>  SUCCESS 2659300.1875
2025-01-21 00:04:04,656	[INFO]	2-6     SUCCESS               2659300.19 (97.85%) [1 edit(s)]  
2025-01-21 00:04:04,656	[DEBUG]	patch(2-6)="LineLLMCrossover(('source.cpp', 9), '#include <iostream>\n#include <unordered_map>\n#include <omp.h>\n#include <cstdint>\n\nusing namespace std;\n\nunordered_map<long long int, long long int> memo;\n\nuint64_t factorial_mod(long long int n) {\n    if (memo.count(n)) return memo[n];\n    if (n == 0 || n == 1) return 1; // Early return for 0! and 1!\n    \n    uint64_t ans = 1;\n    const long long MOD = 1000000007;\n\n    #pragma omp parallel for reduction(*:ans)\n    for (long long int i = 2; i <= n; i++) {\n        ans = (ans * i) % MOD;\n    }\n    return memo[n] = ans; // Cache the result\n}\n\nint main() {\n    long long int n;\n    cin >> n;\n    cout << factorial_mod(n) << endl;\n    return 0;\n}')"
2025-01-21 00:04:05,105	[DEBUG]	EXEC>  SUCCESS 2658742.9375
2025-01-21 00:04:05,105	[INFO]	2-7     SUCCESS               2658742.94 (97.83%) [1 edit(s)]  
2025-01-21 00:04:05,105	[DEBUG]	patch(2-7)="LineLLMCrossover(('source.cpp', 10), '#include <iostream>\n\nusing namespace std;\n\ntemplate<typename T>\nT factorial_mod(T n) {\n    if (n == 0 || n == 1) return 1; // Early return for 0! and 1!\n    T ans = 1;\n    const T MOD = 1000000007;\n\n    for (T i = 2; i <= n; i++) { // Start from 2\n        ans = (ans * i) % MOD;\n    }\n    return ans;\n}\n\nint main() {\n    long long int n;\n    cin >> n;\n    cout << factorial_mod(n) << endl;\n    return 0;\n}')"
2025-01-21 00:04:05,564	[DEBUG]	EXEC>  SUCCESS 2597089.1875
2025-01-21 00:04:05,564	[INFO]	2-8     SUCCESS              +2597089.19 (95.56%) [1 edit(s)]  
2025-01-21 00:04:05,564	[DEBUG]	patch(2-8)="LineLLMCrossover(('source.cpp', 11), '#include <iostream>\n#include <omp.h>\n#include <cstdint>\n\nusing namespace std;\n\nuint64_t factorial_mod(uint64_t n) {\n    uint64_t ans = 1;\n    const uint64_t MOD = 1000000007;\n\n    #pragma omp parallel for reduction(*:ans)\n    for (uint64_t i = 1; i <= n; i++) {\n        ans = (ans * i) % MOD;\n    }\n    return ans;\n}\n\nint main() {\n    uint64_t n;\n    cin >> n;\n    cout << factorial_mod(n) << endl;\n    return 0;\n}')"
2025-01-21 00:04:06,105	[DEBUG]	EXEC>  SUCCESS 2622807.0
2025-01-21 00:04:06,106	[INFO]	2-9     SUCCESS               2622807.00 (96.51%) [1 edit(s)]  
2025-01-21 00:04:06,106	[DEBUG]	patch(2-9)="LineLLMCrossover(('source.cpp', 12), '#include <iostream>\n#include <unordered_map>\n#include <cstdint>\n\nusing namespace std;\n\nunordered_map<long long int, long long int> memo;\n\nuint64_t factorial_mod(long long int n) {\n    if (memo.count(n)) return memo[n];\n    if (n == 0 || n == 1) return 1; // Early return for 0! and 1!\n    \n    uint64_t ans = 1;\n    const long long MOD = 1000000007;\n\n    for (long long int i = 2; i <= n; i++) {\n        ans = (ans * i) % MOD;\n    }\n    return memo[n] = ans; // Cache the result\n}\n\nint main() {\n    long long int n;\n    cin >> n;\n    cout << factorial_mod(n) << endl;\n    return 0;\n}')"
2025-01-21 00:04:06,561	[DEBUG]	EXEC>  SUCCESS 2657613.5625
2025-01-21 00:04:06,561	[INFO]	2-10    SUCCESS               2657613.56 (97.79%) [1 edit(s)]  
2025-01-21 00:04:06,561	[DEBUG]	patch(2-10)="LineLLMCrossover(('source.cpp', 13), '#include <iostream>\n#include <omp.h>\n\nusing namespace std;\n\ntemplate<typename T>\nT factorial_mod(T n) {\n    if (n == 0 || n == 1) return 1; // Early return for 0! and 1!\n    T ans = 1;\n    const T MOD = 1000000007;\n\n    #pragma omp parallel for reduction(*:ans)\n    for (T i = 2; i <= n; i++) {\n        ans = (ans * i) % MOD; // Start from 2\n    }\n    return ans;\n}\n\nint main() {\n    long long int n;\n    cin >> n;\n    cout << factorial_mod(n) << endl;\n    return 0;\n}')"
2025-01-21 00:04:07,008	[DEBUG]	EXEC>  SUCCESS 2597464.1875
2025-01-21 00:04:07,008	[INFO]	2-11    SUCCESS               2597464.19 (95.58%) [1 edit(s)]  
2025-01-21 00:04:07,008	[DEBUG]	patch(2-11)="LineLLMCrossover(('source.cpp', 14), '#include <iostream>\n#include <omp.h>\n#include <cstdint>\n\nusing namespace std;\n\nuint64_t factorial_mod(long long int n) {\n    if (n == 0 || n == 1) return 1; // Early return for 0! and 1!\n    uint64_t ans = 1;\n    const uint64_t MOD = 1000000007;\n\n    #pragma omp parallel for reduction(*:ans)\n    for (long long int i = 2; i <= n; i++) {\n        ans = (ans * i) % MOD; // Start from 2\n    }\n    return ans;\n}\n\nint main() {\n    long long int n;\n    cin >> n;\n    cout << factorial_mod(n) << endl;\n    return 0;\n}')"
2025-01-21 00:04:07,460	[DEBUG]	EXEC>  SUCCESS 2643733.0625
2025-01-21 00:04:07,460	[INFO]	2-12    SUCCESS               2643733.06 (97.28%) [1 edit(s)]  
2025-01-21 00:04:07,460	[DEBUG]	patch(2-12)="LineLLMCrossover(('source.cpp', 15), '#include <iostream>\n#include <omp.h>\n\nusing namespace std;\n\nlong long int factorial_mod(long long int n) {\n    if (n == 0 || n == 1) return 1; // Early return for 0! and 1!\n    long long int ans = 1;\n    const long long MOD = 1000000007;\n\n    #pragma omp parallel for reduction(*:ans)\n    for (long long int i = 2; i <= n; i++) { // Start from 2\n        ans = (ans * i) % MOD;\n    }\n    return ans;\n}\n\nint main() {\n    long long int n;\n    cin >> n;\n    cout << factorial_mod(n) << endl;\n    return 0;\n}')"
2025-01-21 00:04:07,915	[DEBUG]	EXEC>  SUCCESS 2595559.375
2025-01-21 00:04:07,915	[INFO]	2-13    SUCCESS              +2595559.38 (95.51%) [2 edit(s)]  
2025-01-21 00:04:07,915	[DEBUG]	patch(2-13)="LineLLMCrossover(('source.cpp', 6), '#include <iostream>\n#include <cstdint>\n\nusing namespace std;\n\nuint64_t factorial_mod(uint64_t n) {\n    uint64_t ans = 1;\n    const uint64_t MOD = 1000000007;\n    for (uint64_t i = 1; i <= n; i++) {\n        ans = (ans * i) % MOD;\n    }\n    return ans;\n}\n\nint main() {\n    uint64_t n;\n    cin >> n;\n    cout << factorial_mod(n) << endl;\n    return 0;\n}') | LineLLMMutation(('source.cpp', 28), '#include <iostream>\n#include <cstdint>\n\nusing namespace std;\n\nuint64_t factorial_mod(uint64_t n) {\n    if (n == 0 || n == 1) return 1;\n    uint64_t ans = 1;\n    const uint64_t MOD = 1000000007;\n    for (uint64_t i = 2; i <= n; i++) {\n        ans = (ans * i) % MOD;\n    }\n    return ans;\n}\n\nint main() {\n    uint64_t n;\n    cin >> n;\n    cout << factorial_mod(n) << endl;\n    return 0;\n}')"
2025-01-21 00:04:08,419	[DEBUG]	EXEC>  SUCCESS 2625728.25
2025-01-21 00:04:08,419	[INFO]	2-14    SUCCESS               2625728.25 (96.62%) [3 edit(s)]  
2025-01-21 00:04:08,419	[DEBUG]	patch(2-14)="LineLLMMutation(('source.cpp', 2), '#include <iostream>\n#include <cmath>\n#include <cstdint> // Added for uint64_t\n\nusing namespace std;\n\nint main() {\n    long long int n;\n    cin >> n;\n    uint64_t ans = 1; // Changed to uint64_t to handle large numbers\n\n    for (int i = 1; i <= n; i++) {\n        ans = (ans * i) % (1000000007);\n    }\n\n    cout << ans << endl;\n    return 0;\n}') | LineLLMMutation(('source.cpp', 22), '#include <iostream>\n#include <cmath>\n#include <cstdint> // Added for uint64_t\n\nusing namespace std;\n\nint main() {\n    long long int n;\n    cin >> n;\n    uint64_t ans = 1; // Changed to uint64_t to handle large numbers\n\n    // Using a more efficient method to calculate factorial modulo 1000000007\n    for (int i = 2; i <= n; i++) {\n        ans = (ans * i) % (1000000007);\n    }\n\n    cout << ans << endl;\n    return 0;\n}') | LineLLMMutation(('source.cpp', 29), '#include <iostream>\n#include <cmath>\n#include <cstdint> // Added for uint64_t\n\nusing namespace std;\n\nint main() {\n    long long int n;\n    cin >> n;\n    uint64_t ans = 1; // Changed to uint64_t to handle large numbers\n\n    // Use an iterative approach with precomputed factorial values to reduce time complexity\n    if (n > 0) {\n        ans = 1; // Initialize ans for factorial computation\n        for (int i = 2; i <= n; i++) {\n            ans = (ans * i) % (1000000007);\n        }\n    }\n\n    cout << ans << endl;\n    return 0;\n}')"
2025-01-21 00:04:08,969	[DEBUG]	EXEC>  SUCCESS 2633806.6875
2025-01-21 00:04:08,970	[INFO]	2-15    SUCCESS               2633806.69 (96.91%) [2 edit(s)]  
2025-01-21 00:04:08,970	[DEBUG]	patch(2-15)="LineLLMCrossover(('source.cpp', 2), '#include <iostream>\n#include <unordered_map>\n#include <cstdint> // Added for uint64_t\n\nusing namespace std;\n\nunordered_map<long long int, long long int> memo;\n\nuint64_t factorial_mod(long long int n) {\n    if (memo.count(n)) return memo[n];\n    uint64_t ans = 1; // Changed to uint64_t to handle large numbers\n    const long long MOD = 1000000007;\n\n    for (int i = 1; i <= n; i++) {\n        ans = (ans * i) % MOD;\n    }\n    return memo[n] = ans; // Cache the result\n}\n\nint main() {\n    long long int n;\n    cin >> n;\n    cout << factorial_mod(n) << endl;\n    return 0;\n}') | LineLLMMutation(('source.cpp', 30), '#include <iostream>\n#include <unordered_map>\n#include <cstdint> // Added for uint64_t\n\nusing namespace std;\n\nunordered_map<long long int, long long int> memo;\n\nuint64_t factorial_mod(long long int n) {\n    if (memo.count(n)) return memo[n];\n    if (n == 0 || n == 1) return 1; // Handle base cases\n    uint64_t ans = 1; // Changed to uint64_t to handle large numbers\n    const long long MOD = 1000000007;\n\n    for (long long int i = 2; i <= n; i++) { // Start from 2 to optimize multiplications\n        ans = (ans * i) % MOD;\n    }\n    return memo[n] = ans; // Cache the result\n}\n\nint main() {\n    long long int n;\n    cin >> n;\n    cout << factorial_mod(n) << endl;\n    return 0;\n}')"
2025-01-21 00:04:09,418	[DEBUG]	EXEC>  SUCCESS 2662993.0625
2025-01-21 00:04:09,418	[INFO]	2-16    SUCCESS               2662993.06 (97.99%) [3 edit(s)]  
2025-01-21 00:04:09,418	[DEBUG]	patch(2-16)="LineLLMMutation(('source.cpp', 16), '#include <iostream>\n\nusing namespace std;\n\ntemplate<typename T>\nT factorial_mod(T n) {\n    T ans = 1;\n    const T MOD = 1000000007;\n    for (T i = 1; i <= n; i++) {\n        ans = (ans * i) % MOD;\n    }\n    return ans;\n}\n\nint main() {\n    long long int n;\n    cin >> n;\n    cout << factorial_mod(n) << endl;\n    return 0;\n}') | LineLLMMutation(('source.cpp', 21), '#include <iostream>\n\nusing namespace std;\n\ntemplate<typename T>\nT factorial_mod(T n) {\n    T ans = 1;\n    const T MOD = 1000000007;\n    for (T i = 1; i <= n; i++) {\n        ans = (ans * i) % MOD;\n    }\n    return ans;\n}\n\nint main() {\n    long long int n;\n    cin >> n;\n    cout << factorial_mod(n) << endl;\n    return 0;\n}') | LineLLMMutation(('source.cpp', 31), '#include <iostream>\n\nusing namespace std;\n\ntemplate<typename T>\nT factorial_mod(T n) {\n    if (n == 0 || n == 1) return 1; // Early return for 0! and 1!\n    T ans = 1;\n    const T MOD = 1000000007;\n    for (T i = 2; i <= n; i++) { // Start from 2, as 1! = 1\n        ans = (ans * i) % MOD;\n    }\n    return ans;\n}\n\nint main() {\n    long long int n;\n    cin >> n;\n    cout << factorial_mod(n) << endl;\n    return 0;\n}')"
2025-01-21 00:04:09,864	[DEBUG]	EXEC>  SUCCESS 2662177.625
2025-01-21 00:04:09,864	[INFO]	2-17    SUCCESS               2662177.62 (97.96%) [3 edit(s)]  
2025-01-21 00:04:09,864	[DEBUG]	patch(2-17)="LineLLMMutation(('source.cpp', 13), '#include <iostream>\n\nusing namespace std;\n\nlong long int (*factorial_func)(long long int);\n\nlong long int factorial_mod(long long int n) {\n    long long int ans = 1;\n    const long long MOD = 1000000007;\n    for (int i = 1; i <= n; i++) {\n        ans = (ans * i) % MOD;\n    }\n    return ans;\n}\n\nint main() {\n    factorial_func = factorial_mod;\n    long long int n;\n    cin >> n;\n    cout << factorial_func(n) << endl;\n    return 0;\n}') | LineLLMMutation(('source.cpp', 24), '#include <iostream>\n\nusing namespace std;\n\nlong long int (*factorial_func)(long long int);\n\nlong long int factorial_mod(long long int n) {\n    if (n == 0 || n == 1) return 1; // Early return for 0! and 1!\n    long long int ans = 1;\n    const long long MOD = 1000000007;\n    for (long long int i = 2; i <= n; i++) { // Start from 2 as 1! and 0! are handled\n        ans = (ans * i) % MOD;\n    }\n    return ans;\n}\n\nint main() {\n    factorial_func = factorial_mod;\n    long long int n;\n    cin >> n;\n    cout << factorial_func(n) << endl;\n    return 0;\n}') | LineLLMMutation(('source.cpp', 32), '#include <iostream>\n\nusing namespace std;\n\nlong long int (*factorial_func)(long long int);\n\nlong long int factorial_mod(long long int n) {\n    if (n == 0 || n == 1) return 1; // Early return for 0! and 1!\n    long long int ans = 1;\n    const long long MOD = 1000000007;\n    \n    // Using a more efficient approach that avoids repeated multiplications\n    for (long long int i = 2; i <= n; i++) { // Start from 2 as 1! and 0! are handled\n        ans = (ans * i) % MOD;\n    }\n    return ans;\n}\n\nint main() {\n    factorial_func = factorial_mod;\n    long long int n;\n    cin >> n;\n    cout << factorial_func(n) << endl;\n    return 0;\n}')"
2025-01-21 00:04:10,371	[DEBUG]	EXEC>  SUCCESS 2607914.3125
2025-01-21 00:04:10,371	[INFO]	2-18    SUCCESS               2607914.31 (95.96%) [2 edit(s)]  
2025-01-21 00:04:10,371	[DEBUG]	patch(2-18)="LineLLMMutation(('source.cpp', 2), '#include <iostream>\n#include <cmath>\n#include <cstdint> // Added for uint64_t\n\nusing namespace std;\n\nint main() {\n    long long int n;\n    cin >> n;\n    uint64_t ans = 1; // Changed to uint64_t to handle large numbers\n\n    for (int i = 1; i <= n; i++) {\n        ans = (ans * i) % (1000000007);\n    }\n\n    cout << ans << endl;\n    return 0;\n}') | LineLLMMutation(('source.cpp', 33), '#include <iostream>\n#include <cmath>\n#include <cstdint> // Added for uint64_t\n\nusing namespace std;\n\nint main() {\n    long long int n;\n    cin >> n;\n    uint64_t ans = 1; // Changed to uint64_t to handle large numbers\n\n    // Optimized loop to calculate factorial modulo 1000000007\n    for (int i = 2; i <= n; i++) { // Start from 2 as multiplying by 1 has no effect\n        ans = (ans * i) % (1000000007);\n    }\n\n    cout << ans << endl;\n    return 0;\n}')"
2025-01-21 00:04:10,822	[DEBUG]	EXEC>  SUCCESS 2679595.3125
2025-01-21 00:04:10,822	[INFO]	2-19    SUCCESS               2679595.31 (98.60%) [2 edit(s)]  
2025-01-21 00:04:10,822	[DEBUG]	patch(2-19)="LineLLMCrossover(('source.cpp', 0), '#include <iostream>\n#include <omp.h> // Include OpenMP\n\nusing namespace std;\n\ntemplate<typename T>\nT factorial_mod(T n) {\n    T ans = 1;\n    const T MOD = 1000000007;\n    #pragma omp parallel for reduction(*:ans) // Parallel factorial calculation\n    for (T i = 1; i <= n; i++) {\n        ans = (ans * i) % MOD;\n    }\n    return ans;\n}\n\nint main() {\n    long long int n;\n    cin >> n;\n    cout << factorial_mod(n) << endl;\n    return 0;\n}') | LineLLMMutation(('source.cpp', 34), '#include <iostream>\n#include <omp.h> // Include OpenMP\n\nusing namespace std;\n\ntemplate<typename T>\nT factorial_mod(T n) {\n    T ans = 1;\n    const T MOD = 1000000007;\n    const int chunk_size = 1000; // Define chunk size for better parallel performance\n    #pragma omp parallel \n    {\n        T local_ans = 1; // Each thread has its own local answer\n        #pragma omp for\n        for (T i = 1; i <= n; i += chunk_size) {\n            T end = min(i + chunk_size - 1, n);\n            for (T j = i; j <= end; j++) {\n                local_ans = (local_ans * j) % MOD;\n            }\n        }\n        #pragma omp atomic\n        ans = (ans * local_ans) % MOD; // Combine results safely\n    }\n    return ans;\n}\n\nint main() {\n    long long int n;\n    cin >> n;\n    cout << factorial_mod(n) << endl;\n    return 0;\n}')"
2025-01-21 00:04:11,282	[DEBUG]	EXEC>  SUCCESS 2716717.75
2025-01-21 00:04:11,283	[INFO]	2-20    SUCCESS               2716717.75 (99.96%) [2 edit(s)]  
2025-01-21 00:04:11,283	[DEBUG]	patch(2-20)="LineLLMCrossover(('source.cpp', 5), '#include <iostream>\n#include <omp.h>\n\nusing namespace std;\n\nint main() {\n    long long int n;\n    cin >> n;\n    long long int ans = 1;\n    const long long MOD = 1000000007;\n\n    #pragma omp parallel for reduction(*:ans) // Parallel factorial calculation\n    for (long long int i = 2; i <= n; i++) { // Start from 2 to skip multiplying by 1\n        ans = (ans * i) % MOD;\n    }\n\n    cout << ans << endl;\n    return 0;\n}') | LineLLMMutation(('source.cpp', 35), '#include <iostream>\n#include <omp.h>\n\nusing namespace std;\n\nint main() {\n    long long int n;\n    cin >> n;\n    long long int ans = 1;\n    const long long MOD = 1000000007;\n\n    // Splitting the factorial calculation into chunks\n    #pragma omp parallel\n    {\n        long long int local_ans = 1; // Local variable to hold intermediate results\n        #pragma omp for\n        for (long long int i = 2; i <= n; i++) { // Start from 2 to skip multiplying by 1\n            local_ans = (local_ans * i) % MOD; // Calculate factorial in local scope\n        }\n        \n        // Combine results from all threads\n        #pragma omp atomic\n        ans = (ans * local_ans) % MOD; // Reduce contention on `ans`\n    }\n\n    cout << ans << endl;\n    return 0;\n}')"
2025-01-21 00:04:12,799	[DEBUG]	EXEC>  SUCCESS 2657822.5
2025-01-21 00:04:12,799	[INFO]	REF     SUCCESS               2657822.50 (--) [0 edit(s)]  
2025-01-21 00:04:13,246	[DEBUG]	EXEC>  SUCCESS 2590925.0625
2025-01-21 00:04:13,246	[INFO]	BEST    SUCCESS              *2590925.06 (97.48%) [0 edit(s)]  
2025-01-21 00:05:23,665	[DEBUG]	EXEC>  SUCCESS 2595564.4375
2025-01-21 00:05:23,666	[INFO]	3-1     SUCCESS              +2595564.44 (97.66%) [2 edit(s)]  
2025-01-21 00:05:23,666	[DEBUG]	patch(3-1)="LineLLMCrossover(('source.cpp', 6), '#include <iostream>\n#include <cstdint>\n\nusing namespace std;\n\nuint64_t factorial_mod(uint64_t n) {\n    uint64_t ans = 1;\n    const uint64_t MOD = 1000000007;\n    for (uint64_t i = 1; i <= n; i++) {\n        ans = (ans * i) % MOD;\n    }\n    return ans;\n}\n\nint main() {\n    uint64_t n;\n    cin >> n;\n    cout << factorial_mod(n) << endl;\n    return 0;\n}') | LineLLMMutation(('source.cpp', 28), '#include <iostream>\n#include <cstdint>\n\nusing namespace std;\n\nuint64_t factorial_mod(uint64_t n) {\n    if (n == 0 || n == 1) return 1;\n    uint64_t ans = 1;\n    const uint64_t MOD = 1000000007;\n    for (uint64_t i = 2; i <= n; i++) {\n        ans = (ans * i) % MOD;\n    }\n    return ans;\n}\n\nint main() {\n    uint64_t n;\n    cin >> n;\n    cout << factorial_mod(n) << endl;\n    return 0;\n}')"
2025-01-21 00:05:24,121	[DEBUG]	EXEC>  SUCCESS 2659843.5
2025-01-21 00:05:24,122	[INFO]	3-2     SUCCESS               2659843.50 (100.08%) [1 edit(s)]  
2025-01-21 00:05:24,122	[DEBUG]	patch(3-2)="LineLLMCrossover(('source.cpp', 11), '#include <iostream>\n#include <omp.h>\n#include <cstdint>\n\nusing namespace std;\n\nuint64_t factorial_mod(uint64_t n) {\n    uint64_t ans = 1;\n    const uint64_t MOD = 1000000007;\n\n    #pragma omp parallel for reduction(*:ans)\n    for (uint64_t i = 1; i <= n; i++) {\n        ans = (ans * i) % MOD;\n    }\n    return ans;\n}\n\nint main() {\n    uint64_t n;\n    cin >> n;\n    cout << factorial_mod(n) << endl;\n    return 0;\n}')"
2025-01-21 00:05:24,578	[DEBUG]	EXEC>  SUCCESS 2608020.5
2025-01-21 00:05:24,578	[INFO]	3-3     SUCCESS               2608020.50 (98.13%) [1 edit(s)]  
2025-01-21 00:05:24,578	[DEBUG]	patch(3-3)="LineLLMCrossover(('source.cpp', 14), '#include <iostream>\n#include <omp.h>\n#include <cstdint>\n\nusing namespace std;\n\nuint64_t factorial_mod(long long int n) {\n    if (n == 0 || n == 1) return 1; // Early return for 0! and 1!\n    uint64_t ans = 1;\n    const uint64_t MOD = 1000000007;\n\n    #pragma omp parallel for reduction(*:ans)\n    for (long long int i = 2; i <= n; i++) {\n        ans = (ans * i) % MOD; // Start from 2\n    }\n    return ans;\n}\n\nint main() {\n    long long int n;\n    cin >> n;\n    cout << factorial_mod(n) << endl;\n    return 0;\n}')"
2025-01-21 00:05:25,207	[DEBUG]	EXEC>  SUCCESS 2646656.875
2025-01-21 00:05:25,207	[INFO]	3-4     SUCCESS               2646656.88 (99.58%) [2 edit(s)]  
2025-01-21 00:05:25,207	[DEBUG]	patch(3-4)="LineLLMMutation(('source.cpp', 2), '#include <iostream>\n#include <cmath>\n#include <cstdint> // Added for uint64_t\n\nusing namespace std;\n\nint main() {\n    long long int n;\n    cin >> n;\n    uint64_t ans = 1; // Changed to uint64_t to handle large numbers\n\n    for (int i = 1; i <= n; i++) {\n        ans = (ans * i) % (1000000007);\n    }\n\n    cout << ans << endl;\n    return 0;\n}') | LineLLMMutation(('source.cpp', 33), '#include <iostream>\n#include <cmath>\n#include <cstdint> // Added for uint64_t\n\nusing namespace std;\n\nint main() {\n    long long int n;\n    cin >> n;\n    uint64_t ans = 1; // Changed to uint64_t to handle large numbers\n\n    // Optimized loop to calculate factorial modulo 1000000007\n    for (int i = 2; i <= n; i++) { // Start from 2 as multiplying by 1 has no effect\n        ans = (ans * i) % (1000000007);\n    }\n\n    cout << ans << endl;\n    return 0;\n}')"
2025-01-21 00:05:25,773	[DEBUG]	EXEC>  SUCCESS 2650727.5
2025-01-21 00:05:25,773	[INFO]	3-5     SUCCESS               2650727.50 (99.73%) [1 edit(s)]  
2025-01-21 00:05:25,773	[DEBUG]	patch(3-5)="LineLLMCrossover(('source.cpp', 16), '#include <iostream>\n#include <unordered_map>\n#include <omp.h>\n#include <cstdint>\n\nusing namespace std;\n\nunordered_map<long long int, long long int> memo;\n\nuint64_t factorial_mod(long long int n) {\n    if (memo.count(n)) return memo[n]; // Check cache\n    if (n == 0 || n == 1) return 1; // Early return for 0! and 1!\n    \n    uint64_t ans = 1;\n    const uint64_t MOD = 1000000007;\n\n    #pragma omp parallel for reduction(*:ans)\n    for (long long int i = 2; i <= n; i++) {\n        ans = (ans * i) % MOD; // Start from 2\n    }\n    return memo[n] = ans; // Cache the result\n}\n\nint main() {\n    long long int n;\n    cin >> n;\n    cout << factorial_mod(n) << endl;\n    return 0;\n}')"
2025-01-21 00:05:26,334	[DEBUG]	EXEC>  SUCCESS 2694596.75
2025-01-21 00:05:26,334	[INFO]	3-6     SUCCESS               2694596.75 (101.38%) [1 edit(s)]  
2025-01-21 00:05:26,334	[DEBUG]	patch(3-6)="LineLLMCrossover(('source.cpp', 17), '#include <iostream>\n#include <unordered_map>\n#include <cstdint>\n\nusing namespace std;\n\nunordered_map<long long int, uint64_t> memo;\n\nuint64_t factorial_mod(long long int n) {\n    if (memo.count(n)) return memo[n]; // Check cache\n    if (n == 0 || n == 1) return 1; // Early return for 0! and 1!\n    \n    uint64_t ans = 1;\n    const uint64_t MOD = 1000000007;\n\n    for (long long int i = 2; i <= n; i++) {\n        ans = (ans * i) % MOD; // Start from 2\n    }\n    return memo[n] = ans; // Cache the result\n}\n\nint main() {\n    long long int n;\n    cin >> n;\n    cout << factorial_mod(n) << endl;\n    return 0;\n}')"
2025-01-21 00:05:26,798	[DEBUG]	EXEC>  SUCCESS 2586660.25
2025-01-21 00:05:26,798	[INFO]	3-7     SUCCESS              *2586660.25 (97.32%) [1 edit(s)]  
2025-01-21 00:05:26,798	[DEBUG]	patch(3-7)="LineLLMCrossover(('source.cpp', 18), '#include <iostream>\n#include <omp.h>\n#include <cstdint>\n\nusing namespace std;\n\nuint64_t factorial_mod(uint64_t n) {\n    if (n == 0 || n == 1) return 1; // Early return for 0! and 1!\n    \n    uint64_t ans = 1;\n    const uint64_t MOD = 1000000007;\n\n    #pragma omp parallel for reduction(*:ans)\n    for (uint64_t i = 2; i <= n; i++) {\n        ans = (ans * i) % MOD; // Start from 2\n    }\n    return ans;\n}\n\nint main() {\n    uint64_t n;\n    cin >> n;\n    cout << factorial_mod(n) << endl;\n    return 0;\n}')"

2025-01-21 00:05:27,351	[DEBUG]	EXEC>  SUCCESS 2662925.25
2025-01-21 00:05:27,351	[INFO]	3-8     SUCCESS               2662925.25 (100.19%) [1 edit(s)]  
2025-01-21 00:05:27,351	[DEBUG]	patch(3-8)="LineLLMCrossover(('source.cpp', 19), '#include <iostream>\n#include <unordered_map>\n#include <cstdint>\n\nusing namespace std;\n\nunordered_map<long long int, uint64_t> memo;\n\nuint64_t factorial_mod(long long int n) {\n    if (memo.count(n)) return memo[n]; // Check cache\n    if (n == 0 || n == 1) return 1; // Early return for 0! and 1!\n\n    uint64_t ans = 1;\n    const uint64_t MOD = 1000000007;\n\n    for (int i = 2; i <= n; i++) {\n        ans = (ans * i) % MOD; // Start from 2\n    }\n    return memo[n] = ans; // Cache the result\n}\n\nint main() {\n    long long int n;\n    cin >> n;\n    cout << factorial_mod(n) << endl;\n    return 0;\n}')"
2025-01-21 00:05:27,808	[DEBUG]	EXEC>  SUCCESS 2631385.75
2025-01-21 00:05:27,808	[INFO]	3-9     SUCCESS               2631385.75 (99.01%) [1 edit(s)]  
2025-01-21 00:05:27,808	[DEBUG]	patch(3-9)="LineLLMCrossover(('source.cpp', 20), '#include <iostream>\n#include <omp.h>\n#include <cstdint>\n\nusing namespace std;\n\nuint64_t factorial_mod(uint64_t n) {\n    if (n == 0 || n == 1) return 1; // Early return for 0! and 1!\n    \n    uint64_t ans = 1;\n    const uint64_t MOD = 1000000007;\n\n    #pragma omp parallel for reduction(*:ans)\n    for (uint64_t i = 2; i <= n; i++) {\n        ans = (ans * i) % MOD; // Start from 2\n    }\n    return ans;\n}\n\nint main() {\n    uint64_t n;\n    cin >> n;\n    cout << factorial_mod(n) << endl;\n    return 0;\n}')"
2025-01-21 00:05:28,361	[DEBUG]	EXEC>  SUCCESS 2679052.1875
2025-01-21 00:05:28,361	[INFO]	3-10    SUCCESS               2679052.19 (100.80%) [1 edit(s)]  
2025-01-21 00:05:28,361	[DEBUG]	patch(3-10)="LineLLMCrossover(('source.cpp', 21), '#include <iostream>\n#include <unordered_map>\n#include <cstdint>\n\nusing namespace std;\n\nunordered_map<long long int, uint64_t> memo;\n\nuint64_t factorial_mod(long long int n) {\n    if (memo.count(n)) return memo[n]; // Check cache\n    if (n == 0 || n == 1) return 1; // Early return for 0! and 1!\n\n    uint64_t ans = 1;\n    const uint64_t MOD = 1000000007;\n\n    for (int i = 2; i <= n; i++) {\n        ans = (ans * i) % MOD; // Start from 2\n    }\n    return memo[n] = ans; // Cache the result\n}\n\nint main() {\n    long long int n;\n    cin >> n;\n    cout << factorial_mod(n) << endl;\n    return 0;\n}')"
2025-01-21 00:05:28,830	[DEBUG]	EXEC>  SUCCESS 2649955.75
2025-01-21 00:05:28,830	[INFO]	3-11    SUCCESS               2649955.75 (99.70%) [1 edit(s)]  
2025-01-21 00:05:28,830	[DEBUG]	patch(3-11)="LineLLMCrossover(('source.cpp', 22), '#include <iostream>\n#include <omp.h>\n#include <cstdint>\n\nusing namespace std;\n\nuint64_t factorial_mod(uint64_t n) {\n    if (n == 0 || n == 1) return 1; // Early return for 0! and 1!\n\n    uint64_t ans = 1;\n    const uint64_t MOD = 1000000007;\n\n    #pragma omp parallel for reduction(*:ans)\n    for (uint64_t i = 2; i <= n; i++) {\n        ans = (ans * i) % MOD; // Start from 2\n    }\n    return ans;\n}\n\nint main() {\n    uint64_t n;\n    cin >> n;\n    cout << factorial_mod(n) << endl;\n    return 0;\n}')"
2025-01-21 00:05:29,384	[DEBUG]	EXEC>  SUCCESS 2677581.25
2025-01-21 00:05:29,384	[INFO]	3-12    SUCCESS               2677581.25 (100.74%) [1 edit(s)]  
2025-01-21 00:05:29,384	[DEBUG]	patch(3-12)="LineLLMCrossover(('source.cpp', 23), '#include <iostream>\n#include <unordered_map>\n#include <cstdint>\n\nusing namespace std;\n\nunordered_map<long long int, long long int> memo;\n\nuint64_t factorial_mod(long long int n) {\n    if (memo.count(n)) return memo[n]; // Check cache\n    if (n == 0 || n == 1) return 1; // Early return for 0! and 1!\n    \n    uint64_t ans = 1;\n    const uint64_t MOD = 1000000007;\n\n    for (int i = 2; i <= n; i++) {\n        ans = (ans * i) % MOD; // Start from 2\n    }\n    return memo[n] = ans; // Cache the result\n}\n\nint main() {\n    long long int n;\n    cin >> n;\n    cout << factorial_mod(n) << endl;\n    return 0;\n}')"
2025-01-21 00:05:29,840	[DEBUG]	EXEC>  SUCCESS 2644507.875
2025-01-21 00:05:29,840	[INFO]	3-13    SUCCESS               2644507.88 (99.50%) [3 edit(s)]  
2025-01-21 00:05:29,840	[DEBUG]	patch(3-13)="LineLLMCrossover(('source.cpp', 6), '#include <iostream>\n#include <cstdint>\n\nusing namespace std;\n\nuint64_t factorial_mod(uint64_t n) {\n    uint64_t ans = 1;\n    const uint64_t MOD = 1000000007;\n    for (uint64_t i = 1; i <= n; i++) {\n        ans = (ans * i) % MOD;\n    }\n    return ans;\n}\n\nint main() {\n    uint64_t n;\n    cin >> n;\n    cout << factorial_mod(n) << endl;\n    return 0;\n}') | LineLLMMutation(('source.cpp', 28), '#include <iostream>\n#include <cstdint>\n\nusing namespace std;\n\nuint64_t factorial_mod(uint64_t n) {\n    if (n == 0 || n == 1) return 1;\n    uint64_t ans = 1;\n    const uint64_t MOD = 1000000007;\n    for (uint64_t i = 2; i <= n; i++) {\n        ans = (ans * i) % MOD;\n    }\n    return ans;\n}\n\nint main() {\n    uint64_t n;\n    cin >> n;\n    cout << factorial_mod(n) << endl;\n    return 0;\n}') | LineLLMMutation(('source.cpp', 36), '#include <iostream>\n#include <cstdint>\n\nusing namespace std;\n\nuint64_t factorial_mod(uint64_t n) {\n    if (n == 0 || n == 1) return 1;\n    uint64_t ans = 1;\n    const uint64_t MOD = 1000000007;\n    // Using a more efficient approach to calculate factorial mod\n    for (uint64_t i = 2; i <= n; i++) {\n        ans = (ans * i) % MOD;\n    }\n    return ans;\n}\n\nint main() {\n    uint64_t n;\n    cin >> n;\n    cout << factorial_mod(n) << endl;\n    return 0;\n}')"
2025-01-21 00:05:30,164	[INFO]	3-14    COMPILE_CODE_ERROR    None (--) [2 edit(s)]  
2025-01-21 00:05:30,164	[DEBUG]	patch(3-14)="LineLLMCrossover(('source.cpp', 11), '#include <iostream>\n#include <omp.h>\n#include <cstdint>\n\nusing namespace std;\n\nuint64_t factorial_mod(uint64_t n) {\n    uint64_t ans = 1;\n    const uint64_t MOD = 1000000007;\n\n    #pragma omp parallel for reduction(*:ans)\n    for (uint64_t i = 1; i <= n; i++) {\n        ans = (ans * i) % MOD;\n    }\n    return ans;\n}\n\nint main() {\n    uint64_t n;\n    cin >> n;\n    cout << factorial_mod(n) << endl;\n    return 0;\n}') | LineLLMMutation(('source.cpp', 37), '#include <iostream>\n#include <omp.h>\n#include <cstdint>\n\nusing namespace std;\n\nuint64_t factorial_mod(uint64_t n) {\n    uint64_t ans = 1;\n    const uint64_t MOD = 1000000007;\n\n    // Using an array to store intermediate results to avoid race conditions\n    uint64_t partial_results[OMP_NUM_THREADS] = {1};\n\n    #pragma omp parallel \n    {\n        int thread_id = omp_get_thread_num();\n        uint64_t local_ans = 1;\n\n        #pragma omp for\n        for (uint64_t i = 1; i <= n; i++) {\n            local_ans = (local_ans * i) % MOD;\n        }\n\n        // Each thread writes its local result to the corresponding index\n        partial_results[thread_id] = local_ans;\n    }\n\n    // Combine results from all threads\n    for (int i = 0; i < OMP_NUM_THREADS; i++) {\n        ans = (ans * partial_results[i]) % MOD;\n    }\n\n    return ans;\n}\n\nint main() {\n    uint64_t n;\n    cin >> n;\n    cout << factorial_mod(n) << endl;\n    return 0;\n}')"
2025-01-21 00:05:30,632	[DEBUG]	EXEC>  SUCCESS 2669608.1875
2025-01-21 00:05:30,632	[INFO]	3-15    SUCCESS               2669608.19 (100.44%) [2 edit(s)]  
2025-01-21 00:05:30,632	[DEBUG]	patch(3-15)="LineLLMCrossover(('source.cpp', 14), '#include <iostream>\n#include <omp.h>\n#include <cstdint>\n\nusing namespace std;\n\nuint64_t factorial_mod(long long int n) {\n    if (n == 0 || n == 1) return 1; // Early return for 0! and 1!\n    uint64_t ans = 1;\n    const uint64_t MOD = 1000000007;\n\n    #pragma omp parallel for reduction(*:ans)\n    for (long long int i = 2; i <= n; i++) {\n        ans = (ans * i) % MOD; // Start from 2\n    }\n    return ans;\n}\n\nint main() {\n    long long int n;\n    cin >> n;\n    cout << factorial_mod(n) << endl;\n    return 0;\n}') | LineLLMMutation(('source.cpp', 38), '#include <iostream>\n#include <omp.h>\n#include <cstdint>\n\nusing namespace std;\n\nuint64_t factorial_mod(long long int n) {\n    if (n == 0 || n == 1) return 1; // Early return for 0! and 1!\n    const uint64_t MOD = 1000000007;\n    uint64_t ans = 1;\n\n    #pragma omp parallel\n    {\n        uint64_t local_ans = 1;\n        #pragma omp for\n        for (long long int i = 2; i <= n; i++) {\n            local_ans = (local_ans * i) % MOD; // Calculate locally\n        }\n        #pragma omp atomic\n        ans = (ans * local_ans) % MOD; // Combine results atomically\n    }\n    return ans;\n}\n\nint main() {\n    long long int n;\n    cin >> n;\n    cout << factorial_mod(n) << endl;\n    return 0;\n}')"
2025-01-21 00:05:31,154	[DEBUG]	EXEC>  SUCCESS 2650369.125
2025-01-21 00:05:31,155	[INFO]	3-16    SUCCESS               2650369.12 (99.72%) [3 edit(s)]  
2025-01-21 00:05:31,155	[DEBUG]	patch(3-16)="LineLLMMutation(('source.cpp', 2), '#include <iostream>\n#include <cmath>\n#include <cstdint> // Added for uint64_t\n\nusing namespace std;\n\nint main() {\n    long long int n;\n    cin >> n;\n    uint64_t ans = 1; // Changed to uint64_t to handle large numbers\n\n    for (int i = 1; i <= n; i++) {\n        ans = (ans * i) % (1000000007);\n    }\n\n    cout << ans << endl;\n    return 0;\n}') | LineLLMMutation(('source.cpp', 33), '#include <iostream>\n#include <cmath>\n#include <cstdint> // Added for uint64_t\n\nusing namespace std;\n\nint main() {\n    long long int n;\n    cin >> n;\n    uint64_t ans = 1; // Changed to uint64_t to handle large numbers\n\n    // Optimized loop to calculate factorial modulo 1000000007\n    for (int i = 2; i <= n; i++) { // Start from 2 as multiplying by 1 has no effect\n        ans = (ans * i) % (1000000007);\n    }\n\n    cout << ans << endl;\n    return 0;\n}') | LineLLMMutation(('source.cpp', 39), '#include <iostream>\n#include <cmath>\n#include <cstdint> // Added for uint64_t\n\nusing namespace std;\n\nint main() {\n    long long int n;\n    cin >> n;\n    uint64_t ans = 1; // Changed to uint64_t to handle large numbers\n\n    // Optimized loop to calculate factorial modulo 1000000007 using properties of modular arithmetic\n    for (int i = 2; i <= n; i++) { // Start from 2 as multiplying by 1 has no effect\n        ans = (ans * i) % (1000000007);\n    }\n\n    cout << ans << endl;\n    return 0;\n}')"
2025-01-21 00:05:31,709	[DEBUG]	EXEC>  SUCCESS 2656642.6875
2025-01-21 00:05:31,710	[INFO]	3-17    SUCCESS               2656642.69 (99.96%) [2 edit(s)]  
2025-01-21 00:05:31,710	[DEBUG]	patch(3-17)="LineLLMCrossover(('source.cpp', 12), '#include <iostream>\n#include <unordered_map>\n#include <cstdint>\n\nusing namespace std;\n\nunordered_map<long long int, long long int> memo;\n\nuint64_t factorial_mod(long long int n) {\n    if (memo.count(n)) return memo[n];\n    if (n == 0 || n == 1) return 1; // Early return for 0! and 1!\n    \n    uint64_t ans = 1;\n    const long long MOD = 1000000007;\n\n    for (long long int i = 2; i <= n; i++) {\n        ans = (ans * i) % MOD;\n    }\n    return memo[n] = ans; // Cache the result\n}\n\nint main() {\n    long long int n;\n    cin >> n;\n    cout << factorial_mod(n) << endl;\n    return 0;\n}') | LineLLMMutation(('source.cpp', 40), '#include <iostream>\n#include <unordered_map>\n#include <cstdint>\n\nusing namespace std;\n\nunordered_map<long long int, long long int> memo;\n\nuint64_t factorial_mod(long long int n) {\n    if (memo.count(n)) return memo[n];\n    if (n == 0 || n == 1) return 1; // Early return for 0! and 1!\n    \n    const long long MOD = 1000000007;\n    uint64_t ans = 1;\n\n    // Using properties of modular arithmetic to reduce multiplications\n    for (long long int i = 2; i <= n; i++) {\n        ans = (ans * i) % MOD;\n    }\n    memo[n] = ans; // Cache the result\n    return ans; // Return the cached result\n}\n\nint main() {\n    long long int n;\n    cin >> n;\n    cout << factorial_mod(n) << endl;\n    return 0;\n}')"
2025-01-21 00:05:32,278	[DEBUG]	EXEC>  SUCCESS 2629690.4375
2025-01-21 00:05:32,279	[INFO]	3-18    SUCCESS               2629690.44 (98.94%) [2 edit(s)]  
2025-01-21 00:05:32,279	[DEBUG]	patch(3-18)="LineLLMCrossover(('source.cpp', 2), '#include <iostream>\n#include <unordered_map>\n#include <cstdint> // Added for uint64_t\n\nusing namespace std;\n\nunordered_map<long long int, long long int> memo;\n\nuint64_t factorial_mod(long long int n) {\n    if (memo.count(n)) return memo[n];\n    uint64_t ans = 1; // Changed to uint64_t to handle large numbers\n    const long long MOD = 1000000007;\n\n    for (int i = 1; i <= n; i++) {\n        ans = (ans * i) % MOD;\n    }\n    return memo[n] = ans; // Cache the result\n}\n\nint main() {\n    long long int n;\n    cin >> n;\n    cout << factorial_mod(n) << endl;\n    return 0;\n}') | LineLLMMutation(('source.cpp', 41), '#include <iostream>\n#include <unordered_map>\n#include <cstdint> // Added for uint64_t\n\nusing namespace std;\n\nunordered_map<long long int, long long int> memo;\n\nuint64_t factorial_mod(long long int n) {\n    if (memo.count(n)) return memo[n];\n    uint64_t ans = 1; // Changed to uint64_t to handle large numbers\n    const long long MOD = 1000000007;\n\n    // Optimized multiplication using a single loop and modular arithmetic\n    for (long long int i = 1; i <= n; i++) {\n        ans = (ans * (i % MOD)) % MOD;\n    }\n    return memo[n] = ans; // Cache the result\n}\n\nint main() {\n    long long int n;\n    cin >> n;\n    cout << factorial_mod(n) << endl;\n    return 0;\n}')"
2025-01-21 00:05:32,793	[DEBUG]	EXEC>  SUCCESS 2585350.9375
2025-01-21 00:05:32,793	[INFO]	3-19    SUCCESS              *2585350.94 (97.27%) [4 edit(s)]  
2025-01-21 00:05:32,793	[DEBUG]	patch(3-19)="LineLLMMutation(('source.cpp', 2), '#include <iostream>\n#include <cmath>\n#include <cstdint> // Added for uint64_t\n\nusing namespace std;\n\nint main() {\n    long long int n;\n    cin >> n;\n    uint64_t ans = 1; // Changed to uint64_t to handle large numbers\n\n    for (int i = 1; i <= n; i++) {\n        ans = (ans * i) % (1000000007);\n    }\n\n    cout << ans << endl;\n    return 0;\n}') | LineLLMMutation(('source.cpp', 22), '#include <iostream>\n#include <cmath>\n#include <cstdint> // Added for uint64_t\n\nusing namespace std;\n\nint main() {\n    long long int n;\n    cin >> n;\n    uint64_t ans = 1; // Changed to uint64_t to handle large numbers\n\n    // Using a more efficient method to calculate factorial modulo 1000000007\n    for (int i = 2; i <= n; i++) {\n        ans = (ans * i) % (1000000007);\n    }\n\n    cout << ans << endl;\n    return 0;\n}') | LineLLMMutation(('source.cpp', 29), '#include <iostream>\n#include <cmath>\n#include <cstdint> // Added for uint64_t\n\nusing namespace std;\n\nint main() {\n    long long int n;\n    cin >> n;\n    uint64_t ans = 1; // Changed to uint64_t to handle large numbers\n\n    // Use an iterative approach with precomputed factorial values to reduce time complexity\n    if (n > 0) {\n        ans = 1; // Initialize ans for factorial computation\n        for (int i = 2; i <= n; i++) {\n            ans = (ans * i) % (1000000007);\n        }\n    }\n\n    cout << ans << endl;\n    return 0;\n}') | LineLLMMutation(('source.cpp', 42), '#include <iostream>\n#include <cmath>\n#include <cstdint> // Added for uint64_t\n\nusing namespace std;\n\nuint64_t factorial_mod(int n, uint64_t mod) {\n    uint64_t result = 1;\n    for (int i = 2; i <= n; i++) {\n        result = (result * i) % mod;\n    }\n    return result;\n}\n\nint main() {\n    long long int n;\n    cin >> n;\n    uint64_t ans = 1; // Changed to uint64_t to handle large numbers\n\n    // Use an iterative approach with a separate function for better readability\n    if (n > 0) {\n        ans = factorial_mod(n, 1000000007);\n    }\n\n    cout << ans << endl;\n    return 0;\n}')"

2025-01-21 00:05:33,314	[DEBUG]	EXEC>  SUCCESS 2888927.3125
2025-01-21 00:05:33,314	[INFO]	3-20    SUCCESS               2888927.31 (108.70%) [3 edit(s)]  
2025-01-21 00:05:33,314	[DEBUG]	patch(3-20)="LineLLMMutation(('source.cpp', 2), '#include <iostream>\n#include <cmath>\n#include <cstdint> // Added for uint64_t\n\nusing namespace std;\n\nint main() {\n    long long int n;\n    cin >> n;\n    uint64_t ans = 1; // Changed to uint64_t to handle large numbers\n\n    for (int i = 1; i <= n; i++) {\n        ans = (ans * i) % (1000000007);\n    }\n\n    cout << ans << endl;\n    return 0;\n}') | LineLLMMutation(('source.cpp', 22), '#include <iostream>\n#include <cmath>\n#include <cstdint> // Added for uint64_t\n\nusing namespace std;\n\nint main() {\n    long long int n;\n    cin >> n;\n    uint64_t ans = 1; // Changed to uint64_t to handle large numbers\n\n    // Using a more efficient method to calculate factorial modulo 1000000007\n    for (int i = 2; i <= n; i++) {\n        ans = (ans * i) % (1000000007);\n    }\n\n    cout << ans << endl;\n    return 0;\n}') | LineLLMMutation(('source.cpp', 43), '#include <iostream>\n#include <cmath>\n#include <cstdint> // Added for uint64_t\n\nusing namespace std;\n\nint main() {\n    long long int n;\n    cin >> n;\n    uint64_t ans = 1; // Changed to uint64_t to handle large numbers\n\n    // Precompute factorial modulo 1000000007 in an array to optimize performance\n    const uint64_t MOD = 1000000007;\n    uint64_t factorial[n + 1];\n    factorial[0] = 1;\n\n    for (int i = 1; i <= n; i++) {\n        factorial[i] = (factorial[i - 1] * i) % MOD; // Use previous value to compute current\n    }\n\n    ans = factorial[n]; // Directly take the precomputed factorial\n\n    cout << ans << endl;\n    return 0;\n}')"
2025-01-21 00:05:34,835	[DEBUG]	EXEC>  SUCCESS 2687049.3125
2025-01-21 00:05:34,835	[INFO]	REF     SUCCESS               2687049.31 (--) [0 edit(s)]  
2025-01-21 00:05:35,361	[DEBUG]	EXEC>  SUCCESS 2622713.4375
2025-01-21 00:05:35,361	[INFO]	BEST    SUCCESS              *2622713.44 (97.61%) [0 edit(s)]  
2025-01-21 00:06:45,748	[DEBUG]	EXEC>  SUCCESS 2596077.0625
2025-01-21 00:06:45,748	[INFO]	4-1     SUCCESS              *2596077.06 (96.61%) [4 edit(s)]  
2025-01-21 00:06:45,748	[DEBUG]	patch(4-1)="LineLLMMutation(('source.cpp', 2), '#include <iostream>\n#include <cmath>\n#include <cstdint> // Added for uint64_t\n\nusing namespace std;\n\nint main() {\n    long long int n;\n    cin >> n;\n    uint64_t ans = 1; // Changed to uint64_t to handle large numbers\n\n    for (int i = 1; i <= n; i++) {\n        ans = (ans * i) % (1000000007);\n    }\n\n    cout << ans << endl;\n    return 0;\n}') | LineLLMMutation(('source.cpp', 22), '#include <iostream>\n#include <cmath>\n#include <cstdint> // Added for uint64_t\n\nusing namespace std;\n\nint main() {\n    long long int n;\n    cin >> n;\n    uint64_t ans = 1; // Changed to uint64_t to handle large numbers\n\n    // Using a more efficient method to calculate factorial modulo 1000000007\n    for (int i = 2; i <= n; i++) {\n        ans = (ans * i) % (1000000007);\n    }\n\n    cout << ans << endl;\n    return 0;\n}') | LineLLMMutation(('source.cpp', 29), '#include <iostream>\n#include <cmath>\n#include <cstdint> // Added for uint64_t\n\nusing namespace std;\n\nint main() {\n    long long int n;\n    cin >> n;\n    uint64_t ans = 1; // Changed to uint64_t to handle large numbers\n\n    // Use an iterative approach with precomputed factorial values to reduce time complexity\n    if (n > 0) {\n        ans = 1; // Initialize ans for factorial computation\n        for (int i = 2; i <= n; i++) {\n            ans = (ans * i) % (1000000007);\n        }\n    }\n\n    cout << ans << endl;\n    return 0;\n}') | LineLLMMutation(('source.cpp', 42), '#include <iostream>\n#include <cmath>\n#include <cstdint> // Added for uint64_t\n\nusing namespace std;\n\nuint64_t factorial_mod(int n, uint64_t mod) {\n    uint64_t result = 1;\n    for (int i = 2; i <= n; i++) {\n        result = (result * i) % mod;\n    }\n    return result;\n}\n\nint main() {\n    long long int n;\n    cin >> n;\n    uint64_t ans = 1; // Changed to uint64_t to handle large numbers\n\n    // Use an iterative approach with a separate function for better readability\n    if (n > 0) {\n        ans = factorial_mod(n, 1000000007);\n    }\n\n    cout << ans << endl;\n    return 0;\n}')"

2025-01-21 00:06:46,211	[DEBUG]	EXEC>  SUCCESS 2699913.6875
2025-01-21 00:06:46,212	[INFO]	4-2     SUCCESS               2699913.69 (100.48%) [1 edit(s)]  
2025-01-21 00:06:46,212	[DEBUG]	patch(4-2)="LineLLMCrossover(('source.cpp', 18), '#include <iostream>\n#include <omp.h>\n#include <cstdint>\n\nusing namespace std;\n\nuint64_t factorial_mod(uint64_t n) {\n    if (n == 0 || n == 1) return 1; // Early return for 0! and 1!\n    \n    uint64_t ans = 1;\n    const uint64_t MOD = 1000000007;\n\n    #pragma omp parallel for reduction(*:ans)\n    for (uint64_t i = 2; i <= n; i++) {\n        ans = (ans * i) % MOD; // Start from 2\n    }\n    return ans;\n}\n\nint main() {\n    uint64_t n;\n    cin >> n;\n    cout << factorial_mod(n) << endl;\n    return 0;\n}')"
2025-01-21 00:06:46,674	[DEBUG]	EXEC>  SUCCESS 2646995.9375
2025-01-21 00:06:46,674	[INFO]	4-3     SUCCESS               2646995.94 (98.51%) [2 edit(s)]  
2025-01-21 00:06:46,674	[DEBUG]	patch(4-3)="LineLLMCrossover(('source.cpp', 6), '#include <iostream>\n#include <cstdint>\n\nusing namespace std;\n\nuint64_t factorial_mod(uint64_t n) {\n    uint64_t ans = 1;\n    const uint64_t MOD = 1000000007;\n    for (uint64_t i = 1; i <= n; i++) {\n        ans = (ans * i) % MOD;\n    }\n    return ans;\n}\n\nint main() {\n    uint64_t n;\n    cin >> n;\n    cout << factorial_mod(n) << endl;\n    return 0;\n}') | LineLLMMutation(('source.cpp', 28), '#include <iostream>\n#include <cstdint>\n\nusing namespace std;\n\nuint64_t factorial_mod(uint64_t n) {\n    if (n == 0 || n == 1) return 1;\n    uint64_t ans = 1;\n    const uint64_t MOD = 1000000007;\n    for (uint64_t i = 2; i <= n; i++) {\n        ans = (ans * i) % MOD;\n    }\n    return ans;\n}\n\nint main() {\n    uint64_t n;\n    cin >> n;\n    cout << factorial_mod(n) << endl;\n    return 0;\n}')"
2025-01-21 00:06:47,130	[DEBUG]	EXEC>  SUCCESS 2635606.8125
2025-01-21 00:06:47,130	[INFO]	4-4     SUCCESS               2635606.81 (98.09%) [1 edit(s)]  
2025-01-21 00:06:47,130	[DEBUG]	patch(4-4)="LineLLMCrossover(('source.cpp', 14), '#include <iostream>\n#include <omp.h>\n#include <cstdint>\n\nusing namespace std;\n\nuint64_t factorial_mod(long long int n) {\n    if (n == 0 || n == 1) return 1; // Early return for 0! and 1!\n    uint64_t ans = 1;\n    const uint64_t MOD = 1000000007;\n\n    #pragma omp parallel for reduction(*:ans)\n    for (long long int i = 2; i <= n; i++) {\n        ans = (ans * i) % MOD; // Start from 2\n    }\n    return ans;\n}\n\nint main() {\n    long long int n;\n    cin >> n;\n    cout << factorial_mod(n) << endl;\n    return 0;\n}')"
2025-01-21 00:06:47,593	[DEBUG]	EXEC>  SUCCESS 2616939.5
2025-01-21 00:06:47,593	[INFO]	4-5     SUCCESS               2616939.50 (97.39%) [1 edit(s)]  
2025-01-21 00:06:47,593	[DEBUG]	patch(4-5)="LineLLMCrossover(('source.cpp', 24), '#include <iostream>\n#include <omp.h>\n#include <cstdint>\n\nusing namespace std;\n\nuint64_t factorial_mod(uint64_t n) {\n    if (n == 0 || n == 1) return 1; // Early return for 0! and 1!\n    \n    uint64_t ans = 1;\n    const uint64_t MOD = 1000000007;\n\n    #pragma omp parallel for reduction(*:ans)\n    for (uint64_t i = 2; i <= n; i++) {\n        ans = (ans * i) % MOD; // Start from 2\n    }\n    return ans;\n}\n\nint main() {\n    long long int n;\n    cin >> n;\n    cout << factorial_mod(n) << endl;\n    return 0;\n}')"
2025-01-21 00:06:48,157	[DEBUG]	EXEC>  SUCCESS 2627852.25
2025-01-21 00:06:48,157	[INFO]	4-6     SUCCESS               2627852.25 (97.80%) [1 edit(s)]  
2025-01-21 00:06:48,157	[DEBUG]	patch(4-6)="LineLLMCrossover(('source.cpp', 25), '#include <iostream>\n#include <omp.h>\n#include <unordered_map>\n#include <cstdint>\n\nusing namespace std;\n\nunordered_map<long long int, long long int> memo;\n\nuint64_t factorial_mod(long long int n) {\n    if (memo.count(n)) return memo[n];\n    uint64_t ans = 1; \n    const long long MOD = 1000000007;\n\n    #pragma omp parallel for reduction(*:ans)\n    for (long long int i = 1; i <= n; i++) {\n        ans = (ans * (i % MOD)) % MOD;\n    }\n    return memo[n] = ans; // Cache the result\n}\n\nint main() {\n    long long int n;\n    cin >> n;\n    cout << factorial_mod(n) << endl;\n    return 0;\n}')"
2025-01-21 00:06:48,617	[DEBUG]	EXEC>  SUCCESS 2652980.5625
2025-01-21 00:06:48,617	[INFO]	4-7     SUCCESS               2652980.56 (98.73%) [1 edit(s)]  
2025-01-21 00:06:48,617	[DEBUG]	patch(4-7)="LineLLMCrossover(('source.cpp', 26), '#include <iostream>\n#include <omp.h>\n#include <cstdint>\n\nusing namespace std;\n\nuint64_t factorial_mod(uint64_t n) {\n    if (n == 0 || n == 1) return 1;\n    \n    uint64_t ans = 1;\n    const uint64_t MOD = 1000000007;\n\n    #pragma omp parallel for reduction(*:ans)\n    for (uint64_t i = 2; i <= n; i++) {\n        ans = (ans * i) % MOD;\n    }\n    return ans;\n}\n\nint main() {\n    uint64_t n;\n    cin >> n;\n    cout << factorial_mod(n) << endl;\n    return 0;\n}')"
2025-01-21 00:06:49,140	[DEBUG]	EXEC>  SUCCESS 2609138.375
2025-01-21 00:06:49,140	[INFO]	4-8     SUCCESS               2609138.38 (97.10%) [1 edit(s)]  
2025-01-21 00:06:49,140	[DEBUG]	patch(4-8)="LineLLMCrossover(('source.cpp', 27), '#include <iostream>\n#include <cmath>\n#include <cstdint>\n\nusing namespace std;\n\nuint64_t factorial_mod(uint64_t n) {\n    if (n == 0 || n == 1) return 1;\n    uint64_t ans = 1;\n    const uint64_t MOD = 1000000007;\n\n    for (uint64_t i = 2; i <= n; i++) {\n        ans = (ans * (i % MOD)) % MOD; // Ensure modular arithmetic\n    }\n    return ans;\n}\n\nint main() {\n    uint64_t n;\n    cin >> n;\n    cout << factorial_mod(n) << endl;\n    return 0;\n}')"
2025-01-21 00:06:49,699	[DEBUG]	EXEC>  SUCCESS 2652659.75
2025-01-21 00:06:49,699	[INFO]	4-9     SUCCESS               2652659.75 (98.72%) [1 edit(s)]  
2025-01-21 00:06:49,699	[DEBUG]	patch(4-9)="LineLLMCrossover(('source.cpp', 28), '#include <iostream>\n#include <omp.h>\n#include <unordered_map>\n#include <cstdint>\n\nusing namespace std;\n\nunordered_map<long long int, long long int> memo;\n\nuint64_t factorial_mod(long long int n) {\n    if (memo.count(n)) return memo[n];\n    uint64_t ans = 1; \n    const long long MOD = 1000000007;\n\n    #pragma omp parallel for reduction(*:ans)\n    for (long long int i = 1; i <= n; i++) {\n        ans = (ans * (i % MOD)) % MOD;\n    }\n    return memo[n] = ans; // Cache the result\n}\n\nint main() {\n    long long int n;\n    cin >> n;\n    cout << factorial_mod(n) << endl;\n    return 0;\n}')"
2025-01-21 00:06:50,172	[DEBUG]	EXEC>  SUCCESS 2655298.75
2025-01-21 00:06:50,172	[INFO]	4-10    SUCCESS               2655298.75 (98.82%) [1 edit(s)]  
2025-01-21 00:06:50,172	[DEBUG]	patch(4-10)="LineLLMCrossover(('source.cpp', 29), '#include <iostream>\n#include <omp.h>\n#include <cstdint>\n\nusing namespace std;\n\nuint64_t factorial_mod(uint64_t n) {\n    if (n == 0 || n == 1) return 1; // Early return for 0! and 1!\n    \n    uint64_t ans = 1;\n    const uint64_t MOD = 1000000007;\n\n    #pragma omp parallel for reduction(*:ans)\n    for (uint64_t i = 2; i <= n; i++) {\n        ans = (ans * i) % MOD; // Start from 2\n    }\n    return ans;\n}\n\nint main() {\n    long long int n;\n    cin >> n;\n    cout << factorial_mod(n) << endl;\n    return 0;\n}')"
2025-01-21 00:06:50,728	[DEBUG]	EXEC>  SUCCESS 2647032.1875
2025-01-21 00:06:50,728	[INFO]	4-11    SUCCESS               2647032.19 (98.51%) [1 edit(s)]  
2025-01-21 00:06:50,729	[DEBUG]	patch(4-11)="LineLLMCrossover(('source.cpp', 30), '#include <iostream>\n#include <unordered_map>\n#include <cstdint>\n\nusing namespace std;\n\nunordered_map<long long int, long long int> memo;\n\nuint64_t factorial_mod(long long int n) {\n    if (memo.count(n)) return memo[n];\n    \n    uint64_t ans = 1; // Changed to uint64_t to handle large numbers\n    const long long MOD = 1000000007;\n\n    // Optimized multiplication using a single loop and modular arithmetic\n    for (long long int i = 1; i <= n; i++) {\n        ans = (ans * (i % MOD)) % MOD;\n    }\n    return memo[n] = ans; // Cache the result\n}\n\nint main() {\n    long long int n;\n    cin >> n;\n    cout << factorial_mod(n) << endl;\n    return 0;\n}')"
2025-01-21 00:06:51,310	[DEBUG]	EXEC>  SUCCESS 2665779.0
2025-01-21 00:06:51,310	[INFO]	4-12    SUCCESS               2665779.00 (99.21%) [1 edit(s)]  
2025-01-21 00:06:51,310	[DEBUG]	patch(4-12)="LineLLMCrossover(('source.cpp', 31), '#include <iostream>\n#include <unordered_map>\n#include <cstdint>\n\nusing namespace std;\n\nunordered_map<long long int, long long int> memo;\n\nuint64_t factorial_mod(long long int n) {\n    if (memo.count(n)) return memo[n];\n    uint64_t ans = 1; // Changed to uint64_t to handle large numbers\n    const long long MOD = 1000000007;\n\n    // Optimized loop to calculate factorial modulo 1000000007\n    for (long long int i = 2; i <= n; i++) {\n        ans = (ans * (i % MOD)) % MOD; // Start from 2 as multiplying by 1 has no effect\n    }\n    return memo[n] = ans; // Cache the result\n}\n\nint main() {\n    long long int n;\n    cin >> n;\n    cout << factorial_mod(n) << endl;\n    return 0;\n}')"
2025-01-21 00:06:51,835	[DEBUG]	EXEC>  SUCCESS 2623840.5
2025-01-21 00:06:51,835	[INFO]	4-13    SUCCESS               2623840.50 (97.65%) [5 edit(s)]  
2025-01-21 00:06:51,835	[DEBUG]	patch(4-13)="LineLLMMutation(('source.cpp', 2), '#include <iostream>\n#include <cmath>\n#include <cstdint> // Added for uint64_t\n\nusing namespace std;\n\nint main() {\n    long long int n;\n    cin >> n;\n    uint64_t ans = 1; // Changed to uint64_t to handle large numbers\n\n    for (int i = 1; i <= n; i++) {\n        ans = (ans * i) % (1000000007);\n    }\n\n    cout << ans << endl;\n    return 0;\n}') | LineLLMMutation(('source.cpp', 22), '#include <iostream>\n#include <cmath>\n#include <cstdint> // Added for uint64_t\n\nusing namespace std;\n\nint main() {\n    long long int n;\n    cin >> n;\n    uint64_t ans = 1; // Changed to uint64_t to handle large numbers\n\n    // Using a more efficient method to calculate factorial modulo 1000000007\n    for (int i = 2; i <= n; i++) {\n        ans = (ans * i) % (1000000007);\n    }\n\n    cout << ans << endl;\n    return 0;\n}') | LineLLMMutation(('source.cpp', 29), '#include <iostream>\n#include <cmath>\n#include <cstdint> // Added for uint64_t\n\nusing namespace std;\n\nint main() {\n    long long int n;\n    cin >> n;\n    uint64_t ans = 1; // Changed to uint64_t to handle large numbers\n\n    // Use an iterative approach with precomputed factorial values to reduce time complexity\n    if (n > 0) {\n        ans = 1; // Initialize ans for factorial computation\n        for (int i = 2; i <= n; i++) {\n            ans = (ans * i) % (1000000007);\n        }\n    }\n\n    cout << ans << endl;\n    return 0;\n}') | LineLLMMutation(('source.cpp', 42), '#include <iostream>\n#include <cmath>\n#include <cstdint> // Added for uint64_t\n\nusing namespace std;\n\nuint64_t factorial_mod(int n, uint64_t mod) {\n    uint64_t result = 1;\n    for (int i = 2; i <= n; i++) {\n        result = (result * i) % mod;\n    }\n    return result;\n}\n\nint main() {\n    long long int n;\n    cin >> n;\n    uint64_t ans = 1; // Changed to uint64_t to handle large numbers\n\n    // Use an iterative approach with a separate function for better readability\n    if (n > 0) {\n        ans = factorial_mod(n, 1000000007);\n    }\n\n    cout << ans << endl;\n    return 0;\n}') | LineLLMMutation(('source.cpp', 44), '#include <iostream>\n#include <cmath>\n#include <cstdint> // Added for uint64_t\n\nusing namespace std;\n\nuint64_t factorial_mod(int n, uint64_t mod) {\n    if (n == 0 || n == 1) return 1; // Handle base cases\n    uint64_t result = 1;\n    for (int i = 2; i <= n; i++) {\n        result = (result * i) % mod; // Modular multiplication\n        if (result == 0) break; // Early exit if result is zero\n    }\n    return result;\n}\n\nint main() {\n    long long int n;\n    cin >> n;\n    uint64_t ans = 1; // Changed to uint64_t to handle large numbers\n\n    // Use an iterative approach with a separate function for better readability\n    if (n > 0) {\n        ans = factorial_mod(n, 1000000007);\n    }\n\n    cout << ans << endl;\n    return 0;\n}')"
2025-01-21 00:06:52,314	[DEBUG]	EXEC>  SUCCESS 2599400.1875
2025-01-21 00:06:52,315	[INFO]	4-14    SUCCESS               2599400.19 (96.74%) [2 edit(s)]  
2025-01-21 00:06:52,315	[DEBUG]	patch(4-14)="LineLLMCrossover(('source.cpp', 18), '#include <iostream>\n#include <omp.h>\n#include <cstdint>\n\nusing namespace std;\n\nuint64_t factorial_mod(uint64_t n) {\n    if (n == 0 || n == 1) return 1; // Early return for 0! and 1!\n    \n    uint64_t ans = 1;\n    const uint64_t MOD = 1000000007;\n\n    #pragma omp parallel for reduction(*:ans)\n    for (uint64_t i = 2; i <= n; i++) {\n        ans = (ans * i) % MOD; // Start from 2\n    }\n    return ans;\n}\n\nint main() {\n    uint64_t n;\n    cin >> n;\n    cout << factorial_mod(n) << endl;\n    return 0;\n}') | LineLLMMutation(('source.cpp', 45), '#include <iostream>\n#include <omp.h>\n#include <cstdint>\n\nusing namespace std;\n\nuint64_t factorial_mod(uint64_t n) {\n    if (n == 0 || n == 1) return 1; // Early return for 0! and 1!\n    \n    const uint64_t MOD = 1000000007;\n    uint64_t ans = 1;\n\n    #pragma omp parallel\n    {\n        uint64_t local_ans = 1; // Each thread has its own local copy\n        #pragma omp for\n        for (uint64_t i = 2; i <= n; i++) {\n            local_ans = (local_ans * i) % MOD; // Calculate local product\n        }\n        #pragma omp atomic\n        ans = (ans * local_ans) % MOD; // Combine results\n    }\n    return ans;\n}\n\nint main() {\n    uint64_t n;\n    cin >> n;\n    cout << factorial_mod(n) << endl;\n    return 0;\n}')"
2025-01-21 00:06:52,781	[DEBUG]	EXEC>  SUCCESS 2627644.6875
2025-01-21 00:06:52,781	[INFO]	4-15    SUCCESS               2627644.69 (97.79%) [3 edit(s)]  
2025-01-21 00:06:52,781	[DEBUG]	patch(4-15)="LineLLMCrossover(('source.cpp', 6), '#include <iostream>\n#include <cstdint>\n\nusing namespace std;\n\nuint64_t factorial_mod(uint64_t n) {\n    uint64_t ans = 1;\n    const uint64_t MOD = 1000000007;\n    for (uint64_t i = 1; i <= n; i++) {\n        ans = (ans * i) % MOD;\n    }\n    return ans;\n}\n\nint main() {\n    uint64_t n;\n    cin >> n;\n    cout << factorial_mod(n) << endl;\n    return 0;\n}') | LineLLMMutation(('source.cpp', 28), '#include <iostream>\n#include <cstdint>\n\nusing namespace std;\n\nuint64_t factorial_mod(uint64_t n) {\n    if (n == 0 || n == 1) return 1;\n    uint64_t ans = 1;\n    const uint64_t MOD = 1000000007;\n    for (uint64_t i = 2; i <= n; i++) {\n        ans = (ans * i) % MOD;\n    }\n    return ans;\n}\n\nint main() {\n    uint64_t n;\n    cin >> n;\n    cout << factorial_mod(n) << endl;\n    return 0;\n}') | LineLLMMutation(('source.cpp', 46), '#include <iostream>\n#include <cstdint>\n\nusing namespace std;\n\nuint64_t factorial_mod(uint64_t n) {\n    if (n == 0 || n == 1) return 1;\n    uint64_t ans = 1;\n    const uint64_t MOD = 1000000007;\n\n    // Unrolling the loop for optimization\n    for (uint64_t i = 2; i <= n; i += 2) {\n        ans = (ans * i) % MOD;\n        if (i + 1 <= n) {\n            ans = (ans * (i + 1)) % MOD;\n        }\n    }\n    return ans;\n}\n\nint main() {\n    uint64_t n;\n    cin >> n;\n    cout << factorial_mod(n) << endl;\n    return 0;\n}')"
2025-01-21 00:06:53,090	[INFO]	4-16    TEST_CODE_ERROR       None (--) [2 edit(s)]  
2025-01-21 00:06:53,090	[DEBUG]	patch(4-16)="LineLLMCrossover(('source.cpp', 14), '#include <iostream>\n#include <omp.h>\n#include <cstdint>\n\nusing namespace std;\n\nuint64_t factorial_mod(long long int n) {\n    if (n == 0 || n == 1) return 1; // Early return for 0! and 1!\n    uint64_t ans = 1;\n    const uint64_t MOD = 1000000007;\n\n    #pragma omp parallel for reduction(*:ans)\n    for (long long int i = 2; i <= n; i++) {\n        ans = (ans * i) % MOD; // Start from 2\n    }\n    return ans;\n}\n\nint main() {\n    long long int n;\n    cin >> n;\n    cout << factorial_mod(n) << endl;\n    return 0;\n}') | LineLLMMutation(('source.cpp', 47), '#include <iostream>\n#include <omp.h>\n#include <cstdint>\n\nusing namespace std;\n\nuint64_t factorial_mod(long long int n) {\n    if (n == 0 || n == 1) return 1; // Early return for 0! and 1!\n    uint64_t ans = 1;\n    const uint64_t MOD = 1000000007;\n\n    #pragma omp parallel for reduction(*:ans)\n    for (long long int i = 2; i <= n; i++) {\n        ans *= i; // Perform multiplication without modulo\n    }\n    ans %= MOD; // Apply modulo after the loop\n    return ans;\n}\n\nint main() {\n    long long int n;\n    cin >> n;\n    cout << factorial_mod(n) << endl;\n    return 0;\n}')"
2025-01-21 00:06:53,654	[DEBUG]	EXEC>  SUCCESS 2630679.8125
2025-01-21 00:06:53,654	[INFO]	4-17    SUCCESS               2630679.81 (97.90%) [3 edit(s)]  
2025-01-21 00:06:53,654	[DEBUG]	patch(4-17)="LineLLMCrossover(('source.cpp', 2), '#include <iostream>\n#include <unordered_map>\n#include <cstdint> // Added for uint64_t\n\nusing namespace std;\n\nunordered_map<long long int, long long int> memo;\n\nuint64_t factorial_mod(long long int n) {\n    if (memo.count(n)) return memo[n];\n    uint64_t ans = 1; // Changed to uint64_t to handle large numbers\n    const long long MOD = 1000000007;\n\n    for (int i = 1; i <= n; i++) {\n        ans = (ans * i) % MOD;\n    }\n    return memo[n] = ans; // Cache the result\n}\n\nint main() {\n    long long int n;\n    cin >> n;\n    cout << factorial_mod(n) << endl;\n    return 0;\n}') | LineLLMMutation(('source.cpp', 41), '#include <iostream>\n#include <unordered_map>\n#include <cstdint> // Added for uint64_t\n\nusing namespace std;\n\nunordered_map<long long int, long long int> memo;\n\nuint64_t factorial_mod(long long int n) {\n    if (memo.count(n)) return memo[n];\n    uint64_t ans = 1; // Changed to uint64_t to handle large numbers\n    const long long MOD = 1000000007;\n\n    // Optimized multiplication using a single loop and modular arithmetic\n    for (long long int i = 1; i <= n; i++) {\n        ans = (ans * (i % MOD)) % MOD;\n    }\n    return memo[n] = ans; // Cache the result\n}\n\nint main() {\n    long long int n;\n    cin >> n;\n    cout << factorial_mod(n) << endl;\n    return 0;\n}') | LineLLMMutation(('source.cpp', 48), '#include <iostream>\n#include <unordered_map>\n#include <cstdint> // Added for uint64_t\n\nusing namespace std;\n\nunordered_map<long long int, long long int> memo;\n\nuint64_t factorial_mod(long long int n) {\n    if (memo.count(n)) return memo[n];\n    if (n == 0) return 1; // Base case for 0!\n    \n    uint64_t ans = 1; // Changed to uint64_t to handle large numbers\n    const long long MOD = 1000000007;\n\n    // Precompute factorials to avoid repeated multiplication\n    for (long long int i = 1; i <= n; i++) {\n        ans = (ans * i) % MOD; // Removed the extra modulo operation\n    }\n    return memo[n] = ans; // Cache the result\n}\n\nint main() {\n    long long int n;\n    cin >> n;\n    cout << factorial_mod(n) << endl;\n    return 0;\n}')"
2025-01-21 00:06:54,117	[DEBUG]	EXEC>  SUCCESS 2614359.8125
2025-01-21 00:06:54,117	[INFO]	4-18    SUCCESS               2614359.81 (97.29%) [2 edit(s)]  
2025-01-21 00:06:54,117	[DEBUG]	patch(4-18)="LineLLMCrossover(('source.cpp', 20), '#include <iostream>\n#include <omp.h>\n#include <cstdint>\n\nusing namespace std;\n\nuint64_t factorial_mod(uint64_t n) {\n    if (n == 0 || n == 1) return 1; // Early return for 0! and 1!\n    \n    uint64_t ans = 1;\n    const uint64_t MOD = 1000000007;\n\n    #pragma omp parallel for reduction(*:ans)\n    for (uint64_t i = 2; i <= n; i++) {\n        ans = (ans * i) % MOD; // Start from 2\n    }\n    return ans;\n}\n\nint main() {\n    uint64_t n;\n    cin >> n;\n    cout << factorial_mod(n) << endl;\n    return 0;\n}') | LineLLMMutation(('source.cpp', 49), '#include <iostream>\n#include <omp.h>\n#include <cstdint>\n\nusing namespace std;\n\nuint64_t factorial_mod(uint64_t n) {\n    if (n == 0 || n == 1) return 1; // Early return for 0! and 1!\n    \n    const uint64_t MOD = 1000000007;\n    uint64_t ans = 1;\n\n    #pragma omp parallel\n    {\n        uint64_t local_ans = 1;\n        #pragma omp for\n        for (uint64_t i = 2; i <= n; i++) {\n            local_ans = (local_ans * i) % MOD; // Local accumulation\n        }\n        // Combine results from all threads\n        #pragma omp critical\n        {\n            ans = (ans * local_ans) % MOD; // Final reduction\n        }\n    }\n    return ans;\n}\n\nint main() {\n    uint64_t n;\n    cin >> n;\n    cout << factorial_mod(n) << endl;\n    return 0;\n}')"
2025-01-21 00:06:54,581	[DEBUG]	EXEC>  SUCCESS 2813438.8125
2025-01-21 00:06:54,582	[INFO]	4-19    SUCCESS               2813438.81 (104.70%) [4 edit(s)]  
2025-01-21 00:06:54,582	[DEBUG]	patch(4-19)="LineLLMCrossover(('source.cpp', 6), '#include <iostream>\n#include <cstdint>\n\nusing namespace std;\n\nuint64_t factorial_mod(uint64_t n) {\n    uint64_t ans = 1;\n    const uint64_t MOD = 1000000007;\n    for (uint64_t i = 1; i <= n; i++) {\n        ans = (ans * i) % MOD;\n    }\n    return ans;\n}\n\nint main() {\n    uint64_t n;\n    cin >> n;\n    cout << factorial_mod(n) << endl;\n    return 0;\n}') | LineLLMMutation(('source.cpp', 28), '#include <iostream>\n#include <cstdint>\n\nusing namespace std;\n\nuint64_t factorial_mod(uint64_t n) {\n    if (n == 0 || n == 1) return 1;\n    uint64_t ans = 1;\n    const uint64_t MOD = 1000000007;\n    for (uint64_t i = 2; i <= n; i++) {\n        ans = (ans * i) % MOD;\n    }\n    return ans;\n}\n\nint main() {\n    uint64_t n;\n    cin >> n;\n    cout << factorial_mod(n) << endl;\n    return 0;\n}') | LineLLMMutation(('source.cpp', 36), '#include <iostream>\n#include <cstdint>\n\nusing namespace std;\n\nuint64_t factorial_mod(uint64_t n) {\n    if (n == 0 || n == 1) return 1;\n    uint64_t ans = 1;\n    const uint64_t MOD = 1000000007;\n    // Using a more efficient approach to calculate factorial mod\n    for (uint64_t i = 2; i <= n; i++) {\n        ans = (ans * i) % MOD;\n    }\n    return ans;\n}\n\nint main() {\n    uint64_t n;\n    cin >> n;\n    cout << factorial_mod(n) << endl;\n    return 0;\n}') | LineLLMMutation(('source.cpp', 50), '#include <iostream>\n#include <cstdint>\n\nusing namespace std;\n\nuint64_t factorial_mod(uint64_t n) {\n    if (n == 0 || n == 1) return 1;\n    uint64_t ans = 1;\n    const uint64_t MOD = 1000000007;\n    // Using memoization to avoid redundant calculations\n    static uint64_t memo[1000001] = {0}; // Assuming n will not exceed 1,000,000\n    if (memo[n] != 0) return memo[n];\n\n    for (uint64_t i = 2; i <= n; i++) {\n        ans = (ans * i) % MOD;\n        memo[i] = ans; // Store the result in memoization array\n    }\n    return ans;\n}\n\nint main() {\n    uint64_t n;\n    cin >> n;\n    cout << factorial_mod(n) << endl;\n    return 0;\n}')"
2025-01-21 00:06:55,099	[DEBUG]	EXEC>  SUCCESS 2598894.0625
2025-01-21 00:06:55,099	[INFO]	4-20    SUCCESS               2598894.06 (96.72%) [3 edit(s)]  
2025-01-21 00:06:55,099	[DEBUG]	patch(4-20)="LineLLMMutation(('source.cpp', 2), '#include <iostream>\n#include <cmath>\n#include <cstdint> // Added for uint64_t\n\nusing namespace std;\n\nint main() {\n    long long int n;\n    cin >> n;\n    uint64_t ans = 1; // Changed to uint64_t to handle large numbers\n\n    for (int i = 1; i <= n; i++) {\n        ans = (ans * i) % (1000000007);\n    }\n\n    cout << ans << endl;\n    return 0;\n}') | LineLLMMutation(('source.cpp', 33), '#include <iostream>\n#include <cmath>\n#include <cstdint> // Added for uint64_t\n\nusing namespace std;\n\nint main() {\n    long long int n;\n    cin >> n;\n    uint64_t ans = 1; // Changed to uint64_t to handle large numbers\n\n    // Optimized loop to calculate factorial modulo 1000000007\n    for (int i = 2; i <= n; i++) { // Start from 2 as multiplying by 1 has no effect\n        ans = (ans * i) % (1000000007);\n    }\n\n    cout << ans << endl;\n    return 0;\n}') | LineLLMMutation(('source.cpp', 51), '#include <iostream>\n#include <cmath>\n#include <cstdint> // Added for uint64_t\n\nusing namespace std;\n\nint main() {\n    long long int n;\n    cin >> n;\n    uint64_t ans = 1; // Changed to uint64_t to handle large numbers\n\n    // Optimized loop to calculate factorial modulo 1000000007 using the property of factorial\n    for (int i = 1; i <= n; i++) { // Start from 1 to include it in multiplication\n        ans = (ans * i) % (1000000007);\n    }\n\n    cout << ans << endl;\n    return 0;\n}')"
2025-01-21 00:06:56,628	[DEBUG]	EXEC>  SUCCESS 2673835.625
2025-01-21 00:06:56,628	[INFO]	REF     SUCCESS               2673835.62 (--) [0 edit(s)]  
2025-01-21 00:06:57,148	[DEBUG]	EXEC>  SUCCESS 2650647.9375
2025-01-21 00:06:57,148	[INFO]	BEST    SUCCESS              *2650647.94 (99.13%) [0 edit(s)]  
2025-01-21 00:08:22,602	[DEBUG]	EXEC>  SUCCESS 2588900.625
2025-01-21 00:08:22,602	[INFO]	5-1     SUCCESS              *2588900.62 (96.82%) [4 edit(s)]  
2025-01-21 00:08:22,602	[DEBUG]	patch(5-1)="LineLLMMutation(('source.cpp', 2), '#include <iostream>\n#include <cmath>\n#include <cstdint> // Added for uint64_t\n\nusing namespace std;\n\nint main() {\n    long long int n;\n    cin >> n;\n    uint64_t ans = 1; // Changed to uint64_t to handle large numbers\n\n    for (int i = 1; i <= n; i++) {\n        ans = (ans * i) % (1000000007);\n    }\n\n    cout << ans << endl;\n    return 0;\n}') | LineLLMMutation(('source.cpp', 22), '#include <iostream>\n#include <cmath>\n#include <cstdint> // Added for uint64_t\n\nusing namespace std;\n\nint main() {\n    long long int n;\n    cin >> n;\n    uint64_t ans = 1; // Changed to uint64_t to handle large numbers\n\n    // Using a more efficient method to calculate factorial modulo 1000000007\n    for (int i = 2; i <= n; i++) {\n        ans = (ans * i) % (1000000007);\n    }\n\n    cout << ans << endl;\n    return 0;\n}') | LineLLMMutation(('source.cpp', 29), '#include <iostream>\n#include <cmath>\n#include <cstdint> // Added for uint64_t\n\nusing namespace std;\n\nint main() {\n    long long int n;\n    cin >> n;\n    uint64_t ans = 1; // Changed to uint64_t to handle large numbers\n\n    // Use an iterative approach with precomputed factorial values to reduce time complexity\n    if (n > 0) {\n        ans = 1; // Initialize ans for factorial computation\n        for (int i = 2; i <= n; i++) {\n            ans = (ans * i) % (1000000007);\n        }\n    }\n\n    cout << ans << endl;\n    return 0;\n}') | LineLLMMutation(('source.cpp', 42), '#include <iostream>\n#include <cmath>\n#include <cstdint> // Added for uint64_t\n\nusing namespace std;\n\nuint64_t factorial_mod(int n, uint64_t mod) {\n    uint64_t result = 1;\n    for (int i = 2; i <= n; i++) {\n        result = (result * i) % mod;\n    }\n    return result;\n}\n\nint main() {\n    long long int n;\n    cin >> n;\n    uint64_t ans = 1; // Changed to uint64_t to handle large numbers\n\n    // Use an iterative approach with a separate function for better readability\n    if (n > 0) {\n        ans = factorial_mod(n, 1000000007);\n    }\n\n    cout << ans << endl;\n    return 0;\n}')"

2025-01-21 00:08:23,123	[DEBUG]	EXEC>  SUCCESS 2610306.1875
2025-01-21 00:08:23,123	[INFO]	5-2     SUCCESS               2610306.19 (97.62%) [3 edit(s)]  
2025-01-21 00:08:23,123	[DEBUG]	patch(5-2)="LineLLMMutation(('source.cpp', 2), '#include <iostream>\n#include <cmath>\n#include <cstdint> // Added for uint64_t\n\nusing namespace std;\n\nint main() {\n    long long int n;\n    cin >> n;\n    uint64_t ans = 1; // Changed to uint64_t to handle large numbers\n\n    for (int i = 1; i <= n; i++) {\n        ans = (ans * i) % (1000000007);\n    }\n\n    cout << ans << endl;\n    return 0;\n}') | LineLLMMutation(('source.cpp', 33), '#include <iostream>\n#include <cmath>\n#include <cstdint> // Added for uint64_t\n\nusing namespace std;\n\nint main() {\n    long long int n;\n    cin >> n;\n    uint64_t ans = 1; // Changed to uint64_t to handle large numbers\n\n    // Optimized loop to calculate factorial modulo 1000000007\n    for (int i = 2; i <= n; i++) { // Start from 2 as multiplying by 1 has no effect\n        ans = (ans * i) % (1000000007);\n    }\n\n    cout << ans << endl;\n    return 0;\n}') | LineLLMMutation(('source.cpp', 51), '#include <iostream>\n#include <cmath>\n#include <cstdint> // Added for uint64_t\n\nusing namespace std;\n\nint main() {\n    long long int n;\n    cin >> n;\n    uint64_t ans = 1; // Changed to uint64_t to handle large numbers\n\n    // Optimized loop to calculate factorial modulo 1000000007 using the property of factorial\n    for (int i = 1; i <= n; i++) { // Start from 1 to include it in multiplication\n        ans = (ans * i) % (1000000007);\n    }\n\n    cout << ans << endl;\n    return 0;\n}')"
2025-01-21 00:08:23,587	[DEBUG]	EXEC>  SUCCESS 2597429.1875
2025-01-21 00:08:23,588	[INFO]	5-3     SUCCESS               2597429.19 (97.14%) [2 edit(s)]  
2025-01-21 00:08:23,588	[DEBUG]	patch(5-3)="LineLLMCrossover(('source.cpp', 18), '#include <iostream>\n#include <omp.h>\n#include <cstdint>\n\nusing namespace std;\n\nuint64_t factorial_mod(uint64_t n) {\n    if (n == 0 || n == 1) return 1; // Early return for 0! and 1!\n    \n    uint64_t ans = 1;\n    const uint64_t MOD = 1000000007;\n\n    #pragma omp parallel for reduction(*:ans)\n    for (uint64_t i = 2; i <= n; i++) {\n        ans = (ans * i) % MOD; // Start from 2\n    }\n    return ans;\n}\n\nint main() {\n    uint64_t n;\n    cin >> n;\n    cout << factorial_mod(n) << endl;\n    return 0;\n}') | LineLLMMutation(('source.cpp', 45), '#include <iostream>\n#include <omp.h>\n#include <cstdint>\n\nusing namespace std;\n\nuint64_t factorial_mod(uint64_t n) {\n    if (n == 0 || n == 1) return 1; // Early return for 0! and 1!\n    \n    const uint64_t MOD = 1000000007;\n    uint64_t ans = 1;\n\n    #pragma omp parallel\n    {\n        uint64_t local_ans = 1; // Each thread has its own local copy\n        #pragma omp for\n        for (uint64_t i = 2; i <= n; i++) {\n            local_ans = (local_ans * i) % MOD; // Calculate local product\n        }\n        #pragma omp atomic\n        ans = (ans * local_ans) % MOD; // Combine results\n    }\n    return ans;\n}\n\nint main() {\n    uint64_t n;\n    cin >> n;\n    cout << factorial_mod(n) << endl;\n    return 0;\n}')"
2025-01-21 00:08:24,105	[DEBUG]	EXEC>  SUCCESS 2625379.75
2025-01-21 00:08:24,105	[INFO]	5-4     SUCCESS               2625379.75 (98.19%) [1 edit(s)]  
2025-01-21 00:08:24,105	[DEBUG]	patch(5-4)="LineLLMCrossover(('source.cpp', 27), '#include <iostream>\n#include <cmath>\n#include <cstdint>\n\nusing namespace std;\n\nuint64_t factorial_mod(uint64_t n) {\n    if (n == 0 || n == 1) return 1;\n    uint64_t ans = 1;\n    const uint64_t MOD = 1000000007;\n\n    for (uint64_t i = 2; i <= n; i++) {\n        ans = (ans * (i % MOD)) % MOD; // Ensure modular arithmetic\n    }\n    return ans;\n}\n\nint main() {\n    uint64_t n;\n    cin >> n;\n    cout << factorial_mod(n) << endl;\n    return 0;\n}')"
2025-01-21 00:08:24,578	[DEBUG]	EXEC>  SUCCESS 2633490.4375
2025-01-21 00:08:24,579	[INFO]	5-5     SUCCESS               2633490.44 (98.49%) [1 edit(s)]  
2025-01-21 00:08:24,579	[DEBUG]	patch(5-5)="LineLLMCrossover(('source.cpp', 32), '#include <iostream>\n#include <omp.h>\n#include <cstdint>\n\nusing namespace std;\n\nuint64_t factorial_mod(uint64_t n) {\n    if (n == 0 || n == 1) return 1; // Early return for 0! and 1!\n    \n    const uint64_t MOD = 1000000007;\n    uint64_t ans = 1;\n\n    #pragma omp parallel\n    {\n        uint64_t local_ans = 1;\n        #pragma omp for\n        for (uint64_t i = 1; i <= n; i++) {\n            local_ans = (local_ans * i) % MOD; // Calculate local product\n        }\n        #pragma omp critical\n        {\n            ans = (ans * local_ans) % MOD; // Combine results\n        }\n    }\n    return ans;\n}\n\nint main() {\n    uint64_t n;\n    cin >> n;\n    cout << factorial_mod(n) << endl;\n    return 0;\n}')"
2025-01-21 00:08:25,055	[DEBUG]	EXEC>  SUCCESS 2641846.5
2025-01-21 00:08:25,056	[INFO]	5-6     SUCCESS               2641846.50 (98.80%) [1 edit(s)]  
2025-01-21 00:08:25,056	[DEBUG]	patch(5-6)="LineLLMCrossover(('source.cpp', 33), '#include <iostream>\n#include <omp.h>\n#include <cstdint>\n\nusing namespace std;\n\nuint64_t factorial_mod(uint64_t n) {\n    if (n == 0 || n == 1) return 1; // Early return for 0! and 1!\n    \n    uint64_t ans = 1;\n    const uint64_t MOD = 1000000007;\n\n    #pragma omp parallel for reduction(*:ans)\n    for (uint64_t i = 2; i <= n; i++) {\n        ans = (ans * i) % MOD; // Start from 2\n        if (ans == 0) break; // Early exit if result is zero\n    }\n    return ans;\n}\n\nint main() {\n    uint64_t n;\n    cin >> n;\n    cout << factorial_mod(n) << endl;\n    return 0;\n}')"
2025-01-21 00:08:25,529	[DEBUG]	EXEC>  SUCCESS 2594410.875
2025-01-21 00:08:25,529	[INFO]	5-7     SUCCESS               2594410.88 (97.03%) [1 edit(s)]  
2025-01-21 00:08:25,529	[DEBUG]	patch(5-7)="LineLLMCrossover(('source.cpp', 34), '#include <iostream>\n#include <cstdint>\n\nusing namespace std;\n\nuint64_t factorial_mod(uint64_t n, uint64_t mod) {\n    if (n == 0 || n == 1) return 1;\n    uint64_t ans = 1;\n\n    for (uint64_t i = 2; i <= n; i++) {\n        ans = (ans * (i % mod)) % mod; // Ensure modular arithmetic\n    }\n    return ans;\n}\n\nint main() {\n    uint64_t n;\n    cin >> n;\n    cout << factorial_mod(n, 1000000007) << endl;\n    return 0;\n}')"
2025-01-21 00:08:26,094	[DEBUG]	EXEC>  SUCCESS 3355906.1875
2025-01-21 00:08:26,094	[INFO]	5-8     SUCCESS               3355906.19 (125.51%) [1 edit(s)]  
2025-01-21 00:08:26,094	[DEBUG]	patch(5-8)="LineLLMCrossover(('source.cpp', 35), '#include <iostream>\n#include <omp.h>\n#include <cstdint>\n\nusing namespace std;\n\nuint64_t factorial_mod(uint64_t n) {\n    if (n == 0 || n == 1) return 1;\n\n    uint64_t ans = 1;\n    const uint64_t MOD = 1000000007;\n\n    #pragma omp parallel for reduction(*:ans)\n    for (uint64_t i = 2; i <= n; i += 2) {\n        ans = (ans * i) % MOD;\n        if (i + 1 <= n) {\n            ans = (ans * (i + 1)) % MOD;\n        }\n    }\n    return ans;\n}\n\nint main() {\n    uint64_t n;\n    cin >> n;\n    cout << factorial_mod(n) << endl;\n    return 0;\n}')"
2025-01-21 00:08:26,571	[DEBUG]	EXEC>  SUCCESS 2640110.0
2025-01-21 00:08:26,571	[INFO]	5-9     SUCCESS               2640110.00 (98.74%) [1 edit(s)]  
2025-01-21 00:08:26,571	[DEBUG]	patch(5-9)="LineLLMCrossover(('source.cpp', 36), '#include <iostream>\n#include <omp.h>\n#include <cstdint>\n\nusing namespace std;\n\nuint64_t factorial_mod(uint64_t n) {\n    if (n == 0 || n == 1) return 1;\n    uint64_t ans = 1;\n    const uint64_t MOD = 1000000007;\n\n    #pragma omp parallel\n    {\n        uint64_t local_ans = 1;\n        #pragma omp for\n        for (uint64_t i = 2; i <= n; i++) {\n            local_ans = (local_ans * i) % MOD; // Local accumulation\n        }\n        #pragma omp critical\n        {\n            ans = (ans * local_ans) % MOD; // Final reduction\n        }\n    }\n    return ans;\n}\n\nint main() {\n    uint64_t n;\n    cin >> n;\n    cout << factorial_mod(n) << endl;\n    return 0;\n}')"
2025-01-21 00:08:27,034	[DEBUG]	EXEC>  SUCCESS 2652803.75
2025-01-21 00:08:27,034	[INFO]	5-10    SUCCESS               2652803.75 (99.21%) [1 edit(s)]  
2025-01-21 00:08:27,034	[DEBUG]	patch(5-10)="LineLLMCrossover(('source.cpp', 37), '#include <iostream>\n#include <cstdint>\n\nusing namespace std;\n\nuint64_t factorial_mod(uint64_t n) {\n    if (n == 0 || n == 1) return 1; // Handle base cases\n    uint64_t ans = 1;\n    const uint64_t MOD = 1000000007;\n\n    for (uint64_t i = 1; i <= n; i++) {\n        ans = (ans * (i % MOD)) % MOD; // Modular multiplication\n    }\n    return ans;\n}\n\nint main() {\n    uint64_t n;\n    cin >> n;\n    cout << factorial_mod(n) << endl;\n    return 0;\n}')"
2025-01-21 00:08:27,498	[DEBUG]	EXEC>  SUCCESS 2634346.5
2025-01-21 00:08:27,498	[INFO]	5-11    SUCCESS               2634346.50 (98.52%) [1 edit(s)]  
2025-01-21 00:08:27,498	[DEBUG]	patch(5-11)="LineLLMCrossover(('source.cpp', 38), '#include <iostream>\n#include <omp.h>\n#include <cstdint>\n\nusing namespace std;\n\nuint64_t factorial_mod(uint64_t n) {\n    if (n == 0 || n == 1) return 1; // Early return for 0! and 1!\n    \n    const uint64_t MOD = 1000000007;\n    uint64_t ans = 1;\n\n    #pragma omp parallel for\n    for (uint64_t i = 2; i <= n; i++) {\n        ans = (ans * (i % MOD)) % MOD; // Local accumulation\n    }\n    return ans;\n}\n\nint main() {\n    uint64_t n;\n    cin >> n;\n    cout << factorial_mod(n) << endl;\n    return 0;\n}')"
2025-01-21 00:08:27,967	[DEBUG]	EXEC>  SUCCESS 2605782.0625
2025-01-21 00:08:27,967	[INFO]	5-12    SUCCESS               2605782.06 (97.45%) [1 edit(s)]  
2025-01-21 00:08:27,967	[DEBUG]	patch(5-12)="LineLLMCrossover(('source.cpp', 39), '#include <iostream>\n#include <cstdint>\n\nusing namespace std;\n\nuint64_t factorial_mod(uint64_t n) {\n    if (n == 0 || n == 1) return 1;\n    uint64_t ans = 1;\n    const uint64_t MOD = 1000000007;\n\n    // Unrolling the loop for optimization with early exit\n    for (uint64_t i = 2; i <= n; i += 2) {\n        ans = (ans * i) % MOD;\n        if (i + 1 <= n) {\n            ans = (ans * (i + 1)) % MOD;\n        }\n    }\n    return ans;\n}\n\nint main() {\n    uint64_t n;\n    cin >> n;\n    cout << factorial_mod(n) << endl;\n    return 0;\n}')"
2025-01-21 00:08:28,575	[DEBUG]	EXEC>  SUCCESS 3151256.5
2025-01-21 00:08:28,575	[INFO]	5-13    SUCCESS               3151256.50 (117.86%) [5 edit(s)]  
2025-01-21 00:08:28,575	[DEBUG]	patch(5-13)="LineLLMMutation(('source.cpp', 2), '#include <iostream>\n#include <cmath>\n#include <cstdint> // Added for uint64_t\n\nusing namespace std;\n\nint main() {\n    long long int n;\n    cin >> n;\n    uint64_t ans = 1; // Changed to uint64_t to handle large numbers\n\n    for (int i = 1; i <= n; i++) {\n        ans = (ans * i) % (1000000007);\n    }\n\n    cout << ans << endl;\n    return 0;\n}') | LineLLMMutation(('source.cpp', 22), '#include <iostream>\n#include <cmath>\n#include <cstdint> // Added for uint64_t\n\nusing namespace std;\n\nint main() {\n    long long int n;\n    cin >> n;\n    uint64_t ans = 1; // Changed to uint64_t to handle large numbers\n\n    // Using a more efficient method to calculate factorial modulo 1000000007\n    for (int i = 2; i <= n; i++) {\n        ans = (ans * i) % (1000000007);\n    }\n\n    cout << ans << endl;\n    return 0;\n}') | LineLLMMutation(('source.cpp', 29), '#include <iostream>\n#include <cmath>\n#include <cstdint> // Added for uint64_t\n\nusing namespace std;\n\nint main() {\n    long long int n;\n    cin >> n;\n    uint64_t ans = 1; // Changed to uint64_t to handle large numbers\n\n    // Use an iterative approach with precomputed factorial values to reduce time complexity\n    if (n > 0) {\n        ans = 1; // Initialize ans for factorial computation\n        for (int i = 2; i <= n; i++) {\n            ans = (ans * i) % (1000000007);\n        }\n    }\n\n    cout << ans << endl;\n    return 0;\n}') | LineLLMMutation(('source.cpp', 42), '#include <iostream>\n#include <cmath>\n#include <cstdint> // Added for uint64_t\n\nusing namespace std;\n\nuint64_t factorial_mod(int n, uint64_t mod) {\n    uint64_t result = 1;\n    for (int i = 2; i <= n; i++) {\n        result = (result * i) % mod;\n    }\n    return result;\n}\n\nint main() {\n    long long int n;\n    cin >> n;\n    uint64_t ans = 1; // Changed to uint64_t to handle large numbers\n\n    // Use an iterative approach with a separate function for better readability\n    if (n > 0) {\n        ans = factorial_mod(n, 1000000007);\n    }\n\n    cout << ans << endl;\n    return 0;\n}') | LineLLMMutation(('source.cpp', 52), '#include <iostream>\n#include <cmath>\n#include <cstdint> // Added for uint64_t\n#include <vector>  // Added for std::vector\n\nusing namespace std;\n\nconst uint64_t MOD = 1000000007;\nvector<uint64_t> factorials;\n\nvoid precompute_factorials(int max_n) {\n    factorials.resize(max_n + 1);\n    factorials[0] = 1;\n    for (int i = 1; i <= max_n; i++) {\n        factorials[i] = (factorials[i - 1] * i) % MOD;\n    }\n}\n\nuint64_t factorial_mod(int n) {\n    return factorials[n];\n}\n\nint main() {\n    long long int n;\n    cin >> n;\n    uint64_t ans = 1; // Changed to uint64_t to handle large numbers\n\n    // Precompute factorials for all numbers up to the maximum input\n    precompute_factorials(n > 0 ? n : 0);\n\n    // Use the precomputed factorials\n    if (n > 0) {\n        ans = factorial_mod(n);\n    }\n\n    cout << ans << endl;\n    return 0;\n}')"
2025-01-21 00:08:28,990	[INFO]	5-14    TEST_CODE_ERROR       None (--) [4 edit(s)]  
2025-01-21 00:08:28,990	[DEBUG]	patch(5-14)="LineLLMMutation(('source.cpp', 2), '#include <iostream>\n#include <cmath>\n#include <cstdint> // Added for uint64_t\n\nusing namespace std;\n\nint main() {\n    long long int n;\n    cin >> n;\n    uint64_t ans = 1; // Changed to uint64_t to handle large numbers\n\n    for (int i = 1; i <= n; i++) {\n        ans = (ans * i) % (1000000007);\n    }\n\n    cout << ans << endl;\n    return 0;\n}') | LineLLMMutation(('source.cpp', 33), '#include <iostream>\n#include <cmath>\n#include <cstdint> // Added for uint64_t\n\nusing namespace std;\n\nint main() {\n    long long int n;\n    cin >> n;\n    uint64_t ans = 1; // Changed to uint64_t to handle large numbers\n\n    // Optimized loop to calculate factorial modulo 1000000007\n    for (int i = 2; i <= n; i++) { // Start from 2 as multiplying by 1 has no effect\n        ans = (ans * i) % (1000000007);\n    }\n\n    cout << ans << endl;\n    return 0;\n}') | LineLLMMutation(('source.cpp', 51), '#include <iostream>\n#include <cmath>\n#include <cstdint> // Added for uint64_t\n\nusing namespace std;\n\nint main() {\n    long long int n;\n    cin >> n;\n    uint64_t ans = 1; // Changed to uint64_t to handle large numbers\n\n    // Optimized loop to calculate factorial modulo 1000000007 using the property of factorial\n    for (int i = 1; i <= n; i++) { // Start from 1 to include it in multiplication\n        ans = (ans * i) % (1000000007);\n    }\n\n    cout << ans << endl;\n    return 0;\n}') | LineLLMMutation(('source.cpp', 53), '#include <iostream>\n#include <cmath>\n#include <cstdint> // Added for uint64_t\n\nusing namespace std;\n\nint main() {\n    long long int n;\n    cin >> n;\n    uint64_t ans = 1; // Changed to uint64_t to handle large numbers\n\n    // Optimized loop to calculate factorial modulo 1000000007 using a more efficient iterative method\n    for (int i = 1; i <= n; i++) { \n        ans = (ans * i) % (1000000007);\n    }\n\n    // Further optimization can be done by reducing the range of multiplications\n    // Specifically, for large n, we can use the property of factorials to skip even numbers\n    for (int i = 2; i <= n; i += 2) {\n        ans = (ans * i) % (1000000007);\n    }\n    // Multiply remaining odd numbers (if n is odd)\n    if (n % 2 == 1) {\n        ans = (ans * n) % (1000000007);\n    }\n\n    cout << ans << endl;\n    return 0;\n}')"
2025-01-21 00:08:29,530	[DEBUG]	EXEC>  SUCCESS 2710814.3125
2025-01-21 00:08:29,530	[INFO]	5-15    SUCCESS               2710814.31 (101.38%) [3 edit(s)]  
2025-01-21 00:08:29,530	[DEBUG]	patch(5-15)="LineLLMCrossover(('source.cpp', 18), '#include <iostream>\n#include <omp.h>\n#include <cstdint>\n\nusing namespace std;\n\nuint64_t factorial_mod(uint64_t n) {\n    if (n == 0 || n == 1) return 1; // Early return for 0! and 1!\n    \n    uint64_t ans = 1;\n    const uint64_t MOD = 1000000007;\n\n    #pragma omp parallel for reduction(*:ans)\n    for (uint64_t i = 2; i <= n; i++) {\n        ans = (ans * i) % MOD; // Start from 2\n    }\n    return ans;\n}\n\nint main() {\n    uint64_t n;\n    cin >> n;\n    cout << factorial_mod(n) << endl;\n    return 0;\n}') | LineLLMMutation(('source.cpp', 45), '#include <iostream>\n#include <omp.h>\n#include <cstdint>\n\nusing namespace std;\n\nuint64_t factorial_mod(uint64_t n) {\n    if (n == 0 || n == 1) return 1; // Early return for 0! and 1!\n    \n    const uint64_t MOD = 1000000007;\n    uint64_t ans = 1;\n\n    #pragma omp parallel\n    {\n        uint64_t local_ans = 1; // Each thread has its own local copy\n        #pragma omp for\n        for (uint64_t i = 2; i <= n; i++) {\n            local_ans = (local_ans * i) % MOD; // Calculate local product\n        }\n        #pragma omp atomic\n        ans = (ans * local_ans) % MOD; // Combine results\n    }\n    return ans;\n}\n\nint main() {\n    uint64_t n;\n    cin >> n;\n    cout << factorial_mod(n) << endl;\n    return 0;\n}') | LineLLMMutation(('source.cpp', 54), '#include <iostream>\n#include <omp.h>\n#include <cstdint>\n\nusing namespace std;\n\nuint64_t factorial_mod(uint64_t n) {\n    if (n == 0 || n == 1) return 1; // Early return for 0! and 1!\n    \n    const uint64_t MOD = 1000000007;\n    uint64_t ans = 1;\n\n    #pragma omp parallel\n    {\n        uint64_t local_ans = 1; // Each thread has its own local copy\n        #pragma omp for reduction(*:local_ans) // Use reduction to calculate product\n        for (uint64_t i = 2; i <= n; i++) {\n            local_ans = (local_ans * i) % MOD; // Calculate local product\n        }\n        #pragma omp critical\n        {\n            ans = (ans * local_ans) % MOD; // Combine results safely\n        }\n    }\n    return ans;\n}\n\nint main() {\n    uint64_t n;\n    cin >> n;\n    cout << factorial_mod(n) << endl;\n    return 0;\n}')"
2025-01-21 00:08:30,145	[DEBUG]	EXEC>  SUCCESS 2745347.1875
2025-01-21 00:08:30,145	[INFO]	5-16    SUCCESS               2745347.19 (102.67%) [2 edit(s)]  
2025-01-21 00:08:30,145	[DEBUG]	patch(5-16)="LineLLMCrossover(('source.cpp', 27), '#include <iostream>\n#include <cmath>\n#include <cstdint>\n\nusing namespace std;\n\nuint64_t factorial_mod(uint64_t n) {\n    if (n == 0 || n == 1) return 1;\n    uint64_t ans = 1;\n    const uint64_t MOD = 1000000007;\n\n    for (uint64_t i = 2; i <= n; i++) {\n        ans = (ans * (i % MOD)) % MOD; // Ensure modular arithmetic\n    }\n    return ans;\n}\n\nint main() {\n    uint64_t n;\n    cin >> n;\n    cout << factorial_mod(n) << endl;\n    return 0;\n}') | LineLLMMutation(('source.cpp', 55), '#include <iostream>\n#include <cmath>\n#include <cstdint>\n\nusing namespace std;\n\nuint64_t factorial_mod(uint64_t n) {\n    if (n == 0 || n == 1) return 1;\n    uint64_t ans = 1;\n    const uint64_t MOD = 1000000007;\n\n    for (uint64_t i = 2; i <= n; i++) {\n        ans = (ans * i) % MOD; // Remove unnecessary modulo operation on i\n    }\n    return ans;\n}\n\nint main() {\n    uint64_t n;\n    cin >> n;\n    cout << factorial_mod(n) << endl;\n    return 0;\n}')"
2025-01-21 00:08:30,712	[DEBUG]	EXEC>  SUCCESS 2996735.1875
2025-01-21 00:08:30,712	[INFO]	5-17    SUCCESS               2996735.19 (112.08%) [3 edit(s)]  
2025-01-21 00:08:30,712	[DEBUG]	patch(5-17)="LineLLMCrossover(('source.cpp', 20), '#include <iostream>\n#include <omp.h>\n#include <cstdint>\n\nusing namespace std;\n\nuint64_t factorial_mod(uint64_t n) {\n    if (n == 0 || n == 1) return 1; // Early return for 0! and 1!\n    \n    uint64_t ans = 1;\n    const uint64_t MOD = 1000000007;\n\n    #pragma omp parallel for reduction(*:ans)\n    for (uint64_t i = 2; i <= n; i++) {\n        ans = (ans * i) % MOD; // Start from 2\n    }\n    return ans;\n}\n\nint main() {\n    uint64_t n;\n    cin >> n;\n    cout << factorial_mod(n) << endl;\n    return 0;\n}') | LineLLMMutation(('source.cpp', 49), '#include <iostream>\n#include <omp.h>\n#include <cstdint>\n\nusing namespace std;\n\nuint64_t factorial_mod(uint64_t n) {\n    if (n == 0 || n == 1) return 1; // Early return for 0! and 1!\n    \n    const uint64_t MOD = 1000000007;\n    uint64_t ans = 1;\n\n    #pragma omp parallel\n    {\n        uint64_t local_ans = 1;\n        #pragma omp for\n        for (uint64_t i = 2; i <= n; i++) {\n            local_ans = (local_ans * i) % MOD; // Local accumulation\n        }\n        // Combine results from all threads\n        #pragma omp critical\n        {\n            ans = (ans * local_ans) % MOD; // Final reduction\n        }\n    }\n    return ans;\n}\n\nint main() {\n    uint64_t n;\n    cin >> n;\n    cout << factorial_mod(n) << endl;\n    return 0;\n}') | LineLLMMutation(('source.cpp', 56), '#include <iostream>\n#include <omp.h>\n#include <cstdint>\n\nusing namespace std;\n\nuint64_t factorial_mod(uint64_t n) {\n    if (n == 0 || n == 1) return 1; // Early return for 0! and 1!\n    \n    const uint64_t MOD = 1000000007;\n    uint64_t ans = 1;\n\n    #pragma omp parallel\n    {\n        uint64_t local_ans = 1;\n        #pragma omp for reduction(*:local_ans) // Use reduction to combine results\n        for (uint64_t i = 2; i <= n; i++) {\n            local_ans = (local_ans * i) % MOD; // Local accumulation\n        }\n        // Combine results from all threads\n        #pragma omp atomic\n        {\n            ans = (ans * local_ans) % MOD; // Final reduction with atomic operation\n        }\n    }\n    return ans;\n}\n\nint main() {\n    uint64_t n;\n    cin >> n;\n    cout << factorial_mod(n) << endl;\n    return 0;\n}')"
2025-01-21 00:08:31,253	[DEBUG]	EXEC>  SUCCESS 2698314.9375
2025-01-21 00:08:31,253	[INFO]	5-18    SUCCESS               2698314.94 (100.92%) [2 edit(s)]  
2025-01-21 00:08:31,254	[DEBUG]	patch(5-18)="LineLLMCrossover(('source.cpp', 24), '#include <iostream>\n#include <omp.h>\n#include <cstdint>\n\nusing namespace std;\n\nuint64_t factorial_mod(uint64_t n) {\n    if (n == 0 || n == 1) return 1; // Early return for 0! and 1!\n    \n    uint64_t ans = 1;\n    const uint64_t MOD = 1000000007;\n\n    #pragma omp parallel for reduction(*:ans)\n    for (uint64_t i = 2; i <= n; i++) {\n        ans = (ans * i) % MOD; // Start from 2\n    }\n    return ans;\n}\n\nint main() {\n    long long int n;\n    cin >> n;\n    cout << factorial_mod(n) << endl;\n    return 0;\n}') | LineLLMMutation(('source.cpp', 57), '#include <iostream>\n#include <omp.h>\n#include <cstdint>\n\nusing namespace std;\n\nuint64_t factorial_mod(uint64_t n) {\n    if (n == 0 || n == 1) return 1; // Early return for 0! and 1!\n    \n    uint64_t ans = 1;\n    const uint64_t MOD = 1000000007;\n\n    #pragma omp parallel\n    {\n        uint64_t local_ans = 1; // Local variable for each thread\n        #pragma omp for\n        for (uint64_t i = 2; i <= n; i++) {\n            local_ans = (local_ans * i) % MOD; // Calculate local product\n        }\n        #pragma omp atomic // Combine results safely\n        ans = (ans * local_ans) % MOD;\n    }\n    return ans;\n}\n\nint main() {\n    long long int n;\n    cin >> n;\n    cout << factorial_mod(n) << endl;\n    return 0;\n}')"
2025-01-21 00:08:31,875	[DEBUG]	EXEC>  SUCCESS 2789481.0625
2025-01-21 00:08:31,875	[INFO]	5-19    SUCCESS               2789481.06 (104.33%) [6 edit(s)]  
2025-01-21 00:08:31,875	[DEBUG]	patch(5-19)="LineLLMMutation(('source.cpp', 2), '#include <iostream>\n#include <cmath>\n#include <cstdint> // Added for uint64_t\n\nusing namespace std;\n\nint main() {\n    long long int n;\n    cin >> n;\n    uint64_t ans = 1; // Changed to uint64_t to handle large numbers\n\n    for (int i = 1; i <= n; i++) {\n        ans = (ans * i) % (1000000007);\n    }\n\n    cout << ans << endl;\n    return 0;\n}') | LineLLMMutation(('source.cpp', 22), '#include <iostream>\n#include <cmath>\n#include <cstdint> // Added for uint64_t\n\nusing namespace std;\n\nint main() {\n    long long int n;\n    cin >> n;\n    uint64_t ans = 1; // Changed to uint64_t to handle large numbers\n\n    // Using a more efficient method to calculate factorial modulo 1000000007\n    for (int i = 2; i <= n; i++) {\n        ans = (ans * i) % (1000000007);\n    }\n\n    cout << ans << endl;\n    return 0;\n}') | LineLLMMutation(('source.cpp', 29), '#include <iostream>\n#include <cmath>\n#include <cstdint> // Added for uint64_t\n\nusing namespace std;\n\nint main() {\n    long long int n;\n    cin >> n;\n    uint64_t ans = 1; // Changed to uint64_t to handle large numbers\n\n    // Use an iterative approach with precomputed factorial values to reduce time complexity\n    if (n > 0) {\n        ans = 1; // Initialize ans for factorial computation\n        for (int i = 2; i <= n; i++) {\n            ans = (ans * i) % (1000000007);\n        }\n    }\n\n    cout << ans << endl;\n    return 0;\n}') | LineLLMMutation(('source.cpp', 42), '#include <iostream>\n#include <cmath>\n#include <cstdint> // Added for uint64_t\n\nusing namespace std;\n\nuint64_t factorial_mod(int n, uint64_t mod) {\n    uint64_t result = 1;\n    for (int i = 2; i <= n; i++) {\n        result = (result * i) % mod;\n    }\n    return result;\n}\n\nint main() {\n    long long int n;\n    cin >> n;\n    uint64_t ans = 1; // Changed to uint64_t to handle large numbers\n\n    // Use an iterative approach with a separate function for better readability\n    if (n > 0) {\n        ans = factorial_mod(n, 1000000007);\n    }\n\n    cout << ans << endl;\n    return 0;\n}') | LineLLMMutation(('source.cpp', 44), '#include <iostream>\n#include <cmath>\n#include <cstdint> // Added for uint64_t\n\nusing namespace std;\n\nuint64_t factorial_mod(int n, uint64_t mod) {\n    if (n == 0 || n == 1) return 1; // Handle base cases\n    uint64_t result = 1;\n    for (int i = 2; i <= n; i++) {\n        result = (result * i) % mod; // Modular multiplication\n        if (result == 0) break; // Early exit if result is zero\n    }\n    return result;\n}\n\nint main() {\n    long long int n;\n    cin >> n;\n    uint64_t ans = 1; // Changed to uint64_t to handle large numbers\n\n    // Use an iterative approach with a separate function for better readability\n    if (n > 0) {\n        ans = factorial_mod(n, 1000000007);\n    }\n\n    cout << ans << endl;\n    return 0;\n}') | LineLLMMutation(('source.cpp', 58), "#include <iostream>\n#include <cmath>\n#include <cstdint> // Added for uint64_t\n\nusing namespace std;\n\nuint64_t factorial_mod(int n, uint64_t mod) {\n    if (n == 0 || n == 1) return 1; // Handle base cases\n    uint64_t result = 1;\n    for (int i = 2; i <= n; i++) {\n        result = (result * i) % mod; // Modular multiplication\n        // No need for early exit; it's safe due to modulo\n    }\n    return result;\n}\n\nint main() {\n    long long int n;\n    cin >> n;\n    uint64_t ans = 1; // Changed to uint64_t to handle large numbers\n\n    // Use an iterative approach with a separate function for better readability\n    if (n > 0) {\n        ans = factorial_mod(n, 1000000007);\n    }\n\n    cout << ans << endl;\n    return 0;\n}")"
2025-01-21 00:08:32,420	[DEBUG]	EXEC>  SUCCESS 2811276.625
2025-01-21 00:08:32,420	[INFO]	5-20    SUCCESS               2811276.62 (105.14%) [4 edit(s)]  
2025-01-21 00:08:32,420	[DEBUG]	patch(5-20)="LineLLMCrossover(('source.cpp', 6), '#include <iostream>\n#include <cstdint>\n\nusing namespace std;\n\nuint64_t factorial_mod(uint64_t n) {\n    uint64_t ans = 1;\n    const uint64_t MOD = 1000000007;\n    for (uint64_t i = 1; i <= n; i++) {\n        ans = (ans * i) % MOD;\n    }\n    return ans;\n}\n\nint main() {\n    uint64_t n;\n    cin >> n;\n    cout << factorial_mod(n) << endl;\n    return 0;\n}') | LineLLMMutation(('source.cpp', 28), '#include <iostream>\n#include <cstdint>\n\nusing namespace std;\n\nuint64_t factorial_mod(uint64_t n) {\n    if (n == 0 || n == 1) return 1;\n    uint64_t ans = 1;\n    const uint64_t MOD = 1000000007;\n    for (uint64_t i = 2; i <= n; i++) {\n        ans = (ans * i) % MOD;\n    }\n    return ans;\n}\n\nint main() {\n    uint64_t n;\n    cin >> n;\n    cout << factorial_mod(n) << endl;\n    return 0;\n}') | LineLLMMutation(('source.cpp', 46), '#include <iostream>\n#include <cstdint>\n\nusing namespace std;\n\nuint64_t factorial_mod(uint64_t n) {\n    if (n == 0 || n == 1) return 1;\n    uint64_t ans = 1;\n    const uint64_t MOD = 1000000007;\n\n    // Unrolling the loop for optimization\n    for (uint64_t i = 2; i <= n; i += 2) {\n        ans = (ans * i) % MOD;\n        if (i + 1 <= n) {\n            ans = (ans * (i + 1)) % MOD;\n        }\n    }\n    return ans;\n}\n\nint main() {\n    uint64_t n;\n    cin >> n;\n    cout << factorial_mod(n) << endl;\n    return 0;\n}') | LineLLMMutation(('source.cpp', 59), '#include <iostream>\n#include <cstdint>\n\nusing namespace std;\n\nuint64_t factorial_mod(uint64_t n) {\n    if (n == 0 || n == 1) return 1;\n    uint64_t ans = 1;\n    const uint64_t MOD = 1000000007;\n\n    // Using a single loop to reduce multiplications\n    for (uint64_t i = 2; i <= n; ++i) {\n        ans = (ans * i) % MOD;\n    }\n    return ans;\n}\n\nint main() {\n    uint64_t n;\n    cin >> n;\n    cout << factorial_mod(n) << endl;\n    return 0;\n}')"
2025-01-21 00:08:34,026	[DEBUG]	EXEC>  SUCCESS 2774789.8125
2025-01-21 00:08:34,027	[INFO]	REF     SUCCESS               2774789.81 (--) [0 edit(s)]  
2025-01-21 00:08:34,623	[DEBUG]	EXEC>  SUCCESS 2764886.375
2025-01-21 00:08:34,624	[INFO]	BEST    SUCCESS              *2764886.38 (99.64%) [0 edit(s)]  
2025-01-21 00:09:50,730	[DEBUG]	EXEC>  SUCCESS 2612788.875
2025-01-21 00:09:50,730	[INFO]	6-1     SUCCESS              *2612788.88 (94.16%) [4 edit(s)]  
2025-01-21 00:09:50,730	[DEBUG]	patch(6-1)="LineLLMMutation(('source.cpp', 2), '#include <iostream>\n#include <cmath>\n#include <cstdint> // Added for uint64_t\n\nusing namespace std;\n\nint main() {\n    long long int n;\n    cin >> n;\n    uint64_t ans = 1; // Changed to uint64_t to handle large numbers\n\n    for (int i = 1; i <= n; i++) {\n        ans = (ans * i) % (1000000007);\n    }\n\n    cout << ans << endl;\n    return 0;\n}') | LineLLMMutation(('source.cpp', 22), '#include <iostream>\n#include <cmath>\n#include <cstdint> // Added for uint64_t\n\nusing namespace std;\n\nint main() {\n    long long int n;\n    cin >> n;\n    uint64_t ans = 1; // Changed to uint64_t to handle large numbers\n\n    // Using a more efficient method to calculate factorial modulo 1000000007\n    for (int i = 2; i <= n; i++) {\n        ans = (ans * i) % (1000000007);\n    }\n\n    cout << ans << endl;\n    return 0;\n}') | LineLLMMutation(('source.cpp', 29), '#include <iostream>\n#include <cmath>\n#include <cstdint> // Added for uint64_t\n\nusing namespace std;\n\nint main() {\n    long long int n;\n    cin >> n;\n    uint64_t ans = 1; // Changed to uint64_t to handle large numbers\n\n    // Use an iterative approach with precomputed factorial values to reduce time complexity\n    if (n > 0) {\n        ans = 1; // Initialize ans for factorial computation\n        for (int i = 2; i <= n; i++) {\n            ans = (ans * i) % (1000000007);\n        }\n    }\n\n    cout << ans << endl;\n    return 0;\n}') | LineLLMMutation(('source.cpp', 42), '#include <iostream>\n#include <cmath>\n#include <cstdint> // Added for uint64_t\n\nusing namespace std;\n\nuint64_t factorial_mod(int n, uint64_t mod) {\n    uint64_t result = 1;\n    for (int i = 2; i <= n; i++) {\n        result = (result * i) % mod;\n    }\n    return result;\n}\n\nint main() {\n    long long int n;\n    cin >> n;\n    uint64_t ans = 1; // Changed to uint64_t to handle large numbers\n\n    // Use an iterative approach with a separate function for better readability\n    if (n > 0) {\n        ans = factorial_mod(n, 1000000007);\n    }\n\n    cout << ans << endl;\n    return 0;\n}')"

2025-01-21 00:09:51,225	[DEBUG]	EXEC>  SUCCESS 2621527.0625
2025-01-21 00:09:51,225	[INFO]	6-2     SUCCESS               2621527.06 (94.48%) [1 edit(s)]  
2025-01-21 00:09:51,225	[DEBUG]	patch(6-2)="LineLLMCrossover(('source.cpp', 34), '#include <iostream>\n#include <cstdint>\n\nusing namespace std;\n\nuint64_t factorial_mod(uint64_t n, uint64_t mod) {\n    if (n == 0 || n == 1) return 1;\n    uint64_t ans = 1;\n\n    for (uint64_t i = 2; i <= n; i++) {\n        ans = (ans * (i % mod)) % mod; // Ensure modular arithmetic\n    }\n    return ans;\n}\n\nint main() {\n    uint64_t n;\n    cin >> n;\n    cout << factorial_mod(n, 1000000007) << endl;\n    return 0;\n}')"
2025-01-21 00:09:51,730	[DEBUG]	EXEC>  SUCCESS 2633616.6875
2025-01-21 00:09:51,730	[INFO]	6-3     SUCCESS               2633616.69 (94.91%) [2 edit(s)]  
2025-01-21 00:09:51,730	[DEBUG]	patch(6-3)="LineLLMCrossover(('source.cpp', 18), '#include <iostream>\n#include <omp.h>\n#include <cstdint>\n\nusing namespace std;\n\nuint64_t factorial_mod(uint64_t n) {\n    if (n == 0 || n == 1) return 1; // Early return for 0! and 1!\n    \n    uint64_t ans = 1;\n    const uint64_t MOD = 1000000007;\n\n    #pragma omp parallel for reduction(*:ans)\n    for (uint64_t i = 2; i <= n; i++) {\n        ans = (ans * i) % MOD; // Start from 2\n    }\n    return ans;\n}\n\nint main() {\n    uint64_t n;\n    cin >> n;\n    cout << factorial_mod(n) << endl;\n    return 0;\n}') | LineLLMMutation(('source.cpp', 45), '#include <iostream>\n#include <omp.h>\n#include <cstdint>\n\nusing namespace std;\n\nuint64_t factorial_mod(uint64_t n) {\n    if (n == 0 || n == 1) return 1; // Early return for 0! and 1!\n    \n    const uint64_t MOD = 1000000007;\n    uint64_t ans = 1;\n\n    #pragma omp parallel\n    {\n        uint64_t local_ans = 1; // Each thread has its own local copy\n        #pragma omp for\n        for (uint64_t i = 2; i <= n; i++) {\n            local_ans = (local_ans * i) % MOD; // Calculate local product\n        }\n        #pragma omp atomic\n        ans = (ans * local_ans) % MOD; // Combine results\n    }\n    return ans;\n}\n\nint main() {\n    uint64_t n;\n    cin >> n;\n    cout << factorial_mod(n) << endl;\n    return 0;\n}')"
2025-01-21 00:09:52,222	[DEBUG]	EXEC>  SUCCESS 2626372.9375
2025-01-21 00:09:52,223	[INFO]	6-4     SUCCESS               2626372.94 (94.65%) [1 edit(s)]  
2025-01-21 00:09:52,223	[DEBUG]	patch(6-4)="LineLLMCrossover(('source.cpp', 39), '#include <iostream>\n#include <cstdint>\n\nusing namespace std;\n\nuint64_t factorial_mod(uint64_t n) {\n    if (n == 0 || n == 1) return 1;\n    uint64_t ans = 1;\n    const uint64_t MOD = 1000000007;\n\n    // Unrolling the loop for optimization with early exit\n    for (uint64_t i = 2; i <= n; i += 2) {\n        ans = (ans * i) % MOD;\n        if (i + 1 <= n) {\n            ans = (ans * (i + 1)) % MOD;\n        }\n    }\n    return ans;\n}\n\nint main() {\n    uint64_t n;\n    cin >> n;\n    cout << factorial_mod(n) << endl;\n    return 0;\n}')"
2025-01-21 00:09:52,727	[DEBUG]	EXEC>  SUCCESS 2621626.4375
2025-01-21 00:09:52,727	[INFO]	6-5     SUCCESS               2621626.44 (94.48%) [1 edit(s)]  
2025-01-21 00:09:52,727	[DEBUG]	patch(6-5)="LineLLMCrossover(('source.cpp', 40), '#include <iostream>\n#include <omp.h>\n#include <cstdint>\n\nusing namespace std;\n\nuint64_t factorial_mod(uint64_t n) {\n    if (n == 0 || n == 1) return 1; \n    const uint64_t MOD = 1000000007;\n    uint64_t ans = 1;\n\n    #pragma omp parallel\n    {\n        uint64_t local_ans = 1;\n        #pragma omp for\n        for (uint64_t i = 2; i <= n; i += 2) {\n            local_ans = (local_ans * i) % MOD; \n            if (i + 1 <= n) {\n                local_ans = (local_ans * (i + 1)) % MOD; \n            }\n        }\n        #pragma omp atomic\n        ans = (ans * local_ans) % MOD; \n    }\n    return ans;\n}\n\nint main() {\n    uint64_t n;\n    cin >> n;\n    cout << factorial_mod(n) << endl;\n    return 0;\n}')"
2025-01-21 00:09:53,221	[DEBUG]	EXEC>  SUCCESS 2611040.8125
2025-01-21 00:09:53,221	[INFO]	6-6     SUCCESS              *2611040.81 (94.10%) [1 edit(s)]  
2025-01-21 00:09:53,221	[DEBUG]	patch(6-6)="LineLLMCrossover(('source.cpp', 41), '#include <iostream>\n#include <cstdint>\n\nusing namespace std;\n\nuint64_t factorial_mod(uint64_t n, uint64_t mod) {\n    if (n == 0 || n == 1) return 1;\n    uint64_t ans = 1;\n\n    for (uint64_t i = 2; i <= n; i++) {\n        ans = (ans * (i % mod)) % mod; \n    }\n    return ans;\n}\n\nint main() {\n    uint64_t n;\n    cin >> n;\n    cout << factorial_mod(n, 1000000007) << endl;\n    return 0;\n}')"

2025-01-21 00:09:53,728	[DEBUG]	EXEC>  SUCCESS 2624285.25
2025-01-21 00:09:53,728	[INFO]	6-7     SUCCESS               2624285.25 (94.58%) [1 edit(s)]  
2025-01-21 00:09:53,728	[DEBUG]	patch(6-7)="LineLLMCrossover(('source.cpp', 42), '#include <iostream>\n#include <omp.h>\n#include <cstdint>\n\nusing namespace std;\n\nuint64_t factorial_mod(uint64_t n) {\n    if (n == 0 || n == 1) return 1; \n    const uint64_t MOD = 1000000007;\n    uint64_t ans = 1;\n\n    #pragma omp parallel for reduction(*:ans)\n    for (uint64_t i = 2; i <= n; i++) {\n        ans = (ans * (i % MOD)) % MOD; \n    }\n    return ans;\n}\n\nint main() {\n    uint64_t n;\n    cin >> n;\n    cout << factorial_mod(n) << endl;\n    return 0;\n}')"
2025-01-21 00:09:54,235	[DEBUG]	EXEC>  SUCCESS 2636739.1875
2025-01-21 00:09:54,236	[INFO]	6-8     SUCCESS               2636739.19 (95.02%) [1 edit(s)]  
2025-01-21 00:09:54,236	[DEBUG]	patch(6-8)="LineLLMCrossover(('source.cpp', 43), '#include <iostream>\n#include <omp.h>\n#include <cstdint>\n\nusing namespace std;\n\nuint64_t factorial_mod(uint64_t n) {\n    if (n == 0 || n == 1) return 1; \n    const uint64_t MOD = 1000000007;\n    uint64_t ans = 1;\n\n    #pragma omp parallel\n    {\n        uint64_t local_ans = 1;\n        #pragma omp for\n        for (uint64_t i = 2; i <= n; i += 2) {\n            local_ans = (local_ans * i) % MOD; \n            if (i + 1 <= n) {\n                local_ans = (local_ans * (i + 1)) % MOD; \n            }\n        }\n        #pragma omp atomic\n        ans = (ans * local_ans) % MOD; \n    }\n    return ans;\n}\n\nint main() {\n    uint64_t n;\n    cin >> n;\n    cout << factorial_mod(n) << endl;\n    return 0;\n}')"
2025-01-21 00:09:54,741	[DEBUG]	EXEC>  SUCCESS 2624982.5625
2025-01-21 00:09:54,741	[INFO]	6-9     SUCCESS               2624982.56 (94.60%) [1 edit(s)]  
2025-01-21 00:09:54,741	[DEBUG]	patch(6-9)="LineLLMCrossover(('source.cpp', 44), '#include <iostream>\n#include <cstdint>\n\nusing namespace std;\n\nuint64_t factorial_mod(uint64_t n) {\n    if (n == 0 || n == 1) return 1; \n    uint64_t ans = 1;\n    const uint64_t MOD = 1000000007;\n\n    for (uint64_t i = 2; i <= n; i++) {\n        ans = (ans * (i % MOD)) % MOD; \n    }\n    return ans;\n}\n\nint main() {\n    uint64_t n;\n    cin >> n;\n    cout << factorial_mod(n) << endl;\n    return 0;\n}')"
2025-01-21 00:09:55,247	[DEBUG]	EXEC>  SUCCESS 2630557.25
2025-01-21 00:09:55,247	[INFO]	6-10    SUCCESS               2630557.25 (94.80%) [1 edit(s)]  
2025-01-21 00:09:55,247	[DEBUG]	patch(6-10)="LineLLMCrossover(('source.cpp', 45), '#include <iostream>\n#include <omp.h>\n#include <cstdint>\n\nusing namespace std;\n\nuint64_t factorial_mod(uint64_t n) {\n    if (n == 0 || n == 1) return 1; \n    const uint64_t MOD = 1000000007;\n    uint64_t ans = 1;\n\n    #pragma omp parallel for reduction(*:ans)\n    for (uint64_t i = 2; i <= n; i++) {\n        ans = (ans * (i % MOD)) % MOD; \n    }\n    return ans;\n}\n\nint main() {\n    uint64_t n;\n    cin >> n;\n    cout << factorial_mod(n) << endl;\n    return 0;\n}')"
2025-01-21 00:09:55,755	[DEBUG]	EXEC>  SUCCESS 2620648.0
2025-01-21 00:09:55,756	[INFO]	6-11    SUCCESS               2620648.00 (94.44%) [1 edit(s)]  
2025-01-21 00:09:55,756	[DEBUG]	patch(6-11)="LineLLMCrossover(('source.cpp', 46), '#include <iostream>\n#include <cstdint>\n\nusing namespace std;\n\nuint64_t factorial_mod(uint64_t n) {\n    if (n == 0 || n == 1) return 1; \n    const uint64_t MOD = 1000000007;\n    uint64_t ans = 1;\n\n    for (uint64_t i = 2; i <= n; i += 2) {\n        ans = (ans * (i % MOD)) % MOD; \n        if (i + 1 <= n) {\n            ans = (ans * ((i + 1) % MOD)) % MOD; \n        }\n    }\n    return ans;\n}\n\nint main() {\n    uint64_t n;\n    cin >> n;\n    cout << factorial_mod(n) << endl;\n    return 0;\n}')"
2025-01-21 00:09:56,247	[DEBUG]	EXEC>  SUCCESS 2623727.1875
2025-01-21 00:09:56,247	[INFO]	6-12    SUCCESS               2623727.19 (94.56%) [1 edit(s)]  
2025-01-21 00:09:56,248	[DEBUG]	patch(6-12)="LineLLMCrossover(('source.cpp', 47), '#include <iostream>\n#include <omp.h>\n#include <cstdint>\n\nusing namespace std;\n\nuint64_t factorial_mod(uint64_t n) {\n    if (n == 0 || n == 1) return 1; \n    const uint64_t MOD = 1000000007;\n    uint64_t ans = 1;\n\n    #pragma omp parallel\n    {\n        uint64_t local_ans = 1;\n        #pragma omp for\n        for (uint64_t i = 2; i <= n; i++) {\n            local_ans = (local_ans * (i % MOD)) % MOD; \n        }\n        #pragma omp critical\n        {\n            ans = (ans * local_ans) % MOD; \n        }\n    }\n    return ans;\n}\n\nint main() {\n    uint64_t n;\n    cin >> n;\n    cout << factorial_mod(n) << endl;\n    return 0;\n}')"
2025-01-21 00:09:56,842	[DEBUG]	EXEC>  SUCCESS 3117655.0625
2025-01-21 00:09:56,842	[INFO]	6-13    SUCCESS               3117655.06 (112.36%) [5 edit(s)]  
2025-01-21 00:09:56,842	[DEBUG]	patch(6-13)="LineLLMMutation(('source.cpp', 2), '#include <iostream>\n#include <cmath>\n#include <cstdint> // Added for uint64_t\n\nusing namespace std;\n\nint main() {\n    long long int n;\n    cin >> n;\n    uint64_t ans = 1; // Changed to uint64_t to handle large numbers\n\n    for (int i = 1; i <= n; i++) {\n        ans = (ans * i) % (1000000007);\n    }\n\n    cout << ans << endl;\n    return 0;\n}') | LineLLMMutation(('source.cpp', 22), '#include <iostream>\n#include <cmath>\n#include <cstdint> // Added for uint64_t\n\nusing namespace std;\n\nint main() {\n    long long int n;\n    cin >> n;\n    uint64_t ans = 1; // Changed to uint64_t to handle large numbers\n\n    // Using a more efficient method to calculate factorial modulo 1000000007\n    for (int i = 2; i <= n; i++) {\n        ans = (ans * i) % (1000000007);\n    }\n\n    cout << ans << endl;\n    return 0;\n}') | LineLLMMutation(('source.cpp', 29), '#include <iostream>\n#include <cmath>\n#include <cstdint> // Added for uint64_t\n\nusing namespace std;\n\nint main() {\n    long long int n;\n    cin >> n;\n    uint64_t ans = 1; // Changed to uint64_t to handle large numbers\n\n    // Use an iterative approach with precomputed factorial values to reduce time complexity\n    if (n > 0) {\n        ans = 1; // Initialize ans for factorial computation\n        for (int i = 2; i <= n; i++) {\n            ans = (ans * i) % (1000000007);\n        }\n    }\n\n    cout << ans << endl;\n    return 0;\n}') | LineLLMMutation(('source.cpp', 42), '#include <iostream>\n#include <cmath>\n#include <cstdint> // Added for uint64_t\n\nusing namespace std;\n\nuint64_t factorial_mod(int n, uint64_t mod) {\n    uint64_t result = 1;\n    for (int i = 2; i <= n; i++) {\n        result = (result * i) % mod;\n    }\n    return result;\n}\n\nint main() {\n    long long int n;\n    cin >> n;\n    uint64_t ans = 1; // Changed to uint64_t to handle large numbers\n\n    // Use an iterative approach with a separate function for better readability\n    if (n > 0) {\n        ans = factorial_mod(n, 1000000007);\n    }\n\n    cout << ans << endl;\n    return 0;\n}') | LineLLMMutation(('source.cpp', 60), '#include <iostream>\n#include <cmath>\n#include <cstdint> // Added for uint64_t\n#include <vector> // Added for storing pre-calculated factorials\n\nusing namespace std;\n\nuint64_t factorial_mod(int n, uint64_t mod) {\n    // Pre-calculate factorials modulo mod\n    vector<uint64_t> factorials(n + 1);\n    factorials[0] = 1; // 0! = 1\n    for (int i = 1; i <= n; i++) {\n        factorials[i] = (factorials[i - 1] * i) % mod;\n    }\n    return factorials[n];\n}\n\nint main() {\n    long long int n;\n    cin >> n;\n    uint64_t ans = 1; // Changed to uint64_t to handle large numbers\n\n    // Use an iterative approach with a separate function for better readability\n    if (n > 0) {\n        ans = factorial_mod(n, 1000000007);\n    }\n\n    cout << ans << endl;\n    return 0;\n}')"
2025-01-21 00:09:57,331	[DEBUG]	EXEC>  SUCCESS 2609053.6875
2025-01-21 00:09:57,331	[INFO]	6-14    SUCCESS              *2609053.69 (94.03%) [2 edit(s)]  
2025-01-21 00:09:57,331	[DEBUG]	patch(6-14)="LineLLMCrossover(('source.cpp', 34), '#include <iostream>\n#include <cstdint>\n\nusing namespace std;\n\nuint64_t factorial_mod(uint64_t n, uint64_t mod) {\n    if (n == 0 || n == 1) return 1;\n    uint64_t ans = 1;\n\n    for (uint64_t i = 2; i <= n; i++) {\n        ans = (ans * (i % mod)) % mod; // Ensure modular arithmetic\n    }\n    return ans;\n}\n\nint main() {\n    uint64_t n;\n    cin >> n;\n    cout << factorial_mod(n, 1000000007) << endl;\n    return 0;\n}') | LineLLMMutation(('source.cpp', 61), '#include <iostream>\n#include <cstdint>\n\nusing namespace std;\n\nuint64_t factorial_mod(uint64_t n, uint64_t mod) {\n    if (n == 0 || n == 1) return 1;\n    uint64_t ans = 1;\n\n    for (uint64_t i = 2; i <= n; i++) {\n        ans = (ans * i) % mod; // Removed the redundant modulo operation inside multiplication\n    }\n    return ans;\n}\n\nint main() {\n    uint64_t n;\n    cin >> n;\n    cout << factorial_mod(n, 1000000007) << endl;\n    return 0;\n}')"

2025-01-21 00:09:57,830	[DEBUG]	EXEC>  SUCCESS 2608867.6875
2025-01-21 00:09:57,830	[INFO]	6-15    SUCCESS              *2608867.69 (94.02%) [3 edit(s)]  
2025-01-21 00:09:57,830	[DEBUG]	patch(6-15)="LineLLMCrossover(('source.cpp', 18), '#include <iostream>\n#include <omp.h>\n#include <cstdint>\n\nusing namespace std;\n\nuint64_t factorial_mod(uint64_t n) {\n    if (n == 0 || n == 1) return 1; // Early return for 0! and 1!\n    \n    uint64_t ans = 1;\n    const uint64_t MOD = 1000000007;\n\n    #pragma omp parallel for reduction(*:ans)\n    for (uint64_t i = 2; i <= n; i++) {\n        ans = (ans * i) % MOD; // Start from 2\n    }\n    return ans;\n}\n\nint main() {\n    uint64_t n;\n    cin >> n;\n    cout << factorial_mod(n) << endl;\n    return 0;\n}') | LineLLMMutation(('source.cpp', 45), '#include <iostream>\n#include <omp.h>\n#include <cstdint>\n\nusing namespace std;\n\nuint64_t factorial_mod(uint64_t n) {\n    if (n == 0 || n == 1) return 1; // Early return for 0! and 1!\n    \n    const uint64_t MOD = 1000000007;\n    uint64_t ans = 1;\n\n    #pragma omp parallel\n    {\n        uint64_t local_ans = 1; // Each thread has its own local copy\n        #pragma omp for\n        for (uint64_t i = 2; i <= n; i++) {\n            local_ans = (local_ans * i) % MOD; // Calculate local product\n        }\n        #pragma omp atomic\n        ans = (ans * local_ans) % MOD; // Combine results\n    }\n    return ans;\n}\n\nint main() {\n    uint64_t n;\n    cin >> n;\n    cout << factorial_mod(n) << endl;\n    return 0;\n}') | LineLLMMutation(('source.cpp', 62), '#include <iostream>\n#include <omp.h>\n#include <cstdint>\n\nusing namespace std;\n\nuint64_t factorial_mod(uint64_t n) {\n    if (n == 0 || n == 1) return 1; // Early return for 0! and 1!\n\n    const uint64_t MOD = 1000000007;\n    uint64_t ans = 1;\n\n    #pragma omp parallel\n    {\n        uint64_t local_ans = 1; // Each thread has its own local copy\n        #pragma omp for reduction(*:local_ans) // Use reduction to combine results\n        for (uint64_t i = 2; i <= n; i++) {\n            local_ans = (local_ans * i) % MOD; // Calculate local product\n        }\n        #pragma omp atomic\n        ans = (ans * local_ans) % MOD; // Combine results\n    }\n    return ans;\n}\n\nint main() {\n    uint64_t n;\n    cin >> n;\n    cout << factorial_mod(n) << endl;\n    return 0;\n}')"

2025-01-21 00:09:58,321	[DEBUG]	EXEC>  SUCCESS 2620226.875
2025-01-21 00:09:58,322	[INFO]	6-16    SUCCESS               2620226.88 (94.43%) [2 edit(s)]  
2025-01-21 00:09:58,322	[DEBUG]	patch(6-16)="LineLLMCrossover(('source.cpp', 39), '#include <iostream>\n#include <cstdint>\n\nusing namespace std;\n\nuint64_t factorial_mod(uint64_t n) {\n    if (n == 0 || n == 1) return 1;\n    uint64_t ans = 1;\n    const uint64_t MOD = 1000000007;\n\n    // Unrolling the loop for optimization with early exit\n    for (uint64_t i = 2; i <= n; i += 2) {\n        ans = (ans * i) % MOD;\n        if (i + 1 <= n) {\n            ans = (ans * (i + 1)) % MOD;\n        }\n    }\n    return ans;\n}\n\nint main() {\n    uint64_t n;\n    cin >> n;\n    cout << factorial_mod(n) << endl;\n    return 0;\n}') | LineLLMMutation(('source.cpp', 63), '#include <iostream>\n#include <cstdint>\n\nusing namespace std;\n\nuint64_t factorial_mod(uint64_t n) {\n    if (n == 0 || n == 1) return 1;\n    uint64_t ans = 1;\n    const uint64_t MOD = 1000000007;\n\n    // Single loop optimization\n    for (uint64_t i = 2; i <= n; ++i) {\n        ans = (ans * i) % MOD;\n    }\n    return ans;\n}\n\nint main() {\n    uint64_t n;\n    cin >> n;\n    cout << factorial_mod(n) << endl;\n    return 0;\n}')"
2025-01-21 00:09:58,882	[DEBUG]	EXEC>  SUCCESS 2632539.9375
2025-01-21 00:09:58,882	[INFO]	6-17    SUCCESS               2632539.94 (94.87%) [4 edit(s)]  
2025-01-21 00:09:58,882	[DEBUG]	patch(6-17)="LineLLMMutation(('source.cpp', 2), '#include <iostream>\n#include <cmath>\n#include <cstdint> // Added for uint64_t\n\nusing namespace std;\n\nint main() {\n    long long int n;\n    cin >> n;\n    uint64_t ans = 1; // Changed to uint64_t to handle large numbers\n\n    for (int i = 1; i <= n; i++) {\n        ans = (ans * i) % (1000000007);\n    }\n\n    cout << ans << endl;\n    return 0;\n}') | LineLLMMutation(('source.cpp', 33), '#include <iostream>\n#include <cmath>\n#include <cstdint> // Added for uint64_t\n\nusing namespace std;\n\nint main() {\n    long long int n;\n    cin >> n;\n    uint64_t ans = 1; // Changed to uint64_t to handle large numbers\n\n    // Optimized loop to calculate factorial modulo 1000000007\n    for (int i = 2; i <= n; i++) { // Start from 2 as multiplying by 1 has no effect\n        ans = (ans * i) % (1000000007);\n    }\n\n    cout << ans << endl;\n    return 0;\n}') | LineLLMMutation(('source.cpp', 51), '#include <iostream>\n#include <cmath>\n#include <cstdint> // Added for uint64_t\n\nusing namespace std;\n\nint main() {\n    long long int n;\n    cin >> n;\n    uint64_t ans = 1; // Changed to uint64_t to handle large numbers\n\n    // Optimized loop to calculate factorial modulo 1000000007 using the property of factorial\n    for (int i = 1; i <= n; i++) { // Start from 1 to include it in multiplication\n        ans = (ans * i) % (1000000007);\n    }\n\n    cout << ans << endl;\n    return 0;\n}') | LineLLMMutation(('source.cpp', 64), '#include <iostream>\n#include <cmath>\n#include <cstdint> // Added for uint64_t\n\nusing namespace std;\n\nint main() {\n    long long int n;\n    cin >> n;\n    uint64_t ans = 1; // Changed to uint64_t to handle large numbers\n\n    // Optimized calculation of factorial modulo 1000000007 using iterative squaring \n    // to reduce the number of multiplications.\n    for (int i = 1; i <= n; i++) {\n        ans = (ans * i) % (1000000007);\n    }\n\n    cout << ans << endl;\n    return 0;\n}')"
2025-01-21 00:09:59,448	[DEBUG]	EXEC>  SUCCESS 2610206.9375
2025-01-21 00:09:59,448	[INFO]	6-18    SUCCESS               2610206.94 (94.07%) [2 edit(s)]  
2025-01-21 00:09:59,448	[DEBUG]	patch(6-18)="LineLLMCrossover(('source.cpp', 27), '#include <iostream>\n#include <cmath>\n#include <cstdint>\n\nusing namespace std;\n\nuint64_t factorial_mod(uint64_t n) {\n    if (n == 0 || n == 1) return 1;\n    uint64_t ans = 1;\n    const uint64_t MOD = 1000000007;\n\n    for (uint64_t i = 2; i <= n; i++) {\n        ans = (ans * (i % MOD)) % MOD; // Ensure modular arithmetic\n    }\n    return ans;\n}\n\nint main() {\n    uint64_t n;\n    cin >> n;\n    cout << factorial_mod(n) << endl;\n    return 0;\n}') | LineLLMMutation(('source.cpp', 65), '#include <iostream>\n#include <cmath>\n#include <cstdint>\n\nusing namespace std;\n\nuint64_t factorial_mod(uint64_t n) {\n    if (n == 0 || n == 1) return 1;\n    uint64_t ans = 1;\n    const uint64_t MOD = 1000000007;\n\n    for (uint64_t i = 2; i <= n; i++) {\n        ans = (ans * i) % MOD; // Removed the unnecessary modulo operation on i\n    }\n    return ans;\n}\n\nint main() {\n    uint64_t n;\n    cin >> n;\n    cout << factorial_mod(n) << endl;\n    return 0;\n}')"
2025-01-21 00:09:59,948	[DEBUG]	EXEC>  SUCCESS 2599818.75
2025-01-21 00:09:59,948	[INFO]	6-19    SUCCESS              *2599818.75 (93.69%) [2 edit(s)]  
2025-01-21 00:09:59,948	[DEBUG]	patch(6-19)="LineLLMCrossover(('source.cpp', 32), '#include <iostream>\n#include <omp.h>\n#include <cstdint>\n\nusing namespace std;\n\nuint64_t factorial_mod(uint64_t n) {\n    if (n == 0 || n == 1) return 1; // Early return for 0! and 1!\n    \n    const uint64_t MOD = 1000000007;\n    uint64_t ans = 1;\n\n    #pragma omp parallel\n    {\n        uint64_t local_ans = 1;\n        #pragma omp for\n        for (uint64_t i = 1; i <= n; i++) {\n            local_ans = (local_ans * i) % MOD; // Calculate local product\n        }\n        #pragma omp critical\n        {\n            ans = (ans * local_ans) % MOD; // Combine results\n        }\n    }\n    return ans;\n}\n\nint main() {\n    uint64_t n;\n    cin >> n;\n    cout << factorial_mod(n) << endl;\n    return 0;\n}') | LineLLMMutation(('source.cpp', 66), '#include <iostream>\n#include <omp.h>\n#include <cstdint>\n\nusing namespace std;\n\nuint64_t factorial_mod(uint64_t n) {\n    if (n == 0 || n == 1) return 1; // Early return for 0! and 1!\n    \n    const uint64_t MOD = 1000000007;\n    uint64_t ans = 1;\n\n    #pragma omp parallel\n    {\n        uint64_t local_ans = 1;\n        #pragma omp for reduction(*:local_ans) // Use reduction to avoid critical section\n        for (uint64_t i = 1; i <= n; i++) {\n            local_ans = (local_ans * i) % MOD; // Calculate local product\n        }\n        #pragma omp atomic // Use atomic to safely update ans\n        ans = (ans * local_ans) % MOD; // Combine results\n    }\n    return ans;\n}\n\nint main() {\n    uint64_t n;\n    cin >> n;\n    cout << factorial_mod(n) << endl;\n    return 0;\n}')"

2025-01-21 00:10:00,445	[DEBUG]	EXEC>  SUCCESS 2615736.875
2025-01-21 00:10:00,445	[INFO]	6-20    SUCCESS               2615736.88 (94.27%) [2 edit(s)]  
2025-01-21 00:10:00,445	[DEBUG]	patch(6-20)="LineLLMCrossover(('source.cpp', 38), '#include <iostream>\n#include <omp.h>\n#include <cstdint>\n\nusing namespace std;\n\nuint64_t factorial_mod(uint64_t n) {\n    if (n == 0 || n == 1) return 1; // Early return for 0! and 1!\n    \n    const uint64_t MOD = 1000000007;\n    uint64_t ans = 1;\n\n    #pragma omp parallel for\n    for (uint64_t i = 2; i <= n; i++) {\n        ans = (ans * (i % MOD)) % MOD; // Local accumulation\n    }\n    return ans;\n}\n\nint main() {\n    uint64_t n;\n    cin >> n;\n    cout << factorial_mod(n) << endl;\n    return 0;\n}') | LineLLMMutation(('source.cpp', 67), '#include <iostream>\n#include <omp.h>\n#include <cstdint>\n\nusing namespace std;\n\nuint64_t factorial_mod(uint64_t n) {\n    if (n == 0 || n == 1) return 1; // Early return for 0! and 1!\n    \n    const uint64_t MOD = 1000000007;\n    uint64_t ans = 1;\n\n    #pragma omp parallel \n    {\n        uint64_t local_ans = 1; // Local accumulation for each thread\n        #pragma omp for\n        for (uint64_t i = 2; i <= n; i++) {\n            local_ans = (local_ans * (i % MOD)) % MOD; // Use local variable\n        }\n        #pragma omp atomic // Combine results safely\n        ans = (ans * local_ans) % MOD;\n    }\n    return ans;\n}\n\nint main() {\n    uint64_t n;\n    cin >> n;\n    cout << factorial_mod(n) << endl;\n    return 0;\n}')"
2025-01-21 00:10:01,985	[DEBUG]	EXEC>  SUCCESS 2677798.5625
2025-01-21 00:10:01,985	[INFO]	REF     SUCCESS               2677798.56 (--) [0 edit(s)]  
2025-01-21 00:10:02,449	[DEBUG]	EXEC>  SUCCESS 2611249.75
2025-01-21 00:10:02,450	[INFO]	BEST    SUCCESS              *2611249.75 (97.51%) [0 edit(s)]  
2025-01-21 00:12:14,544	[DEBUG]	EXEC>  SUCCESS 2614690.3125
2025-01-21 00:12:14,544	[INFO]	7-1     SUCCESS              +2614690.31 (97.64%) [2 edit(s)]  
2025-01-21 00:12:14,544	[DEBUG]	patch(7-1)="LineLLMCrossover(('source.cpp', 32), '#include <iostream>\n#include <omp.h>\n#include <cstdint>\n\nusing namespace std;\n\nuint64_t factorial_mod(uint64_t n) {\n    if (n == 0 || n == 1) return 1; // Early return for 0! and 1!\n    \n    const uint64_t MOD = 1000000007;\n    uint64_t ans = 1;\n\n    #pragma omp parallel\n    {\n        uint64_t local_ans = 1;\n        #pragma omp for\n        for (uint64_t i = 1; i <= n; i++) {\n            local_ans = (local_ans * i) % MOD; // Calculate local product\n        }\n        #pragma omp critical\n        {\n            ans = (ans * local_ans) % MOD; // Combine results\n        }\n    }\n    return ans;\n}\n\nint main() {\n    uint64_t n;\n    cin >> n;\n    cout << factorial_mod(n) << endl;\n    return 0;\n}') | LineLLMMutation(('source.cpp', 66), '#include <iostream>\n#include <omp.h>\n#include <cstdint>\n\nusing namespace std;\n\nuint64_t factorial_mod(uint64_t n) {\n    if (n == 0 || n == 1) return 1; // Early return for 0! and 1!\n    \n    const uint64_t MOD = 1000000007;\n    uint64_t ans = 1;\n\n    #pragma omp parallel\n    {\n        uint64_t local_ans = 1;\n        #pragma omp for reduction(*:local_ans) // Use reduction to avoid critical section\n        for (uint64_t i = 1; i <= n; i++) {\n            local_ans = (local_ans * i) % MOD; // Calculate local product\n        }\n        #pragma omp atomic // Use atomic to safely update ans\n        ans = (ans * local_ans) % MOD; // Combine results\n    }\n    return ans;\n}\n\nint main() {\n    uint64_t n;\n    cin >> n;\n    cout << factorial_mod(n) << endl;\n    return 0;\n}')"
2025-01-21 00:12:15,008	[DEBUG]	EXEC>  SUCCESS 2655375.625
2025-01-21 00:12:15,008	[INFO]	7-2     SUCCESS               2655375.62 (99.16%) [3 edit(s)]  
2025-01-21 00:12:15,009	[DEBUG]	patch(7-2)="LineLLMCrossover(('source.cpp', 18), '#include <iostream>\n#include <omp.h>\n#include <cstdint>\n\nusing namespace std;\n\nuint64_t factorial_mod(uint64_t n) {\n    if (n == 0 || n == 1) return 1; // Early return for 0! and 1!\n    \n    uint64_t ans = 1;\n    const uint64_t MOD = 1000000007;\n\n    #pragma omp parallel for reduction(*:ans)\n    for (uint64_t i = 2; i <= n; i++) {\n        ans = (ans * i) % MOD; // Start from 2\n    }\n    return ans;\n}\n\nint main() {\n    uint64_t n;\n    cin >> n;\n    cout << factorial_mod(n) << endl;\n    return 0;\n}') | LineLLMMutation(('source.cpp', 45), '#include <iostream>\n#include <omp.h>\n#include <cstdint>\n\nusing namespace std;\n\nuint64_t factorial_mod(uint64_t n) {\n    if (n == 0 || n == 1) return 1; // Early return for 0! and 1!\n    \n    const uint64_t MOD = 1000000007;\n    uint64_t ans = 1;\n\n    #pragma omp parallel\n    {\n        uint64_t local_ans = 1; // Each thread has its own local copy\n        #pragma omp for\n        for (uint64_t i = 2; i <= n; i++) {\n            local_ans = (local_ans * i) % MOD; // Calculate local product\n        }\n        #pragma omp atomic\n        ans = (ans * local_ans) % MOD; // Combine results\n    }\n    return ans;\n}\n\nint main() {\n    uint64_t n;\n    cin >> n;\n    cout << factorial_mod(n) << endl;\n    return 0;\n}') | LineLLMMutation(('source.cpp', 62), '#include <iostream>\n#include <omp.h>\n#include <cstdint>\n\nusing namespace std;\n\nuint64_t factorial_mod(uint64_t n) {\n    if (n == 0 || n == 1) return 1; // Early return for 0! and 1!\n\n    const uint64_t MOD = 1000000007;\n    uint64_t ans = 1;\n\n    #pragma omp parallel\n    {\n        uint64_t local_ans = 1; // Each thread has its own local copy\n        #pragma omp for reduction(*:local_ans) // Use reduction to combine results\n        for (uint64_t i = 2; i <= n; i++) {\n            local_ans = (local_ans * i) % MOD; // Calculate local product\n        }\n        #pragma omp atomic\n        ans = (ans * local_ans) % MOD; // Combine results\n    }\n    return ans;\n}\n\nint main() {\n    uint64_t n;\n    cin >> n;\n    cout << factorial_mod(n) << endl;\n    return 0;\n}')"
2025-01-21 00:12:15,465	[DEBUG]	EXEC>  SUCCESS 2597992.8125
2025-01-21 00:12:15,465	[INFO]	7-3     SUCCESS              *2597992.81 (97.02%) [2 edit(s)]  
2025-01-21 00:12:15,465	[DEBUG]	patch(7-3)="LineLLMCrossover(('source.cpp', 34), '#include <iostream>\n#include <cstdint>\n\nusing namespace std;\n\nuint64_t factorial_mod(uint64_t n, uint64_t mod) {\n    if (n == 0 || n == 1) return 1;\n    uint64_t ans = 1;\n\n    for (uint64_t i = 2; i <= n; i++) {\n        ans = (ans * (i % mod)) % mod; // Ensure modular arithmetic\n    }\n    return ans;\n}\n\nint main() {\n    uint64_t n;\n    cin >> n;\n    cout << factorial_mod(n, 1000000007) << endl;\n    return 0;\n}') | LineLLMMutation(('source.cpp', 61), '#include <iostream>\n#include <cstdint>\n\nusing namespace std;\n\nuint64_t factorial_mod(uint64_t n, uint64_t mod) {\n    if (n == 0 || n == 1) return 1;\n    uint64_t ans = 1;\n\n    for (uint64_t i = 2; i <= n; i++) {\n        ans = (ans * i) % mod; // Removed the redundant modulo operation inside multiplication\n    }\n    return ans;\n}\n\nint main() {\n    uint64_t n;\n    cin >> n;\n    cout << factorial_mod(n, 1000000007) << endl;\n    return 0;\n}')"

2025-01-21 00:12:15,980	[DEBUG]	EXEC>  SUCCESS 2599679.3125
2025-01-21 00:12:15,981	[INFO]	7-4     SUCCESS               2599679.31 (97.08%) [2 edit(s)]  
2025-01-21 00:12:15,981	[DEBUG]	patch(7-4)="LineLLMCrossover(('source.cpp', 27), '#include <iostream>\n#include <cmath>\n#include <cstdint>\n\nusing namespace std;\n\nuint64_t factorial_mod(uint64_t n) {\n    if (n == 0 || n == 1) return 1;\n    uint64_t ans = 1;\n    const uint64_t MOD = 1000000007;\n\n    for (uint64_t i = 2; i <= n; i++) {\n        ans = (ans * (i % MOD)) % MOD; // Ensure modular arithmetic\n    }\n    return ans;\n}\n\nint main() {\n    uint64_t n;\n    cin >> n;\n    cout << factorial_mod(n) << endl;\n    return 0;\n}') | LineLLMMutation(('source.cpp', 65), '#include <iostream>\n#include <cmath>\n#include <cstdint>\n\nusing namespace std;\n\nuint64_t factorial_mod(uint64_t n) {\n    if (n == 0 || n == 1) return 1;\n    uint64_t ans = 1;\n    const uint64_t MOD = 1000000007;\n\n    for (uint64_t i = 2; i <= n; i++) {\n        ans = (ans * i) % MOD; // Removed the unnecessary modulo operation on i\n    }\n    return ans;\n}\n\nint main() {\n    uint64_t n;\n    cin >> n;\n    cout << factorial_mod(n) << endl;\n    return 0;\n}')"
2025-01-21 00:12:16,437	[DEBUG]	EXEC>  SUCCESS 2629980.5625
2025-01-21 00:12:16,437	[INFO]	7-5     SUCCESS               2629980.56 (98.21%) [1 edit(s)]  
2025-01-21 00:12:16,437	[DEBUG]	patch(7-5)="LineLLMCrossover(('source.cpp', 48), '#include <iostream>\n#include <omp.h>\n#include <cstdint>\n\nusing namespace std;\n\nuint64_t factorial_mod(uint64_t n) {\n    if (n == 0 || n == 1) return 1; // Early return for 0! and 1!\n    \n    const uint64_t MOD = 1000000007;\n    uint64_t ans = 1;\n\n    #pragma omp parallel\n    {\n        uint64_t local_ans = 1; // Local accumulation for each thread\n        #pragma omp for reduction(*:local_ans) // Use reduction to efficiently combine results\n        for (uint64_t i = 2; i <= n; i++) {\n            local_ans = (local_ans * i) % MOD; // Calculate local product\n        }\n        #pragma omp atomic // Combine results safely\n        ans = (ans * local_ans) % MOD;\n    }\n    return ans;\n}\n\nint main() {\n    uint64_t n;\n    cin >> n;\n    cout << factorial_mod(n) << endl;\n    return 0;\n}')"
2025-01-21 00:12:16,897	[DEBUG]	EXEC>  SUCCESS 2605841.0
2025-01-21 00:12:16,897	[INFO]	7-6     SUCCESS               2605841.00 (97.31%) [1 edit(s)]  
2025-01-21 00:12:16,897	[DEBUG]	patch(7-6)="LineLLMCrossover(('source.cpp', 49), '#include <iostream>\n#include <omp.h>\n#include <cstdint>\n\nusing namespace std;\n\nuint64_t factorial_mod(uint64_t n, uint64_t mod) {\n    if (n == 0 || n == 1) return 1; // Early return for 0! and 1!\n    uint64_t ans = 1;\n\n    #pragma omp parallel\n    {\n        uint64_t local_ans = 1; // Local accumulation for each thread\n        #pragma omp for\n        for (uint64_t i = 2; i <= n; i++) {\n            local_ans = (local_ans * (i % mod)) % mod; // Use local variable\n        }\n        #pragma omp atomic // Combine results safely\n        ans = (ans * local_ans) % mod;\n    }\n    return ans;\n}\n\nint main() {\n    uint64_t n;\n    cin >> n;\n    cout << factorial_mod(n, 1000000007) << endl;\n    return 0;\n}')"
2025-01-21 00:12:17,347	[DEBUG]	EXEC>  SUCCESS 2612796.6875
2025-01-21 00:12:17,347	[INFO]	7-7     SUCCESS               2612796.69 (97.57%) [1 edit(s)]  
2025-01-21 00:12:17,347	[DEBUG]	patch(7-7)="LineLLMCrossover(('source.cpp', 50), '#include <iostream>\n#include <cstdint>\n\nusing namespace std;\n\nuint64_t factorial_mod(uint64_t n) {\n    if (n == 0 || n == 1) return 1; // Early return for 0! and 1!\n    uint64_t ans = 1;\n    const uint64_t MOD = 1000000007;\n\n    for (uint64_t i = 2; i <= n; i++) {\n        ans = (ans * i) % MOD; // Efficient multiplication with modulo\n    }\n    return ans;\n}\n\nint main() {\n    long long int n;\n    cin >> n;\n    uint64_t ans = 1; // Changed to uint64_t to correctly handle large numbers\n\n    // Use an iterative approach\n    if (n > 0) {\n        ans = factorial_mod(n);\n    }\n\n    cout << ans << endl;\n    return 0;\n}')"
2025-01-21 00:12:17,793	[DEBUG]	EXEC>  SUCCESS 2615021.375
2025-01-21 00:12:17,793	[INFO]	7-8     SUCCESS               2615021.38 (97.66%) [1 edit(s)]  
2025-01-21 00:12:17,793	[DEBUG]	patch(7-8)="LineLLMCrossover(('source.cpp', 51), '#include <iostream>\n#include <omp.h>\n#include <cstdint>\n\nusing namespace std;\n\nuint64_t factorial_mod(uint64_t n) {\n    if (n == 0 || n == 1) return 1; // Early return for 0! and 1!\n    \n    const uint64_t MOD = 1000000007;\n    uint64_t ans = 1;\n\n    #pragma omp parallel\n    {\n        uint64_t local_ans = 1; // Local accumulation for each thread\n        #pragma omp for\n        for (uint64_t i = 2; i <= n; i++) {\n            local_ans = (local_ans * i) % MOD; // Calculate local product\n        }\n        #pragma omp atomic // Combine results safely\n        ans = (ans * local_ans) % MOD;\n    }\n    return ans;\n}\n\nint main() {\n    uint64_t n;\n    cin >> n;\n    cout << factorial_mod(n) << endl;\n    return 0;\n}')"
2025-01-21 00:12:18,247	[DEBUG]	EXEC>  SUCCESS 2615804.3125
2025-01-21 00:12:18,247	[INFO]	7-9     SUCCESS               2615804.31 (97.68%) [1 edit(s)]  
2025-01-21 00:12:18,247	[DEBUG]	patch(7-9)="LineLLMCrossover(('source.cpp', 52), '#include <iostream>\n#include <omp.h>\n#include <cstdint>\n\nusing namespace std;\n\nuint64_t factorial_mod(uint64_t n) {\n    if (n == 0 || n == 1) return 1; // Early return for 0! and 1!\n    \n    const uint64_t MOD = 1000000007;\n    uint64_t ans = 1;\n\n    #pragma omp parallel\n    {\n        uint64_t local_ans = 1;\n        #pragma omp for\n        for (uint64_t i = 2; i <= n; i++) {\n            local_ans = (local_ans * i) % MOD; // Calculate local product\n        }\n        #pragma omp atomic // Combine results safely\n        ans = (ans * local_ans) % MOD;\n    }\n    return ans;\n}\n\nint main() {\n    uint64_t n;\n    cin >> n;\n    cout << factorial_mod(n) << endl;\n    return 0;\n}')"
2025-01-21 00:12:18,698	[DEBUG]	EXEC>  SUCCESS 2655512.5625
2025-01-21 00:12:18,698	[INFO]	7-10    SUCCESS               2655512.56 (99.17%) [1 edit(s)]  
2025-01-21 00:12:18,698	[DEBUG]	patch(7-10)="LineLLMCrossover(('source.cpp', 53), '#include <iostream>\n#include <cstdint>\n\nusing namespace std;\n\nuint64_t factorial_mod(uint64_t n) {\n    if (n == 0 || n == 1) return 1; // Early return for 0! and 1!\n    uint64_t ans = 1;\n    const uint64_t MOD = 1000000007;\n\n    for (uint64_t i = 2; i <= n; i++) {\n        ans = (ans * (i % MOD)) % MOD; // Use modulo during multiplication\n    }\n    return ans;\n}\n\nint main() {\n    uint64_t n;\n    cin >> n;\n    cout << factorial_mod(n) << endl;\n    return 0;\n}')"
2025-01-21 00:12:19,156	[DEBUG]	EXEC>  SUCCESS 2593021.125
2025-01-21 00:12:19,157	[INFO]	7-11    SUCCESS              *2593021.12 (96.83%) [1 edit(s)]  
2025-01-21 00:12:19,157	[DEBUG]	patch(7-11)="LineLLMCrossover(('source.cpp', 54), '#include <iostream>\n#include <omp.h>\n#include <cstdint>\n\nusing namespace std;\n\nuint64_t factorial_mod(uint64_t n) {\n    if (n == 0 || n == 1) return 1;\n    uint64_t ans = 1;\n    const uint64_t MOD = 1000000007;\n\n    #pragma omp parallel\n    {\n        uint64_t local_ans = 1; // Local accumulation for each thread\n        #pragma omp for\n        for (uint64_t i = 2; i <= n; i++) {\n            local_ans = (local_ans * i) % MOD; // Calculate local product\n        }\n        #pragma omp atomic // Combine results safely\n        ans = (ans * local_ans) % MOD;\n    }\n    return ans;\n}\n\nint main() {\n    uint64_t n;\n    cin >> n;\n    cout << factorial_mod(n) << endl;\n    return 0;\n}')"

2025-01-21 00:12:19,604	[DEBUG]	EXEC>  SUCCESS 2601589.8125
2025-01-21 00:12:19,604	[INFO]	7-12    SUCCESS               2601589.81 (97.15%) [1 edit(s)]  
2025-01-21 00:12:19,604	[DEBUG]	patch(7-12)="LineLLMCrossover(('source.cpp', 55), '#include <iostream>\n#include <cstdint>\n\nusing namespace std;\n\nuint64_t factorial_mod(uint64_t n, uint64_t mod) {\n    if (n == 0 || n == 1) return 1;\n    uint64_t ans = 1;\n\n    for (uint64_t i = 2; i <= n; i++) {\n        ans = (ans * (i % mod)) % mod; // Use modulo during multiplication\n    }\n    return ans;\n}\n\nint main() {\n    uint64_t n;\n    cin >> n;\n    cout << factorial_mod(n, 1000000007) << endl;\n    return 0;\n}')"
2025-01-21 00:12:20,072	[DEBUG]	EXEC>  SUCCESS 2717844.1875
2025-01-21 00:12:20,072	[INFO]	7-13    SUCCESS               2717844.19 (101.50%) [3 edit(s)]  
2025-01-21 00:12:20,073	[DEBUG]	patch(7-13)="LineLLMCrossover(('source.cpp', 32), '#include <iostream>\n#include <omp.h>\n#include <cstdint>\n\nusing namespace std;\n\nuint64_t factorial_mod(uint64_t n) {\n    if (n == 0 || n == 1) return 1; // Early return for 0! and 1!\n    \n    const uint64_t MOD = 1000000007;\n    uint64_t ans = 1;\n\n    #pragma omp parallel\n    {\n        uint64_t local_ans = 1;\n        #pragma omp for\n        for (uint64_t i = 1; i <= n; i++) {\n            local_ans = (local_ans * i) % MOD; // Calculate local product\n        }\n        #pragma omp critical\n        {\n            ans = (ans * local_ans) % MOD; // Combine results\n        }\n    }\n    return ans;\n}\n\nint main() {\n    uint64_t n;\n    cin >> n;\n    cout << factorial_mod(n) << endl;\n    return 0;\n}') | LineLLMMutation(('source.cpp', 66), '#include <iostream>\n#include <omp.h>\n#include <cstdint>\n\nusing namespace std;\n\nuint64_t factorial_mod(uint64_t n) {\n    if (n == 0 || n == 1) return 1; // Early return for 0! and 1!\n    \n    const uint64_t MOD = 1000000007;\n    uint64_t ans = 1;\n\n    #pragma omp parallel\n    {\n        uint64_t local_ans = 1;\n        #pragma omp for reduction(*:local_ans) // Use reduction to avoid critical section\n        for (uint64_t i = 1; i <= n; i++) {\n            local_ans = (local_ans * i) % MOD; // Calculate local product\n        }\n        #pragma omp atomic // Use atomic to safely update ans\n        ans = (ans * local_ans) % MOD; // Combine results\n    }\n    return ans;\n}\n\nint main() {\n    uint64_t n;\n    cin >> n;\n    cout << factorial_mod(n) << endl;\n    return 0;\n}') | LineLLMMutation(('source.cpp', 68), '#include <iostream>\n#include <omp.h>\n#include <cstdint>\n\nusing namespace std;\n\nuint64_t factorial_mod(uint64_t n) {\n    if (n == 0 || n == 1) return 1; // Early return for 0! and 1!\n    \n    const uint64_t MOD = 1000000007;\n    uint64_t ans = 1;\n\n    #pragma omp parallel\n    {\n        uint64_t local_ans = 1;\n        #pragma omp for\n        for (uint64_t i = 1; i <= n; i++) {\n            local_ans = (local_ans * i) % MOD; // Calculate local product\n        }\n        \n        #pragma omp atomic // Use atomic to safely update ans\n        ans = (ans * local_ans) % MOD; // Combine results\n    }\n    \n    return ans;\n}\n\nint main() {\n    uint64_t n;\n    cin >> n;\n    cout << factorial_mod(n) << endl;\n    return 0;\n}')"
2025-01-21 00:12:20,524	[DEBUG]	EXEC>  SUCCESS 2617462.6875
2025-01-21 00:12:20,524	[INFO]	7-14    SUCCESS               2617462.69 (97.75%) [4 edit(s)]  
2025-01-21 00:12:20,524	[DEBUG]	patch(7-14)="LineLLMCrossover(('source.cpp', 18), '#include <iostream>\n#include <omp.h>\n#include <cstdint>\n\nusing namespace std;\n\nuint64_t factorial_mod(uint64_t n) {\n    if (n == 0 || n == 1) return 1; // Early return for 0! and 1!\n    \n    uint64_t ans = 1;\n    const uint64_t MOD = 1000000007;\n\n    #pragma omp parallel for reduction(*:ans)\n    for (uint64_t i = 2; i <= n; i++) {\n        ans = (ans * i) % MOD; // Start from 2\n    }\n    return ans;\n}\n\nint main() {\n    uint64_t n;\n    cin >> n;\n    cout << factorial_mod(n) << endl;\n    return 0;\n}') | LineLLMMutation(('source.cpp', 45), '#include <iostream>\n#include <omp.h>\n#include <cstdint>\n\nusing namespace std;\n\nuint64_t factorial_mod(uint64_t n) {\n    if (n == 0 || n == 1) return 1; // Early return for 0! and 1!\n    \n    const uint64_t MOD = 1000000007;\n    uint64_t ans = 1;\n\n    #pragma omp parallel\n    {\n        uint64_t local_ans = 1; // Each thread has its own local copy\n        #pragma omp for\n        for (uint64_t i = 2; i <= n; i++) {\n            local_ans = (local_ans * i) % MOD; // Calculate local product\n        }\n        #pragma omp atomic\n        ans = (ans * local_ans) % MOD; // Combine results\n    }\n    return ans;\n}\n\nint main() {\n    uint64_t n;\n    cin >> n;\n    cout << factorial_mod(n) << endl;\n    return 0;\n}') | LineLLMMutation(('source.cpp', 62), '#include <iostream>\n#include <omp.h>\n#include <cstdint>\n\nusing namespace std;\n\nuint64_t factorial_mod(uint64_t n) {\n    if (n == 0 || n == 1) return 1; // Early return for 0! and 1!\n\n    const uint64_t MOD = 1000000007;\n    uint64_t ans = 1;\n\n    #pragma omp parallel\n    {\n        uint64_t local_ans = 1; // Each thread has its own local copy\n        #pragma omp for reduction(*:local_ans) // Use reduction to combine results\n        for (uint64_t i = 2; i <= n; i++) {\n            local_ans = (local_ans * i) % MOD; // Calculate local product\n        }\n        #pragma omp atomic\n        ans = (ans * local_ans) % MOD; // Combine results\n    }\n    return ans;\n}\n\nint main() {\n    uint64_t n;\n    cin >> n;\n    cout << factorial_mod(n) << endl;\n    return 0;\n}') | LineLLMMutation(('source.cpp', 69), '#include <iostream>\n#include <omp.h>\n#include <cstdint>\n\nusing namespace std;\n\nuint64_t factorial_mod(uint64_t n) {\n    if (n == 0 || n == 1) return 1; // Early return for 0! and 1!\n\n    const uint64_t MOD = 1000000007;\n    uint64_t ans = 1;\n\n    #pragma omp parallel\n    {\n        uint64_t local_ans = 1; // Each thread has its own local copy\n        #pragma omp for \n        for (uint64_t i = 2; i <= n; i++) {\n            local_ans = (local_ans * i) % MOD; // Calculate local product\n        }\n        #pragma omp atomic\n        ans = (ans * local_ans) % MOD; // Combine results\n    }\n    return ans;\n}\n\nint main() {\n    uint64_t n;\n    cin >> n;\n    cout << factorial_mod(n) << endl;\n    return 0;\n}')"
2025-01-21 00:12:21,013	[DEBUG]	EXEC>  SUCCESS 3114155.75
2025-01-21 00:12:21,014	[INFO]	7-15    SUCCESS               3114155.75 (116.30%) [3 edit(s)]  
2025-01-21 00:12:21,014	[DEBUG]	patch(7-15)="LineLLMCrossover(('source.cpp', 34), '#include <iostream>\n#include <cstdint>\n\nusing namespace std;\n\nuint64_t factorial_mod(uint64_t n, uint64_t mod) {\n    if (n == 0 || n == 1) return 1;\n    uint64_t ans = 1;\n\n    for (uint64_t i = 2; i <= n; i++) {\n        ans = (ans * (i % mod)) % mod; // Ensure modular arithmetic\n    }\n    return ans;\n}\n\nint main() {\n    uint64_t n;\n    cin >> n;\n    cout << factorial_mod(n, 1000000007) << endl;\n    return 0;\n}') | LineLLMMutation(('source.cpp', 61), '#include <iostream>\n#include <cstdint>\n\nusing namespace std;\n\nuint64_t factorial_mod(uint64_t n, uint64_t mod) {\n    if (n == 0 || n == 1) return 1;\n    uint64_t ans = 1;\n\n    for (uint64_t i = 2; i <= n; i++) {\n        ans = (ans * i) % mod; // Removed the redundant modulo operation inside multiplication\n    }\n    return ans;\n}\n\nint main() {\n    uint64_t n;\n    cin >> n;\n    cout << factorial_mod(n, 1000000007) << endl;\n    return 0;\n}') | LineLLMMutation(('source.cpp', 70), '#include <iostream>\n#include <cstdint>\n#include <vector>\n\nusing namespace std;\n\nuint64_t factorial_mod(uint64_t n, uint64_t mod) {\n    if (n == 0 || n == 1) return 1;\n    \n    // Precompute factorials modulo mod\n    vector<uint64_t> factorials(n + 1, 1);\n    for (uint64_t i = 2; i <= n; i++) {\n        factorials[i] = (factorials[i - 1] * i) % mod;\n    }\n    \n    return factorials[n];\n}\n\nint main() {\n    uint64_t n;\n    cin >> n;\n    cout << factorial_mod(n, 1000000007) << endl;\n    return 0;\n}')"
2025-01-21 00:12:21,533	[DEBUG]	EXEC>  SUCCESS 2601442.3125
2025-01-21 00:12:21,533	[INFO]	7-16    SUCCESS               2601442.31 (97.15%) [3 edit(s)]  
2025-01-21 00:12:21,533	[DEBUG]	patch(7-16)="LineLLMCrossover(('source.cpp', 27), '#include <iostream>\n#include <cmath>\n#include <cstdint>\n\nusing namespace std;\n\nuint64_t factorial_mod(uint64_t n) {\n    if (n == 0 || n == 1) return 1;\n    uint64_t ans = 1;\n    const uint64_t MOD = 1000000007;\n\n    for (uint64_t i = 2; i <= n; i++) {\n        ans = (ans * (i % MOD)) % MOD; // Ensure modular arithmetic\n    }\n    return ans;\n}\n\nint main() {\n    uint64_t n;\n    cin >> n;\n    cout << factorial_mod(n) << endl;\n    return 0;\n}') | LineLLMMutation(('source.cpp', 65), '#include <iostream>\n#include <cmath>\n#include <cstdint>\n\nusing namespace std;\n\nuint64_t factorial_mod(uint64_t n) {\n    if (n == 0 || n == 1) return 1;\n    uint64_t ans = 1;\n    const uint64_t MOD = 1000000007;\n\n    for (uint64_t i = 2; i <= n; i++) {\n        ans = (ans * i) % MOD; // Removed the unnecessary modulo operation on i\n    }\n    return ans;\n}\n\nint main() {\n    uint64_t n;\n    cin >> n;\n    cout << factorial_mod(n) << endl;\n    return 0;\n}') | LineLLMMutation(('source.cpp', 71), '#include <iostream>\n#include <cmath>\n#include <cstdint>\n\nusing namespace std;\n\nuint64_t factorial_mod(uint64_t n) {\n    if (n == 0 || n == 1) return 1;\n    uint64_t ans = 1;\n    const uint64_t MOD = 1000000007;\n\n    // Optimize by calculating factorial directly and avoiding unnecessary multiplications\n    for (uint64_t i = 2; i <= n; i++) {\n        ans = ans * i % MOD; // Keep the modulo operation on the result\n    }\n    return ans;\n}\n\nint main() {\n    uint64_t n;\n    cin >> n;\n    cout << factorial_mod(n) << endl;\n    return 0;\n}')"
2025-01-21 00:12:21,978	[DEBUG]	EXEC>  SUCCESS 2605967.0
2025-01-21 00:12:21,979	[INFO]	7-17    SUCCESS               2605967.00 (97.32%) [2 edit(s)]  
2025-01-21 00:12:21,979	[DEBUG]	patch(7-17)="LineLLMCrossover(('source.cpp', 41), '#include <iostream>\n#include <cstdint>\n\nusing namespace std;\n\nuint64_t factorial_mod(uint64_t n, uint64_t mod) {\n    if (n == 0 || n == 1) return 1;\n    uint64_t ans = 1;\n\n    for (uint64_t i = 2; i <= n; i++) {\n        ans = (ans * (i % mod)) % mod; \n    }\n    return ans;\n}\n\nint main() {\n    uint64_t n;\n    cin >> n;\n    cout << factorial_mod(n, 1000000007) << endl;\n    return 0;\n}') | LineLLMMutation(('source.cpp', 72), '#include <iostream>\n#include <cstdint>\n\nusing namespace std;\n\nuint64_t factorial_mod(uint64_t n, uint64_t mod) {\n    if (n == 0 || n == 1) return 1;\n    uint64_t ans = 1;\n\n    // Optimize the loop to avoid unnecessary modulus operations\n    for (uint64_t i = 2; i <= n; i++) {\n        ans = (ans * i) % mod; \n    }\n    return ans;\n}\n\nint main() {\n    uint64_t n;\n    cin >> n;\n    cout << factorial_mod(n, 1000000007) << endl;\n    return 0;\n}')"
2025-01-21 00:12:22,528	[DEBUG]	EXEC>  SUCCESS 4136109.9375
2025-01-21 00:12:22,529	[INFO]	7-18    SUCCESS               4136109.94 (154.46%) [5 edit(s)]  
2025-01-21 00:12:22,529	[DEBUG]	patch(7-18)="LineLLMMutation(('source.cpp', 2), '#include <iostream>\n#include <cmath>\n#include <cstdint> // Added for uint64_t\n\nusing namespace std;\n\nint main() {\n    long long int n;\n    cin >> n;\n    uint64_t ans = 1; // Changed to uint64_t to handle large numbers\n\n    for (int i = 1; i <= n; i++) {\n        ans = (ans * i) % (1000000007);\n    }\n\n    cout << ans << endl;\n    return 0;\n}') | LineLLMMutation(('source.cpp', 22), '#include <iostream>\n#include <cmath>\n#include <cstdint> // Added for uint64_t\n\nusing namespace std;\n\nint main() {\n    long long int n;\n    cin >> n;\n    uint64_t ans = 1; // Changed to uint64_t to handle large numbers\n\n    // Using a more efficient method to calculate factorial modulo 1000000007\n    for (int i = 2; i <= n; i++) {\n        ans = (ans * i) % (1000000007);\n    }\n\n    cout << ans << endl;\n    return 0;\n}') | LineLLMMutation(('source.cpp', 29), '#include <iostream>\n#include <cmath>\n#include <cstdint> // Added for uint64_t\n\nusing namespace std;\n\nint main() {\n    long long int n;\n    cin >> n;\n    uint64_t ans = 1; // Changed to uint64_t to handle large numbers\n\n    // Use an iterative approach with precomputed factorial values to reduce time complexity\n    if (n > 0) {\n        ans = 1; // Initialize ans for factorial computation\n        for (int i = 2; i <= n; i++) {\n            ans = (ans * i) % (1000000007);\n        }\n    }\n\n    cout << ans << endl;\n    return 0;\n}') | LineLLMMutation(('source.cpp', 42), '#include <iostream>\n#include <cmath>\n#include <cstdint> // Added for uint64_t\n\nusing namespace std;\n\nuint64_t factorial_mod(int n, uint64_t mod) {\n    uint64_t result = 1;\n    for (int i = 2; i <= n; i++) {\n        result = (result * i) % mod;\n    }\n    return result;\n}\n\nint main() {\n    long long int n;\n    cin >> n;\n    uint64_t ans = 1; // Changed to uint64_t to handle large numbers\n\n    // Use an iterative approach with a separate function for better readability\n    if (n > 0) {\n        ans = factorial_mod(n, 1000000007);\n    }\n\n    cout << ans << endl;\n    return 0;\n}') | LineLLMMutation(('source.cpp', 73), '#include <iostream>\n#include <cmath>\n#include <cstdint> // Added for uint64_t\n#include <vector>\n\nusing namespace std;\n\nuint64_t factorial_mod(int n, uint64_t mod, vector<uint64_t>& memo) {\n    if (n == 0 || n == 1) return 1;\n    if (memo[n] != 0) return memo[n]; // Return cached result\n    memo[n] = (n * factorial_mod(n - 1, mod, memo)) % mod; // Cache result\n    return memo[n];\n}\n\nint main() {\n    long long int n;\n    cin >> n;\n    uint64_t ans = 1; // Changed to uint64_t to handle large numbers\n    vector<uint64_t> memo(n + 1, 0); // Memoization array\n\n    // Use an iterative approach with a separate function for better readability\n    if (n > 0) {\n        ans = factorial_mod(n, 1000000007, memo);\n    }\n\n    cout << ans << endl;\n    return 0;\n}')"
2025-01-21 00:12:22,981	[DEBUG]	EXEC>  SUCCESS 2612884.8125
2025-01-21 00:12:22,981	[INFO]	7-19    SUCCESS               2612884.81 (97.58%) [3 edit(s)]  
2025-01-21 00:12:22,981	[DEBUG]	patch(7-19)="LineLLMCrossover(('source.cpp', 38), '#include <iostream>\n#include <omp.h>\n#include <cstdint>\n\nusing namespace std;\n\nuint64_t factorial_mod(uint64_t n) {\n    if (n == 0 || n == 1) return 1; // Early return for 0! and 1!\n    \n    const uint64_t MOD = 1000000007;\n    uint64_t ans = 1;\n\n    #pragma omp parallel for\n    for (uint64_t i = 2; i <= n; i++) {\n        ans = (ans * (i % MOD)) % MOD; // Local accumulation\n    }\n    return ans;\n}\n\nint main() {\n    uint64_t n;\n    cin >> n;\n    cout << factorial_mod(n) << endl;\n    return 0;\n}') | LineLLMMutation(('source.cpp', 67), '#include <iostream>\n#include <omp.h>\n#include <cstdint>\n\nusing namespace std;\n\nuint64_t factorial_mod(uint64_t n) {\n    if (n == 0 || n == 1) return 1; // Early return for 0! and 1!\n    \n    const uint64_t MOD = 1000000007;\n    uint64_t ans = 1;\n\n    #pragma omp parallel \n    {\n        uint64_t local_ans = 1; // Local accumulation for each thread\n        #pragma omp for\n        for (uint64_t i = 2; i <= n; i++) {\n            local_ans = (local_ans * (i % MOD)) % MOD; // Use local variable\n        }\n        #pragma omp atomic // Combine results safely\n        ans = (ans * local_ans) % MOD;\n    }\n    return ans;\n}\n\nint main() {\n    uint64_t n;\n    cin >> n;\n    cout << factorial_mod(n) << endl;\n    return 0;\n}') | LineLLMMutation(('source.cpp', 74), '#include <iostream>\n#include <omp.h>\n#include <cstdint>\n\nusing namespace std;\n\nuint64_t factorial_mod(uint64_t n) {\n    if (n == 0 || n == 1) return 1; // Early return for 0! and 1!\n    \n    const uint64_t MOD = 1000000007;\n    uint64_t ans = 1;\n\n    #pragma omp parallel \n    {\n        uint64_t local_ans = 1; // Local accumulation for each thread\n        #pragma omp for reduction(*:local_ans)\n        for (uint64_t i = 2; i <= n; i++) {\n            local_ans = (local_ans * (i % MOD)) % MOD; // Use local variable\n        }\n        #pragma omp atomic // Combine results safely\n        ans = (ans * local_ans) % MOD;\n    }\n    return ans;\n}\n\nint main() {\n    uint64_t n;\n    cin >> n;\n    cout << factorial_mod(n) << endl;\n    return 0;\n}')"
2025-01-21 00:12:23,477	[DEBUG]	EXEC>  SUCCESS 2877453.5
2025-01-21 00:12:23,477	[INFO]	7-20    SUCCESS               2877453.50 (107.46%) [3 edit(s)]  
2025-01-21 00:12:23,477	[DEBUG]	patch(7-20)="LineLLMCrossover(('source.cpp', 39), '#include <iostream>\n#include <cstdint>\n\nusing namespace std;\n\nuint64_t factorial_mod(uint64_t n) {\n    if (n == 0 || n == 1) return 1;\n    uint64_t ans = 1;\n    const uint64_t MOD = 1000000007;\n\n    // Unrolling the loop for optimization with early exit\n    for (uint64_t i = 2; i <= n; i += 2) {\n        ans = (ans * i) % MOD;\n        if (i + 1 <= n) {\n            ans = (ans * (i + 1)) % MOD;\n        }\n    }\n    return ans;\n}\n\nint main() {\n    uint64_t n;\n    cin >> n;\n    cout << factorial_mod(n) << endl;\n    return 0;\n}') | LineLLMMutation(('source.cpp', 63), '#include <iostream>\n#include <cstdint>\n\nusing namespace std;\n\nuint64_t factorial_mod(uint64_t n) {\n    if (n == 0 || n == 1) return 1;\n    uint64_t ans = 1;\n    const uint64_t MOD = 1000000007;\n\n    // Single loop optimization\n    for (uint64_t i = 2; i <= n; ++i) {\n        ans = (ans * i) % MOD;\n    }\n    return ans;\n}\n\nint main() {\n    uint64_t n;\n    cin >> n;\n    cout << factorial_mod(n) << endl;\n    return 0;\n}') | LineLLMMutation(('source.cpp', 75), '#include <iostream>\n#include <cstdint>\n#include <vector>\n\nusing namespace std;\n\nconst uint64_t MOD = 1000000007;\nvector<uint64_t> factorials;\n\nvoid precompute_factorials(uint64_t max_n) {\n    factorials.resize(max_n + 1);\n    factorials[0] = 1;\n    for (uint64_t i = 1; i <= max_n; ++i) {\n        factorials[i] = (factorials[i - 1] * i) % MOD;\n    }\n}\n\nuint64_t factorial_mod(uint64_t n) {\n    if (n < factorials.size()) {\n        return factorials[n];\n    }\n    return 0; // In case of n exceeding the precomputed range\n}\n\nint main() {\n    uint64_t n;\n    cin >> n;\n    precompute_factorials(n); // Precompute factorials up to n\n    cout << factorial_mod(n) << endl;\n    return 0;\n}')"
2025-01-21 00:12:25,003	[DEBUG]	EXEC>  SUCCESS 2768016.375
2025-01-21 00:12:25,003	[INFO]	REF     SUCCESS               2768016.38 (--) [0 edit(s)]  
2025-01-21 00:12:25,454	[DEBUG]	EXEC>  SUCCESS 2623408.6875
2025-01-21 00:12:25,454	[INFO]	BEST    SUCCESS              *2623408.69 (94.78%) [0 edit(s)]  
2025-01-21 00:13:37,145	[DEBUG]	EXEC>  SUCCESS 2627171.625
2025-01-21 00:13:37,145	[INFO]	8-1     SUCCESS              +2627171.62 (94.91%) [1 edit(s)]  
2025-01-21 00:13:37,145	[DEBUG]	patch(8-1)="LineLLMCrossover(('source.cpp', 54), '#include <iostream>\n#include <omp.h>\n#include <cstdint>\n\nusing namespace std;\n\nuint64_t factorial_mod(uint64_t n) {\n    if (n == 0 || n == 1) return 1;\n    uint64_t ans = 1;\n    const uint64_t MOD = 1000000007;\n\n    #pragma omp parallel\n    {\n        uint64_t local_ans = 1; // Local accumulation for each thread\n        #pragma omp for\n        for (uint64_t i = 2; i <= n; i++) {\n            local_ans = (local_ans * i) % MOD; // Calculate local product\n        }\n        #pragma omp atomic // Combine results safely\n        ans = (ans * local_ans) % MOD;\n    }\n    return ans;\n}\n\nint main() {\n    uint64_t n;\n    cin >> n;\n    cout << factorial_mod(n) << endl;\n    return 0;\n}')"
2025-01-21 00:13:37,617	[DEBUG]	EXEC>  SUCCESS 2683752.625
2025-01-21 00:13:37,618	[INFO]	8-2     SUCCESS               2683752.62 (96.96%) [2 edit(s)]  
2025-01-21 00:13:37,618	[DEBUG]	patch(8-2)="LineLLMCrossover(('source.cpp', 34), '#include <iostream>\n#include <cstdint>\n\nusing namespace std;\n\nuint64_t factorial_mod(uint64_t n, uint64_t mod) {\n    if (n == 0 || n == 1) return 1;\n    uint64_t ans = 1;\n\n    for (uint64_t i = 2; i <= n; i++) {\n        ans = (ans * (i % mod)) % mod; // Ensure modular arithmetic\n    }\n    return ans;\n}\n\nint main() {\n    uint64_t n;\n    cin >> n;\n    cout << factorial_mod(n, 1000000007) << endl;\n    return 0;\n}') | LineLLMMutation(('source.cpp', 61), '#include <iostream>\n#include <cstdint>\n\nusing namespace std;\n\nuint64_t factorial_mod(uint64_t n, uint64_t mod) {\n    if (n == 0 || n == 1) return 1;\n    uint64_t ans = 1;\n\n    for (uint64_t i = 2; i <= n; i++) {\n        ans = (ans * i) % mod; // Removed the redundant modulo operation inside multiplication\n    }\n    return ans;\n}\n\nint main() {\n    uint64_t n;\n    cin >> n;\n    cout << factorial_mod(n, 1000000007) << endl;\n    return 0;\n}')"
2025-01-21 00:13:38,162	[DEBUG]	EXEC>  SUCCESS 2681796.625
2025-01-21 00:13:38,162	[INFO]	8-3     SUCCESS               2681796.62 (96.89%) [2 edit(s)]  
2025-01-21 00:13:38,162	[DEBUG]	patch(8-3)="LineLLMCrossover(('source.cpp', 27), '#include <iostream>\n#include <cmath>\n#include <cstdint>\n\nusing namespace std;\n\nuint64_t factorial_mod(uint64_t n) {\n    if (n == 0 || n == 1) return 1;\n    uint64_t ans = 1;\n    const uint64_t MOD = 1000000007;\n\n    for (uint64_t i = 2; i <= n; i++) {\n        ans = (ans * (i % MOD)) % MOD; // Ensure modular arithmetic\n    }\n    return ans;\n}\n\nint main() {\n    uint64_t n;\n    cin >> n;\n    cout << factorial_mod(n) << endl;\n    return 0;\n}') | LineLLMMutation(('source.cpp', 65), '#include <iostream>\n#include <cmath>\n#include <cstdint>\n\nusing namespace std;\n\nuint64_t factorial_mod(uint64_t n) {\n    if (n == 0 || n == 1) return 1;\n    uint64_t ans = 1;\n    const uint64_t MOD = 1000000007;\n\n    for (uint64_t i = 2; i <= n; i++) {\n        ans = (ans * i) % MOD; // Removed the unnecessary modulo operation on i\n    }\n    return ans;\n}\n\nint main() {\n    uint64_t n;\n    cin >> n;\n    cout << factorial_mod(n) << endl;\n    return 0;\n}')"
2025-01-21 00:13:38,697	[DEBUG]	EXEC>  SUCCESS 2673030.6875
2025-01-21 00:13:38,697	[INFO]	8-4     SUCCESS               2673030.69 (96.57%) [3 edit(s)]  
2025-01-21 00:13:38,698	[DEBUG]	patch(8-4)="LineLLMCrossover(('source.cpp', 27), '#include <iostream>\n#include <cmath>\n#include <cstdint>\n\nusing namespace std;\n\nuint64_t factorial_mod(uint64_t n) {\n    if (n == 0 || n == 1) return 1;\n    uint64_t ans = 1;\n    const uint64_t MOD = 1000000007;\n\n    for (uint64_t i = 2; i <= n; i++) {\n        ans = (ans * (i % MOD)) % MOD; // Ensure modular arithmetic\n    }\n    return ans;\n}\n\nint main() {\n    uint64_t n;\n    cin >> n;\n    cout << factorial_mod(n) << endl;\n    return 0;\n}') | LineLLMMutation(('source.cpp', 65), '#include <iostream>\n#include <cmath>\n#include <cstdint>\n\nusing namespace std;\n\nuint64_t factorial_mod(uint64_t n) {\n    if (n == 0 || n == 1) return 1;\n    uint64_t ans = 1;\n    const uint64_t MOD = 1000000007;\n\n    for (uint64_t i = 2; i <= n; i++) {\n        ans = (ans * i) % MOD; // Removed the unnecessary modulo operation on i\n    }\n    return ans;\n}\n\nint main() {\n    uint64_t n;\n    cin >> n;\n    cout << factorial_mod(n) << endl;\n    return 0;\n}') | LineLLMMutation(('source.cpp', 71), '#include <iostream>\n#include <cmath>\n#include <cstdint>\n\nusing namespace std;\n\nuint64_t factorial_mod(uint64_t n) {\n    if (n == 0 || n == 1) return 1;\n    uint64_t ans = 1;\n    const uint64_t MOD = 1000000007;\n\n    // Optimize by calculating factorial directly and avoiding unnecessary multiplications\n    for (uint64_t i = 2; i <= n; i++) {\n        ans = ans * i % MOD; // Keep the modulo operation on the result\n    }\n    return ans;\n}\n\nint main() {\n    uint64_t n;\n    cin >> n;\n    cout << factorial_mod(n) << endl;\n    return 0;\n}')"
2025-01-21 00:13:39,191	[DEBUG]	EXEC>  SUCCESS 2618629.4375
2025-01-21 00:13:39,191	[INFO]	8-5     SUCCESS              *2618629.44 (94.60%) [1 edit(s)]  
2025-01-21 00:13:39,191	[DEBUG]	patch(8-5)="LineLLMCrossover(('source.cpp', 56), '#include <iostream>\n#include <omp.h>\n#include <cstdint>\n\nusing namespace std;\n\nuint64_t factorial_mod(uint64_t n, uint64_t mod) {\n    if (n == 0 || n == 1) return 1;\n    uint64_t ans = 1;\n\n    #pragma omp parallel\n    {\n        uint64_t local_ans = 1; // Local accumulation for each thread\n        #pragma omp for\n        for (uint64_t i = 2; i <= n; i++) {\n            local_ans = (local_ans * (i % mod)) % mod; // Use local variable with modulus\n        }\n        #pragma omp atomic // Combine results safely\n        ans = (ans * local_ans) % mod;\n    }\n    return ans;\n}\n\nint main() {\n    uint64_t n;\n    cin >> n;\n    cout << factorial_mod(n, 1000000007) << endl;\n    return 0;\n}')"

2025-01-21 00:13:39,664	[DEBUG]	EXEC>  SUCCESS 2633400.4375
2025-01-21 00:13:39,664	[INFO]	8-6     SUCCESS               2633400.44 (95.14%) [1 edit(s)]  
2025-01-21 00:13:39,664	[DEBUG]	patch(8-6)="LineLLMCrossover(('source.cpp', 57), '#include <iostream>\n#include <cstdint>\n\nusing namespace std;\n\nuint64_t factorial_mod(uint64_t n, uint64_t mod) {\n    if (n == 0 || n == 1) return 1;\n    uint64_t ans = 1;\n\n    for (uint64_t i = 2; i <= n; i++) {\n        ans = (ans * (i % mod)) % mod; // Use modulo during multiplication\n    }\n    return ans;\n}\n\nint main() {\n    uint64_t n;\n    cin >> n;\n    cout << factorial_mod(n, 1000000007) << endl;\n    return 0;\n}')"
2025-01-21 00:13:40,147	[DEBUG]	EXEC>  SUCCESS 2653081.8125
2025-01-21 00:13:40,148	[INFO]	8-7     SUCCESS               2653081.81 (95.85%) [1 edit(s)]  
2025-01-21 00:13:40,148	[DEBUG]	patch(8-7)="LineLLMCrossover(('source.cpp', 58), '#include <iostream>\n#include <omp.h>\n#include <cstdint>\n\nusing namespace std;\n\nuint64_t factorial_mod(uint64_t n) {\n    if (n == 0 || n == 1) return 1;\n    uint64_t ans = 1;\n    const uint64_t MOD = 1000000007;\n\n    #pragma omp parallel\n    {\n        uint64_t local_ans = 1; // Local accumulation for each thread\n        #pragma omp for\n        for (uint64_t i = 2; i <= n; i++) {\n            local_ans = (local_ans * i) % MOD; // Calculate local product\n        }\n        #pragma omp atomic // Combine results safely\n        ans = (ans * local_ans) % MOD;\n    }\n    return ans;\n}\n\nint main() {\n    uint64_t n;\n    cin >> n;\n    cout << factorial_mod(n) << endl;\n    return 0;\n}')"
2025-01-21 00:13:40,625	[DEBUG]	EXEC>  SUCCESS 2656029.4375
2025-01-21 00:13:40,625	[INFO]	8-8     SUCCESS               2656029.44 (95.95%) [1 edit(s)]  
2025-01-21 00:13:40,625	[DEBUG]	patch(8-8)="LineLLMCrossover(('source.cpp', 59), '#include <iostream>\n#include <cstdint>\n\nusing namespace std;\n\nuint64_t factorial_mod(uint64_t n) {\n    if (n == 0 || n == 1) return 1; // Early return for 0! and 1!\n    uint64_t ans = 1;\n    const uint64_t MOD = 1000000007;\n\n    for (uint64_t i = 2; i <= n; i++) {\n        ans = (ans * i) % MOD; // Efficient multiplication with modulo\n    }\n    return ans;\n}\n\nint main() {\n    uint64_t n;\n    cin >> n;\n    cout << factorial_mod(n) << endl;\n    return 0;\n}')"
2025-01-21 00:13:41,101	[DEBUG]	EXEC>  SUCCESS 2675941.5625
2025-01-21 00:13:41,101	[INFO]	8-9     SUCCESS               2675941.56 (96.67%) [1 edit(s)]  
2025-01-21 00:13:41,101	[DEBUG]	patch(8-9)="LineLLMCrossover(('source.cpp', 60), '#include <iostream>\n#include <omp.h>\n#include <cstdint>\n\nusing namespace std;\n\nuint64_t factorial_mod(uint64_t n) {\n    if (n == 0 || n == 1) return 1;\n    uint64_t ans = 1;\n    const uint64_t MOD = 1000000007;\n\n    #pragma omp parallel\n    {\n        uint64_t local_ans = 1; // Local accumulation for each thread\n        #pragma omp for\n        for (uint64_t i = 2; i <= n; i++) {\n            local_ans = (local_ans * i) % MOD; // Calculate local product\n        }\n        #pragma omp atomic // Combine results safely\n        ans = (ans * local_ans) % MOD;\n    }\n    return ans;\n}\n\nint main() {\n    uint64_t n;\n    cin >> n;\n    cout << factorial_mod(n) << endl;\n    return 0;\n}')"
2025-01-21 00:13:41,595	[DEBUG]	EXEC>  SUCCESS 2676957.875
2025-01-21 00:13:41,595	[INFO]	8-10    SUCCESS               2676957.88 (96.71%) [1 edit(s)]  
2025-01-21 00:13:41,595	[DEBUG]	patch(8-10)="LineLLMCrossover(('source.cpp', 61), '#include <iostream>\n#include <omp.h>\n#include <cstdint>\n\nusing namespace std;\n\nuint64_t factorial_mod(uint64_t n, uint64_t mod) {\n    if (n == 0 || n == 1) return 1;\n    uint64_t ans = 1;\n\n    #pragma omp parallel\n    {\n        uint64_t local_ans = 1; // Local accumulation for each thread\n        #pragma omp for\n        for (uint64_t i = 2; i <= n; i++) {\n            local_ans = (local_ans * (i % mod)) % mod; // Use local variable with modulus\n        }\n        #pragma omp atomic // Combine results safely\n        ans = (ans * local_ans) % mod;\n    }\n    return ans;\n}\n\nint main() {\n    uint64_t n;\n    cin >> n;\n    cout << factorial_mod(n, 1000000007) << endl;\n    return 0;\n}')"
2025-01-21 00:13:42,079	[DEBUG]	EXEC>  SUCCESS 2657784.875
2025-01-21 00:13:42,079	[INFO]	8-11    SUCCESS               2657784.88 (96.02%) [1 edit(s)]  
2025-01-21 00:13:42,079	[DEBUG]	patch(8-11)="LineLLMCrossover(('source.cpp', 62), '#include <iostream>\n#include <omp.h>\n#include <cstdint>\n\nusing namespace std;\n\nuint64_t factorial_mod(uint64_t n, uint64_t mod) {\n    if (n == 0 || n == 1) return 1;\n    uint64_t ans = 1;\n\n    #pragma omp parallel\n    {\n        uint64_t local_ans = 1; // Local accumulation for each thread\n        #pragma omp for\n        for (uint64_t i = 2; i <= n; i++) {\n            local_ans = (local_ans * (i % mod)) % mod; // Use local variable\n        }\n        #pragma omp atomic // Combine results safely\n        ans = (ans * local_ans) % mod;\n    }\n    return ans;\n}\n\nint main() {\n    uint64_t n;\n    cin >> n;\n    cout << factorial_mod(n, 1000000007) << endl;\n    return 0;\n}')"
2025-01-21 00:13:42,571	[DEBUG]	EXEC>  SUCCESS 2650051.75
2025-01-21 00:13:42,572	[INFO]	8-12    SUCCESS               2650051.75 (95.74%) [1 edit(s)]  
2025-01-21 00:13:42,572	[DEBUG]	patch(8-12)="LineLLMCrossover(('source.cpp', 63), '#include <iostream>\n#include <cstdint>\n\nusing namespace std;\n\nuint64_t factorial_mod(uint64_t n) {\n    if (n == 0 || n == 1) return 1; // Early return for 0! and 1!\n    uint64_t ans = 1;\n    const uint64_t MOD = 1000000007;\n\n    for (uint64_t i = 2; i <= n; i++) {\n        ans = (ans * i) % MOD; // Efficient multiplication with modulo\n    }\n    return ans;\n}\n\nint main() {\n    uint64_t n;\n    cin >> n;\n    cout << factorial_mod(n) << endl;\n    return 0;\n}')"
2025-01-21 00:13:43,059	[DEBUG]	EXEC>  SUCCESS 2652011.625
2025-01-21 00:13:43,059	[INFO]	8-13    SUCCESS               2652011.62 (95.81%) [2 edit(s)]  
2025-01-21 00:13:43,059	[DEBUG]	patch(8-13)="LineLLMCrossover(('source.cpp', 54), '#include <iostream>\n#include <omp.h>\n#include <cstdint>\n\nusing namespace std;\n\nuint64_t factorial_mod(uint64_t n) {\n    if (n == 0 || n == 1) return 1;\n    uint64_t ans = 1;\n    const uint64_t MOD = 1000000007;\n\n    #pragma omp parallel\n    {\n        uint64_t local_ans = 1; // Local accumulation for each thread\n        #pragma omp for\n        for (uint64_t i = 2; i <= n; i++) {\n            local_ans = (local_ans * i) % MOD; // Calculate local product\n        }\n        #pragma omp atomic // Combine results safely\n        ans = (ans * local_ans) % MOD;\n    }\n    return ans;\n}\n\nint main() {\n    uint64_t n;\n    cin >> n;\n    cout << factorial_mod(n) << endl;\n    return 0;\n}') | LineLLMMutation(('source.cpp', 76), '#include <iostream>\n#include <omp.h>\n#include <cstdint>\n\nusing namespace std;\n\nuint64_t factorial_mod(uint64_t n) {\n    if (n == 0 || n == 1) return 1;\n    uint64_t ans = 1;\n    const uint64_t MOD = 1000000007;\n\n    #pragma omp parallel \n    {\n        uint64_t local_ans = 1; // Local accumulation for each thread\n        #pragma omp for\n        for (uint64_t i = 2; i <= n; i++) {\n            local_ans = (local_ans * i) % MOD; // Calculate local product\n        }\n        #pragma omp critical // Combine results safely\n        {\n            ans = (ans * local_ans) % MOD;\n        }\n    }\n    return ans;\n}\n\nint main() {\n    uint64_t n;\n    cin >> n;\n    cout << factorial_mod(n) << endl;\n    return 0;\n}')"
2025-01-21 00:13:43,554	[DEBUG]	EXEC>  SUCCESS 2661347.3125
2025-01-21 00:13:43,555	[INFO]	8-14    SUCCESS               2661347.31 (96.15%) [3 edit(s)]  
2025-01-21 00:13:43,555	[DEBUG]	patch(8-14)="LineLLMCrossover(('source.cpp', 34), '#include <iostream>\n#include <cstdint>\n\nusing namespace std;\n\nuint64_t factorial_mod(uint64_t n, uint64_t mod) {\n    if (n == 0 || n == 1) return 1;\n    uint64_t ans = 1;\n\n    for (uint64_t i = 2; i <= n; i++) {\n        ans = (ans * (i % mod)) % mod; // Ensure modular arithmetic\n    }\n    return ans;\n}\n\nint main() {\n    uint64_t n;\n    cin >> n;\n    cout << factorial_mod(n, 1000000007) << endl;\n    return 0;\n}') | LineLLMMutation(('source.cpp', 61), '#include <iostream>\n#include <cstdint>\n\nusing namespace std;\n\nuint64_t factorial_mod(uint64_t n, uint64_t mod) {\n    if (n == 0 || n == 1) return 1;\n    uint64_t ans = 1;\n\n    for (uint64_t i = 2; i <= n; i++) {\n        ans = (ans * i) % mod; // Removed the redundant modulo operation inside multiplication\n    }\n    return ans;\n}\n\nint main() {\n    uint64_t n;\n    cin >> n;\n    cout << factorial_mod(n, 1000000007) << endl;\n    return 0;\n}') | LineLLMMutation(('source.cpp', 77), '#include <iostream>\n#include <cstdint>\n\nusing namespace std;\n\nuint64_t factorial_mod(uint64_t n, uint64_t mod) {\n    if (n == 0 || n == 1) return 1;\n    uint64_t ans = 1;\n\n    for (uint64_t i = 2; i <= n; i++) {\n        ans = (ans * i) % mod; // Efficiently compute factorial with modulo\n    }\n    return ans;\n}\n\nint main() {\n    uint64_t n;\n    cin >> n;\n    cout << factorial_mod(n, 1000000007) << endl;\n    return 0;\n}')"
2025-01-21 00:13:44,116	[DEBUG]	EXEC>  SUCCESS 2690324.0625
2025-01-21 00:13:44,116	[INFO]	8-15    SUCCESS               2690324.06 (97.19%) [3 edit(s)]  
2025-01-21 00:13:44,116	[DEBUG]	patch(8-15)="LineLLMCrossover(('source.cpp', 27), '#include <iostream>\n#include <cmath>\n#include <cstdint>\n\nusing namespace std;\n\nuint64_t factorial_mod(uint64_t n) {\n    if (n == 0 || n == 1) return 1;\n    uint64_t ans = 1;\n    const uint64_t MOD = 1000000007;\n\n    for (uint64_t i = 2; i <= n; i++) {\n        ans = (ans * (i % MOD)) % MOD; // Ensure modular arithmetic\n    }\n    return ans;\n}\n\nint main() {\n    uint64_t n;\n    cin >> n;\n    cout << factorial_mod(n) << endl;\n    return 0;\n}') | LineLLMMutation(('source.cpp', 65), '#include <iostream>\n#include <cmath>\n#include <cstdint>\n\nusing namespace std;\n\nuint64_t factorial_mod(uint64_t n) {\n    if (n == 0 || n == 1) return 1;\n    uint64_t ans = 1;\n    const uint64_t MOD = 1000000007;\n\n    for (uint64_t i = 2; i <= n; i++) {\n        ans = (ans * i) % MOD; // Removed the unnecessary modulo operation on i\n    }\n    return ans;\n}\n\nint main() {\n    uint64_t n;\n    cin >> n;\n    cout << factorial_mod(n) << endl;\n    return 0;\n}') | LineLLMMutation(('source.cpp', 78), '#include <iostream>\n#include <cmath>\n#include <cstdint>\n\nusing namespace std;\n\nuint64_t factorial_mod(uint64_t n) {\n    if (n == 0 || n == 1) return 1;\n    uint64_t ans = 1;\n    const uint64_t MOD = 1000000007;\n\n    for (uint64_t i = 2; i <= n; i++) {\n        ans = (ans * i) % MOD; // Retaining the modulo operation on ans\n    }\n    return ans;\n}\n\nint main() {\n    uint64_t n;\n    cin >> n;\n    cout << factorial_mod(n) << endl;\n    return 0;\n}')"
2025-01-21 00:13:44,692	[DEBUG]	EXEC>  SUCCESS 2680459.3125
2025-01-21 00:13:44,692	[INFO]	8-16    SUCCESS               2680459.31 (96.84%) [4 edit(s)]  
2025-01-21 00:13:44,692	[DEBUG]	patch(8-16)="LineLLMCrossover(('source.cpp', 27), '#include <iostream>\n#include <cmath>\n#include <cstdint>\n\nusing namespace std;\n\nuint64_t factorial_mod(uint64_t n) {\n    if (n == 0 || n == 1) return 1;\n    uint64_t ans = 1;\n    const uint64_t MOD = 1000000007;\n\n    for (uint64_t i = 2; i <= n; i++) {\n        ans = (ans * (i % MOD)) % MOD; // Ensure modular arithmetic\n    }\n    return ans;\n}\n\nint main() {\n    uint64_t n;\n    cin >> n;\n    cout << factorial_mod(n) << endl;\n    return 0;\n}') | LineLLMMutation(('source.cpp', 65), '#include <iostream>\n#include <cmath>\n#include <cstdint>\n\nusing namespace std;\n\nuint64_t factorial_mod(uint64_t n) {\n    if (n == 0 || n == 1) return 1;\n    uint64_t ans = 1;\n    const uint64_t MOD = 1000000007;\n\n    for (uint64_t i = 2; i <= n; i++) {\n        ans = (ans * i) % MOD; // Removed the unnecessary modulo operation on i\n    }\n    return ans;\n}\n\nint main() {\n    uint64_t n;\n    cin >> n;\n    cout << factorial_mod(n) << endl;\n    return 0;\n}') | LineLLMMutation(('source.cpp', 71), '#include <iostream>\n#include <cmath>\n#include <cstdint>\n\nusing namespace std;\n\nuint64_t factorial_mod(uint64_t n) {\n    if (n == 0 || n == 1) return 1;\n    uint64_t ans = 1;\n    const uint64_t MOD = 1000000007;\n\n    // Optimize by calculating factorial directly and avoiding unnecessary multiplications\n    for (uint64_t i = 2; i <= n; i++) {\n        ans = ans * i % MOD; // Keep the modulo operation on the result\n    }\n    return ans;\n}\n\nint main() {\n    uint64_t n;\n    cin >> n;\n    cout << factorial_mod(n) << endl;\n    return 0;\n}') | LineLLMMutation(('source.cpp', 79), '#include <iostream>\n#include <cmath>\n#include <cstdint>\n\nusing namespace std;\n\nuint64_t factorial_mod(uint64_t n) {\n    if (n == 0 || n == 1) return 1;\n    uint64_t ans = 1;\n    const uint64_t MOD = 1000000007;\n\n    // Use a more efficient calculation by reducing the number of multiplications\n    for (uint64_t i = 2; i <= n; i++) {\n        ans = (ans * i) % MOD; // Keep the modulo operation to prevent overflow\n    }\n    return ans;\n}\n\nint main() {\n    uint64_t n;\n    cin >> n;\n    cout << factorial_mod(n) << endl;\n    return 0;\n}')"
2025-01-21 00:13:45,203	[DEBUG]	EXEC>  SUCCESS 2702162.3125
2025-01-21 00:13:45,204	[INFO]	8-17    SUCCESS               2702162.31 (97.62%) [2 edit(s)]  
2025-01-21 00:13:45,204	[DEBUG]	patch(8-17)="LineLLMCrossover(('source.cpp', 55), '#include <iostream>\n#include <cstdint>\n\nusing namespace std;\n\nuint64_t factorial_mod(uint64_t n, uint64_t mod) {\n    if (n == 0 || n == 1) return 1;\n    uint64_t ans = 1;\n\n    for (uint64_t i = 2; i <= n; i++) {\n        ans = (ans * (i % mod)) % mod; // Use modulo during multiplication\n    }\n    return ans;\n}\n\nint main() {\n    uint64_t n;\n    cin >> n;\n    cout << factorial_mod(n, 1000000007) << endl;\n    return 0;\n}') | LineLLMMutation(('source.cpp', 80), '#include <iostream>\n#include <cstdint>\n\nusing namespace std;\n\nuint64_t factorial_mod(uint64_t n, uint64_t mod) {\n    if (n == 0 || n == 1) return 1;\n    uint64_t ans = 1;\n\n    for (uint64_t i = 2; i <= n; i++) {\n        ans = (ans * i) % mod; // Removed the modulo from (i % mod) since i is always less than mod in this context\n    }\n    return ans;\n}\n\nint main() {\n    uint64_t n;\n    cin >> n;\n    cout << factorial_mod(n, 1000000007) << endl;\n    return 0;\n}')"
2025-01-21 00:13:45,730	[DEBUG]	EXEC>  SUCCESS 2713519.6875
2025-01-21 00:13:45,730	[INFO]	8-18    SUCCESS               2713519.69 (98.03%) [2 edit(s)]  
2025-01-21 00:13:45,730	[DEBUG]	patch(8-18)="LineLLMCrossover(('source.cpp', 49), '#include <iostream>\n#include <omp.h>\n#include <cstdint>\n\nusing namespace std;\n\nuint64_t factorial_mod(uint64_t n, uint64_t mod) {\n    if (n == 0 || n == 1) return 1; // Early return for 0! and 1!\n    uint64_t ans = 1;\n\n    #pragma omp parallel\n    {\n        uint64_t local_ans = 1; // Local accumulation for each thread\n        #pragma omp for\n        for (uint64_t i = 2; i <= n; i++) {\n            local_ans = (local_ans * (i % mod)) % mod; // Use local variable\n        }\n        #pragma omp atomic // Combine results safely\n        ans = (ans * local_ans) % mod;\n    }\n    return ans;\n}\n\nint main() {\n    uint64_t n;\n    cin >> n;\n    cout << factorial_mod(n, 1000000007) << endl;\n    return 0;\n}') | LineLLMMutation(('source.cpp', 81), '#include <iostream>\n#include <omp.h>\n#include <cstdint>\n\nusing namespace std;\n\nuint64_t factorial_mod(uint64_t n, uint64_t mod) {\n    if (n == 0 || n == 1) return 1; // Early return for 0! and 1!\n    uint64_t ans = 1;\n\n    #pragma omp parallel\n    {\n        uint64_t local_ans = 1; // Local accumulation for each thread\n        #pragma omp for\n        for (uint64_t i = 2; i <= n; i++) {\n            local_ans = (local_ans * (i % mod)) % mod; // Use local variable\n        }\n        #pragma omp critical // Combine results safely\n        ans = (ans * local_ans) % mod; // Use critical section for safe updates\n    }\n    return ans;\n}\n\nint main() {\n    uint64_t n;\n    cin >> n;\n    cout << factorial_mod(n, 1000000007) << endl;\n    return 0;\n}')"
2025-01-21 00:13:46,072	[INFO]	8-19    TEST_CODE_ERROR       None (--) [3 edit(s)]  
2025-01-21 00:13:46,072	[DEBUG]	patch(8-19)="LineLLMCrossover(('source.cpp', 41), '#include <iostream>\n#include <cstdint>\n\nusing namespace std;\n\nuint64_t factorial_mod(uint64_t n, uint64_t mod) {\n    if (n == 0 || n == 1) return 1;\n    uint64_t ans = 1;\n\n    for (uint64_t i = 2; i <= n; i++) {\n        ans = (ans * (i % mod)) % mod; \n    }\n    return ans;\n}\n\nint main() {\n    uint64_t n;\n    cin >> n;\n    cout << factorial_mod(n, 1000000007) << endl;\n    return 0;\n}') | LineLLMMutation(('source.cpp', 72), '#include <iostream>\n#include <cstdint>\n\nusing namespace std;\n\nuint64_t factorial_mod(uint64_t n, uint64_t mod) {\n    if (n == 0 || n == 1) return 1;\n    uint64_t ans = 1;\n\n    // Optimize the loop to avoid unnecessary modulus operations\n    for (uint64_t i = 2; i <= n; i++) {\n        ans = (ans * i) % mod; \n    }\n    return ans;\n}\n\nint main() {\n    uint64_t n;\n    cin >> n;\n    cout << factorial_mod(n, 1000000007) << endl;\n    return 0;\n}') | LineLLMMutation(('source.cpp', 82), '#include <iostream>\n#include <cstdint>\n\nusing namespace std;\n\nuint64_t factorial_mod(uint64_t n, uint64_t mod) {\n    if (n == 0 || n == 1) return 1;\n    uint64_t ans = 1;\n\n    // Instead of taking modulus on every iteration, we can take it after the loop\n    // This reduces the number of modulus operations significantly for large n\n    for (uint64_t i = 2; i <= n; i++) {\n        ans *= i; \n    }\n    return ans % mod; // Only take modulus once\n}\n\nint main() {\n    uint64_t n;\n    cin >> n;\n    cout << factorial_mod(n, 1000000007) << endl;\n    return 0;\n}')"
2025-01-21 00:13:46,423	[INFO]	8-20    TEST_CODE_ERROR       None (--) [2 edit(s)]  
2025-01-21 00:13:46,423	[DEBUG]	patch(8-20)="LineLLMCrossover(('source.cpp', 50), '#include <iostream>\n#include <cstdint>\n\nusing namespace std;\n\nuint64_t factorial_mod(uint64_t n) {\n    if (n == 0 || n == 1) return 1; // Early return for 0! and 1!\n    uint64_t ans = 1;\n    const uint64_t MOD = 1000000007;\n\n    for (uint64_t i = 2; i <= n; i++) {\n        ans = (ans * i) % MOD; // Efficient multiplication with modulo\n    }\n    return ans;\n}\n\nint main() {\n    long long int n;\n    cin >> n;\n    uint64_t ans = 1; // Changed to uint64_t to correctly handle large numbers\n\n    // Use an iterative approach\n    if (n > 0) {\n        ans = factorial_mod(n);\n    }\n\n    cout << ans << endl;\n    return 0;\n}') | LineLLMMutation(('source.cpp', 83), '#include <iostream>\n#include <cstdint>\n\nusing namespace std;\n\nuint64_t modular_exponentiation(uint64_t base, uint64_t exp, uint64_t mod) {\n    uint64_t result = 1;\n    while (exp > 0) {\n        if (exp % 2 == 1) {\n            result = (result * base) % mod;\n        }\n        base = (base * base) % mod;\n        exp /= 2;\n    }\n    return result;\n}\n\nuint64_t factorial_mod(uint64_t n) {\n    if (n == 0 || n == 1) return 1; // Early return for 0! and 1!\n    const uint64_t MOD = 1000000007;\n    return modular_exponentiation(n, n - 1, MOD); // Using modular exponentiation for optimization\n}\n\nint main() {\n    long long int n;\n    cin >> n;\n    uint64_t ans = 1; // Changed to uint64_t to correctly handle large numbers\n\n    // Use an iterative approach\n    if (n > 0) {\n        ans = factorial_mod(n);\n    }\n\n    cout << ans << endl;\n    return 0;\n}')"
2025-01-21 00:13:48,022	[DEBUG]	EXEC>  SUCCESS 2779504.625
2025-01-21 00:13:48,023	[INFO]	REF     SUCCESS               2779504.62 (--) [0 edit(s)]  
2025-01-21 00:13:48,546	[DEBUG]	EXEC>  SUCCESS 2808982.6875
2025-01-21 00:13:48,547	[INFO]	BEST    SUCCESS               2808982.69 (101.06%) [0 edit(s)]  
2025-01-21 00:14:52,865	[DEBUG]	EXEC>  SUCCESS 2603573.5
2025-01-21 00:14:52,866	[INFO]	9-1     SUCCESS              *2603573.50 (93.67%) [1 edit(s)]  
2025-01-21 00:14:52,866	[DEBUG]	patch(9-1)="LineLLMCrossover(('source.cpp', 56), '#include <iostream>\n#include <omp.h>\n#include <cstdint>\n\nusing namespace std;\n\nuint64_t factorial_mod(uint64_t n, uint64_t mod) {\n    if (n == 0 || n == 1) return 1;\n    uint64_t ans = 1;\n\n    #pragma omp parallel\n    {\n        uint64_t local_ans = 1; // Local accumulation for each thread\n        #pragma omp for\n        for (uint64_t i = 2; i <= n; i++) {\n            local_ans = (local_ans * (i % mod)) % mod; // Use local variable with modulus\n        }\n        #pragma omp atomic // Combine results safely\n        ans = (ans * local_ans) % mod;\n    }\n    return ans;\n}\n\nint main() {\n    uint64_t n;\n    cin >> n;\n    cout << factorial_mod(n, 1000000007) << endl;\n    return 0;\n}')"

2025-01-21 00:14:53,318	[DEBUG]	EXEC>  SUCCESS 2637123.125
2025-01-21 00:14:53,318	[INFO]	9-2     SUCCESS               2637123.12 (94.88%) [1 edit(s)]  
2025-01-21 00:14:53,319	[DEBUG]	patch(9-2)="LineLLMCrossover(('source.cpp', 54), '#include <iostream>\n#include <omp.h>\n#include <cstdint>\n\nusing namespace std;\n\nuint64_t factorial_mod(uint64_t n) {\n    if (n == 0 || n == 1) return 1;\n    uint64_t ans = 1;\n    const uint64_t MOD = 1000000007;\n\n    #pragma omp parallel\n    {\n        uint64_t local_ans = 1; // Local accumulation for each thread\n        #pragma omp for\n        for (uint64_t i = 2; i <= n; i++) {\n            local_ans = (local_ans * i) % MOD; // Calculate local product\n        }\n        #pragma omp atomic // Combine results safely\n        ans = (ans * local_ans) % MOD;\n    }\n    return ans;\n}\n\nint main() {\n    uint64_t n;\n    cin >> n;\n    cout << factorial_mod(n) << endl;\n    return 0;\n}')"
2025-01-21 00:14:53,778	[DEBUG]	EXEC>  SUCCESS 2615681.0625
2025-01-21 00:14:53,779	[INFO]	9-3     SUCCESS               2615681.06 (94.11%) [1 edit(s)]  
2025-01-21 00:14:53,779	[DEBUG]	patch(9-3)="LineLLMCrossover(('source.cpp', 57), '#include <iostream>\n#include <cstdint>\n\nusing namespace std;\n\nuint64_t factorial_mod(uint64_t n, uint64_t mod) {\n    if (n == 0 || n == 1) return 1;\n    uint64_t ans = 1;\n\n    for (uint64_t i = 2; i <= n; i++) {\n        ans = (ans * (i % mod)) % mod; // Use modulo during multiplication\n    }\n    return ans;\n}\n\nint main() {\n    uint64_t n;\n    cin >> n;\n    cout << factorial_mod(n, 1000000007) << endl;\n    return 0;\n}')"
2025-01-21 00:14:54,227	[DEBUG]	EXEC>  SUCCESS 2643419.4375
2025-01-21 00:14:54,227	[INFO]	9-4     SUCCESS               2643419.44 (95.10%) [1 edit(s)]  
2025-01-21 00:14:54,227	[DEBUG]	patch(9-4)="LineLLMCrossover(('source.cpp', 63), '#include <iostream>\n#include <cstdint>\n\nusing namespace std;\n\nuint64_t factorial_mod(uint64_t n) {\n    if (n == 0 || n == 1) return 1; // Early return for 0! and 1!\n    uint64_t ans = 1;\n    const uint64_t MOD = 1000000007;\n\n    for (uint64_t i = 2; i <= n; i++) {\n        ans = (ans * i) % MOD; // Efficient multiplication with modulo\n    }\n    return ans;\n}\n\nint main() {\n    uint64_t n;\n    cin >> n;\n    cout << factorial_mod(n) << endl;\n    return 0;\n}')"
2025-01-21 00:14:54,675	[DEBUG]	EXEC>  SUCCESS 2603569.4375
2025-01-21 00:14:54,676	[INFO]	9-5     SUCCESS              *2603569.44 (93.67%) [1 edit(s)]  
2025-01-21 00:14:54,676	[DEBUG]	patch(9-5)="LineLLMCrossover(('source.cpp', 64), '#include <iostream>\n#include <omp.h>\n#include <cstdint>\n\nusing namespace std;\n\nuint64_t factorial_mod(uint64_t n) {\n    if (n == 0 || n == 1) return 1; // Early return for 0! and 1!\n    uint64_t ans = 1;\n    const uint64_t MOD = 1000000007;\n\n    #pragma omp parallel\n    {\n        uint64_t local_ans = 1; // Local accumulation for each thread\n        #pragma omp for\n        for (uint64_t i = 2; i <= n; i++) {\n            local_ans = (local_ans * i) % MOD; // Efficient multiplication with modulo\n        }\n        #pragma omp atomic // Combine results safely\n        ans = (ans * local_ans) % MOD;\n    }\n    return ans;\n}\n\nint main() {\n    uint64_t n;\n    cin >> n;\n    cout << factorial_mod(n) << endl;\n    return 0;\n}')"

2025-01-21 00:14:55,132	[DEBUG]	EXEC>  SUCCESS 2626047.3125
2025-01-21 00:14:55,132	[INFO]	9-6     SUCCESS               2626047.31 (94.48%) [1 edit(s)]  
2025-01-21 00:14:55,132	[DEBUG]	patch(9-6)="LineLLMCrossover(('source.cpp', 65), '#include <iostream>\n#include <omp.h>\n#include <cstdint>\n\nusing namespace std;\n\nuint64_t factorial_mod(uint64_t n) {\n    if (n == 0 || n == 1) return 1; // Early return for 0! and 1!\n    uint64_t ans = 1;\n    const uint64_t MOD = 1000000007;\n\n    #pragma omp parallel \n    {\n        uint64_t local_ans = 1; // Local accumulation for each thread\n        #pragma omp for\n        for (uint64_t i = 2; i <= n; i++) {\n            local_ans = (local_ans * i) % MOD; // Calculate local product\n        }\n        #pragma omp critical // Combine results safely\n        {\n            ans = (ans * local_ans) % MOD;\n        }\n    }\n    return ans;\n}\n\nint main() {\n    uint64_t n;\n    cin >> n;\n    cout << factorial_mod(n) << endl;\n    return 0;\n}')"
2025-01-21 00:14:55,581	[DEBUG]	EXEC>  SUCCESS 2597235.375
2025-01-21 00:14:55,581	[INFO]	9-7     SUCCESS              *2597235.38 (93.44%) [1 edit(s)]  
2025-01-21 00:14:55,581	[DEBUG]	patch(9-7)="LineLLMCrossover(('source.cpp', 66), '#include <iostream>\n#include <omp.h>\n#include <cstdint>\n\nusing namespace std;\n\nuint64_t factorial_mod(uint64_t n, uint64_t mod) {\n    if (n == 0 || n == 1) return 1;\n    uint64_t ans = 1;\n\n    #pragma omp parallel\n    {\n        uint64_t local_ans = 1; // Local accumulation for each thread\n        #pragma omp for\n        for (uint64_t i = 2; i <= n; i++) {\n            local_ans = (local_ans * (i % mod)) % mod; // Use local variable with modulus\n        }\n        #pragma omp atomic // Combine results safely\n        ans = (ans * local_ans) % mod;\n    }\n    return ans;\n}\n\nint main() {\n    uint64_t n;\n    cin >> n;\n    cout << factorial_mod(n, 1000000007) << endl;\n    return 0;\n}')"

2025-01-21 00:14:56,041	[DEBUG]	EXEC>  SUCCESS 2593940.0
2025-01-21 00:14:56,041	[INFO]	9-8     SUCCESS              *2593940.00 (93.32%) [1 edit(s)]  
2025-01-21 00:14:56,041	[DEBUG]	patch(9-8)="LineLLMCrossover(('source.cpp', 67), '#include <iostream>\n#include <omp.h>\n#include <cstdint>\n\nusing namespace std;\n\nuint64_t factorial_mod(uint64_t n, uint64_t mod) {\n    if (n == 0 || n == 1) return 1;\n    uint64_t ans = 1;\n\n    #pragma omp parallel \n    {\n        uint64_t local_ans = 1; // Local accumulation for each thread\n        #pragma omp for\n        for (uint64_t i = 2; i <= n; i++) {\n            local_ans = (local_ans * (i % mod)) % mod; // Use local variable with modulus\n        }\n        #pragma omp critical // Combine results safely\n        {\n            ans = (ans * local_ans) % mod;\n        }\n    }\n    return ans;\n}\n\nint main() {\n    uint64_t n;\n    cin >> n;\n    cout << factorial_mod(n, 1000000007) << endl;\n    return 0;\n}')"

2025-01-21 00:14:56,492	[DEBUG]	EXEC>  SUCCESS 2601120.75
2025-01-21 00:14:56,492	[INFO]	9-9     SUCCESS               2601120.75 (93.58%) [1 edit(s)]  
2025-01-21 00:14:56,492	[DEBUG]	patch(9-9)="LineLLMCrossover(('source.cpp', 68), '#include <iostream>\n#include <omp.h>\n#include <cstdint>\n\nusing namespace std;\n\nuint64_t factorial_mod(uint64_t n) {\n    if (n == 0 || n == 1) return 1; // Early return for 0! and 1!\n    uint64_t ans = 1;\n    const uint64_t MOD = 1000000007;\n\n    #pragma omp parallel\n    {\n        uint64_t local_ans = 1; // Local accumulation for each thread\n        #pragma omp for\n        for (uint64_t i = 2; i <= n; i++) {\n            local_ans = (local_ans * i) % MOD; // Efficient multiplication with modulus\n        }\n        #pragma omp atomic // Combine results safely\n        ans = (ans * local_ans) % MOD;\n    }\n    return ans;\n}\n\nint main() {\n    uint64_t n;\n    cin >> n;\n    cout << factorial_mod(n) << endl;\n    return 0;\n}')"
2025-01-21 00:14:56,950	[DEBUG]	EXEC>  SUCCESS 2637194.4375
2025-01-21 00:14:56,950	[INFO]	9-10    SUCCESS               2637194.44 (94.88%) [1 edit(s)]  
2025-01-21 00:14:56,950	[DEBUG]	patch(9-10)="LineLLMCrossover(('source.cpp', 69), '#include <iostream>\n#include <omp.h>\n#include <cstdint>\n\nusing namespace std;\n\nuint64_t factorial_mod(uint64_t n, uint64_t mod) {\n    if (n == 0 || n == 1) return 1;\n    uint64_t ans = 1;\n\n    #pragma omp parallel\n    {\n        uint64_t local_ans = 1; // Local accumulation for each thread\n        #pragma omp for\n        for (uint64_t i = 2; i <= n; i++) {\n            local_ans = (local_ans * (i % mod)) % mod; // Use local variable\n        }\n        #pragma omp atomic // Combine results safely\n        ans = (ans * local_ans) % mod;\n    }\n    return ans;\n}\n\nint main() {\n    uint64_t n;\n    cin >> n;\n    cout << factorial_mod(n, 1000000007) << endl;\n    return 0;\n}')"
2025-01-21 00:14:57,401	[DEBUG]	EXEC>  SUCCESS 2616626.25
2025-01-21 00:14:57,401	[INFO]	9-11    SUCCESS               2616626.25 (94.14%) [1 edit(s)]  
2025-01-21 00:14:57,401	[DEBUG]	patch(9-11)="LineLLMCrossover(('source.cpp', 70), '#include <iostream>\n#include <omp.h>\n#include <cstdint>\n\nusing namespace std;\n\nuint64_t factorial_mod(uint64_t n) {\n    if (n == 0 || n == 1) return 1; // Early return for 0! and 1!\n    uint64_t ans = 1;\n    const uint64_t MOD = 1000000007;\n\n    #pragma omp parallel\n    {\n        uint64_t local_ans = 1; // Local accumulation for each thread\n        #pragma omp for\n        for (uint64_t i = 2; i <= n; i++) {\n            local_ans = (local_ans * i) % MOD; // Efficient multiplication with modulus\n        }\n        #pragma omp atomic // Combine results safely\n        ans = (ans * local_ans) % MOD;\n    }\n    return ans;\n}\n\nint main() {\n    uint64_t n;\n    cin >> n;\n    cout << factorial_mod(n) << endl;\n    return 0;\n}')"
2025-01-21 00:14:57,853	[DEBUG]	EXEC>  SUCCESS 2607391.75
2025-01-21 00:14:57,853	[INFO]	9-12    SUCCESS               2607391.75 (93.81%) [1 edit(s)]  
2025-01-21 00:14:57,853	[DEBUG]	patch(9-12)="LineLLMCrossover(('source.cpp', 71), '#include <iostream>\n#include <omp.h>\n#include <cstdint>\n\nusing namespace std;\n\nuint64_t factorial_mod(uint64_t n) {\n    if (n == 0 || n == 1) return 1;\n    uint64_t ans = 1;\n    const uint64_t MOD = 1000000007;\n\n    #pragma omp parallel \n    {\n        uint64_t local_ans = 1; // Local accumulation for each thread\n        #pragma omp for\n        for (uint64_t i = 2; i <= n; i++) {\n            local_ans = (local_ans * (i % MOD)) % MOD; // Use local variable with modulus\n        }\n        #pragma omp critical // Combine results safely\n        {\n            ans = (ans * local_ans) % MOD;\n        }\n    }\n    return ans;\n}\n\nint main() {\n    uint64_t n;\n    cin >> n;\n    cout << factorial_mod(n) << endl;\n    return 0;\n}')"
2025-01-21 00:14:58,308	[DEBUG]	EXEC>  SUCCESS 2617254.3125
2025-01-21 00:14:58,309	[INFO]	9-13    SUCCESS               2617254.31 (94.16%) [2 edit(s)]  
2025-01-21 00:14:58,309	[DEBUG]	patch(9-13)="LineLLMCrossover(('source.cpp', 56), '#include <iostream>\n#include <omp.h>\n#include <cstdint>\n\nusing namespace std;\n\nuint64_t factorial_mod(uint64_t n, uint64_t mod) {\n    if (n == 0 || n == 1) return 1;\n    uint64_t ans = 1;\n\n    #pragma omp parallel\n    {\n        uint64_t local_ans = 1; // Local accumulation for each thread\n        #pragma omp for\n        for (uint64_t i = 2; i <= n; i++) {\n            local_ans = (local_ans * (i % mod)) % mod; // Use local variable with modulus\n        }\n        #pragma omp atomic // Combine results safely\n        ans = (ans * local_ans) % mod;\n    }\n    return ans;\n}\n\nint main() {\n    uint64_t n;\n    cin >> n;\n    cout << factorial_mod(n, 1000000007) << endl;\n    return 0;\n}') | LineLLMMutation(('source.cpp', 84), '#include <iostream>\n#include <omp.h>\n#include <cstdint>\n\nusing namespace std;\n\nuint64_t factorial_mod(uint64_t n, uint64_t mod) {\n    if (n == 0 || n == 1) return 1;\n    uint64_t ans = 1;\n\n    #pragma omp parallel \n    {\n        uint64_t local_ans = 1; // Local accumulation for each thread\n        #pragma omp for\n        for (uint64_t i = 2; i <= n; i++) {\n            local_ans = (local_ans * (i % mod)) % mod; // Use local variable with modulus\n        }\n        #pragma omp critical // Combine results safely\n        ans = (ans * local_ans) % mod; // Changed to critical section\n    }\n    return ans;\n}\n\nint main() {\n    uint64_t n;\n    cin >> n;\n    cout << factorial_mod(n, 1000000007) << endl;\n    return 0;\n}')"
2025-01-21 00:14:58,757	[DEBUG]	EXEC>  SUCCESS 2600330.9375
2025-01-21 00:14:58,758	[INFO]	9-14    SUCCESS               2600330.94 (93.55%) [2 edit(s)]  
2025-01-21 00:14:58,758	[DEBUG]	patch(9-14)="LineLLMCrossover(('source.cpp', 54), '#include <iostream>\n#include <omp.h>\n#include <cstdint>\n\nusing namespace std;\n\nuint64_t factorial_mod(uint64_t n) {\n    if (n == 0 || n == 1) return 1;\n    uint64_t ans = 1;\n    const uint64_t MOD = 1000000007;\n\n    #pragma omp parallel\n    {\n        uint64_t local_ans = 1; // Local accumulation for each thread\n        #pragma omp for\n        for (uint64_t i = 2; i <= n; i++) {\n            local_ans = (local_ans * i) % MOD; // Calculate local product\n        }\n        #pragma omp atomic // Combine results safely\n        ans = (ans * local_ans) % MOD;\n    }\n    return ans;\n}\n\nint main() {\n    uint64_t n;\n    cin >> n;\n    cout << factorial_mod(n) << endl;\n    return 0;\n}') | LineLLMMutation(('source.cpp', 85), '#include <iostream>\n#include <omp.h>\n#include <cstdint>\n\nusing namespace std;\n\nuint64_t factorial_mod(uint64_t n) {\n    if (n == 0 || n == 1) return 1;\n    uint64_t ans = 1;\n    const uint64_t MOD = 1000000007;\n\n    #pragma omp parallel\n    {\n        uint64_t local_ans = 1; // Local accumulation for each thread\n        #pragma omp for\n        for (uint64_t i = 2; i <= n; i++) {\n            local_ans = (local_ans * i) % MOD; // Calculate local product\n        }\n        \n        #pragma omp critical // Combine results safely\n        {\n            ans = (ans * local_ans) % MOD;\n        }\n    }\n    return ans;\n}\n\nint main() {\n    uint64_t n;\n    cin >> n;\n    cout << factorial_mod(n) << endl;\n    return 0;\n}')"
2025-01-21 00:14:59,206	[DEBUG]	EXEC>  SUCCESS 2613556.5625
2025-01-21 00:14:59,207	[INFO]	9-15    SUCCESS               2613556.56 (94.03%) [2 edit(s)]  
2025-01-21 00:14:59,207	[DEBUG]	patch(9-15)="LineLLMCrossover(('source.cpp', 57), '#include <iostream>\n#include <cstdint>\n\nusing namespace std;\n\nuint64_t factorial_mod(uint64_t n, uint64_t mod) {\n    if (n == 0 || n == 1) return 1;\n    uint64_t ans = 1;\n\n    for (uint64_t i = 2; i <= n; i++) {\n        ans = (ans * (i % mod)) % mod; // Use modulo during multiplication\n    }\n    return ans;\n}\n\nint main() {\n    uint64_t n;\n    cin >> n;\n    cout << factorial_mod(n, 1000000007) << endl;\n    return 0;\n}') | LineLLMMutation(('source.cpp', 86), '#include <iostream>\n#include <cstdint>\n\nusing namespace std;\n\nuint64_t factorial_mod(uint64_t n, uint64_t mod) {\n    if (n == 0 || n == 1) return 1;\n    uint64_t ans = 1;\n\n    for (uint64_t i = 2; i <= n; i++) {\n        uint64_t current = i % mod; // Precompute i % mod\n        ans = (ans * current) % mod; // Use precomputed value\n    }\n    return ans;\n}\n\nint main() {\n    uint64_t n;\n    cin >> n;\n    cout << factorial_mod(n, 1000000007) << endl;\n    return 0;\n}')"
2025-01-21 00:14:59,708	[DEBUG]	EXEC>  SUCCESS 2873444.125
2025-01-21 00:14:59,708	[INFO]	9-16    SUCCESS               2873444.12 (103.38%) [2 edit(s)]  
2025-01-21 00:14:59,708	[DEBUG]	patch(9-16)="LineLLMCrossover(('source.cpp', 63), '#include <iostream>\n#include <cstdint>\n\nusing namespace std;\n\nuint64_t factorial_mod(uint64_t n) {\n    if (n == 0 || n == 1) return 1; // Early return for 0! and 1!\n    uint64_t ans = 1;\n    const uint64_t MOD = 1000000007;\n\n    for (uint64_t i = 2; i <= n; i++) {\n        ans = (ans * i) % MOD; // Efficient multiplication with modulo\n    }\n    return ans;\n}\n\nint main() {\n    uint64_t n;\n    cin >> n;\n    cout << factorial_mod(n) << endl;\n    return 0;\n}') | LineLLMMutation(('source.cpp', 87), '#include <iostream>\n#include <cstdint>\n#include <vector>\n\nusing namespace std;\n\nconst uint64_t MOD = 1000000007;\nvector<uint64_t> precomputed_factorials;\n\nvoid precompute_factorials(uint64_t max_n) {\n    precomputed_factorials.resize(max_n + 1);\n    precomputed_factorials[0] = 1; // 0! = 1\n    for (uint64_t i = 1; i <= max_n; i++) {\n        precomputed_factorials[i] = (precomputed_factorials[i - 1] * i) % MOD;\n    }\n}\n\nuint64_t factorial_mod(uint64_t n) {\n    if (n == 0 || n == 1) return 1; // Early return for 0! and 1!\n    return precomputed_factorials[n];\n}\n\nint main() {\n    uint64_t n;\n    cin >> n;\n    precompute_factorials(n); // Precompute all factorials up to n\n    cout << factorial_mod(n) << endl;\n    return 0;\n}')"
2025-01-21 00:15:00,157	[DEBUG]	EXEC>  SUCCESS 2603986.4375
2025-01-21 00:15:00,158	[INFO]	9-17    SUCCESS               2603986.44 (93.69%) [3 edit(s)]  
2025-01-21 00:15:00,158	[DEBUG]	patch(9-17)="LineLLMCrossover(('source.cpp', 54), '#include <iostream>\n#include <omp.h>\n#include <cstdint>\n\nusing namespace std;\n\nuint64_t factorial_mod(uint64_t n) {\n    if (n == 0 || n == 1) return 1;\n    uint64_t ans = 1;\n    const uint64_t MOD = 1000000007;\n\n    #pragma omp parallel\n    {\n        uint64_t local_ans = 1; // Local accumulation for each thread\n        #pragma omp for\n        for (uint64_t i = 2; i <= n; i++) {\n            local_ans = (local_ans * i) % MOD; // Calculate local product\n        }\n        #pragma omp atomic // Combine results safely\n        ans = (ans * local_ans) % MOD;\n    }\n    return ans;\n}\n\nint main() {\n    uint64_t n;\n    cin >> n;\n    cout << factorial_mod(n) << endl;\n    return 0;\n}') | LineLLMMutation(('source.cpp', 76), '#include <iostream>\n#include <omp.h>\n#include <cstdint>\n\nusing namespace std;\n\nuint64_t factorial_mod(uint64_t n) {\n    if (n == 0 || n == 1) return 1;\n    uint64_t ans = 1;\n    const uint64_t MOD = 1000000007;\n\n    #pragma omp parallel \n    {\n        uint64_t local_ans = 1; // Local accumulation for each thread\n        #pragma omp for\n        for (uint64_t i = 2; i <= n; i++) {\n            local_ans = (local_ans * i) % MOD; // Calculate local product\n        }\n        #pragma omp critical // Combine results safely\n        {\n            ans = (ans * local_ans) % MOD;\n        }\n    }\n    return ans;\n}\n\nint main() {\n    uint64_t n;\n    cin >> n;\n    cout << factorial_mod(n) << endl;\n    return 0;\n}') | LineLLMMutation(('source.cpp', 88), '#include <iostream>\n#include <omp.h>\n#include <cstdint>\n\nusing namespace std;\n\nuint64_t factorial_mod(uint64_t n) {\n    if (n == 0 || n == 1) return 1;\n    uint64_t ans = 1;\n    const uint64_t MOD = 1000000007;\n\n    #pragma omp parallel \n    {\n        uint64_t local_ans = 1; // Local accumulation for each thread\n        #pragma omp for\n        for (uint64_t i = 2; i <= n; i++) {\n            local_ans = (local_ans * i) % MOD; // Calculate local product\n        }\n        \n        // Instead of using a critical section, we can use atomic operations\n        #pragma omp atomic // Combine results safely without critical section\n        ans = (ans * local_ans) % MOD;\n    }\n    return ans;\n}\n\nint main() {\n    uint64_t n;\n    cin >> n;\n    cout << factorial_mod(n) << endl;\n    return 0;\n}')"
2025-01-21 00:15:00,609	[DEBUG]	EXEC>  SUCCESS 2612761.375
2025-01-21 00:15:00,609	[INFO]	9-18    SUCCESS               2612761.38 (94.00%) [2 edit(s)]  
2025-01-21 00:15:00,609	[DEBUG]	patch(9-18)="LineLLMCrossover(('source.cpp', 58), '#include <iostream>\n#include <omp.h>\n#include <cstdint>\n\nusing namespace std;\n\nuint64_t factorial_mod(uint64_t n) {\n    if (n == 0 || n == 1) return 1;\n    uint64_t ans = 1;\n    const uint64_t MOD = 1000000007;\n\n    #pragma omp parallel\n    {\n        uint64_t local_ans = 1; // Local accumulation for each thread\n        #pragma omp for\n        for (uint64_t i = 2; i <= n; i++) {\n            local_ans = (local_ans * i) % MOD; // Calculate local product\n        }\n        #pragma omp atomic // Combine results safely\n        ans = (ans * local_ans) % MOD;\n    }\n    return ans;\n}\n\nint main() {\n    uint64_t n;\n    cin >> n;\n    cout << factorial_mod(n) << endl;\n    return 0;\n}') | LineLLMMutation(('source.cpp', 89), '#include <iostream>\n#include <omp.h>\n#include <cstdint>\n\nusing namespace std;\n\nuint64_t factorial_mod(uint64_t n) {\n    if (n == 0 || n == 1) return 1;\n    uint64_t ans = 1;\n    const uint64_t MOD = 1000000007;\n\n    #pragma omp parallel\n    {\n        uint64_t local_ans = 1; // Local accumulation for each thread\n        #pragma omp for reduction(*:local_ans) // Use reduction to combine results\n        for (uint64_t i = 2; i <= n; i++) {\n            local_ans = (local_ans * i) % MOD; // Calculate local product\n        }\n        #pragma omp critical // Combine results safely\n        {\n            ans = (ans * local_ans) % MOD;\n        }\n    }\n    return ans;\n}\n\nint main() {\n    uint64_t n;\n    cin >> n;\n    cout << factorial_mod(n) << endl;\n    return 0;\n}')"
2025-01-21 00:15:01,059	[DEBUG]	EXEC>  SUCCESS 2632591.0625
2025-01-21 00:15:01,059	[INFO]	9-19    SUCCESS               2632591.06 (94.71%) [2 edit(s)]  
2025-01-21 00:15:01,059	[DEBUG]	patch(9-19)="LineLLMCrossover(('source.cpp', 59), '#include <iostream>\n#include <cstdint>\n\nusing namespace std;\n\nuint64_t factorial_mod(uint64_t n) {\n    if (n == 0 || n == 1) return 1; // Early return for 0! and 1!\n    uint64_t ans = 1;\n    const uint64_t MOD = 1000000007;\n\n    for (uint64_t i = 2; i <= n; i++) {\n        ans = (ans * i) % MOD; // Efficient multiplication with modulo\n    }\n    return ans;\n}\n\nint main() {\n    uint64_t n;\n    cin >> n;\n    cout << factorial_mod(n) << endl;\n    return 0;\n}') | LineLLMMutation(('source.cpp', 90), '#include <iostream>\n#include <cstdint>\n\nusing namespace std;\n\nuint64_t factorial_mod(uint64_t n) {\n    if (n == 0 || n == 1) return 1; // Early return for 0! and 1!\n    uint64_t ans = 1;\n    const uint64_t MOD = 1000000007;\n\n    // Optimized loop to reduce the number of multiplications\n    for (uint64_t i = 2; i <= n; i++) {\n        ans = (ans * i) % MOD; // Efficient multiplication with modulo\n        // Optional: add a check to break early if ans becomes zero\n    }\n    return ans;\n}\n\nint main() {\n    uint64_t n;\n    cin >> n;\n    cout << factorial_mod(n) << endl;\n    return 0;\n}')"
2025-01-21 00:15:01,512	[DEBUG]	EXEC>  SUCCESS 2630339.9375
2025-01-21 00:15:01,512	[INFO]	9-20    SUCCESS               2630339.94 (94.63%) [2 edit(s)]  
2025-01-21 00:15:01,512	[DEBUG]	patch(9-20)="LineLLMCrossover(('source.cpp', 62), '#include <iostream>\n#include <omp.h>\n#include <cstdint>\n\nusing namespace std;\n\nuint64_t factorial_mod(uint64_t n, uint64_t mod) {\n    if (n == 0 || n == 1) return 1;\n    uint64_t ans = 1;\n\n    #pragma omp parallel\n    {\n        uint64_t local_ans = 1; // Local accumulation for each thread\n        #pragma omp for\n        for (uint64_t i = 2; i <= n; i++) {\n            local_ans = (local_ans * (i % mod)) % mod; // Use local variable\n        }\n        #pragma omp atomic // Combine results safely\n        ans = (ans * local_ans) % mod;\n    }\n    return ans;\n}\n\nint main() {\n    uint64_t n;\n    cin >> n;\n    cout << factorial_mod(n, 1000000007) << endl;\n    return 0;\n}') | LineLLMMutation(('source.cpp', 91), '#include <iostream>\n#include <omp.h>\n#include <cstdint>\n\nusing namespace std;\n\nuint64_t factorial_mod(uint64_t n, uint64_t mod) {\n    if (n == 0 || n == 1) return 1;\n    uint64_t ans = 1;\n\n    #pragma omp parallel \n    {\n        uint64_t local_ans = 1; // Local accumulation for each thread\n        #pragma omp for reduction(*:local_ans) // Use reduction to combine results efficiently\n        for (uint64_t i = 2; i <= n; i++) {\n            local_ans = (local_ans * (i % mod)) % mod; // Use local variable\n        }\n        #pragma omp atomic // Combine results safely\n        ans = (ans * local_ans) % mod; // This line may still need atomic but optimized with reduction\n    }\n    return ans;\n}\n\nint main() {\n    uint64_t n;\n    cin >> n;\n    cout << factorial_mod(n, 1000000007) << endl;\n    return 0;\n}')"
2025-01-21 00:15:04,630	[INFO]	~~~~ END ~~~~
2025-01-21 00:15:04,630	[INFO]	
2025-01-21 00:15:04,630	[INFO]	==== REPORT ====
2025-01-21 00:15:04,631	[INFO]	Termination: step budget
2025-01-21 00:15:04,631	[INFO]	Log file: /home/ubuntu/eoc/magpie/_magpie_logs/0012_1737417612.log
2025-01-21 00:15:04,631	[INFO]	Patch file: _magpie_logs/0012_1737417612.patch
2025-01-21 00:15:04,631	[INFO]	Diff file: _magpie_logs/0012_1737417612.diff
2025-01-21 00:15:04,631	[INFO]	Reference fitness: 2779504.62
2025-01-21 00:15:04,631	[INFO]	Best fitness: 2593940.00
2025-01-21 00:15:04,631	[INFO]	
2025-01-21 00:15:04,631	[INFO]	==== BEST PATCH ====
LineLLMCrossover(('source.cpp', 67), '#include <iostream>\n#include <omp.h>\n#include <cstdint>\n\nusing namespace std;\n\nuint64_t factorial_mod(uint64_t n, uint64_t mod) {\n    if (n == 0 || n == 1) return 1;\n    uint64_t ans = 1;\n\n    #pragma omp parallel \n    {\n        uint64_t local_ans = 1; // Local accumulation for each thread\n        #pragma omp for\n        for (uint64_t i = 2; i <= n; i++) {\n            local_ans = (local_ans * (i % mod)) % mod; // Use local variable with modulus\n        }\n        #pragma omp critical // Combine results safely\n        {\n            ans = (ans * local_ans) % mod;\n        }\n    }\n    return ans;\n}\n\nint main() {\n    uint64_t n;\n    cin >> n;\n    cout << factorial_mod(n, 1000000007) << endl;\n    return 0;\n}')
2025-01-21 00:15:04,631	[INFO]	
2025-01-21 00:15:04,632	[INFO]	==== DIFF ====

