2025-01-23 17:24:45,266	[DEBUG]	==== CONFIG ====
[magpie]
import = 
seed = 2346540016778058
log_dir = _magpie_logs
work_dir = _magpie_work
local_original_copy = True
local_original_name = __original__
output_encoding = ascii
edit_retries = 10
default_timeout = 30
default_lengthout = 10000.0
diff_method = unified
trust_local_filesystem = True

[magpie.log]
color_output = True
format_info = {counter:<7} {status:<20} {best}{fitness} ({ratio}) [{size}] {cached} {log}
format_debug = patch({counter})="{patch}"{diffifbest}
format_fitness = {:.2f}
format_ratio = {:.2%%}
format_patchif = 
	 --> {patch}
format_diffif = 
	{diff}

[software]
path = dataset/magpie_dataset/train/0031
target_files = 
	source.cpp
software = BasicSoftware
model_rules = 
	*.params : ParamFileConfigModel
	*.xml : SrcmlModel
	* : LineModel
model_config = 
	*.params : [paramconfig]
	*.xml : [srcml]
init_cmd = 
init_timeout = 60
init_lengthout = -1
setup_cmd = bash setup.sh
setup_timeout = 
setup_lengthout = 
compile_cmd = bash compile.sh
compile_timeout = 
compile_lengthout = 
test_cmd = bash test.sh
test_timeout = 
test_lengthout = 
run_cmd = bash run.sh
run_timeout = 3
run_lengthout = 
batch_timeout = 
batch_lengthout = 
batch_bin_fitness_strategy = aggregate
batch_fitness_strategy = sum
fitness = time

[srcml]
rename = 
	stmt: break continue decl_stmt do expr_stmt for goto if return switch while
	number: literal_number
focus = block stmt operator_comp operator_arith number
internodes = block
process_pseudo_blocks = True
process_literals = True
process_operators = True

[paramconfig]
timing = test run
cli_prefix = --
cli_glue = =
cli_boolean = show
cli_boolean_prefix_true = 
cli_boolean_prefix_false = no-
cli_none = hide
silent_prefix = @
silent_suffix = $

[search]
protocol = BasicProtocol
algorithm = GeneticProgrammingLLM
possible_edits = 
	LineLLMMutation
	LineLLMCrossover
	LineDeletion
	LineInsertion
	LineReplacement
llm_prob = 1.0
warmup = 5
warmup_strategy = last
max_steps = 100
max_time = 20000
target_fitness = 
cache_maxsize = 100
cache_keep = 0.2
batch_instances = 
batch_shuffle = True
batch_bin_shuffle = False
batch_sample_size = 1

[search.ls]
delete_prob = 0.5
max_neighbours = 
when_trapped = continue
accept_fail = False
tabu_length = 10

[search.gp]
pop_size = 10
delete_prob = 0.0
offspring_elitism = 0.2
offspring_crossover = 0.4
offspring_mutation = 0.4
uniform_rate = 0.5
batch_reset = True

[search.minify]
do_cleanup = True
do_rebuild = True
do_simplify = True
round_robin_limit = 3


2025-01-23 17:24:45,266	[DEBUG]	
2025-01-23 17:24:45,266	[INFO]	==== SEARCH: GeneticProgrammingLLM ====
2025-01-23 17:24:45,267	[INFO]	~~~~ WARMUP ~~~~
2025-01-23 17:24:46,333	[DEBUG]	EXEC>  SUCCESS 3692387.1875
2025-01-23 17:24:46,333	[INFO]	WARM    SUCCESS               3692387.19 (--) [0 edit(s)]  
2025-01-23 17:24:46,991	[DEBUG]	EXEC>  SUCCESS 3663681.875
2025-01-23 17:24:46,991	[INFO]	WARM    SUCCESS               3663681.88 (--) [0 edit(s)]  
2025-01-23 17:24:47,661	[DEBUG]	EXEC>  SUCCESS 3664259.25
2025-01-23 17:24:47,661	[INFO]	WARM    SUCCESS               3664259.25 (--) [0 edit(s)]  
2025-01-23 17:24:48,323	[DEBUG]	EXEC>  SUCCESS 3718534.6875
2025-01-23 17:24:48,323	[INFO]	WARM    SUCCESS               3718534.69 (--) [0 edit(s)]  
2025-01-23 17:24:48,992	[DEBUG]	EXEC>  SUCCESS 3667905.5625
2025-01-23 17:24:48,992	[INFO]	WARM    SUCCESS               3667905.56 (--) [0 edit(s)]  
2025-01-23 17:24:48,992	[INFO]	REF     SUCCESS               3667905.56 (--) [0 edit(s)]  
2025-01-23 17:24:48,993	[INFO]	
2025-01-23 17:24:48,993	[INFO]	~~~~ START ~~~~
2025-01-23 17:25:57,738	[DEBUG]	EXEC>  SUCCESS 3648764.0
2025-01-23 17:25:57,738	[INFO]	0-1     SUCCESS              *3648764.00 (99.48%) [1 edit(s)]  
2025-01-23 17:25:57,738	[DEBUG]	patch(0-1)="LineLLMMutation(('source.cpp', 0), '#include<iostream>\n#include<vector>\n#include<sstream>\n#include<cmath>\n#include<algorithm> // Added for std::fill\n\nusing namespace std;\n\nconst int MAX = 13;\nvector<double> Cake;\ndouble box;\ndouble dp[(1<<MAX)][MAX];\n\nvoid init(){\n    Cake.clear();\n    std::fill(&dp[0][0], &dp[0][0] + (1<<MAX)*MAX, 100000000); // Changed to a more readable syntax\n    dp[0][0] = 0;\n}\n\nvoid make(){\n    string s;\n    getline(cin,s);\n    stringstream ss(s);\n    double num;\n    while(ss >> num) Cake.push_back(num);\n}\n\nvoid solve(){\n    for(int i = 0; i < (1<<Cake.size()); i++)\n        for(int j = 0; j < (int)Cake.size(); j++){\n            if(i == 0) {dp[(1<<j)][j] = Cake[j]; continue;}\n            for(int k = 0; k < (int)Cake.size(); k++)\n                if(!(i&(1<<k)) && j != k){\n                    dp[i+(1<<k)][k] = min(dp[i+(1<<k)][k],dp[i][j]+2.0*sqrt(Cake[j]*Cake[k]));\n                }\n        }\n\n    for(int i = 0; i < (int)Cake.size(); i++){\n        if(dp[(1<<Cake.size())-1][i]+Cake[i] <= box) {cout << "OK" << endl;return;}\n    }\n    cout << "NA" << endl;\n}\n\nint main(){\n    while(cin >> box){\n        init();\n        make();\n        solve();\n    }\n    return 0;\n}')"

2025-01-23 17:25:59,432	[DEBUG]	EXEC>  SUCCESS 3636623.4375
2025-01-23 17:25:59,433	[INFO]	0-2     SUCCESS              *3636623.44 (99.15%) [1 edit(s)]  
2025-01-23 17:25:59,433	[DEBUG]	patch(0-2)="LineLLMMutation(('source.cpp', 1), '#include<iostream>\n#include<vector>\n#include<sstream>\n#include<cmath>\n#include<algorithm>\n\nusing namespace std;\n\nconst int MAX = 13;\nvector<double> Cake;\ndouble box;\ndouble dp[(1<<MAX)][MAX];\n\nvoid init(){\n    Cake.clear();\n    std::fill(&dp[0][0], &dp[0][0] + (1<<MAX)*MAX, 100000000);\n    dp[0][0] = 0;\n}\n\nvoid make(){\n    string s;\n    getline(cin,s);\n    stringstream ss(s);\n    double num;\n    while(ss >> num) Cake.push_back(num);\n}\n\nvoid solve(){\n    for(int i = 0; i < (1<<Cake.size()); i++)\n        for(int j = 0; j < (int)Cake.size(); j++){\n            if(i == 0) {\n                dp[(1<<j)][j] = Cake[j];\n                continue;\n            }\n            for(int k = 0; k < (int)Cake.size(); k++)\n                if(!(i&(1<<k)) && j != k){\n                    double newValue = dp[i][j] + 2.0 * sqrt(Cake[j] * Cake[k]);\n                    dp[i+(1<<k)][k] = min(dp[i+(1<<k)][k], newValue);\n                }\n        }\n\n    for(int i = 0; i < (int)Cake.size(); i++){\n        if(dp[(1<<Cake.size())-1][i] + Cake[i] <= box) {cout << "OK" << endl; return;}\n    }\n    cout << "NA" << endl;\n}\n\nint main(){\n    while(cin >> box){\n        init();\n        make();\n        solve();\n    }\n    return 0;\n}')"

2025-01-23 17:26:01,119	[DEBUG]	EXEC>  SUCCESS 3657018.5
2025-01-23 17:26:01,119	[INFO]	0-3     SUCCESS               3657018.50 (99.70%) [1 edit(s)]  
2025-01-23 17:26:01,120	[DEBUG]	patch(0-3)="LineLLMMutation(('source.cpp', 2), '#include<iostream>\n#include<vector>\n#include<sstream>\n#include<cmath>\n#include<algorithm>\n\nusing namespace std;\n\nconst int MAX = 13;\nvector<double> Cake;\ndouble box;\ndouble dp[(1<<MAX)][MAX];\n\nvoid init(){\n    Cake.clear();\n    std::fill(&dp[0][0], &dp[0][0] + (1<<MAX)*MAX, 100000000);\n    dp[0][0] = 0;\n}\n\nvoid make(){\n    string s;\n    getline(cin,s);\n    stringstream ss(s);\n    double num;\n    Cake.reserve(MAX); // Reserve space to avoid repeated reallocations\n    while(ss >> num) Cake.push_back(num);\n}\n\nvoid solve(){\n    for(int i = 0; i < (1<<Cake.size()); i++)\n        for(int j = 0; j < (int)Cake.size(); j++){\n            if(i == 0) {\n                dp[(1<<j)][j] = Cake[j];\n                continue;\n            }\n            for(int k = 0; k < (int)Cake.size(); k++)\n                if(!(i&(1<<k)) && j != k){\n                    double newValue = dp[i][j] + 2.0 * sqrt(Cake[j] * Cake[k]);\n                    dp[i+(1<<k)][k] = min(dp[i+(1<<k)][k], newValue);\n                }\n        }\n\n    for(int i = 0; i < (int)Cake.size(); i++){\n        if(dp[(1<<Cake.size())-1][i] + Cake[i] <= box) {cout << "OK" << endl; return;}\n    }\n    cout << "NA" << endl;\n}\n\nint main(){\n    while(cin >> box){\n        init();\n        make();\n        solve();\n    }\n    return 0;\n}')"
2025-01-23 17:26:02,631	[INFO]	0-4     TEST_CODE_ERROR       None (--) [1 edit(s)]  
2025-01-23 17:26:02,632	[DEBUG]	patch(0-4)="LineLLMMutation(('source.cpp', 3), '#include<iostream>\n#include<vector>\n#include<sstream>\n#include<cmath>\n#include<algorithm>\n\nusing namespace std;\n\nconst int MAX = 13;\nvector<double> Cake;\ndouble box;\ndouble dp[(1<<MAX)][MAX];\n\nvoid init(){\n    Cake.clear();\n    std::fill(&dp[0][0], &dp[0][0] + (1<<MAX)*MAX, 100000000);\n    dp[0][0] = 0;\n}\n\nvoid make(){\n    string s;\n    getline(cin,s);\n    stringstream ss(s);\n    double num;\n    Cake.reserve(MAX);\n    while(ss >> num) Cake.push_back(num);\n}\n\nvoid solve(){\n    for(int i = 0; i < (1<<Cake.size()); i++)\n        for(int j = 0; j < (int)Cake.size(); j++){\n            if(i == 0) {\n                dp[(1<<j)][j] = Cake[j];\n                continue;\n            }\n            for(int k = 0; k < (int)Cake.size(); k++)\n                if(!(i&(1<<k)) && j != k){\n                    double newValue = dp[i][j] + 2.0 * hypot(Cake[j], Cake[k]); // Replaced sqrt with hypot\n                    dp[i+(1<<k)][k] = min(dp[i+(1<<k)][k], newValue);\n                }\n        }\n\n    for(int i = 0; i < (int)Cake.size(); i++){\n        if(dp[(1<<Cake.size())-1][i] + Cake[i] <= box) {cout << "OK" << endl; return;}\n    }\n    cout << "NA" << endl;\n}\n\nint main(){\n    while(cin >> box){\n        init();\n        make();\n        solve();\n    }\n    return 0;\n}')"
2025-01-23 17:26:04,380	[DEBUG]	EXEC>  SUCCESS 7969443.3125
2025-01-23 17:26:04,380	[INFO]	0-5     SUCCESS               7969443.31 (217.28%) [1 edit(s)]  
2025-01-23 17:26:04,381	[DEBUG]	patch(0-5)="LineLLMMutation(('source.cpp', 4), '#include<iostream>\n#include<vector>\n#include<sstream>\n#include<cmath>\n#include<algorithm>\n\nusing namespace std;\n\nconst int MAX = 13;\nvector<double> Cake;\ndouble box;\nvector<vector<double>> dp; // Changed to vector of vectors\n\nvoid init(){\n    Cake.clear();\n    dp = vector<vector<double>>(1 << MAX, vector<double>(MAX, 100000000)); // Dynamic allocation\n    dp[0][0] = 0;\n}\n\nvoid make(){\n    string s;\n    getline(cin,s);\n    stringstream ss(s);\n    double num;\n    Cake.reserve(MAX);\n    while(ss >> num) Cake.push_back(num);\n}\n\nvoid solve(){\n    for(int i = 0; i < (1<<Cake.size()); i++)\n        for(int j = 0; j < (int)Cake.size(); j++){\n            if(i == 0) {\n                dp[(1<<j)][j] = Cake[j];\n                continue;\n            }\n            for(int k = 0; k < (int)Cake.size(); k++)\n                if(!(i&(1<<k)) && j != k){\n                    double newValue = dp[i][j] + 2.0 * sqrt(Cake[j] * Cake[k]);\n                    dp[i+(1<<k)][k] = min(dp[i+(1<<k)][k], newValue);\n                }\n        }\n\n    for(int i = 0; i < (int)Cake.size(); i++){\n        if(dp[(1<<Cake.size())-1][i] + Cake[i] <= box) {cout << "OK" << endl; return;}\n    }\n    cout << "NA" << endl;\n}\n\nint main(){\n    while(cin >> box){\n        init();\n        make();\n        solve();\n    }\n    return 0;\n}')"
2025-01-23 17:26:06,182	[DEBUG]	EXEC>  SUCCESS 3109981.0
2025-01-23 17:26:06,182	[INFO]	0-6     SUCCESS              *3109981.00 (84.79%) [1 edit(s)]  
2025-01-23 17:26:06,182	[DEBUG]	patch(0-6)="LineLLMMutation(('source.cpp', 5), '#include<iostream>\n#include<vector>\n#include<sstream>\n#include<cmath>\n#include<algorithm>\n\nusing namespace std;\n\nconst int MAX = 13;\nvector<float> Cake; // Changed double to float\nfloat box; // Changed double to float\nfloat dp[(1<<MAX)][MAX]; // Adjusted type accordingly\n\nvoid init(){\n    Cake.clear();\n    std::fill(&dp[0][0], &dp[0][0] + (1<<MAX)*MAX, 100000000);\n    dp[0][0] = 0;\n}\n\nvoid make(){\n    string s;\n    getline(cin,s);\n    stringstream ss(s);\n    float num; // Adjusted type accordingly\n    Cake.reserve(MAX);\n    while(ss >> num) Cake.push_back(num);\n}\n\nvoid solve(){\n    for(int i = 0; i < (1<<Cake.size()); i++)\n        for(int j = 0; j < (int)Cake.size(); j++){\n            if(i == 0) {\n                dp[(1<<j)][j] = Cake[j];\n                continue;\n            }\n            for(int k = 0; k < (int)Cake.size(); k++)\n                if(!(i&(1<<k)) && j != k){\n                    float newValue = dp[i][j] + 2.0f * sqrt(Cake[j] * Cake[k]); // Changed to float\n                    dp[i+(1<<k)][k] = min(dp[i+(1<<k)][k], newValue);\n                }\n        }\n\n    for(int i = 0; i < (int)Cake.size(); i++){\n        if(dp[(1<<Cake.size())-1][i] + Cake[i] <= box) {cout << "OK" << endl; return;}\n    }\n    cout << "NA" << endl;\n}\n\nint main(){\n    while(cin >> box){\n        init();\n        make();\n        solve();\n    }\n    return 0;\n}')"

2025-01-23 17:26:07,876	[DEBUG]	EXEC>  SUCCESS 3662781.125
2025-01-23 17:26:07,877	[INFO]	0-7     SUCCESS               3662781.12 (99.86%) [1 edit(s)]  
2025-01-23 17:26:07,877	[DEBUG]	patch(0-7)="LineLLMMutation(('source.cpp', 6), '#include<iostream>\n#include<vector>\n#include<sstream>\n#include<cmath>\n#include<algorithm>\n\nusing namespace std;\n\nconst int MAX = 13;\nvector<double> Cake;\ndouble box;\ndouble dp[(1<<MAX)][MAX];\n\nvoid init(){\n    Cake.clear();\n    std::fill(&dp[0][0], &dp[0][0] + (1<<MAX)*MAX, 100000000);\n    dp[0][0] = 0;\n}\n\nvoid make(){\n    string s;\n    getline(cin,s);\n    stringstream ss(s);\n    double num;\n    Cake.reserve(MAX);\n    while(ss >> num) Cake.push_back(num);\n}\n\nvoid solve(){\n    for(int i = 0; i < (1<<Cake.size()); i++)\n        for(int j = 0; j < (int)Cake.size(); j++){\n            if(i == 0) {\n                dp[(1<<j)][j] = Cake[j];\n                continue;\n            }\n            for(int k = 0; k < (int)Cake.size(); k++)\n                if(!(i&(1<<k)) && j != k){\n                    double newValue = dp[i][j] + 2.0 * sqrt(Cake[j] * Cake[k]);\n                    dp[i+(1<<k)][k] = min(dp[i+(1<<k)][k], newValue);\n                }\n        }\n\n    for(int i = 0; i < (int)Cake.size(); i++){\n        if(dp[(1<<Cake.size())-1][i] + Cake[i] <= box) {cout << "OK" << endl; return;}\n    }\n    cout << "NA" << endl;\n}\n\nint main(){\n    while(cin >> box){\n        init();\n        make();\n        solve();\n    }\n    return 0;\n}')"
2025-01-23 17:26:09,479	[INFO]	0-8     TEST_CODE_ERROR       None (--) [1 edit(s)]  
2025-01-23 17:26:09,479	[DEBUG]	patch(0-8)="LineLLMMutation(('source.cpp', 7), '#include<iostream>\n#include<vector>\n#include<sstream>\n#include<cmath>\n#include<algorithm>\n#include<unordered_map>\n\nusing namespace std;\n\nconst int MAX = 13;\nvector<double> Cake;\ndouble box;\nunordered_map<int, double> dp; // Change to unordered_map for dynamic storage\n\nvoid init(){\n    Cake.clear();\n    dp.clear(); // Initialize the map\n}\n\nvoid make(){\n    string s;\n    getline(cin,s);\n    stringstream ss(s);\n    double num;\n    Cake.reserve(MAX);\n    while(ss >> num) Cake.push_back(num);\n}\n\ndouble solve(int mask, int last){\n    if(mask == (1<<Cake.size())-1) return 0; // All cakes taken\n    if(dp.count(mask)) return dp[mask]; // Check if already calculated\n    double minVal = 100000000; // Start with a large value\n    for(int k = 0; k < (int)Cake.size(); k++)\n        if(!(mask & (1 << k)) && last != k){\n            double newValue = 2.0 * sqrt(Cake[last] * Cake[k]) + solve(mask | (1 << k), k);\n            minVal = min(minVal, newValue);\n        }\n    return dp[mask] = minVal; // Store result\n}\n\nint main(){\n    while(cin >> box){\n        init();\n        make();\n        double minCost = 100000000; // Start with a large value\n        for(int i = 0; i < (int)Cake.size(); i++)\n            minCost = min(minCost, solve(1 << i, i) + Cake[i]);\n        if(minCost <= box) cout << "OK" << endl;\n        else cout << "NA" << endl;\n    }\n    return 0;\n}')"
2025-01-23 17:26:11,494	[INFO]	0-9     TEST_CODE_ERROR       None (--) [1 edit(s)]  
2025-01-23 17:26:11,494	[DEBUG]	patch(0-9)="LineLLMMutation(('source.cpp', 8), '#include<iostream>\n#include<vector>\n#include<sstream>\n#include<cmath>\n#include<algorithm>\n#include<unordered_map>\n#include<future>\n\nusing namespace std;\n\nconst int MAX = 13;\nvector<double> Cake;\ndouble box;\nunordered_map<int, double> dp;\n\nvoid init(){\n    Cake.clear();\n    dp.clear();\n}\n\nvoid make(){\n    string s;\n    getline(cin,s);\n    stringstream ss(s);\n    double num;\n    Cake.reserve(MAX);\n    while(ss >> num) Cake.push_back(num);\n}\n\ndouble solve(int mask, int last){\n    if(mask == (1<<Cake.size())-1) return 0;\n    if(dp.count(mask)) return dp[mask];\n    double minVal = 100000000;\n    \n    vector<future<double>> futures; // Vector to store futures for async results\n    for(int k = 0; k < (int)Cake.size(); k++)\n        if(!(mask & (1 << k)) && last != k){\n            futures.push_back(async(launch::async, [=](){\n                return 2.0 * sqrt(Cake[last] * Cake[k]) + solve(mask | (1 << k), k);\n            }));\n        }\n\n    for(auto &f : futures){\n        minVal = min(minVal, f.get()); // Get the result of the futures\n    }\n    return dp[mask] = minVal;\n}\n\nint main(){\n    while(cin >> box){\n        init();\n        make();\n        double minCost = 100000000;\n        for(int i = 0; i < (int)Cake.size(); i++)\n            minCost = min(minCost, solve(1 << i, i) + Cake[i]);\n        if(minCost <= box) cout << "OK" << endl;\n        else cout << "NA" << endl;\n    }\n    return 0;\n}')"
2025-01-23 17:26:13,197	[DEBUG]	EXEC>  SUCCESS 3679923.125
2025-01-23 17:26:13,197	[INFO]	0-10    SUCCESS               3679923.12 (100.33%) [1 edit(s)]  
2025-01-23 17:26:13,197	[DEBUG]	patch(0-10)="LineLLMMutation(('source.cpp', 9), '#include<iostream>\n#include<vector>\n#include<sstream>\n#include<cmath>\n#include<algorithm>\n\nusing namespace std;\n\nconst int MAX = 13;\nvector<double> Cake;\ndouble box;\ndouble dp[(1<<MAX)][MAX];\n\nvoid init(){\n    Cake.clear();\n    std::fill(&dp[0][0], &dp[0][0] + (1<<MAX)*MAX, 100000000);\n    dp[0][0] = 0;\n}\n\nvoid make(){\n    string s;\n    getline(cin,s);\n    stringstream ss(s);\n    double num;\n    Cake.reserve(MAX);\n    while(ss >> num) Cake.emplace_back(num); // Changed to emplace_back\n}\n\nvoid solve(){\n    for(int i = 0; i < (1<<Cake.size()); i++)\n        for(int j = 0; j < (int)Cake.size(); j++){\n            if(i == 0) {\n                dp[(1<<j)][j] = Cake[j];\n                continue;\n            }\n            for(int k = 0; k < (int)Cake.size(); k++)\n                if(!(i&(1<<k)) && j != k){\n                    double newValue = dp[i][j] + 2.0 * sqrt(Cake[j] * Cake[k]);\n                    dp[i+(1<<k)][k] = min(dp[i+(1<<k)][k], newValue);\n                }\n        }\n\n    for(int i = 0; i < (int)Cake.size(); i++){\n        if(dp[(1<<Cake.size())-1][i] + Cake[i] <= box) {cout << "OK" << endl; return;}\n    }\n    cout << "NA" << endl;\n}\n\nint main(){\n    while(cin >> box){\n        init();\n        make();\n        solve();\n    }\n    return 0;\n}')"
2025-01-23 17:26:14,198	[INFO]	Step: 10
2025-01-23 17:26:14,198	[INFO]	Stop Steps: 100
2025-01-23 17:26:15,869	[DEBUG]	EXEC>  SUCCESS 3608019.6875
2025-01-23 17:26:15,869	[INFO]	REF     SUCCESS               3608019.69 (--) [0 edit(s)]  
2025-01-23 17:26:15,870	[INFO]	Best patch: 5
2025-01-23 17:26:16,544	[DEBUG]	EXEC>  SUCCESS 3055872.8125
2025-01-23 17:26:16,544	[INFO]	BEST    SUCCESS              *3055872.81 (84.70%) [0 edit(s)]  
2025-01-23 17:26:16,544	[INFO]	Best patch step: 5
2025-01-23 17:27:12,801	[INFO]	Step: 10
2025-01-23 17:27:12,801	[INFO]	Stop Steps: 100
2025-01-23 17:27:13,604	[DEBUG]	EXEC>  SUCCESS 3092359.25
2025-01-23 17:27:13,604	[INFO]	1-1     SUCCESS              +3092359.25 (85.71%) [1 edit(s)]  
2025-01-23 17:27:13,604	[DEBUG]	patch(1-1)="LineLLMMutation(('source.cpp', 5), '#include<iostream>\n#include<vector>\n#include<sstream>\n#include<cmath>\n#include<algorithm>\n\nusing namespace std;\n\nconst int MAX = 13;\nvector<float> Cake; // Changed double to float\nfloat box; // Changed double to float\nfloat dp[(1<<MAX)][MAX]; // Adjusted type accordingly\n\nvoid init(){\n    Cake.clear();\n    std::fill(&dp[0][0], &dp[0][0] + (1<<MAX)*MAX, 100000000);\n    dp[0][0] = 0;\n}\n\nvoid make(){\n    string s;\n    getline(cin,s);\n    stringstream ss(s);\n    float num; // Adjusted type accordingly\n    Cake.reserve(MAX);\n    while(ss >> num) Cake.push_back(num);\n}\n\nvoid solve(){\n    for(int i = 0; i < (1<<Cake.size()); i++)\n        for(int j = 0; j < (int)Cake.size(); j++){\n            if(i == 0) {\n                dp[(1<<j)][j] = Cake[j];\n                continue;\n            }\n            for(int k = 0; k < (int)Cake.size(); k++)\n                if(!(i&(1<<k)) && j != k){\n                    float newValue = dp[i][j] + 2.0f * sqrt(Cake[j] * Cake[k]); // Changed to float\n                    dp[i+(1<<k)][k] = min(dp[i+(1<<k)][k], newValue);\n                }\n        }\n\n    for(int i = 0; i < (int)Cake.size(); i++){\n        if(dp[(1<<Cake.size())-1][i] + Cake[i] <= box) {cout << "OK" << endl; return;}\n    }\n    cout << "NA" << endl;\n}\n\nint main(){\n    while(cin >> box){\n        init();\n        make();\n        solve();\n    }\n    return 0;\n}')"
2025-01-23 17:27:13,604	[INFO]	Step: 11
2025-01-23 17:27:13,604	[INFO]	Stop Steps: 100
2025-01-23 17:27:14,291	[DEBUG]	EXEC>  SUCCESS 3668389.375
2025-01-23 17:27:14,291	[INFO]	1-2     SUCCESS               3668389.38 (101.67%) [1 edit(s)]  
2025-01-23 17:27:14,291	[DEBUG]	patch(1-2)="LineLLMMutation(('source.cpp', 1), '#include<iostream>\n#include<vector>\n#include<sstream>\n#include<cmath>\n#include<algorithm>\n\nusing namespace std;\n\nconst int MAX = 13;\nvector<double> Cake;\ndouble box;\ndouble dp[(1<<MAX)][MAX];\n\nvoid init(){\n    Cake.clear();\n    std::fill(&dp[0][0], &dp[0][0] + (1<<MAX)*MAX, 100000000);\n    dp[0][0] = 0;\n}\n\nvoid make(){\n    string s;\n    getline(cin,s);\n    stringstream ss(s);\n    double num;\n    while(ss >> num) Cake.push_back(num);\n}\n\nvoid solve(){\n    for(int i = 0; i < (1<<Cake.size()); i++)\n        for(int j = 0; j < (int)Cake.size(); j++){\n            if(i == 0) {\n                dp[(1<<j)][j] = Cake[j];\n                continue;\n            }\n            for(int k = 0; k < (int)Cake.size(); k++)\n                if(!(i&(1<<k)) && j != k){\n                    double newValue = dp[i][j] + 2.0 * sqrt(Cake[j] * Cake[k]);\n                    dp[i+(1<<k)][k] = min(dp[i+(1<<k)][k], newValue);\n                }\n        }\n\n    for(int i = 0; i < (int)Cake.size(); i++){\n        if(dp[(1<<Cake.size())-1][i] + Cake[i] <= box) {cout << "OK" << endl; return;}\n    }\n    cout << "NA" << endl;\n}\n\nint main(){\n    while(cin >> box){\n        init();\n        make();\n        solve();\n    }\n    return 0;\n}')"
2025-01-23 17:27:14,291	[INFO]	Step: 12
2025-01-23 17:27:14,291	[INFO]	Stop Steps: 100
2025-01-23 17:27:14,983	[DEBUG]	EXEC>  SUCCESS 3048143.75
2025-01-23 17:27:14,983	[INFO]	1-3     SUCCESS              *3048143.75 (84.48%) [1 edit(s)]  
2025-01-23 17:27:14,983	[DEBUG]	patch(1-3)="LineLLMCrossover(('source.cpp', 0), '#include<iostream>\n#include<vector>\n#include<sstream>\n#include<cmath>\n#include<algorithm>\n\nusing namespace std;\n\nconst int MAX = 13;\nvector<float> Cake; // Keeping float for optimization\nfloat box;\nfloat dp[(1<<MAX)][MAX];\n\nvoid init(){\n    Cake.clear();\n    std::fill(&dp[0][0], &dp[0][0] + (1<<MAX)*MAX, 100000000);\n    dp[0][0] = 0;\n}\n\nvoid make(){\n    string s;\n    getline(cin,s);\n    stringstream ss(s);\n    float num;\n    Cake.reserve(MAX);\n    while(ss >> num) Cake.push_back(num);\n}\n\nvoid solve(){\n    for(int i = 0; i < (1<<Cake.size()); i++)\n        for(int j = 0; j < (int)Cake.size(); j++){\n            if(i == 0) {\n                dp[(1<<j)][j] = Cake[j];\n                continue;\n            }\n            for(int k = 0; k < (int)Cake.size(); k++)\n                if(!(i&(1<<k)) && j != k){\n                    float newValue = dp[i][j] + 2.0f * sqrt(Cake[j] * Cake[k]);\n                    dp[i+(1<<k)][k] = min(dp[i+(1<<k)][k], newValue);\n                }\n        }\n\n    for(int i = 0; i < (int)Cake.size(); i++){\n        if(dp[(1<<Cake.size())-1][i] + Cake[i] <= box) {cout << "OK" << endl; return;}\n    }\n    cout << "NA" << endl;\n}\n\nint main(){\n    while(cin >> box){\n        init();\n        make();\n        solve();\n    }\n    return 0;\n}')"

2025-01-23 17:27:14,983	[INFO]	Step: 13
2025-01-23 17:27:14,983	[INFO]	Stop Steps: 100
2025-01-23 17:27:15,660	[DEBUG]	EXEC>  SUCCESS 3661220.3125
2025-01-23 17:27:15,660	[INFO]	1-4     SUCCESS               3661220.31 (101.47%) [1 edit(s)]  
2025-01-23 17:27:15,660	[DEBUG]	patch(1-4)="LineLLMCrossover(('source.cpp', 1), '#include<iostream>\n#include<vector>\n#include<sstream>\n#include<cmath>\n#include<algorithm>\n\nusing namespace std;\n\nconst int MAX = 13;\nvector<double> Cake;\ndouble box;\ndouble dp[(1<<MAX)][MAX];\n\nvoid init(){\n    Cake.clear();\n    std::fill(&dp[0][0], &dp[0][0] + (1<<MAX)*MAX, 100000000);\n    dp[0][0] = 0;\n}\n\nvoid make(){\n    string s;\n    getline(cin,s);\n    stringstream ss(s);\n    double num;\n    Cake.reserve(MAX); // Optimize memory allocation\n    while(ss >> num) Cake.push_back(num);\n}\n\nvoid solve(){\n    for(int i = 0; i < (1<<Cake.size()); i++)\n        for(int j = 0; j < (int)Cake.size(); j++){\n            if(i == 0) {dp[(1<<j)][j] = Cake[j]; continue;}\n            for(int k = 0; k < (int)Cake.size(); k++)\n                if(!(i&(1<<k)) && j != k){\n                    dp[i+(1<<k)][k] = min(dp[i+(1<<k)][k], dp[i][j] + 2.0 * sqrt(Cake[j] * Cake[k]));\n                }\n        }\n\n    for(int i = 0; i < (int)Cake.size(); i++){\n        if(dp[(1<<Cake.size())-1][i] + Cake[i] <= box) {cout << "OK" << endl; return;}\n    }\n    cout << "NA" << endl;\n}\n\nint main(){\n    while(cin >> box){\n        init();\n        make();\n        solve();\n    }\n    return 0;\n}')"
2025-01-23 17:27:15,660	[INFO]	Step: 14
2025-01-23 17:27:15,660	[INFO]	Stop Steps: 100
2025-01-23 17:27:16,340	[DEBUG]	EXEC>  SUCCESS 3645587.875
2025-01-23 17:27:16,340	[INFO]	1-5     SUCCESS               3645587.88 (101.04%) [1 edit(s)]  
2025-01-23 17:27:16,340	[DEBUG]	patch(1-5)="LineLLMCrossover(('source.cpp', 2), '#include<iostream>\n#include<vector>\n#include<sstream>\n#include<cmath>\n#include<algorithm>\n\nusing namespace std;\n\nconst int MAX = 13;\nvector<double> Cake;\ndouble box;\ndouble dp[(1<<MAX)][MAX];\n\nvoid init(){\n    Cake.clear();\n    std::fill(&dp[0][0], &dp[0][0] + (1<<MAX)*MAX, 100000000);\n    dp[0][0] = 0;\n}\n\nvoid make(){\n    string s;\n    getline(cin,s);\n    stringstream ss(s);\n    double num;\n    while(ss >> num) Cake.push_back(num);\n}\n\nvoid solve(){\n    for(int i = 0; i < (1<<Cake.size()); i++)\n        for(int j = 0; j < (int)Cake.size(); j++){\n            if(i == 0) {\n                dp[(1<<j)][j] = Cake[j];\n                continue;\n            }\n            for(int k = 0; k < (int)Cake.size(); k++)\n                if(!(i&(1<<k)) && j != k){\n                    dp[i+(1<<k)][k] = min(dp[i+(1<<k)][k], dp[i][j] + 2.0 * sqrt(Cake[j] * Cake[k]));\n                }\n        }\n\n    for(int i = 0; i < (int)Cake.size(); i++){\n        if(dp[(1<<Cake.size())-1][i] + Cake[i] <= box) {cout << "OK" << endl; return;}\n    }\n    cout << "NA" << endl;\n}\n\nint main(){\n    while(cin >> box){\n        init();\n        make();\n        solve();\n    }\n    return 0;\n}')"
2025-01-23 17:27:16,340	[INFO]	Step: 15
2025-01-23 17:27:16,340	[INFO]	Stop Steps: 100
2025-01-23 17:27:17,016	[DEBUG]	EXEC>  SUCCESS 3723106.3125
2025-01-23 17:27:17,016	[INFO]	1-6     SUCCESS               3723106.31 (103.19%) [1 edit(s)]  
2025-01-23 17:27:17,016	[DEBUG]	patch(1-6)="LineLLMCrossover(('source.cpp', 3), '#include<iostream>\n#include<vector>\n#include<sstream>\n#include<cmath>\n#include<algorithm>\n\nusing namespace std;\n\nconst int MAX = 13;\nvector<double> Cake;\ndouble box;\ndouble dp[(1<<MAX)][MAX];\n\nvoid init(){\n    Cake.clear();\n    std::fill(&dp[0][0], &dp[0][0] + (1<<MAX)*MAX, 100000000);\n    dp[0][0] = 0;\n}\n\nvoid make(){\n    string s;\n    getline(cin,s);\n    stringstream ss(s);\n    double num;\n    Cake.reserve(MAX); // Reserve space to avoid reallocations\n    while(ss >> num) Cake.push_back(num);\n}\n\nvoid solve(){\n    for(int i = 0; i < (1<<Cake.size()); i++)\n        for(int j = 0; j < (int)Cake.size(); j++){\n            if(i == 0) {dp[(1<<j)][j] = Cake[j]; continue;}\n            for(int k = 0; k < (int)Cake.size(); k++)\n                if(!(i&(1<<k)) && j != k){\n                    dp[i+(1<<k)][k] = min(dp[i+(1<<k)][k], dp[i][j] + 2.0 * sqrt(Cake[j] * Cake[k]));\n                }\n        }\n\n    for(int i = 0; i < (int)Cake.size(); i++){\n        if(dp[(1<<Cake.size())-1][i] + Cake[i] <= box) {cout << "OK" << endl; return;}\n    }\n    cout << "NA" << endl;\n}\n\nint main(){\n    while(cin >> box){\n        init();\n        make();\n        solve();\n    }\n    return 0;\n}')"
2025-01-23 17:27:17,016	[INFO]	Step: 16
2025-01-23 17:27:17,016	[INFO]	Stop Steps: 100
2025-01-23 17:27:17,720	[DEBUG]	EXEC>  SUCCESS 3121640.4375
2025-01-23 17:27:17,720	[INFO]	1-7     SUCCESS               3121640.44 (86.52%) [2 edit(s)]  
2025-01-23 17:27:17,720	[DEBUG]	patch(1-7)="LineLLMMutation(('source.cpp', 5), '#include<iostream>\n#include<vector>\n#include<sstream>\n#include<cmath>\n#include<algorithm>\n\nusing namespace std;\n\nconst int MAX = 13;\nvector<float> Cake; // Changed double to float\nfloat box; // Changed double to float\nfloat dp[(1<<MAX)][MAX]; // Adjusted type accordingly\n\nvoid init(){\n    Cake.clear();\n    std::fill(&dp[0][0], &dp[0][0] + (1<<MAX)*MAX, 100000000);\n    dp[0][0] = 0;\n}\n\nvoid make(){\n    string s;\n    getline(cin,s);\n    stringstream ss(s);\n    float num; // Adjusted type accordingly\n    Cake.reserve(MAX);\n    while(ss >> num) Cake.push_back(num);\n}\n\nvoid solve(){\n    for(int i = 0; i < (1<<Cake.size()); i++)\n        for(int j = 0; j < (int)Cake.size(); j++){\n            if(i == 0) {\n                dp[(1<<j)][j] = Cake[j];\n                continue;\n            }\n            for(int k = 0; k < (int)Cake.size(); k++)\n                if(!(i&(1<<k)) && j != k){\n                    float newValue = dp[i][j] + 2.0f * sqrt(Cake[j] * Cake[k]); // Changed to float\n                    dp[i+(1<<k)][k] = min(dp[i+(1<<k)][k], newValue);\n                }\n        }\n\n    for(int i = 0; i < (int)Cake.size(); i++){\n        if(dp[(1<<Cake.size())-1][i] + Cake[i] <= box) {cout << "OK" << endl; return;}\n    }\n    cout << "NA" << endl;\n}\n\nint main(){\n    while(cin >> box){\n        init();\n        make();\n        solve();\n    }\n    return 0;\n}') | LineLLMMutation(('source.cpp', 10), '#include<iostream>\n#include<vector>\n#include<sstream>\n#include<cmath>\n#include<algorithm>\n\nusing namespace std;\n\nconst int MAX = 13;\nvector<float> Cake; // Changed double to float\nfloat box; // Changed double to float\nfloat dp[(1<<MAX)][MAX]; // Adjusted type accordingly\n\nvoid init(){\n    Cake.clear();\n    std::fill(&dp[0][0], &dp[0][0] + (1<<MAX)*MAX, 100000000);\n    dp[0][0] = 0;\n}\n\nvoid make(){\n    string s;\n    getline(cin,s);\n    stringstream ss(s);\n    float num; // Adjusted type accordingly\n    Cake.reserve(MAX);\n    while(ss >> num) Cake.push_back(num);\n}\n\nvoid solve(){\n    // Precompute square roots to avoid repeated calculations\n    vector<float> sqrtCake(Cake.size());\n    for (int i = 0; i < Cake.size(); ++i) {\n        sqrtCake[i] = sqrt(Cake[i]);\n    }\n\n    for(int i = 0; i < (1<<Cake.size()); i++)\n        for(int j = 0; j < (int)Cake.size(); j++){\n            if(i == 0) {\n                dp[(1<<j)][j] = Cake[j];\n                continue;\n            }\n            for(int k = 0; k < (int)Cake.size(); k++)\n                if(!(i&(1<<k)) && j != k){\n                    float newValue = dp[i][j] + 2.0f * (sqrtCake[j] * sqrtCake[k]); // Use precomputed square roots\n                    dp[i+(1<<k)][k] = min(dp[i+(1<<k)][k], newValue);\n                }\n        }\n\n    for(int i = 0; i < (int)Cake.size(); i++){\n        if(dp[(1<<Cake.size())-1][i] + Cake[i] <= box) {cout << "OK" << endl; return;}\n    }\n    cout << "NA" << endl;\n}\n\nint main(){\n    while(cin >> box){\n        init();\n        make();\n        solve();\n    }\n    return 0;\n}')"
2025-01-23 17:27:17,720	[INFO]	Step: 17
2025-01-23 17:27:17,720	[INFO]	Stop Steps: 100
2025-01-23 17:27:18,393	[DEBUG]	EXEC>  SUCCESS 3713419.0
2025-01-23 17:27:18,393	[INFO]	1-8     SUCCESS               3713419.00 (102.92%) [2 edit(s)]  
2025-01-23 17:27:18,394	[DEBUG]	patch(1-8)="LineLLMMutation(('source.cpp', 1), '#include<iostream>\n#include<vector>\n#include<sstream>\n#include<cmath>\n#include<algorithm>\n\nusing namespace std;\n\nconst int MAX = 13;\nvector<double> Cake;\ndouble box;\ndouble dp[(1<<MAX)][MAX];\n\nvoid init(){\n    Cake.clear();\n    std::fill(&dp[0][0], &dp[0][0] + (1<<MAX)*MAX, 100000000);\n    dp[0][0] = 0;\n}\n\nvoid make(){\n    string s;\n    getline(cin,s);\n    stringstream ss(s);\n    double num;\n    while(ss >> num) Cake.push_back(num);\n}\n\nvoid solve(){\n    for(int i = 0; i < (1<<Cake.size()); i++)\n        for(int j = 0; j < (int)Cake.size(); j++){\n            if(i == 0) {\n                dp[(1<<j)][j] = Cake[j];\n                continue;\n            }\n            for(int k = 0; k < (int)Cake.size(); k++)\n                if(!(i&(1<<k)) && j != k){\n                    double newValue = dp[i][j] + 2.0 * sqrt(Cake[j] * Cake[k]);\n                    dp[i+(1<<k)][k] = min(dp[i+(1<<k)][k], newValue);\n                }\n        }\n\n    for(int i = 0; i < (int)Cake.size(); i++){\n        if(dp[(1<<Cake.size())-1][i] + Cake[i] <= box) {cout << "OK" << endl; return;}\n    }\n    cout << "NA" << endl;\n}\n\nint main(){\n    while(cin >> box){\n        init();\n        make();\n        solve();\n    }\n    return 0;\n}') | LineLLMMutation(('source.cpp', 11), '#include<iostream>\n#include<vector>\n#include<sstream>\n#include<cmath>\n#include<algorithm>\n\nusing namespace std;\n\nconst int MAX = 13;\nvector<double> Cake;\ndouble box;\ndouble dp[(1<<MAX)][MAX];\n\nvoid init(){\n    Cake.clear();\n    std::fill(&dp[0][0], &dp[0][0] + (1<<MAX)*MAX, 1e9); // Changed 100000000 to 1e9 for better readability\n    dp[0][0] = 0;\n}\n\nvoid make(){\n    string s;\n    getline(cin,s);\n    stringstream ss(s);\n    double num;\n    while(ss >> num) Cake.push_back(num);\n}\n\nvoid solve(){\n    int n = Cake.size(); // Store the size of Cake to avoid multiple calls\n    for(int i = 0; i < (1 << n); i++) {\n        for(int j = 0; j < n; j++) {\n            if(i == 0) {\n                dp[(1 << j)][j] = Cake[j];\n                continue;\n            }\n            for(int k = 0; k < n; k++) {\n                if(!(i & (1 << k)) && j != k) {\n                    double newValue = dp[i][j] + 2.0 * sqrt(Cake[j] * Cake[k]);\n                    dp[i + (1 << k)][k] = min(dp[i + (1 << k)][k], newValue);\n                }\n            }\n        }\n    }\n\n    for(int i = 0; i < n; i++){\n        if(dp[(1 << n) - 1][i] + Cake[i] <= box) {\n            cout << "OK" << endl; \n            return;\n        }\n    }\n    cout << "NA" << endl;\n}\n\nint main(){\n    while(cin >> box){\n        init();\n        make();\n        solve();\n    }\n    return 0;\n}')"
2025-01-23 17:27:18,394	[INFO]	Step: 18
2025-01-23 17:27:18,394	[INFO]	Stop Steps: 100
2025-01-23 17:27:19,092	[DEBUG]	EXEC>  SUCCESS 3624804.75
2025-01-23 17:27:19,092	[INFO]	1-9     SUCCESS               3624804.75 (100.47%) [2 edit(s)]  
2025-01-23 17:27:19,092	[DEBUG]	patch(1-9)="LineLLMMutation(('source.cpp', 0), '#include<iostream>\n#include<vector>\n#include<sstream>\n#include<cmath>\n#include<algorithm> // Added for std::fill\n\nusing namespace std;\n\nconst int MAX = 13;\nvector<double> Cake;\ndouble box;\ndouble dp[(1<<MAX)][MAX];\n\nvoid init(){\n    Cake.clear();\n    std::fill(&dp[0][0], &dp[0][0] + (1<<MAX)*MAX, 100000000); // Changed to a more readable syntax\n    dp[0][0] = 0;\n}\n\nvoid make(){\n    string s;\n    getline(cin,s);\n    stringstream ss(s);\n    double num;\n    while(ss >> num) Cake.push_back(num);\n}\n\nvoid solve(){\n    for(int i = 0; i < (1<<Cake.size()); i++)\n        for(int j = 0; j < (int)Cake.size(); j++){\n            if(i == 0) {dp[(1<<j)][j] = Cake[j]; continue;}\n            for(int k = 0; k < (int)Cake.size(); k++)\n                if(!(i&(1<<k)) && j != k){\n                    dp[i+(1<<k)][k] = min(dp[i+(1<<k)][k],dp[i][j]+2.0*sqrt(Cake[j]*Cake[k]));\n                }\n        }\n\n    for(int i = 0; i < (int)Cake.size(); i++){\n        if(dp[(1<<Cake.size())-1][i]+Cake[i] <= box) {cout << "OK" << endl;return;}\n    }\n    cout << "NA" << endl;\n}\n\nint main(){\n    while(cin >> box){\n        init();\n        make();\n        solve();\n    }\n    return 0;\n}') | LineLLMMutation(('source.cpp', 12), '#include<iostream>\n#include<vector>\n#include<sstream>\n#include<cmath>\n#include<algorithm> // Added for std::fill\n\nusing namespace std;\n\nconst int MAX = 13;\nvector<double> Cake;\ndouble box;\ndouble dp[(1<<MAX)][MAX];\n\nvoid init(){\n    Cake.clear();\n    // Initialize the dp array with a more efficient method\n    for(auto& row : dp) {\n        std::fill(std::begin(row), std::end(row), 1e9); // Use 1e9 for readability and performance\n    }\n    dp[0][0] = 0;\n}\n\nvoid make(){\n    string s;\n    getline(cin,s);\n    stringstream ss(s);\n    double num;\n    while(ss >> num) Cake.push_back(num);\n}\n\nvoid solve(){\n    for(int i = 0; i < (1<<Cake.size()); i++)\n        for(int j = 0; j < (int)Cake.size(); j++){\n            if(i == 0) {dp[(1<<j)][j] = Cake[j]; continue;}\n            for(int k = 0; k < (int)Cake.size(); k++)\n                if(!(i&(1<<k)) && j != k){\n                    dp[i+(1<<k)][k] = min(dp[i+(1<<k)][k],dp[i][j]+2.0*sqrt(Cake[j]*Cake[k]));\n                }\n        }\n\n    for(int i = 0; i < (int)Cake.size(); i++){\n        if(dp[(1<<Cake.size())-1][i]+Cake[i] <= box) {cout << "OK" << endl;return;}\n    }\n    cout << "NA" << endl;\n}\n\nint main(){\n    while(cin >> box){\n        init();\n        make();\n        solve();\n    }\n    return 0;\n}')"
2025-01-23 17:27:19,092	[INFO]	Step: 19
2025-01-23 17:27:19,092	[INFO]	Stop Steps: 100
2025-01-23 17:27:19,769	[DEBUG]	EXEC>  SUCCESS 3656316.9375
2025-01-23 17:27:19,769	[INFO]	1-10    SUCCESS               3656316.94 (101.34%) [2 edit(s)]  
2025-01-23 17:27:19,769	[DEBUG]	patch(1-10)="LineLLMMutation(('source.cpp', 2), '#include<iostream>\n#include<vector>\n#include<sstream>\n#include<cmath>\n#include<algorithm>\n\nusing namespace std;\n\nconst int MAX = 13;\nvector<double> Cake;\ndouble box;\ndouble dp[(1<<MAX)][MAX];\n\nvoid init(){\n    Cake.clear();\n    std::fill(&dp[0][0], &dp[0][0] + (1<<MAX)*MAX, 100000000);\n    dp[0][0] = 0;\n}\n\nvoid make(){\n    string s;\n    getline(cin,s);\n    stringstream ss(s);\n    double num;\n    Cake.reserve(MAX); // Reserve space to avoid repeated reallocations\n    while(ss >> num) Cake.push_back(num);\n}\n\nvoid solve(){\n    for(int i = 0; i < (1<<Cake.size()); i++)\n        for(int j = 0; j < (int)Cake.size(); j++){\n            if(i == 0) {\n                dp[(1<<j)][j] = Cake[j];\n                continue;\n            }\n            for(int k = 0; k < (int)Cake.size(); k++)\n                if(!(i&(1<<k)) && j != k){\n                    double newValue = dp[i][j] + 2.0 * sqrt(Cake[j] * Cake[k]);\n                    dp[i+(1<<k)][k] = min(dp[i+(1<<k)][k], newValue);\n                }\n        }\n\n    for(int i = 0; i < (int)Cake.size(); i++){\n        if(dp[(1<<Cake.size())-1][i] + Cake[i] <= box) {cout << "OK" << endl; return;}\n    }\n    cout << "NA" << endl;\n}\n\nint main(){\n    while(cin >> box){\n        init();\n        make();\n        solve();\n    }\n    return 0;\n}') | LineLLMMutation(('source.cpp', 13), '#include<iostream>\n#include<vector>\n#include<sstream>\n#include<cmath>\n#include<algorithm>\n\nusing namespace std;\n\nconst int MAX = 13;\nvector<double> Cake;\ndouble box;\ndouble dp[(1<<MAX)][MAX];\n\nvoid init(){\n    Cake.clear();\n    std::fill(&dp[0][0], &dp[0][0] + (1<<MAX)*MAX, 100000000);\n    dp[0][0] = 0;\n}\n\nvoid make(){\n    string s;\n    getline(cin,s);\n    stringstream ss(s);\n    double num;\n    Cake.reserve(MAX); // Reserve space to avoid repeated reallocations\n    while(ss >> num) Cake.push_back(num);\n}\n\nvoid solve(){\n    for(int i = 0; i < (1<<Cake.size()); i++) {\n        for(int j = 0; j < (int)Cake.size(); j++) {\n            if(i == 0) {\n                dp[(1<<j)][j] = Cake[j];\n                continue;\n            }\n            double currentValue = dp[i][j];\n            for(int k = 0; k < (int)Cake.size(); k++) {\n                if(!(i & (1<<k)) && j != k) {\n                    double newValue = currentValue + 2.0 * sqrt(Cake[j] * Cake[k]);\n                    dp[i + (1<<k)][k] = min(dp[i + (1<<k)][k], newValue);\n                }\n            }\n        }\n    }\n\n    for(int i = 0; i < (int)Cake.size(); i++) {\n        if(dp[(1<<Cake.size())-1][i] + Cake[i] <= box) { cout << "OK" << endl; return; }\n    }\n    cout << "NA" << endl;\n}\n\nint main(){\n    while(cin >> box){\n        init();\n        make();\n        solve();\n    }\n    return 0;\n}')"
2025-01-23 17:27:19,769	[INFO]	Step: 20
2025-01-23 17:27:19,769	[INFO]	Stop Steps: 100
2025-01-23 17:27:21,443	[DEBUG]	EXEC>  SUCCESS 3655780.875
2025-01-23 17:27:21,443	[INFO]	REF     SUCCESS               3655780.88 (--) [0 edit(s)]  
2025-01-23 17:27:21,443	[INFO]	Best patch: 0
2025-01-23 17:27:22,118	[DEBUG]	EXEC>  SUCCESS 3081151.6875
2025-01-23 17:27:22,118	[INFO]	BEST    SUCCESS              *3081151.69 (84.28%) [0 edit(s)]  
2025-01-23 17:27:22,119	[INFO]	Best patch step: 12
2025-01-23 17:28:21,193	[INFO]	Step: 20
2025-01-23 17:28:21,193	[INFO]	Stop Steps: 100
2025-01-23 17:28:22,009	[DEBUG]	EXEC>  SUCCESS 3051737.0625
2025-01-23 17:28:22,010	[INFO]	2-1     SUCCESS              *3051737.06 (83.48%) [1 edit(s)]  
2025-01-23 17:28:22,010	[DEBUG]	patch(2-1)="LineLLMCrossover(('source.cpp', 0), '#include<iostream>\n#include<vector>\n#include<sstream>\n#include<cmath>\n#include<algorithm>\n\nusing namespace std;\n\nconst int MAX = 13;\nvector<float> Cake; // Keeping float for optimization\nfloat box;\nfloat dp[(1<<MAX)][MAX];\n\nvoid init(){\n    Cake.clear();\n    std::fill(&dp[0][0], &dp[0][0] + (1<<MAX)*MAX, 100000000);\n    dp[0][0] = 0;\n}\n\nvoid make(){\n    string s;\n    getline(cin,s);\n    stringstream ss(s);\n    float num;\n    Cake.reserve(MAX);\n    while(ss >> num) Cake.push_back(num);\n}\n\nvoid solve(){\n    for(int i = 0; i < (1<<Cake.size()); i++)\n        for(int j = 0; j < (int)Cake.size(); j++){\n            if(i == 0) {\n                dp[(1<<j)][j] = Cake[j];\n                continue;\n            }\n            for(int k = 0; k < (int)Cake.size(); k++)\n                if(!(i&(1<<k)) && j != k){\n                    float newValue = dp[i][j] + 2.0f * sqrt(Cake[j] * Cake[k]);\n                    dp[i+(1<<k)][k] = min(dp[i+(1<<k)][k], newValue);\n                }\n        }\n\n    for(int i = 0; i < (int)Cake.size(); i++){\n        if(dp[(1<<Cake.size())-1][i] + Cake[i] <= box) {cout << "OK" << endl; return;}\n    }\n    cout << "NA" << endl;\n}\n\nint main(){\n    while(cin >> box){\n        init();\n        make();\n        solve();\n    }\n    return 0;\n}')"

2025-01-23 17:28:22,010	[INFO]	Step: 21
2025-01-23 17:28:22,010	[INFO]	Stop Steps: 100
2025-01-23 17:28:22,691	[DEBUG]	EXEC>  SUCCESS 3053887.6875
2025-01-23 17:28:22,692	[INFO]	2-2     SUCCESS               3053887.69 (83.54%) [1 edit(s)]  
2025-01-23 17:28:22,692	[DEBUG]	patch(2-2)="LineLLMMutation(('source.cpp', 5), '#include<iostream>\n#include<vector>\n#include<sstream>\n#include<cmath>\n#include<algorithm>\n\nusing namespace std;\n\nconst int MAX = 13;\nvector<float> Cake; // Changed double to float\nfloat box; // Changed double to float\nfloat dp[(1<<MAX)][MAX]; // Adjusted type accordingly\n\nvoid init(){\n    Cake.clear();\n    std::fill(&dp[0][0], &dp[0][0] + (1<<MAX)*MAX, 100000000);\n    dp[0][0] = 0;\n}\n\nvoid make(){\n    string s;\n    getline(cin,s);\n    stringstream ss(s);\n    float num; // Adjusted type accordingly\n    Cake.reserve(MAX);\n    while(ss >> num) Cake.push_back(num);\n}\n\nvoid solve(){\n    for(int i = 0; i < (1<<Cake.size()); i++)\n        for(int j = 0; j < (int)Cake.size(); j++){\n            if(i == 0) {\n                dp[(1<<j)][j] = Cake[j];\n                continue;\n            }\n            for(int k = 0; k < (int)Cake.size(); k++)\n                if(!(i&(1<<k)) && j != k){\n                    float newValue = dp[i][j] + 2.0f * sqrt(Cake[j] * Cake[k]); // Changed to float\n                    dp[i+(1<<k)][k] = min(dp[i+(1<<k)][k], newValue);\n                }\n        }\n\n    for(int i = 0; i < (int)Cake.size(); i++){\n        if(dp[(1<<Cake.size())-1][i] + Cake[i] <= box) {cout << "OK" << endl; return;}\n    }\n    cout << "NA" << endl;\n}\n\nint main(){\n    while(cin >> box){\n        init();\n        make();\n        solve();\n    }\n    return 0;\n}')"
2025-01-23 17:28:22,692	[INFO]	Step: 22
2025-01-23 17:28:22,692	[INFO]	Stop Steps: 100
2025-01-23 17:28:23,393	[DEBUG]	EXEC>  SUCCESS 3096334.0625
2025-01-23 17:28:23,393	[INFO]	2-3     SUCCESS               3096334.06 (84.70%) [1 edit(s)]  
2025-01-23 17:28:23,393	[DEBUG]	patch(2-3)="LineLLMCrossover(('source.cpp', 4), '#include<iostream>\n#include<vector>\n#include<sstream>\n#include<cmath>\n#include<algorithm>\n\nusing namespace std;\n\nconst int MAX = 13;\nvector<float> Cake;\nfloat box;\nfloat dp[(1<<MAX)][MAX];\n\nvoid init(){\n    Cake.clear();\n    std::fill(&dp[0][0], &dp[0][0] + (1<<MAX)*MAX, 100000000);\n    dp[0][0] = 0;\n}\n\nvoid make(){\n    string s;\n    getline(cin,s);\n    stringstream ss(s);\n    float num;\n    Cake.reserve(MAX);\n    while(ss >> num) Cake.push_back(num);\n}\n\nvoid solve(){\n    vector<float> sqrtCake(Cake.size());\n    for (int i = 0; i < Cake.size(); ++i) {\n        sqrtCake[i] = sqrt(Cake[i]);\n    }\n\n    for(int i = 0; i < (1<<Cake.size()); i++)\n        for(int j = 0; j < (int)Cake.size(); j++){\n            if(i == 0) {\n                dp[(1<<j)][j] = Cake[j];\n                continue;\n            }\n            for(int k = 0; k < (int)Cake.size(); k++)\n                if(!(i&(1<<k)) && j != k){\n                    float newValue = dp[i][j] + 2.0f * (sqrtCake[j] * sqrtCake[k]);\n                    dp[i+(1<<k)][k] = min(dp[i+(1<<k)][k], newValue);\n                }\n        }\n\n    for(int i = 0; i < (int)Cake.size(); i++){\n        if(dp[(1<<Cake.size())-1][i] + Cake[i] <= box) {cout << "OK" << endl; return;}\n    }\n    cout << "NA" << endl;\n}\n\nint main(){\n    while(cin >> box){\n        init();\n        make();\n        solve();\n    }\n    return 0;\n}')"
2025-01-23 17:28:23,393	[INFO]	Step: 23
2025-01-23 17:28:23,393	[INFO]	Stop Steps: 100
2025-01-23 17:28:24,075	[DEBUG]	EXEC>  SUCCESS 3639795.3125
2025-01-23 17:28:24,075	[INFO]	2-4     SUCCESS               3639795.31 (99.56%) [1 edit(s)]  
2025-01-23 17:28:24,075	[DEBUG]	patch(2-4)="LineLLMCrossover(('source.cpp', 5), '#include<iostream>\n#include<vector>\n#include<sstream>\n#include<cmath>\n#include<algorithm>\n\nusing namespace std;\n\nconst int MAX = 13;\nvector<double> Cake;\ndouble box;\ndouble dp[(1<<MAX)][MAX];\n\nvoid init(){\n    Cake.clear();\n    for(auto& row : dp) {\n        std::fill(std::begin(row), std::end(row), 1e9);\n    }\n    dp[0][0] = 0;\n}\n\nvoid make(){\n    string s;\n    getline(cin,s);\n    stringstream ss(s);\n    double num;\n    Cake.reserve(MAX);\n    while(ss >> num) Cake.push_back(num);\n}\n\nvoid solve(){\n    for(int i = 0; i < (1<<Cake.size()); i++)\n        for(int j = 0; j < (int)Cake.size(); j++){\n            if(i == 0) {dp[(1<<j)][j] = Cake[j]; continue;}\n            for(int k = 0; k < (int)Cake.size(); k++)\n                if(!(i&(1<<k)) && j != k){\n                    dp[i+(1<<k)][k] = min(dp[i+(1<<k)][k],dp[i][j]+2.0*sqrt(Cake[j]*Cake[k]));\n                }\n        }\n\n    for(int i = 0; i < (int)Cake.size(); i++){\n        if(dp[(1<<Cake.size())-1][i]+Cake[i] <= box) {cout << "OK" << endl;return;}\n    }\n    cout << "NA" << endl;\n}\n\nint main(){\n    while(cin >> box){\n        init();\n        make();\n        solve();\n    }\n    return 0;\n}')"
2025-01-23 17:28:24,075	[INFO]	Step: 24
2025-01-23 17:28:24,075	[INFO]	Stop Steps: 100
2025-01-23 17:28:24,777	[DEBUG]	EXEC>  SUCCESS 3105544.3125
2025-01-23 17:28:24,778	[INFO]	2-5     SUCCESS               3105544.31 (84.95%) [1 edit(s)]  
2025-01-23 17:28:24,778	[DEBUG]	patch(2-5)="LineLLMCrossover(('source.cpp', 6), '#include<iostream>\n#include<vector>\n#include<sstream>\n#include<cmath>\n#include<algorithm>\n\nusing namespace std;\n\nconst int MAX = 13;\nvector<float> Cake;\nfloat box;\nfloat dp[(1<<MAX)][MAX];\n\nvoid init(){\n    Cake.clear();\n    std::fill(&dp[0][0], &dp[0][0] + (1<<MAX)*MAX, 100000000);\n    dp[0][0] = 0;\n}\n\nvoid make(){\n    string s;\n    getline(cin,s);\n    stringstream ss(s);\n    float num;\n    Cake.reserve(MAX);\n    while(ss >> num) Cake.push_back(num);\n}\n\nvoid solve(){\n    vector<float> sqrtCake(Cake.size());\n    for (int i = 0; i < Cake.size(); ++i) {\n        sqrtCake[i] = sqrt(Cake[i]);\n    }\n\n    for(int i = 0; i < (1<<Cake.size()); i++)\n        for(int j = 0; j < (int)Cake.size(); j++){\n            if(i == 0) {\n                dp[(1<<j)][j] = Cake[j];\n                continue;\n            }\n            for(int k = 0; k < (int)Cake.size(); k++)\n                if(!(i&(1<<k)) && j != k){\n                    float newValue = dp[i][j] + 2.0f * (sqrtCake[j] * sqrtCake[k]);\n                    dp[i+(1<<k)][k] = min(dp[i+(1<<k)][k], newValue);\n                }\n        }\n\n    for(int i = 0; i < (int)Cake.size(); i++){\n        if(dp[(1<<Cake.size())-1][i] + Cake[i] <= box) {cout << "OK" << endl; return;}\n    }\n    cout << "NA" << endl;\n}\n\nint main(){\n    while(cin >> box){\n        init();\n        make();\n        solve();\n    }\n    return 0;\n}')"
2025-01-23 17:28:24,778	[INFO]	Step: 25
2025-01-23 17:28:24,778	[INFO]	Stop Steps: 100
2025-01-23 17:28:25,458	[DEBUG]	EXEC>  SUCCESS 3682856.5
2025-01-23 17:28:25,459	[INFO]	2-6     SUCCESS               3682856.50 (100.74%) [1 edit(s)]  
2025-01-23 17:28:25,459	[DEBUG]	patch(2-6)="LineLLMCrossover(('source.cpp', 7), '#include<iostream>\n#include<vector>\n#include<sstream>\n#include<cmath>\n#include<algorithm>\n\nusing namespace std;\n\nconst int MAX = 13;\nvector<double> Cake;\ndouble box;\ndouble dp[(1<<MAX)][MAX];\n\nvoid init(){\n    Cake.clear();\n    for(auto& row : dp) {\n        std::fill(std::begin(row), std::end(row), 1e9); \n    }\n    dp[0][0] = 0;\n}\n\nvoid make(){\n    string s;\n    getline(cin,s);\n    stringstream ss(s);\n    double num;\n    Cake.reserve(MAX);\n    while(ss >> num) Cake.push_back(num);\n}\n\nvoid solve(){\n    for(int i = 0; i < (1<<Cake.size()); i++)\n        for(int j = 0; j < (int)Cake.size(); j++){\n            if(i == 0) {dp[(1<<j)][j] = Cake[j]; continue;}\n            for(int k = 0; k < (int)Cake.size(); k++)\n                if(!(i&(1<<k)) && j != k){\n                    dp[i+(1<<k)][k] = min(dp[i+(1<<k)][k],dp[i][j]+2.0*sqrt(Cake[j]*Cake[k]));\n                }\n        }\n\n    for(int i = 0; i < (int)Cake.size(); i++){\n        if(dp[(1<<Cake.size())-1][i]+Cake[i] <= box) {cout << "OK" << endl;return;}\n    }\n    cout << "NA" << endl;\n}\n\nint main(){\n    while(cin >> box){\n        init();\n        make();\n        solve();\n    }\n    return 0;\n}')"
2025-01-23 17:28:25,459	[INFO]	Step: 26
2025-01-23 17:28:25,459	[INFO]	Stop Steps: 100
2025-01-23 17:28:26,138	[DEBUG]	EXEC>  SUCCESS 3062466.8125
2025-01-23 17:28:26,138	[INFO]	2-7     SUCCESS               3062466.81 (83.77%) [2 edit(s)]  
2025-01-23 17:28:26,138	[DEBUG]	patch(2-7)="LineLLMCrossover(('source.cpp', 0), '#include<iostream>\n#include<vector>\n#include<sstream>\n#include<cmath>\n#include<algorithm>\n\nusing namespace std;\n\nconst int MAX = 13;\nvector<float> Cake; // Keeping float for optimization\nfloat box;\nfloat dp[(1<<MAX)][MAX];\n\nvoid init(){\n    Cake.clear();\n    std::fill(&dp[0][0], &dp[0][0] + (1<<MAX)*MAX, 100000000);\n    dp[0][0] = 0;\n}\n\nvoid make(){\n    string s;\n    getline(cin,s);\n    stringstream ss(s);\n    float num;\n    Cake.reserve(MAX);\n    while(ss >> num) Cake.push_back(num);\n}\n\nvoid solve(){\n    for(int i = 0; i < (1<<Cake.size()); i++)\n        for(int j = 0; j < (int)Cake.size(); j++){\n            if(i == 0) {\n                dp[(1<<j)][j] = Cake[j];\n                continue;\n            }\n            for(int k = 0; k < (int)Cake.size(); k++)\n                if(!(i&(1<<k)) && j != k){\n                    float newValue = dp[i][j] + 2.0f * sqrt(Cake[j] * Cake[k]);\n                    dp[i+(1<<k)][k] = min(dp[i+(1<<k)][k], newValue);\n                }\n        }\n\n    for(int i = 0; i < (int)Cake.size(); i++){\n        if(dp[(1<<Cake.size())-1][i] + Cake[i] <= box) {cout << "OK" << endl; return;}\n    }\n    cout << "NA" << endl;\n}\n\nint main(){\n    while(cin >> box){\n        init();\n        make();\n        solve();\n    }\n    return 0;\n}') | LineLLMMutation(('source.cpp', 14), '#include<iostream>\n#include<vector>\n#include<sstream>\n#include<cmath>\n#include<algorithm>\n\nusing namespace std;\n\nconst int MAX = 13;\nvector<float> Cake; // Keeping float for optimization\nfloat box;\nfloat dp[(1<<MAX)][MAX];\n\nvoid init(){\n    Cake.clear();\n    std::fill(&dp[0][0], &dp[0][0] + (1<<MAX)*MAX, 100000000);\n    dp[0][0] = 0;\n}\n\nvoid make(){\n    string s;\n    getline(cin,s);\n    stringstream ss(s);\n    float num;\n    Cake.reserve(MAX);\n    while(ss >> num) Cake.push_back(num);\n}\n\nvoid solve(){\n    int n = (int)Cake.size();\n    for(int i = 0; i < (1 << n); i++)\n        for(int j = 0; j < n; j++){\n            if(i == 0) {\n                dp[(1<<j)][j] = Cake[j];\n                continue;\n            }\n            if (dp[i][j] == 100000000) continue; // Skip impossible states\n            for(int k = 0; k < n; k++)\n                if(!(i & (1 << k)) && j != k){\n                    float newValue = dp[i][j] + 2.0f * sqrt(Cake[j] * Cake[k]);\n                    dp[i | (1 << k)][k] = min(dp[i | (1 << k)][k], newValue);\n                }\n        }\n\n    for(int i = 0; i < n; i++){\n        if(dp[(1 << n) - 1][i] + Cake[i] <= box) {cout << "OK" << endl; return;}\n    }\n    cout << "NA" << endl;\n}\n\nint main(){\n    while(cin >> box){\n        init();\n        make();\n        solve();\n    }\n    return 0;\n}')"
2025-01-23 17:28:26,138	[INFO]	Step: 27
2025-01-23 17:28:26,138	[INFO]	Stop Steps: 100
2025-01-23 17:28:26,828	[DEBUG]	EXEC>  SUCCESS 3081746.75
2025-01-23 17:28:26,828	[INFO]	2-8     SUCCESS               3081746.75 (84.30%) [2 edit(s)]  
2025-01-23 17:28:26,828	[DEBUG]	patch(2-8)="LineLLMMutation(('source.cpp', 5), '#include<iostream>\n#include<vector>\n#include<sstream>\n#include<cmath>\n#include<algorithm>\n\nusing namespace std;\n\nconst int MAX = 13;\nvector<float> Cake; // Changed double to float\nfloat box; // Changed double to float\nfloat dp[(1<<MAX)][MAX]; // Adjusted type accordingly\n\nvoid init(){\n    Cake.clear();\n    std::fill(&dp[0][0], &dp[0][0] + (1<<MAX)*MAX, 100000000);\n    dp[0][0] = 0;\n}\n\nvoid make(){\n    string s;\n    getline(cin,s);\n    stringstream ss(s);\n    float num; // Adjusted type accordingly\n    Cake.reserve(MAX);\n    while(ss >> num) Cake.push_back(num);\n}\n\nvoid solve(){\n    for(int i = 0; i < (1<<Cake.size()); i++)\n        for(int j = 0; j < (int)Cake.size(); j++){\n            if(i == 0) {\n                dp[(1<<j)][j] = Cake[j];\n                continue;\n            }\n            for(int k = 0; k < (int)Cake.size(); k++)\n                if(!(i&(1<<k)) && j != k){\n                    float newValue = dp[i][j] + 2.0f * sqrt(Cake[j] * Cake[k]); // Changed to float\n                    dp[i+(1<<k)][k] = min(dp[i+(1<<k)][k], newValue);\n                }\n        }\n\n    for(int i = 0; i < (int)Cake.size(); i++){\n        if(dp[(1<<Cake.size())-1][i] + Cake[i] <= box) {cout << "OK" << endl; return;}\n    }\n    cout << "NA" << endl;\n}\n\nint main(){\n    while(cin >> box){\n        init();\n        make();\n        solve();\n    }\n    return 0;\n}') | LineLLMMutation(('source.cpp', 15), '#include<iostream>\n#include<vector>\n#include<sstream>\n#include<cmath>\n#include<algorithm>\n\nusing namespace std;\n\nconst int MAX = 13;\nvector<float> Cake; // Changed double to float\nfloat box; // Changed double to float\nfloat dp[(1<<MAX)][MAX]; // Adjusted type accordingly\n\nvoid init(){\n    Cake.clear();\n    // Optimized the initialization of the dp array using a single loop\n    for(int i = 0; i < (1 << MAX); ++i) {\n        fill(dp[i], dp[i] + MAX, 100000000);\n    }\n    dp[0][0] = 0;\n}\n\nvoid make(){\n    string s;\n    getline(cin,s);\n    stringstream ss(s);\n    float num; // Adjusted type accordingly\n    Cake.reserve(MAX);\n    while(ss >> num) Cake.push_back(num);\n}\n\nvoid solve(){\n    for(int i = 0; i < (1<<Cake.size()); i++)\n        for(int j = 0; j < (int)Cake.size(); j++){\n            if(i == 0) {\n                dp[(1<<j)][j] = Cake[j];\n                continue;\n            }\n            for(int k = 0; k < (int)Cake.size(); k++)\n                if(!(i&(1<<k)) && j != k){\n                    float newValue = dp[i][j] + 2.0f * sqrt(Cake[j] * Cake[k]); // Changed to float\n                    dp[i+(1<<k)][k] = min(dp[i+(1<<k)][k], newValue);\n                }\n        }\n\n    for(int i = 0; i < (int)Cake.size(); i++){\n        if(dp[(1<<Cake.size())-1][i] + Cake[i] <= box) {cout << "OK" << endl; return;}\n    }\n    cout << "NA" << endl;\n}\n\nint main(){\n    while(cin >> box){\n        init();\n        make();\n        solve();\n    }\n    return 0;\n}')"
2025-01-23 17:28:26,828	[INFO]	Step: 28
2025-01-23 17:28:26,828	[INFO]	Stop Steps: 100
2025-01-23 17:28:29,555	[INFO]	2-9     TEST_CODE_ERROR       None (--) [3 edit(s)]  
2025-01-23 17:28:29,555	[DEBUG]	patch(2-9)="LineLLMMutation(('source.cpp', 5), '#include<iostream>\n#include<vector>\n#include<sstream>\n#include<cmath>\n#include<algorithm>\n\nusing namespace std;\n\nconst int MAX = 13;\nvector<float> Cake; // Changed double to float\nfloat box; // Changed double to float\nfloat dp[(1<<MAX)][MAX]; // Adjusted type accordingly\n\nvoid init(){\n    Cake.clear();\n    std::fill(&dp[0][0], &dp[0][0] + (1<<MAX)*MAX, 100000000);\n    dp[0][0] = 0;\n}\n\nvoid make(){\n    string s;\n    getline(cin,s);\n    stringstream ss(s);\n    float num; // Adjusted type accordingly\n    Cake.reserve(MAX);\n    while(ss >> num) Cake.push_back(num);\n}\n\nvoid solve(){\n    for(int i = 0; i < (1<<Cake.size()); i++)\n        for(int j = 0; j < (int)Cake.size(); j++){\n            if(i == 0) {\n                dp[(1<<j)][j] = Cake[j];\n                continue;\n            }\n            for(int k = 0; k < (int)Cake.size(); k++)\n                if(!(i&(1<<k)) && j != k){\n                    float newValue = dp[i][j] + 2.0f * sqrt(Cake[j] * Cake[k]); // Changed to float\n                    dp[i+(1<<k)][k] = min(dp[i+(1<<k)][k], newValue);\n                }\n        }\n\n    for(int i = 0; i < (int)Cake.size(); i++){\n        if(dp[(1<<Cake.size())-1][i] + Cake[i] <= box) {cout << "OK" << endl; return;}\n    }\n    cout << "NA" << endl;\n}\n\nint main(){\n    while(cin >> box){\n        init();\n        make();\n        solve();\n    }\n    return 0;\n}') | LineLLMMutation(('source.cpp', 10), '#include<iostream>\n#include<vector>\n#include<sstream>\n#include<cmath>\n#include<algorithm>\n\nusing namespace std;\n\nconst int MAX = 13;\nvector<float> Cake; // Changed double to float\nfloat box; // Changed double to float\nfloat dp[(1<<MAX)][MAX]; // Adjusted type accordingly\n\nvoid init(){\n    Cake.clear();\n    std::fill(&dp[0][0], &dp[0][0] + (1<<MAX)*MAX, 100000000);\n    dp[0][0] = 0;\n}\n\nvoid make(){\n    string s;\n    getline(cin,s);\n    stringstream ss(s);\n    float num; // Adjusted type accordingly\n    Cake.reserve(MAX);\n    while(ss >> num) Cake.push_back(num);\n}\n\nvoid solve(){\n    // Precompute square roots to avoid repeated calculations\n    vector<float> sqrtCake(Cake.size());\n    for (int i = 0; i < Cake.size(); ++i) {\n        sqrtCake[i] = sqrt(Cake[i]);\n    }\n\n    for(int i = 0; i < (1<<Cake.size()); i++)\n        for(int j = 0; j < (int)Cake.size(); j++){\n            if(i == 0) {\n                dp[(1<<j)][j] = Cake[j];\n                continue;\n            }\n            for(int k = 0; k < (int)Cake.size(); k++)\n                if(!(i&(1<<k)) && j != k){\n                    float newValue = dp[i][j] + 2.0f * (sqrtCake[j] * sqrtCake[k]); // Use precomputed square roots\n                    dp[i+(1<<k)][k] = min(dp[i+(1<<k)][k], newValue);\n                }\n        }\n\n    for(int i = 0; i < (int)Cake.size(); i++){\n        if(dp[(1<<Cake.size())-1][i] + Cake[i] <= box) {cout << "OK" << endl; return;}\n    }\n    cout << "NA" << endl;\n}\n\nint main(){\n    while(cin >> box){\n        init();\n        make();\n        solve();\n    }\n    return 0;\n}') | LineLLMMutation(('source.cpp', 16), '#include<iostream>\n#include<vector>\n#include<sstream>\n#include<cmath>\n#include<algorithm>\n\nusing namespace std;\n\nconst int MAX = 13;\nvector<float> Cake; // Changed double to float\nfloat box; // Changed double to float\nfloat dp[MAX][1<<MAX]; // Adjusted array dimensions and type accordingly\n\nvoid init(){\n    Cake.clear();\n    for(int i = 0; i < (1 << MAX); ++i) {\n        fill(dp[i], dp[i] + MAX, 100000000);\n    }\n    dp[0][0] = 0;\n}\n\nvoid make(){\n    string s;\n    getline(cin,s);\n    stringstream ss(s);\n    float num; // Adjusted type accordingly\n    Cake.reserve(MAX);\n    while(ss >> num) Cake.push_back(num);\n}\n\nvoid solve(){\n    // Precompute square roots to avoid repeated calculations\n    vector<float> sqrtCake(Cake.size());\n    for (int i = 0; i < Cake.size(); ++i) {\n        sqrtCake[i] = sqrt(Cake[i]);\n    }\n\n    for(int i = 0; i < (1<<Cake.size()); i++)\n        for(int j = 0; j < (int)Cake.size(); j++){\n            if(i == 0) {\n                dp[j][1<<j] = Cake[j]; // Corrected indexing to properly store values\n                continue;\n            }\n            for(int k = 0; k < (int)Cake.size(); k++)\n                if(!(i&(1<<k)) && j != k){\n                    float newValue = dp[j][i] + 2.0f * (sqrtCake[j] * sqrtCake[k]); // Use precomputed square roots\n                    dp[k][i + (1<<k)] = min(dp[k][i + (1<<k)], newValue);\n                }\n        }\n\n    for(int i = 0; i < (int)Cake.size(); i++){\n        if(dp[i][(1<<Cake.size())-1] + Cake[i] <= box) {cout << "OK" << endl; return;}\n    }\n    cout << "NA" << endl;\n}\n\nint main(){\n    while(cin >> box){\n        init();\n        make();\n        solve();\n    }\n    return 0;\n}')"
2025-01-23 17:28:29,555	[INFO]	Step: 29
2025-01-23 17:28:29,555	[INFO]	Stop Steps: 100
2025-01-23 17:28:29,891	[INFO]	2-10    COMPILE_CODE_ERROR    None (--) [3 edit(s)]  
2025-01-23 17:28:29,891	[DEBUG]	patch(2-10)="LineLLMMutation(('source.cpp', 0), '#include<iostream>\n#include<vector>\n#include<sstream>\n#include<cmath>\n#include<algorithm> // Added for std::fill\n\nusing namespace std;\n\nconst int MAX = 13;\nvector<double> Cake;\ndouble box;\ndouble dp[(1<<MAX)][MAX];\n\nvoid init(){\n    Cake.clear();\n    std::fill(&dp[0][0], &dp[0][0] + (1<<MAX)*MAX, 100000000); // Changed to a more readable syntax\n    dp[0][0] = 0;\n}\n\nvoid make(){\n    string s;\n    getline(cin,s);\n    stringstream ss(s);\n    double num;\n    while(ss >> num) Cake.push_back(num);\n}\n\nvoid solve(){\n    for(int i = 0; i < (1<<Cake.size()); i++)\n        for(int j = 0; j < (int)Cake.size(); j++){\n            if(i == 0) {dp[(1<<j)][j] = Cake[j]; continue;}\n            for(int k = 0; k < (int)Cake.size(); k++)\n                if(!(i&(1<<k)) && j != k){\n                    dp[i+(1<<k)][k] = min(dp[i+(1<<k)][k],dp[i][j]+2.0*sqrt(Cake[j]*Cake[k]));\n                }\n        }\n\n    for(int i = 0; i < (int)Cake.size(); i++){\n        if(dp[(1<<Cake.size())-1][i]+Cake[i] <= box) {cout << "OK" << endl;return;}\n    }\n    cout << "NA" << endl;\n}\n\nint main(){\n    while(cin >> box){\n        init();\n        make();\n        solve();\n    }\n    return 0;\n}') | LineLLMMutation(('source.cpp', 12), '#include<iostream>\n#include<vector>\n#include<sstream>\n#include<cmath>\n#include<algorithm> // Added for std::fill\n\nusing namespace std;\n\nconst int MAX = 13;\nvector<double> Cake;\ndouble box;\ndouble dp[(1<<MAX)][MAX];\n\nvoid init(){\n    Cake.clear();\n    // Initialize the dp array with a more efficient method\n    for(auto& row : dp) {\n        std::fill(std::begin(row), std::end(row), 1e9); // Use 1e9 for readability and performance\n    }\n    dp[0][0] = 0;\n}\n\nvoid make(){\n    string s;\n    getline(cin,s);\n    stringstream ss(s);\n    double num;\n    while(ss >> num) Cake.push_back(num);\n}\n\nvoid solve(){\n    for(int i = 0; i < (1<<Cake.size()); i++)\n        for(int j = 0; j < (int)Cake.size(); j++){\n            if(i == 0) {dp[(1<<j)][j] = Cake[j]; continue;}\n            for(int k = 0; k < (int)Cake.size(); k++)\n                if(!(i&(1<<k)) && j != k){\n                    dp[i+(1<<k)][k] = min(dp[i+(1<<k)][k],dp[i][j]+2.0*sqrt(Cake[j]*Cake[k]));\n                }\n        }\n\n    for(int i = 0; i < (int)Cake.size(); i++){\n        if(dp[(1<<Cake.size())-1][i]+Cake[i] <= box) {cout << "OK" << endl;return;}\n    }\n    cout << "NA" << endl;\n}\n\nint main(){\n    while(cin >> box){\n        init();\n        make();\n        solve();\n    }\n    return 0;\n}') | LineLLMMutation(('source.cpp', 17), '#include<iostream>\n#include<vector>\n#include<sstream>\n#include<cmath>\n#include<algorithm>\n\nusing namespace std;\n\nvector<double> Cake;\ndouble box;\nvector<vector<double>> dp;\n\nvoid init(){\n    Cake.clear();\n    // Initialize the dp array with a vector instead of a fixed-size array\n    dp.assign(1 << MAX, vector<double>(MAX, 1e9)); // Use vector for dynamic sizing\n    dp[0][0] = 0;\n}\n\nvoid make(){\n    string s;\n    getline(cin,s);\n    stringstream ss(s);\n    double num;\n    while(ss >> num) Cake.push_back(num);\n}\n\nvoid solve(){\n    for(int i = 0; i < (1<<Cake.size()); i++)\n        for(int j = 0; j < (int)Cake.size(); j++){\n            if(i == 0) {dp[(1<<j)][j] = Cake[j]; continue;}\n            for(int k = 0; k < (int)Cake.size(); k++)\n                if(!(i&(1<<k)) && j != k){\n                    dp[i+(1<<k)][k] = min(dp[i+(1<<k)][k],dp[i][j]+2.0*sqrt(Cake[j]*Cake[k]));\n                }\n        }\n\n    for(int i = 0; i < (int)Cake.size(); i++){\n        if(dp[(1<<Cake.size())-1][i]+Cake[i] <= box) {cout << "OK" << endl;return;}\n    }\n    cout << "NA" << endl;\n}\n\nint main(){\n    while(cin >> box){\n        init();\n        make();\n        solve();\n    }\n    return 0;\n}')"
2025-01-23 17:28:29,891	[INFO]	Step: 30
2025-01-23 17:28:29,891	[INFO]	Stop Steps: 100
2025-01-23 17:28:31,689	[DEBUG]	EXEC>  SUCCESS 3618805.9375
2025-01-23 17:28:31,689	[INFO]	REF     SUCCESS               3618805.94 (--) [0 edit(s)]  
2025-01-23 17:28:31,689	[INFO]	Best patch: 0
2025-01-23 17:28:32,367	[DEBUG]	EXEC>  SUCCESS 3103126.125
2025-01-23 17:28:32,367	[INFO]	BEST    SUCCESS              *3103126.12 (85.75%) [0 edit(s)]  
2025-01-23 17:28:32,367	[INFO]	Best patch step: 20
2025-01-23 17:29:21,709	[INFO]	Step: 30
2025-01-23 17:29:21,709	[INFO]	Stop Steps: 100
2025-01-23 17:29:22,511	[DEBUG]	EXEC>  SUCCESS 3105160.3125
2025-01-23 17:29:22,512	[INFO]	3-1     SUCCESS              +3105160.31 (85.81%) [1 edit(s)]  
2025-01-23 17:29:22,512	[DEBUG]	patch(3-1)="LineLLMCrossover(('source.cpp', 0), '#include<iostream>\n#include<vector>\n#include<sstream>\n#include<cmath>\n#include<algorithm>\n\nusing namespace std;\n\nconst int MAX = 13;\nvector<float> Cake; // Keeping float for optimization\nfloat box;\nfloat dp[(1<<MAX)][MAX];\n\nvoid init(){\n    Cake.clear();\n    std::fill(&dp[0][0], &dp[0][0] + (1<<MAX)*MAX, 100000000);\n    dp[0][0] = 0;\n}\n\nvoid make(){\n    string s;\n    getline(cin,s);\n    stringstream ss(s);\n    float num;\n    Cake.reserve(MAX);\n    while(ss >> num) Cake.push_back(num);\n}\n\nvoid solve(){\n    for(int i = 0; i < (1<<Cake.size()); i++)\n        for(int j = 0; j < (int)Cake.size(); j++){\n            if(i == 0) {\n                dp[(1<<j)][j] = Cake[j];\n                continue;\n            }\n            for(int k = 0; k < (int)Cake.size(); k++)\n                if(!(i&(1<<k)) && j != k){\n                    float newValue = dp[i][j] + 2.0f * sqrt(Cake[j] * Cake[k]);\n                    dp[i+(1<<k)][k] = min(dp[i+(1<<k)][k], newValue);\n                }\n        }\n\n    for(int i = 0; i < (int)Cake.size(); i++){\n        if(dp[(1<<Cake.size())-1][i] + Cake[i] <= box) {cout << "OK" << endl; return;}\n    }\n    cout << "NA" << endl;\n}\n\nint main(){\n    while(cin >> box){\n        init();\n        make();\n        solve();\n    }\n    return 0;\n}')"
2025-01-23 17:29:22,512	[INFO]	Step: 31
2025-01-23 17:29:22,512	[INFO]	Stop Steps: 100
2025-01-23 17:29:23,200	[DEBUG]	EXEC>  SUCCESS 3083175.3125
2025-01-23 17:29:23,201	[INFO]	3-2     SUCCESS              *3083175.31 (85.20%) [1 edit(s)]  
2025-01-23 17:29:23,201	[DEBUG]	patch(3-2)="LineLLMMutation(('source.cpp', 5), '#include<iostream>\n#include<vector>\n#include<sstream>\n#include<cmath>\n#include<algorithm>\n\nusing namespace std;\n\nconst int MAX = 13;\nvector<float> Cake; // Changed double to float\nfloat box; // Changed double to float\nfloat dp[(1<<MAX)][MAX]; // Adjusted type accordingly\n\nvoid init(){\n    Cake.clear();\n    std::fill(&dp[0][0], &dp[0][0] + (1<<MAX)*MAX, 100000000);\n    dp[0][0] = 0;\n}\n\nvoid make(){\n    string s;\n    getline(cin,s);\n    stringstream ss(s);\n    float num; // Adjusted type accordingly\n    Cake.reserve(MAX);\n    while(ss >> num) Cake.push_back(num);\n}\n\nvoid solve(){\n    for(int i = 0; i < (1<<Cake.size()); i++)\n        for(int j = 0; j < (int)Cake.size(); j++){\n            if(i == 0) {\n                dp[(1<<j)][j] = Cake[j];\n                continue;\n            }\n            for(int k = 0; k < (int)Cake.size(); k++)\n                if(!(i&(1<<k)) && j != k){\n                    float newValue = dp[i][j] + 2.0f * sqrt(Cake[j] * Cake[k]); // Changed to float\n                    dp[i+(1<<k)][k] = min(dp[i+(1<<k)][k], newValue);\n                }\n        }\n\n    for(int i = 0; i < (int)Cake.size(); i++){\n        if(dp[(1<<Cake.size())-1][i] + Cake[i] <= box) {cout << "OK" << endl; return;}\n    }\n    cout << "NA" << endl;\n}\n\nint main(){\n    while(cin >> box){\n        init();\n        make();\n        solve();\n    }\n    return 0;\n}')"

2025-01-23 17:29:23,201	[INFO]	Step: 32
2025-01-23 17:29:23,201	[INFO]	Stop Steps: 100
2025-01-23 17:29:23,891	[DEBUG]	EXEC>  SUCCESS 3104778.6875
2025-01-23 17:29:23,891	[INFO]	3-3     SUCCESS               3104778.69 (85.80%) [1 edit(s)]  
2025-01-23 17:29:23,891	[DEBUG]	patch(3-3)="LineLLMCrossover(('source.cpp', 8), '#include<iostream>\n#include<vector>\n#include<sstream>\n#include<cmath>\n#include<algorithm>\n\nusing namespace std;\n\nconst int MAX = 13;\nvector<float> Cake; \nfloat box; \nfloat dp[(1<<MAX)][MAX];\n\nvoid init(){\n    Cake.clear();\n    std::fill(&dp[0][0], &dp[0][0] + (1<<MAX)*MAX, 100000000);\n    dp[0][0] = 0;\n}\n\nvoid make(){\n    string s;\n    getline(cin,s);\n    stringstream ss(s);\n    float num;\n    Cake.reserve(MAX);\n    while(ss >> num) Cake.push_back(num);\n}\n\nvoid solve(){\n    for(int i = 0; i < (1<<Cake.size()); i++)\n        for(int j = 0; j < (int)Cake.size(); j++){\n            if(i == 0) {\n                dp[(1<<j)][j] = Cake[j];\n                continue;\n            }\n            for(int k = 0; k < (int)Cake.size(); k++)\n                if(!(i&(1<<k)) && j != k){\n                    float newValue = dp[i][j] + 2.0f * sqrt(Cake[j] * Cake[k]);\n                    dp[i+(1<<k)][k] = min(dp[i+(1<<k)][k], newValue);\n                }\n        }\n\n    for(int i = 0; i < (int)Cake.size(); i++){\n        if(dp[(1<<Cake.size())-1][i] + Cake[i] <= box) {cout << "OK" << endl; return;}\n    }\n    cout << "NA" << endl;\n}\n\nint main(){\n    while(cin >> box){\n        init();\n        make();\n        solve();\n    }\n    return 0;\n}')"
2025-01-23 17:29:23,891	[INFO]	Step: 33
2025-01-23 17:29:23,891	[INFO]	Stop Steps: 100
2025-01-23 17:29:24,569	[DEBUG]	EXEC>  SUCCESS 3076760.9375
2025-01-23 17:29:24,569	[INFO]	3-4     SUCCESS              *3076760.94 (85.02%) [1 edit(s)]  
2025-01-23 17:29:24,569	[DEBUG]	patch(3-4)="LineLLMCrossover(('source.cpp', 9), '#include<iostream>\n#include<vector>\n#include<sstream>\n#include<cmath>\n#include<algorithm>\n\nusing namespace std;\n\nconst int MAX = 13;\nvector<float> Cake; \nfloat box; \nfloat dp[(1<<MAX)][MAX];\n\nvoid init(){\n    Cake.clear();\n    for(int i = 0; i < (1 << MAX); ++i) {\n        fill(dp[i], dp[i] + MAX, 100000000);\n    }\n    dp[0][0] = 0;\n}\n\nvoid make(){\n    string s;\n    getline(cin,s);\n    stringstream ss(s);\n    float num; \n    Cake.reserve(MAX);\n    while(ss >> num) Cake.push_back(num);\n}\n\nvoid solve(){\n    int n = (int)Cake.size();\n    for(int i = 0; i < (1 << n); i++)\n        for(int j = 0; j < n; j++){\n            if(i == 0) {\n                dp[(1<<j)][j] = Cake[j];\n                continue;\n            }\n            if (dp[i][j] == 100000000) continue; // Skip impossible states\n            for(int k = 0; k < n; k++)\n                if(!(i & (1 << k)) && j != k){\n                    float newValue = dp[i][j] + 2.0f * sqrt(Cake[j] * Cake[k]);\n                    dp[i | (1 << k)][k] = min(dp[i | (1 << k)][k], newValue);\n                }\n        }\n\n    for(int i = 0; i < n; i++){\n        if(dp[(1 << n) - 1][i] + Cake[i] <= box) {cout << "OK" << endl; return;}\n    }\n    cout << "NA" << endl;\n}\n\nint main(){\n    while(cin >> box){\n        init();\n        make();\n        solve();\n    }\n    return 0;\n}')"

2025-01-23 17:29:24,569	[INFO]	Step: 34
2025-01-23 17:29:24,569	[INFO]	Stop Steps: 100
2025-01-23 17:29:25,250	[DEBUG]	EXEC>  SUCCESS 3082329.25
2025-01-23 17:29:25,250	[INFO]	3-5     SUCCESS               3082329.25 (85.18%) [1 edit(s)]  
2025-01-23 17:29:25,250	[DEBUG]	patch(3-5)="LineLLMCrossover(('source.cpp', 10), '#include<iostream>\n#include<vector>\n#include<sstream>\n#include<cmath>\n#include<algorithm>\n\nusing namespace std;\n\nconst int MAX = 13;\nvector<float> Cake; \nfloat box; \nfloat dp[(1<<MAX)][MAX];\n\nvoid init(){\n    Cake.clear();\n    std::fill(&dp[0][0], &dp[0][0] + (1<<MAX)*MAX, 100000000);\n    dp[0][0] = 0;\n}\n\nvoid make(){\n    string s;\n    getline(cin,s);\n    stringstream ss(s);\n    float num; \n    Cake.reserve(MAX);\n    while(ss >> num) Cake.push_back(num);\n}\n\nvoid solve(){\n    int n = (int)Cake.size();\n    for(int i = 0; i < (1 << n); i++)\n        for(int j = 0; j < n; j++){\n            if(i == 0) {\n                dp[(1<<j)][j] = Cake[j];\n                continue;\n            }\n            for(int k = 0; k < n; k++)\n                if(!(i & (1 << k)) && j != k){\n                    float newValue = dp[i][j] + 2.0f * sqrt(Cake[j] * Cake[k]);\n                    dp[i | (1 << k)][k] = min(dp[i | (1 << k)][k], newValue);\n                }\n        }\n\n    for(int i = 0; i < n; i++){\n        if(dp[(1 << n) - 1][i] + Cake[i] <= box) {cout << "OK" << endl; return;}\n    }\n    cout << "NA" << endl;\n}\n\nint main(){\n    while(cin >> box){\n        init();\n        make();\n        solve();\n    }\n    return 0;\n}')"
2025-01-23 17:29:25,250	[INFO]	Step: 35
2025-01-23 17:29:25,250	[INFO]	Stop Steps: 100
2025-01-23 17:29:25,923	[DEBUG]	EXEC>  SUCCESS 3085613.0
2025-01-23 17:29:25,923	[INFO]	3-6     SUCCESS               3085613.00 (85.27%) [1 edit(s)]  
2025-01-23 17:29:25,923	[DEBUG]	patch(3-6)="LineLLMCrossover(('source.cpp', 11), '#include<iostream>\n#include<vector>\n#include<sstream>\n#include<cmath>\n#include<algorithm>\n\nusing namespace std;\n\nconst int MAX = 13;\nvector<float> Cake; \nfloat box; \nfloat dp[(1<<MAX)][MAX];\n\nvoid init(){\n    Cake.clear();\n    std::fill(&dp[0][0], &dp[0][0] + (1<<MAX)*MAX, 100000000);\n    dp[0][0] = 0;\n}\n\nvoid make(){\n    string s;\n    getline(cin,s);\n    stringstream ss(s);\n    float num;\n    Cake.reserve(MAX);\n    while(ss >> num) Cake.push_back(num);\n}\n\nvoid solve(){\n    for(int i = 0; i < (1<<Cake.size()); i++)\n        for(int j = 0; j < (int)Cake.size(); j++){\n            if(i == 0) {\n                dp[(1<<j)][j] = Cake[j];\n                continue;\n            }\n            for(int k = 0; k < (int)Cake.size(); k++)\n                if(!(i&(1<<k)) && j != k){\n                    float newValue = dp[i][j] + 2.0f * sqrt(Cake[j] * Cake[k]);\n                    dp[i+(1<<k)][k] = min(dp[i+(1<<k)][k], newValue);\n                }\n        }\n\n    for(int i = 0; i < (int)Cake.size(); i++){\n        if(dp[(1<<Cake.size())-1][i] + Cake[i] <= box) {cout << "OK" << endl; return;}\n    }\n    cout << "NA" << endl;\n}\n\nint main(){\n    while(cin >> box){\n        init();\n        make();\n        solve();\n    }\n    return 0;\n}')"
2025-01-23 17:29:25,923	[INFO]	Step: 36
2025-01-23 17:29:25,923	[INFO]	Stop Steps: 100
2025-01-23 17:29:26,606	[DEBUG]	EXEC>  SUCCESS 3070835.875
2025-01-23 17:29:26,606	[INFO]	3-7     SUCCESS              *3070835.88 (84.86%) [2 edit(s)]  
2025-01-23 17:29:26,606	[DEBUG]	patch(3-7)="LineLLMCrossover(('source.cpp', 0), '#include<iostream>\n#include<vector>\n#include<sstream>\n#include<cmath>\n#include<algorithm>\n\nusing namespace std;\n\nconst int MAX = 13;\nvector<float> Cake; // Keeping float for optimization\nfloat box;\nfloat dp[(1<<MAX)][MAX];\n\nvoid init(){\n    Cake.clear();\n    std::fill(&dp[0][0], &dp[0][0] + (1<<MAX)*MAX, 100000000);\n    dp[0][0] = 0;\n}\n\nvoid make(){\n    string s;\n    getline(cin,s);\n    stringstream ss(s);\n    float num;\n    Cake.reserve(MAX);\n    while(ss >> num) Cake.push_back(num);\n}\n\nvoid solve(){\n    for(int i = 0; i < (1<<Cake.size()); i++)\n        for(int j = 0; j < (int)Cake.size(); j++){\n            if(i == 0) {\n                dp[(1<<j)][j] = Cake[j];\n                continue;\n            }\n            for(int k = 0; k < (int)Cake.size(); k++)\n                if(!(i&(1<<k)) && j != k){\n                    float newValue = dp[i][j] + 2.0f * sqrt(Cake[j] * Cake[k]);\n                    dp[i+(1<<k)][k] = min(dp[i+(1<<k)][k], newValue);\n                }\n        }\n\n    for(int i = 0; i < (int)Cake.size(); i++){\n        if(dp[(1<<Cake.size())-1][i] + Cake[i] <= box) {cout << "OK" << endl; return;}\n    }\n    cout << "NA" << endl;\n}\n\nint main(){\n    while(cin >> box){\n        init();\n        make();\n        solve();\n    }\n    return 0;\n}') | LineLLMMutation(('source.cpp', 18), '#include<iostream>\n#include<vector>\n#include<sstream>\n#include<cmath>\n#include<algorithm>\n\nusing namespace std;\n\nconst int MAX = 13;\nvector<float> Cake; // Keeping float for optimization\nfloat box;\nfloat dp[(1<<MAX)][MAX];\n\nvoid init(){\n    Cake.clear();\n    std::fill(&dp[0][0], &dp[0][0] + (1<<MAX)*MAX, 1e9); // Using a smaller constant for clarity\n    dp[0][0] = 0;\n}\n\nvoid make(){\n    string s;\n    getline(cin,s);\n    stringstream ss(s);\n    float num;\n    Cake.reserve(MAX);\n    while(ss >> num) Cake.push_back(num);\n}\n\nvoid solve(){\n    for(int i = 0; i < (1<<Cake.size()); i++)\n        for(int j = 0; j < (int)Cake.size(); j++){\n            if(i == 0) {\n                dp[(1<<j)][j] = Cake[j];\n                continue;\n            }\n            for(int k = 0; k < (int)Cake.size(); k++)\n                if(!(i&(1<<k)) && j != k){\n                    float newValue = dp[i][j] + 2.0f * sqrt(Cake[j] * Cake[k]);\n                    dp[i+(1<<k)][k] = min(dp[i+(1<<k)][k], newValue);\n                }\n        }\n\n    for(int i = 0; i < (int)Cake.size(); i++){\n        if(dp[(1<<Cake.size())-1][i] + Cake[i] <= box) {cout << "OK" << endl; return;}\n    }\n    cout << "NA" << endl;\n}\n\nint main(){\n    while(cin >> box){\n        init();\n        make();\n        solve();\n    }\n    return 0;\n}')"

2025-01-23 17:29:26,607	[INFO]	Step: 37
2025-01-23 17:29:26,607	[INFO]	Stop Steps: 100
2025-01-23 17:29:27,296	[DEBUG]	EXEC>  SUCCESS 3064330.5
2025-01-23 17:29:27,297	[INFO]	3-8     SUCCESS              *3064330.50 (84.68%) [2 edit(s)]  
2025-01-23 17:29:27,297	[DEBUG]	patch(3-8)="LineLLMMutation(('source.cpp', 5), '#include<iostream>\n#include<vector>\n#include<sstream>\n#include<cmath>\n#include<algorithm>\n\nusing namespace std;\n\nconst int MAX = 13;\nvector<float> Cake; // Changed double to float\nfloat box; // Changed double to float\nfloat dp[(1<<MAX)][MAX]; // Adjusted type accordingly\n\nvoid init(){\n    Cake.clear();\n    std::fill(&dp[0][0], &dp[0][0] + (1<<MAX)*MAX, 100000000);\n    dp[0][0] = 0;\n}\n\nvoid make(){\n    string s;\n    getline(cin,s);\n    stringstream ss(s);\n    float num; // Adjusted type accordingly\n    Cake.reserve(MAX);\n    while(ss >> num) Cake.push_back(num);\n}\n\nvoid solve(){\n    for(int i = 0; i < (1<<Cake.size()); i++)\n        for(int j = 0; j < (int)Cake.size(); j++){\n            if(i == 0) {\n                dp[(1<<j)][j] = Cake[j];\n                continue;\n            }\n            for(int k = 0; k < (int)Cake.size(); k++)\n                if(!(i&(1<<k)) && j != k){\n                    float newValue = dp[i][j] + 2.0f * sqrt(Cake[j] * Cake[k]); // Changed to float\n                    dp[i+(1<<k)][k] = min(dp[i+(1<<k)][k], newValue);\n                }\n        }\n\n    for(int i = 0; i < (int)Cake.size(); i++){\n        if(dp[(1<<Cake.size())-1][i] + Cake[i] <= box) {cout << "OK" << endl; return;}\n    }\n    cout << "NA" << endl;\n}\n\nint main(){\n    while(cin >> box){\n        init();\n        make();\n        solve();\n    }\n    return 0;\n}') | LineLLMMutation(('source.cpp', 19), '#include<iostream>\n#include<vector>\n#include<sstream>\n#include<cmath>\n#include<algorithm>\n\nusing namespace std;\n\nconst int MAX = 13;\nvector<float> Cake; // Changed double to float\nfloat box; // Changed double to float\nfloat dp[(1<<MAX)][MAX]; // Adjusted type accordingly\n\nvoid init(){\n    Cake.clear();\n    std::fill(&dp[0][0], &dp[0][0] + (1<<MAX)*MAX, 100000000);\n    dp[0][0] = 0;\n}\n\nvoid make(){\n    string s;\n    getline(cin,s);\n    stringstream ss(s);\n    float num; // Adjusted type accordingly\n    Cake.reserve(MAX);\n    while(ss >> num) Cake.push_back(num);\n}\n\nvoid solve(){\n    vector<float> sqrtCake(Cake.size());\n    for (int i = 0; i < Cake.size(); ++i) {\n        sqrtCake[i] = sqrt(Cake[i]); // Precompute square roots\n    }\n\n    for(int i = 0; i < (1<<Cake.size()); i++)\n        for(int j = 0; j < (int)Cake.size(); j++){\n            if(i == 0) {\n                dp[(1<<j)][j] = Cake[j];\n                continue;\n            }\n            for(int k = 0; k < (int)Cake.size(); k++)\n                if(!(i&(1<<k)) && j != k){\n                    float newValue = dp[i][j] + 2.0f * (sqrtCake[j] * sqrtCake[k]); // Use precomputed square roots\n                    dp[i+(1<<k)][k] = min(dp[i+(1<<k)][k], newValue);\n                }\n        }\n\n    for(int i = 0; i < (int)Cake.size(); i++){\n        if(dp[(1<<Cake.size())-1][i] + Cake[i] <= box) {cout << "OK" << endl; return;}\n    }\n    cout << "NA" << endl;\n}\n\nint main(){\n    while(cin >> box){\n        init();\n        make();\n        solve();\n    }\n    return 0;\n}')"

2025-01-23 17:29:27,297	[INFO]	Step: 38
2025-01-23 17:29:27,297	[INFO]	Stop Steps: 100
2025-01-23 17:29:27,992	[DEBUG]	EXEC>  SUCCESS 3059027.0
2025-01-23 17:29:27,993	[INFO]	3-9     SUCCESS              *3059027.00 (84.53%) [3 edit(s)]  
2025-01-23 17:29:27,993	[DEBUG]	patch(3-9)="LineLLMCrossover(('source.cpp', 0), '#include<iostream>\n#include<vector>\n#include<sstream>\n#include<cmath>\n#include<algorithm>\n\nusing namespace std;\n\nconst int MAX = 13;\nvector<float> Cake; // Keeping float for optimization\nfloat box;\nfloat dp[(1<<MAX)][MAX];\n\nvoid init(){\n    Cake.clear();\n    std::fill(&dp[0][0], &dp[0][0] + (1<<MAX)*MAX, 100000000);\n    dp[0][0] = 0;\n}\n\nvoid make(){\n    string s;\n    getline(cin,s);\n    stringstream ss(s);\n    float num;\n    Cake.reserve(MAX);\n    while(ss >> num) Cake.push_back(num);\n}\n\nvoid solve(){\n    for(int i = 0; i < (1<<Cake.size()); i++)\n        for(int j = 0; j < (int)Cake.size(); j++){\n            if(i == 0) {\n                dp[(1<<j)][j] = Cake[j];\n                continue;\n            }\n            for(int k = 0; k < (int)Cake.size(); k++)\n                if(!(i&(1<<k)) && j != k){\n                    float newValue = dp[i][j] + 2.0f * sqrt(Cake[j] * Cake[k]);\n                    dp[i+(1<<k)][k] = min(dp[i+(1<<k)][k], newValue);\n                }\n        }\n\n    for(int i = 0; i < (int)Cake.size(); i++){\n        if(dp[(1<<Cake.size())-1][i] + Cake[i] <= box) {cout << "OK" << endl; return;}\n    }\n    cout << "NA" << endl;\n}\n\nint main(){\n    while(cin >> box){\n        init();\n        make();\n        solve();\n    }\n    return 0;\n}') | LineLLMMutation(('source.cpp', 14), '#include<iostream>\n#include<vector>\n#include<sstream>\n#include<cmath>\n#include<algorithm>\n\nusing namespace std;\n\nconst int MAX = 13;\nvector<float> Cake; // Keeping float for optimization\nfloat box;\nfloat dp[(1<<MAX)][MAX];\n\nvoid init(){\n    Cake.clear();\n    std::fill(&dp[0][0], &dp[0][0] + (1<<MAX)*MAX, 100000000);\n    dp[0][0] = 0;\n}\n\nvoid make(){\n    string s;\n    getline(cin,s);\n    stringstream ss(s);\n    float num;\n    Cake.reserve(MAX);\n    while(ss >> num) Cake.push_back(num);\n}\n\nvoid solve(){\n    int n = (int)Cake.size();\n    for(int i = 0; i < (1 << n); i++)\n        for(int j = 0; j < n; j++){\n            if(i == 0) {\n                dp[(1<<j)][j] = Cake[j];\n                continue;\n            }\n            if (dp[i][j] == 100000000) continue; // Skip impossible states\n            for(int k = 0; k < n; k++)\n                if(!(i & (1 << k)) && j != k){\n                    float newValue = dp[i][j] + 2.0f * sqrt(Cake[j] * Cake[k]);\n                    dp[i | (1 << k)][k] = min(dp[i | (1 << k)][k], newValue);\n                }\n        }\n\n    for(int i = 0; i < n; i++){\n        if(dp[(1 << n) - 1][i] + Cake[i] <= box) {cout << "OK" << endl; return;}\n    }\n    cout << "NA" << endl;\n}\n\nint main(){\n    while(cin >> box){\n        init();\n        make();\n        solve();\n    }\n    return 0;\n}') | LineLLMMutation(('source.cpp', 20), '#include<iostream>\n#include<vector>\n#include<sstream>\n#include<cmath>\n#include<algorithm>\n\nusing namespace std;\n\nconst int MAX = 13;\nvector<float> Cake;\nfloat box;\nfloat dp[(1<<MAX)][MAX];\n\nvoid init(){\n    Cake.clear();\n    std::fill(&dp[0][0], &dp[0][0] + (1<<MAX)*MAX, numeric_limits<float>::infinity()); // Use infinity for clarity\n    dp[0][0] = 0;\n}\n\nvoid make(){\n    string s;\n    getline(cin,s);\n    stringstream ss(s);\n    float num;\n    Cake.reserve(MAX);\n    while(ss >> num) Cake.push_back(num);\n}\n\nvoid solve(){\n    int n = (int)Cake.size();\n    for(int i = 0; i < (1 << n); i++)\n        for(int j = 0; j < n; j++){\n            if(i == 0) {\n                dp[(1<<j)][j] = Cake[j];\n                continue;\n            }\n            if (dp[i][j] == numeric_limits<float>::infinity()) continue; // Use infinity for clarity\n            for(int k = 0; k < n; k++)\n                if(!(i & (1 << k)) && j != k){\n                    float newValue = dp[i][j] + 2.0f * sqrt(Cake[j] * Cake[k]);\n                    dp[i | (1 << k)][k] = min(dp[i | (1 << k)][k], newValue);\n                }\n        }\n\n    for(int i = 0; i < n; i++){\n        if(dp[(1 << n) - 1][i] + Cake[i] <= box) {cout << "OK" << endl; return;}\n    }\n    cout << "NA" << endl;\n}\n\nint main(){\n    while(cin >> box){\n        init();\n        make();\n        solve();\n    }\n    return 0;\n}')"

2025-01-23 17:29:27,993	[INFO]	Step: 39
2025-01-23 17:29:27,993	[INFO]	Stop Steps: 100
2025-01-23 17:29:28,313	[INFO]	3-10    COMPILE_CODE_ERROR    None (--) [3 edit(s)]  
2025-01-23 17:29:28,314	[DEBUG]	patch(3-10)="LineLLMMutation(('source.cpp', 5), '#include<iostream>\n#include<vector>\n#include<sstream>\n#include<cmath>\n#include<algorithm>\n\nusing namespace std;\n\nconst int MAX = 13;\nvector<float> Cake; // Changed double to float\nfloat box; // Changed double to float\nfloat dp[(1<<MAX)][MAX]; // Adjusted type accordingly\n\nvoid init(){\n    Cake.clear();\n    std::fill(&dp[0][0], &dp[0][0] + (1<<MAX)*MAX, 100000000);\n    dp[0][0] = 0;\n}\n\nvoid make(){\n    string s;\n    getline(cin,s);\n    stringstream ss(s);\n    float num; // Adjusted type accordingly\n    Cake.reserve(MAX);\n    while(ss >> num) Cake.push_back(num);\n}\n\nvoid solve(){\n    for(int i = 0; i < (1<<Cake.size()); i++)\n        for(int j = 0; j < (int)Cake.size(); j++){\n            if(i == 0) {\n                dp[(1<<j)][j] = Cake[j];\n                continue;\n            }\n            for(int k = 0; k < (int)Cake.size(); k++)\n                if(!(i&(1<<k)) && j != k){\n                    float newValue = dp[i][j] + 2.0f * sqrt(Cake[j] * Cake[k]); // Changed to float\n                    dp[i+(1<<k)][k] = min(dp[i+(1<<k)][k], newValue);\n                }\n        }\n\n    for(int i = 0; i < (int)Cake.size(); i++){\n        if(dp[(1<<Cake.size())-1][i] + Cake[i] <= box) {cout << "OK" << endl; return;}\n    }\n    cout << "NA" << endl;\n}\n\nint main(){\n    while(cin >> box){\n        init();\n        make();\n        solve();\n    }\n    return 0;\n}') | LineLLMMutation(('source.cpp', 15), '#include<iostream>\n#include<vector>\n#include<sstream>\n#include<cmath>\n#include<algorithm>\n\nusing namespace std;\n\nconst int MAX = 13;\nvector<float> Cake; // Changed double to float\nfloat box; // Changed double to float\nfloat dp[(1<<MAX)][MAX]; // Adjusted type accordingly\n\nvoid init(){\n    Cake.clear();\n    // Optimized the initialization of the dp array using a single loop\n    for(int i = 0; i < (1 << MAX); ++i) {\n        fill(dp[i], dp[i] + MAX, 100000000);\n    }\n    dp[0][0] = 0;\n}\n\nvoid make(){\n    string s;\n    getline(cin,s);\n    stringstream ss(s);\n    float num; // Adjusted type accordingly\n    Cake.reserve(MAX);\n    while(ss >> num) Cake.push_back(num);\n}\n\nvoid solve(){\n    for(int i = 0; i < (1<<Cake.size()); i++)\n        for(int j = 0; j < (int)Cake.size(); j++){\n            if(i == 0) {\n                dp[(1<<j)][j] = Cake[j];\n                continue;\n            }\n            for(int k = 0; k < (int)Cake.size(); k++)\n                if(!(i&(1<<k)) && j != k){\n                    float newValue = dp[i][j] + 2.0f * sqrt(Cake[j] * Cake[k]); // Changed to float\n                    dp[i+(1<<k)][k] = min(dp[i+(1<<k)][k], newValue);\n                }\n        }\n\n    for(int i = 0; i < (int)Cake.size(); i++){\n        if(dp[(1<<Cake.size())-1][i] + Cake[i] <= box) {cout << "OK" << endl; return;}\n    }\n    cout << "NA" << endl;\n}\n\nint main(){\n    while(cin >> box){\n        init();\n        make();\n        solve();\n    }\n    return 0;\n}') | LineLLMMutation(('source.cpp', 21), '#include<iostream>\n#include<vector>\n#include<sstream>\n#include<cmath>\n#include<algorithm>\n\nusing namespace std;\n\nconst int MAX = 13;\nvector<float> Cake; // Changed double to float\nfloat box; // Changed double to float\nfloat dp[(1<<MAX)][MAX]; // Adjusted type accordingly\n\nvoid init(){\n    Cake.clear();\n    // Allocate memory for dp array more efficiently using memset\n    memset(dp, 100000000, sizeof(dp));\n    dp[0][0] = 0;\n}\n\nvoid make(){\n    string s;\n    getline(cin,s);\n    stringstream ss(s);\n    float num; // Adjusted type accordingly\n    Cake.reserve(MAX);\n    while(ss >> num) Cake.push_back(num);\n}\n\nvoid solve(){\n    for(int i = 0; i < (1<<Cake.size()); i++)\n        for(int j = 0; j < (int)Cake.size(); j++){\n            if(i == 0) {\n                dp[(1<<j)][j] = Cake[j];\n                continue;\n            }\n            for(int k = 0; k < (int)Cake.size(); k++)\n                if(!(i&(1<<k)) && j != k){\n                    float newValue = dp[i][j] + 2.0f * sqrt(Cake[j] * Cake[k]); // Changed to float\n                    dp[i+(1<<k)][k] = min(dp[i+(1<<k)][k], newValue);\n                }\n        }\n\n    for(int i = 0; i < (int)Cake.size(); i++){\n        if(dp[(1<<Cake.size())-1][i] + Cake[i] <= box) {cout << "OK" << endl; return;}\n    }\n    cout << "NA" << endl;\n}\n\nint main(){\n    while(cin >> box){\n        init();\n        make();\n        solve();\n    }\n    return 0;\n}')"
2025-01-23 17:29:28,314	[INFO]	Step: 40
2025-01-23 17:29:28,314	[INFO]	Stop Steps: 100
2025-01-23 17:29:29,994	[DEBUG]	EXEC>  SUCCESS 3692264.125
2025-01-23 17:29:29,994	[INFO]	REF     SUCCESS               3692264.12 (--) [0 edit(s)]  
2025-01-23 17:29:29,994	[INFO]	Best patch: 0_14_20
2025-01-23 17:29:30,672	[DEBUG]	EXEC>  SUCCESS 3067739.4375
2025-01-23 17:29:30,672	[INFO]	BEST    SUCCESS              *3067739.44 (83.09%) [0 edit(s)]  
2025-01-23 17:29:30,672	[INFO]	Best patch step: 38
2025-01-23 17:30:22,862	[INFO]	Step: 40
2025-01-23 17:30:22,863	[INFO]	Stop Steps: 100
2025-01-23 17:30:23,667	[DEBUG]	EXEC>  SUCCESS 3065838.3125
2025-01-23 17:30:23,668	[INFO]	4-1     SUCCESS              *3065838.31 (83.03%) [3 edit(s)]  
2025-01-23 17:30:23,668	[DEBUG]	patch(4-1)="LineLLMCrossover(('source.cpp', 0), '#include<iostream>\n#include<vector>\n#include<sstream>\n#include<cmath>\n#include<algorithm>\n\nusing namespace std;\n\nconst int MAX = 13;\nvector<float> Cake; // Keeping float for optimization\nfloat box;\nfloat dp[(1<<MAX)][MAX];\n\nvoid init(){\n    Cake.clear();\n    std::fill(&dp[0][0], &dp[0][0] + (1<<MAX)*MAX, 100000000);\n    dp[0][0] = 0;\n}\n\nvoid make(){\n    string s;\n    getline(cin,s);\n    stringstream ss(s);\n    float num;\n    Cake.reserve(MAX);\n    while(ss >> num) Cake.push_back(num);\n}\n\nvoid solve(){\n    for(int i = 0; i < (1<<Cake.size()); i++)\n        for(int j = 0; j < (int)Cake.size(); j++){\n            if(i == 0) {\n                dp[(1<<j)][j] = Cake[j];\n                continue;\n            }\n            for(int k = 0; k < (int)Cake.size(); k++)\n                if(!(i&(1<<k)) && j != k){\n                    float newValue = dp[i][j] + 2.0f * sqrt(Cake[j] * Cake[k]);\n                    dp[i+(1<<k)][k] = min(dp[i+(1<<k)][k], newValue);\n                }\n        }\n\n    for(int i = 0; i < (int)Cake.size(); i++){\n        if(dp[(1<<Cake.size())-1][i] + Cake[i] <= box) {cout << "OK" << endl; return;}\n    }\n    cout << "NA" << endl;\n}\n\nint main(){\n    while(cin >> box){\n        init();\n        make();\n        solve();\n    }\n    return 0;\n}') | LineLLMMutation(('source.cpp', 14), '#include<iostream>\n#include<vector>\n#include<sstream>\n#include<cmath>\n#include<algorithm>\n\nusing namespace std;\n\nconst int MAX = 13;\nvector<float> Cake; // Keeping float for optimization\nfloat box;\nfloat dp[(1<<MAX)][MAX];\n\nvoid init(){\n    Cake.clear();\n    std::fill(&dp[0][0], &dp[0][0] + (1<<MAX)*MAX, 100000000);\n    dp[0][0] = 0;\n}\n\nvoid make(){\n    string s;\n    getline(cin,s);\n    stringstream ss(s);\n    float num;\n    Cake.reserve(MAX);\n    while(ss >> num) Cake.push_back(num);\n}\n\nvoid solve(){\n    int n = (int)Cake.size();\n    for(int i = 0; i < (1 << n); i++)\n        for(int j = 0; j < n; j++){\n            if(i == 0) {\n                dp[(1<<j)][j] = Cake[j];\n                continue;\n            }\n            if (dp[i][j] == 100000000) continue; // Skip impossible states\n            for(int k = 0; k < n; k++)\n                if(!(i & (1 << k)) && j != k){\n                    float newValue = dp[i][j] + 2.0f * sqrt(Cake[j] * Cake[k]);\n                    dp[i | (1 << k)][k] = min(dp[i | (1 << k)][k], newValue);\n                }\n        }\n\n    for(int i = 0; i < n; i++){\n        if(dp[(1 << n) - 1][i] + Cake[i] <= box) {cout << "OK" << endl; return;}\n    }\n    cout << "NA" << endl;\n}\n\nint main(){\n    while(cin >> box){\n        init();\n        make();\n        solve();\n    }\n    return 0;\n}') | LineLLMMutation(('source.cpp', 20), '#include<iostream>\n#include<vector>\n#include<sstream>\n#include<cmath>\n#include<algorithm>\n\nusing namespace std;\n\nconst int MAX = 13;\nvector<float> Cake;\nfloat box;\nfloat dp[(1<<MAX)][MAX];\n\nvoid init(){\n    Cake.clear();\n    std::fill(&dp[0][0], &dp[0][0] + (1<<MAX)*MAX, numeric_limits<float>::infinity()); // Use infinity for clarity\n    dp[0][0] = 0;\n}\n\nvoid make(){\n    string s;\n    getline(cin,s);\n    stringstream ss(s);\n    float num;\n    Cake.reserve(MAX);\n    while(ss >> num) Cake.push_back(num);\n}\n\nvoid solve(){\n    int n = (int)Cake.size();\n    for(int i = 0; i < (1 << n); i++)\n        for(int j = 0; j < n; j++){\n            if(i == 0) {\n                dp[(1<<j)][j] = Cake[j];\n                continue;\n            }\n            if (dp[i][j] == numeric_limits<float>::infinity()) continue; // Use infinity for clarity\n            for(int k = 0; k < n; k++)\n                if(!(i & (1 << k)) && j != k){\n                    float newValue = dp[i][j] + 2.0f * sqrt(Cake[j] * Cake[k]);\n                    dp[i | (1 << k)][k] = min(dp[i | (1 << k)][k], newValue);\n                }\n        }\n\n    for(int i = 0; i < n; i++){\n        if(dp[(1 << n) - 1][i] + Cake[i] <= box) {cout << "OK" << endl; return;}\n    }\n    cout << "NA" << endl;\n}\n\nint main(){\n    while(cin >> box){\n        init();\n        make();\n        solve();\n    }\n    return 0;\n}')"

2025-01-23 17:30:23,668	[INFO]	Step: 41
2025-01-23 17:30:23,668	[INFO]	Stop Steps: 100
2025-01-23 17:30:24,358	[DEBUG]	EXEC>  SUCCESS 3064255.8125
2025-01-23 17:30:24,358	[INFO]	4-2     SUCCESS              *3064255.81 (82.99%) [2 edit(s)]  
2025-01-23 17:30:24,358	[DEBUG]	patch(4-2)="LineLLMMutation(('source.cpp', 5), '#include<iostream>\n#include<vector>\n#include<sstream>\n#include<cmath>\n#include<algorithm>\n\nusing namespace std;\n\nconst int MAX = 13;\nvector<float> Cake; // Changed double to float\nfloat box; // Changed double to float\nfloat dp[(1<<MAX)][MAX]; // Adjusted type accordingly\n\nvoid init(){\n    Cake.clear();\n    std::fill(&dp[0][0], &dp[0][0] + (1<<MAX)*MAX, 100000000);\n    dp[0][0] = 0;\n}\n\nvoid make(){\n    string s;\n    getline(cin,s);\n    stringstream ss(s);\n    float num; // Adjusted type accordingly\n    Cake.reserve(MAX);\n    while(ss >> num) Cake.push_back(num);\n}\n\nvoid solve(){\n    for(int i = 0; i < (1<<Cake.size()); i++)\n        for(int j = 0; j < (int)Cake.size(); j++){\n            if(i == 0) {\n                dp[(1<<j)][j] = Cake[j];\n                continue;\n            }\n            for(int k = 0; k < (int)Cake.size(); k++)\n                if(!(i&(1<<k)) && j != k){\n                    float newValue = dp[i][j] + 2.0f * sqrt(Cake[j] * Cake[k]); // Changed to float\n                    dp[i+(1<<k)][k] = min(dp[i+(1<<k)][k], newValue);\n                }\n        }\n\n    for(int i = 0; i < (int)Cake.size(); i++){\n        if(dp[(1<<Cake.size())-1][i] + Cake[i] <= box) {cout << "OK" << endl; return;}\n    }\n    cout << "NA" << endl;\n}\n\nint main(){\n    while(cin >> box){\n        init();\n        make();\n        solve();\n    }\n    return 0;\n}') | LineLLMMutation(('source.cpp', 19), '#include<iostream>\n#include<vector>\n#include<sstream>\n#include<cmath>\n#include<algorithm>\n\nusing namespace std;\n\nconst int MAX = 13;\nvector<float> Cake; // Changed double to float\nfloat box; // Changed double to float\nfloat dp[(1<<MAX)][MAX]; // Adjusted type accordingly\n\nvoid init(){\n    Cake.clear();\n    std::fill(&dp[0][0], &dp[0][0] + (1<<MAX)*MAX, 100000000);\n    dp[0][0] = 0;\n}\n\nvoid make(){\n    string s;\n    getline(cin,s);\n    stringstream ss(s);\n    float num; // Adjusted type accordingly\n    Cake.reserve(MAX);\n    while(ss >> num) Cake.push_back(num);\n}\n\nvoid solve(){\n    vector<float> sqrtCake(Cake.size());\n    for (int i = 0; i < Cake.size(); ++i) {\n        sqrtCake[i] = sqrt(Cake[i]); // Precompute square roots\n    }\n\n    for(int i = 0; i < (1<<Cake.size()); i++)\n        for(int j = 0; j < (int)Cake.size(); j++){\n            if(i == 0) {\n                dp[(1<<j)][j] = Cake[j];\n                continue;\n            }\n            for(int k = 0; k < (int)Cake.size(); k++)\n                if(!(i&(1<<k)) && j != k){\n                    float newValue = dp[i][j] + 2.0f * (sqrtCake[j] * sqrtCake[k]); // Use precomputed square roots\n                    dp[i+(1<<k)][k] = min(dp[i+(1<<k)][k], newValue);\n                }\n        }\n\n    for(int i = 0; i < (int)Cake.size(); i++){\n        if(dp[(1<<Cake.size())-1][i] + Cake[i] <= box) {cout << "OK" << endl; return;}\n    }\n    cout << "NA" << endl;\n}\n\nint main(){\n    while(cin >> box){\n        init();\n        make();\n        solve();\n    }\n    return 0;\n}')"

2025-01-23 17:30:24,358	[INFO]	Step: 42
2025-01-23 17:30:24,358	[INFO]	Stop Steps: 100
2025-01-23 17:30:25,058	[DEBUG]	EXEC>  SUCCESS 3067914.75
2025-01-23 17:30:25,058	[INFO]	4-3     SUCCESS               3067914.75 (83.09%) [1 edit(s)]  
2025-01-23 17:30:25,058	[DEBUG]	patch(4-3)="LineLLMCrossover(('source.cpp', 12), '#include<iostream>\n#include<vector>\n#include<sstream>\n#include<cmath>\n#include<algorithm>\n\nusing namespace std;\n\nconst int MAX = 13;\nvector<float> Cake;\nfloat box;\nfloat dp[(1<<MAX)][MAX];\n\nvoid init(){\n    Cake.clear();\n    std::fill(&dp[0][0], &dp[0][0] + (1<<MAX)*MAX, numeric_limits<float>::infinity()); // Use infinity for clarity\n    dp[0][0] = 0;\n}\n\nvoid make(){\n    string s;\n    getline(cin,s);\n    stringstream ss(s);\n    float num;\n    Cake.reserve(MAX);\n    while(ss >> num) Cake.push_back(num);\n}\n\nvoid solve(){\n    vector<float> sqrtCake(Cake.size());\n    for (int i = 0; i < Cake.size(); ++i) {\n        sqrtCake[i] = sqrt(Cake[i]); // Precompute square roots\n    }\n\n    for(int i = 0; i < (1<<Cake.size()); i++)\n        for(int j = 0; j < (int)Cake.size(); j++){\n            if(i == 0) {\n                dp[(1<<j)][j] = Cake[j];\n                continue;\n            }\n            for(int k = 0; k < (int)Cake.size(); k++)\n                if(!(i&(1<<k)) && j != k){\n                    float newValue = dp[i][j] + 2.0f * (sqrtCake[j] * sqrtCake[k]); // Use precomputed square roots\n                    dp[i+(1<<k)][k] = min(dp[i+(1<<k)][k], newValue);\n                }\n        }\n\n    for(int i = 0; i < (int)Cake.size(); i++){\n        if(dp[(1<<Cake.size())-1][i] + Cake[i] <= box) {cout << "OK" << endl; return;}\n    }\n    cout << "NA" << endl;\n}\n\nint main(){\n    while(cin >> box){\n        init();\n        make();\n        solve();\n    }\n    return 0;\n}')"
2025-01-23 17:30:25,058	[INFO]	Step: 43
2025-01-23 17:30:25,058	[INFO]	Stop Steps: 100
2025-01-23 17:30:25,736	[DEBUG]	EXEC>  SUCCESS 3062666.5
2025-01-23 17:30:25,737	[INFO]	4-4     SUCCESS              *3062666.50 (82.95%) [1 edit(s)]  
2025-01-23 17:30:25,737	[DEBUG]	patch(4-4)="LineLLMCrossover(('source.cpp', 13), '#include<iostream>\n#include<vector>\n#include<sstream>\n#include<cmath>\n#include<algorithm>\n\nusing namespace std;\n\nconst int MAX = 13;\nvector<float> Cake; \nfloat box; \nfloat dp[(1<<MAX)][MAX];\n\nvoid init(){\n    Cake.clear();\n    for(int i = 0; i < (1 << MAX); ++i) {\n        fill(dp[i], dp[i] + MAX, numeric_limits<float>::infinity());\n    }\n    dp[0][0] = 0;\n}\n\nvoid make(){\n    string s;\n    getline(cin,s);\n    stringstream ss(s);\n    float num; \n    Cake.reserve(MAX);\n    while(ss >> num) Cake.push_back(num);\n}\n\nvoid solve(){\n    for(int i = 0; i < (1<<Cake.size()); i++)\n        for(int j = 0; j < (int)Cake.size(); j++){\n            if(i == 0) {\n                dp[(1<<j)][j] = Cake[j];\n                continue;\n            }\n            for(int k = 0; k < (int)Cake.size(); k++)\n                if(!(i&(1<<k)) && j != k){\n                    float newValue = dp[i][j] + 2.0f * sqrt(Cake[j] * Cake[k]);\n                    dp[i+(1<<k)][k] = min(dp[i+(1<<k)][k], newValue);\n                }\n        }\n\n    for(int i = 0; i < (int)Cake.size(); i++){\n        if(dp[(1<<Cake.size())-1][i] + Cake[i] <= box) {cout << "OK" << endl; return;}\n    }\n    cout << "NA" << endl;\n}\n\nint main(){\n    while(cin >> box){\n        init();\n        make();\n        solve();\n    }\n    return 0;\n}')"

2025-01-23 17:30:25,737	[INFO]	Step: 44
2025-01-23 17:30:25,737	[INFO]	Stop Steps: 100
2025-01-23 17:30:26,418	[DEBUG]	EXEC>  SUCCESS 3072710.75
2025-01-23 17:30:26,418	[INFO]	4-5     SUCCESS               3072710.75 (83.22%) [1 edit(s)]  
2025-01-23 17:30:26,418	[DEBUG]	patch(4-5)="LineLLMCrossover(('source.cpp', 14), '#include<iostream>\n#include<vector>\n#include<sstream>\n#include<cmath>\n#include<algorithm>\n\nusing namespace std;\n\nconst int MAX = 13;\nvector<float> Cake; \nfloat box; \nfloat dp[(1<<MAX)][MAX];\n\nvoid init(){\n    Cake.clear();\n    std::fill(&dp[0][0], &dp[0][0] + (1<<MAX)*MAX, numeric_limits<float>::infinity()); // Use infinity for clarity\n    dp[0][0] = 0;\n}\n\nvoid make(){\n    string s;\n    getline(cin,s);\n    stringstream ss(s);\n    float num; \n    Cake.reserve(MAX);\n    while(ss >> num) Cake.push_back(num);\n}\n\nvoid solve(){\n    int n = (int)Cake.size();\n    for(int i = 0; i < (1 << n); i++)\n        for(int j = 0; j < n; j++){\n            if(i == 0) {\n                dp[(1<<j)][j] = Cake[j];\n                continue;\n            }\n            if (dp[i][j] == numeric_limits<float>::infinity()) continue; // Use infinity for clarity\n            for(int k = 0; k < n; k++)\n                if(!(i & (1 << k)) && j != k){\n                    float newValue = dp[i][j] + 2.0f * sqrt(Cake[j] * Cake[k]);\n                    dp[i | (1 << k)][k] = min(dp[i | (1 << k)][k], newValue);\n                }\n        }\n\n    for(int i = 0; i < n; i++){\n        if(dp[(1 << n) - 1][i] + Cake[i] <= box) {cout << "OK" << endl; return;}\n    }\n    cout << "NA" << endl;\n}\n\nint main(){\n    while(cin >> box){\n        init();\n        make();\n        solve();\n    }\n    return 0;\n}')"
2025-01-23 17:30:26,418	[INFO]	Step: 45
2025-01-23 17:30:26,418	[INFO]	Stop Steps: 100
2025-01-23 17:30:26,742	[INFO]	4-6     COMPILE_CODE_ERROR    None (--) [1 edit(s)]  
2025-01-23 17:30:26,742	[DEBUG]	patch(4-6)="LineLLMCrossover(('source.cpp', 15), '#include<iostream>\n#include<vector>\n#include<sstream>\n#include<cmath>\n#include<algorithm>\n\nusing namespace std;\n\nconst int MAX = 13;\nvector<float> Cake;\nfloat box;\nfloat dp[(1<<MAX)][MAX];\n\nvoid init(){\n    Cake.clear();\n    std::fill(&dp[0][0], &dp[0][0] + (1<<MAX)*MAX, 1e9); // Using a smaller constant for clarity\n    dp[0][0] = 0;\n}\n\nvoid make(){\n    string s;\n    getline(cin,s);\n    stringstream ss(s);\n    float num;\n    Cake.reserve(MAX);\n    while(ss >> num) Cake.push_back(num);\n}\n\nvoid solve(){\n    li ans = 0;\n    for(int i = 0; i < (1<<Cake.size()); i++)\n        for(int j = 0; j < (int)Cake.size(); j++){\n            if(i == 0) {\n                dp[(1<<j)][j] = Cake[j];\n                continue;\n            }\n            for(int k = 0; k < (int)Cake.size(); k++)\n                if(!(i&(1<<k)) && j != k){\n                    float newValue = dp[i][j] + 2.0f * sqrt(Cake[j] * Cake[k]);\n                    dp[i+(1<<k)][k] = min(dp[i+(1<<k)][k], newValue);\n                }\n        }\n\n    for(int i = 0; i < (int)Cake.size(); i++){\n        if(dp[(1<<Cake.size())-1][i] + Cake[i] <= box) {cout << "OK" << endl; return;}\n    }\n    cout << "NA" << endl;\n}\n\nint main(){\n    while(cin >> box){\n        init();\n        make();\n        solve();\n    }\n    return 0;\n}')"
2025-01-23 17:30:26,742	[INFO]	Step: 46
2025-01-23 17:30:26,743	[INFO]	Stop Steps: 100
2025-01-23 17:30:27,426	[DEBUG]	EXEC>  SUCCESS 3044435.4375
2025-01-23 17:30:27,426	[INFO]	4-7     SUCCESS              *3044435.44 (82.45%) [4 edit(s)]  
2025-01-23 17:30:27,426	[DEBUG]	patch(4-7)="LineLLMCrossover(('source.cpp', 0), '#include<iostream>\n#include<vector>\n#include<sstream>\n#include<cmath>\n#include<algorithm>\n\nusing namespace std;\n\nconst int MAX = 13;\nvector<float> Cake; // Keeping float for optimization\nfloat box;\nfloat dp[(1<<MAX)][MAX];\n\nvoid init(){\n    Cake.clear();\n    std::fill(&dp[0][0], &dp[0][0] + (1<<MAX)*MAX, 100000000);\n    dp[0][0] = 0;\n}\n\nvoid make(){\n    string s;\n    getline(cin,s);\n    stringstream ss(s);\n    float num;\n    Cake.reserve(MAX);\n    while(ss >> num) Cake.push_back(num);\n}\n\nvoid solve(){\n    for(int i = 0; i < (1<<Cake.size()); i++)\n        for(int j = 0; j < (int)Cake.size(); j++){\n            if(i == 0) {\n                dp[(1<<j)][j] = Cake[j];\n                continue;\n            }\n            for(int k = 0; k < (int)Cake.size(); k++)\n                if(!(i&(1<<k)) && j != k){\n                    float newValue = dp[i][j] + 2.0f * sqrt(Cake[j] * Cake[k]);\n                    dp[i+(1<<k)][k] = min(dp[i+(1<<k)][k], newValue);\n                }\n        }\n\n    for(int i = 0; i < (int)Cake.size(); i++){\n        if(dp[(1<<Cake.size())-1][i] + Cake[i] <= box) {cout << "OK" << endl; return;}\n    }\n    cout << "NA" << endl;\n}\n\nint main(){\n    while(cin >> box){\n        init();\n        make();\n        solve();\n    }\n    return 0;\n}') | LineLLMMutation(('source.cpp', 14), '#include<iostream>\n#include<vector>\n#include<sstream>\n#include<cmath>\n#include<algorithm>\n\nusing namespace std;\n\nconst int MAX = 13;\nvector<float> Cake; // Keeping float for optimization\nfloat box;\nfloat dp[(1<<MAX)][MAX];\n\nvoid init(){\n    Cake.clear();\n    std::fill(&dp[0][0], &dp[0][0] + (1<<MAX)*MAX, 100000000);\n    dp[0][0] = 0;\n}\n\nvoid make(){\n    string s;\n    getline(cin,s);\n    stringstream ss(s);\n    float num;\n    Cake.reserve(MAX);\n    while(ss >> num) Cake.push_back(num);\n}\n\nvoid solve(){\n    int n = (int)Cake.size();\n    for(int i = 0; i < (1 << n); i++)\n        for(int j = 0; j < n; j++){\n            if(i == 0) {\n                dp[(1<<j)][j] = Cake[j];\n                continue;\n            }\n            if (dp[i][j] == 100000000) continue; // Skip impossible states\n            for(int k = 0; k < n; k++)\n                if(!(i & (1 << k)) && j != k){\n                    float newValue = dp[i][j] + 2.0f * sqrt(Cake[j] * Cake[k]);\n                    dp[i | (1 << k)][k] = min(dp[i | (1 << k)][k], newValue);\n                }\n        }\n\n    for(int i = 0; i < n; i++){\n        if(dp[(1 << n) - 1][i] + Cake[i] <= box) {cout << "OK" << endl; return;}\n    }\n    cout << "NA" << endl;\n}\n\nint main(){\n    while(cin >> box){\n        init();\n        make();\n        solve();\n    }\n    return 0;\n}') | LineLLMMutation(('source.cpp', 20), '#include<iostream>\n#include<vector>\n#include<sstream>\n#include<cmath>\n#include<algorithm>\n\nusing namespace std;\n\nconst int MAX = 13;\nvector<float> Cake;\nfloat box;\nfloat dp[(1<<MAX)][MAX];\n\nvoid init(){\n    Cake.clear();\n    std::fill(&dp[0][0], &dp[0][0] + (1<<MAX)*MAX, numeric_limits<float>::infinity()); // Use infinity for clarity\n    dp[0][0] = 0;\n}\n\nvoid make(){\n    string s;\n    getline(cin,s);\n    stringstream ss(s);\n    float num;\n    Cake.reserve(MAX);\n    while(ss >> num) Cake.push_back(num);\n}\n\nvoid solve(){\n    int n = (int)Cake.size();\n    for(int i = 0; i < (1 << n); i++)\n        for(int j = 0; j < n; j++){\n            if(i == 0) {\n                dp[(1<<j)][j] = Cake[j];\n                continue;\n            }\n            if (dp[i][j] == numeric_limits<float>::infinity()) continue; // Use infinity for clarity\n            for(int k = 0; k < n; k++)\n                if(!(i & (1 << k)) && j != k){\n                    float newValue = dp[i][j] + 2.0f * sqrt(Cake[j] * Cake[k]);\n                    dp[i | (1 << k)][k] = min(dp[i | (1 << k)][k], newValue);\n                }\n        }\n\n    for(int i = 0; i < n; i++){\n        if(dp[(1 << n) - 1][i] + Cake[i] <= box) {cout << "OK" << endl; return;}\n    }\n    cout << "NA" << endl;\n}\n\nint main(){\n    while(cin >> box){\n        init();\n        make();\n        solve();\n    }\n    return 0;\n}') | LineLLMMutation(('source.cpp', 22), '#include<iostream>\n#include<vector>\n#include<sstream>\n#include<cmath>\n#include<algorithm>\n\nusing namespace std;\n\nconst int MAX = 13;\nvector<float> Cake;\nfloat box;\nfloat dp[(1<<MAX)][MAX];\n\nvoid init(){\n    Cake.clear();\n    // Instead of using infinity, initialize with a large finite value to save memory and improve clarity\n    std::fill(&dp[0][0], &dp[0][0] + (1<<MAX)*MAX, 1e9); // Use a large finite value instead of infinity\n    dp[0][0] = 0;\n}\n\nvoid make(){\n    string s;\n    getline(cin,s);\n    stringstream ss(s);\n    float num;\n    Cake.reserve(MAX);\n    while(ss >> num) Cake.push_back(num);\n}\n\nvoid solve(){\n    int n = (int)Cake.size();\n    for(int i = 0; i < (1 << n); i++)\n        for(int j = 0; j < n; j++){\n            if(i == 0) {\n                dp[(1<<j)][j] = Cake[j];\n                continue;\n            }\n            if (dp[i][j] == 1e9) continue; // Update comparison to the new large finite value\n            for(int k = 0; k < n; k++)\n                if(!(i & (1 << k)) && j != k){\n                    float newValue = dp[i][j] + 2.0f * sqrt(Cake[j] * Cake[k]);\n                    dp[i | (1 << k)][k] = min(dp[i | (1 << k)][k], newValue);\n                }\n        }\n\n    for(int i = 0; i < n; i++){\n        if(dp[(1 << n) - 1][i] + Cake[i] <= box) {cout << "OK" << endl; return;}\n    }\n    cout << "NA" << endl;\n}\n\nint main(){\n    while(cin >> box){\n        init();\n        make();\n        solve();\n    }\n    return 0;\n}')"

2025-01-23 17:30:27,426	[INFO]	Step: 47
2025-01-23 17:30:27,426	[INFO]	Stop Steps: 100
2025-01-23 17:30:27,965	[INFO]	4-8     TEST_CODE_ERROR       None (--) [3 edit(s)]  
2025-01-23 17:30:27,965	[DEBUG]	patch(4-8)="LineLLMMutation(('source.cpp', 5), '#include<iostream>\n#include<vector>\n#include<sstream>\n#include<cmath>\n#include<algorithm>\n\nusing namespace std;\n\nconst int MAX = 13;\nvector<float> Cake; // Changed double to float\nfloat box; // Changed double to float\nfloat dp[(1<<MAX)][MAX]; // Adjusted type accordingly\n\nvoid init(){\n    Cake.clear();\n    std::fill(&dp[0][0], &dp[0][0] + (1<<MAX)*MAX, 100000000);\n    dp[0][0] = 0;\n}\n\nvoid make(){\n    string s;\n    getline(cin,s);\n    stringstream ss(s);\n    float num; // Adjusted type accordingly\n    Cake.reserve(MAX);\n    while(ss >> num) Cake.push_back(num);\n}\n\nvoid solve(){\n    for(int i = 0; i < (1<<Cake.size()); i++)\n        for(int j = 0; j < (int)Cake.size(); j++){\n            if(i == 0) {\n                dp[(1<<j)][j] = Cake[j];\n                continue;\n            }\n            for(int k = 0; k < (int)Cake.size(); k++)\n                if(!(i&(1<<k)) && j != k){\n                    float newValue = dp[i][j] + 2.0f * sqrt(Cake[j] * Cake[k]); // Changed to float\n                    dp[i+(1<<k)][k] = min(dp[i+(1<<k)][k], newValue);\n                }\n        }\n\n    for(int i = 0; i < (int)Cake.size(); i++){\n        if(dp[(1<<Cake.size())-1][i] + Cake[i] <= box) {cout << "OK" << endl; return;}\n    }\n    cout << "NA" << endl;\n}\n\nint main(){\n    while(cin >> box){\n        init();\n        make();\n        solve();\n    }\n    return 0;\n}') | LineLLMMutation(('source.cpp', 19), '#include<iostream>\n#include<vector>\n#include<sstream>\n#include<cmath>\n#include<algorithm>\n\nusing namespace std;\n\nconst int MAX = 13;\nvector<float> Cake; // Changed double to float\nfloat box; // Changed double to float\nfloat dp[(1<<MAX)][MAX]; // Adjusted type accordingly\n\nvoid init(){\n    Cake.clear();\n    std::fill(&dp[0][0], &dp[0][0] + (1<<MAX)*MAX, 100000000);\n    dp[0][0] = 0;\n}\n\nvoid make(){\n    string s;\n    getline(cin,s);\n    stringstream ss(s);\n    float num; // Adjusted type accordingly\n    Cake.reserve(MAX);\n    while(ss >> num) Cake.push_back(num);\n}\n\nvoid solve(){\n    vector<float> sqrtCake(Cake.size());\n    for (int i = 0; i < Cake.size(); ++i) {\n        sqrtCake[i] = sqrt(Cake[i]); // Precompute square roots\n    }\n\n    for(int i = 0; i < (1<<Cake.size()); i++)\n        for(int j = 0; j < (int)Cake.size(); j++){\n            if(i == 0) {\n                dp[(1<<j)][j] = Cake[j];\n                continue;\n            }\n            for(int k = 0; k < (int)Cake.size(); k++)\n                if(!(i&(1<<k)) && j != k){\n                    float newValue = dp[i][j] + 2.0f * (sqrtCake[j] * sqrtCake[k]); // Use precomputed square roots\n                    dp[i+(1<<k)][k] = min(dp[i+(1<<k)][k], newValue);\n                }\n        }\n\n    for(int i = 0; i < (int)Cake.size(); i++){\n        if(dp[(1<<Cake.size())-1][i] + Cake[i] <= box) {cout << "OK" << endl; return;}\n    }\n    cout << "NA" << endl;\n}\n\nint main(){\n    while(cin >> box){\n        init();\n        make();\n        solve();\n    }\n    return 0;\n}') | LineLLMMutation(('source.cpp', 23), '#include<iostream>\n#include<vector>\n#include<sstream>\n#include<cmath>\n#include<algorithm>\n\nusing namespace std;\n\nconst int MAX = 13;\nfloat Cake[MAX]; // Changed from vector<float> to a fixed-size array\nfloat box; // Changed double to float\nfloat dp[(1<<MAX)][MAX]; // Adjusted type accordingly\n\nvoid init(){\n    std::fill(&dp[0][0], &dp[0][0] + (1<<MAX)*MAX, 100000000);\n    dp[0][0] = 0;\n}\n\nvoid make(){\n    string s;\n    getline(cin,s);\n    stringstream ss(s);\n    float num; // Adjusted type accordingly\n    int index = 0; // Use an index to fill the fixed-size array\n    while(ss >> num && index < MAX) Cake[index++] = num; // Fill the array directly\n}\n\nvoid solve(){\n    vector<float> sqrtCake(Cake, Cake + MAX); // Adjusted to use fixed-size array\n    for (int i = 0; i < MAX; ++i) {\n        sqrtCake[i] = sqrt(Cake[i]); // Precompute square roots\n    }\n\n    for(int i = 0; i < (1<<MAX); i++)\n        for(int j = 0; j < MAX; j++){\n            if(i == 0) {\n                dp[(1<<j)][j] = Cake[j];\n                continue;\n            }\n            for(int k = 0; k < MAX; k++)\n                if(!(i&(1<<k)) && j != k){\n                    float newValue = dp[i][j] + 2.0f * (sqrtCake[j] * sqrtCake[k]); // Use precomputed square roots\n                    dp[i+(1<<k)][k] = min(dp[i+(1<<k)][k], newValue);\n                }\n        }\n\n    for(int i = 0; i < MAX; i++){\n        if(dp[(1<<MAX)-1][i] + Cake[i] <= box) {cout << "OK" << endl; return;}\n    }\n    cout << "NA" << endl;\n}\n\nint main(){\n    while(cin >> box){\n        init();\n        make();\n        solve();\n    }\n    return 0;\n}')"
2025-01-23 17:30:27,965	[INFO]	Step: 48
2025-01-23 17:30:27,965	[INFO]	Stop Steps: 100
2025-01-23 17:30:28,653	[DEBUG]	EXEC>  SUCCESS 3116218.1875
2025-01-23 17:30:28,653	[INFO]	4-9     SUCCESS               3116218.19 (84.40%) [3 edit(s)]  
2025-01-23 17:30:28,653	[DEBUG]	patch(4-9)="LineLLMCrossover(('source.cpp', 0), '#include<iostream>\n#include<vector>\n#include<sstream>\n#include<cmath>\n#include<algorithm>\n\nusing namespace std;\n\nconst int MAX = 13;\nvector<float> Cake; // Keeping float for optimization\nfloat box;\nfloat dp[(1<<MAX)][MAX];\n\nvoid init(){\n    Cake.clear();\n    std::fill(&dp[0][0], &dp[0][0] + (1<<MAX)*MAX, 100000000);\n    dp[0][0] = 0;\n}\n\nvoid make(){\n    string s;\n    getline(cin,s);\n    stringstream ss(s);\n    float num;\n    Cake.reserve(MAX);\n    while(ss >> num) Cake.push_back(num);\n}\n\nvoid solve(){\n    for(int i = 0; i < (1<<Cake.size()); i++)\n        for(int j = 0; j < (int)Cake.size(); j++){\n            if(i == 0) {\n                dp[(1<<j)][j] = Cake[j];\n                continue;\n            }\n            for(int k = 0; k < (int)Cake.size(); k++)\n                if(!(i&(1<<k)) && j != k){\n                    float newValue = dp[i][j] + 2.0f * sqrt(Cake[j] * Cake[k]);\n                    dp[i+(1<<k)][k] = min(dp[i+(1<<k)][k], newValue);\n                }\n        }\n\n    for(int i = 0; i < (int)Cake.size(); i++){\n        if(dp[(1<<Cake.size())-1][i] + Cake[i] <= box) {cout << "OK" << endl; return;}\n    }\n    cout << "NA" << endl;\n}\n\nint main(){\n    while(cin >> box){\n        init();\n        make();\n        solve();\n    }\n    return 0;\n}') | LineLLMMutation(('source.cpp', 18), '#include<iostream>\n#include<vector>\n#include<sstream>\n#include<cmath>\n#include<algorithm>\n\nusing namespace std;\n\nconst int MAX = 13;\nvector<float> Cake; // Keeping float for optimization\nfloat box;\nfloat dp[(1<<MAX)][MAX];\n\nvoid init(){\n    Cake.clear();\n    std::fill(&dp[0][0], &dp[0][0] + (1<<MAX)*MAX, 1e9); // Using a smaller constant for clarity\n    dp[0][0] = 0;\n}\n\nvoid make(){\n    string s;\n    getline(cin,s);\n    stringstream ss(s);\n    float num;\n    Cake.reserve(MAX);\n    while(ss >> num) Cake.push_back(num);\n}\n\nvoid solve(){\n    for(int i = 0; i < (1<<Cake.size()); i++)\n        for(int j = 0; j < (int)Cake.size(); j++){\n            if(i == 0) {\n                dp[(1<<j)][j] = Cake[j];\n                continue;\n            }\n            for(int k = 0; k < (int)Cake.size(); k++)\n                if(!(i&(1<<k)) && j != k){\n                    float newValue = dp[i][j] + 2.0f * sqrt(Cake[j] * Cake[k]);\n                    dp[i+(1<<k)][k] = min(dp[i+(1<<k)][k], newValue);\n                }\n        }\n\n    for(int i = 0; i < (int)Cake.size(); i++){\n        if(dp[(1<<Cake.size())-1][i] + Cake[i] <= box) {cout << "OK" << endl; return;}\n    }\n    cout << "NA" << endl;\n}\n\nint main(){\n    while(cin >> box){\n        init();\n        make();\n        solve();\n    }\n    return 0;\n}') | LineLLMMutation(('source.cpp', 24), '#include<iostream>\n#include<vector>\n#include<sstream>\n#include<cmath>\n#include<algorithm>\n\nusing namespace std;\n\nconst int MAX = 13;\nvector<float> Cake; // Keeping float for optimization\nfloat box;\nfloat dp[(1<<MAX)][MAX];\n\nvoid init(){\n    Cake.clear();\n    std::fill(&dp[0][0], &dp[0][0] + (1<<MAX)*MAX, 1e9); // Using a smaller constant for clarity\n    dp[0][0] = 0;\n}\n\nvoid make(){\n    string s;\n    getline(cin,s);\n    stringstream ss(s);\n    float num;\n    Cake.reserve(MAX);\n    while(ss >> num) Cake.push_back(num);\n}\n\nvoid solve(){\n    int cakeSize = Cake.size();\n    for(int i = 0; i < (1<<cakeSize); i++) {\n        for(int j = 0; j < cakeSize; j++) {\n            if(i == 0) {\n                dp[(1<<j)][j] = Cake[j];\n                continue;\n            }\n            for(int k = 0; k < cakeSize; k++) {\n                if(!(i & (1<<k)) && j != k) {\n                    float newValue = dp[i][j] + 2.0f * sqrt(Cake[j] * Cake[k]);\n                    dp[i | (1<<k)][k] = min(dp[i | (1<<k)][k], newValue);\n                }\n            }\n        }\n    }\n\n    for(int i = 0; i < cakeSize; i++) {\n        if(dp[(1<<cakeSize) - 1][i] + Cake[i] <= box) {\n            cout << "OK" << endl; \n            return;\n        }\n    }\n    cout << "NA" << endl;\n}\n\nint main(){\n    while(cin >> box){\n        init();\n        make();\n        solve();\n    }\n    return 0;\n}')"
2025-01-23 17:30:28,653	[INFO]	Step: 49
2025-01-23 17:30:28,653	[INFO]	Stop Steps: 100
2025-01-23 17:30:29,330	[DEBUG]	EXEC>  SUCCESS 3030565.6875
2025-01-23 17:30:29,331	[INFO]	4-10    SUCCESS              *3030565.69 (82.08%) [2 edit(s)]  
2025-01-23 17:30:29,331	[DEBUG]	patch(4-10)="LineLLMCrossover(('source.cpp', 9), '#include<iostream>\n#include<vector>\n#include<sstream>\n#include<cmath>\n#include<algorithm>\n\nusing namespace std;\n\nconst int MAX = 13;\nvector<float> Cake; \nfloat box; \nfloat dp[(1<<MAX)][MAX];\n\nvoid init(){\n    Cake.clear();\n    for(int i = 0; i < (1 << MAX); ++i) {\n        fill(dp[i], dp[i] + MAX, 100000000);\n    }\n    dp[0][0] = 0;\n}\n\nvoid make(){\n    string s;\n    getline(cin,s);\n    stringstream ss(s);\n    float num; \n    Cake.reserve(MAX);\n    while(ss >> num) Cake.push_back(num);\n}\n\nvoid solve(){\n    int n = (int)Cake.size();\n    for(int i = 0; i < (1 << n); i++)\n        for(int j = 0; j < n; j++){\n            if(i == 0) {\n                dp[(1<<j)][j] = Cake[j];\n                continue;\n            }\n            if (dp[i][j] == 100000000) continue; // Skip impossible states\n            for(int k = 0; k < n; k++)\n                if(!(i & (1 << k)) && j != k){\n                    float newValue = dp[i][j] + 2.0f * sqrt(Cake[j] * Cake[k]);\n                    dp[i | (1 << k)][k] = min(dp[i | (1 << k)][k], newValue);\n                }\n        }\n\n    for(int i = 0; i < n; i++){\n        if(dp[(1 << n) - 1][i] + Cake[i] <= box) {cout << "OK" << endl; return;}\n    }\n    cout << "NA" << endl;\n}\n\nint main(){\n    while(cin >> box){\n        init();\n        make();\n        solve();\n    }\n    return 0;\n}') | LineLLMMutation(('source.cpp', 25), '#include<iostream>\n#include<vector>\n#include<sstream>\n#include<cmath>\n#include<algorithm>\n#include<limits>\n\nusing namespace std;\n\nconst int MAX = 13;\nvector<float> Cake; \nfloat box; \nfloat dp[(1<<MAX)][MAX];\n\nvoid init(){\n    Cake.clear();\n    for(int i = 0; i < (1 << MAX); ++i) {\n        fill(dp[i], dp[i] + MAX, numeric_limits<float>::infinity());\n    }\n    dp[0][0] = 0;\n}\n\nvoid make(){\n    string s;\n    getline(cin,s);\n    stringstream ss(s);\n    float num; \n    Cake.reserve(MAX);\n    while(ss >> num) Cake.push_back(num);\n}\n\nvoid solve(){\n    int n = (int)Cake.size();\n    for(int i = 0; i < (1 << n); i++)\n        for(int j = 0; j < n; j++){\n            if(i == 0) {\n                dp[(1<<j)][j] = Cake[j];\n                continue;\n            }\n            if (dp[i][j] == numeric_limits<float>::infinity()) continue; // Skip impossible states\n            for(int k = 0; k < n; k++)\n                if(!(i & (1 << k)) && j != k){\n                    float newValue = dp[i][j] + 2.0f * sqrt(Cake[j] * Cake[k]);\n                    dp[i | (1 << k)][k] = min(dp[i | (1 << k)][k], newValue);\n                }\n        }\n\n    for(int i = 0; i < n; i++){\n        if(dp[(1 << n) - 1][i] + Cake[i] <= box) {cout << "OK" << endl; return;}\n    }\n    cout << "NA" << endl;\n}\n\nint main(){\n    while(cin >> box){\n        init();\n        make();\n        solve();\n    }\n    return 0;\n}')"

2025-01-23 17:30:29,331	[INFO]	Step: 50
2025-01-23 17:30:29,331	[INFO]	Stop Steps: 100
2025-01-23 17:30:31,005	[DEBUG]	EXEC>  SUCCESS 3665936.9375
2025-01-23 17:30:31,006	[INFO]	REF     SUCCESS               3665936.94 (--) [0 edit(s)]  
2025-01-23 17:30:31,006	[INFO]	Best patch: 9_25
2025-01-23 17:30:31,681	[DEBUG]	EXEC>  SUCCESS 3080652.25
2025-01-23 17:30:31,681	[INFO]	BEST    SUCCESS              *3080652.25 (84.03%) [0 edit(s)]  
2025-01-23 17:30:31,681	[INFO]	Best patch step: 49
2025-01-23 17:31:42,355	[INFO]	Step: 50
2025-01-23 17:31:42,355	[INFO]	Stop Steps: 100
2025-01-23 17:31:43,170	[DEBUG]	EXEC>  SUCCESS 3039610.9375
2025-01-23 17:31:43,170	[INFO]	5-1     SUCCESS              *3039610.94 (82.91%) [2 edit(s)]  
2025-01-23 17:31:43,170	[DEBUG]	patch(5-1)="LineLLMCrossover(('source.cpp', 9), '#include<iostream>\n#include<vector>\n#include<sstream>\n#include<cmath>\n#include<algorithm>\n\nusing namespace std;\n\nconst int MAX = 13;\nvector<float> Cake; \nfloat box; \nfloat dp[(1<<MAX)][MAX];\n\nvoid init(){\n    Cake.clear();\n    for(int i = 0; i < (1 << MAX); ++i) {\n        fill(dp[i], dp[i] + MAX, 100000000);\n    }\n    dp[0][0] = 0;\n}\n\nvoid make(){\n    string s;\n    getline(cin,s);\n    stringstream ss(s);\n    float num; \n    Cake.reserve(MAX);\n    while(ss >> num) Cake.push_back(num);\n}\n\nvoid solve(){\n    int n = (int)Cake.size();\n    for(int i = 0; i < (1 << n); i++)\n        for(int j = 0; j < n; j++){\n            if(i == 0) {\n                dp[(1<<j)][j] = Cake[j];\n                continue;\n            }\n            if (dp[i][j] == 100000000) continue; // Skip impossible states\n            for(int k = 0; k < n; k++)\n                if(!(i & (1 << k)) && j != k){\n                    float newValue = dp[i][j] + 2.0f * sqrt(Cake[j] * Cake[k]);\n                    dp[i | (1 << k)][k] = min(dp[i | (1 << k)][k], newValue);\n                }\n        }\n\n    for(int i = 0; i < n; i++){\n        if(dp[(1 << n) - 1][i] + Cake[i] <= box) {cout << "OK" << endl; return;}\n    }\n    cout << "NA" << endl;\n}\n\nint main(){\n    while(cin >> box){\n        init();\n        make();\n        solve();\n    }\n    return 0;\n}') | LineLLMMutation(('source.cpp', 25), '#include<iostream>\n#include<vector>\n#include<sstream>\n#include<cmath>\n#include<algorithm>\n#include<limits>\n\nusing namespace std;\n\nconst int MAX = 13;\nvector<float> Cake; \nfloat box; \nfloat dp[(1<<MAX)][MAX];\n\nvoid init(){\n    Cake.clear();\n    for(int i = 0; i < (1 << MAX); ++i) {\n        fill(dp[i], dp[i] + MAX, numeric_limits<float>::infinity());\n    }\n    dp[0][0] = 0;\n}\n\nvoid make(){\n    string s;\n    getline(cin,s);\n    stringstream ss(s);\n    float num; \n    Cake.reserve(MAX);\n    while(ss >> num) Cake.push_back(num);\n}\n\nvoid solve(){\n    int n = (int)Cake.size();\n    for(int i = 0; i < (1 << n); i++)\n        for(int j = 0; j < n; j++){\n            if(i == 0) {\n                dp[(1<<j)][j] = Cake[j];\n                continue;\n            }\n            if (dp[i][j] == numeric_limits<float>::infinity()) continue; // Skip impossible states\n            for(int k = 0; k < n; k++)\n                if(!(i & (1 << k)) && j != k){\n                    float newValue = dp[i][j] + 2.0f * sqrt(Cake[j] * Cake[k]);\n                    dp[i | (1 << k)][k] = min(dp[i | (1 << k)][k], newValue);\n                }\n        }\n\n    for(int i = 0; i < n; i++){\n        if(dp[(1 << n) - 1][i] + Cake[i] <= box) {cout << "OK" << endl; return;}\n    }\n    cout << "NA" << endl;\n}\n\nint main(){\n    while(cin >> box){\n        init();\n        make();\n        solve();\n    }\n    return 0;\n}')"

2025-01-23 17:31:43,170	[INFO]	Step: 51
2025-01-23 17:31:43,170	[INFO]	Stop Steps: 100
2025-01-23 17:31:43,871	[DEBUG]	EXEC>  SUCCESS 3140758.6875
2025-01-23 17:31:43,872	[INFO]	5-2     SUCCESS               3140758.69 (85.67%) [4 edit(s)]  
2025-01-23 17:31:43,872	[DEBUG]	patch(5-2)="LineLLMCrossover(('source.cpp', 0), '#include<iostream>\n#include<vector>\n#include<sstream>\n#include<cmath>\n#include<algorithm>\n\nusing namespace std;\n\nconst int MAX = 13;\nvector<float> Cake; // Keeping float for optimization\nfloat box;\nfloat dp[(1<<MAX)][MAX];\n\nvoid init(){\n    Cake.clear();\n    std::fill(&dp[0][0], &dp[0][0] + (1<<MAX)*MAX, 100000000);\n    dp[0][0] = 0;\n}\n\nvoid make(){\n    string s;\n    getline(cin,s);\n    stringstream ss(s);\n    float num;\n    Cake.reserve(MAX);\n    while(ss >> num) Cake.push_back(num);\n}\n\nvoid solve(){\n    for(int i = 0; i < (1<<Cake.size()); i++)\n        for(int j = 0; j < (int)Cake.size(); j++){\n            if(i == 0) {\n                dp[(1<<j)][j] = Cake[j];\n                continue;\n            }\n            for(int k = 0; k < (int)Cake.size(); k++)\n                if(!(i&(1<<k)) && j != k){\n                    float newValue = dp[i][j] + 2.0f * sqrt(Cake[j] * Cake[k]);\n                    dp[i+(1<<k)][k] = min(dp[i+(1<<k)][k], newValue);\n                }\n        }\n\n    for(int i = 0; i < (int)Cake.size(); i++){\n        if(dp[(1<<Cake.size())-1][i] + Cake[i] <= box) {cout << "OK" << endl; return;}\n    }\n    cout << "NA" << endl;\n}\n\nint main(){\n    while(cin >> box){\n        init();\n        make();\n        solve();\n    }\n    return 0;\n}') | LineLLMMutation(('source.cpp', 14), '#include<iostream>\n#include<vector>\n#include<sstream>\n#include<cmath>\n#include<algorithm>\n\nusing namespace std;\n\nconst int MAX = 13;\nvector<float> Cake; // Keeping float for optimization\nfloat box;\nfloat dp[(1<<MAX)][MAX];\n\nvoid init(){\n    Cake.clear();\n    std::fill(&dp[0][0], &dp[0][0] + (1<<MAX)*MAX, 100000000);\n    dp[0][0] = 0;\n}\n\nvoid make(){\n    string s;\n    getline(cin,s);\n    stringstream ss(s);\n    float num;\n    Cake.reserve(MAX);\n    while(ss >> num) Cake.push_back(num);\n}\n\nvoid solve(){\n    int n = (int)Cake.size();\n    for(int i = 0; i < (1 << n); i++)\n        for(int j = 0; j < n; j++){\n            if(i == 0) {\n                dp[(1<<j)][j] = Cake[j];\n                continue;\n            }\n            if (dp[i][j] == 100000000) continue; // Skip impossible states\n            for(int k = 0; k < n; k++)\n                if(!(i & (1 << k)) && j != k){\n                    float newValue = dp[i][j] + 2.0f * sqrt(Cake[j] * Cake[k]);\n                    dp[i | (1 << k)][k] = min(dp[i | (1 << k)][k], newValue);\n                }\n        }\n\n    for(int i = 0; i < n; i++){\n        if(dp[(1 << n) - 1][i] + Cake[i] <= box) {cout << "OK" << endl; return;}\n    }\n    cout << "NA" << endl;\n}\n\nint main(){\n    while(cin >> box){\n        init();\n        make();\n        solve();\n    }\n    return 0;\n}') | LineLLMMutation(('source.cpp', 20), '#include<iostream>\n#include<vector>\n#include<sstream>\n#include<cmath>\n#include<algorithm>\n\nusing namespace std;\n\nconst int MAX = 13;\nvector<float> Cake;\nfloat box;\nfloat dp[(1<<MAX)][MAX];\n\nvoid init(){\n    Cake.clear();\n    std::fill(&dp[0][0], &dp[0][0] + (1<<MAX)*MAX, numeric_limits<float>::infinity()); // Use infinity for clarity\n    dp[0][0] = 0;\n}\n\nvoid make(){\n    string s;\n    getline(cin,s);\n    stringstream ss(s);\n    float num;\n    Cake.reserve(MAX);\n    while(ss >> num) Cake.push_back(num);\n}\n\nvoid solve(){\n    int n = (int)Cake.size();\n    for(int i = 0; i < (1 << n); i++)\n        for(int j = 0; j < n; j++){\n            if(i == 0) {\n                dp[(1<<j)][j] = Cake[j];\n                continue;\n            }\n            if (dp[i][j] == numeric_limits<float>::infinity()) continue; // Use infinity for clarity\n            for(int k = 0; k < n; k++)\n                if(!(i & (1 << k)) && j != k){\n                    float newValue = dp[i][j] + 2.0f * sqrt(Cake[j] * Cake[k]);\n                    dp[i | (1 << k)][k] = min(dp[i | (1 << k)][k], newValue);\n                }\n        }\n\n    for(int i = 0; i < n; i++){\n        if(dp[(1 << n) - 1][i] + Cake[i] <= box) {cout << "OK" << endl; return;}\n    }\n    cout << "NA" << endl;\n}\n\nint main(){\n    while(cin >> box){\n        init();\n        make();\n        solve();\n    }\n    return 0;\n}') | LineLLMMutation(('source.cpp', 22), '#include<iostream>\n#include<vector>\n#include<sstream>\n#include<cmath>\n#include<algorithm>\n\nusing namespace std;\n\nconst int MAX = 13;\nvector<float> Cake;\nfloat box;\nfloat dp[(1<<MAX)][MAX];\n\nvoid init(){\n    Cake.clear();\n    // Instead of using infinity, initialize with a large finite value to save memory and improve clarity\n    std::fill(&dp[0][0], &dp[0][0] + (1<<MAX)*MAX, 1e9); // Use a large finite value instead of infinity\n    dp[0][0] = 0;\n}\n\nvoid make(){\n    string s;\n    getline(cin,s);\n    stringstream ss(s);\n    float num;\n    Cake.reserve(MAX);\n    while(ss >> num) Cake.push_back(num);\n}\n\nvoid solve(){\n    int n = (int)Cake.size();\n    for(int i = 0; i < (1 << n); i++)\n        for(int j = 0; j < n; j++){\n            if(i == 0) {\n                dp[(1<<j)][j] = Cake[j];\n                continue;\n            }\n            if (dp[i][j] == 1e9) continue; // Update comparison to the new large finite value\n            for(int k = 0; k < n; k++)\n                if(!(i & (1 << k)) && j != k){\n                    float newValue = dp[i][j] + 2.0f * sqrt(Cake[j] * Cake[k]);\n                    dp[i | (1 << k)][k] = min(dp[i | (1 << k)][k], newValue);\n                }\n        }\n\n    for(int i = 0; i < n; i++){\n        if(dp[(1 << n) - 1][i] + Cake[i] <= box) {cout << "OK" << endl; return;}\n    }\n    cout << "NA" << endl;\n}\n\nint main(){\n    while(cin >> box){\n        init();\n        make();\n        solve();\n    }\n    return 0;\n}')"
2025-01-23 17:31:43,872	[INFO]	Step: 52
2025-01-23 17:31:43,872	[INFO]	Stop Steps: 100
2025-01-23 17:31:44,582	[DEBUG]	EXEC>  SUCCESS 3080846.875
2025-01-23 17:31:44,582	[INFO]	5-3     SUCCESS               3080846.88 (84.04%) [1 edit(s)]  
2025-01-23 17:31:44,582	[DEBUG]	patch(5-3)="LineLLMCrossover(('source.cpp', 16), '#include<iostream>\n#include<vector>\n#include<sstream>\n#include<cmath>\n#include<algorithm>\n#include<limits>\n\nusing namespace std;\n\nconst int MAX = 13;\nvector<float> Cake; \nfloat box; \nfloat dp[(1<<MAX)][MAX];\n\nvoid init(){\n    Cake.clear();\n    // Use a large finite value instead of infinity for clarity\n    std::fill(&dp[0][0], &dp[0][0] + (1<<MAX)*MAX, 1e9); \n    dp[0][0] = 0;\n}\n\nvoid make(){\n    string s;\n    getline(cin,s);\n    stringstream ss(s);\n    float num; \n    Cake.reserve(MAX);\n    while(ss >> num) Cake.push_back(num);\n}\n\nvoid solve(){\n    vector<float> sqrtCake(Cake.size());\n    for (int i = 0; i < Cake.size(); ++i) {\n        sqrtCake[i] = sqrt(Cake[i]); // Precompute square roots\n    }\n\n    for(int i = 0; i < (1<<Cake.size()); i++)\n        for(int j = 0; j < (int)Cake.size(); j++){\n            if(i == 0) {\n                dp[(1<<j)][j] = Cake[j];\n                continue;\n            }\n            for(int k = 0; k < (int)Cake.size(); k++)\n                if(!(i&(1<<k)) && j != k){\n                    float newValue = dp[i][j] + 2.0f * (sqrtCake[j] * sqrtCake[k]); // Use precomputed square roots\n                    dp[i+(1<<k)][k] = min(dp[i+(1<<k)][k], newValue);\n                }\n        }\n\n    for(int i = 0; i < (int)Cake.size(); i++){\n        if(dp[(1<<Cake.size())-1][i] + Cake[i] <= box) {cout << "OK" << endl; return;}\n    }\n    cout << "NA" << endl;\n}\n\nint main(){\n    while(cin >> box){\n        init();\n        make();\n        solve();\n    }\n    return 0;\n}')"
2025-01-23 17:31:44,582	[INFO]	Step: 53
2025-01-23 17:31:44,582	[INFO]	Stop Steps: 100
2025-01-23 17:31:45,259	[DEBUG]	EXEC>  SUCCESS 3062639.25
2025-01-23 17:31:45,259	[INFO]	5-4     SUCCESS               3062639.25 (83.54%) [1 edit(s)]  
2025-01-23 17:31:45,259	[DEBUG]	patch(5-4)="LineLLMCrossover(('source.cpp', 17), '#include<iostream>\n#include<vector>\n#include<sstream>\n#include<cmath>\n#include<algorithm>\n#include<limits>\n#include<cstdio>\n\nusing namespace std;\n\nconst int MAX = 13;\nvector<float> Cake; \nfloat box; \nfloat dp[(1<<MAX)][MAX];\n\nvoid init(){\n    Cake.clear();\n    std::fill(&dp[0][0], &dp[0][0] + (1<<MAX)*MAX, 1e9); \n    dp[0][0] = 0;\n}\n\nvoid make(){\n    string s;\n    getline(cin,s);\n    stringstream ss(s);\n    float num; \n    Cake.reserve(MAX);\n    while(ss >> num) Cake.push_back(num);\n}\n\nvoid solve(){\n    int n = (int)Cake.size();\n    for (int i = 0; i < (1 << n); i++)\n        for (int j = 0; j < n; j++){\n            if(i == 0) {\n                dp[(1<<j)][j] = Cake[j];\n                continue;\n            }\n            if (dp[i][j] == 1e9) continue; // Use a large finite value instead of infinity\n            for(int k = 0; k < n; k++)\n                if(!(i & (1 << k)) && j != k){\n                    float newValue = dp[i][j] + 2.0f * sqrt(Cake[j] * Cake[k]);\n                    dp[i | (1 << k)][k] = min(dp[i | (1 << k)][k], newValue);\n                }\n        }\n\n    for(int i = 0; i < n; i++){\n        if(dp[(1 << n) - 1][i] + Cake[i] <= box) {cout << "OK" << endl; return;}\n    }\n    cout << "NA" << endl;\n}\n\nint main(){\n    while(cin >> box){\n        init();\n        make();\n        solve();\n    }\n    return 0;\n}')"
2025-01-23 17:31:45,260	[INFO]	Step: 54
2025-01-23 17:31:45,260	[INFO]	Stop Steps: 100
2025-01-23 17:31:45,946	[DEBUG]	EXEC>  SUCCESS 3061786.3125
2025-01-23 17:31:45,946	[INFO]	5-5     SUCCESS               3061786.31 (83.52%) [1 edit(s)]  
2025-01-23 17:31:45,946	[DEBUG]	patch(5-5)="LineLLMCrossover(('source.cpp', 18), '#include<iostream>\n#include<vector>\n#include<sstream>\n#include<cmath>\n#include<algorithm>\n#include<limits>\n\nusing namespace std;\n\nconst int MAX = 13;\nvector<float> Cake; \nfloat box; \nfloat dp[(1<<MAX)][MAX];\n\nvoid init(){\n    Cake.clear();\n    std::fill(&dp[0][0], &dp[0][0] + (1<<MAX)*MAX, 100000000);\n    dp[0][0] = 0;\n}\n\nvoid make(){\n    string s;\n    getline(cin,s);\n    stringstream ss(s);\n    float num; \n    Cake.reserve(MAX);\n    while(ss >> num) Cake.push_back(num);\n}\n\nvoid solve(){\n    int n = (int)Cake.size();\n    for(int i = 0; i < (1 << n); i++)\n        for(int j = 0; j < n; j++){\n            if(i == 0) {\n                dp[(1<<j)][j] = Cake[j];\n                continue;\n            }\n            if (dp[i][j] == 100000000) continue; // Use a large finite value instead of infinity\n            for(int k = 0; k < n; k++)\n                if(!(i & (1 << k)) && j != k){\n                    float newValue = dp[i][j] + 2.0f * sqrt(Cake[j] * Cake[k]);\n                    dp[i | (1 << k)][k] = min(dp[i | (1 << k)][k], newValue);\n                }\n        }\n\n    for(int i = 0; i < n; i++){\n        if(dp[(1 << n) - 1][i] + Cake[i] <= box) {cout << "OK" << endl; return;}\n    }\n    cout << "NA" << endl;\n}\n\nint main(){\n    while(cin >> box){\n        init();\n        make();\n        solve();\n    }\n    return 0;\n}')"
2025-01-23 17:31:45,946	[INFO]	Step: 55
2025-01-23 17:31:45,946	[INFO]	Stop Steps: 100
2025-01-23 17:31:46,622	[DEBUG]	EXEC>  SUCCESS 3084415.4375
2025-01-23 17:31:46,622	[INFO]	5-6     SUCCESS               3084415.44 (84.14%) [1 edit(s)]  
2025-01-23 17:31:46,622	[DEBUG]	patch(5-6)="LineLLMCrossover(('source.cpp', 19), '#include<iostream>\n#include<vector>\n#include<sstream>\n#include<cmath>\n#include<algorithm>\n#include<limits>\n#include<cstdio>\n\nusing namespace std;\n\nconst int MAX = 13;\nvector<float> Cake; \nfloat box; \nfloat dp[(1<<MAX)][MAX];\n\nvoid init(){\n    Cake.clear();\n    std::fill(&dp[0][0], &dp[0][0] + (1<<MAX)*MAX, 1e9); \n    dp[0][0] = 0;\n}\n\nvoid make(){\n    string s;\n    getline(cin,s);\n    stringstream ss(s);\n    float num; \n    Cake.reserve(MAX);\n    while(ss >> num) Cake.push_back(num);\n}\n\nvoid solve(){\n    int n = (int)Cake.size();\n    for(int i = 0; i < (1 << n); i++)\n        for(int j = 0; j < n; j++){\n            if(i == 0) {\n                dp[(1<<j)][j] = Cake[j];\n                continue;\n            }\n            if (dp[i][j] == 1e9) continue; // Use a large finite value instead of infinity\n            for(int k = 0; k < n; k++)\n                if(!(i & (1 << k)) && j != k){\n                    float newValue = dp[i][j] + 2.0f * sqrt(Cake[j] * Cake[k]);\n                    dp[i | (1 << k)][k] = min(dp[i | (1 << k)][k], newValue);\n                }\n        }\n\n    for(int i = 0; i < n; i++){\n        if(dp[(1 << n) - 1][i] + Cake[i] <= box) {cout << "OK" << endl; return;}\n    }\n    cout << "NA" << endl;\n}\n\nint main(){\n    while(cin >> box){\n        init();\n        make();\n        solve();\n    }\n    return 0;\n}')"
2025-01-23 17:31:46,622	[INFO]	Step: 56
2025-01-23 17:31:46,622	[INFO]	Stop Steps: 100
2025-01-23 17:31:47,123	[INFO]	5-7     TEST_CODE_ERROR       None (--) [3 edit(s)]  
2025-01-23 17:31:47,123	[DEBUG]	patch(5-7)="LineLLMCrossover(('source.cpp', 9), '#include<iostream>\n#include<vector>\n#include<sstream>\n#include<cmath>\n#include<algorithm>\n\nusing namespace std;\n\nconst int MAX = 13;\nvector<float> Cake; \nfloat box; \nfloat dp[(1<<MAX)][MAX];\n\nvoid init(){\n    Cake.clear();\n    for(int i = 0; i < (1 << MAX); ++i) {\n        fill(dp[i], dp[i] + MAX, 100000000);\n    }\n    dp[0][0] = 0;\n}\n\nvoid make(){\n    string s;\n    getline(cin,s);\n    stringstream ss(s);\n    float num; \n    Cake.reserve(MAX);\n    while(ss >> num) Cake.push_back(num);\n}\n\nvoid solve(){\n    int n = (int)Cake.size();\n    for(int i = 0; i < (1 << n); i++)\n        for(int j = 0; j < n; j++){\n            if(i == 0) {\n                dp[(1<<j)][j] = Cake[j];\n                continue;\n            }\n            if (dp[i][j] == 100000000) continue; // Skip impossible states\n            for(int k = 0; k < n; k++)\n                if(!(i & (1 << k)) && j != k){\n                    float newValue = dp[i][j] + 2.0f * sqrt(Cake[j] * Cake[k]);\n                    dp[i | (1 << k)][k] = min(dp[i | (1 << k)][k], newValue);\n                }\n        }\n\n    for(int i = 0; i < n; i++){\n        if(dp[(1 << n) - 1][i] + Cake[i] <= box) {cout << "OK" << endl; return;}\n    }\n    cout << "NA" << endl;\n}\n\nint main(){\n    while(cin >> box){\n        init();\n        make();\n        solve();\n    }\n    return 0;\n}') | LineLLMMutation(('source.cpp', 25), '#include<iostream>\n#include<vector>\n#include<sstream>\n#include<cmath>\n#include<algorithm>\n#include<limits>\n\nusing namespace std;\n\nconst int MAX = 13;\nvector<float> Cake; \nfloat box; \nfloat dp[(1<<MAX)][MAX];\n\nvoid init(){\n    Cake.clear();\n    for(int i = 0; i < (1 << MAX); ++i) {\n        fill(dp[i], dp[i] + MAX, numeric_limits<float>::infinity());\n    }\n    dp[0][0] = 0;\n}\n\nvoid make(){\n    string s;\n    getline(cin,s);\n    stringstream ss(s);\n    float num; \n    Cake.reserve(MAX);\n    while(ss >> num) Cake.push_back(num);\n}\n\nvoid solve(){\n    int n = (int)Cake.size();\n    for(int i = 0; i < (1 << n); i++)\n        for(int j = 0; j < n; j++){\n            if(i == 0) {\n                dp[(1<<j)][j] = Cake[j];\n                continue;\n            }\n            if (dp[i][j] == numeric_limits<float>::infinity()) continue; // Skip impossible states\n            for(int k = 0; k < n; k++)\n                if(!(i & (1 << k)) && j != k){\n                    float newValue = dp[i][j] + 2.0f * sqrt(Cake[j] * Cake[k]);\n                    dp[i | (1 << k)][k] = min(dp[i | (1 << k)][k], newValue);\n                }\n        }\n\n    for(int i = 0; i < n; i++){\n        if(dp[(1 << n) - 1][i] + Cake[i] <= box) {cout << "OK" << endl; return;}\n    }\n    cout << "NA" << endl;\n}\n\nint main(){\n    while(cin >> box){\n        init();\n        make();\n        solve();\n    }\n    return 0;\n}') | LineLLMMutation(('source.cpp', 26), '#include<iostream>\n#include<vector>\n#include<sstream>\n#include<cmath>\n#include<algorithm>\n#include<limits>\n\nusing namespace std;\n\nconst int MAX = 13;\nvector<float> Cake; \nfloat box; \nfloat dp[1 << MAX]; // Change to a single-dimensional array\n\nvoid init(){\n    Cake.clear();\n    fill(dp, dp + (1 << MAX), numeric_limits<float>::infinity()); // Fill the single-dimensional array\n    dp[0] = 0; // Initialize the starting point\n}\n\nvoid make(){\n    string s;\n    getline(cin,s);\n    stringstream ss(s);\n    float num; \n    Cake.reserve(MAX);\n    while(ss >> num) Cake.push_back(num);\n}\n\nvoid solve(){\n    int n = (int)Cake.size();\n    for(int i = 0; i < (1 << n); i++)\n        for(int j = 0; j < n; j++){\n            if(i == 0) {\n                dp[(1 << j)] = Cake[j]; // Update for single-dimensional array\n                continue;\n            }\n            if (dp[i] == numeric_limits<float>::infinity()) continue; // Skip impossible states\n            for(int k = 0; k < n; k++)\n                if(!(i & (1 << k)) && j != k){\n                    float newValue = dp[i] + 2.0f * sqrt(Cake[j] * Cake[k]);\n                    dp[i | (1 << k)] = min(dp[i | (1 << k)], newValue); // Update for single-dimensional array\n                }\n        }\n\n    for(int i = 0; i < n; i++){\n        if(dp[(1 << n) - 1] + Cake[i] <= box) {cout << "OK" << endl; return;}\n    }\n    cout << "NA" << endl;\n}\n\nint main(){\n    while(cin >> box){\n        init();\n        make();\n        solve();\n    }\n    return 0;\n}')"
2025-01-23 17:31:47,123	[INFO]	Step: 57
2025-01-23 17:31:47,123	[INFO]	Stop Steps: 100
2025-01-23 17:31:47,810	[DEBUG]	EXEC>  SUCCESS 3044560.625
2025-01-23 17:31:47,810	[INFO]	5-8     SUCCESS               3044560.62 (83.05%) [5 edit(s)]  
2025-01-23 17:31:47,810	[DEBUG]	patch(5-8)="LineLLMCrossover(('source.cpp', 0), '#include<iostream>\n#include<vector>\n#include<sstream>\n#include<cmath>\n#include<algorithm>\n\nusing namespace std;\n\nconst int MAX = 13;\nvector<float> Cake; // Keeping float for optimization\nfloat box;\nfloat dp[(1<<MAX)][MAX];\n\nvoid init(){\n    Cake.clear();\n    std::fill(&dp[0][0], &dp[0][0] + (1<<MAX)*MAX, 100000000);\n    dp[0][0] = 0;\n}\n\nvoid make(){\n    string s;\n    getline(cin,s);\n    stringstream ss(s);\n    float num;\n    Cake.reserve(MAX);\n    while(ss >> num) Cake.push_back(num);\n}\n\nvoid solve(){\n    for(int i = 0; i < (1<<Cake.size()); i++)\n        for(int j = 0; j < (int)Cake.size(); j++){\n            if(i == 0) {\n                dp[(1<<j)][j] = Cake[j];\n                continue;\n            }\n            for(int k = 0; k < (int)Cake.size(); k++)\n                if(!(i&(1<<k)) && j != k){\n                    float newValue = dp[i][j] + 2.0f * sqrt(Cake[j] * Cake[k]);\n                    dp[i+(1<<k)][k] = min(dp[i+(1<<k)][k], newValue);\n                }\n        }\n\n    for(int i = 0; i < (int)Cake.size(); i++){\n        if(dp[(1<<Cake.size())-1][i] + Cake[i] <= box) {cout << "OK" << endl; return;}\n    }\n    cout << "NA" << endl;\n}\n\nint main(){\n    while(cin >> box){\n        init();\n        make();\n        solve();\n    }\n    return 0;\n}') | LineLLMMutation(('source.cpp', 14), '#include<iostream>\n#include<vector>\n#include<sstream>\n#include<cmath>\n#include<algorithm>\n\nusing namespace std;\n\nconst int MAX = 13;\nvector<float> Cake; // Keeping float for optimization\nfloat box;\nfloat dp[(1<<MAX)][MAX];\n\nvoid init(){\n    Cake.clear();\n    std::fill(&dp[0][0], &dp[0][0] + (1<<MAX)*MAX, 100000000);\n    dp[0][0] = 0;\n}\n\nvoid make(){\n    string s;\n    getline(cin,s);\n    stringstream ss(s);\n    float num;\n    Cake.reserve(MAX);\n    while(ss >> num) Cake.push_back(num);\n}\n\nvoid solve(){\n    int n = (int)Cake.size();\n    for(int i = 0; i < (1 << n); i++)\n        for(int j = 0; j < n; j++){\n            if(i == 0) {\n                dp[(1<<j)][j] = Cake[j];\n                continue;\n            }\n            if (dp[i][j] == 100000000) continue; // Skip impossible states\n            for(int k = 0; k < n; k++)\n                if(!(i & (1 << k)) && j != k){\n                    float newValue = dp[i][j] + 2.0f * sqrt(Cake[j] * Cake[k]);\n                    dp[i | (1 << k)][k] = min(dp[i | (1 << k)][k], newValue);\n                }\n        }\n\n    for(int i = 0; i < n; i++){\n        if(dp[(1 << n) - 1][i] + Cake[i] <= box) {cout << "OK" << endl; return;}\n    }\n    cout << "NA" << endl;\n}\n\nint main(){\n    while(cin >> box){\n        init();\n        make();\n        solve();\n    }\n    return 0;\n}') | LineLLMMutation(('source.cpp', 20), '#include<iostream>\n#include<vector>\n#include<sstream>\n#include<cmath>\n#include<algorithm>\n\nusing namespace std;\n\nconst int MAX = 13;\nvector<float> Cake;\nfloat box;\nfloat dp[(1<<MAX)][MAX];\n\nvoid init(){\n    Cake.clear();\n    std::fill(&dp[0][0], &dp[0][0] + (1<<MAX)*MAX, numeric_limits<float>::infinity()); // Use infinity for clarity\n    dp[0][0] = 0;\n}\n\nvoid make(){\n    string s;\n    getline(cin,s);\n    stringstream ss(s);\n    float num;\n    Cake.reserve(MAX);\n    while(ss >> num) Cake.push_back(num);\n}\n\nvoid solve(){\n    int n = (int)Cake.size();\n    for(int i = 0; i < (1 << n); i++)\n        for(int j = 0; j < n; j++){\n            if(i == 0) {\n                dp[(1<<j)][j] = Cake[j];\n                continue;\n            }\n            if (dp[i][j] == numeric_limits<float>::infinity()) continue; // Use infinity for clarity\n            for(int k = 0; k < n; k++)\n                if(!(i & (1 << k)) && j != k){\n                    float newValue = dp[i][j] + 2.0f * sqrt(Cake[j] * Cake[k]);\n                    dp[i | (1 << k)][k] = min(dp[i | (1 << k)][k], newValue);\n                }\n        }\n\n    for(int i = 0; i < n; i++){\n        if(dp[(1 << n) - 1][i] + Cake[i] <= box) {cout << "OK" << endl; return;}\n    }\n    cout << "NA" << endl;\n}\n\nint main(){\n    while(cin >> box){\n        init();\n        make();\n        solve();\n    }\n    return 0;\n}') | LineLLMMutation(('source.cpp', 22), '#include<iostream>\n#include<vector>\n#include<sstream>\n#include<cmath>\n#include<algorithm>\n\nusing namespace std;\n\nconst int MAX = 13;\nvector<float> Cake;\nfloat box;\nfloat dp[(1<<MAX)][MAX];\n\nvoid init(){\n    Cake.clear();\n    // Instead of using infinity, initialize with a large finite value to save memory and improve clarity\n    std::fill(&dp[0][0], &dp[0][0] + (1<<MAX)*MAX, 1e9); // Use a large finite value instead of infinity\n    dp[0][0] = 0;\n}\n\nvoid make(){\n    string s;\n    getline(cin,s);\n    stringstream ss(s);\n    float num;\n    Cake.reserve(MAX);\n    while(ss >> num) Cake.push_back(num);\n}\n\nvoid solve(){\n    int n = (int)Cake.size();\n    for(int i = 0; i < (1 << n); i++)\n        for(int j = 0; j < n; j++){\n            if(i == 0) {\n                dp[(1<<j)][j] = Cake[j];\n                continue;\n            }\n            if (dp[i][j] == 1e9) continue; // Update comparison to the new large finite value\n            for(int k = 0; k < n; k++)\n                if(!(i & (1 << k)) && j != k){\n                    float newValue = dp[i][j] + 2.0f * sqrt(Cake[j] * Cake[k]);\n                    dp[i | (1 << k)][k] = min(dp[i | (1 << k)][k], newValue);\n                }\n        }\n\n    for(int i = 0; i < n; i++){\n        if(dp[(1 << n) - 1][i] + Cake[i] <= box) {cout << "OK" << endl; return;}\n    }\n    cout << "NA" << endl;\n}\n\nint main(){\n    while(cin >> box){\n        init();\n        make();\n        solve();\n    }\n    return 0;\n}') | LineLLMMutation(('source.cpp', 27), '#include<iostream>\n#include<vector>\n#include<sstream>\n#include<cmath>\n#include<algorithm>\n#include<limits>\n\nusing namespace std;\n\nconst int MAX = 13;\nvector<float> Cake;\nfloat box;\nfloat dp[1 << MAX][MAX];\n\nvoid init(){\n    Cake.clear();\n    // Use a more appropriate large finite value for initialization\n    std::fill(&dp[0][0], &dp[0][0] + (1 << MAX) * MAX, numeric_limits<float>::max());\n    dp[0][0] = 0;\n}\n\nvoid make(){\n    string s;\n    getline(cin, s);\n    stringstream ss(s);\n    float num;\n    Cake.reserve(MAX);\n    while(ss >> num) Cake.push_back(num);\n}\n\nvoid solve(){\n    int n = (int)Cake.size();\n    for(int i = 0; i < (1 << n); i++)\n        for(int j = 0; j < n; j++){\n            if(i == 0) {\n                dp[(1 << j)][j] = Cake[j];\n                continue;\n            }\n            if (dp[i][j] == numeric_limits<float>::max()) continue; // Update comparison to the new large finite value\n            for(int k = 0; k < n; k++)\n                if(!(i & (1 << k)) && j != k){\n                    float newValue = dp[i][j] + 2.0f * sqrt(Cake[j] * Cake[k]);\n                    dp[i | (1 << k)][k] = min(dp[i | (1 << k)][k], newValue);\n                }\n        }\n\n    for(int i = 0; i < n; i++){\n        if(dp[(1 << n) - 1][i] + Cake[i] <= box) {cout << "OK" << endl; return;}\n    }\n    cout << "NA" << endl;\n}\n\nint main(){\n    while(cin >> box){\n        init();\n        make();\n        solve();\n    }\n    return 0;\n}')"
2025-01-23 17:31:47,810	[INFO]	Step: 58
2025-01-23 17:31:47,811	[INFO]	Stop Steps: 100
2025-01-23 17:31:48,495	[DEBUG]	EXEC>  SUCCESS 3119417.75
2025-01-23 17:31:48,496	[INFO]	5-9     SUCCESS               3119417.75 (85.09%) [2 edit(s)]  
2025-01-23 17:31:48,496	[DEBUG]	patch(5-9)="LineLLMCrossover(('source.cpp', 13), '#include<iostream>\n#include<vector>\n#include<sstream>\n#include<cmath>\n#include<algorithm>\n\nusing namespace std;\n\nconst int MAX = 13;\nvector<float> Cake; \nfloat box; \nfloat dp[(1<<MAX)][MAX];\n\nvoid init(){\n    Cake.clear();\n    for(int i = 0; i < (1 << MAX); ++i) {\n        fill(dp[i], dp[i] + MAX, numeric_limits<float>::infinity());\n    }\n    dp[0][0] = 0;\n}\n\nvoid make(){\n    string s;\n    getline(cin,s);\n    stringstream ss(s);\n    float num; \n    Cake.reserve(MAX);\n    while(ss >> num) Cake.push_back(num);\n}\n\nvoid solve(){\n    for(int i = 0; i < (1<<Cake.size()); i++)\n        for(int j = 0; j < (int)Cake.size(); j++){\n            if(i == 0) {\n                dp[(1<<j)][j] = Cake[j];\n                continue;\n            }\n            for(int k = 0; k < (int)Cake.size(); k++)\n                if(!(i&(1<<k)) && j != k){\n                    float newValue = dp[i][j] + 2.0f * sqrt(Cake[j] * Cake[k]);\n                    dp[i+(1<<k)][k] = min(dp[i+(1<<k)][k], newValue);\n                }\n        }\n\n    for(int i = 0; i < (int)Cake.size(); i++){\n        if(dp[(1<<Cake.size())-1][i] + Cake[i] <= box) {cout << "OK" << endl; return;}\n    }\n    cout << "NA" << endl;\n}\n\nint main(){\n    while(cin >> box){\n        init();\n        make();\n        solve();\n    }\n    return 0;\n}') | LineLLMMutation(('source.cpp', 28), '#include<iostream>\n#include<vector>\n#include<sstream>\n#include<cmath>\n#include<algorithm>\n\nusing namespace std;\n\nconst int MAX = 13;\nvector<float> Cake; \nfloat box; \nfloat dp[(1<<MAX)][MAX];\n\nvoid init(){\n    Cake.clear();\n    for(int i = 0; i < (1 << MAX); ++i) {\n        fill(dp[i], dp[i] + MAX, numeric_limits<float>::infinity());\n    }\n    dp[0][0] = 0;\n}\n\nvoid make(){\n    string s;\n    getline(cin,s);\n    stringstream ss(s);\n    float num; \n    Cake.reserve(MAX);\n    while(ss >> num) Cake.push_back(num);\n}\n\nvoid solve(){\n    int cakeSize = Cake.size(); // Caching size for better loop condition\n    for(int i = 0; i < (1 << cakeSize); i++) {\n        for(int j = 0; j < cakeSize; j++) {\n            if(i == 0) {\n                dp[(1 << j)][j] = Cake[j];\n                continue;\n            }\n            for(int k = 0; k < cakeSize; k++) {\n                if(!(i & (1 << k)) && j != k) {\n                    float newValue = dp[i][j] + 2.0f * sqrt(Cake[j] * Cake[k]);\n                    dp[i + (1 << k)][k] = min(dp[i + (1 << k)][k], newValue);\n                }\n            }\n        }\n    }\n\n    for(int i = 0; i < cakeSize; i++) {\n        if(dp[(1 << cakeSize) - 1][i] + Cake[i] <= box) {\n            cout << "OK" << endl; \n            return;\n        }\n    }\n    cout << "NA" << endl;\n}\n\nint main(){\n    while(cin >> box) {\n        init();\n        make();\n        solve();\n    }\n    return 0;\n}')"
2025-01-23 17:31:48,496	[INFO]	Step: 59
2025-01-23 17:31:48,496	[INFO]	Stop Steps: 100
2025-01-23 17:31:49,194	[DEBUG]	EXEC>  SUCCESS 3089496.0
2025-01-23 17:31:49,194	[INFO]	5-10    SUCCESS               3089496.00 (84.28%) [3 edit(s)]  
2025-01-23 17:31:49,194	[DEBUG]	patch(5-10)="LineLLMMutation(('source.cpp', 5), '#include<iostream>\n#include<vector>\n#include<sstream>\n#include<cmath>\n#include<algorithm>\n\nusing namespace std;\n\nconst int MAX = 13;\nvector<float> Cake; // Changed double to float\nfloat box; // Changed double to float\nfloat dp[(1<<MAX)][MAX]; // Adjusted type accordingly\n\nvoid init(){\n    Cake.clear();\n    std::fill(&dp[0][0], &dp[0][0] + (1<<MAX)*MAX, 100000000);\n    dp[0][0] = 0;\n}\n\nvoid make(){\n    string s;\n    getline(cin,s);\n    stringstream ss(s);\n    float num; // Adjusted type accordingly\n    Cake.reserve(MAX);\n    while(ss >> num) Cake.push_back(num);\n}\n\nvoid solve(){\n    for(int i = 0; i < (1<<Cake.size()); i++)\n        for(int j = 0; j < (int)Cake.size(); j++){\n            if(i == 0) {\n                dp[(1<<j)][j] = Cake[j];\n                continue;\n            }\n            for(int k = 0; k < (int)Cake.size(); k++)\n                if(!(i&(1<<k)) && j != k){\n                    float newValue = dp[i][j] + 2.0f * sqrt(Cake[j] * Cake[k]); // Changed to float\n                    dp[i+(1<<k)][k] = min(dp[i+(1<<k)][k], newValue);\n                }\n        }\n\n    for(int i = 0; i < (int)Cake.size(); i++){\n        if(dp[(1<<Cake.size())-1][i] + Cake[i] <= box) {cout << "OK" << endl; return;}\n    }\n    cout << "NA" << endl;\n}\n\nint main(){\n    while(cin >> box){\n        init();\n        make();\n        solve();\n    }\n    return 0;\n}') | LineLLMMutation(('source.cpp', 19), '#include<iostream>\n#include<vector>\n#include<sstream>\n#include<cmath>\n#include<algorithm>\n\nusing namespace std;\n\nconst int MAX = 13;\nvector<float> Cake; // Changed double to float\nfloat box; // Changed double to float\nfloat dp[(1<<MAX)][MAX]; // Adjusted type accordingly\n\nvoid init(){\n    Cake.clear();\n    std::fill(&dp[0][0], &dp[0][0] + (1<<MAX)*MAX, 100000000);\n    dp[0][0] = 0;\n}\n\nvoid make(){\n    string s;\n    getline(cin,s);\n    stringstream ss(s);\n    float num; // Adjusted type accordingly\n    Cake.reserve(MAX);\n    while(ss >> num) Cake.push_back(num);\n}\n\nvoid solve(){\n    vector<float> sqrtCake(Cake.size());\n    for (int i = 0; i < Cake.size(); ++i) {\n        sqrtCake[i] = sqrt(Cake[i]); // Precompute square roots\n    }\n\n    for(int i = 0; i < (1<<Cake.size()); i++)\n        for(int j = 0; j < (int)Cake.size(); j++){\n            if(i == 0) {\n                dp[(1<<j)][j] = Cake[j];\n                continue;\n            }\n            for(int k = 0; k < (int)Cake.size(); k++)\n                if(!(i&(1<<k)) && j != k){\n                    float newValue = dp[i][j] + 2.0f * (sqrtCake[j] * sqrtCake[k]); // Use precomputed square roots\n                    dp[i+(1<<k)][k] = min(dp[i+(1<<k)][k], newValue);\n                }\n        }\n\n    for(int i = 0; i < (int)Cake.size(); i++){\n        if(dp[(1<<Cake.size())-1][i] + Cake[i] <= box) {cout << "OK" << endl; return;}\n    }\n    cout << "NA" << endl;\n}\n\nint main(){\n    while(cin >> box){\n        init();\n        make();\n        solve();\n    }\n    return 0;\n}') | LineLLMMutation(('source.cpp', 29), '#include<iostream>\n#include<vector>\n#include<sstream>\n#include<cmath>\n#include<algorithm>\n\nusing namespace std;\n\nconst int MAX = 13;\nvector<float> Cake; // Changed double to float\nfloat box; // Changed double to float\nfloat dp[(1<<MAX)][MAX]; // Adjusted type accordingly\n\nvoid init(){\n    Cake.clear();\n    std::fill(&dp[0][0], &dp[0][0] + (1<<MAX)*MAX, 100000000);\n    dp[0][0] = 0;\n}\n\nvoid make(){\n    string s;\n    getline(cin,s);\n    stringstream ss(s);\n    float num; // Adjusted type accordingly\n    Cake.reserve(MAX);\n    while(ss >> num) Cake.push_back(num);\n}\n\nvoid solve(){\n    vector<float> sqrtCake(Cake.size());\n    for (int i = 0; i < Cake.size(); ++i) {\n        sqrtCake[i] = sqrt(Cake[i]); // Precompute square roots\n    }\n\n    for(int i = 0; i < (1 << Cake.size()); i++)\n        for(int j = 0; j < (int)Cake.size(); j++){\n            if(i == 0) {\n                dp[(1<<j)][j] = Cake[j];\n                continue;\n            }\n            for(int k = 0; k < (int)Cake.size(); k++)\n                if(!(i & (1 << k)) && j != k){\n                    float newValue = dp[i][j] + 2.0f * (sqrtCake[j] * sqrtCake[k]); // Use precomputed square roots\n                    dp[i + (1 << k)][k] = min(dp[i + (1 << k)][k], newValue);\n                }\n        }\n\n    float minValue = 100000000; // Initialize minValue for efficiency\n    for(int i = 0; i < (int)Cake.size(); i++){\n        if(dp[(1 << Cake.size()) - 1][i] + Cake[i] <= box) {\n            cout << "OK" << endl; \n            return;\n        }\n        minValue = min(minValue, dp[(1 << Cake.size()) - 1][i] + Cake[i]); // Track minimum value\n    }\n    if(minValue > box) cout << "NA" << endl; // Check if no valid solution\n}\n\nint main(){\n    while(cin >> box){\n        init();\n        make();\n        solve();\n    }\n    return 0;\n}')"
2025-01-23 17:31:49,194	[INFO]	Step: 60
2025-01-23 17:31:49,195	[INFO]	Stop Steps: 100
2025-01-23 17:31:50,868	[DEBUG]	EXEC>  SUCCESS 3639720.5625
2025-01-23 17:31:50,868	[INFO]	REF     SUCCESS               3639720.56 (--) [0 edit(s)]  
2025-01-23 17:31:50,868	[INFO]	Best patch: 9_25
2025-01-23 17:31:51,554	[DEBUG]	EXEC>  SUCCESS 3049213.8125
2025-01-23 17:31:51,554	[INFO]	BEST    SUCCESS              *3049213.81 (83.78%) [0 edit(s)]  
2025-01-23 17:31:51,554	[INFO]	Best patch step: 50
2025-01-23 17:32:47,145	[INFO]	Step: 60
2025-01-23 17:32:47,145	[INFO]	Stop Steps: 100
2025-01-23 17:32:47,956	[DEBUG]	EXEC>  SUCCESS 3048870.5
2025-01-23 17:32:47,956	[INFO]	6-1     SUCCESS              *3048870.50 (83.77%) [2 edit(s)]  
2025-01-23 17:32:47,956	[DEBUG]	patch(6-1)="LineLLMCrossover(('source.cpp', 9), '#include<iostream>\n#include<vector>\n#include<sstream>\n#include<cmath>\n#include<algorithm>\n\nusing namespace std;\n\nconst int MAX = 13;\nvector<float> Cake; \nfloat box; \nfloat dp[(1<<MAX)][MAX];\n\nvoid init(){\n    Cake.clear();\n    for(int i = 0; i < (1 << MAX); ++i) {\n        fill(dp[i], dp[i] + MAX, 100000000);\n    }\n    dp[0][0] = 0;\n}\n\nvoid make(){\n    string s;\n    getline(cin,s);\n    stringstream ss(s);\n    float num; \n    Cake.reserve(MAX);\n    while(ss >> num) Cake.push_back(num);\n}\n\nvoid solve(){\n    int n = (int)Cake.size();\n    for(int i = 0; i < (1 << n); i++)\n        for(int j = 0; j < n; j++){\n            if(i == 0) {\n                dp[(1<<j)][j] = Cake[j];\n                continue;\n            }\n            if (dp[i][j] == 100000000) continue; // Skip impossible states\n            for(int k = 0; k < n; k++)\n                if(!(i & (1 << k)) && j != k){\n                    float newValue = dp[i][j] + 2.0f * sqrt(Cake[j] * Cake[k]);\n                    dp[i | (1 << k)][k] = min(dp[i | (1 << k)][k], newValue);\n                }\n        }\n\n    for(int i = 0; i < n; i++){\n        if(dp[(1 << n) - 1][i] + Cake[i] <= box) {cout << "OK" << endl; return;}\n    }\n    cout << "NA" << endl;\n}\n\nint main(){\n    while(cin >> box){\n        init();\n        make();\n        solve();\n    }\n    return 0;\n}') | LineLLMMutation(('source.cpp', 25), '#include<iostream>\n#include<vector>\n#include<sstream>\n#include<cmath>\n#include<algorithm>\n#include<limits>\n\nusing namespace std;\n\nconst int MAX = 13;\nvector<float> Cake; \nfloat box; \nfloat dp[(1<<MAX)][MAX];\n\nvoid init(){\n    Cake.clear();\n    for(int i = 0; i < (1 << MAX); ++i) {\n        fill(dp[i], dp[i] + MAX, numeric_limits<float>::infinity());\n    }\n    dp[0][0] = 0;\n}\n\nvoid make(){\n    string s;\n    getline(cin,s);\n    stringstream ss(s);\n    float num; \n    Cake.reserve(MAX);\n    while(ss >> num) Cake.push_back(num);\n}\n\nvoid solve(){\n    int n = (int)Cake.size();\n    for(int i = 0; i < (1 << n); i++)\n        for(int j = 0; j < n; j++){\n            if(i == 0) {\n                dp[(1<<j)][j] = Cake[j];\n                continue;\n            }\n            if (dp[i][j] == numeric_limits<float>::infinity()) continue; // Skip impossible states\n            for(int k = 0; k < n; k++)\n                if(!(i & (1 << k)) && j != k){\n                    float newValue = dp[i][j] + 2.0f * sqrt(Cake[j] * Cake[k]);\n                    dp[i | (1 << k)][k] = min(dp[i | (1 << k)][k], newValue);\n                }\n        }\n\n    for(int i = 0; i < n; i++){\n        if(dp[(1 << n) - 1][i] + Cake[i] <= box) {cout << "OK" << endl; return;}\n    }\n    cout << "NA" << endl;\n}\n\nint main(){\n    while(cin >> box){\n        init();\n        make();\n        solve();\n    }\n    return 0;\n}')"

2025-01-23 17:32:47,956	[INFO]	Step: 61
2025-01-23 17:32:47,956	[INFO]	Stop Steps: 100
2025-01-23 17:32:48,631	[DEBUG]	EXEC>  SUCCESS 3056888.6875
2025-01-23 17:32:48,632	[INFO]	6-2     SUCCESS               3056888.69 (83.99%) [5 edit(s)]  
2025-01-23 17:32:48,632	[DEBUG]	patch(6-2)="LineLLMCrossover(('source.cpp', 0), '#include<iostream>\n#include<vector>\n#include<sstream>\n#include<cmath>\n#include<algorithm>\n\nusing namespace std;\n\nconst int MAX = 13;\nvector<float> Cake; // Keeping float for optimization\nfloat box;\nfloat dp[(1<<MAX)][MAX];\n\nvoid init(){\n    Cake.clear();\n    std::fill(&dp[0][0], &dp[0][0] + (1<<MAX)*MAX, 100000000);\n    dp[0][0] = 0;\n}\n\nvoid make(){\n    string s;\n    getline(cin,s);\n    stringstream ss(s);\n    float num;\n    Cake.reserve(MAX);\n    while(ss >> num) Cake.push_back(num);\n}\n\nvoid solve(){\n    for(int i = 0; i < (1<<Cake.size()); i++)\n        for(int j = 0; j < (int)Cake.size(); j++){\n            if(i == 0) {\n                dp[(1<<j)][j] = Cake[j];\n                continue;\n            }\n            for(int k = 0; k < (int)Cake.size(); k++)\n                if(!(i&(1<<k)) && j != k){\n                    float newValue = dp[i][j] + 2.0f * sqrt(Cake[j] * Cake[k]);\n                    dp[i+(1<<k)][k] = min(dp[i+(1<<k)][k], newValue);\n                }\n        }\n\n    for(int i = 0; i < (int)Cake.size(); i++){\n        if(dp[(1<<Cake.size())-1][i] + Cake[i] <= box) {cout << "OK" << endl; return;}\n    }\n    cout << "NA" << endl;\n}\n\nint main(){\n    while(cin >> box){\n        init();\n        make();\n        solve();\n    }\n    return 0;\n}') | LineLLMMutation(('source.cpp', 14), '#include<iostream>\n#include<vector>\n#include<sstream>\n#include<cmath>\n#include<algorithm>\n\nusing namespace std;\n\nconst int MAX = 13;\nvector<float> Cake; // Keeping float for optimization\nfloat box;\nfloat dp[(1<<MAX)][MAX];\n\nvoid init(){\n    Cake.clear();\n    std::fill(&dp[0][0], &dp[0][0] + (1<<MAX)*MAX, 100000000);\n    dp[0][0] = 0;\n}\n\nvoid make(){\n    string s;\n    getline(cin,s);\n    stringstream ss(s);\n    float num;\n    Cake.reserve(MAX);\n    while(ss >> num) Cake.push_back(num);\n}\n\nvoid solve(){\n    int n = (int)Cake.size();\n    for(int i = 0; i < (1 << n); i++)\n        for(int j = 0; j < n; j++){\n            if(i == 0) {\n                dp[(1<<j)][j] = Cake[j];\n                continue;\n            }\n            if (dp[i][j] == 100000000) continue; // Skip impossible states\n            for(int k = 0; k < n; k++)\n                if(!(i & (1 << k)) && j != k){\n                    float newValue = dp[i][j] + 2.0f * sqrt(Cake[j] * Cake[k]);\n                    dp[i | (1 << k)][k] = min(dp[i | (1 << k)][k], newValue);\n                }\n        }\n\n    for(int i = 0; i < n; i++){\n        if(dp[(1 << n) - 1][i] + Cake[i] <= box) {cout << "OK" << endl; return;}\n    }\n    cout << "NA" << endl;\n}\n\nint main(){\n    while(cin >> box){\n        init();\n        make();\n        solve();\n    }\n    return 0;\n}') | LineLLMMutation(('source.cpp', 20), '#include<iostream>\n#include<vector>\n#include<sstream>\n#include<cmath>\n#include<algorithm>\n\nusing namespace std;\n\nconst int MAX = 13;\nvector<float> Cake;\nfloat box;\nfloat dp[(1<<MAX)][MAX];\n\nvoid init(){\n    Cake.clear();\n    std::fill(&dp[0][0], &dp[0][0] + (1<<MAX)*MAX, numeric_limits<float>::infinity()); // Use infinity for clarity\n    dp[0][0] = 0;\n}\n\nvoid make(){\n    string s;\n    getline(cin,s);\n    stringstream ss(s);\n    float num;\n    Cake.reserve(MAX);\n    while(ss >> num) Cake.push_back(num);\n}\n\nvoid solve(){\n    int n = (int)Cake.size();\n    for(int i = 0; i < (1 << n); i++)\n        for(int j = 0; j < n; j++){\n            if(i == 0) {\n                dp[(1<<j)][j] = Cake[j];\n                continue;\n            }\n            if (dp[i][j] == numeric_limits<float>::infinity()) continue; // Use infinity for clarity\n            for(int k = 0; k < n; k++)\n                if(!(i & (1 << k)) && j != k){\n                    float newValue = dp[i][j] + 2.0f * sqrt(Cake[j] * Cake[k]);\n                    dp[i | (1 << k)][k] = min(dp[i | (1 << k)][k], newValue);\n                }\n        }\n\n    for(int i = 0; i < n; i++){\n        if(dp[(1 << n) - 1][i] + Cake[i] <= box) {cout << "OK" << endl; return;}\n    }\n    cout << "NA" << endl;\n}\n\nint main(){\n    while(cin >> box){\n        init();\n        make();\n        solve();\n    }\n    return 0;\n}') | LineLLMMutation(('source.cpp', 22), '#include<iostream>\n#include<vector>\n#include<sstream>\n#include<cmath>\n#include<algorithm>\n\nusing namespace std;\n\nconst int MAX = 13;\nvector<float> Cake;\nfloat box;\nfloat dp[(1<<MAX)][MAX];\n\nvoid init(){\n    Cake.clear();\n    // Instead of using infinity, initialize with a large finite value to save memory and improve clarity\n    std::fill(&dp[0][0], &dp[0][0] + (1<<MAX)*MAX, 1e9); // Use a large finite value instead of infinity\n    dp[0][0] = 0;\n}\n\nvoid make(){\n    string s;\n    getline(cin,s);\n    stringstream ss(s);\n    float num;\n    Cake.reserve(MAX);\n    while(ss >> num) Cake.push_back(num);\n}\n\nvoid solve(){\n    int n = (int)Cake.size();\n    for(int i = 0; i < (1 << n); i++)\n        for(int j = 0; j < n; j++){\n            if(i == 0) {\n                dp[(1<<j)][j] = Cake[j];\n                continue;\n            }\n            if (dp[i][j] == 1e9) continue; // Update comparison to the new large finite value\n            for(int k = 0; k < n; k++)\n                if(!(i & (1 << k)) && j != k){\n                    float newValue = dp[i][j] + 2.0f * sqrt(Cake[j] * Cake[k]);\n                    dp[i | (1 << k)][k] = min(dp[i | (1 << k)][k], newValue);\n                }\n        }\n\n    for(int i = 0; i < n; i++){\n        if(dp[(1 << n) - 1][i] + Cake[i] <= box) {cout << "OK" << endl; return;}\n    }\n    cout << "NA" << endl;\n}\n\nint main(){\n    while(cin >> box){\n        init();\n        make();\n        solve();\n    }\n    return 0;\n}') | LineLLMMutation(('source.cpp', 27), '#include<iostream>\n#include<vector>\n#include<sstream>\n#include<cmath>\n#include<algorithm>\n#include<limits>\n\nusing namespace std;\n\nconst int MAX = 13;\nvector<float> Cake;\nfloat box;\nfloat dp[1 << MAX][MAX];\n\nvoid init(){\n    Cake.clear();\n    // Use a more appropriate large finite value for initialization\n    std::fill(&dp[0][0], &dp[0][0] + (1 << MAX) * MAX, numeric_limits<float>::max());\n    dp[0][0] = 0;\n}\n\nvoid make(){\n    string s;\n    getline(cin, s);\n    stringstream ss(s);\n    float num;\n    Cake.reserve(MAX);\n    while(ss >> num) Cake.push_back(num);\n}\n\nvoid solve(){\n    int n = (int)Cake.size();\n    for(int i = 0; i < (1 << n); i++)\n        for(int j = 0; j < n; j++){\n            if(i == 0) {\n                dp[(1 << j)][j] = Cake[j];\n                continue;\n            }\n            if (dp[i][j] == numeric_limits<float>::max()) continue; // Update comparison to the new large finite value\n            for(int k = 0; k < n; k++)\n                if(!(i & (1 << k)) && j != k){\n                    float newValue = dp[i][j] + 2.0f * sqrt(Cake[j] * Cake[k]);\n                    dp[i | (1 << k)][k] = min(dp[i | (1 << k)][k], newValue);\n                }\n        }\n\n    for(int i = 0; i < n; i++){\n        if(dp[(1 << n) - 1][i] + Cake[i] <= box) {cout << "OK" << endl; return;}\n    }\n    cout << "NA" << endl;\n}\n\nint main(){\n    while(cin >> box){\n        init();\n        make();\n        solve();\n    }\n    return 0;\n}')"
2025-01-23 17:32:48,632	[INFO]	Step: 62
2025-01-23 17:32:48,632	[INFO]	Stop Steps: 100
2025-01-23 17:32:49,314	[DEBUG]	EXEC>  SUCCESS 3018877.75
2025-01-23 17:32:49,314	[INFO]	6-3     SUCCESS              *3018877.75 (82.94%) [1 edit(s)]  
2025-01-23 17:32:49,314	[DEBUG]	patch(6-3)="LineLLMCrossover(('source.cpp', 20), '#include<iostream>\n#include<vector>\n#include<sstream>\n#include<cmath>\n#include<algorithm>\n#include<limits>\n#include<cstdio>\n\nusing namespace std;\n\nconst int MAX = 13;\nvector<float> Cake; \nfloat box; \nfloat dp[(1<<MAX)][MAX];\n\nvoid init(){\n    Cake.clear();\n    std::fill(&dp[0][0], &dp[0][0] + (1<<MAX)*MAX, numeric_limits<float>::max());\n    dp[0][0] = 0;\n}\n\nvoid make(){\n    string s;\n    getline(cin,s);\n    stringstream ss(s);\n    float num; \n    Cake.reserve(MAX);\n    while(ss >> num) Cake.push_back(num);\n}\n\nvoid solve(){\n    int n = (int)Cake.size();\n    for(int i = 0; i < (1 << n); i++)\n        for(int j = 0; j < n; j++){\n            if(i == 0) {\n                dp[(1 << j)][j] = Cake[j];\n                continue;\n            }\n            if (dp[i][j] == numeric_limits<float>::max()) continue;\n            for(int k = 0; k < n; k++)\n                if(!(i & (1 << k)) && j != k){\n                    float newValue = dp[i][j] + 2.0f * sqrt(Cake[j] * Cake[k]);\n                    dp[i | (1 << k)][k] = min(dp[i | (1 << k)][k], newValue);\n                }\n        }\n\n    for(int i = 0; i < n; i++){\n        if(dp[(1 << n) - 1][i] + Cake[i] <= box) {cout << "OK" << endl; return;}\n    }\n    cout << "NA" << endl;\n}\n\nint main(){\n    while(cin >> box){\n        init();\n        make();\n        solve();\n    }\n    return 0;\n}')"

2025-01-23 17:32:49,314	[INFO]	Step: 63
2025-01-23 17:32:49,314	[INFO]	Stop Steps: 100
2025-01-23 17:32:49,995	[DEBUG]	EXEC>  SUCCESS 3064223.625
2025-01-23 17:32:49,996	[INFO]	6-4     SUCCESS               3064223.62 (84.19%) [1 edit(s)]  
2025-01-23 17:32:49,996	[DEBUG]	patch(6-4)="LineLLMCrossover(('source.cpp', 21), '#include<iostream>\n#include<vector>\n#include<sstream>\n#include<cmath>\n#include<algorithm>\n#include<limits>\n#include<cstdio>\n\nusing namespace std;\n\nconst int MAX = 13;\nvector<float> Cake; \nfloat box; \nfloat dp[(1<<MAX)][MAX];\n\nvoid init(){\n    Cake.clear();\n    std::fill(&dp[0][0], &dp[0][0] + (1<<MAX)*MAX, 1e9); \n    dp[0][0] = 0;\n}\n\nvoid make(){\n    string s;\n    getline(cin,s);\n    stringstream ss(s);\n    float num; \n    Cake.reserve(MAX);\n    while(ss >> num) Cake.push_back(num);\n}\n\nvoid solve(){\n    int n = (int)Cake.size();\n    for (int i = 0; i < (1 << n); i++)\n        for (int j = 0; j < n; j++){\n            if(i == 0) {\n                dp[(1<<j)][j] = Cake[j];\n                continue;\n            }\n            if (dp[i][j] == 1e9) continue;\n            for(int k = 0; k < n; k++)\n                if(!(i & (1 << k)) && j != k){\n                    float newValue = dp[i][j] + 2.0f * sqrt(Cake[j] * Cake[k]);\n                    dp[i | (1 << k)][k] = min(dp[i | (1 << k)][k], newValue);\n                }\n        }\n\n    for(int i = 0; i < n; i++){\n        if(dp[(1 << n) - 1][i] + Cake[i] <= box) {cout << "OK" << endl; return;}\n    }\n    cout << "NA" << endl;\n}\n\nint main(){\n    while(cin >> box){\n        init();\n        make();\n        solve();\n    }\n    return 0;\n}')"
2025-01-23 17:32:49,996	[INFO]	Step: 64
2025-01-23 17:32:49,996	[INFO]	Stop Steps: 100
2025-01-23 17:32:50,673	[DEBUG]	EXEC>  SUCCESS 3036481.9375
2025-01-23 17:32:50,673	[INFO]	6-5     SUCCESS               3036481.94 (83.43%) [1 edit(s)]  
2025-01-23 17:32:50,673	[DEBUG]	patch(6-5)="LineLLMCrossover(('source.cpp', 22), '#include<iostream>\n#include<vector>\n#include<sstream>\n#include<cmath>\n#include<algorithm>\n#include<limits>\n#include<cstdio>\n\nusing namespace std;\n\nconst int MAX = 13;\nvector<float> Cake; \nfloat box; \nfloat dp[(1<<MAX)][MAX];\n\nvoid init(){\n    Cake.clear();\n    std::fill(&dp[0][0], &dp[0][0] + (1<<MAX)*MAX, numeric_limits<float>::max());\n    dp[0][0] = 0;\n}\n\nvoid make(){\n    string s;\n    getline(cin,s);\n    stringstream ss(s);\n    float num; \n    Cake.reserve(MAX);\n    while(ss >> num) Cake.push_back(num);\n}\n\nvoid solve(){\n    int n = (int)Cake.size();\n    for(int i = 0; i < (1 << n); i++)\n        for(int j = 0; j < n; j++){\n            if(i == 0) {\n                dp[(1 << j)][j] = Cake[j];\n                continue;\n            }\n            if (dp[i][j] == numeric_limits<float>::max()) continue;\n            for(int k = 0; k < n; k++)\n                if(!(i & (1 << k)) && j != k){\n                    float newValue = dp[i][j] + 2.0f * sqrt(Cake[j] * Cake[k]);\n                    dp[i | (1 << k)][k] = min(dp[i | (1 << k)][k], newValue);\n                }\n        }\n\n    for(int i = 0; i < n; i++){\n        if(dp[(1 << n) - 1][i] + Cake[i] <= box) {cout << "OK" << endl; return;}\n    }\n    cout << "NA" << endl;\n}\n\nint main(){\n    while(cin >> box){\n        init();\n        make();\n        solve();\n    }\n    return 0;\n}')"
2025-01-23 17:32:50,673	[INFO]	Step: 65
2025-01-23 17:32:50,673	[INFO]	Stop Steps: 100
2025-01-23 17:32:51,364	[DEBUG]	EXEC>  SUCCESS 3221408.4375
2025-01-23 17:32:51,364	[INFO]	6-6     SUCCESS               3221408.44 (88.51%) [1 edit(s)]  
2025-01-23 17:32:51,364	[DEBUG]	patch(6-6)="LineLLMCrossover(('source.cpp', 23), '#include<iostream>\n#include<vector>\n#include<sstream>\n#include<cmath>\n#include<algorithm>\n#include<limits>\n\nusing namespace std;\n\nconst int MAX = 13;\nvector<float> Cake; \nfloat box; \nfloat dp[(1<<MAX)][MAX];\n\nvoid init(){\n    Cake.clear();\n    for(int i = 0; i < (1 << MAX); ++i) {\n        fill(dp[i], dp[i] + MAX, numeric_limits<float>::max());\n    }\n    dp[0][0] = 0;\n}\n\nvoid make(){\n    string s;\n    getline(cin,s);\n    stringstream ss(s);\n    float num; \n    Cake.reserve(MAX);\n    while(ss >> num) Cake.push_back(num);\n}\n\nvoid solve(){\n    int n = (int)Cake.size();\n    for(int i = 0; i < (1 << n); i++)\n        for(int j = 0; j < n; j++){\n            if(i == 0) {\n                dp[(1<<j)][j] = Cake[j];\n                continue;\n            }\n            if (dp[i][j] == numeric_limits<float>::max()) continue;\n            for(int k = 0; k < n; k++)\n                if(!(i & (1 << k)) && j != k){\n                    float newValue = dp[i][j] + 2.0f * sqrt(Cake[j] * Cake[k]);\n                    dp[i | (1 << k)][k] = min(dp[i | (1 << k)][k], newValue);\n                }\n        }\n\n    for(int i = 0; i < n; i++){\n        if(dp[(1 << n) - 1][i] + Cake[i] <= box) {cout << "OK" << endl; return;}\n    }\n    cout << "NA" << endl;\n}\n\nint main(){\n    while(cin >> box){\n        init();\n        make();\n        solve();\n    }\n    return 0;\n}')"
2025-01-23 17:32:51,364	[INFO]	Step: 66
2025-01-23 17:32:51,364	[INFO]	Stop Steps: 100
2025-01-23 17:32:52,071	[DEBUG]	EXEC>  SUCCESS 3069612.9375
2025-01-23 17:32:52,072	[INFO]	6-7     SUCCESS               3069612.94 (84.34%) [3 edit(s)]  
2025-01-23 17:32:52,072	[DEBUG]	patch(6-7)="LineLLMCrossover(('source.cpp', 9), '#include<iostream>\n#include<vector>\n#include<sstream>\n#include<cmath>\n#include<algorithm>\n\nusing namespace std;\n\nconst int MAX = 13;\nvector<float> Cake; \nfloat box; \nfloat dp[(1<<MAX)][MAX];\n\nvoid init(){\n    Cake.clear();\n    for(int i = 0; i < (1 << MAX); ++i) {\n        fill(dp[i], dp[i] + MAX, 100000000);\n    }\n    dp[0][0] = 0;\n}\n\nvoid make(){\n    string s;\n    getline(cin,s);\n    stringstream ss(s);\n    float num; \n    Cake.reserve(MAX);\n    while(ss >> num) Cake.push_back(num);\n}\n\nvoid solve(){\n    int n = (int)Cake.size();\n    for(int i = 0; i < (1 << n); i++)\n        for(int j = 0; j < n; j++){\n            if(i == 0) {\n                dp[(1<<j)][j] = Cake[j];\n                continue;\n            }\n            if (dp[i][j] == 100000000) continue; // Skip impossible states\n            for(int k = 0; k < n; k++)\n                if(!(i & (1 << k)) && j != k){\n                    float newValue = dp[i][j] + 2.0f * sqrt(Cake[j] * Cake[k]);\n                    dp[i | (1 << k)][k] = min(dp[i | (1 << k)][k], newValue);\n                }\n        }\n\n    for(int i = 0; i < n; i++){\n        if(dp[(1 << n) - 1][i] + Cake[i] <= box) {cout << "OK" << endl; return;}\n    }\n    cout << "NA" << endl;\n}\n\nint main(){\n    while(cin >> box){\n        init();\n        make();\n        solve();\n    }\n    return 0;\n}') | LineLLMMutation(('source.cpp', 25), '#include<iostream>\n#include<vector>\n#include<sstream>\n#include<cmath>\n#include<algorithm>\n#include<limits>\n\nusing namespace std;\n\nconst int MAX = 13;\nvector<float> Cake; \nfloat box; \nfloat dp[(1<<MAX)][MAX];\n\nvoid init(){\n    Cake.clear();\n    for(int i = 0; i < (1 << MAX); ++i) {\n        fill(dp[i], dp[i] + MAX, numeric_limits<float>::infinity());\n    }\n    dp[0][0] = 0;\n}\n\nvoid make(){\n    string s;\n    getline(cin,s);\n    stringstream ss(s);\n    float num; \n    Cake.reserve(MAX);\n    while(ss >> num) Cake.push_back(num);\n}\n\nvoid solve(){\n    int n = (int)Cake.size();\n    for(int i = 0; i < (1 << n); i++)\n        for(int j = 0; j < n; j++){\n            if(i == 0) {\n                dp[(1<<j)][j] = Cake[j];\n                continue;\n            }\n            if (dp[i][j] == numeric_limits<float>::infinity()) continue; // Skip impossible states\n            for(int k = 0; k < n; k++)\n                if(!(i & (1 << k)) && j != k){\n                    float newValue = dp[i][j] + 2.0f * sqrt(Cake[j] * Cake[k]);\n                    dp[i | (1 << k)][k] = min(dp[i | (1 << k)][k], newValue);\n                }\n        }\n\n    for(int i = 0; i < n; i++){\n        if(dp[(1 << n) - 1][i] + Cake[i] <= box) {cout << "OK" << endl; return;}\n    }\n    cout << "NA" << endl;\n}\n\nint main(){\n    while(cin >> box){\n        init();\n        make();\n        solve();\n    }\n    return 0;\n}') | LineLLMMutation(('source.cpp', 30), '#include<iostream>\n#include<vector>\n#include<sstream>\n#include<cmath>\n#include<algorithm>\n#include<limits>\n\nusing namespace std;\n\nconst int MAX = 13;\nvector<float> Cake; \nfloat box; \nfloat dp[(1<<MAX)][MAX];\n\nvoid init(){\n    Cake.clear();\n    for(int i = 0; i < (1 << MAX); ++i) {\n        fill(dp[i], dp[i] + MAX, numeric_limits<float>::infinity());\n    }\n    dp[0][0] = 0;\n}\n\nvoid make(){\n    string s;\n    getline(cin,s);\n    stringstream ss(s);\n    float num; \n    Cake.resize(0); // Resize to 0 to prepare for filling\n    while(ss >> num) Cake.push_back(num);\n}\n\nvoid solve(){\n    int n = (int)Cake.size();\n    for(int i = 0; i < (1 << n); i++)\n        for(int j = 0; j < n; j++){\n            if(i == 0) {\n                dp[(1<<j)][j] = Cake[j];\n                continue;\n            }\n            if (dp[i][j] == numeric_limits<float>::infinity()) continue; // Skip impossible states\n            for(int k = 0; k < n; k++)\n                if(!(i & (1 << k)) && j != k){\n                    float newValue = dp[i][j] + 2.0f * sqrt(Cake[j] * Cake[k]);\n                    dp[i | (1 << k)][k] = min(dp[i | (1 << k)][k], newValue);\n                }\n        }\n\n    for(int i = 0; i < n; i++){\n        if(dp[(1 << n) - 1][i] + Cake[i] <= box) {cout << "OK" << endl; return;}\n    }\n    cout << "NA" << endl;\n}\n\nint main(){\n    while(cin >> box){\n        init();\n        make();\n        solve();\n    }\n    return 0;\n}')"
2025-01-23 17:32:52,072	[INFO]	Step: 67
2025-01-23 17:32:52,072	[INFO]	Stop Steps: 100
2025-01-23 17:32:52,761	[DEBUG]	EXEC>  SUCCESS 3045889.4375
2025-01-23 17:32:52,762	[INFO]	6-8     SUCCESS               3045889.44 (83.68%) [6 edit(s)]  
2025-01-23 17:32:52,762	[DEBUG]	patch(6-8)="LineLLMCrossover(('source.cpp', 0), '#include<iostream>\n#include<vector>\n#include<sstream>\n#include<cmath>\n#include<algorithm>\n\nusing namespace std;\n\nconst int MAX = 13;\nvector<float> Cake; // Keeping float for optimization\nfloat box;\nfloat dp[(1<<MAX)][MAX];\n\nvoid init(){\n    Cake.clear();\n    std::fill(&dp[0][0], &dp[0][0] + (1<<MAX)*MAX, 100000000);\n    dp[0][0] = 0;\n}\n\nvoid make(){\n    string s;\n    getline(cin,s);\n    stringstream ss(s);\n    float num;\n    Cake.reserve(MAX);\n    while(ss >> num) Cake.push_back(num);\n}\n\nvoid solve(){\n    for(int i = 0; i < (1<<Cake.size()); i++)\n        for(int j = 0; j < (int)Cake.size(); j++){\n            if(i == 0) {\n                dp[(1<<j)][j] = Cake[j];\n                continue;\n            }\n            for(int k = 0; k < (int)Cake.size(); k++)\n                if(!(i&(1<<k)) && j != k){\n                    float newValue = dp[i][j] + 2.0f * sqrt(Cake[j] * Cake[k]);\n                    dp[i+(1<<k)][k] = min(dp[i+(1<<k)][k], newValue);\n                }\n        }\n\n    for(int i = 0; i < (int)Cake.size(); i++){\n        if(dp[(1<<Cake.size())-1][i] + Cake[i] <= box) {cout << "OK" << endl; return;}\n    }\n    cout << "NA" << endl;\n}\n\nint main(){\n    while(cin >> box){\n        init();\n        make();\n        solve();\n    }\n    return 0;\n}') | LineLLMMutation(('source.cpp', 14), '#include<iostream>\n#include<vector>\n#include<sstream>\n#include<cmath>\n#include<algorithm>\n\nusing namespace std;\n\nconst int MAX = 13;\nvector<float> Cake; // Keeping float for optimization\nfloat box;\nfloat dp[(1<<MAX)][MAX];\n\nvoid init(){\n    Cake.clear();\n    std::fill(&dp[0][0], &dp[0][0] + (1<<MAX)*MAX, 100000000);\n    dp[0][0] = 0;\n}\n\nvoid make(){\n    string s;\n    getline(cin,s);\n    stringstream ss(s);\n    float num;\n    Cake.reserve(MAX);\n    while(ss >> num) Cake.push_back(num);\n}\n\nvoid solve(){\n    int n = (int)Cake.size();\n    for(int i = 0; i < (1 << n); i++)\n        for(int j = 0; j < n; j++){\n            if(i == 0) {\n                dp[(1<<j)][j] = Cake[j];\n                continue;\n            }\n            if (dp[i][j] == 100000000) continue; // Skip impossible states\n            for(int k = 0; k < n; k++)\n                if(!(i & (1 << k)) && j != k){\n                    float newValue = dp[i][j] + 2.0f * sqrt(Cake[j] * Cake[k]);\n                    dp[i | (1 << k)][k] = min(dp[i | (1 << k)][k], newValue);\n                }\n        }\n\n    for(int i = 0; i < n; i++){\n        if(dp[(1 << n) - 1][i] + Cake[i] <= box) {cout << "OK" << endl; return;}\n    }\n    cout << "NA" << endl;\n}\n\nint main(){\n    while(cin >> box){\n        init();\n        make();\n        solve();\n    }\n    return 0;\n}') | LineLLMMutation(('source.cpp', 20), '#include<iostream>\n#include<vector>\n#include<sstream>\n#include<cmath>\n#include<algorithm>\n\nusing namespace std;\n\nconst int MAX = 13;\nvector<float> Cake;\nfloat box;\nfloat dp[(1<<MAX)][MAX];\n\nvoid init(){\n    Cake.clear();\n    std::fill(&dp[0][0], &dp[0][0] + (1<<MAX)*MAX, numeric_limits<float>::infinity()); // Use infinity for clarity\n    dp[0][0] = 0;\n}\n\nvoid make(){\n    string s;\n    getline(cin,s);\n    stringstream ss(s);\n    float num;\n    Cake.reserve(MAX);\n    while(ss >> num) Cake.push_back(num);\n}\n\nvoid solve(){\n    int n = (int)Cake.size();\n    for(int i = 0; i < (1 << n); i++)\n        for(int j = 0; j < n; j++){\n            if(i == 0) {\n                dp[(1<<j)][j] = Cake[j];\n                continue;\n            }\n            if (dp[i][j] == numeric_limits<float>::infinity()) continue; // Use infinity for clarity\n            for(int k = 0; k < n; k++)\n                if(!(i & (1 << k)) && j != k){\n                    float newValue = dp[i][j] + 2.0f * sqrt(Cake[j] * Cake[k]);\n                    dp[i | (1 << k)][k] = min(dp[i | (1 << k)][k], newValue);\n                }\n        }\n\n    for(int i = 0; i < n; i++){\n        if(dp[(1 << n) - 1][i] + Cake[i] <= box) {cout << "OK" << endl; return;}\n    }\n    cout << "NA" << endl;\n}\n\nint main(){\n    while(cin >> box){\n        init();\n        make();\n        solve();\n    }\n    return 0;\n}') | LineLLMMutation(('source.cpp', 22), '#include<iostream>\n#include<vector>\n#include<sstream>\n#include<cmath>\n#include<algorithm>\n\nusing namespace std;\n\nconst int MAX = 13;\nvector<float> Cake;\nfloat box;\nfloat dp[(1<<MAX)][MAX];\n\nvoid init(){\n    Cake.clear();\n    // Instead of using infinity, initialize with a large finite value to save memory and improve clarity\n    std::fill(&dp[0][0], &dp[0][0] + (1<<MAX)*MAX, 1e9); // Use a large finite value instead of infinity\n    dp[0][0] = 0;\n}\n\nvoid make(){\n    string s;\n    getline(cin,s);\n    stringstream ss(s);\n    float num;\n    Cake.reserve(MAX);\n    while(ss >> num) Cake.push_back(num);\n}\n\nvoid solve(){\n    int n = (int)Cake.size();\n    for(int i = 0; i < (1 << n); i++)\n        for(int j = 0; j < n; j++){\n            if(i == 0) {\n                dp[(1<<j)][j] = Cake[j];\n                continue;\n            }\n            if (dp[i][j] == 1e9) continue; // Update comparison to the new large finite value\n            for(int k = 0; k < n; k++)\n                if(!(i & (1 << k)) && j != k){\n                    float newValue = dp[i][j] + 2.0f * sqrt(Cake[j] * Cake[k]);\n                    dp[i | (1 << k)][k] = min(dp[i | (1 << k)][k], newValue);\n                }\n        }\n\n    for(int i = 0; i < n; i++){\n        if(dp[(1 << n) - 1][i] + Cake[i] <= box) {cout << "OK" << endl; return;}\n    }\n    cout << "NA" << endl;\n}\n\nint main(){\n    while(cin >> box){\n        init();\n        make();\n        solve();\n    }\n    return 0;\n}') | LineLLMMutation(('source.cpp', 27), '#include<iostream>\n#include<vector>\n#include<sstream>\n#include<cmath>\n#include<algorithm>\n#include<limits>\n\nusing namespace std;\n\nconst int MAX = 13;\nvector<float> Cake;\nfloat box;\nfloat dp[1 << MAX][MAX];\n\nvoid init(){\n    Cake.clear();\n    // Use a more appropriate large finite value for initialization\n    std::fill(&dp[0][0], &dp[0][0] + (1 << MAX) * MAX, numeric_limits<float>::max());\n    dp[0][0] = 0;\n}\n\nvoid make(){\n    string s;\n    getline(cin, s);\n    stringstream ss(s);\n    float num;\n    Cake.reserve(MAX);\n    while(ss >> num) Cake.push_back(num);\n}\n\nvoid solve(){\n    int n = (int)Cake.size();\n    for(int i = 0; i < (1 << n); i++)\n        for(int j = 0; j < n; j++){\n            if(i == 0) {\n                dp[(1 << j)][j] = Cake[j];\n                continue;\n            }\n            if (dp[i][j] == numeric_limits<float>::max()) continue; // Update comparison to the new large finite value\n            for(int k = 0; k < n; k++)\n                if(!(i & (1 << k)) && j != k){\n                    float newValue = dp[i][j] + 2.0f * sqrt(Cake[j] * Cake[k]);\n                    dp[i | (1 << k)][k] = min(dp[i | (1 << k)][k], newValue);\n                }\n        }\n\n    for(int i = 0; i < n; i++){\n        if(dp[(1 << n) - 1][i] + Cake[i] <= box) {cout << "OK" << endl; return;}\n    }\n    cout << "NA" << endl;\n}\n\nint main(){\n    while(cin >> box){\n        init();\n        make();\n        solve();\n    }\n    return 0;\n}') | LineLLMMutation(('source.cpp', 31), '#include<iostream>\n#include<vector>\n#include<sstream>\n#include<cmath>\n#include<algorithm>\n#include<limits>\n\nusing namespace std;\n\nconst int MAX = 13;\nvector<float> Cake;\nfloat box;\nfloat dp[1 << MAX][MAX];\n\nvoid init(){\n    Cake.clear();\n    // Directly initialize the dp array using nested loops for performance.\n    for(int i = 0; i < (1 << MAX); ++i) {\n        for(int j = 0; j < MAX; ++j) {\n            dp[i][j] = numeric_limits<float>::max();\n        }\n    }\n    dp[0][0] = 0;\n}\n\nvoid make(){\n    string s;\n    getline(cin, s);\n    stringstream ss(s);\n    float num;\n    Cake.reserve(MAX);\n    while(ss >> num) Cake.push_back(num);\n}\n\nvoid solve(){\n    int n = (int)Cake.size();\n    for(int i = 0; i < (1 << n); i++)\n        for(int j = 0; j < n; j++){\n            if(i == 0) {\n                dp[(1 << j)][j] = Cake[j];\n                continue;\n            }\n            if (dp[i][j] == numeric_limits<float>::max()) continue; // Update comparison to the new large finite value\n            for(int k = 0; k < n; k++)\n                if(!(i & (1 << k)) && j != k){\n                    float newValue = dp[i][j] + 2.0f * sqrt(Cake[j] * Cake[k]);\n                    dp[i | (1 << k)][k] = min(dp[i | (1 << k)][k], newValue);\n                }\n        }\n\n    for(int i = 0; i < n; i++){\n        if(dp[(1 << n) - 1][i] + Cake[i] <= box) {cout << "OK" << endl; return;}\n    }\n    cout << "NA" << endl;\n}\n\nint main(){\n    while(cin >> box){\n        init();\n        make();\n        solve();\n    }\n    return 0;\n}')"
2025-01-23 17:32:52,762	[INFO]	Step: 68
2025-01-23 17:32:52,762	[INFO]	Stop Steps: 100
2025-01-23 17:32:53,437	[DEBUG]	EXEC>  SUCCESS 3053594.625
2025-01-23 17:32:53,438	[INFO]	6-9     SUCCESS               3053594.62 (83.90%) [2 edit(s)]  
2025-01-23 17:32:53,438	[DEBUG]	patch(6-9)="LineLLMCrossover(('source.cpp', 18), '#include<iostream>\n#include<vector>\n#include<sstream>\n#include<cmath>\n#include<algorithm>\n#include<limits>\n\nusing namespace std;\n\nconst int MAX = 13;\nvector<float> Cake; \nfloat box; \nfloat dp[(1<<MAX)][MAX];\n\nvoid init(){\n    Cake.clear();\n    std::fill(&dp[0][0], &dp[0][0] + (1<<MAX)*MAX, 100000000);\n    dp[0][0] = 0;\n}\n\nvoid make(){\n    string s;\n    getline(cin,s);\n    stringstream ss(s);\n    float num; \n    Cake.reserve(MAX);\n    while(ss >> num) Cake.push_back(num);\n}\n\nvoid solve(){\n    int n = (int)Cake.size();\n    for(int i = 0; i < (1 << n); i++)\n        for(int j = 0; j < n; j++){\n            if(i == 0) {\n                dp[(1<<j)][j] = Cake[j];\n                continue;\n            }\n            if (dp[i][j] == 100000000) continue; // Use a large finite value instead of infinity\n            for(int k = 0; k < n; k++)\n                if(!(i & (1 << k)) && j != k){\n                    float newValue = dp[i][j] + 2.0f * sqrt(Cake[j] * Cake[k]);\n                    dp[i | (1 << k)][k] = min(dp[i | (1 << k)][k], newValue);\n                }\n        }\n\n    for(int i = 0; i < n; i++){\n        if(dp[(1 << n) - 1][i] + Cake[i] <= box) {cout << "OK" << endl; return;}\n    }\n    cout << "NA" << endl;\n}\n\nint main(){\n    while(cin >> box){\n        init();\n        make();\n        solve();\n    }\n    return 0;\n}') | LineLLMMutation(('source.cpp', 32), '#include<iostream>\n#include<vector>\n#include<sstream>\n#include<cmath>\n#include<algorithm>\n#include<limits>\n\nusing namespace std;\n\nconst int MAX = 13;\nvector<float> Cake; \nfloat box; \nfloat dp[(1<<MAX)][MAX];\n\nvoid init(){\n    Cake.clear();\n    std::fill(&dp[0][0], &dp[0][0] + (1<<MAX)*MAX, numeric_limits<float>::max());\n    dp[0][0] = 0;\n}\n\nvoid make(){\n    string s;\n    getline(cin,s);\n    stringstream ss(s);\n    float num; \n    Cake.reserve(MAX);\n    while(ss >> num) Cake.push_back(num);\n}\n\nvoid solve(){\n    int n = (int)Cake.size();\n    for(int i = 0; i < (1 << n); i++)\n        for(int j = 0; j < n; j++){\n            if(i == 0) {\n                dp[(1<<j)][j] = Cake[j];\n                continue;\n            }\n            if (dp[i][j] == numeric_limits<float>::max()) continue;\n            for(int k = 0; k < n; k++)\n                if(!(i & (1 << k)) && j != k){\n                    float newValue = dp[i][j] + 2.0f * sqrt(Cake[j] * Cake[k]);\n                    dp[i | (1 << k)][k] = min(dp[i | (1 << k)][k], newValue);\n                }\n        }\n\n    for(int i = 0; i < n; i++){\n        if(dp[(1 << n) - 1][i] + Cake[i] <= box) {cout << "OK" << endl; return;}\n    }\n    cout << "NA" << endl;\n}\n\nint main(){\n    while(cin >> box){\n        init();\n        make();\n        solve();\n    }\n    return 0;\n}')"
2025-01-23 17:32:53,438	[INFO]	Step: 69
2025-01-23 17:32:53,438	[INFO]	Stop Steps: 100
2025-01-23 17:32:54,110	[DEBUG]	EXEC>  SUCCESS 3081750.0625
2025-01-23 17:32:54,110	[INFO]	6-10    SUCCESS               3081750.06 (84.67%) [2 edit(s)]  
2025-01-23 17:32:54,110	[DEBUG]	patch(6-10)="LineLLMCrossover(('source.cpp', 17), '#include<iostream>\n#include<vector>\n#include<sstream>\n#include<cmath>\n#include<algorithm>\n#include<limits>\n#include<cstdio>\n\nusing namespace std;\n\nconst int MAX = 13;\nvector<float> Cake; \nfloat box; \nfloat dp[(1<<MAX)][MAX];\n\nvoid init(){\n    Cake.clear();\n    std::fill(&dp[0][0], &dp[0][0] + (1<<MAX)*MAX, 1e9); \n    dp[0][0] = 0;\n}\n\nvoid make(){\n    string s;\n    getline(cin,s);\n    stringstream ss(s);\n    float num; \n    Cake.reserve(MAX);\n    while(ss >> num) Cake.push_back(num);\n}\n\nvoid solve(){\n    int n = (int)Cake.size();\n    for (int i = 0; i < (1 << n); i++)\n        for (int j = 0; j < n; j++){\n            if(i == 0) {\n                dp[(1<<j)][j] = Cake[j];\n                continue;\n            }\n            if (dp[i][j] == 1e9) continue; // Use a large finite value instead of infinity\n            for(int k = 0; k < n; k++)\n                if(!(i & (1 << k)) && j != k){\n                    float newValue = dp[i][j] + 2.0f * sqrt(Cake[j] * Cake[k]);\n                    dp[i | (1 << k)][k] = min(dp[i | (1 << k)][k], newValue);\n                }\n        }\n\n    for(int i = 0; i < n; i++){\n        if(dp[(1 << n) - 1][i] + Cake[i] <= box) {cout << "OK" << endl; return;}\n    }\n    cout << "NA" << endl;\n}\n\nint main(){\n    while(cin >> box){\n        init();\n        make();\n        solve();\n    }\n    return 0;\n}') | LineLLMMutation(('source.cpp', 33), '#include <iostream>\n#include <vector>\n#include <sstream>\n#include <cmath>\n#include <algorithm>\n#include <limits>\n#include <cstdio>\n\nusing namespace std;\n\nconst int MAX = 13;\nvector<float> Cake; \nfloat box; \nfloat dp[MAX][(1<<MAX)]; // Changed the dimensions to reduce memory usage\n\nvoid init(){\n    Cake.clear();\n    std::fill(&dp[0][0], &dp[0][0] + MAX*(1<<MAX), 1e9); \n    dp[0][0] = 0;\n}\n\nvoid make(){\n    string s;\n    getline(cin,s);\n    stringstream ss(s);\n    float num; \n    Cake.reserve(MAX);\n    while(ss >> num) Cake.push_back(num);\n}\n\nvoid solve(){\n    int n = (int)Cake.size();\n    for (int i = 0; i < (1 << n); i++)\n        for (int j = 0; j < n; j++){\n            if(i == 0) {\n                dp[j][(1<<j)] = Cake[j]; // Optimized indexing\n                continue;\n            }\n            if (dp[j][i] == 1e9) continue; // Use a large finite value instead of infinity\n            for(int k = 0; k < n; k++)\n                if(!(i & (1 << k)) && j != k){\n                    float newValue = dp[j][i] + 2.0f * sqrt(Cake[j] * Cake[k]);\n                    dp[k][i | (1 << k)] = min(dp[k][i | (1 << k)], newValue);\n                }\n        }\n\n    for(int i = 0; i < n; i++){\n        if(dp[i][(1 << n) - 1] + Cake[i] <= box) {cout << "OK" << endl; return;}\n    }\n    cout << "NA" << endl;\n}\n\nint main(){\n    while(cin >> box){\n        init();\n        make();\n        solve();\n    }\n    return 0;\n}')"
2025-01-23 17:32:54,110	[INFO]	Step: 70
2025-01-23 17:32:54,110	[INFO]	Stop Steps: 100
2025-01-23 17:32:55,900	[DEBUG]	EXEC>  SUCCESS 3700636.4375
2025-01-23 17:32:55,900	[INFO]	REF     SUCCESS               3700636.44 (--) [0 edit(s)]  
2025-01-23 17:32:55,900	[INFO]	Best patch: 20
2025-01-23 17:32:56,591	[DEBUG]	EXEC>  SUCCESS 3070097.0
2025-01-23 17:32:56,591	[INFO]	BEST    SUCCESS              *3070097.00 (82.96%) [0 edit(s)]  
2025-01-23 17:32:56,592	[INFO]	Best patch step: 62
2025-01-23 17:33:47,109	[INFO]	Step: 70
2025-01-23 17:33:47,109	[INFO]	Stop Steps: 100
2025-01-23 17:33:47,918	[DEBUG]	EXEC>  SUCCESS 3071805.625
2025-01-23 17:33:47,918	[INFO]	7-1     SUCCESS              +3071805.62 (83.01%) [1 edit(s)]  
2025-01-23 17:33:47,918	[DEBUG]	patch(7-1)="LineLLMCrossover(('source.cpp', 20), '#include<iostream>\n#include<vector>\n#include<sstream>\n#include<cmath>\n#include<algorithm>\n#include<limits>\n#include<cstdio>\n\nusing namespace std;\n\nconst int MAX = 13;\nvector<float> Cake; \nfloat box; \nfloat dp[(1<<MAX)][MAX];\n\nvoid init(){\n    Cake.clear();\n    std::fill(&dp[0][0], &dp[0][0] + (1<<MAX)*MAX, numeric_limits<float>::max());\n    dp[0][0] = 0;\n}\n\nvoid make(){\n    string s;\n    getline(cin,s);\n    stringstream ss(s);\n    float num; \n    Cake.reserve(MAX);\n    while(ss >> num) Cake.push_back(num);\n}\n\nvoid solve(){\n    int n = (int)Cake.size();\n    for(int i = 0; i < (1 << n); i++)\n        for(int j = 0; j < n; j++){\n            if(i == 0) {\n                dp[(1 << j)][j] = Cake[j];\n                continue;\n            }\n            if (dp[i][j] == numeric_limits<float>::max()) continue;\n            for(int k = 0; k < n; k++)\n                if(!(i & (1 << k)) && j != k){\n                    float newValue = dp[i][j] + 2.0f * sqrt(Cake[j] * Cake[k]);\n                    dp[i | (1 << k)][k] = min(dp[i | (1 << k)][k], newValue);\n                }\n        }\n\n    for(int i = 0; i < n; i++){\n        if(dp[(1 << n) - 1][i] + Cake[i] <= box) {cout << "OK" << endl; return;}\n    }\n    cout << "NA" << endl;\n}\n\nint main(){\n    while(cin >> box){\n        init();\n        make();\n        solve();\n    }\n    return 0;\n}')"
2025-01-23 17:33:47,918	[INFO]	Step: 71
2025-01-23 17:33:47,918	[INFO]	Stop Steps: 100
2025-01-23 17:33:48,599	[DEBUG]	EXEC>  SUCCESS 3155660.6875
2025-01-23 17:33:48,599	[INFO]	7-2     SUCCESS               3155660.69 (85.27%) [1 edit(s)]  
2025-01-23 17:33:48,600	[DEBUG]	patch(7-2)="LineLLMCrossover(('source.cpp', 22), '#include<iostream>\n#include<vector>\n#include<sstream>\n#include<cmath>\n#include<algorithm>\n#include<limits>\n#include<cstdio>\n\nusing namespace std;\n\nconst int MAX = 13;\nvector<float> Cake; \nfloat box; \nfloat dp[(1<<MAX)][MAX];\n\nvoid init(){\n    Cake.clear();\n    std::fill(&dp[0][0], &dp[0][0] + (1<<MAX)*MAX, numeric_limits<float>::max());\n    dp[0][0] = 0;\n}\n\nvoid make(){\n    string s;\n    getline(cin,s);\n    stringstream ss(s);\n    float num; \n    Cake.reserve(MAX);\n    while(ss >> num) Cake.push_back(num);\n}\n\nvoid solve(){\n    int n = (int)Cake.size();\n    for(int i = 0; i < (1 << n); i++)\n        for(int j = 0; j < n; j++){\n            if(i == 0) {\n                dp[(1 << j)][j] = Cake[j];\n                continue;\n            }\n            if (dp[i][j] == numeric_limits<float>::max()) continue;\n            for(int k = 0; k < n; k++)\n                if(!(i & (1 << k)) && j != k){\n                    float newValue = dp[i][j] + 2.0f * sqrt(Cake[j] * Cake[k]);\n                    dp[i | (1 << k)][k] = min(dp[i | (1 << k)][k], newValue);\n                }\n        }\n\n    for(int i = 0; i < n; i++){\n        if(dp[(1 << n) - 1][i] + Cake[i] <= box) {cout << "OK" << endl; return;}\n    }\n    cout << "NA" << endl;\n}\n\nint main(){\n    while(cin >> box){\n        init();\n        make();\n        solve();\n    }\n    return 0;\n}')"
2025-01-23 17:33:48,600	[INFO]	Step: 72
2025-01-23 17:33:48,600	[INFO]	Stop Steps: 100
2025-01-23 17:33:49,288	[DEBUG]	EXEC>  SUCCESS 3038890.75
2025-01-23 17:33:49,289	[INFO]	7-3     SUCCESS              *3038890.75 (82.12%) [1 edit(s)]  
2025-01-23 17:33:49,289	[DEBUG]	patch(7-3)="LineLLMCrossover(('source.cpp', 24), '#include<iostream>\n#include<vector>\n#include<sstream>\n#include<cmath>\n#include<algorithm>\n#include<limits>\n\nusing namespace std;\n\nconst int MAX = 13;\nvector<float> Cake; \nfloat box; \nfloat dp[(1<<MAX)][MAX];\n\nvoid init(){\n    Cake.clear();\n    for(int i = 0; i < (1 << MAX); ++i) {\n        fill(dp[i], dp[i] + MAX, numeric_limits<float>::max());\n    }\n    dp[0][0] = 0;\n}\n\nvoid make(){\n    string s;\n    getline(cin,s);\n    stringstream ss(s);\n    float num; \n    Cake.reserve(MAX);\n    while(ss >> num) Cake.push_back(num);\n}\n\nvoid solve(){\n    int n = (int)Cake.size();\n    for(int i = 0; i < (1 << n); i++)\n        for(int j = 0; j < n; j++){\n            if(i == 0) {\n                dp[(1 << j)][j] = Cake[j];\n                continue;\n            }\n            if (dp[i][j] == numeric_limits<float>::max()) continue;\n            for(int k = 0; k < n; k++)\n                if(!(i & (1 << k)) && j != k){\n                    float newValue = dp[i][j] + 2.0f * sqrt(Cake[j] * Cake[k]);\n                    dp[i | (1 << k)][k] = min(dp[i | (1 << k)][k], newValue);\n                }\n        }\n\n    for(int i = 0; i < n; i++){\n        if(dp[(1 << n) - 1][i] + Cake[i] <= box) {cout << "OK" << endl; return;}\n    }\n    cout << "NA" << endl;\n}\n\nint main(){\n    while(cin >> box){\n        init();\n        make();\n        solve();\n    }\n    return 0;\n}')"

2025-01-23 17:33:49,289	[INFO]	Step: 73
2025-01-23 17:33:49,289	[INFO]	Stop Steps: 100
2025-01-23 17:33:49,986	[DEBUG]	EXEC>  SUCCESS 3054372.5
2025-01-23 17:33:49,987	[INFO]	7-4     SUCCESS               3054372.50 (82.54%) [1 edit(s)]  
2025-01-23 17:33:49,987	[DEBUG]	patch(7-4)="LineLLMCrossover(('source.cpp', 25), '#include<iostream>\n#include<vector>\n#include<sstream>\n#include<cmath>\n#include<algorithm>\n#include<limits>\n\nusing namespace std;\n\nconst int MAX = 13;\nvector<float> Cake; \nfloat box; \nfloat dp[(1<<MAX)][MAX];\n\nvoid init(){\n    Cake.clear();\n    for(int i = 0; i < (1 << MAX); ++i) {\n        fill(dp[i], dp[i] + MAX, numeric_limits<float>::infinity());\n    }\n    dp[0][0] = 0;\n}\n\nvoid make(){\n    string s;\n    getline(cin,s);\n    stringstream ss(s);\n    float num; \n    Cake.reserve(MAX);\n    while(ss >> num) Cake.push_back(num);\n}\n\nvoid solve(){\n    int n = (int)Cake.size();\n    for(int i = 0; i < (1 << n); i++)\n        for(int j = 0; j < n; j++){\n            if(i == 0) {\n                dp[(1<<j)][j] = Cake[j];\n                continue;\n            }\n            if (dp[i][j] == numeric_limits<float>::infinity()) continue;\n            for(int k = 0; k < n; k++)\n                if(!(i & (1 << k)) && j != k){\n                    float newValue = dp[i][j] + 2.0f * sqrt(Cake[j] * Cake[k]);\n                    dp[i | (1 << k)][k] = min(dp[i | (1 << k)][k], newValue);\n                }\n        }\n\n    for(int i = 0; i < n; i++){\n        if(dp[(1 << n) - 1][i] + Cake[i] <= box) {cout << "OK" << endl; return;}\n    }\n    cout << "NA" << endl;\n}\n\nint main(){\n    while(cin >> box){\n        init();\n        make();\n        solve();\n    }\n    return 0;\n}')"
2025-01-23 17:33:49,987	[INFO]	Step: 74
2025-01-23 17:33:49,987	[INFO]	Stop Steps: 100
2025-01-23 17:33:50,497	[INFO]	7-5     TEST_CODE_ERROR       None (--) [1 edit(s)]  
2025-01-23 17:33:50,497	[DEBUG]	patch(7-5)="LineLLMCrossover(('source.cpp', 26), '#include<iostream>\n#include<vector>\n#include<sstream>\n#include<cmath>\n#include<algorithm>\n#include<limits>\n#include<cstdio>\n\nusing namespace std;\n\nconst int MAX = 13;\nvector<float> Cake; \nfloat box; \nfloat dp[(1<<MAX)][MAX];\n\nvoid make(){\n    string s;\n    getline(cin,s);\n    stringstream ss(s);\n    float num; \n    Cake.reserve(MAX);\n    while(ss >> num) Cake.push_back(num);\n}\n\nvoid init(){\n    Cake.clear();\n    std::fill(&dp[0][0], &dp[0][0] + (1<<MAX)*MAX, numeric_limits<float>::max());\n    dp[0][0] = 0;\n}\n\nvoid solve(){\n    int n = (int)Cake.size();\n    for(int i = 0; i < (1 << n); i++)\n        for(int j = 0; j < n; j++){\n            if(i == 0) {\n                dp[(1 << j)][j] = Cake[j];\n                continue;\n            }\n            if (dp[i][j] == numeric_limits<float>::max()) continue;\n            for(int k = 0; k < n; k++)\n                if(!(i & (1 << k)) && j != k){\n                    float newValue = dp[i][j] + 2.0f * sqrt(Cake[j] * Cake[k]);\n                    dp[i | (1 << k)][k] = min(dp[i | (1 << k)][k], newValue);\n                }\n        }\n\n    for(int i = 0; i < n; i++){\n        if(dp[(1 << n) - 1][i] + Cake[i] <= box) {cout << "OK" << endl; return;}\n    }\n    cout << "NA" << endl;\n}\n\nint main(){\n    while(cin >> box){\n        make();\n        init();\n        solve();\n    }\n    return 0;\n}')"
2025-01-23 17:33:50,497	[INFO]	Step: 75
2025-01-23 17:33:50,497	[INFO]	Stop Steps: 100
2025-01-23 17:33:51,186	[DEBUG]	EXEC>  SUCCESS 3031790.375
2025-01-23 17:33:51,186	[INFO]	7-6     SUCCESS              *3031790.38 (81.93%) [1 edit(s)]  
2025-01-23 17:33:51,186	[DEBUG]	patch(7-6)="LineLLMCrossover(('source.cpp', 27), '#include<iostream>\n#include<vector>\n#include<sstream>\n#include<cmath>\n#include<algorithm>\n#include<limits>\n\nusing namespace std;\n\nconst int MAX = 13;\nvector<float> Cake; \nfloat box; \nfloat dp[(1<<MAX)][MAX];\n\nvoid init(){\n    Cake.clear();\n    for(int i = 0; i < (1 << MAX); ++i) {\n        fill(dp[i], dp[i] + MAX, numeric_limits<float>::max());\n    }\n    dp[0][0] = 0;\n}\n\nvoid make(){\n    string s;\n    getline(cin,s);\n    stringstream ss(s);\n    float num; \n    Cake.reserve(MAX);\n    while(ss >> num) Cake.push_back(num);\n}\n\nvoid solve(){\n    int n = (int)Cake.size();\n    for(int i = 0; i < (1 << n); i++)\n        for(int j = 0; j < n; j++){\n            if(i == 0) {\n                dp[(1 << j)][j] = Cake[j];\n                continue;\n            }\n            if (dp[i][j] == numeric_limits<float>::max()) continue;\n            for(int k = 0; k < n; k++)\n                if(!(i & (1 << k)) && j != k){\n                    float newValue = dp[i][j] + 2.0f * sqrt(Cake[j] * Cake[k]);\n                    dp[i | (1 << k)][k] = min(dp[i | (1 << k)][k], newValue);\n                }\n        }\n\n    for(int i = 0; i < n; i++){\n        if(dp[(1 << n) - 1][i] + Cake[i] <= box) {cout << "OK" << endl; return;}\n    }\n    cout << "NA" << endl;\n}\n\nint main(){\n    while(cin >> box){\n        init();\n        make();\n        solve();\n    }\n    return 0;\n}')"

2025-01-23 17:33:51,186	[INFO]	Step: 76
2025-01-23 17:33:51,187	[INFO]	Stop Steps: 100
2025-01-23 17:33:51,673	[INFO]	7-7     TEST_CODE_ERROR       None (--) [2 edit(s)]  
2025-01-23 17:33:51,674	[DEBUG]	patch(7-7)="LineLLMCrossover(('source.cpp', 20), '#include<iostream>\n#include<vector>\n#include<sstream>\n#include<cmath>\n#include<algorithm>\n#include<limits>\n#include<cstdio>\n\nusing namespace std;\n\nconst int MAX = 13;\nvector<float> Cake; \nfloat box; \nfloat dp[(1<<MAX)][MAX];\n\nvoid init(){\n    Cake.clear();\n    std::fill(&dp[0][0], &dp[0][0] + (1<<MAX)*MAX, numeric_limits<float>::max());\n    dp[0][0] = 0;\n}\n\nvoid make(){\n    string s;\n    getline(cin,s);\n    stringstream ss(s);\n    float num; \n    Cake.reserve(MAX);\n    while(ss >> num) Cake.push_back(num);\n}\n\nvoid solve(){\n    int n = (int)Cake.size();\n    for(int i = 0; i < (1 << n); i++)\n        for(int j = 0; j < n; j++){\n            if(i == 0) {\n                dp[(1 << j)][j] = Cake[j];\n                continue;\n            }\n            if (dp[i][j] == numeric_limits<float>::max()) continue;\n            for(int k = 0; k < n; k++)\n                if(!(i & (1 << k)) && j != k){\n                    float newValue = dp[i][j] + 2.0f * sqrt(Cake[j] * Cake[k]);\n                    dp[i | (1 << k)][k] = min(dp[i | (1 << k)][k], newValue);\n                }\n        }\n\n    for(int i = 0; i < n; i++){\n        if(dp[(1 << n) - 1][i] + Cake[i] <= box) {cout << "OK" << endl; return;}\n    }\n    cout << "NA" << endl;\n}\n\nint main(){\n    while(cin >> box){\n        init();\n        make();\n        solve();\n    }\n    return 0;\n}') | LineLLMMutation(('source.cpp', 34), '#include<iostream>\n#include<vector>\n#include<cmath>\n#include<algorithm>\n#include<limits>\n#include<cstdio>\n\nusing namespace std;\n\nconst int MAX = 13;\nvector<float> Cake; \nfloat box; \nfloat dp[(1<<MAX)][MAX];\n\nvoid init(){\n    Cake.clear();\n    std::fill(&dp[0][0], &dp[0][0] + (1<<MAX)*MAX, numeric_limits<float>::max());\n    dp[0][0] = 0;\n}\n\nvoid make(){\n    Cake.reserve(MAX);\n    for (int i = 0; i < MAX; ++i) {\n        float num;\n        if (!(cin >> num)) break; // Read until input fails or MAX is reached\n        Cake.push_back(num);\n    }\n}\n\nvoid solve(){\n    int n = (int)Cake.size();\n    for(int i = 0; i < (1 << n); i++)\n        for(int j = 0; j < n; j++){\n            if(i == 0) {\n                dp[(1 << j)][j] = Cake[j];\n                continue;\n            }\n            if (dp[i][j] == numeric_limits<float>::max()) continue;\n            for(int k = 0; k < n; k++)\n                if(!(i & (1 << k)) && j != k){\n                    float newValue = dp[i][j] + 2.0f * sqrt(Cake[j] * Cake[k]);\n                    dp[i | (1 << k)][k] = min(dp[i | (1 << k)][k], newValue);\n                }\n        }\n\n    for(int i = 0; i < n; i++){\n        if(dp[(1 << n) - 1][i] + Cake[i] <= box) {cout << "OK" << endl; return;}\n    }\n    cout << "NA" << endl;\n}\n\nint main(){\n    while(cin >> box){\n        init();\n        make();\n        solve();\n    }\n    return 0;\n}')"
2025-01-23 17:33:51,674	[INFO]	Step: 77
2025-01-23 17:33:51,674	[INFO]	Stop Steps: 100
2025-01-23 17:33:52,389	[DEBUG]	EXEC>  SUCCESS 3862207.75
2025-01-23 17:33:52,389	[INFO]	7-8     SUCCESS               3862207.75 (104.37%) [2 edit(s)]  
2025-01-23 17:33:52,389	[DEBUG]	patch(7-8)="LineLLMCrossover(('source.cpp', 22), '#include<iostream>\n#include<vector>\n#include<sstream>\n#include<cmath>\n#include<algorithm>\n#include<limits>\n#include<cstdio>\n\nusing namespace std;\n\nconst int MAX = 13;\nvector<float> Cake; \nfloat box; \nfloat dp[(1<<MAX)][MAX];\n\nvoid init(){\n    Cake.clear();\n    std::fill(&dp[0][0], &dp[0][0] + (1<<MAX)*MAX, numeric_limits<float>::max());\n    dp[0][0] = 0;\n}\n\nvoid make(){\n    string s;\n    getline(cin,s);\n    stringstream ss(s);\n    float num; \n    Cake.reserve(MAX);\n    while(ss >> num) Cake.push_back(num);\n}\n\nvoid solve(){\n    int n = (int)Cake.size();\n    for(int i = 0; i < (1 << n); i++)\n        for(int j = 0; j < n; j++){\n            if(i == 0) {\n                dp[(1 << j)][j] = Cake[j];\n                continue;\n            }\n            if (dp[i][j] == numeric_limits<float>::max()) continue;\n            for(int k = 0; k < n; k++)\n                if(!(i & (1 << k)) && j != k){\n                    float newValue = dp[i][j] + 2.0f * sqrt(Cake[j] * Cake[k]);\n                    dp[i | (1 << k)][k] = min(dp[i | (1 << k)][k], newValue);\n                }\n        }\n\n    for(int i = 0; i < n; i++){\n        if(dp[(1 << n) - 1][i] + Cake[i] <= box) {cout << "OK" << endl; return;}\n    }\n    cout << "NA" << endl;\n}\n\nint main(){\n    while(cin >> box){\n        init();\n        make();\n        solve();\n    }\n    return 0;\n}') | LineLLMMutation(('source.cpp', 35), '#include<iostream>\n#include<vector>\n#include<sstream>\n#include<cmath>\n#include<algorithm>\n#include<limits>\n#include<cstdio>\n\nusing namespace std;\n\nconst int MAX = 13;\nvector<float> Cake; \nfloat box; \nvector<vector<float>> dp(1 << MAX, vector<float>(MAX, numeric_limits<float>::max()));\n\nvoid init(){\n    Cake.clear();\n    dp[0][0] = 0;\n}\n\nvoid make(){\n    string s;\n    getline(cin,s);\n    stringstream ss(s);\n    float num; \n    Cake.reserve(MAX);\n    while(ss >> num) Cake.push_back(num);\n}\n\nvoid solve(){\n    int n = (int)Cake.size();\n    for(int i = 0; i < (1 << n); i++)\n        for(int j = 0; j < n; j++){\n            if(i == 0) {\n                dp[(1 << j)][j] = Cake[j];\n                continue;\n            }\n            if (dp[i][j] == numeric_limits<float>::max()) continue;\n            for(int k = 0; k < n; k++)\n                if(!(i & (1 << k)) && j != k){\n                    float newValue = dp[i][j] + 2.0f * sqrt(Cake[j] * Cake[k]);\n                    dp[i | (1 << k)][k] = min(dp[i | (1 << k)][k], newValue);\n                }\n        }\n\n    for(int i = 0; i < n; i++){\n        if(dp[(1 << n) - 1][i] + Cake[i] <= box) {cout << "OK" << endl; return;}\n    }\n    cout << "NA" << endl;\n}\n\nint main(){\n    while(cin >> box){\n        init();\n        make();\n        solve();\n    }\n    return 0;\n}')"
2025-01-23 17:33:52,389	[INFO]	Step: 78
2025-01-23 17:33:52,389	[INFO]	Stop Steps: 100
2025-01-23 17:33:52,712	[INFO]	7-9     COMPILE_CODE_ERROR    None (--) [7 edit(s)]  
2025-01-23 17:33:52,712	[DEBUG]	patch(7-9)="LineLLMCrossover(('source.cpp', 0), '#include<iostream>\n#include<vector>\n#include<sstream>\n#include<cmath>\n#include<algorithm>\n\nusing namespace std;\n\nconst int MAX = 13;\nvector<float> Cake; // Keeping float for optimization\nfloat box;\nfloat dp[(1<<MAX)][MAX];\n\nvoid init(){\n    Cake.clear();\n    std::fill(&dp[0][0], &dp[0][0] + (1<<MAX)*MAX, 100000000);\n    dp[0][0] = 0;\n}\n\nvoid make(){\n    string s;\n    getline(cin,s);\n    stringstream ss(s);\n    float num;\n    Cake.reserve(MAX);\n    while(ss >> num) Cake.push_back(num);\n}\n\nvoid solve(){\n    for(int i = 0; i < (1<<Cake.size()); i++)\n        for(int j = 0; j < (int)Cake.size(); j++){\n            if(i == 0) {\n                dp[(1<<j)][j] = Cake[j];\n                continue;\n            }\n            for(int k = 0; k < (int)Cake.size(); k++)\n                if(!(i&(1<<k)) && j != k){\n                    float newValue = dp[i][j] + 2.0f * sqrt(Cake[j] * Cake[k]);\n                    dp[i+(1<<k)][k] = min(dp[i+(1<<k)][k], newValue);\n                }\n        }\n\n    for(int i = 0; i < (int)Cake.size(); i++){\n        if(dp[(1<<Cake.size())-1][i] + Cake[i] <= box) {cout << "OK" << endl; return;}\n    }\n    cout << "NA" << endl;\n}\n\nint main(){\n    while(cin >> box){\n        init();\n        make();\n        solve();\n    }\n    return 0;\n}') | LineLLMMutation(('source.cpp', 14), '#include<iostream>\n#include<vector>\n#include<sstream>\n#include<cmath>\n#include<algorithm>\n\nusing namespace std;\n\nconst int MAX = 13;\nvector<float> Cake; // Keeping float for optimization\nfloat box;\nfloat dp[(1<<MAX)][MAX];\n\nvoid init(){\n    Cake.clear();\n    std::fill(&dp[0][0], &dp[0][0] + (1<<MAX)*MAX, 100000000);\n    dp[0][0] = 0;\n}\n\nvoid make(){\n    string s;\n    getline(cin,s);\n    stringstream ss(s);\n    float num;\n    Cake.reserve(MAX);\n    while(ss >> num) Cake.push_back(num);\n}\n\nvoid solve(){\n    int n = (int)Cake.size();\n    for(int i = 0; i < (1 << n); i++)\n        for(int j = 0; j < n; j++){\n            if(i == 0) {\n                dp[(1<<j)][j] = Cake[j];\n                continue;\n            }\n            if (dp[i][j] == 100000000) continue; // Skip impossible states\n            for(int k = 0; k < n; k++)\n                if(!(i & (1 << k)) && j != k){\n                    float newValue = dp[i][j] + 2.0f * sqrt(Cake[j] * Cake[k]);\n                    dp[i | (1 << k)][k] = min(dp[i | (1 << k)][k], newValue);\n                }\n        }\n\n    for(int i = 0; i < n; i++){\n        if(dp[(1 << n) - 1][i] + Cake[i] <= box) {cout << "OK" << endl; return;}\n    }\n    cout << "NA" << endl;\n}\n\nint main(){\n    while(cin >> box){\n        init();\n        make();\n        solve();\n    }\n    return 0;\n}') | LineLLMMutation(('source.cpp', 20), '#include<iostream>\n#include<vector>\n#include<sstream>\n#include<cmath>\n#include<algorithm>\n\nusing namespace std;\n\nconst int MAX = 13;\nvector<float> Cake;\nfloat box;\nfloat dp[(1<<MAX)][MAX];\n\nvoid init(){\n    Cake.clear();\n    std::fill(&dp[0][0], &dp[0][0] + (1<<MAX)*MAX, numeric_limits<float>::infinity()); // Use infinity for clarity\n    dp[0][0] = 0;\n}\n\nvoid make(){\n    string s;\n    getline(cin,s);\n    stringstream ss(s);\n    float num;\n    Cake.reserve(MAX);\n    while(ss >> num) Cake.push_back(num);\n}\n\nvoid solve(){\n    int n = (int)Cake.size();\n    for(int i = 0; i < (1 << n); i++)\n        for(int j = 0; j < n; j++){\n            if(i == 0) {\n                dp[(1<<j)][j] = Cake[j];\n                continue;\n            }\n            if (dp[i][j] == numeric_limits<float>::infinity()) continue; // Use infinity for clarity\n            for(int k = 0; k < n; k++)\n                if(!(i & (1 << k)) && j != k){\n                    float newValue = dp[i][j] + 2.0f * sqrt(Cake[j] * Cake[k]);\n                    dp[i | (1 << k)][k] = min(dp[i | (1 << k)][k], newValue);\n                }\n        }\n\n    for(int i = 0; i < n; i++){\n        if(dp[(1 << n) - 1][i] + Cake[i] <= box) {cout << "OK" << endl; return;}\n    }\n    cout << "NA" << endl;\n}\n\nint main(){\n    while(cin >> box){\n        init();\n        make();\n        solve();\n    }\n    return 0;\n}') | LineLLMMutation(('source.cpp', 22), '#include<iostream>\n#include<vector>\n#include<sstream>\n#include<cmath>\n#include<algorithm>\n\nusing namespace std;\n\nconst int MAX = 13;\nvector<float> Cake;\nfloat box;\nfloat dp[(1<<MAX)][MAX];\n\nvoid init(){\n    Cake.clear();\n    // Instead of using infinity, initialize with a large finite value to save memory and improve clarity\n    std::fill(&dp[0][0], &dp[0][0] + (1<<MAX)*MAX, 1e9); // Use a large finite value instead of infinity\n    dp[0][0] = 0;\n}\n\nvoid make(){\n    string s;\n    getline(cin,s);\n    stringstream ss(s);\n    float num;\n    Cake.reserve(MAX);\n    while(ss >> num) Cake.push_back(num);\n}\n\nvoid solve(){\n    int n = (int)Cake.size();\n    for(int i = 0; i < (1 << n); i++)\n        for(int j = 0; j < n; j++){\n            if(i == 0) {\n                dp[(1<<j)][j] = Cake[j];\n                continue;\n            }\n            if (dp[i][j] == 1e9) continue; // Update comparison to the new large finite value\n            for(int k = 0; k < n; k++)\n                if(!(i & (1 << k)) && j != k){\n                    float newValue = dp[i][j] + 2.0f * sqrt(Cake[j] * Cake[k]);\n                    dp[i | (1 << k)][k] = min(dp[i | (1 << k)][k], newValue);\n                }\n        }\n\n    for(int i = 0; i < n; i++){\n        if(dp[(1 << n) - 1][i] + Cake[i] <= box) {cout << "OK" << endl; return;}\n    }\n    cout << "NA" << endl;\n}\n\nint main(){\n    while(cin >> box){\n        init();\n        make();\n        solve();\n    }\n    return 0;\n}') | LineLLMMutation(('source.cpp', 27), '#include<iostream>\n#include<vector>\n#include<sstream>\n#include<cmath>\n#include<algorithm>\n#include<limits>\n\nusing namespace std;\n\nconst int MAX = 13;\nvector<float> Cake;\nfloat box;\nfloat dp[1 << MAX][MAX];\n\nvoid init(){\n    Cake.clear();\n    // Use a more appropriate large finite value for initialization\n    std::fill(&dp[0][0], &dp[0][0] + (1 << MAX) * MAX, numeric_limits<float>::max());\n    dp[0][0] = 0;\n}\n\nvoid make(){\n    string s;\n    getline(cin, s);\n    stringstream ss(s);\n    float num;\n    Cake.reserve(MAX);\n    while(ss >> num) Cake.push_back(num);\n}\n\nvoid solve(){\n    int n = (int)Cake.size();\n    for(int i = 0; i < (1 << n); i++)\n        for(int j = 0; j < n; j++){\n            if(i == 0) {\n                dp[(1 << j)][j] = Cake[j];\n                continue;\n            }\n            if (dp[i][j] == numeric_limits<float>::max()) continue; // Update comparison to the new large finite value\n            for(int k = 0; k < n; k++)\n                if(!(i & (1 << k)) && j != k){\n                    float newValue = dp[i][j] + 2.0f * sqrt(Cake[j] * Cake[k]);\n                    dp[i | (1 << k)][k] = min(dp[i | (1 << k)][k], newValue);\n                }\n        }\n\n    for(int i = 0; i < n; i++){\n        if(dp[(1 << n) - 1][i] + Cake[i] <= box) {cout << "OK" << endl; return;}\n    }\n    cout << "NA" << endl;\n}\n\nint main(){\n    while(cin >> box){\n        init();\n        make();\n        solve();\n    }\n    return 0;\n}') | LineLLMMutation(('source.cpp', 31), '#include<iostream>\n#include<vector>\n#include<sstream>\n#include<cmath>\n#include<algorithm>\n#include<limits>\n\nusing namespace std;\n\nconst int MAX = 13;\nvector<float> Cake;\nfloat box;\nfloat dp[1 << MAX][MAX];\n\nvoid init(){\n    Cake.clear();\n    // Directly initialize the dp array using nested loops for performance.\n    for(int i = 0; i < (1 << MAX); ++i) {\n        for(int j = 0; j < MAX; ++j) {\n            dp[i][j] = numeric_limits<float>::max();\n        }\n    }\n    dp[0][0] = 0;\n}\n\nvoid make(){\n    string s;\n    getline(cin, s);\n    stringstream ss(s);\n    float num;\n    Cake.reserve(MAX);\n    while(ss >> num) Cake.push_back(num);\n}\n\nvoid solve(){\n    int n = (int)Cake.size();\n    for(int i = 0; i < (1 << n); i++)\n        for(int j = 0; j < n; j++){\n            if(i == 0) {\n                dp[(1 << j)][j] = Cake[j];\n                continue;\n            }\n            if (dp[i][j] == numeric_limits<float>::max()) continue; // Update comparison to the new large finite value\n            for(int k = 0; k < n; k++)\n                if(!(i & (1 << k)) && j != k){\n                    float newValue = dp[i][j] + 2.0f * sqrt(Cake[j] * Cake[k]);\n                    dp[i | (1 << k)][k] = min(dp[i | (1 << k)][k], newValue);\n                }\n        }\n\n    for(int i = 0; i < n; i++){\n        if(dp[(1 << n) - 1][i] + Cake[i] <= box) {cout << "OK" << endl; return;}\n    }\n    cout << "NA" << endl;\n}\n\nint main(){\n    while(cin >> box){\n        init();\n        make();\n        solve();\n    }\n    return 0;\n}') | LineLLMMutation(('source.cpp', 36), '#include<iostream>\n#include<vector>\n#include<sstream>\n#include<cmath>\n#include<algorithm>\n#include<limits>\n\nusing namespace std;\n\nconst int MAX = 13;\nvector<float> Cake;\nfloat box;\nfloat dp[1 << MAX][MAX];\n\nvoid init(){\n    Cake.clear();\n    // Optimize dp array initialization by using memset for performance.\n    memset(dp, 0x3f, sizeof(dp)); // Fill with a large value\n    dp[0][0] = 0;\n}\n\nvoid make(){\n    string s;\n    getline(cin, s);\n    stringstream ss(s);\n    float num;\n    Cake.reserve(MAX);\n    while(ss >> num) Cake.push_back(num);\n}\n\nvoid solve(){\n    int n = (int)Cake.size();\n    for(int i = 0; i < (1 << n); i++)\n        for(int j = 0; j < n; j++){\n            if(i == 0) {\n                dp[(1 << j)][j] = Cake[j];\n                continue;\n            }\n            if (dp[i][j] == numeric_limits<float>::max()) continue; // Update comparison to the new large finite value\n            for(int k = 0; k < n; k++)\n                if(!(i & (1 << k)) && j != k){\n                    float newValue = dp[i][j] + 2.0f * sqrt(Cake[j] * Cake[k]);\n                    dp[i | (1 << k)][k] = min(dp[i | (1 << k)][k], newValue);\n                }\n        }\n\n    for(int i = 0; i < n; i++){\n        if(dp[(1 << n) - 1][i] + Cake[i] <= box) {cout << "OK" << endl; return;}\n    }\n    cout << "NA" << endl;\n}\n\nint main(){\n    while(cin >> box){\n        init();\n        make();\n        solve();\n    }\n    return 0;\n}')"
2025-01-23 17:33:52,712	[INFO]	Step: 79
2025-01-23 17:33:52,712	[INFO]	Stop Steps: 100
2025-01-23 17:33:53,400	[DEBUG]	EXEC>  SUCCESS 3028857.3125
2025-01-23 17:33:53,400	[INFO]	7-10    SUCCESS              *3028857.31 (81.85%) [3 edit(s)]  
2025-01-23 17:33:53,400	[DEBUG]	patch(7-10)="LineLLMCrossover(('source.cpp', 9), '#include<iostream>\n#include<vector>\n#include<sstream>\n#include<cmath>\n#include<algorithm>\n\nusing namespace std;\n\nconst int MAX = 13;\nvector<float> Cake; \nfloat box; \nfloat dp[(1<<MAX)][MAX];\n\nvoid init(){\n    Cake.clear();\n    for(int i = 0; i < (1 << MAX); ++i) {\n        fill(dp[i], dp[i] + MAX, 100000000);\n    }\n    dp[0][0] = 0;\n}\n\nvoid make(){\n    string s;\n    getline(cin,s);\n    stringstream ss(s);\n    float num; \n    Cake.reserve(MAX);\n    while(ss >> num) Cake.push_back(num);\n}\n\nvoid solve(){\n    int n = (int)Cake.size();\n    for(int i = 0; i < (1 << n); i++)\n        for(int j = 0; j < n; j++){\n            if(i == 0) {\n                dp[(1<<j)][j] = Cake[j];\n                continue;\n            }\n            if (dp[i][j] == 100000000) continue; // Skip impossible states\n            for(int k = 0; k < n; k++)\n                if(!(i & (1 << k)) && j != k){\n                    float newValue = dp[i][j] + 2.0f * sqrt(Cake[j] * Cake[k]);\n                    dp[i | (1 << k)][k] = min(dp[i | (1 << k)][k], newValue);\n                }\n        }\n\n    for(int i = 0; i < n; i++){\n        if(dp[(1 << n) - 1][i] + Cake[i] <= box) {cout << "OK" << endl; return;}\n    }\n    cout << "NA" << endl;\n}\n\nint main(){\n    while(cin >> box){\n        init();\n        make();\n        solve();\n    }\n    return 0;\n}') | LineLLMMutation(('source.cpp', 25), '#include<iostream>\n#include<vector>\n#include<sstream>\n#include<cmath>\n#include<algorithm>\n#include<limits>\n\nusing namespace std;\n\nconst int MAX = 13;\nvector<float> Cake; \nfloat box; \nfloat dp[(1<<MAX)][MAX];\n\nvoid init(){\n    Cake.clear();\n    for(int i = 0; i < (1 << MAX); ++i) {\n        fill(dp[i], dp[i] + MAX, numeric_limits<float>::infinity());\n    }\n    dp[0][0] = 0;\n}\n\nvoid make(){\n    string s;\n    getline(cin,s);\n    stringstream ss(s);\n    float num; \n    Cake.reserve(MAX);\n    while(ss >> num) Cake.push_back(num);\n}\n\nvoid solve(){\n    int n = (int)Cake.size();\n    for(int i = 0; i < (1 << n); i++)\n        for(int j = 0; j < n; j++){\n            if(i == 0) {\n                dp[(1<<j)][j] = Cake[j];\n                continue;\n            }\n            if (dp[i][j] == numeric_limits<float>::infinity()) continue; // Skip impossible states\n            for(int k = 0; k < n; k++)\n                if(!(i & (1 << k)) && j != k){\n                    float newValue = dp[i][j] + 2.0f * sqrt(Cake[j] * Cake[k]);\n                    dp[i | (1 << k)][k] = min(dp[i | (1 << k)][k], newValue);\n                }\n        }\n\n    for(int i = 0; i < n; i++){\n        if(dp[(1 << n) - 1][i] + Cake[i] <= box) {cout << "OK" << endl; return;}\n    }\n    cout << "NA" << endl;\n}\n\nint main(){\n    while(cin >> box){\n        init();\n        make();\n        solve();\n    }\n    return 0;\n}') | LineLLMMutation(('source.cpp', 37), '#include<iostream>\n#include<vector>\n#include<sstream>\n#include<cmath>\n#include<algorithm>\n#include<limits>\n\nusing namespace std;\n\nconst int MAX = 13;\nvector<float> Cake; \nfloat box; \nfloat dp[(1<<MAX)][MAX];\n\nvoid init(){\n    Cake.clear();\n    // Instead of filling dp with infinity using fill,\n    // we can directly use a nested loop to speed up the initialization\n    for(int i = 0; i < (1 << MAX); ++i) {\n        for(int j = 0; j < MAX; ++j) {\n            dp[i][j] = numeric_limits<float>::infinity();\n        }\n    }\n    dp[0][0] = 0;\n}\n\nvoid make(){\n    string s;\n    getline(cin,s);\n    stringstream ss(s);\n    float num; \n    Cake.reserve(MAX);\n    while(ss >> num) Cake.push_back(num);\n}\n\nvoid solve(){\n    int n = (int)Cake.size();\n    for(int i = 0; i < (1 << n); i++)\n        for(int j = 0; j < n; j++){\n            if(i == 0) {\n                dp[(1<<j)][j] = Cake[j];\n                continue;\n            }\n            if (dp[i][j] == numeric_limits<float>::infinity()) continue; // Skip impossible states\n            for(int k = 0; k < n; k++)\n                if(!(i & (1 << k)) && j != k){\n                    float newValue = dp[i][j] + 2.0f * sqrt(Cake[j] * Cake[k]);\n                    dp[i | (1 << k)][k] = min(dp[i | (1 << k)][k], newValue);\n                }\n        }\n\n    for(int i = 0; i < n; i++){\n        if(dp[(1 << n) - 1][i] + Cake[i] <= box) {cout << "OK" << endl; return;}\n    }\n    cout << "NA" << endl;\n}\n\nint main(){\n    while(cin >> box){\n        init();\n        make();\n        solve();\n    }\n    return 0;\n}')"

2025-01-23 17:33:53,400	[INFO]	Step: 80
2025-01-23 17:33:53,400	[INFO]	Stop Steps: 100
2025-01-23 17:33:55,074	[DEBUG]	EXEC>  SUCCESS 3671714.3125
2025-01-23 17:33:55,074	[INFO]	REF     SUCCESS               3671714.31 (--) [0 edit(s)]  
2025-01-23 17:33:55,074	[INFO]	Best patch: 9_25_37
2025-01-23 17:33:55,751	[DEBUG]	EXEC>  SUCCESS 3021149.25
2025-01-23 17:33:55,751	[INFO]	BEST    SUCCESS              *3021149.25 (82.28%) [0 edit(s)]  
2025-01-23 17:33:55,751	[INFO]	Best patch step: 79
2025-01-23 17:34:54,440	[INFO]	Step: 80
2025-01-23 17:34:54,440	[INFO]	Stop Steps: 100
2025-01-23 17:34:55,248	[DEBUG]	EXEC>  SUCCESS 3047822.5
2025-01-23 17:34:55,249	[INFO]	8-1     SUCCESS              +3047822.50 (83.01%) [3 edit(s)]  
2025-01-23 17:34:55,249	[DEBUG]	patch(8-1)="LineLLMCrossover(('source.cpp', 9), '#include<iostream>\n#include<vector>\n#include<sstream>\n#include<cmath>\n#include<algorithm>\n\nusing namespace std;\n\nconst int MAX = 13;\nvector<float> Cake; \nfloat box; \nfloat dp[(1<<MAX)][MAX];\n\nvoid init(){\n    Cake.clear();\n    for(int i = 0; i < (1 << MAX); ++i) {\n        fill(dp[i], dp[i] + MAX, 100000000);\n    }\n    dp[0][0] = 0;\n}\n\nvoid make(){\n    string s;\n    getline(cin,s);\n    stringstream ss(s);\n    float num; \n    Cake.reserve(MAX);\n    while(ss >> num) Cake.push_back(num);\n}\n\nvoid solve(){\n    int n = (int)Cake.size();\n    for(int i = 0; i < (1 << n); i++)\n        for(int j = 0; j < n; j++){\n            if(i == 0) {\n                dp[(1<<j)][j] = Cake[j];\n                continue;\n            }\n            if (dp[i][j] == 100000000) continue; // Skip impossible states\n            for(int k = 0; k < n; k++)\n                if(!(i & (1 << k)) && j != k){\n                    float newValue = dp[i][j] + 2.0f * sqrt(Cake[j] * Cake[k]);\n                    dp[i | (1 << k)][k] = min(dp[i | (1 << k)][k], newValue);\n                }\n        }\n\n    for(int i = 0; i < n; i++){\n        if(dp[(1 << n) - 1][i] + Cake[i] <= box) {cout << "OK" << endl; return;}\n    }\n    cout << "NA" << endl;\n}\n\nint main(){\n    while(cin >> box){\n        init();\n        make();\n        solve();\n    }\n    return 0;\n}') | LineLLMMutation(('source.cpp', 25), '#include<iostream>\n#include<vector>\n#include<sstream>\n#include<cmath>\n#include<algorithm>\n#include<limits>\n\nusing namespace std;\n\nconst int MAX = 13;\nvector<float> Cake; \nfloat box; \nfloat dp[(1<<MAX)][MAX];\n\nvoid init(){\n    Cake.clear();\n    for(int i = 0; i < (1 << MAX); ++i) {\n        fill(dp[i], dp[i] + MAX, numeric_limits<float>::infinity());\n    }\n    dp[0][0] = 0;\n}\n\nvoid make(){\n    string s;\n    getline(cin,s);\n    stringstream ss(s);\n    float num; \n    Cake.reserve(MAX);\n    while(ss >> num) Cake.push_back(num);\n}\n\nvoid solve(){\n    int n = (int)Cake.size();\n    for(int i = 0; i < (1 << n); i++)\n        for(int j = 0; j < n; j++){\n            if(i == 0) {\n                dp[(1<<j)][j] = Cake[j];\n                continue;\n            }\n            if (dp[i][j] == numeric_limits<float>::infinity()) continue; // Skip impossible states\n            for(int k = 0; k < n; k++)\n                if(!(i & (1 << k)) && j != k){\n                    float newValue = dp[i][j] + 2.0f * sqrt(Cake[j] * Cake[k]);\n                    dp[i | (1 << k)][k] = min(dp[i | (1 << k)][k], newValue);\n                }\n        }\n\n    for(int i = 0; i < n; i++){\n        if(dp[(1 << n) - 1][i] + Cake[i] <= box) {cout << "OK" << endl; return;}\n    }\n    cout << "NA" << endl;\n}\n\nint main(){\n    while(cin >> box){\n        init();\n        make();\n        solve();\n    }\n    return 0;\n}') | LineLLMMutation(('source.cpp', 37), '#include<iostream>\n#include<vector>\n#include<sstream>\n#include<cmath>\n#include<algorithm>\n#include<limits>\n\nusing namespace std;\n\nconst int MAX = 13;\nvector<float> Cake; \nfloat box; \nfloat dp[(1<<MAX)][MAX];\n\nvoid init(){\n    Cake.clear();\n    // Instead of filling dp with infinity using fill,\n    // we can directly use a nested loop to speed up the initialization\n    for(int i = 0; i < (1 << MAX); ++i) {\n        for(int j = 0; j < MAX; ++j) {\n            dp[i][j] = numeric_limits<float>::infinity();\n        }\n    }\n    dp[0][0] = 0;\n}\n\nvoid make(){\n    string s;\n    getline(cin,s);\n    stringstream ss(s);\n    float num; \n    Cake.reserve(MAX);\n    while(ss >> num) Cake.push_back(num);\n}\n\nvoid solve(){\n    int n = (int)Cake.size();\n    for(int i = 0; i < (1 << n); i++)\n        for(int j = 0; j < n; j++){\n            if(i == 0) {\n                dp[(1<<j)][j] = Cake[j];\n                continue;\n            }\n            if (dp[i][j] == numeric_limits<float>::infinity()) continue; // Skip impossible states\n            for(int k = 0; k < n; k++)\n                if(!(i & (1 << k)) && j != k){\n                    float newValue = dp[i][j] + 2.0f * sqrt(Cake[j] * Cake[k]);\n                    dp[i | (1 << k)][k] = min(dp[i | (1 << k)][k], newValue);\n                }\n        }\n\n    for(int i = 0; i < n; i++){\n        if(dp[(1 << n) - 1][i] + Cake[i] <= box) {cout << "OK" << endl; return;}\n    }\n    cout << "NA" << endl;\n}\n\nint main(){\n    while(cin >> box){\n        init();\n        make();\n        solve();\n    }\n    return 0;\n}')"
2025-01-23 17:34:55,249	[INFO]	Step: 81
2025-01-23 17:34:55,249	[INFO]	Stop Steps: 100
2025-01-23 17:34:55,934	[DEBUG]	EXEC>  SUCCESS 3032310.625
2025-01-23 17:34:55,934	[INFO]	8-2     SUCCESS              +3032310.62 (82.59%) [1 edit(s)]  
2025-01-23 17:34:55,934	[DEBUG]	patch(8-2)="LineLLMCrossover(('source.cpp', 27), '#include<iostream>\n#include<vector>\n#include<sstream>\n#include<cmath>\n#include<algorithm>\n#include<limits>\n\nusing namespace std;\n\nconst int MAX = 13;\nvector<float> Cake; \nfloat box; \nfloat dp[(1<<MAX)][MAX];\n\nvoid init(){\n    Cake.clear();\n    for(int i = 0; i < (1 << MAX); ++i) {\n        fill(dp[i], dp[i] + MAX, numeric_limits<float>::max());\n    }\n    dp[0][0] = 0;\n}\n\nvoid make(){\n    string s;\n    getline(cin,s);\n    stringstream ss(s);\n    float num; \n    Cake.reserve(MAX);\n    while(ss >> num) Cake.push_back(num);\n}\n\nvoid solve(){\n    int n = (int)Cake.size();\n    for(int i = 0; i < (1 << n); i++)\n        for(int j = 0; j < n; j++){\n            if(i == 0) {\n                dp[(1 << j)][j] = Cake[j];\n                continue;\n            }\n            if (dp[i][j] == numeric_limits<float>::max()) continue;\n            for(int k = 0; k < n; k++)\n                if(!(i & (1 << k)) && j != k){\n                    float newValue = dp[i][j] + 2.0f * sqrt(Cake[j] * Cake[k]);\n                    dp[i | (1 << k)][k] = min(dp[i | (1 << k)][k], newValue);\n                }\n        }\n\n    for(int i = 0; i < n; i++){\n        if(dp[(1 << n) - 1][i] + Cake[i] <= box) {cout << "OK" << endl; return;}\n    }\n    cout << "NA" << endl;\n}\n\nint main(){\n    while(cin >> box){\n        init();\n        make();\n        solve();\n    }\n    return 0;\n}')"
2025-01-23 17:34:55,934	[INFO]	Step: 82
2025-01-23 17:34:55,934	[INFO]	Stop Steps: 100
2025-01-23 17:34:56,625	[DEBUG]	EXEC>  SUCCESS 3038633.5
2025-01-23 17:34:56,626	[INFO]	8-3     SUCCESS               3038633.50 (82.76%) [1 edit(s)]  
2025-01-23 17:34:56,626	[DEBUG]	patch(8-3)="LineLLMCrossover(('source.cpp', 28), '#include <iostream>\n#include <vector>\n#include <sstream>\n#include <cmath>\n#include <algorithm>\n#include <limits>\n\nusing namespace std;\n\nconst int MAX = 13;\nvector<float> Cake; \nfloat box; \nfloat dp[(1 << MAX)][MAX];\n\nvoid init() {\n    Cake.clear();\n    for(int i = 0; i < (1 << MAX); ++i) {\n        fill(dp[i], dp[i] + MAX, numeric_limits<float>::infinity());\n    }\n    dp[0][0] = 0;\n}\n\nvoid make(){\n    string s;\n    getline(cin, s);\n    stringstream ss(s);\n    float num; \n    Cake.reserve(MAX);\n    while(ss >> num) Cake.push_back(num);\n}\n\nvoid solve(){\n    int n = (int)Cake.size();\n    for(int i = 0; i < (1 << n); i++)\n        for(int j = 0; j < n; j++){\n            if(i == 0) {\n                dp[(1 << j)][j] = Cake[j];\n                continue;\n            }\n            if (dp[i][j] == numeric_limits<float>::infinity()) continue;\n            for(int k = 0; k < n; k++)\n                if(!(i & (1 << k)) && j != k){\n                    float newValue = dp[i][j] + 2.0f * sqrt(Cake[j] * Cake[k]);\n                    dp[i | (1 << k)][k] = min(dp[i | (1 << k)][k], newValue);\n                }\n        }\n\n    for(int i = 0; i < n; i++){\n        if(dp[(1 << n) - 1][i] + Cake[i] <= box) {cout << "OK" << endl; return;}\n    }\n    cout << "NA" << endl;\n}\n\nint main(){\n    while(cin >> box){\n        init();\n        make();\n        solve();\n    }\n    return 0;\n}')"
2025-01-23 17:34:56,626	[INFO]	Step: 83
2025-01-23 17:34:56,626	[INFO]	Stop Steps: 100
2025-01-23 17:34:57,309	[DEBUG]	EXEC>  SUCCESS 3078526.0
2025-01-23 17:34:57,309	[INFO]	8-4     SUCCESS               3078526.00 (83.84%) [1 edit(s)]  
2025-01-23 17:34:57,309	[DEBUG]	patch(8-4)="LineLLMCrossover(('source.cpp', 29), '#include <iostream>\n#include <vector>\n#include <sstream>\n#include <cmath>\n#include <algorithm>\n#include <limits>\n\nusing namespace std;\n\nconst int MAX = 13;\nvector<float> Cake; \nfloat box; \nfloat dp[(1 << MAX)][MAX];\n\nvoid init() {\n    Cake.clear();\n    for(int i = 0; i < (1 << MAX); ++i) {\n        fill(dp[i], dp[i] + MAX, numeric_limits<float>::infinity());\n    }\n    dp[0][0] = 0;\n}\n\nvoid make(){\n    string s;\n    getline(cin, s);\n    stringstream ss(s);\n    float num; \n    Cake.reserve(MAX);\n    while(ss >> num) Cake.push_back(num);\n}\n\nvoid solve(){\n    int n = (int)Cake.size();\n    for(int i = 0; i < (1 << n); i++)\n        for(int j = 0; j < n; j++){\n            if(i == 0) {\n                dp[(1 << j)][j] = Cake[j];\n                continue;\n            }\n            if (dp[i][j] == numeric_limits<float>::infinity()) continue;\n            for(int k = 0; k < n; k++)\n                if(!(i & (1 << k)) && j != k){\n                    float newValue = dp[i][j] + 2.0f * sqrt(Cake[j] * Cake[k]);\n                    dp[i | (1 << k)][k] = min(dp[i | (1 << k)][k], newValue);\n                }\n        }\n\n    for(int i = 0; i < n; i++){\n        if(dp[(1 << n) - 1][i] + Cake[i] <= box) {cout << "OK" << endl; return;}\n    }\n    cout << "NA" << endl;\n}\n\nint main(){\n    while(cin >> box){\n        init();\n        make();\n        solve();\n    }\n    return 0;\n}')"
2025-01-23 17:34:57,309	[INFO]	Step: 84
2025-01-23 17:34:57,310	[INFO]	Stop Steps: 100
2025-01-23 17:34:58,008	[DEBUG]	EXEC>  SUCCESS 3045177.0
2025-01-23 17:34:58,008	[INFO]	8-5     SUCCESS               3045177.00 (82.94%) [1 edit(s)]  
2025-01-23 17:34:58,009	[DEBUG]	patch(8-5)="LineLLMCrossover(('source.cpp', 30), '#include <iostream>\n#include <vector>\n#include <sstream>\n#include <cmath>\n#include <algorithm>\n#include <limits>\n\nusing namespace std;\n\nconst int MAX = 13;\nvector<float> Cake; \nfloat box; \nfloat dp[(1 << MAX)][MAX];\n\nvoid init() {\n    Cake.clear();\n    for(int i = 0; i < (1 << MAX); ++i) {\n        fill(dp[i], dp[i] + MAX, numeric_limits<float>::infinity());\n    }\n    dp[0][0] = 0;\n}\n\nvoid make(){\n    string s;\n    getline(cin, s);\n    stringstream ss(s);\n    float num; \n    Cake.reserve(MAX);\n    while(ss >> num) Cake.push_back(num);\n}\n\nvoid solve(){\n    int n = (int)Cake.size();\n    for(int i = 0; i < (1 << n); i++)\n        for(int j = 0; j < n; j++){\n            if(i == 0) {\n                dp[(1 << j)][j] = Cake[j];\n                continue;\n            }\n            if (dp[i][j] == numeric_limits<float>::infinity()) continue;\n            for(int k = 0; k < n; k++)\n                if(!(i & (1 << k)) && j != k){\n                    float newValue = dp[i][j] + 2.0f * sqrt(Cake[j] * Cake[k]);\n                    dp[i | (1 << k)][k] = min(dp[i | (1 << k)][k], newValue);\n                }\n        }\n\n    for(int i = 0; i < n; i++){\n        if(dp[(1 << n) - 1][i] + Cake[i] <= box) {cout << "OK" << endl; return;}\n    }\n    cout << "NA" << endl;\n}\n\nint main(){\n    while(cin >> box){\n        init();\n        make();\n        solve();\n    }\n    return 0;\n}')"
2025-01-23 17:34:58,009	[INFO]	Step: 85
2025-01-23 17:34:58,009	[INFO]	Stop Steps: 100
2025-01-23 17:34:58,694	[DEBUG]	EXEC>  SUCCESS 3058927.125
2025-01-23 17:34:58,694	[INFO]	8-6     SUCCESS               3058927.12 (83.31%) [1 edit(s)]  
2025-01-23 17:34:58,694	[DEBUG]	patch(8-6)="LineLLMCrossover(('source.cpp', 31), '#include <iostream>\n#include <vector>\n#include <sstream>\n#include <cmath>\n#include <algorithm>\n#include <limits>\n\nusing namespace std;\n\nconst int MAX = 13;\nvector<float> Cake; \nfloat box; \nfloat dp[(1 << MAX)][MAX];\n\nvoid init() {\n    Cake.clear();\n    for(int i = 0; i < (1 << MAX); ++i) {\n        fill(dp[i], dp[i] + MAX, numeric_limits<float>::infinity());\n    }\n    dp[0][0] = 0;\n}\n\nvoid make(){\n    string s;\n    getline(cin, s);\n    stringstream ss(s);\n    float num; \n    Cake.reserve(MAX);\n    while(ss >> num) Cake.push_back(num);\n}\n\nvoid solve(){\n    int n = (int)Cake.size();\n    for(int i = 0; i < (1 << n); i++)\n        for(int j = 0; j < n; j++){\n            if(i == 0) {\n                dp[(1 << j)][j] = Cake[j];\n                continue;\n            }\n            if (dp[i][j] == numeric_limits<float>::infinity()) continue;\n            for(int k = 0; k < n; k++)\n                if(!(i & (1 << k)) && j != k){\n                    float newValue = dp[i][j] + 2.0f * sqrt(Cake[j] * Cake[k]);\n                    dp[i | (1 << k)][k] = min(dp[i | (1 << k)][k], newValue);\n                }\n        }\n\n    for(int i = 0; i < n; i++){\n        if(dp[(1 << n) - 1][i] + Cake[i] <= box) {cout << "OK" << endl; return;}\n    }\n    cout << "NA" << endl;\n}\n\nint main(){\n    while(cin >> box){\n        init();\n        make();\n        solve();\n    }\n    return 0;\n}')"
2025-01-23 17:34:58,695	[INFO]	Step: 86
2025-01-23 17:34:58,695	[INFO]	Stop Steps: 100
2025-01-23 17:34:59,375	[DEBUG]	EXEC>  SUCCESS 3066018.5625
2025-01-23 17:34:59,375	[INFO]	8-7     SUCCESS               3066018.56 (83.50%) [4 edit(s)]  
2025-01-23 17:34:59,375	[DEBUG]	patch(8-7)="LineLLMCrossover(('source.cpp', 9), '#include<iostream>\n#include<vector>\n#include<sstream>\n#include<cmath>\n#include<algorithm>\n\nusing namespace std;\n\nconst int MAX = 13;\nvector<float> Cake; \nfloat box; \nfloat dp[(1<<MAX)][MAX];\n\nvoid init(){\n    Cake.clear();\n    for(int i = 0; i < (1 << MAX); ++i) {\n        fill(dp[i], dp[i] + MAX, 100000000);\n    }\n    dp[0][0] = 0;\n}\n\nvoid make(){\n    string s;\n    getline(cin,s);\n    stringstream ss(s);\n    float num; \n    Cake.reserve(MAX);\n    while(ss >> num) Cake.push_back(num);\n}\n\nvoid solve(){\n    int n = (int)Cake.size();\n    for(int i = 0; i < (1 << n); i++)\n        for(int j = 0; j < n; j++){\n            if(i == 0) {\n                dp[(1<<j)][j] = Cake[j];\n                continue;\n            }\n            if (dp[i][j] == 100000000) continue; // Skip impossible states\n            for(int k = 0; k < n; k++)\n                if(!(i & (1 << k)) && j != k){\n                    float newValue = dp[i][j] + 2.0f * sqrt(Cake[j] * Cake[k]);\n                    dp[i | (1 << k)][k] = min(dp[i | (1 << k)][k], newValue);\n                }\n        }\n\n    for(int i = 0; i < n; i++){\n        if(dp[(1 << n) - 1][i] + Cake[i] <= box) {cout << "OK" << endl; return;}\n    }\n    cout << "NA" << endl;\n}\n\nint main(){\n    while(cin >> box){\n        init();\n        make();\n        solve();\n    }\n    return 0;\n}') | LineLLMMutation(('source.cpp', 25), '#include<iostream>\n#include<vector>\n#include<sstream>\n#include<cmath>\n#include<algorithm>\n#include<limits>\n\nusing namespace std;\n\nconst int MAX = 13;\nvector<float> Cake; \nfloat box; \nfloat dp[(1<<MAX)][MAX];\n\nvoid init(){\n    Cake.clear();\n    for(int i = 0; i < (1 << MAX); ++i) {\n        fill(dp[i], dp[i] + MAX, numeric_limits<float>::infinity());\n    }\n    dp[0][0] = 0;\n}\n\nvoid make(){\n    string s;\n    getline(cin,s);\n    stringstream ss(s);\n    float num; \n    Cake.reserve(MAX);\n    while(ss >> num) Cake.push_back(num);\n}\n\nvoid solve(){\n    int n = (int)Cake.size();\n    for(int i = 0; i < (1 << n); i++)\n        for(int j = 0; j < n; j++){\n            if(i == 0) {\n                dp[(1<<j)][j] = Cake[j];\n                continue;\n            }\n            if (dp[i][j] == numeric_limits<float>::infinity()) continue; // Skip impossible states\n            for(int k = 0; k < n; k++)\n                if(!(i & (1 << k)) && j != k){\n                    float newValue = dp[i][j] + 2.0f * sqrt(Cake[j] * Cake[k]);\n                    dp[i | (1 << k)][k] = min(dp[i | (1 << k)][k], newValue);\n                }\n        }\n\n    for(int i = 0; i < n; i++){\n        if(dp[(1 << n) - 1][i] + Cake[i] <= box) {cout << "OK" << endl; return;}\n    }\n    cout << "NA" << endl;\n}\n\nint main(){\n    while(cin >> box){\n        init();\n        make();\n        solve();\n    }\n    return 0;\n}') | LineLLMMutation(('source.cpp', 37), '#include<iostream>\n#include<vector>\n#include<sstream>\n#include<cmath>\n#include<algorithm>\n#include<limits>\n\nusing namespace std;\n\nconst int MAX = 13;\nvector<float> Cake; \nfloat box; \nfloat dp[(1<<MAX)][MAX];\n\nvoid init(){\n    Cake.clear();\n    // Instead of filling dp with infinity using fill,\n    // we can directly use a nested loop to speed up the initialization\n    for(int i = 0; i < (1 << MAX); ++i) {\n        for(int j = 0; j < MAX; ++j) {\n            dp[i][j] = numeric_limits<float>::infinity();\n        }\n    }\n    dp[0][0] = 0;\n}\n\nvoid make(){\n    string s;\n    getline(cin,s);\n    stringstream ss(s);\n    float num; \n    Cake.reserve(MAX);\n    while(ss >> num) Cake.push_back(num);\n}\n\nvoid solve(){\n    int n = (int)Cake.size();\n    for(int i = 0; i < (1 << n); i++)\n        for(int j = 0; j < n; j++){\n            if(i == 0) {\n                dp[(1<<j)][j] = Cake[j];\n                continue;\n            }\n            if (dp[i][j] == numeric_limits<float>::infinity()) continue; // Skip impossible states\n            for(int k = 0; k < n; k++)\n                if(!(i & (1 << k)) && j != k){\n                    float newValue = dp[i][j] + 2.0f * sqrt(Cake[j] * Cake[k]);\n                    dp[i | (1 << k)][k] = min(dp[i | (1 << k)][k], newValue);\n                }\n        }\n\n    for(int i = 0; i < n; i++){\n        if(dp[(1 << n) - 1][i] + Cake[i] <= box) {cout << "OK" << endl; return;}\n    }\n    cout << "NA" << endl;\n}\n\nint main(){\n    while(cin >> box){\n        init();\n        make();\n        solve();\n    }\n    return 0;\n}') | LineLLMMutation(('source.cpp', 38), '#include<iostream>\n#include<vector>\n#include<sstream>\n#include<cmath>\n#include<algorithm>\n#include<limits>\n\nusing namespace std;\n\nconst int MAX = 13;\nvector<float> Cake; \nfloat box; \nfloat dp[(1<<MAX)][MAX];\n\nvoid init(){\n    Cake.clear();\n    // Optimized initialization of dp using std::fill\n    std::fill(&dp[0][0], &dp[0][0] + sizeof(dp) / sizeof(float), numeric_limits<float>::infinity());\n    dp[0][0] = 0;\n}\n\nvoid make(){\n    string s;\n    getline(cin,s);\n    stringstream ss(s);\n    float num; \n    Cake.reserve(MAX);\n    while(ss >> num) Cake.push_back(num);\n}\n\nvoid solve(){\n    int n = (int)Cake.size();\n    for(int i = 0; i < (1 << n); i++)\n        for(int j = 0; j < n; j++){\n            if(i == 0) {\n                dp[(1<<j)][j] = Cake[j];\n                continue;\n            }\n            if (dp[i][j] == numeric_limits<float>::infinity()) continue; // Skip impossible states\n            for(int k = 0; k < n; k++)\n                if(!(i & (1 << k)) && j != k){\n                    float newValue = dp[i][j] + 2.0f * sqrt(Cake[j] * Cake[k]);\n                    dp[i | (1 << k)][k] = min(dp[i | (1 << k)][k], newValue);\n                }\n        }\n\n    for(int i = 0; i < n; i++){\n        if(dp[(1 << n) - 1][i] + Cake[i] <= box) {cout << "OK" << endl; return;}\n    }\n    cout << "NA" << endl;\n}\n\nint main(){\n    while(cin >> box){\n        init();\n        make();\n        solve();\n    }\n    return 0;\n}')"
2025-01-23 17:34:59,375	[INFO]	Step: 87
2025-01-23 17:34:59,375	[INFO]	Stop Steps: 100
2025-01-23 17:34:59,695	[INFO]	8-8     COMPILE_CODE_ERROR    None (--) [2 edit(s)]  
2025-01-23 17:34:59,695	[DEBUG]	patch(8-8)="LineLLMCrossover(('source.cpp', 27), '#include<iostream>\n#include<vector>\n#include<sstream>\n#include<cmath>\n#include<algorithm>\n#include<limits>\n\nusing namespace std;\n\nconst int MAX = 13;\nvector<float> Cake; \nfloat box; \nfloat dp[(1<<MAX)][MAX];\n\nvoid init(){\n    Cake.clear();\n    for(int i = 0; i < (1 << MAX); ++i) {\n        fill(dp[i], dp[i] + MAX, numeric_limits<float>::max());\n    }\n    dp[0][0] = 0;\n}\n\nvoid make(){\n    string s;\n    getline(cin,s);\n    stringstream ss(s);\n    float num; \n    Cake.reserve(MAX);\n    while(ss >> num) Cake.push_back(num);\n}\n\nvoid solve(){\n    int n = (int)Cake.size();\n    for(int i = 0; i < (1 << n); i++)\n        for(int j = 0; j < n; j++){\n            if(i == 0) {\n                dp[(1 << j)][j] = Cake[j];\n                continue;\n            }\n            if (dp[i][j] == numeric_limits<float>::max()) continue;\n            for(int k = 0; k < n; k++)\n                if(!(i & (1 << k)) && j != k){\n                    float newValue = dp[i][j] + 2.0f * sqrt(Cake[j] * Cake[k]);\n                    dp[i | (1 << k)][k] = min(dp[i | (1 << k)][k], newValue);\n                }\n        }\n\n    for(int i = 0; i < n; i++){\n        if(dp[(1 << n) - 1][i] + Cake[i] <= box) {cout << "OK" << endl; return;}\n    }\n    cout << "NA" << endl;\n}\n\nint main(){\n    while(cin >> box){\n        init();\n        make();\n        solve();\n    }\n    return 0;\n}') | LineLLMMutation(('source.cpp', 39), '#include<iostream>\n#include<vector>\n#include<sstream>\n#include<cmath>\n#include<algorithm>\n#include<limits>\n\nusing namespace std;\n\nconst int MAX = 13;\nvector<float> Cake; \nfloat box; \nfloat dp[1 << MAX][MAX]; // Changed from float dp[(1<<MAX)][MAX]; to direct declaration.\n\nvoid init(){\n    Cake.clear();\n    memset(dp, 0x3f, sizeof(dp)); // Using memset to fill the dp array with a large value.\n    dp[0][0] = 0;\n}\n\nvoid make(){\n    string s;\n    getline(cin,s);\n    stringstream ss(s);\n    float num; \n    Cake.reserve(MAX);\n    while(ss >> num) Cake.push_back(num);\n}\n\nvoid solve(){\n    int n = (int)Cake.size();\n    for(int i = 0; i < (1 << n); i++)\n        for(int j = 0; j < n; j++){\n            if(i == 0) {\n                dp[(1 << j)][j] = Cake[j];\n                continue;\n            }\n            if (dp[i][j] == numeric_limits<float>::max()) continue;\n            for(int k = 0; k < n; k++)\n                if(!(i & (1 << k)) && j != k){\n                    float newValue = dp[i][j] + 2.0f * sqrt(Cake[j] * Cake[k]);\n                    dp[i | (1 << k)][k] = min(dp[i | (1 << k)][k], newValue);\n                }\n        }\n\n    for(int i = 0; i < n; i++){\n        if(dp[(1 << n) - 1][i] + Cake[i] <= box) {cout << "OK" << endl; return;}\n    }\n    cout << "NA" << endl;\n}\n\nint main(){\n    while(cin >> box){\n        init();\n        make();\n        solve();\n    }\n    return 0;\n}')"
2025-01-23 17:34:59,695	[INFO]	Step: 88
2025-01-23 17:34:59,695	[INFO]	Stop Steps: 100
2025-01-23 17:35:00,205	[INFO]	8-9     TEST_CODE_ERROR       None (--) [2 edit(s)]  
2025-01-23 17:35:00,205	[DEBUG]	patch(8-9)="LineLLMCrossover(('source.cpp', 24), '#include<iostream>\n#include<vector>\n#include<sstream>\n#include<cmath>\n#include<algorithm>\n#include<limits>\n\nusing namespace std;\n\nconst int MAX = 13;\nvector<float> Cake; \nfloat box; \nfloat dp[(1<<MAX)][MAX];\n\nvoid init(){\n    Cake.clear();\n    for(int i = 0; i < (1 << MAX); ++i) {\n        fill(dp[i], dp[i] + MAX, numeric_limits<float>::max());\n    }\n    dp[0][0] = 0;\n}\n\nvoid make(){\n    string s;\n    getline(cin,s);\n    stringstream ss(s);\n    float num; \n    Cake.reserve(MAX);\n    while(ss >> num) Cake.push_back(num);\n}\n\nvoid solve(){\n    int n = (int)Cake.size();\n    for(int i = 0; i < (1 << n); i++)\n        for(int j = 0; j < n; j++){\n            if(i == 0) {\n                dp[(1 << j)][j] = Cake[j];\n                continue;\n            }\n            if (dp[i][j] == numeric_limits<float>::max()) continue;\n            for(int k = 0; k < n; k++)\n                if(!(i & (1 << k)) && j != k){\n                    float newValue = dp[i][j] + 2.0f * sqrt(Cake[j] * Cake[k]);\n                    dp[i | (1 << k)][k] = min(dp[i | (1 << k)][k], newValue);\n                }\n        }\n\n    for(int i = 0; i < n; i++){\n        if(dp[(1 << n) - 1][i] + Cake[i] <= box) {cout << "OK" << endl; return;}\n    }\n    cout << "NA" << endl;\n}\n\nint main(){\n    while(cin >> box){\n        init();\n        make();\n        solve();\n    }\n    return 0;\n}') | LineLLMMutation(('source.cpp', 40), '#include<iostream>\n#include<vector>\n#include<sstream>\n#include<cmath>\n#include<algorithm>\n#include<limits>\n\nusing namespace std;\n\nconst int MAX = 13;\nvector<float> Cake; \nfloat box; \nfloat dp[(1<<MAX)][MAX];\n\nvoid init(){\n    Cake.clear();\n    fill(&dp[0][0], &dp[0][0] + sizeof(dp) / sizeof(float), numeric_limits<float>::max());\n    dp[0][0] = 0;\n}\n\nvoid make(){\n    string s;\n    getline(cin,s);\n    stringstream ss(s);\n    float num; \n    Cake.reserve(MAX);\n    while(ss >> num) Cake.push_back(num);\n}\n\nvoid solve(){\n    int n = (int)Cake.size();\n    for(int i = 0; i < (1 << n); i++)\n        for(int j = 0; j < n; j++){\n            if (dp[i][j] == numeric_limits<float>::max()) continue;\n            for(int k = 0; k < n; k++)\n                if(!(i & (1 << k)) && j != k){\n                    float newValue = dp[i][j] + 2.0f * sqrt(Cake[j] * Cake[k]);\n                    dp[i | (1 << k)][k] = min(dp[i | (1 << k)][k], newValue);\n                }\n        }\n\n    for(int i = 0; i < n; i++){\n        if(dp[(1 << n) - 1][i] + Cake[i] <= box) {cout << "OK" << endl; return;}\n    }\n    cout << "NA" << endl;\n}\n\nint main(){\n    while(cin >> box){\n        init();\n        make();\n        solve();\n    }\n    return 0;\n}')"
2025-01-23 17:35:00,205	[INFO]	Step: 89
2025-01-23 17:35:00,205	[INFO]	Stop Steps: 100
2025-01-23 17:35:00,891	[DEBUG]	EXEC>  SUCCESS 3067838.5
2025-01-23 17:35:00,892	[INFO]	8-10    SUCCESS               3067838.50 (83.55%) [2 edit(s)]  
2025-01-23 17:35:00,892	[DEBUG]	patch(8-10)="LineLLMCrossover(('source.cpp', 25), '#include<iostream>\n#include<vector>\n#include<sstream>\n#include<cmath>\n#include<algorithm>\n#include<limits>\n\nusing namespace std;\n\nconst int MAX = 13;\nvector<float> Cake; \nfloat box; \nfloat dp[(1<<MAX)][MAX];\n\nvoid init(){\n    Cake.clear();\n    for(int i = 0; i < (1 << MAX); ++i) {\n        fill(dp[i], dp[i] + MAX, numeric_limits<float>::infinity());\n    }\n    dp[0][0] = 0;\n}\n\nvoid make(){\n    string s;\n    getline(cin,s);\n    stringstream ss(s);\n    float num; \n    Cake.reserve(MAX);\n    while(ss >> num) Cake.push_back(num);\n}\n\nvoid solve(){\n    int n = (int)Cake.size();\n    for(int i = 0; i < (1 << n); i++)\n        for(int j = 0; j < n; j++){\n            if(i == 0) {\n                dp[(1<<j)][j] = Cake[j];\n                continue;\n            }\n            if (dp[i][j] == numeric_limits<float>::infinity()) continue;\n            for(int k = 0; k < n; k++)\n                if(!(i & (1 << k)) && j != k){\n                    float newValue = dp[i][j] + 2.0f * sqrt(Cake[j] * Cake[k]);\n                    dp[i | (1 << k)][k] = min(dp[i | (1 << k)][k], newValue);\n                }\n        }\n\n    for(int i = 0; i < n; i++){\n        if(dp[(1 << n) - 1][i] + Cake[i] <= box) {cout << "OK" << endl; return;}\n    }\n    cout << "NA" << endl;\n}\n\nint main(){\n    while(cin >> box){\n        init();\n        make();\n        solve();\n    }\n    return 0;\n}') | LineLLMMutation(('source.cpp', 41), '#include<iostream>\n#include<vector>\n#include<sstream>\n#include<cmath>\n#include<algorithm>\n#include<limits>\n\nusing namespace std;\n\nconst int MAX = 13;\nvector<float> Cake; \nfloat box; \nfloat dp[(1<<MAX)][MAX];\n\nvoid init(){\n    Cake.clear();\n    for(int i = 0; i < (1 << MAX); ++i) {\n        fill(dp[i], dp[i] + MAX, numeric_limits<float>::infinity());\n    }\n    dp[0][0] = 0;\n}\n\nvoid make(){\n    string s;\n    getline(cin,s);\n    stringstream ss(s);\n    float num; \n    Cake.reserve(MAX);\n    while(ss >> num) Cake.push_back(num);\n}\n\nvoid solve(){\n    int n = (int)Cake.size();\n    for(int i = 0; i < (1 << n); i++){\n        for(int j = 0; j < n; j++){\n            if(i == 0) {\n                dp[(1<<j)][j] = Cake[j];\n                continue;\n            }\n            float currentValue = dp[i][j];\n            if (currentValue == numeric_limits<float>::infinity()) continue;\n            for(int k = 0; k < n; k++)\n                if(!(i & (1 << k)) && j != k){\n                    float newValue = currentValue + 2.0f * sqrt(Cake[j] * Cake[k]);\n                    dp[i | (1 << k)][k] = min(dp[i | (1 << k)][k], newValue);\n                }\n        }\n    }\n\n    for(int i = 0; i < n; i++){\n        if(dp[(1 << n) - 1][i] + Cake[i] <= box) {cout << "OK" << endl; return;}\n    }\n    cout << "NA" << endl;\n}\n\nint main(){\n    while(cin >> box){\n        init();\n        make();\n        solve();\n    }\n    return 0;\n}')"
2025-01-23 17:35:00,892	[INFO]	Step: 90
2025-01-23 17:35:00,892	[INFO]	Stop Steps: 100
2025-01-23 17:35:02,583	[DEBUG]	EXEC>  SUCCESS 3685423.5
2025-01-23 17:35:02,583	[INFO]	REF     SUCCESS               3685423.50 (--) [0 edit(s)]  
2025-01-23 17:35:02,583	[INFO]	Best patch: 9_25_37
2025-01-23 17:35:03,264	[DEBUG]	EXEC>  SUCCESS 3055186.375
2025-01-23 17:35:03,264	[INFO]	BEST    SUCCESS              *3055186.38 (82.90%) [0 edit(s)]  
2025-01-23 17:35:03,264	[INFO]	Best patch step: 79
2025-01-23 17:36:01,204	[INFO]	Step: 90
2025-01-23 17:36:01,204	[INFO]	Stop Steps: 100
2025-01-23 17:36:02,007	[DEBUG]	EXEC>  SUCCESS 3037989.125
2025-01-23 17:36:02,007	[INFO]	9-1     SUCCESS              *3037989.12 (82.43%) [1 edit(s)]  
2025-01-23 17:36:02,007	[DEBUG]	patch(9-1)="LineLLMCrossover(('source.cpp', 27), '#include<iostream>\n#include<vector>\n#include<sstream>\n#include<cmath>\n#include<algorithm>\n#include<limits>\n\nusing namespace std;\n\nconst int MAX = 13;\nvector<float> Cake; \nfloat box; \nfloat dp[(1<<MAX)][MAX];\n\nvoid init(){\n    Cake.clear();\n    for(int i = 0; i < (1 << MAX); ++i) {\n        fill(dp[i], dp[i] + MAX, numeric_limits<float>::max());\n    }\n    dp[0][0] = 0;\n}\n\nvoid make(){\n    string s;\n    getline(cin,s);\n    stringstream ss(s);\n    float num; \n    Cake.reserve(MAX);\n    while(ss >> num) Cake.push_back(num);\n}\n\nvoid solve(){\n    int n = (int)Cake.size();\n    for(int i = 0; i < (1 << n); i++)\n        for(int j = 0; j < n; j++){\n            if(i == 0) {\n                dp[(1 << j)][j] = Cake[j];\n                continue;\n            }\n            if (dp[i][j] == numeric_limits<float>::max()) continue;\n            for(int k = 0; k < n; k++)\n                if(!(i & (1 << k)) && j != k){\n                    float newValue = dp[i][j] + 2.0f * sqrt(Cake[j] * Cake[k]);\n                    dp[i | (1 << k)][k] = min(dp[i | (1 << k)][k], newValue);\n                }\n        }\n\n    for(int i = 0; i < n; i++){\n        if(dp[(1 << n) - 1][i] + Cake[i] <= box) {cout << "OK" << endl; return;}\n    }\n    cout << "NA" << endl;\n}\n\nint main(){\n    while(cin >> box){\n        init();\n        make();\n        solve();\n    }\n    return 0;\n}')"

2025-01-23 17:36:02,007	[INFO]	Step: 91
2025-01-23 17:36:02,007	[INFO]	Stop Steps: 100
2025-01-23 17:36:02,692	[DEBUG]	EXEC>  SUCCESS 3039455.0625
2025-01-23 17:36:02,693	[INFO]	9-2     SUCCESS               3039455.06 (82.47%) [1 edit(s)]  
2025-01-23 17:36:02,693	[DEBUG]	patch(9-2)="LineLLMCrossover(('source.cpp', 28), '#include <iostream>\n#include <vector>\n#include <sstream>\n#include <cmath>\n#include <algorithm>\n#include <limits>\n\nusing namespace std;\n\nconst int MAX = 13;\nvector<float> Cake; \nfloat box; \nfloat dp[(1 << MAX)][MAX];\n\nvoid init() {\n    Cake.clear();\n    for(int i = 0; i < (1 << MAX); ++i) {\n        fill(dp[i], dp[i] + MAX, numeric_limits<float>::infinity());\n    }\n    dp[0][0] = 0;\n}\n\nvoid make(){\n    string s;\n    getline(cin, s);\n    stringstream ss(s);\n    float num; \n    Cake.reserve(MAX);\n    while(ss >> num) Cake.push_back(num);\n}\n\nvoid solve(){\n    int n = (int)Cake.size();\n    for(int i = 0; i < (1 << n); i++)\n        for(int j = 0; j < n; j++){\n            if(i == 0) {\n                dp[(1 << j)][j] = Cake[j];\n                continue;\n            }\n            if (dp[i][j] == numeric_limits<float>::infinity()) continue;\n            for(int k = 0; k < n; k++)\n                if(!(i & (1 << k)) && j != k){\n                    float newValue = dp[i][j] + 2.0f * sqrt(Cake[j] * Cake[k]);\n                    dp[i | (1 << k)][k] = min(dp[i | (1 << k)][k], newValue);\n                }\n        }\n\n    for(int i = 0; i < n; i++){\n        if(dp[(1 << n) - 1][i] + Cake[i] <= box) {cout << "OK" << endl; return;}\n    }\n    cout << "NA" << endl;\n}\n\nint main(){\n    while(cin >> box){\n        init();\n        make();\n        solve();\n    }\n    return 0;\n}')"
2025-01-23 17:36:02,693	[INFO]	Step: 92
2025-01-23 17:36:02,693	[INFO]	Stop Steps: 100
2025-01-23 17:36:03,376	[DEBUG]	EXEC>  SUCCESS 3058280.25
2025-01-23 17:36:03,376	[INFO]	9-3     SUCCESS               3058280.25 (82.98%) [1 edit(s)]  
2025-01-23 17:36:03,376	[DEBUG]	patch(9-3)="LineLLMCrossover(('source.cpp', 32), '#include<iostream>\n#include<vector>\n#include<sstream>\n#include<cmath>\n#include<algorithm>\n#include<limits>\n\nusing namespace std;\n\nconst int MAX = 13;\nvector<float> Cake; \nfloat box; \nfloat dp[(1<<MAX)][MAX];\n\nvoid init() {\n    Cake.clear();\n    for(int i = 0; i < (1 << MAX); ++i) {\n        fill(dp[i], dp[i] + MAX, numeric_limits<float>::max());\n    }\n    dp[0][0] = 0;\n}\n\nvoid make(){\n    string s;\n    getline(cin,s);\n    stringstream ss(s);\n    float num; \n    Cake.reserve(MAX);\n    while(ss >> num) Cake.push_back(num);\n}\n\nvoid solve(){\n    int n = (int)Cake.size();\n    for(int i = 0; i < (1 << n); i++)\n        for(int j = 0; j < n; j++){\n            if(i == 0) {\n                dp[(1 << j)][j] = Cake[j];\n                continue;\n            }\n            if (dp[i][j] == numeric_limits<float>::max()) continue;\n            for(int k = 0; k < n; k++)\n                if(!(i & (1 << k)) && j != k){\n                    float newValue = dp[i][j] + 2.0f * sqrt(Cake[j] * Cake[k]);\n                    dp[i | (1 << k)][k] = min(dp[i | (1 << k)][k], newValue);\n                }\n        }\n\n    for(int i = 0; i < n; i++){\n        if(dp[(1 << n) - 1][i] + Cake[i] <= box) {cout << "OK" << endl; return;}\n    }\n    cout << "NA" << endl;\n}\n\nint main(){\n    while(cin >> box){\n        init();\n        make();\n        solve();\n    }\n    return 0;\n}')"
2025-01-23 17:36:03,376	[INFO]	Step: 93
2025-01-23 17:36:03,376	[INFO]	Stop Steps: 100
2025-01-23 17:36:04,058	[DEBUG]	EXEC>  SUCCESS 3078237.375
2025-01-23 17:36:04,058	[INFO]	9-4     SUCCESS               3078237.38 (83.52%) [1 edit(s)]  
2025-01-23 17:36:04,058	[DEBUG]	patch(9-4)="LineLLMCrossover(('source.cpp', 33), '#include<iostream>\n#include<vector>\n#include<sstream>\n#include<cmath>\n#include<algorithm>\n#include<limits>\n\nusing namespace std;\n\nconst int MAX = 13;\nvector<float> Cake; \nfloat box; \nfloat dp[(1<<MAX)][MAX];\n\nvoid init() {\n    Cake.clear();\n    for(int i = 0; i < (1 << MAX); ++i) {\n        for(int j = 0; j < MAX; ++j) {\n            dp[i][j] = numeric_limits<float>::infinity();\n        }\n    }\n    dp[0][0] = 0;\n}\n\nvoid make(){\n    string s;\n    getline(cin, s);\n    stringstream ss(s);\n    float num; \n    Cake.reserve(MAX);\n    while(ss >> num) Cake.push_back(num);\n}\n\nvoid solve(){\n    int n = (int)Cake.size();\n    for(int i = 0; i < (1 << n); i++)\n        for(int j = 0; j < n; j++){\n            if(i == 0) {\n                dp[(1<<j)][j] = Cake[j];\n                continue;\n            }\n            if (dp[i][j] == numeric_limits<float>::infinity()) continue;\n            for(int k = 0; k < n; k++)\n                if(!(i & (1 << k)) && j != k){\n                    float newValue = dp[i][j] + 2.0f * sqrt(Cake[j] * Cake[k]);\n                    dp[i | (1 << k)][k] = min(dp[i | (1 << k)][k], newValue);\n                }\n        }\n\n    for(int i = 0; i < n; i++){\n        if(dp[(1 << n) - 1][i] + Cake[i] <= box) {cout << "OK" << endl; return;}\n    }\n    cout << "NA" << endl;\n}\n\nint main(){\n    while(cin >> box){\n        init();\n        make();\n        solve();\n    }\n    return 0;\n}')"
2025-01-23 17:36:04,058	[INFO]	Step: 94
2025-01-23 17:36:04,058	[INFO]	Stop Steps: 100
2025-01-23 17:36:04,744	[DEBUG]	EXEC>  SUCCESS 3065627.1875
2025-01-23 17:36:04,745	[INFO]	9-5     SUCCESS               3065627.19 (83.18%) [1 edit(s)]  
2025-01-23 17:36:04,745	[DEBUG]	patch(9-5)="LineLLMCrossover(('source.cpp', 34), '#include<iostream>\n#include<vector>\n#include<sstream>\n#include<cmath>\n#include<algorithm>\n#include<limits>\n\nusing namespace std;\n\nconst int MAX = 13;\nvector<float> Cake; \nfloat box; \nfloat dp[(1 << MAX)][MAX];\n\nvoid init() {\n    Cake.clear();\n    for(int i = 0; i < (1 << MAX); ++i) {\n        fill(dp[i], dp[i] + MAX, numeric_limits<float>::infinity());\n    }\n    dp[0][0] = 0;\n}\n\nvoid make(){\n    string s;\n    getline(cin, s);\n    stringstream ss(s);\n    float num; \n    Cake.reserve(MAX);\n    while(ss >> num) Cake.push_back(num);\n}\n\nvoid solve(){\n    int n = (int)Cake.size();\n    for(int i = 0; i < (1 << n); i++)\n        for(int j = 0; j < n; j++){\n            if(i == 0) {\n                dp[(1 << j)][j] = Cake[j];\n                continue;\n            }\n            if (dp[i][j] == numeric_limits<float>::infinity()) continue;\n            for(int k = 0; k < n; k++)\n                if(!(i & (1 << k)) && j != k){\n                    float newValue = dp[i][j] + 2.0f * sqrt(Cake[j] * Cake[k]);\n                    dp[i | (1 << k)][k] = min(dp[i | (1 << k)][k], newValue);\n                }\n        }\n\n    for(int i = 0; i < n; i++){\n        if(dp[(1 << n) - 1][i] + Cake[i] <= box) {cout << "OK" << endl; return;}\n    }\n    cout << "NA" << endl;\n}\n\nint main(){\n    while(cin >> box){\n        init();\n        make();\n        solve();\n    }\n    return 0;\n}')"
2025-01-23 17:36:04,745	[INFO]	Step: 95
2025-01-23 17:36:04,745	[INFO]	Stop Steps: 100
2025-01-23 17:36:05,423	[DEBUG]	EXEC>  SUCCESS 3047861.125
2025-01-23 17:36:05,423	[INFO]	9-6     SUCCESS               3047861.12 (82.70%) [1 edit(s)]  
2025-01-23 17:36:05,424	[DEBUG]	patch(9-6)="LineLLMCrossover(('source.cpp', 35), '#include<iostream>\n#include<vector>\n#include<sstream>\n#include<cmath>\n#include<algorithm>\n#include<limits>\n\nusing namespace std;\n\nconst int MAX = 13;\nvector<float> Cake; \nfloat box; \nfloat dp[(1<<MAX)][MAX];\n\nvoid init() {\n    Cake.clear();\n    for(int i = 0; i < (1 << MAX); ++i) {\n        for(int j = 0; j < MAX; ++j) {\n            dp[i][j] = numeric_limits<float>::infinity();\n        }\n    }\n    dp[0][0] = 0;\n}\n\nvoid make(){\n    string s;\n    getline(cin,s);\n    stringstream ss(s);\n    float num; \n    Cake.reserve(MAX);\n    while(ss >> num) Cake.push_back(num);\n}\n\nvoid solve(){\n    int n = (int)Cake.size();\n    for(int i = 0; i < (1 << n); i++)\n        for(int j = 0; j < n; j++){\n            if(i == 0) {\n                dp[(1 << j)][j] = Cake[j];\n                continue;\n            }\n            if (dp[i][j] == numeric_limits<float>::infinity()) continue;\n            for(int k = 0; k < n; k++)\n                if(!(i & (1 << k)) && j != k){\n                    float newValue = dp[i][j] + 2.0f * sqrt(Cake[j] * Cake[k]);\n                    dp[i | (1 << k)][k] = min(dp[i | (1 << k)][k], newValue);\n                }\n        }\n\n    for(int i = 0; i < n; i++){\n        if(dp[(1 << n) - 1][i] + Cake[i] <= box) {cout << "OK" << endl; return;}\n    }\n    cout << "NA" << endl;\n}\n\nint main(){\n    while(cin >> box){\n        init();\n        make();\n        solve();\n    }\n    return 0;\n}')"
2025-01-23 17:36:05,424	[INFO]	Step: 96
2025-01-23 17:36:05,424	[INFO]	Stop Steps: 100
2025-01-23 17:36:06,129	[DEBUG]	EXEC>  SUCCESS 3091234.5625
2025-01-23 17:36:06,130	[INFO]	9-7     SUCCESS               3091234.56 (83.88%) [2 edit(s)]  
2025-01-23 17:36:06,130	[DEBUG]	patch(9-7)="LineLLMCrossover(('source.cpp', 27), '#include<iostream>\n#include<vector>\n#include<sstream>\n#include<cmath>\n#include<algorithm>\n#include<limits>\n\nusing namespace std;\n\nconst int MAX = 13;\nvector<float> Cake; \nfloat box; \nfloat dp[(1<<MAX)][MAX];\n\nvoid init(){\n    Cake.clear();\n    for(int i = 0; i < (1 << MAX); ++i) {\n        fill(dp[i], dp[i] + MAX, numeric_limits<float>::max());\n    }\n    dp[0][0] = 0;\n}\n\nvoid make(){\n    string s;\n    getline(cin,s);\n    stringstream ss(s);\n    float num; \n    Cake.reserve(MAX);\n    while(ss >> num) Cake.push_back(num);\n}\n\nvoid solve(){\n    int n = (int)Cake.size();\n    for(int i = 0; i < (1 << n); i++)\n        for(int j = 0; j < n; j++){\n            if(i == 0) {\n                dp[(1 << j)][j] = Cake[j];\n                continue;\n            }\n            if (dp[i][j] == numeric_limits<float>::max()) continue;\n            for(int k = 0; k < n; k++)\n                if(!(i & (1 << k)) && j != k){\n                    float newValue = dp[i][j] + 2.0f * sqrt(Cake[j] * Cake[k]);\n                    dp[i | (1 << k)][k] = min(dp[i | (1 << k)][k], newValue);\n                }\n        }\n\n    for(int i = 0; i < n; i++){\n        if(dp[(1 << n) - 1][i] + Cake[i] <= box) {cout << "OK" << endl; return;}\n    }\n    cout << "NA" << endl;\n}\n\nint main(){\n    while(cin >> box){\n        init();\n        make();\n        solve();\n    }\n    return 0;\n}') | LineLLMMutation(('source.cpp', 42), '#include<iostream>\n#include<vector>\n#include<sstream>\n#include<cmath>\n#include<algorithm>\n#include<limits>\n\nusing namespace std;\n\nconst int MAX = 13;\nvector<float> Cake; \nfloat box; \nfloat dp[(1<<MAX)][MAX];\n\nvoid init(){\n    Cake.clear();\n    for(int i = 0; i < (1 << MAX); ++i) {\n        fill(dp[i], dp[i] + MAX, numeric_limits<float>::max());\n    }\n    dp[0][0] = 0;\n}\n\nvoid make(){\n    string s;\n    getline(cin,s);\n    stringstream ss(s);\n    float num; \n    Cake.reserve(MAX);\n    while(ss >> num) Cake.push_back(num);\n}\n\nvoid solve(){\n    int n = (int)Cake.size();\n    vector<float> sqrtCake(n);\n    for(int i = 0; i < n; i++) {\n        sqrtCake[i] = sqrt(Cake[i]);\n    }\n    \n    for(int i = 0; i < (1 << n); i++)\n        for(int j = 0; j < n; j++){\n            if(i == 0) {\n                dp[(1 << j)][j] = Cake[j];\n                continue;\n            }\n            if (dp[i][j] == numeric_limits<float>::max()) continue;\n            for(int k = 0; k < n; k++)\n                if(!(i & (1 << k)) && j != k){\n                    float newValue = dp[i][j] + 2.0f * sqrtCake[j] * sqrtCake[k];\n                    dp[i | (1 << k)][k] = min(dp[i | (1 << k)][k], newValue);\n                }\n        }\n\n    for(int i = 0; i < n; i++){\n        if(dp[(1 << n) - 1][i] + Cake[i] <= box) {cout << "OK" << endl; return;}\n    }\n    cout << "NA" << endl;\n}\n\nint main(){\n    while(cin >> box){\n        init();\n        make();\n        solve();\n    }\n    return 0;\n}')"
2025-01-23 17:36:06,130	[INFO]	Step: 97
2025-01-23 17:36:06,130	[INFO]	Stop Steps: 100
2025-01-23 17:36:06,887	[DEBUG]	EXEC>  SUCCESS 4274488.4375
2025-01-23 17:36:06,887	[INFO]	9-8     SUCCESS               4274488.44 (115.98%) [2 edit(s)]  
2025-01-23 17:36:06,887	[DEBUG]	patch(9-8)="LineLLMCrossover(('source.cpp', 28), '#include <iostream>\n#include <vector>\n#include <sstream>\n#include <cmath>\n#include <algorithm>\n#include <limits>\n\nusing namespace std;\n\nconst int MAX = 13;\nvector<float> Cake; \nfloat box; \nfloat dp[(1 << MAX)][MAX];\n\nvoid init() {\n    Cake.clear();\n    for(int i = 0; i < (1 << MAX); ++i) {\n        fill(dp[i], dp[i] + MAX, numeric_limits<float>::infinity());\n    }\n    dp[0][0] = 0;\n}\n\nvoid make(){\n    string s;\n    getline(cin, s);\n    stringstream ss(s);\n    float num; \n    Cake.reserve(MAX);\n    while(ss >> num) Cake.push_back(num);\n}\n\nvoid solve(){\n    int n = (int)Cake.size();\n    for(int i = 0; i < (1 << n); i++)\n        for(int j = 0; j < n; j++){\n            if(i == 0) {\n                dp[(1 << j)][j] = Cake[j];\n                continue;\n            }\n            if (dp[i][j] == numeric_limits<float>::infinity()) continue;\n            for(int k = 0; k < n; k++)\n                if(!(i & (1 << k)) && j != k){\n                    float newValue = dp[i][j] + 2.0f * sqrt(Cake[j] * Cake[k]);\n                    dp[i | (1 << k)][k] = min(dp[i | (1 << k)][k], newValue);\n                }\n        }\n\n    for(int i = 0; i < n; i++){\n        if(dp[(1 << n) - 1][i] + Cake[i] <= box) {cout << "OK" << endl; return;}\n    }\n    cout << "NA" << endl;\n}\n\nint main(){\n    while(cin >> box){\n        init();\n        make();\n        solve();\n    }\n    return 0;\n}') | LineLLMMutation(('source.cpp', 43), '#include <iostream>\n#include <vector>\n#include <sstream>\n#include <cmath>\n#include <algorithm>\n#include <limits>\n\nusing namespace std;\n\nconst int MAX = 13;\nvector<float> Cake; \nfloat box; \nvector<vector<float>> dp; // Change from fixed-size array to vector\n\nvoid init() {\n    Cake.clear();\n    dp.assign(1 << MAX, vector<float>(MAX, numeric_limits<float>::infinity())); // Initialize with vector\n    dp[0][0] = 0;\n}\n\nvoid make(){\n    string s;\n    getline(cin, s);\n    stringstream ss(s);\n    float num; \n    Cake.reserve(MAX);\n    while(ss >> num) Cake.push_back(num);\n}\n\nvoid solve(){\n    int n = (int)Cake.size();\n    for(int i = 0; i < (1 << n); i++)\n        for(int j = 0; j < n; j++){\n            if(i == 0) {\n                dp[(1 << j)][j] = Cake[j];\n                continue;\n            }\n            if (dp[i][j] == numeric_limits<float>::infinity()) continue;\n            for(int k = 0; k < n; k++)\n                if(!(i & (1 << k)) && j != k){\n                    float newValue = dp[i][j] + 2.0f * sqrt(Cake[j] * Cake[k]);\n                    dp[i | (1 << k)][k] = min(dp[i | (1 << k)][k], newValue);\n                }\n        }\n\n    for(int i = 0; i < n; i++){\n        if(dp[(1 << n) - 1][i] + Cake[i] <= box) {cout << "OK" << endl; return;}\n    }\n    cout << "NA" << endl;\n}\n\nint main(){\n    while(cin >> box){\n        init();\n        make();\n        solve();\n    }\n    return 0;\n}')"
2025-01-23 17:36:06,888	[INFO]	Step: 98
2025-01-23 17:36:06,888	[INFO]	Stop Steps: 100
2025-01-23 17:36:07,584	[DEBUG]	EXEC>  SUCCESS 3218497.6875
2025-01-23 17:36:07,585	[INFO]	9-9     SUCCESS               3218497.69 (87.33%) [2 edit(s)]  
2025-01-23 17:36:07,585	[DEBUG]	patch(9-9)="LineLLMCrossover(('source.cpp', 30), '#include <iostream>\n#include <vector>\n#include <sstream>\n#include <cmath>\n#include <algorithm>\n#include <limits>\n\nusing namespace std;\n\nconst int MAX = 13;\nvector<float> Cake; \nfloat box; \nfloat dp[(1 << MAX)][MAX];\n\nvoid init() {\n    Cake.clear();\n    for(int i = 0; i < (1 << MAX); ++i) {\n        fill(dp[i], dp[i] + MAX, numeric_limits<float>::infinity());\n    }\n    dp[0][0] = 0;\n}\n\nvoid make(){\n    string s;\n    getline(cin, s);\n    stringstream ss(s);\n    float num; \n    Cake.reserve(MAX);\n    while(ss >> num) Cake.push_back(num);\n}\n\nvoid solve(){\n    int n = (int)Cake.size();\n    for(int i = 0; i < (1 << n); i++)\n        for(int j = 0; j < n; j++){\n            if(i == 0) {\n                dp[(1 << j)][j] = Cake[j];\n                continue;\n            }\n            if (dp[i][j] == numeric_limits<float>::infinity()) continue;\n            for(int k = 0; k < n; k++)\n                if(!(i & (1 << k)) && j != k){\n                    float newValue = dp[i][j] + 2.0f * sqrt(Cake[j] * Cake[k]);\n                    dp[i | (1 << k)][k] = min(dp[i | (1 << k)][k], newValue);\n                }\n        }\n\n    for(int i = 0; i < n; i++){\n        if(dp[(1 << n) - 1][i] + Cake[i] <= box) {cout << "OK" << endl; return;}\n    }\n    cout << "NA" << endl;\n}\n\nint main(){\n    while(cin >> box){\n        init();\n        make();\n        solve();\n    }\n    return 0;\n}') | LineLLMMutation(('source.cpp', 44), '#include <iostream>\n#include <vector>\n#include <sstream>\n#include <cmath>\n#include <algorithm>\n#include <limits>\n\nusing namespace std;\n\nconst int MAX = 13;\nvector<float> Cake; \nfloat box; \nfloat dp[(1 << MAX)][MAX];\n\nvoid init() {\n    Cake.clear();\n    // Optimize initialization by using a loop to set only needed values\n    for(int i = 0; i < (1 << MAX); ++i) {\n        for (int j = 0; j < MAX; ++j) {\n            dp[i][j] = (i == 0 && j == 0) ? 0 : numeric_limits<float>::infinity();\n        }\n    }\n}\n\nvoid make(){\n    string s;\n    getline(cin, s);\n    stringstream ss(s);\n    float num; \n    Cake.reserve(MAX);\n    while(ss >> num) Cake.push_back(num);\n}\n\nvoid solve(){\n    int n = (int)Cake.size();\n    for(int i = 0; i < (1 << n); i++)\n        for(int j = 0; j < n; j++){\n            if(i == 0) {\n                dp[(1 << j)][j] = Cake[j];\n                continue;\n            }\n            if (dp[i][j] == numeric_limits<float>::infinity()) continue;\n            for(int k = 0; k < n; k++)\n                if(!(i & (1 << k)) && j != k){\n                    float newValue = dp[i][j] + 2.0f * sqrt(Cake[j] * Cake[k]);\n                    dp[i | (1 << k)][k] = min(dp[i | (1 << k)][k], newValue);\n                }\n        }\n\n    for(int i = 0; i < n; i++){\n        if(dp[(1 << n) - 1][i] + Cake[i] <= box) {cout << "OK" << endl; return;}\n    }\n    cout << "NA" << endl;\n}\n\nint main(){\n    while(cin >> box){\n        init();\n        make();\n        solve();\n    }\n    return 0;\n}')"
2025-01-23 17:36:07,585	[INFO]	Step: 99
2025-01-23 17:36:07,585	[INFO]	Stop Steps: 100
2025-01-23 17:36:08,264	[DEBUG]	EXEC>  SUCCESS 2639345.125
2025-01-23 17:36:08,265	[INFO]	9-10    SUCCESS              *2639345.12 (71.62%) [4 edit(s)]  
2025-01-23 17:36:08,265	[DEBUG]	patch(9-10)="LineLLMCrossover(('source.cpp', 9), '#include<iostream>\n#include<vector>\n#include<sstream>\n#include<cmath>\n#include<algorithm>\n\nusing namespace std;\n\nconst int MAX = 13;\nvector<float> Cake; \nfloat box; \nfloat dp[(1<<MAX)][MAX];\n\nvoid init(){\n    Cake.clear();\n    for(int i = 0; i < (1 << MAX); ++i) {\n        fill(dp[i], dp[i] + MAX, 100000000);\n    }\n    dp[0][0] = 0;\n}\n\nvoid make(){\n    string s;\n    getline(cin,s);\n    stringstream ss(s);\n    float num; \n    Cake.reserve(MAX);\n    while(ss >> num) Cake.push_back(num);\n}\n\nvoid solve(){\n    int n = (int)Cake.size();\n    for(int i = 0; i < (1 << n); i++)\n        for(int j = 0; j < n; j++){\n            if(i == 0) {\n                dp[(1<<j)][j] = Cake[j];\n                continue;\n            }\n            if (dp[i][j] == 100000000) continue; // Skip impossible states\n            for(int k = 0; k < n; k++)\n                if(!(i & (1 << k)) && j != k){\n                    float newValue = dp[i][j] + 2.0f * sqrt(Cake[j] * Cake[k]);\n                    dp[i | (1 << k)][k] = min(dp[i | (1 << k)][k], newValue);\n                }\n        }\n\n    for(int i = 0; i < n; i++){\n        if(dp[(1 << n) - 1][i] + Cake[i] <= box) {cout << "OK" << endl; return;}\n    }\n    cout << "NA" << endl;\n}\n\nint main(){\n    while(cin >> box){\n        init();\n        make();\n        solve();\n    }\n    return 0;\n}') | LineLLMMutation(('source.cpp', 25), '#include<iostream>\n#include<vector>\n#include<sstream>\n#include<cmath>\n#include<algorithm>\n#include<limits>\n\nusing namespace std;\n\nconst int MAX = 13;\nvector<float> Cake; \nfloat box; \nfloat dp[(1<<MAX)][MAX];\n\nvoid init(){\n    Cake.clear();\n    for(int i = 0; i < (1 << MAX); ++i) {\n        fill(dp[i], dp[i] + MAX, numeric_limits<float>::infinity());\n    }\n    dp[0][0] = 0;\n}\n\nvoid make(){\n    string s;\n    getline(cin,s);\n    stringstream ss(s);\n    float num; \n    Cake.reserve(MAX);\n    while(ss >> num) Cake.push_back(num);\n}\n\nvoid solve(){\n    int n = (int)Cake.size();\n    for(int i = 0; i < (1 << n); i++)\n        for(int j = 0; j < n; j++){\n            if(i == 0) {\n                dp[(1<<j)][j] = Cake[j];\n                continue;\n            }\n            if (dp[i][j] == numeric_limits<float>::infinity()) continue; // Skip impossible states\n            for(int k = 0; k < n; k++)\n                if(!(i & (1 << k)) && j != k){\n                    float newValue = dp[i][j] + 2.0f * sqrt(Cake[j] * Cake[k]);\n                    dp[i | (1 << k)][k] = min(dp[i | (1 << k)][k], newValue);\n                }\n        }\n\n    for(int i = 0; i < n; i++){\n        if(dp[(1 << n) - 1][i] + Cake[i] <= box) {cout << "OK" << endl; return;}\n    }\n    cout << "NA" << endl;\n}\n\nint main(){\n    while(cin >> box){\n        init();\n        make();\n        solve();\n    }\n    return 0;\n}') | LineLLMMutation(('source.cpp', 37), '#include<iostream>\n#include<vector>\n#include<sstream>\n#include<cmath>\n#include<algorithm>\n#include<limits>\n\nusing namespace std;\n\nconst int MAX = 13;\nvector<float> Cake; \nfloat box; \nfloat dp[(1<<MAX)][MAX];\n\nvoid init(){\n    Cake.clear();\n    // Instead of filling dp with infinity using fill,\n    // we can directly use a nested loop to speed up the initialization\n    for(int i = 0; i < (1 << MAX); ++i) {\n        for(int j = 0; j < MAX; ++j) {\n            dp[i][j] = numeric_limits<float>::infinity();\n        }\n    }\n    dp[0][0] = 0;\n}\n\nvoid make(){\n    string s;\n    getline(cin,s);\n    stringstream ss(s);\n    float num; \n    Cake.reserve(MAX);\n    while(ss >> num) Cake.push_back(num);\n}\n\nvoid solve(){\n    int n = (int)Cake.size();\n    for(int i = 0; i < (1 << n); i++)\n        for(int j = 0; j < n; j++){\n            if(i == 0) {\n                dp[(1<<j)][j] = Cake[j];\n                continue;\n            }\n            if (dp[i][j] == numeric_limits<float>::infinity()) continue; // Skip impossible states\n            for(int k = 0; k < n; k++)\n                if(!(i & (1 << k)) && j != k){\n                    float newValue = dp[i][j] + 2.0f * sqrt(Cake[j] * Cake[k]);\n                    dp[i | (1 << k)][k] = min(dp[i | (1 << k)][k], newValue);\n                }\n        }\n\n    for(int i = 0; i < n; i++){\n        if(dp[(1 << n) - 1][i] + Cake[i] <= box) {cout << "OK" << endl; return;}\n    }\n    cout << "NA" << endl;\n}\n\nint main(){\n    while(cin >> box){\n        init();\n        make();\n        solve();\n    }\n    return 0;\n}') | LineLLMMutation(('source.cpp', 45), '#include<iostream>\n#include<vector>\n#include<sstream>\n#include<cmath>\n#include<algorithm>\n#include<limits>\n\nusing namespace std;\n\nconst int MAX = 13;\nvector<float> Cake; \nfloat box; \nfloat dp[(1<<MAX)][MAX];\n\nvoid init(){\n    Cake.clear();\n    // Using std::fill to initialize dp to infinity more efficiently\n    for(int j = 0; j < MAX; ++j) {\n        fill(dp[j], dp[j] + (1 << MAX), numeric_limits<float>::infinity());\n    }\n    dp[0][0] = 0;\n}\n\nvoid make(){\n    string s;\n    getline(cin,s);\n    stringstream ss(s);\n    float num; \n    Cake.reserve(MAX);\n    while(ss >> num) Cake.push_back(num);\n}\n\nvoid solve(){\n    int n = (int)Cake.size();\n    for(int i = 0; i < (1 << n); i++)\n        for(int j = 0; j < n; j++){\n            if(i == 0) {\n                dp[(1<<j)][j] = Cake[j];\n                continue;\n            }\n            if (dp[i][j] == numeric_limits<float>::infinity()) continue; // Skip impossible states\n            for(int k = 0; k < n; k++)\n                if(!(i & (1 << k)) && j != k){\n                    float newValue = dp[i][j] + 2.0f * sqrt(Cake[j] * Cake[k]);\n                    dp[i | (1 << k)][k] = min(dp[i | (1 << k)][k], newValue);\n                }\n        }\n\n    for(int i = 0; i < n; i++){\n        if(dp[(1 << n) - 1][i] + Cake[i] <= box) {cout << "OK" << endl; return;}\n    }\n    cout << "NA" << endl;\n}\n\nint main(){\n    while(cin >> box){\n        init();\n        make();\n        solve();\n    }\n    return 0;\n}')"

2025-01-23 17:36:08,265	[INFO]	Step: 100
2025-01-23 17:36:08,265	[INFO]	Stop Steps: 100
2025-01-23 17:36:08,265	[INFO]	(Abstract Algorithm) Stopping Condition: step budget
2025-01-23 17:36:09,733	[INFO]	~~~~ END ~~~~
2025-01-23 17:36:09,734	[INFO]	Best patch step: 99
2025-01-23 17:36:09,734	[INFO]	
2025-01-23 17:36:09,734	[INFO]	==== REPORT ====
2025-01-23 17:36:09,734	[INFO]	Termination: step budget
2025-01-23 17:36:09,734	[INFO]	Log file: /home/ubuntu/eoc/magpie2/_magpie_logs/0031_1737653085.log
2025-01-23 17:36:09,734	[INFO]	Patch file: _magpie_logs/0031_1737653085.patch
2025-01-23 17:36:09,734	[INFO]	Diff file: _magpie_logs/0031_1737653085.diff
2025-01-23 17:36:09,734	[INFO]	Reference fitness: 3685423.50
2025-01-23 17:36:09,734	[INFO]	Best fitness: 2639345.12
2025-01-23 17:36:09,734	[INFO]	
2025-01-23 17:36:09,735	[INFO]	==== BEST PATCH ====
LineLLMCrossover(('source.cpp', 9), '#include<iostream>\n#include<vector>\n#include<sstream>\n#include<cmath>\n#include<algorithm>\n\nusing namespace std;\n\nconst int MAX = 13;\nvector<float> Cake; \nfloat box; \nfloat dp[(1<<MAX)][MAX];\n\nvoid init(){\n    Cake.clear();\n    for(int i = 0; i < (1 << MAX); ++i) {\n        fill(dp[i], dp[i] + MAX, 100000000);\n    }\n    dp[0][0] = 0;\n}\n\nvoid make(){\n    string s;\n    getline(cin,s);\n    stringstream ss(s);\n    float num; \n    Cake.reserve(MAX);\n    while(ss >> num) Cake.push_back(num);\n}\n\nvoid solve(){\n    int n = (int)Cake.size();\n    for(int i = 0; i < (1 << n); i++)\n        for(int j = 0; j < n; j++){\n            if(i == 0) {\n                dp[(1<<j)][j] = Cake[j];\n                continue;\n            }\n            if (dp[i][j] == 100000000) continue; // Skip impossible states\n            for(int k = 0; k < n; k++)\n                if(!(i & (1 << k)) && j != k){\n                    float newValue = dp[i][j] + 2.0f * sqrt(Cake[j] * Cake[k]);\n                    dp[i | (1 << k)][k] = min(dp[i | (1 << k)][k], newValue);\n                }\n        }\n\n    for(int i = 0; i < n; i++){\n        if(dp[(1 << n) - 1][i] + Cake[i] <= box) {cout << "OK" << endl; return;}\n    }\n    cout << "NA" << endl;\n}\n\nint main(){\n    while(cin >> box){\n        init();\n        make();\n        solve();\n    }\n    return 0;\n}') + LineLLMMutation(('source.cpp', 25), '#include<iostream>\n#include<vector>\n#include<sstream>\n#include<cmath>\n#include<algorithm>\n#include<limits>\n\nusing namespace std;\n\nconst int MAX = 13;\nvector<float> Cake; \nfloat box; \nfloat dp[(1<<MAX)][MAX];\n\nvoid init(){\n    Cake.clear();\n    for(int i = 0; i < (1 << MAX); ++i) {\n        fill(dp[i], dp[i] + MAX, numeric_limits<float>::infinity());\n    }\n    dp[0][0] = 0;\n}\n\nvoid make(){\n    string s;\n    getline(cin,s);\n    stringstream ss(s);\n    float num; \n    Cake.reserve(MAX);\n    while(ss >> num) Cake.push_back(num);\n}\n\nvoid solve(){\n    int n = (int)Cake.size();\n    for(int i = 0; i < (1 << n); i++)\n        for(int j = 0; j < n; j++){\n            if(i == 0) {\n                dp[(1<<j)][j] = Cake[j];\n                continue;\n            }\n            if (dp[i][j] == numeric_limits<float>::infinity()) continue; // Skip impossible states\n            for(int k = 0; k < n; k++)\n                if(!(i & (1 << k)) && j != k){\n                    float newValue = dp[i][j] + 2.0f * sqrt(Cake[j] * Cake[k]);\n                    dp[i | (1 << k)][k] = min(dp[i | (1 << k)][k], newValue);\n                }\n        }\n\n    for(int i = 0; i < n; i++){\n        if(dp[(1 << n) - 1][i] + Cake[i] <= box) {cout << "OK" << endl; return;}\n    }\n    cout << "NA" << endl;\n}\n\nint main(){\n    while(cin >> box){\n        init();\n        make();\n        solve();\n    }\n    return 0;\n}') + LineLLMMutation(('source.cpp', 37), '#include<iostream>\n#include<vector>\n#include<sstream>\n#include<cmath>\n#include<algorithm>\n#include<limits>\n\nusing namespace std;\n\nconst int MAX = 13;\nvector<float> Cake; \nfloat box; \nfloat dp[(1<<MAX)][MAX];\n\nvoid init(){\n    Cake.clear();\n    // Instead of filling dp with infinity using fill,\n    // we can directly use a nested loop to speed up the initialization\n    for(int i = 0; i < (1 << MAX); ++i) {\n        for(int j = 0; j < MAX; ++j) {\n            dp[i][j] = numeric_limits<float>::infinity();\n        }\n    }\n    dp[0][0] = 0;\n}\n\nvoid make(){\n    string s;\n    getline(cin,s);\n    stringstream ss(s);\n    float num; \n    Cake.reserve(MAX);\n    while(ss >> num) Cake.push_back(num);\n}\n\nvoid solve(){\n    int n = (int)Cake.size();\n    for(int i = 0; i < (1 << n); i++)\n        for(int j = 0; j < n; j++){\n            if(i == 0) {\n                dp[(1<<j)][j] = Cake[j];\n                continue;\n            }\n            if (dp[i][j] == numeric_limits<float>::infinity()) continue; // Skip impossible states\n            for(int k = 0; k < n; k++)\n                if(!(i & (1 << k)) && j != k){\n                    float newValue = dp[i][j] + 2.0f * sqrt(Cake[j] * Cake[k]);\n                    dp[i | (1 << k)][k] = min(dp[i | (1 << k)][k], newValue);\n                }\n        }\n\n    for(int i = 0; i < n; i++){\n        if(dp[(1 << n) - 1][i] + Cake[i] <= box) {cout << "OK" << endl; return;}\n    }\n    cout << "NA" << endl;\n}\n\nint main(){\n    while(cin >> box){\n        init();\n        make();\n        solve();\n    }\n    return 0;\n}') + LineLLMMutation(('source.cpp', 45), '#include<iostream>\n#include<vector>\n#include<sstream>\n#include<cmath>\n#include<algorithm>\n#include<limits>\n\nusing namespace std;\n\nconst int MAX = 13;\nvector<float> Cake; \nfloat box; \nfloat dp[(1<<MAX)][MAX];\n\nvoid init(){\n    Cake.clear();\n    // Using std::fill to initialize dp to infinity more efficiently\n    for(int j = 0; j < MAX; ++j) {\n        fill(dp[j], dp[j] + (1 << MAX), numeric_limits<float>::infinity());\n    }\n    dp[0][0] = 0;\n}\n\nvoid make(){\n    string s;\n    getline(cin,s);\n    stringstream ss(s);\n    float num; \n    Cake.reserve(MAX);\n    while(ss >> num) Cake.push_back(num);\n}\n\nvoid solve(){\n    int n = (int)Cake.size();\n    for(int i = 0; i < (1 << n); i++)\n        for(int j = 0; j < n; j++){\n            if(i == 0) {\n                dp[(1<<j)][j] = Cake[j];\n                continue;\n            }\n            if (dp[i][j] == numeric_limits<float>::infinity()) continue; // Skip impossible states\n            for(int k = 0; k < n; k++)\n                if(!(i & (1 << k)) && j != k){\n                    float newValue = dp[i][j] + 2.0f * sqrt(Cake[j] * Cake[k]);\n                    dp[i | (1 << k)][k] = min(dp[i | (1 << k)][k], newValue);\n                }\n        }\n\n    for(int i = 0; i < n; i++){\n        if(dp[(1 << n) - 1][i] + Cake[i] <= box) {cout << "OK" << endl; return;}\n    }\n    cout << "NA" << endl;\n}\n\nint main(){\n    while(cin >> box){\n        init();\n        make();\n        solve();\n    }\n    return 0;\n}')
2025-01-23 17:36:09,735	[INFO]	
2025-01-23 17:36:09,735	[INFO]	==== DIFF ====

