2025-01-23 19:57:25,150	[DEBUG]	==== CONFIG ====
[magpie]
import = 
seed = 9759034253382560
log_dir = _magpie_logs
work_dir = _magpie_work
local_original_copy = True
local_original_name = __original__
output_encoding = ascii
edit_retries = 10
default_timeout = 30
default_lengthout = 10000.0
diff_method = unified
trust_local_filesystem = True

[magpie.log]
color_output = True
format_info = {counter:<7} {status:<20} {best}{fitness} ({ratio}) [{size}] {cached} {log}
format_debug = patch({counter})="{patch}"{diffifbest}
format_fitness = {:.2f}
format_ratio = {:.2%%}
format_patchif = 
	 --> {patch}
format_diffif = 
	{diff}

[software]
path = dataset/magpie_dataset/train/0043
target_files = 
	source.cpp
software = BasicSoftware
model_rules = 
	*.params : ParamFileConfigModel
	*.xml : SrcmlModel
	* : LineModel
model_config = 
	*.params : [paramconfig]
	*.xml : [srcml]
init_cmd = 
init_timeout = 60
init_lengthout = -1
setup_cmd = bash setup.sh
setup_timeout = 
setup_lengthout = 
compile_cmd = bash compile.sh
compile_timeout = 
compile_lengthout = 
test_cmd = bash test.sh
test_timeout = 
test_lengthout = 
run_cmd = bash run.sh
run_timeout = 3
run_lengthout = 
batch_timeout = 
batch_lengthout = 
batch_bin_fitness_strategy = aggregate
batch_fitness_strategy = sum
fitness = time

[srcml]
rename = 
	stmt: break continue decl_stmt do expr_stmt for goto if return switch while
	number: literal_number
focus = block stmt operator_comp operator_arith number
internodes = block
process_pseudo_blocks = True
process_literals = True
process_operators = True

[paramconfig]
timing = test run
cli_prefix = --
cli_glue = =
cli_boolean = show
cli_boolean_prefix_true = 
cli_boolean_prefix_false = no-
cli_none = hide
silent_prefix = @
silent_suffix = $

[search]
protocol = BasicProtocol
algorithm = GeneticProgrammingLLM
possible_edits = 
	LineLLMMutation
	LineLLMCrossover
	LineDeletion
	LineInsertion
	LineReplacement
llm_prob = 1.0
warmup = 5
warmup_strategy = last
max_steps = 100
max_time = 20000
target_fitness = 
cache_maxsize = 100
cache_keep = 0.2
batch_instances = 
batch_shuffle = True
batch_bin_shuffle = False
batch_sample_size = 1

[search.ls]
delete_prob = 0.5
max_neighbours = 
when_trapped = continue
accept_fail = False
tabu_length = 10

[search.gp]
pop_size = 10
delete_prob = 0.0
offspring_elitism = 0.2
offspring_crossover = 0.4
offspring_mutation = 0.4
uniform_rate = 0.5
batch_reset = True

[search.minify]
do_cleanup = True
do_rebuild = True
do_simplify = True
round_robin_limit = 3


2025-01-23 19:57:25,150	[DEBUG]	
2025-01-23 19:57:25,150	[INFO]	==== SEARCH: GeneticProgrammingLLM ====
2025-01-23 19:57:25,150	[INFO]	~~~~ WARMUP ~~~~
2025-01-23 19:57:26,212	[DEBUG]	EXEC>  SUCCESS 20410613.25
2025-01-23 19:57:26,213	[INFO]	WARM    SUCCESS               20410613.25 (--) [0 edit(s)]  
2025-01-23 19:57:26,885	[DEBUG]	EXEC>  SUCCESS 20385822.25
2025-01-23 19:57:26,885	[INFO]	WARM    SUCCESS               20385822.25 (--) [0 edit(s)]  
2025-01-23 19:57:27,568	[DEBUG]	EXEC>  SUCCESS 20451457.75
2025-01-23 19:57:27,568	[INFO]	WARM    SUCCESS               20451457.75 (--) [0 edit(s)]  
2025-01-23 19:57:28,246	[DEBUG]	EXEC>  SUCCESS 20356581.625
2025-01-23 19:57:28,246	[INFO]	WARM    SUCCESS               20356581.62 (--) [0 edit(s)]  
2025-01-23 19:57:28,936	[DEBUG]	EXEC>  SUCCESS 20823315.1875
2025-01-23 19:57:28,936	[INFO]	WARM    SUCCESS               20823315.19 (--) [0 edit(s)]  
2025-01-23 19:57:28,936	[INFO]	REF     SUCCESS               20823315.19 (--) [0 edit(s)]  
2025-01-23 19:57:28,937	[INFO]	
2025-01-23 19:57:28,937	[INFO]	~~~~ START ~~~~
2025-01-23 19:58:12,233	[DEBUG]	EXEC>  SUCCESS 2433828.1875
2025-01-23 19:58:12,233	[INFO]	0-1     SUCCESS              *2433828.19 (11.69%) [1 edit(s)]  
2025-01-23 19:58:12,233	[DEBUG]	patch(0-1)="LineLLMMutation(('source.cpp', 0), '#include<iostream>\n#include<unordered_map>\nusing namespace std;\n\nclass Answer {\npublic:\n    Answer() { day = 10; year = 365; }\n    int N;\n    int day;\n    int year;\n    unordered_map<int, unsigned long long> memo;\n\n    unsigned long long count(int cnt);\n    void set();\n    void OutPut();\n    bool empty();\n    bool ans();\n};\n\nunsigned long long Answer::count(int cnt) {\n    if (cnt < 0) return 0;\n    if (cnt == 0) return 1;\n    if (memo.count(cnt)) return memo[cnt];\n\n    memo[cnt] = count(cnt - 1) + count(cnt - 2) + count(cnt - 3);\n    return memo[cnt];\n}\n\nvoid Answer::OutPut() {\n    if (N == 0) return;\n    int ans_ = 1;\n    ans_ += (count(N)) / (day * year);\n    cout << ans_ << endl;\n}\n\nvoid Answer::set() {\n    cin >> N;\n}\n\nbool Answer::empty() {\n    return N != 0;\n}\n\nbool Answer::ans() {\n    set();\n    OutPut();\n    return empty();\n}\n\nint main() {\n    Answer ans;\n    while (ans.ans());\n    return 0;\n}')"

2025-01-23 19:58:13,855	[DEBUG]	EXEC>  SUCCESS 2445844.1875
2025-01-23 19:58:13,856	[INFO]	0-2     SUCCESS               2445844.19 (11.75%) [1 edit(s)]  
2025-01-23 19:58:13,856	[DEBUG]	patch(0-2)="LineLLMMutation(('source.cpp', 1), '#include<iostream>\n#include<unordered_map>\nusing namespace std;\n\nclass Answer {\npublic:\n    Answer() { day = 10; year = 365; }\n    int N;\n    int day;\n    int year;\n    unordered_map<int, unsigned long long> memo;\n\n    unsigned long long count(int cnt);\n    void set();\n    void OutPut();\n    bool empty();\n    bool ans();\n};\n\nunsigned long long Answer::count(int cnt) {\n    if (cnt < 0) return 0;\n    if (cnt == 0) return 1;\n    if (memo.count(cnt)) return memo[cnt];\n\n    memo[cnt] = count(cnt - 1) + count(cnt - 2) + count(cnt - 3);\n    return memo[cnt];\n}\n\nvoid Answer::OutPut() {\n    if (N == 0) return;\n    int ans_ = 1;\n    ans_ += (count(N)) / (day * year);\n    printf("%d\\n", ans_);\n}\n\nvoid Answer::set() {\n    scanf("%d", &N);\n}\n\nbool Answer::empty() {\n    return N != 0;\n}\n\nbool Answer::ans() {\n    set();\n    OutPut();\n    return empty();\n}\n\nint main() {\n    Answer ans;\n    while (ans.ans());\n    return 0;\n}')"
2025-01-23 19:58:15,362	[DEBUG]	EXEC>  SUCCESS 2411828.3125
2025-01-23 19:58:15,363	[INFO]	0-3     SUCCESS              *2411828.31 (11.58%) [1 edit(s)]  
2025-01-23 19:58:15,363	[DEBUG]	patch(0-3)="LineLLMMutation(('source.cpp', 2), '#include<iostream>\nusing namespace std;\n\nclass Answer {\npublic:\n    Answer() { day = 10; year = 365; }\n    int N;\n    int day;\n    int year;\n\n    unsigned long long count(int cnt);\n    void set();\n    void OutPut();\n    bool empty();\n    bool ans();\n};\n\nunsigned long long Answer::count(int cnt) {\n    if (cnt < 0) return 0;\n    if (cnt == 0) return 1;\n\n    unsigned long long a = 1, b = 1, c = 2; // count(0), count(1), count(2)\n    for (int i = 3; i <= cnt; i++) {\n        unsigned long long temp = a + b + c;\n        a = b;\n        b = c;\n        c = temp;\n    }\n    return c;\n}\n\nvoid Answer::OutPut() {\n    if (N == 0) return;\n    int ans_ = 1;\n    ans_ += (count(N)) / (day * year);\n    cout << ans_ << endl;\n}\n\nvoid Answer::set() {\n    cin >> N;\n}\n\nbool Answer::empty() {\n    return N != 0;\n}\n\nbool Answer::ans() {\n    set();\n    OutPut();\n    return empty();\n}\n\nint main() {\n    Answer ans;\n    while (ans.ans());\n    return 0;\n}')"

2025-01-23 19:58:16,865	[DEBUG]	EXEC>  SUCCESS 2403204.75
2025-01-23 19:58:16,866	[INFO]	0-4     SUCCESS              *2403204.75 (11.54%) [1 edit(s)]  
2025-01-23 19:58:16,866	[DEBUG]	patch(0-4)="LineLLMMutation(('source.cpp', 3), '#include<iostream>\nusing namespace std;\n\nclass Answer {\npublic:\n    Answer() { day = 10; year = 365; }\n    int N;\n    int day;\n    int year;\n\n    unsigned long long count(int cnt);\n    void set();\n    void OutPut();\n    bool empty();\n    bool ans();\n};\n\nunsigned long long Answer::count(int cnt) {\n    if (cnt < 0) return 0;\n    if (cnt == 0) return 1;\n\n    unsigned long long a = 1, b = 1, c = 2;\n    for (int i = 3; i <= cnt; i++) {\n        unsigned long long temp = a + b + c;\n        a = b;\n        b = c;\n        c = temp;\n    }\n    return c;\n}\n\nvoid Answer::OutPut() {\n    if (N == 0) return;\n    int ans_ = 1;\n    ans_ += (count(N)) / (day * year);\n    printf("%d\\n", ans_);\n}\n\nvoid Answer::set() {\n    cin >> N;\n}\n\nbool Answer::empty() {\n    return N != 0;\n}\n\nbool Answer::ans() {\n    set();\n    OutPut();\n    return empty();\n}\n\nint main() {\n    Answer ans;\n    while (ans.ans());\n    return 0;\n}')"

2025-01-23 19:58:18,370	[DEBUG]	EXEC>  SUCCESS 2384279.125
2025-01-23 19:58:18,370	[INFO]	0-5     SUCCESS              *2384279.12 (11.45%) [1 edit(s)]  
2025-01-23 19:58:18,370	[DEBUG]	patch(0-5)="LineLLMMutation(('source.cpp', 4), '#include<iostream>\nusing namespace std;\n\nclass Answer {\npublic:\n    Answer() { day = 10; year = 365; }\n    int N;\n    int day;\n    int year;\n\n    unsigned long long count(int cnt);\n    void set();\n    void OutPut();\n    bool empty();\n    bool ans();\n};\n\nunsigned long long Answer::count(int cnt) {\n    if (cnt < 0) return 0;\n    if (cnt == 0) return 1;\n\n    unsigned long long a = 1, b = 1, c = 2;\n    for (int i = 3; i <= cnt; i++) {\n        unsigned long long temp = a + b + c;\n        a = b;\n        b = c;\n        c = temp;\n    }\n    return c;\n}\n\nvoid Answer::OutPut() {\n    if (N == 0) return;\n    int ans_ = 1;\n    ans_ += (count(N)) / (day * year);\n    printf("%d\\n", ans_);\n}\n\nvoid Answer::set() {\n    cin >> N;\n}\n\nbool Answer::empty() {\n    return N != 0;\n}\n\nbool Answer::ans() {\n    set();\n    OutPut();\n    return empty();\n}\n\nint main() {\n    Answer ans;\n    while (ans.ans());\n    return 0;\n}')"

2025-01-23 19:58:19,876	[DEBUG]	EXEC>  SUCCESS 2411851.0625
2025-01-23 19:58:19,877	[INFO]	0-6     SUCCESS               2411851.06 (11.58%) [1 edit(s)]  
2025-01-23 19:58:19,877	[DEBUG]	patch(0-6)="LineLLMMutation(('source.cpp', 5), '#include<iostream>\nusing namespace std;\n\nclass Answer {\npublic:\n    Answer() : day(10), year(365) {}\n    int N;\n    int day;\n    int year;\n\n    unsigned long long count(int cnt);\n    void set();\n    void OutPut();\n    bool empty();\n    bool ans();\n};\n\nunsigned long long Answer::count(int cnt) {\n    if (cnt < 0) return 0;\n    if (cnt == 0) return 1;\n\n    unsigned long long a = 1, b = 1, c = 2;\n    for (int i = 3; i <= cnt; i++) {\n        unsigned long long temp = a + b + c;\n        a = b;\n        b = c;\n        c = temp;\n    }\n    return c;\n}\n\nvoid Answer::OutPut() {\n    if (N == 0) return;\n    int ans_ = 1;\n    ans_ += (count(N)) / (day * year);\n    printf("%d\\n", ans_);\n}\n\nvoid Answer::set() {\n    cin >> N;\n}\n\nbool Answer::empty() {\n    return N != 0;\n}\n\nbool Answer::ans() {\n    set();\n    OutPut();\n    return empty();\n}\n\nint main() {\n    Answer ans;\n    while (ans.ans());\n    return 0;\n}')"
2025-01-23 19:58:21,441	[DEBUG]	EXEC>  SUCCESS 2415556.4375
2025-01-23 19:58:21,441	[INFO]	0-7     SUCCESS               2415556.44 (11.60%) [1 edit(s)]  
2025-01-23 19:58:21,441	[DEBUG]	patch(0-7)="LineLLMMutation(('source.cpp', 6), '#include <iostream>\n#include <vector>\nusing namespace std;\n\nclass Answer {\npublic:\n    Answer() : day(10), year(365) {}\n    int N;\n    int day;\n    int year;\n    vector<unsigned long long> memo;\n\n    unsigned long long count(int cnt);\n    void set();\n    void OutPut();\n    bool empty();\n    bool ans();\n};\n\nunsigned long long Answer::count(int cnt) {\n    if (cnt < 0) return 0;\n    if (cnt == 0) return 1;\n\n    if (memo.size() <= cnt) memo.resize(cnt + 1);\n    if (memo[cnt] != 0) return memo[cnt];\n\n    memo[cnt] = count(cnt - 1) + count(cnt - 2) + count(cnt - 3);\n    return memo[cnt];\n}\n\nvoid Answer::OutPut() {\n    if (N == 0) return;\n    int ans_ = 1;\n    ans_ += (count(N)) / (day * year);\n    printf("%d\\n", ans_);\n}\n\nvoid Answer::set() {\n    cin >> N;\n}\n\nbool Answer::empty() {\n    return N != 0;\n}\n\nbool Answer::ans() {\n    set();\n    OutPut();\n    return empty();\n}\n\nint main() {\n    Answer ans;\n    while (ans.ans());\n    return 0;\n}')"
2025-01-23 19:58:22,958	[DEBUG]	EXEC>  SUCCESS 2403682.1875
2025-01-23 19:58:22,958	[INFO]	0-8     SUCCESS               2403682.19 (11.54%) [1 edit(s)]  
2025-01-23 19:58:22,959	[DEBUG]	patch(0-8)="LineLLMMutation(('source.cpp', 7), '#include<iostream>\nusing namespace std;\n\nclass Answer {\npublic:\n    Answer() : day(10), year(365) {}\n    int N;\n    int day;\n    int year;\n    const int REC_CALLS = 3;\n\n    unsigned long long count(int cnt);\n    void set();\n    void OutPut();\n    bool empty();\n    bool ans();\n};\n\nunsigned long long Answer::count(int cnt) {\n    if (cnt < 0) return 0;\n    if (cnt == 0) return 1;\n\n    unsigned long long a = 1, b = 1, c = 2;\n    for (int i = REC_CALLS; i <= cnt; i++) {\n        unsigned long long temp = a + b + c;\n        a = b;\n        b = c;\n        c = temp;\n    }\n    return c;\n}\n\nvoid Answer::OutPut() {\n    if (N == 0) return;\n    int ans_ = 1;\n    ans_ += (count(N)) / (day * year);\n    printf("%d\\n", ans_);\n}\n\nvoid Answer::set() {\n    cin >> N;\n}\n\nbool Answer::empty() {\n    return N != 0;\n}\n\nbool Answer::ans() {\n    set();\n    OutPut();\n    return empty();\n}\n\nint main() {\n    Answer ans;\n    while (ans.ans());\n    return 0;\n}')"
2025-01-23 19:58:24,460	[DEBUG]	EXEC>  SUCCESS 2397185.75
2025-01-23 19:58:24,460	[INFO]	0-9     SUCCESS               2397185.75 (11.51%) [1 edit(s)]  
2025-01-23 19:58:24,460	[DEBUG]	patch(0-9)="LineLLMMutation(('source.cpp', 8), '#include<iostream>\nusing namespace std;\n\nclass Answer {\npublic:\n    Answer() : day(10), year(365) {}\n    int N;\n    int day;\n    int year;\n\n    unsigned long long count(int cnt);\n    void set();\n    void OutPut();\n    bool empty();\n    bool ans();\n};\n\nunsigned long long Answer::count(int cnt) {\n    if (cnt < 0) return 0;\n    if (cnt == 0) return 1;\n\n    unsigned long long a = 1, b = 1, c = 2;\n    for (int i = 3; i <= cnt; i++) {\n        unsigned long long temp = a + b + c;\n        a = b;\n        b = c;\n        c = temp;\n    }\n    return c;\n}\n\nvoid Answer::OutPut() {\n    if (N == 0) return;\n    printf("%d\\n", 1 + (count(N)) / (day * year));\n}\n\nvoid Answer::set() {\n    cin >> N;\n}\n\nbool Answer::empty() {\n    return N != 0;\n}\n\nbool Answer::ans() {\n    set();\n    OutPut();\n    return empty();\n}\n\nint main() {\n    Answer ans;\n    while (ans.ans());\n    return 0;\n}')"
2025-01-23 19:58:25,959	[DEBUG]	EXEC>  SUCCESS 2379740.625
2025-01-23 19:58:25,959	[INFO]	0-10    SUCCESS              *2379740.62 (11.43%) [1 edit(s)]  
2025-01-23 19:58:25,960	[DEBUG]	patch(0-10)="LineLLMMutation(('source.cpp', 9), '#include<iostream>\nusing namespace std;\n\nclass Answer {\npublic:\n    Answer() : day(10), year(365) {}\n    int N;\n    int day;\n    int year;\n\n    unsigned long long count(int cnt);\n    void set();\n    void OutPut();\n    bool ans();\n};\n\nunsigned long long Answer::count(int cnt) {\n    if (cnt < 0) return 0;\n    if (cnt == 0) return 1;\n\n    unsigned long long a = 1, b = 1, c = 2;\n    for (int i = 3; i <= cnt; i++) {\n        unsigned long long temp = a + b + c;\n        a = b;\n        b = c;\n        c = temp;\n    }\n    return c;\n}\n\nvoid Answer::OutPut() {\n    if (N == 0) return;\n    printf("%d\\n", 1 + (count(N)) / (day * year));\n}\n\nvoid Answer::set() {\n    cin >> N;\n}\n\nbool Answer::ans() {\n    set();\n    OutPut();\n    return N != 0;\n}\n\nint main() {\n    Answer ans;\n    while (ans.ans());\n    return 0;\n}')"

2025-01-23 19:58:26,960	[INFO]	Step: 10
2025-01-23 19:58:26,960	[INFO]	Stop Steps: 100
2025-01-23 19:58:28,644	[DEBUG]	EXEC>  SUCCESS 20722195.3125
2025-01-23 19:58:28,645	[INFO]	REF     SUCCESS               20722195.31 (--) [0 edit(s)]  
2025-01-23 19:58:28,645	[INFO]	Best patch: 9
2025-01-23 19:58:29,130	[DEBUG]	EXEC>  SUCCESS 2378982.375
2025-01-23 19:58:29,130	[INFO]	BEST    SUCCESS              *2378982.38 (11.48%) [0 edit(s)]  
2025-01-23 19:58:29,130	[INFO]	Best patch step: 9
2025-01-23 19:59:18,231	[INFO]	Step: 10
2025-01-23 19:59:18,231	[INFO]	Stop Steps: 100
2025-01-23 19:59:18,857	[DEBUG]	EXEC>  SUCCESS 2364527.6875
2025-01-23 19:59:18,858	[INFO]	1-1     SUCCESS              *2364527.69 (11.41%) [1 edit(s)]  
2025-01-23 19:59:18,858	[DEBUG]	patch(1-1)="LineLLMMutation(('source.cpp', 9), '#include<iostream>\nusing namespace std;\n\nclass Answer {\npublic:\n    Answer() : day(10), year(365) {}\n    int N;\n    int day;\n    int year;\n\n    unsigned long long count(int cnt);\n    void set();\n    void OutPut();\n    bool ans();\n};\n\nunsigned long long Answer::count(int cnt) {\n    if (cnt < 0) return 0;\n    if (cnt == 0) return 1;\n\n    unsigned long long a = 1, b = 1, c = 2;\n    for (int i = 3; i <= cnt; i++) {\n        unsigned long long temp = a + b + c;\n        a = b;\n        b = c;\n        c = temp;\n    }\n    return c;\n}\n\nvoid Answer::OutPut() {\n    if (N == 0) return;\n    printf("%d\\n", 1 + (count(N)) / (day * year));\n}\n\nvoid Answer::set() {\n    cin >> N;\n}\n\nbool Answer::ans() {\n    set();\n    OutPut();\n    return N != 0;\n}\n\nint main() {\n    Answer ans;\n    while (ans.ans());\n    return 0;\n}')"

2025-01-23 19:59:18,858	[INFO]	Step: 11
2025-01-23 19:59:18,858	[INFO]	Stop Steps: 100
2025-01-23 19:59:19,346	[DEBUG]	EXEC>  SUCCESS 2374966.25
2025-01-23 19:59:19,346	[INFO]	1-2     SUCCESS               2374966.25 (11.46%) [1 edit(s)]  
2025-01-23 19:59:19,346	[DEBUG]	patch(1-2)="LineLLMMutation(('source.cpp', 4), '#include<iostream>\nusing namespace std;\n\nclass Answer {\npublic:\n    Answer() { day = 10; year = 365; }\n    int N;\n    int day;\n    int year;\n\n    unsigned long long count(int cnt);\n    void set();\n    void OutPut();\n    bool empty();\n    bool ans();\n};\n\nunsigned long long Answer::count(int cnt) {\n    if (cnt < 0) return 0;\n    if (cnt == 0) return 1;\n\n    unsigned long long a = 1, b = 1, c = 2;\n    for (int i = 3; i <= cnt; i++) {\n        unsigned long long temp = a + b + c;\n        a = b;\n        b = c;\n        c = temp;\n    }\n    return c;\n}\n\nvoid Answer::OutPut() {\n    if (N == 0) return;\n    int ans_ = 1;\n    ans_ += (count(N)) / (day * year);\n    printf("%d\\n", ans_);\n}\n\nvoid Answer::set() {\n    cin >> N;\n}\n\nbool Answer::empty() {\n    return N != 0;\n}\n\nbool Answer::ans() {\n    set();\n    OutPut();\n    return empty();\n}\n\nint main() {\n    Answer ans;\n    while (ans.ans());\n    return 0;\n}')"
2025-01-23 19:59:19,346	[INFO]	Step: 12
2025-01-23 19:59:19,346	[INFO]	Stop Steps: 100
2025-01-23 19:59:19,831	[DEBUG]	EXEC>  SUCCESS 2368791.8125
2025-01-23 19:59:19,831	[INFO]	1-3     SUCCESS               2368791.81 (11.43%) [1 edit(s)]  
2025-01-23 19:59:19,831	[DEBUG]	patch(1-3)="LineLLMCrossover(('source.cpp', 0), '#include<iostream>\nusing namespace std;\n\nclass Answer {\npublic:\n    Answer() : day(10), year(365) {}\n    int N;\n    int day;\n    int year;\n\n    unsigned long long count(int cnt);\n    void set();\n    void OutPut();\n    bool empty();\n    bool ans();\n};\n\nunsigned long long Answer::count(int cnt) {\n    if (cnt < 0) return 0;\n    if (cnt == 0) return 1;\n\n    unsigned long long a = 1, b = 1, c = 2;\n    for (int i = 3; i <= cnt; i++) {\n        unsigned long long temp = a + b + c;\n        a = b;\n        b = c;\n        c = temp;\n    }\n    return c;\n}\n\nvoid Answer::OutPut() {\n    if (N == 0) return;\n    printf("%d\\n", 1 + (count(N)) / (day * year));\n}\n\nvoid Answer::set() {\n    cin >> N;\n}\n\nbool Answer::empty() {\n    return N != 0;\n}\n\nbool Answer::ans() {\n    set();\n    OutPut();\n    return empty();\n}\n\nint main() {\n    Answer ans;\n    while (ans.ans());\n    return 0;\n}')"
2025-01-23 19:59:19,831	[INFO]	Step: 13
2025-01-23 19:59:19,831	[INFO]	Stop Steps: 100
2025-01-23 19:59:20,322	[DEBUG]	EXEC>  SUCCESS 2383598.0625
2025-01-23 19:59:20,322	[INFO]	1-4     SUCCESS               2383598.06 (11.50%) [1 edit(s)]  
2025-01-23 19:59:20,322	[DEBUG]	patch(1-4)="LineLLMCrossover(('source.cpp', 1), '#include<iostream>\nusing namespace std;\n\nclass Answer {\npublic:\n    Answer() { day = 10; year = 365; }\n    int N;\n    int day;\n    int year;\n\n    unsigned long long count(int cnt);\n    void set();\n    void OutPut();\n    bool empty();\n    bool ans();\n};\n\nunsigned long long Answer::count(int cnt) {\n    if (cnt < 0) return 0;\n    if (cnt == 0) return 1;\n\n    unsigned long long a = 1, b = 1, c = 2;\n    for (int i = 3; i <= cnt; i++) {\n        unsigned long long temp = a + b + c;\n        a = b;\n        b = c;\n        c = temp;\n    }\n    return c;\n}\n\nvoid Answer::OutPut() {\n    if (N == 0) return;\n    int ans_ = 1;\n    ans_ += (count(N)) / (day * year);\n    printf("%d\\n", ans_);\n}\n\nvoid Answer::set() {\n    cin >> N;\n}\n\nbool Answer::empty() {\n    return N != 0;\n}\n\nbool Answer::ans() {\n    set();\n    OutPut();\n    return empty();\n}\n\nint main() {\n    Answer ans;\n    while (ans.ans());\n    return 0;\n}')"
2025-01-23 19:59:20,322	[INFO]	Step: 14
2025-01-23 19:59:20,322	[INFO]	Stop Steps: 100
2025-01-23 19:59:20,823	[DEBUG]	EXEC>  SUCCESS 2390215.375
2025-01-23 19:59:20,823	[INFO]	1-5     SUCCESS               2390215.38 (11.53%) [1 edit(s)]  
2025-01-23 19:59:20,823	[DEBUG]	patch(1-5)="LineLLMCrossover(('source.cpp', 2), '#include<iostream>\nusing namespace std;\n\nclass Answer {\npublic:\n    Answer() : day(10), year(365) {}\n    int N;\n    int day;\n    int year;\n\n    unsigned long long count(int cnt);\n    void set();\n    void OutPut();\n    bool empty();\n    bool ans();\n};\n\nunsigned long long Answer::count(int cnt) {\n    if (cnt < 0) return 0;\n    if (cnt == 0) return 1;\n\n    unsigned long long a = 1, b = 1, c = 2;\n    for (int i = 3; i <= cnt; i++) {\n        unsigned long long temp = a + b + c;\n        a = b;\n        b = c;\n        c = temp;\n    }\n    return c;\n}\n\nvoid Answer::OutPut() {\n    if (N == 0) return;\n    printf("%d\\n", 1 + (count(N)) / (day * year));\n}\n\nvoid Answer::set() {\n    cin >> N;\n}\n\nbool Answer::empty() {\n    return N != 0;\n}\n\nbool Answer::ans() {\n    set();\n    OutPut();\n    return empty();\n}\n\nint main() {\n    Answer ans;\n    while (ans.ans());\n    return 0;\n}')"
2025-01-23 19:59:20,823	[INFO]	Step: 15
2025-01-23 19:59:20,823	[INFO]	Stop Steps: 100
2025-01-23 19:59:21,312	[DEBUG]	EXEC>  SUCCESS 2387321.8125
2025-01-23 19:59:21,312	[INFO]	1-6     SUCCESS               2387321.81 (11.52%) [1 edit(s)]  
2025-01-23 19:59:21,313	[DEBUG]	patch(1-6)="LineLLMCrossover(('source.cpp', 3), '#include<iostream>\nusing namespace std;\n\nclass Answer {\npublic:\n    Answer() { day = 10; year = 365; }\n    int N;\n    int day;\n    int year;\n\n    unsigned long long count(int cnt);\n    void set();\n    void OutPut();\n    bool empty();\n    bool ans();\n};\n\nunsigned long long Answer::count(int cnt) {\n    if (cnt < 0) return 0;\n    if (cnt == 0) return 1;\n\n    unsigned long long a = 1, b = 1, c = 2;\n    for (int i = 3; i <= cnt; i++) {\n        unsigned long long temp = a + b + c;\n        a = b;\n        b = c;\n        c = temp;\n    }\n    return c;\n}\n\nvoid Answer::OutPut() {\n    if (N == 0) return;\n    int ans_ = 1;\n    ans_ += (count(N)) / (day * year);\n    printf("%d\\n", ans_);\n}\n\nvoid Answer::set() {\n    cin >> N;\n}\n\nbool Answer::empty() {\n    return N != 0;\n}\n\nbool Answer::ans() {\n    set();\n    OutPut();\n    return empty();\n}\n\nint main() {\n    Answer ans;\n    while (ans.ans());\n    return 0;\n}')"
2025-01-23 19:59:21,313	[INFO]	Step: 16
2025-01-23 19:59:21,313	[INFO]	Stop Steps: 100
2025-01-23 19:59:21,649	[INFO]	1-7     TEST_CODE_ERROR       None (--) [2 edit(s)]  
2025-01-23 19:59:21,649	[DEBUG]	patch(1-7)="LineLLMMutation(('source.cpp', 9), '#include<iostream>\nusing namespace std;\n\nclass Answer {\npublic:\n    Answer() : day(10), year(365) {}\n    int N;\n    int day;\n    int year;\n\n    unsigned long long count(int cnt);\n    void set();\n    void OutPut();\n    bool ans();\n};\n\nunsigned long long Answer::count(int cnt) {\n    if (cnt < 0) return 0;\n    if (cnt == 0) return 1;\n\n    unsigned long long a = 1, b = 1, c = 2;\n    for (int i = 3; i <= cnt; i++) {\n        unsigned long long temp = a + b + c;\n        a = b;\n        b = c;\n        c = temp;\n    }\n    return c;\n}\n\nvoid Answer::OutPut() {\n    if (N == 0) return;\n    printf("%d\\n", 1 + (count(N)) / (day * year));\n}\n\nvoid Answer::set() {\n    cin >> N;\n}\n\nbool Answer::ans() {\n    set();\n    OutPut();\n    return N != 0;\n}\n\nint main() {\n    Answer ans;\n    while (ans.ans());\n    return 0;\n}') | LineLLMMutation(('source.cpp', 10), '#include <iostream>\nusing namespace std;\n\nclass Answer {\npublic:\n    Answer() : day(10), year(365) {}\n    int N;\n    int day;\n    int year;\n\n    unsigned long long count(int cnt);\n    void set();\n    void OutPut();\n    bool ans();\n};\n\nunsigned long long Answer::count(int cnt) {\n    if (cnt < 0) return 0;\n    if (cnt == 0) return 1;\n\n    unsigned long long seq[3] = {1, 1, 2}; // Use an array to store the last three values\n    for (int i = 3; i <= cnt; i++) {\n        seq[i % 3] = seq[0] + seq[1] + seq[2]; // Update the current value using modulo\n        seq[0] = seq[1];\n        seq[1] = seq[2];\n    }\n    return seq[cnt % 3]; // Return the last computed value\n}\n\nvoid Answer::OutPut() {\n    if (N == 0) return;\n    printf("%d\\n", 1 + (count(N)) / (day * year));\n}\n\nvoid Answer::set() {\n    cin >> N;\n}\n\nbool Answer::ans() {\n    set();\n    OutPut();\n    return N != 0;\n}\n\nint main() {\n    Answer ans;\n    while (ans.ans());\n    return 0;\n}')"
2025-01-23 19:59:21,649	[INFO]	Step: 17
2025-01-23 19:59:21,649	[INFO]	Stop Steps: 100
2025-01-23 19:59:22,148	[DEBUG]	EXEC>  SUCCESS 2392073.875
2025-01-23 19:59:22,148	[INFO]	1-8     SUCCESS               2392073.88 (11.54%) [2 edit(s)]  
2025-01-23 19:59:22,148	[DEBUG]	patch(1-8)="LineLLMMutation(('source.cpp', 4), '#include<iostream>\nusing namespace std;\n\nclass Answer {\npublic:\n    Answer() { day = 10; year = 365; }\n    int N;\n    int day;\n    int year;\n\n    unsigned long long count(int cnt);\n    void set();\n    void OutPut();\n    bool empty();\n    bool ans();\n};\n\nunsigned long long Answer::count(int cnt) {\n    if (cnt < 0) return 0;\n    if (cnt == 0) return 1;\n\n    unsigned long long a = 1, b = 1, c = 2;\n    for (int i = 3; i <= cnt; i++) {\n        unsigned long long temp = a + b + c;\n        a = b;\n        b = c;\n        c = temp;\n    }\n    return c;\n}\n\nvoid Answer::OutPut() {\n    if (N == 0) return;\n    int ans_ = 1;\n    ans_ += (count(N)) / (day * year);\n    printf("%d\\n", ans_);\n}\n\nvoid Answer::set() {\n    cin >> N;\n}\n\nbool Answer::empty() {\n    return N != 0;\n}\n\nbool Answer::ans() {\n    set();\n    OutPut();\n    return empty();\n}\n\nint main() {\n    Answer ans;\n    while (ans.ans());\n    return 0;\n}') | LineLLMMutation(('source.cpp', 11), '#include<iostream>\nusing namespace std;\n\nclass Answer {\npublic:\n    Answer() { day = 10; year = 365; }\n    int N;\n    int day;\n    int year;\n\n    unsigned long long count(int cnt);\n    void set();\n    void OutPut();\n    bool empty();\n    bool ans();\n};\n\nunsigned long long Answer::count(int cnt) {\n    if (cnt < 0) return 0;\n    if (cnt == 0) return 1;\n\n    unsigned long long a = 1, b = 1, c = 2;\n    if (cnt == 1) return b;\n    if (cnt == 2) return c;\n\n    for (int i = 3; i <= cnt; i++) {\n        unsigned long long temp = a + b + c;\n        a = b;\n        b = c;\n        c = temp;\n    }\n    return c;\n}\n\nvoid Answer::OutPut() {\n    if (N == 0) return;\n    int ans_ = 1;\n    ans_ += (count(N)) / (day * year);\n    printf("%d\\n", ans_);\n}\n\nvoid Answer::set() {\n    cin >> N;\n}\n\nbool Answer::empty() {\n    return N != 0;\n}\n\nbool Answer::ans() {\n    set();\n    OutPut();\n    return empty();\n}\n\nint main() {\n    Answer ans;\n    while (ans.ans());\n    return 0;\n}')"
2025-01-23 19:59:22,148	[INFO]	Step: 18
2025-01-23 19:59:22,148	[INFO]	Stop Steps: 100
2025-01-23 19:59:22,636	[DEBUG]	EXEC>  SUCCESS 2412756.5625
2025-01-23 19:59:22,637	[INFO]	1-9     SUCCESS               2412756.56 (11.64%) [2 edit(s)]  
2025-01-23 19:59:22,637	[DEBUG]	patch(1-9)="LineLLMMutation(('source.cpp', 8), '#include<iostream>\nusing namespace std;\n\nclass Answer {\npublic:\n    Answer() : day(10), year(365) {}\n    int N;\n    int day;\n    int year;\n\n    unsigned long long count(int cnt);\n    void set();\n    void OutPut();\n    bool empty();\n    bool ans();\n};\n\nunsigned long long Answer::count(int cnt) {\n    if (cnt < 0) return 0;\n    if (cnt == 0) return 1;\n\n    unsigned long long a = 1, b = 1, c = 2;\n    for (int i = 3; i <= cnt; i++) {\n        unsigned long long temp = a + b + c;\n        a = b;\n        b = c;\n        c = temp;\n    }\n    return c;\n}\n\nvoid Answer::OutPut() {\n    if (N == 0) return;\n    printf("%d\\n", 1 + (count(N)) / (day * year));\n}\n\nvoid Answer::set() {\n    cin >> N;\n}\n\nbool Answer::empty() {\n    return N != 0;\n}\n\nbool Answer::ans() {\n    set();\n    OutPut();\n    return empty();\n}\n\nint main() {\n    Answer ans;\n    while (ans.ans());\n    return 0;\n}') | LineLLMMutation(('source.cpp', 12), '#include<iostream>\nusing namespace std;\n\nclass Answer {\npublic:\n    Answer() : day(10), year(365) {}\n    int N;\n    int day;\n    int year;\n\n    unsigned long long count(int cnt);\n    void set();\n    void OutPut();\n    bool empty();\n    bool ans();\n};\n\nunsigned long long Answer::count(int cnt) {\n    if (cnt <= 1) return cnt == 0 ? 1 : 1; // Handle base cases directly\n\n    unsigned long long a = 1, b = 1, c = 2; // Initialize only what is necessary\n    for (int i = 3; i <= cnt; i++) {\n        unsigned long long temp = a + b + c; // Calculate the next number directly\n        a = b;  // Shift the values\n        b = c;\n        c = temp;\n    }\n    return c; // Return the result directly\n}\n\nvoid Answer::OutPut() {\n    if (N == 0) return;\n    printf("%d\\n", 1 + (count(N)) / (day * year));\n}\n\nvoid Answer::set() {\n    cin >> N;\n}\n\nbool Answer::empty() {\n    return N != 0;\n}\n\nbool Answer::ans() {\n    set();\n    OutPut();\n    return empty();\n}\n\nint main() {\n    Answer ans;\n    while (ans.ans());\n    return 0;\n}')"
2025-01-23 19:59:22,637	[INFO]	Step: 19
2025-01-23 19:59:22,637	[INFO]	Stop Steps: 100
2025-01-23 19:59:23,135	[DEBUG]	EXEC>  SUCCESS 2359122.6875
2025-01-23 19:59:23,135	[INFO]	1-10    SUCCESS              *2359122.69 (11.38%) [2 edit(s)]  
2025-01-23 19:59:23,135	[DEBUG]	patch(1-10)="LineLLMMutation(('source.cpp', 3), '#include<iostream>\nusing namespace std;\n\nclass Answer {\npublic:\n    Answer() { day = 10; year = 365; }\n    int N;\n    int day;\n    int year;\n\n    unsigned long long count(int cnt);\n    void set();\n    void OutPut();\n    bool empty();\n    bool ans();\n};\n\nunsigned long long Answer::count(int cnt) {\n    if (cnt < 0) return 0;\n    if (cnt == 0) return 1;\n\n    unsigned long long a = 1, b = 1, c = 2;\n    for (int i = 3; i <= cnt; i++) {\n        unsigned long long temp = a + b + c;\n        a = b;\n        b = c;\n        c = temp;\n    }\n    return c;\n}\n\nvoid Answer::OutPut() {\n    if (N == 0) return;\n    int ans_ = 1;\n    ans_ += (count(N)) / (day * year);\n    printf("%d\\n", ans_);\n}\n\nvoid Answer::set() {\n    cin >> N;\n}\n\nbool Answer::empty() {\n    return N != 0;\n}\n\nbool Answer::ans() {\n    set();\n    OutPut();\n    return empty();\n}\n\nint main() {\n    Answer ans;\n    while (ans.ans());\n    return 0;\n}') | LineLLMMutation(('source.cpp', 13), '#include<iostream>\nusing namespace std;\n\nclass Answer {\npublic:\n    Answer() { day = 10; year = 365; }\n    int N;\n    int day;\n    int year;\n\n    unsigned long long count(int cnt);\n    void set();\n    void OutPut();\n    bool empty();\n    bool ans();\n};\n\nunsigned long long Answer::count(int cnt) {\n    if (cnt <= 1) return cnt + 1; // Optimize base cases\n    unsigned long long a = 1, b = 1, c = 2; // Initial values for the sequence\n    for (int i = 3; i <= cnt; i++) {\n        unsigned long long temp = a + b + c; // Calculate next in the sequence\n        a = b; // Shift values for next iteration\n        b = c;\n        c = temp; // Update c to the new value\n    }\n    return c; // Return the final value\n}\n\nvoid Answer::OutPut() {\n    if (N == 0) return;\n    int ans_ = 1;\n    ans_ += (count(N)) / (day * year);\n    printf("%d\\n", ans_);\n}\n\nvoid Answer::set() {\n    cin >> N;\n}\n\nbool Answer::empty() {\n    return N != 0;\n}\n\nbool Answer::ans() {\n    set();\n    OutPut();\n    return empty();\n}\n\nint main() {\n    Answer ans;\n    while (ans.ans());\n    return 0;\n}')"

2025-01-23 19:59:23,135	[INFO]	Step: 20
2025-01-23 19:59:23,136	[INFO]	Stop Steps: 100
2025-01-23 19:59:24,822	[DEBUG]	EXEC>  SUCCESS 20451996.0
2025-01-23 19:59:24,822	[INFO]	REF     SUCCESS               20451996.00 (--) [0 edit(s)]  
2025-01-23 19:59:24,822	[INFO]	Best patch: 3_13
2025-01-23 19:59:25,306	[DEBUG]	EXEC>  SUCCESS 2373355.0
2025-01-23 19:59:25,307	[INFO]	BEST    SUCCESS              *2373355.00 (11.60%) [0 edit(s)]  
2025-01-23 19:59:25,307	[INFO]	Best patch step: 19
2025-01-23 20:00:22,696	[INFO]	Step: 20
2025-01-23 20:00:22,696	[INFO]	Stop Steps: 100
2025-01-23 20:00:23,318	[DEBUG]	EXEC>  SUCCESS 2399997.5
2025-01-23 20:00:23,318	[INFO]	2-1     SUCCESS              +2399997.50 (11.73%) [2 edit(s)]  
2025-01-23 20:00:23,318	[DEBUG]	patch(2-1)="LineLLMMutation(('source.cpp', 3), '#include<iostream>\nusing namespace std;\n\nclass Answer {\npublic:\n    Answer() { day = 10; year = 365; }\n    int N;\n    int day;\n    int year;\n\n    unsigned long long count(int cnt);\n    void set();\n    void OutPut();\n    bool empty();\n    bool ans();\n};\n\nunsigned long long Answer::count(int cnt) {\n    if (cnt < 0) return 0;\n    if (cnt == 0) return 1;\n\n    unsigned long long a = 1, b = 1, c = 2;\n    for (int i = 3; i <= cnt; i++) {\n        unsigned long long temp = a + b + c;\n        a = b;\n        b = c;\n        c = temp;\n    }\n    return c;\n}\n\nvoid Answer::OutPut() {\n    if (N == 0) return;\n    int ans_ = 1;\n    ans_ += (count(N)) / (day * year);\n    printf("%d\\n", ans_);\n}\n\nvoid Answer::set() {\n    cin >> N;\n}\n\nbool Answer::empty() {\n    return N != 0;\n}\n\nbool Answer::ans() {\n    set();\n    OutPut();\n    return empty();\n}\n\nint main() {\n    Answer ans;\n    while (ans.ans());\n    return 0;\n}') | LineLLMMutation(('source.cpp', 13), '#include<iostream>\nusing namespace std;\n\nclass Answer {\npublic:\n    Answer() { day = 10; year = 365; }\n    int N;\n    int day;\n    int year;\n\n    unsigned long long count(int cnt);\n    void set();\n    void OutPut();\n    bool empty();\n    bool ans();\n};\n\nunsigned long long Answer::count(int cnt) {\n    if (cnt <= 1) return cnt + 1; // Optimize base cases\n    unsigned long long a = 1, b = 1, c = 2; // Initial values for the sequence\n    for (int i = 3; i <= cnt; i++) {\n        unsigned long long temp = a + b + c; // Calculate next in the sequence\n        a = b; // Shift values for next iteration\n        b = c;\n        c = temp; // Update c to the new value\n    }\n    return c; // Return the final value\n}\n\nvoid Answer::OutPut() {\n    if (N == 0) return;\n    int ans_ = 1;\n    ans_ += (count(N)) / (day * year);\n    printf("%d\\n", ans_);\n}\n\nvoid Answer::set() {\n    cin >> N;\n}\n\nbool Answer::empty() {\n    return N != 0;\n}\n\nbool Answer::ans() {\n    set();\n    OutPut();\n    return empty();\n}\n\nint main() {\n    Answer ans;\n    while (ans.ans());\n    return 0;\n}')"
2025-01-23 20:00:23,318	[INFO]	Step: 21
2025-01-23 20:00:23,318	[INFO]	Stop Steps: 100
2025-01-23 20:00:23,821	[DEBUG]	EXEC>  SUCCESS 2511246.5
2025-01-23 20:00:23,821	[INFO]	2-2     SUCCESS               2511246.50 (12.28%) [1 edit(s)]  
2025-01-23 20:00:23,821	[DEBUG]	patch(2-2)="LineLLMMutation(('source.cpp', 9), '#include<iostream>\nusing namespace std;\n\nclass Answer {\npublic:\n    Answer() : day(10), year(365) {}\n    int N;\n    int day;\n    int year;\n\n    unsigned long long count(int cnt);\n    void set();\n    void OutPut();\n    bool ans();\n};\n\nunsigned long long Answer::count(int cnt) {\n    if (cnt < 0) return 0;\n    if (cnt == 0) return 1;\n\n    unsigned long long a = 1, b = 1, c = 2;\n    for (int i = 3; i <= cnt; i++) {\n        unsigned long long temp = a + b + c;\n        a = b;\n        b = c;\n        c = temp;\n    }\n    return c;\n}\n\nvoid Answer::OutPut() {\n    if (N == 0) return;\n    printf("%d\\n", 1 + (count(N)) / (day * year));\n}\n\nvoid Answer::set() {\n    cin >> N;\n}\n\nbool Answer::ans() {\n    set();\n    OutPut();\n    return N != 0;\n}\n\nint main() {\n    Answer ans;\n    while (ans.ans());\n    return 0;\n}')"
2025-01-23 20:00:23,821	[INFO]	Step: 22
2025-01-23 20:00:23,821	[INFO]	Stop Steps: 100
2025-01-23 20:00:24,322	[DEBUG]	EXEC>  SUCCESS 2429381.625
2025-01-23 20:00:24,322	[INFO]	2-3     SUCCESS               2429381.62 (11.88%) [1 edit(s)]  
2025-01-23 20:00:24,322	[DEBUG]	patch(2-3)="LineLLMCrossover(('source.cpp', 4), '#include<iostream>\nusing namespace std;\n\nclass Answer {\npublic:\n    Answer() : day(10), year(365) {}  // Using the constructor from Parent 2\n    int N;\n    int day;\n    int year;\n\n    unsigned long long count(int cnt);\n    void set();\n    void OutPut();\n    bool empty();\n    bool ans();\n};\n\nunsigned long long Answer::count(int cnt) {\n    if (cnt <= 1) return cnt + 1;  // Optimize base cases from Parent 1\n    unsigned long long a = 1, b = 1, c = 2;\n    for (int i = 3; i <= cnt; i++) {\n        unsigned long long temp = a + b + c;\n        a = b;\n        b = c;\n        c = temp;\n    }\n    return c;\n}\n\nvoid Answer::OutPut() {\n    if (N == 0) return;\n    printf("%d\\n", 1 + (count(N)) / (day * year));  // Using output method from Parent 2\n}\n\nvoid Answer::set() {\n    cin >> N;  // Common method to set N\n}\n\nbool Answer::empty() {\n    return N != 0;\n}\n\nbool Answer::ans() {\n    set();\n    OutPut();\n    return empty();\n}\n\nint main() {\n    Answer ans;\n    while (ans.ans());\n    return 0;\n}')"
2025-01-23 20:00:24,322	[INFO]	Step: 23
2025-01-23 20:00:24,322	[INFO]	Stop Steps: 100
2025-01-23 20:00:24,826	[DEBUG]	EXEC>  SUCCESS 2481341.375
2025-01-23 20:00:24,826	[INFO]	2-4     SUCCESS               2481341.38 (12.13%) [1 edit(s)]  
2025-01-23 20:00:24,826	[DEBUG]	patch(2-4)="LineLLMCrossover(('source.cpp', 5), '#include<iostream>\nusing namespace std;\n\nclass Answer {\npublic:\n    Answer() : day(10), year(365) {}  // Constructor from Parent 2\n    int N;\n    int day;\n    int year;\n\n    unsigned long long count(int cnt);\n    void set();\n    void OutPut();\n    bool empty();\n    bool ans();\n};\n\nunsigned long long Answer::count(int cnt) {\n    if (cnt < 0) return 0;  // Error handling from Parent 3\n    if (cnt == 0) return 1;\n\n    unsigned long long a = 1, b = 1, c = 2;\n    for (int i = 3; i <= cnt; i++) {\n        unsigned long long temp = a + b + c;\n        a = b;\n        b = c;\n        c = temp;\n    }\n    return c;\n}\n\nvoid Answer::OutPut() {\n    if (N == 0) return;\n    printf("%d\\n", 1 + (count(N)) / (day * year));\n}\n\nvoid Answer::set() {\n    cin >> N;  // Shared method\n}\n\nbool Answer::empty() {\n    return N != 0;\n}\n\nbool Answer::ans() {\n    set();\n    OutPut();\n    return empty();\n}\n\nint main() {\n    Answer ans;\n    while (ans.ans());\n    return 0;\n}')"
2025-01-23 20:00:24,826	[INFO]	Step: 24
2025-01-23 20:00:24,826	[INFO]	Stop Steps: 100
2025-01-23 20:00:25,330	[DEBUG]	EXEC>  SUCCESS 2410459.1875
2025-01-23 20:00:25,330	[INFO]	2-5     SUCCESS               2410459.19 (11.79%) [1 edit(s)]  
2025-01-23 20:00:25,330	[DEBUG]	patch(2-5)="LineLLMCrossover(('source.cpp', 6), '#include<iostream>\nusing namespace std;\n\nclass Answer {\npublic:\n    Answer() { day = 10; year = 365; }  // Constructor from Parent 1\n    int N;\n    int day;\n    int year;\n\n    unsigned long long count(int cnt);\n    void set();\n    void OutPut();\n    bool empty();\n    bool ans();\n};\n\nunsigned long long Answer::count(int cnt) {\n    if (cnt < 0) return 0;  // Error handling from Parent 3\n    if (cnt <= 1) return cnt + 1;  // Optimization from Parent 1\n\n    unsigned long long a = 1, b = 1, c = 2;\n    for (int i = 3; i <= cnt; i++) {\n        unsigned long long temp = a + b + c;\n        a = b;\n        b = c;\n        c = temp;\n    }\n    return c;\n}\n\nvoid Answer::OutPut() {\n    if (N == 0) return;\n    printf("%d\\n", 1 + (count(N)) / (day * year));\n}\n\nvoid Answer::set() {\n    cin >> N;  // Shared method\n}\n\nbool Answer::empty() {\n    return N != 0;\n}\n\nbool Answer::ans() {\n    set();\n    OutPut();\n    return empty();\n}\n\nint main() {\n    Answer ans;\n    while (ans.ans());\n    return 0;\n}')"
2025-01-23 20:00:25,330	[INFO]	Step: 25
2025-01-23 20:00:25,330	[INFO]	Stop Steps: 100
2025-01-23 20:00:25,826	[DEBUG]	EXEC>  SUCCESS 2377249.3125
2025-01-23 20:00:25,826	[INFO]	2-6     SUCCESS              +2377249.31 (11.62%) [1 edit(s)]  
2025-01-23 20:00:25,826	[DEBUG]	patch(2-6)="LineLLMCrossover(('source.cpp', 7), '#include<iostream>\nusing namespace std;\n\nclass Answer {\npublic:\n    Answer() : day(10), year(365) {}  // Constructor from Parent 2\n    int N;\n    int day;\n    int year;\n\n    unsigned long long count(int cnt);\n    void set();\n    void OutPut();\n    bool empty();\n    bool ans();\n};\n\nunsigned long long Answer::count(int cnt) {\n    if (cnt < 0) return 0;  // Error handling from Parent 3\n    if (cnt <= 1) return cnt + 1;  // Optimized base case from Parent 1\n\n    unsigned long long a = 1, b = 1, c = 2;\n    for (int i = 3; i <= cnt; i++) {\n        unsigned long long temp = a + b + c;\n        a = b;\n        b = c;\n        c = temp;\n    }\n    return c;\n}\n\nvoid Answer::OutPut() {\n    if (N == 0) return;\n    printf("%d\\n", 1 + (count(N)) / (day * year));  // Improved output\n}\n\nvoid Answer::set() {\n    cin >> N;  // Shared method\n}\n\nbool Answer::empty() {\n    return N != 0;\n}\n\nbool Answer::ans() {\n    set();\n    OutPut();\n    return empty();\n}\n\nint main() {\n    Answer ans;\n    while (ans.ans());\n    return 0;\n}')"
2025-01-23 20:00:25,826	[INFO]	Step: 26
2025-01-23 20:00:25,826	[INFO]	Stop Steps: 100
2025-01-23 20:00:26,332	[DEBUG]	EXEC>  SUCCESS 2438913.75
2025-01-23 20:00:26,332	[INFO]	2-7     SUCCESS               2438913.75 (11.93%) [3 edit(s)]  
2025-01-23 20:00:26,332	[DEBUG]	patch(2-7)="LineLLMMutation(('source.cpp', 3), '#include<iostream>\nusing namespace std;\n\nclass Answer {\npublic:\n    Answer() { day = 10; year = 365; }\n    int N;\n    int day;\n    int year;\n\n    unsigned long long count(int cnt);\n    void set();\n    void OutPut();\n    bool empty();\n    bool ans();\n};\n\nunsigned long long Answer::count(int cnt) {\n    if (cnt < 0) return 0;\n    if (cnt == 0) return 1;\n\n    unsigned long long a = 1, b = 1, c = 2;\n    for (int i = 3; i <= cnt; i++) {\n        unsigned long long temp = a + b + c;\n        a = b;\n        b = c;\n        c = temp;\n    }\n    return c;\n}\n\nvoid Answer::OutPut() {\n    if (N == 0) return;\n    int ans_ = 1;\n    ans_ += (count(N)) / (day * year);\n    printf("%d\\n", ans_);\n}\n\nvoid Answer::set() {\n    cin >> N;\n}\n\nbool Answer::empty() {\n    return N != 0;\n}\n\nbool Answer::ans() {\n    set();\n    OutPut();\n    return empty();\n}\n\nint main() {\n    Answer ans;\n    while (ans.ans());\n    return 0;\n}') | LineLLMMutation(('source.cpp', 13), '#include<iostream>\nusing namespace std;\n\nclass Answer {\npublic:\n    Answer() { day = 10; year = 365; }\n    int N;\n    int day;\n    int year;\n\n    unsigned long long count(int cnt);\n    void set();\n    void OutPut();\n    bool empty();\n    bool ans();\n};\n\nunsigned long long Answer::count(int cnt) {\n    if (cnt <= 1) return cnt + 1; // Optimize base cases\n    unsigned long long a = 1, b = 1, c = 2; // Initial values for the sequence\n    for (int i = 3; i <= cnt; i++) {\n        unsigned long long temp = a + b + c; // Calculate next in the sequence\n        a = b; // Shift values for next iteration\n        b = c;\n        c = temp; // Update c to the new value\n    }\n    return c; // Return the final value\n}\n\nvoid Answer::OutPut() {\n    if (N == 0) return;\n    int ans_ = 1;\n    ans_ += (count(N)) / (day * year);\n    printf("%d\\n", ans_);\n}\n\nvoid Answer::set() {\n    cin >> N;\n}\n\nbool Answer::empty() {\n    return N != 0;\n}\n\nbool Answer::ans() {\n    set();\n    OutPut();\n    return empty();\n}\n\nint main() {\n    Answer ans;\n    while (ans.ans());\n    return 0;\n}') | LineLLMMutation(('source.cpp', 14), '#include <iostream>\nusing namespace std;\n\nclass Answer {\npublic:\n    Answer() { day = 10; year = 365; }\n    int N;\n    int day;\n    int year;\n\n    unsigned long long count(int cnt);\n    void set();\n    void OutPut();\n    bool empty();\n    bool ans();\n};\n\nunsigned long long Answer::count(int cnt) {\n    if (cnt <= 1) return cnt + 1; // Optimize base cases\n    unsigned long long a = 1, b = 1, c = 2; // Initial values for the sequence\n\n    // Optimize the loop by using a single variable to hold the current value\n    for (int i = 3; i <= cnt; i++) {\n        // Calculate the next value directly\n        unsigned long long next = a + b + c;\n        a = b; \n        b = c;\n        c = next; // Update c to the new value\n    }\n    return c; // Return the final value\n}\n\nvoid Answer::OutPut() {\n    if (N == 0) return;\n    int ans_ = 1;\n    ans_ += (count(N)) / (day * year);\n    printf("%d\\n", ans_);\n}\n\nvoid Answer::set() {\n    cin >> N;\n}\n\nbool Answer::empty() {\n    return N != 0;\n}\n\nbool Answer::ans() {\n    set();\n    OutPut();\n    return empty();\n}\n\nint main() {\n    Answer ans;\n    while (ans.ans());\n    return 0;\n}')"
2025-01-23 20:00:26,332	[INFO]	Step: 27
2025-01-23 20:00:26,332	[INFO]	Stop Steps: 100
2025-01-23 20:00:26,856	[DEBUG]	EXEC>  SUCCESS 2390695.9375
2025-01-23 20:00:26,856	[INFO]	2-8     SUCCESS               2390695.94 (11.69%) [2 edit(s)]  
2025-01-23 20:00:26,856	[DEBUG]	patch(2-8)="LineLLMMutation(('source.cpp', 9), '#include<iostream>\nusing namespace std;\n\nclass Answer {\npublic:\n    Answer() : day(10), year(365) {}\n    int N;\n    int day;\n    int year;\n\n    unsigned long long count(int cnt);\n    void set();\n    void OutPut();\n    bool ans();\n};\n\nunsigned long long Answer::count(int cnt) {\n    if (cnt < 0) return 0;\n    if (cnt == 0) return 1;\n\n    unsigned long long a = 1, b = 1, c = 2;\n    for (int i = 3; i <= cnt; i++) {\n        unsigned long long temp = a + b + c;\n        a = b;\n        b = c;\n        c = temp;\n    }\n    return c;\n}\n\nvoid Answer::OutPut() {\n    if (N == 0) return;\n    printf("%d\\n", 1 + (count(N)) / (day * year));\n}\n\nvoid Answer::set() {\n    cin >> N;\n}\n\nbool Answer::ans() {\n    set();\n    OutPut();\n    return N != 0;\n}\n\nint main() {\n    Answer ans;\n    while (ans.ans());\n    return 0;\n}') | LineLLMMutation(('source.cpp', 15), '#include<iostream>\n#include<vector>\nusing namespace std;\n\nclass Answer {\npublic:\n    Answer() : day(10), year(365) {}\n    int N;\n    int day;\n    int year;\n\n    unsigned long long count(int cnt);\n    void set();\n    void OutPut();\n    bool ans();\n};\n\nunsigned long long Answer::count(int cnt) {\n    if (cnt < 0) return 0;\n    if (cnt == 0) return 1;\n\n    // Using a vector to store computed values\n    vector<unsigned long long> dp(cnt + 1);\n    dp[0] = 1; // Base case\n    dp[1] = 1; // Base case\n    dp[2] = 2; // Base case\n    for (int i = 3; i <= cnt; i++) {\n        dp[i] = dp[i - 1] + dp[i - 2] + dp[i - 3]; // Using previously computed values\n    }\n    return dp[cnt];\n}\n\nvoid Answer::OutPut() {\n    if (N == 0) return;\n    printf("%d\\n", 1 + (count(N)) / (day * year));\n}\n\nvoid Answer::set() {\n    cin >> N;\n}\n\nbool Answer::ans() {\n    set();\n    OutPut();\n    return N != 0;\n}\n\nint main() {\n    Answer ans;\n    while (ans.ans());\n    return 0;\n}')"
2025-01-23 20:00:26,856	[INFO]	Step: 28
2025-01-23 20:00:26,856	[INFO]	Stop Steps: 100
2025-01-23 20:00:27,428	[DEBUG]	EXEC>  SUCCESS 2401319.9375
2025-01-23 20:00:27,428	[INFO]	2-9     SUCCESS               2401319.94 (11.74%) [2 edit(s)]  
2025-01-23 20:00:27,428	[DEBUG]	patch(2-9)="LineLLMCrossover(('source.cpp', 0), '#include<iostream>\nusing namespace std;\n\nclass Answer {\npublic:\n    Answer() : day(10), year(365) {}\n    int N;\n    int day;\n    int year;\n\n    unsigned long long count(int cnt);\n    void set();\n    void OutPut();\n    bool empty();\n    bool ans();\n};\n\nunsigned long long Answer::count(int cnt) {\n    if (cnt < 0) return 0;\n    if (cnt == 0) return 1;\n\n    unsigned long long a = 1, b = 1, c = 2;\n    for (int i = 3; i <= cnt; i++) {\n        unsigned long long temp = a + b + c;\n        a = b;\n        b = c;\n        c = temp;\n    }\n    return c;\n}\n\nvoid Answer::OutPut() {\n    if (N == 0) return;\n    printf("%d\\n", 1 + (count(N)) / (day * year));\n}\n\nvoid Answer::set() {\n    cin >> N;\n}\n\nbool Answer::empty() {\n    return N != 0;\n}\n\nbool Answer::ans() {\n    set();\n    OutPut();\n    return empty();\n}\n\nint main() {\n    Answer ans;\n    while (ans.ans());\n    return 0;\n}') | LineLLMMutation(('source.cpp', 16), '#include <iostream>\n#include <vector>\nusing namespace std;\n\nclass Answer {\npublic:\n    Answer() : day(10), year(365) {}\n    int N;\n    int day;\n    int year;\n\n    unsigned long long count(int cnt);\n    void set();\n    void OutPut();\n    bool empty();\n    bool ans();\n};\n\nvector<unsigned long long> memo; // Memoization vector\n\nunsigned long long Answer::count(int cnt) {\n    if (cnt < 0) return 0;\n    if (cnt == 0) return 1;\n\n    // Check if already computed\n    if (memo.size() <= cnt) {\n        memo.resize(cnt + 1, 0); // Resize if necessary\n    }\n    if (memo[cnt] != 0) return memo[cnt]; // Return cached value\n\n    unsigned long long a = 1, b = 1, c = 2;\n    for (int i = 3; i <= cnt; i++) {\n        unsigned long long temp = a + b + c;\n        a = b;\n        b = c;\n        c = temp;\n    }\n    memo[cnt] = c; // Cache the result\n    return c;\n}\n\nvoid Answer::OutPut() {\n    if (N == 0) return;\n    printf("%d\\n", 1 + (count(N)) / (day * year));\n}\n\nvoid Answer::set() {\n    cin >> N;\n}\n\nbool Answer::empty() {\n    return N != 0;\n}\n\nbool Answer::ans() {\n    set();\n    OutPut();\n    return empty();\n}\n\nint main() {\n    Answer ans;\n    while (ans.ans());\n    return 0;\n}')"
2025-01-23 20:00:27,428	[INFO]	Step: 29
2025-01-23 20:00:27,428	[INFO]	Stop Steps: 100
2025-01-23 20:00:27,920	[DEBUG]	EXEC>  SUCCESS 2387986.75
2025-01-23 20:00:27,921	[INFO]	2-10    SUCCESS               2387986.75 (11.68%) [2 edit(s)]  
2025-01-23 20:00:27,921	[DEBUG]	patch(2-10)="LineLLMMutation(('source.cpp', 4), '#include<iostream>\nusing namespace std;\n\nclass Answer {\npublic:\n    Answer() { day = 10; year = 365; }\n    int N;\n    int day;\n    int year;\n\n    unsigned long long count(int cnt);\n    void set();\n    void OutPut();\n    bool empty();\n    bool ans();\n};\n\nunsigned long long Answer::count(int cnt) {\n    if (cnt < 0) return 0;\n    if (cnt == 0) return 1;\n\n    unsigned long long a = 1, b = 1, c = 2;\n    for (int i = 3; i <= cnt; i++) {\n        unsigned long long temp = a + b + c;\n        a = b;\n        b = c;\n        c = temp;\n    }\n    return c;\n}\n\nvoid Answer::OutPut() {\n    if (N == 0) return;\n    int ans_ = 1;\n    ans_ += (count(N)) / (day * year);\n    printf("%d\\n", ans_);\n}\n\nvoid Answer::set() {\n    cin >> N;\n}\n\nbool Answer::empty() {\n    return N != 0;\n}\n\nbool Answer::ans() {\n    set();\n    OutPut();\n    return empty();\n}\n\nint main() {\n    Answer ans;\n    while (ans.ans());\n    return 0;\n}') | LineLLMMutation(('source.cpp', 17), '#include <iostream>\nusing namespace std;\n\nclass Answer {\npublic:\n    Answer() { day = 10; year = 365; }\n    int N;\n    int day;\n    int year;\n\n    unsigned long long count(int cnt);\n    void set();\n    void OutPut();\n    bool empty();\n    bool ans();\n};\n\nunsigned long long Answer::count(int cnt) {\n    if (cnt < 0) return 0;\n    if (cnt == 0) return 1;\n\n    unsigned long long a = 1, b = 1, c = 2;\n    for (int i = 3; i <= cnt; i++) {\n        unsigned long long temp = a + b + c;\n        a = b;\n        b = c;\n        c = temp;\n    }\n    return c;\n}\n\nvoid Answer::OutPut() {\n    if (N == 0) return;\n    int ans_ = 1;\n    ans_ += (count(N)) / (day * year);\n    printf("%d\\n", ans_);\n}\n\nvoid Answer::set() {\n    cin >> N;\n}\n\nbool Answer::empty() {\n    return N != 0;\n}\n\nbool Answer::ans() {\n    set();\n    OutPut();\n    return empty();\n}\n\nint main() {\n    Answer ans;\n    while (ans.ans());\n    return 0;\n}')"
2025-01-23 20:00:27,921	[INFO]	Step: 30
2025-01-23 20:00:27,921	[INFO]	Stop Steps: 100
2025-01-23 20:00:29,615	[DEBUG]	EXEC>  SUCCESS 20440559.5625
2025-01-23 20:00:29,615	[INFO]	REF     SUCCESS               20440559.56 (--) [0 edit(s)]  
2025-01-23 20:00:29,615	[INFO]	Best patch: 3_13
2025-01-23 20:00:30,117	[DEBUG]	EXEC>  SUCCESS 2374121.4375
2025-01-23 20:00:30,117	[INFO]	BEST    SUCCESS              *2374121.44 (11.61%) [0 edit(s)]  
2025-01-23 20:00:30,117	[INFO]	Best patch step: 19
2025-01-23 20:01:24,543	[INFO]	Step: 30
2025-01-23 20:01:24,543	[INFO]	Stop Steps: 100
2025-01-23 20:01:25,171	[DEBUG]	EXEC>  SUCCESS 2385939.5
2025-01-23 20:01:25,172	[INFO]	3-1     SUCCESS              +2385939.50 (11.67%) [1 edit(s)]  
2025-01-23 20:01:25,172	[DEBUG]	patch(3-1)="LineLLMCrossover(('source.cpp', 7), '#include<iostream>\nusing namespace std;\n\nclass Answer {\npublic:\n    Answer() : day(10), year(365) {}  // Constructor from Parent 2\n    int N;\n    int day;\n    int year;\n\n    unsigned long long count(int cnt);\n    void set();\n    void OutPut();\n    bool empty();\n    bool ans();\n};\n\nunsigned long long Answer::count(int cnt) {\n    if (cnt < 0) return 0;  // Error handling from Parent 3\n    if (cnt <= 1) return cnt + 1;  // Optimized base case from Parent 1\n\n    unsigned long long a = 1, b = 1, c = 2;\n    for (int i = 3; i <= cnt; i++) {\n        unsigned long long temp = a + b + c;\n        a = b;\n        b = c;\n        c = temp;\n    }\n    return c;\n}\n\nvoid Answer::OutPut() {\n    if (N == 0) return;\n    printf("%d\\n", 1 + (count(N)) / (day * year));  // Improved output\n}\n\nvoid Answer::set() {\n    cin >> N;  // Shared method\n}\n\nbool Answer::empty() {\n    return N != 0;\n}\n\nbool Answer::ans() {\n    set();\n    OutPut();\n    return empty();\n}\n\nint main() {\n    Answer ans;\n    while (ans.ans());\n    return 0;\n}')"
2025-01-23 20:01:25,172	[INFO]	Step: 31
2025-01-23 20:01:25,172	[INFO]	Stop Steps: 100
2025-01-23 20:01:25,674	[DEBUG]	EXEC>  SUCCESS 2498043.625
2025-01-23 20:01:25,675	[INFO]	3-2     SUCCESS               2498043.62 (12.22%) [2 edit(s)]  
2025-01-23 20:01:25,675	[DEBUG]	patch(3-2)="LineLLMMutation(('source.cpp', 4), '#include<iostream>\nusing namespace std;\n\nclass Answer {\npublic:\n    Answer() { day = 10; year = 365; }\n    int N;\n    int day;\n    int year;\n\n    unsigned long long count(int cnt);\n    void set();\n    void OutPut();\n    bool empty();\n    bool ans();\n};\n\nunsigned long long Answer::count(int cnt) {\n    if (cnt < 0) return 0;\n    if (cnt == 0) return 1;\n\n    unsigned long long a = 1, b = 1, c = 2;\n    for (int i = 3; i <= cnt; i++) {\n        unsigned long long temp = a + b + c;\n        a = b;\n        b = c;\n        c = temp;\n    }\n    return c;\n}\n\nvoid Answer::OutPut() {\n    if (N == 0) return;\n    int ans_ = 1;\n    ans_ += (count(N)) / (day * year);\n    printf("%d\\n", ans_);\n}\n\nvoid Answer::set() {\n    cin >> N;\n}\n\nbool Answer::empty() {\n    return N != 0;\n}\n\nbool Answer::ans() {\n    set();\n    OutPut();\n    return empty();\n}\n\nint main() {\n    Answer ans;\n    while (ans.ans());\n    return 0;\n}') | LineLLMMutation(('source.cpp', 17), '#include <iostream>\nusing namespace std;\n\nclass Answer {\npublic:\n    Answer() { day = 10; year = 365; }\n    int N;\n    int day;\n    int year;\n\n    unsigned long long count(int cnt);\n    void set();\n    void OutPut();\n    bool empty();\n    bool ans();\n};\n\nunsigned long long Answer::count(int cnt) {\n    if (cnt < 0) return 0;\n    if (cnt == 0) return 1;\n\n    unsigned long long a = 1, b = 1, c = 2;\n    for (int i = 3; i <= cnt; i++) {\n        unsigned long long temp = a + b + c;\n        a = b;\n        b = c;\n        c = temp;\n    }\n    return c;\n}\n\nvoid Answer::OutPut() {\n    if (N == 0) return;\n    int ans_ = 1;\n    ans_ += (count(N)) / (day * year);\n    printf("%d\\n", ans_);\n}\n\nvoid Answer::set() {\n    cin >> N;\n}\n\nbool Answer::empty() {\n    return N != 0;\n}\n\nbool Answer::ans() {\n    set();\n    OutPut();\n    return empty();\n}\n\nint main() {\n    Answer ans;\n    while (ans.ans());\n    return 0;\n}')"
2025-01-23 20:01:25,675	[INFO]	Step: 32
2025-01-23 20:01:25,675	[INFO]	Stop Steps: 100
2025-01-23 20:01:26,202	[DEBUG]	EXEC>  SUCCESS 2417698.875
2025-01-23 20:01:26,202	[INFO]	3-3     SUCCESS               2417698.88 (11.83%) [1 edit(s)]  
2025-01-23 20:01:26,202	[DEBUG]	patch(3-3)="LineLLMCrossover(('source.cpp', 8), '#include <iostream>\n#include <vector>\nusing namespace std;\n\nclass Answer {\npublic:\n    Answer() : day(10), year(365) {}\n    int N;\n    int day;\n    int year;\n\n    unsigned long long count(int cnt);\n    void set();\n    void OutPut();\n    bool ans();\n};\n\nunsigned long long Answer::count(int cnt) {\n    if (cnt < 0) return 0;\n    if (cnt <= 1) return cnt + 1;\n\n    vector<unsigned long long> dp(cnt + 1);\n    dp[0] = 1; // Base case\n    dp[1] = 1; // Base case\n    dp[2] = 2; // Base case\n    for (int i = 3; i <= cnt; i++) {\n        dp[i] = dp[i - 1] + dp[i - 2] + dp[i - 3]; // Using previously computed values\n    }\n    return dp[cnt];\n}\n\nvoid Answer::OutPut() {\n    if (N == 0) return;\n    printf("%d\\n", 1 + (count(N)) / (day * year));\n}\n\nvoid Answer::set() {\n    cin >> N;\n}\n\nbool Answer::ans() {\n    set();\n    OutPut();\n    return N != 0;\n}\n\nint main() {\n    Answer ans;\n    while (ans.ans());\n    return 0;\n}')"
2025-01-23 20:01:26,202	[INFO]	Step: 33
2025-01-23 20:01:26,202	[INFO]	Stop Steps: 100
2025-01-23 20:01:26,700	[DEBUG]	EXEC>  SUCCESS 2388459.8125
2025-01-23 20:01:26,700	[INFO]	3-4     SUCCESS               2388459.81 (11.68%) [1 edit(s)]  
2025-01-23 20:01:26,700	[DEBUG]	patch(3-4)="LineLLMCrossover(('source.cpp', 9), '#include <iostream>\nusing namespace std;\n\nclass Answer {\npublic:\n    Answer() : day(10), year(365) {}  // Optimized constructor from Parent 2\n    int N;\n    int day;\n    int year;\n\n    unsigned long long count(int cnt);\n    void set();\n    void OutPut();\n    bool empty();\n    bool ans();\n};\n\nunsigned long long Answer::count(int cnt) {\n    if (cnt < 0) return 0;\n    if (cnt <= 1) return cnt + 1;\n\n    unsigned long long a = 1, b = 1, c = 2;\n    for (int i = 3; i <= cnt; i++) {\n        unsigned long long temp = a + b + c;\n        a = b;\n        b = c;\n        c = temp;\n    }\n    return c;\n}\n\nvoid Answer::OutPut() {\n    if (N == 0) return;\n    printf("%d\\n", 1 + (count(N)) / (day * year));  // Improved output from Parent 4\n}\n\nvoid Answer::set() {\n    cin >> N;\n}\n\nbool Answer::empty() {\n    return N != 0;\n}\n\nbool Answer::ans() {\n    set();\n    OutPut();\n    return empty();\n}\n\nint main() {\n    Answer ans;\n    while (ans.ans());\n    return 0;\n}')"
2025-01-23 20:01:26,700	[INFO]	Step: 34
2025-01-23 20:01:26,700	[INFO]	Stop Steps: 100
2025-01-23 20:01:27,227	[DEBUG]	EXEC>  SUCCESS 2388239.5625
2025-01-23 20:01:27,228	[INFO]	3-5     SUCCESS               2388239.56 (11.68%) [1 edit(s)]  
2025-01-23 20:01:27,228	[DEBUG]	patch(3-5)="LineLLMCrossover(('source.cpp', 10), '#include <iostream>\n#include <vector>\nusing namespace std;\n\nclass Answer {\npublic:\n    Answer() : day(10), year(365) {}\n    int N;\n    int day;\n    int year;\n\n    unsigned long long count(int cnt);\n    void set();\n    void OutPut();\n    bool ans();\n};\n\nunsigned long long Answer::count(int cnt) {\n    if (cnt < 0) return 0;\n    if (cnt <= 1) return cnt + 1;\n\n    vector<unsigned long long> dp(cnt + 1);\n    dp[0] = 1; // Base case\n    dp[1] = 1; // Base case\n    dp[2] = 2; // Base case\n    for (int i = 3; i <= cnt; i++) {\n        dp[i] = dp[i - 1] + dp[i - 2] + dp[i - 3]; // Using previously computed values\n    }\n    return dp[cnt];\n}\n\nvoid Answer::OutPut() {\n    if (N == 0) return;\n    printf("%d\\n", 1 + (count(N)) / (day * year));\n}\n\nvoid Answer::set() {\n    cin >> N;\n}\n\nbool Answer::ans() {\n    set();\n    OutPut();\n    return N != 0;\n}\n\nint main() {\n    Answer ans;\n    while (ans.ans());\n    return 0;\n}')"
2025-01-23 20:01:27,228	[INFO]	Step: 35
2025-01-23 20:01:27,228	[INFO]	Stop Steps: 100
2025-01-23 20:01:27,726	[DEBUG]	EXEC>  SUCCESS 2391814.875
2025-01-23 20:01:27,726	[INFO]	3-6     SUCCESS               2391814.88 (11.70%) [1 edit(s)]  
2025-01-23 20:01:27,726	[DEBUG]	patch(3-6)="LineLLMCrossover(('source.cpp', 11), '#include <iostream>\nusing namespace std;\n\nclass Answer {\npublic:\n    Answer() : day(10), year(365) {}  // Constructor from Parent 1\n    int N;\n    int day;\n    int year;\n\n    unsigned long long count(int cnt);\n    void set();\n    void OutPut();\n    bool empty();\n    bool ans();\n};\n\nunsigned long long Answer::count(int cnt) {\n    if (cnt < 0) return 0;  // Error handling from Parent 3\n    if (cnt <= 1) return cnt + 1;  // Optimized base case from Parent 1\n\n    unsigned long long a = 1, b = 1, c = 2;\n    for (int i = 3; i <= cnt; i++) {\n        unsigned long long temp = a + b + c;\n        a = b;\n        b = c;\n        c = temp;\n    }\n    return c;\n}\n\nvoid Answer::OutPut() {\n    if (N == 0) return;\n    printf("%d\\n", 1 + (count(N)) / (day * year));  // Improved output\n}\n\nvoid Answer::set() {\n    cin >> N;  // Shared method\n}\n\nbool Answer::empty() {\n    return N != 0;\n}\n\nbool Answer::ans() {\n    set();\n    OutPut();\n    return empty();\n}\n\nint main() {\n    Answer ans;\n    while (ans.ans());\n    return 0;\n}')"
2025-01-23 20:01:27,726	[INFO]	Step: 36
2025-01-23 20:01:27,726	[INFO]	Stop Steps: 100
2025-01-23 20:01:28,058	[INFO]	3-7     TEST_CODE_ERROR       None (--) [2 edit(s)]  
2025-01-23 20:01:28,058	[DEBUG]	patch(3-7)="LineLLMCrossover(('source.cpp', 7), '#include<iostream>\nusing namespace std;\n\nclass Answer {\npublic:\n    Answer() : day(10), year(365) {}  // Constructor from Parent 2\n    int N;\n    int day;\n    int year;\n\n    unsigned long long count(int cnt);\n    void set();\n    void OutPut();\n    bool empty();\n    bool ans();\n};\n\nunsigned long long Answer::count(int cnt) {\n    if (cnt < 0) return 0;  // Error handling from Parent 3\n    if (cnt <= 1) return cnt + 1;  // Optimized base case from Parent 1\n\n    unsigned long long a = 1, b = 1, c = 2;\n    for (int i = 3; i <= cnt; i++) {\n        unsigned long long temp = a + b + c;\n        a = b;\n        b = c;\n        c = temp;\n    }\n    return c;\n}\n\nvoid Answer::OutPut() {\n    if (N == 0) return;\n    printf("%d\\n", 1 + (count(N)) / (day * year));  // Improved output\n}\n\nvoid Answer::set() {\n    cin >> N;  // Shared method\n}\n\nbool Answer::empty() {\n    return N != 0;\n}\n\nbool Answer::ans() {\n    set();\n    OutPut();\n    return empty();\n}\n\nint main() {\n    Answer ans;\n    while (ans.ans());\n    return 0;\n}') | LineLLMMutation(('source.cpp', 18), '#include<iostream>\nusing namespace std;\n\nclass Answer {\npublic:\n    Answer() : day(10), year(365) {}\n    int N;\n    int day;\n    int year;\n\n    unsigned long long count(int cnt);\n    void set();\n    void OutPut();\n    bool empty();\n    bool ans();\n};\n\nunsigned long long Answer::count(int cnt) {\n    if (cnt < 0) return 0;\n    if (cnt <= 1) return cnt + 1;\n\n    unsigned long long a = 1, b = 1, c = 2;\n    for (int i = 3; i <= cnt; i++) {\n        c = a + b + c; // Combine the sum into c directly\n        a = b;\n        b = c - a; // Update b without a separate temp variable\n    }\n    return c;\n}\n\nvoid Answer::OutPut() {\n    if (N == 0) return;\n    printf("%d\\n", 1 + (count(N)) / (day * year));\n}\n\nvoid Answer::set() {\n    cin >> N;\n}\n\nbool Answer::empty() {\n    return N != 0;\n}\n\nbool Answer::ans() {\n    set();\n    OutPut();\n    return empty();\n}\n\nint main() {\n    Answer ans;\n    while (ans.ans());\n    return 0;\n}')"
2025-01-23 20:01:28,058	[INFO]	Step: 37
2025-01-23 20:01:28,058	[INFO]	Stop Steps: 100
2025-01-23 20:01:28,389	[INFO]	3-8     TEST_CODE_ERROR       None (--) [3 edit(s)]  
2025-01-23 20:01:28,389	[DEBUG]	patch(3-8)="LineLLMMutation(('source.cpp', 4), '#include<iostream>\nusing namespace std;\n\nclass Answer {\npublic:\n    Answer() { day = 10; year = 365; }\n    int N;\n    int day;\n    int year;\n\n    unsigned long long count(int cnt);\n    void set();\n    void OutPut();\n    bool empty();\n    bool ans();\n};\n\nunsigned long long Answer::count(int cnt) {\n    if (cnt < 0) return 0;\n    if (cnt == 0) return 1;\n\n    unsigned long long a = 1, b = 1, c = 2;\n    for (int i = 3; i <= cnt; i++) {\n        unsigned long long temp = a + b + c;\n        a = b;\n        b = c;\n        c = temp;\n    }\n    return c;\n}\n\nvoid Answer::OutPut() {\n    if (N == 0) return;\n    int ans_ = 1;\n    ans_ += (count(N)) / (day * year);\n    printf("%d\\n", ans_);\n}\n\nvoid Answer::set() {\n    cin >> N;\n}\n\nbool Answer::empty() {\n    return N != 0;\n}\n\nbool Answer::ans() {\n    set();\n    OutPut();\n    return empty();\n}\n\nint main() {\n    Answer ans;\n    while (ans.ans());\n    return 0;\n}') | LineLLMMutation(('source.cpp', 17), '#include <iostream>\nusing namespace std;\n\nclass Answer {\npublic:\n    Answer() { day = 10; year = 365; }\n    int N;\n    int day;\n    int year;\n\n    unsigned long long count(int cnt);\n    void set();\n    void OutPut();\n    bool empty();\n    bool ans();\n};\n\nunsigned long long Answer::count(int cnt) {\n    if (cnt < 0) return 0;\n    if (cnt == 0) return 1;\n\n    unsigned long long a = 1, b = 1, c = 2;\n    for (int i = 3; i <= cnt; i++) {\n        unsigned long long temp = a + b + c;\n        a = b;\n        b = c;\n        c = temp;\n    }\n    return c;\n}\n\nvoid Answer::OutPut() {\n    if (N == 0) return;\n    int ans_ = 1;\n    ans_ += (count(N)) / (day * year);\n    printf("%d\\n", ans_);\n}\n\nvoid Answer::set() {\n    cin >> N;\n}\n\nbool Answer::empty() {\n    return N != 0;\n}\n\nbool Answer::ans() {\n    set();\n    OutPut();\n    return empty();\n}\n\nint main() {\n    Answer ans;\n    while (ans.ans());\n    return 0;\n}') | LineLLMMutation(('source.cpp', 19), '#include <iostream>\nusing namespace std;\n\nclass Answer {\npublic:\n    Answer() { day = 10; year = 365; }\n    int N;\n    int day;\n    int year;\n\n    unsigned long long count(int cnt);\n    void set();\n    void OutPut();\n    bool empty();\n    bool ans();\n};\n\nunsigned long long Answer::count(int cnt) {\n    if (cnt < 0) return 0;\n    if (cnt == 0) return 1;\n\n    unsigned long long a = 1, b = 1, c = 2;\n    for (int i = 3; i <= cnt; i++) {\n        c = a + b + c;  // Optimize by reducing unnecessary storage\n        a = b;\n        b = c - a; // Adjust b to be the new previous c\n    }\n    return c;\n}\n\nvoid Answer::OutPut() {\n    if (N == 0) return;\n    int ans_ = 1;\n    ans_ += (count(N)) / (day * year);\n    printf("%d\\n", ans_);\n}\n\nvoid Answer::set() {\n    cin >> N;\n}\n\nbool Answer::empty() {\n    return N != 0;\n}\n\nbool Answer::ans() {\n    set();\n    OutPut();\n    return empty();\n}\n\nint main() {\n    Answer ans;\n    while (ans.ans());\n    return 0;\n}')"
2025-01-23 20:01:28,389	[INFO]	Step: 38
2025-01-23 20:01:28,389	[INFO]	Stop Steps: 100
2025-01-23 20:01:28,922	[DEBUG]	EXEC>  SUCCESS 2406235.9375
2025-01-23 20:01:28,922	[INFO]	3-9     SUCCESS               2406235.94 (11.77%) [3 edit(s)]  
2025-01-23 20:01:28,922	[DEBUG]	patch(3-9)="LineLLMMutation(('source.cpp', 9), '#include<iostream>\nusing namespace std;\n\nclass Answer {\npublic:\n    Answer() : day(10), year(365) {}\n    int N;\n    int day;\n    int year;\n\n    unsigned long long count(int cnt);\n    void set();\n    void OutPut();\n    bool ans();\n};\n\nunsigned long long Answer::count(int cnt) {\n    if (cnt < 0) return 0;\n    if (cnt == 0) return 1;\n\n    unsigned long long a = 1, b = 1, c = 2;\n    for (int i = 3; i <= cnt; i++) {\n        unsigned long long temp = a + b + c;\n        a = b;\n        b = c;\n        c = temp;\n    }\n    return c;\n}\n\nvoid Answer::OutPut() {\n    if (N == 0) return;\n    printf("%d\\n", 1 + (count(N)) / (day * year));\n}\n\nvoid Answer::set() {\n    cin >> N;\n}\n\nbool Answer::ans() {\n    set();\n    OutPut();\n    return N != 0;\n}\n\nint main() {\n    Answer ans;\n    while (ans.ans());\n    return 0;\n}') | LineLLMMutation(('source.cpp', 15), '#include<iostream>\n#include<vector>\nusing namespace std;\n\nclass Answer {\npublic:\n    Answer() : day(10), year(365) {}\n    int N;\n    int day;\n    int year;\n\n    unsigned long long count(int cnt);\n    void set();\n    void OutPut();\n    bool ans();\n};\n\nunsigned long long Answer::count(int cnt) {\n    if (cnt < 0) return 0;\n    if (cnt == 0) return 1;\n\n    // Using a vector to store computed values\n    vector<unsigned long long> dp(cnt + 1);\n    dp[0] = 1; // Base case\n    dp[1] = 1; // Base case\n    dp[2] = 2; // Base case\n    for (int i = 3; i <= cnt; i++) {\n        dp[i] = dp[i - 1] + dp[i - 2] + dp[i - 3]; // Using previously computed values\n    }\n    return dp[cnt];\n}\n\nvoid Answer::OutPut() {\n    if (N == 0) return;\n    printf("%d\\n", 1 + (count(N)) / (day * year));\n}\n\nvoid Answer::set() {\n    cin >> N;\n}\n\nbool Answer::ans() {\n    set();\n    OutPut();\n    return N != 0;\n}\n\nint main() {\n    Answer ans;\n    while (ans.ans());\n    return 0;\n}') | LineLLMMutation(('source.cpp', 20), '#include<iostream>\n#include<vector>\nusing namespace std;\n\nclass Answer {\npublic:\n    Answer() : day(10), year(365) {}\n    int N;\n    int day;\n    int year;\n\n    unsigned long long count(int cnt);\n    void set();\n    void OutPut();\n    bool ans();\n};\n\nunsigned long long Answer::count(int cnt) {\n    if (cnt < 0) return 0;\n    if (cnt == 0) return 1;\n\n    // Using a rolling array to store computed values\n    unsigned long long dp[3] = {1, 1, 2}; // Base cases for dp[0], dp[1], dp[2]\n    for (int i = 3; i <= cnt; i++) {\n        unsigned long long current = dp[(i - 1) % 3] + dp[(i - 2) % 3] + dp[(i - 3) % 3];\n        dp[i % 3] = current; // Update the current position in the rolling array\n    }\n    return dp[cnt % 3];\n}\n\nvoid Answer::OutPut() {\n    if (N == 0) return;\n    printf("%d\\n", 1 + (count(N)) / (day * year));\n}\n\nvoid Answer::set() {\n    cin >> N;\n}\n\nbool Answer::ans() {\n    set();\n    OutPut();\n    return N != 0;\n}\n\nint main() {\n    Answer ans;\n    while (ans.ans());\n    return 0;\n}')"
2025-01-23 20:01:28,922	[INFO]	Step: 39
2025-01-23 20:01:28,922	[INFO]	Stop Steps: 100
2025-01-23 20:01:29,416	[DEBUG]	EXEC>  SUCCESS 2402380.8125
2025-01-23 20:01:29,416	[INFO]	3-10    SUCCESS               2402380.81 (11.75%) [3 edit(s)]  
2025-01-23 20:01:29,416	[DEBUG]	patch(3-10)="LineLLMMutation(('source.cpp', 3), '#include<iostream>\nusing namespace std;\n\nclass Answer {\npublic:\n    Answer() { day = 10; year = 365; }\n    int N;\n    int day;\n    int year;\n\n    unsigned long long count(int cnt);\n    void set();\n    void OutPut();\n    bool empty();\n    bool ans();\n};\n\nunsigned long long Answer::count(int cnt) {\n    if (cnt < 0) return 0;\n    if (cnt == 0) return 1;\n\n    unsigned long long a = 1, b = 1, c = 2;\n    for (int i = 3; i <= cnt; i++) {\n        unsigned long long temp = a + b + c;\n        a = b;\n        b = c;\n        c = temp;\n    }\n    return c;\n}\n\nvoid Answer::OutPut() {\n    if (N == 0) return;\n    int ans_ = 1;\n    ans_ += (count(N)) / (day * year);\n    printf("%d\\n", ans_);\n}\n\nvoid Answer::set() {\n    cin >> N;\n}\n\nbool Answer::empty() {\n    return N != 0;\n}\n\nbool Answer::ans() {\n    set();\n    OutPut();\n    return empty();\n}\n\nint main() {\n    Answer ans;\n    while (ans.ans());\n    return 0;\n}') | LineLLMMutation(('source.cpp', 13), '#include<iostream>\nusing namespace std;\n\nclass Answer {\npublic:\n    Answer() { day = 10; year = 365; }\n    int N;\n    int day;\n    int year;\n\n    unsigned long long count(int cnt);\n    void set();\n    void OutPut();\n    bool empty();\n    bool ans();\n};\n\nunsigned long long Answer::count(int cnt) {\n    if (cnt <= 1) return cnt + 1; // Optimize base cases\n    unsigned long long a = 1, b = 1, c = 2; // Initial values for the sequence\n    for (int i = 3; i <= cnt; i++) {\n        unsigned long long temp = a + b + c; // Calculate next in the sequence\n        a = b; // Shift values for next iteration\n        b = c;\n        c = temp; // Update c to the new value\n    }\n    return c; // Return the final value\n}\n\nvoid Answer::OutPut() {\n    if (N == 0) return;\n    int ans_ = 1;\n    ans_ += (count(N)) / (day * year);\n    printf("%d\\n", ans_);\n}\n\nvoid Answer::set() {\n    cin >> N;\n}\n\nbool Answer::empty() {\n    return N != 0;\n}\n\nbool Answer::ans() {\n    set();\n    OutPut();\n    return empty();\n}\n\nint main() {\n    Answer ans;\n    while (ans.ans());\n    return 0;\n}') | LineLLMMutation(('source.cpp', 21), '#include<iostream>\nusing namespace std;\n\nclass Answer {\npublic:\n    Answer() { day = 10; year = 365; }\n    int N;\n    int day;\n    int year;\n\n    unsigned long long count(int cnt);\n    void set();\n    void OutPut();\n    bool empty();\n    bool ans();\n};\n\nunsigned long long Answer::count(int cnt) {\n    if (cnt <= 1) return cnt + 1; // Optimize base cases\n    if (cnt == 2) return 4; // Directly return the value for cnt = 2\n    unsigned long long a = 1, b = 1, c = 2; // Initial values for the sequence\n    for (int i = 3; i <= cnt; i++) {\n        unsigned long long temp = a + b + c; // Calculate next in the sequence\n        a = b; // Shift values for next iteration\n        b = c;\n        c = temp; // Update c to the new value\n    }\n    return c; // Return the final value\n}\n\nvoid Answer::OutPut() {\n    if (N == 0) return;\n    int ans_ = 1;\n    ans_ += (count(N)) / (day * year);\n    printf("%d\\n", ans_);\n}\n\nvoid Answer::set() {\n    cin >> N;\n}\n\nbool Answer::empty() {\n    return N != 0;\n}\n\nbool Answer::ans() {\n    set();\n    OutPut();\n    return empty();\n}\n\nint main() {\n    Answer ans;\n    while (ans.ans());\n    return 0;\n}')"
2025-01-23 20:01:29,416	[INFO]	Step: 40
2025-01-23 20:01:29,416	[INFO]	Stop Steps: 100
2025-01-23 20:01:31,125	[DEBUG]	EXEC>  SUCCESS 20443751.75
2025-01-23 20:01:31,125	[INFO]	REF     SUCCESS               20443751.75 (--) [0 edit(s)]  
2025-01-23 20:01:31,125	[INFO]	Best patch: 3_13
2025-01-23 20:01:31,640	[DEBUG]	EXEC>  SUCCESS 2454921.125
2025-01-23 20:01:31,640	[INFO]	BEST    SUCCESS              *2454921.12 (12.01%) [0 edit(s)]  
2025-01-23 20:01:31,640	[INFO]	Best patch step: 19
2025-01-23 20:02:30,230	[INFO]	Step: 40
2025-01-23 20:02:30,230	[INFO]	Stop Steps: 100
2025-01-23 20:02:30,922	[DEBUG]	EXEC>  SUCCESS 2397166.75
2025-01-23 20:02:30,922	[INFO]	4-1     SUCCESS              *2397166.75 (11.73%) [1 edit(s)]  
2025-01-23 20:02:30,922	[DEBUG]	patch(4-1)="LineLLMCrossover(('source.cpp', 7), '#include<iostream>\nusing namespace std;\n\nclass Answer {\npublic:\n    Answer() : day(10), year(365) {}  // Constructor from Parent 2\n    int N;\n    int day;\n    int year;\n\n    unsigned long long count(int cnt);\n    void set();\n    void OutPut();\n    bool empty();\n    bool ans();\n};\n\nunsigned long long Answer::count(int cnt) {\n    if (cnt < 0) return 0;  // Error handling from Parent 3\n    if (cnt <= 1) return cnt + 1;  // Optimized base case from Parent 1\n\n    unsigned long long a = 1, b = 1, c = 2;\n    for (int i = 3; i <= cnt; i++) {\n        unsigned long long temp = a + b + c;\n        a = b;\n        b = c;\n        c = temp;\n    }\n    return c;\n}\n\nvoid Answer::OutPut() {\n    if (N == 0) return;\n    printf("%d\\n", 1 + (count(N)) / (day * year));  // Improved output\n}\n\nvoid Answer::set() {\n    cin >> N;  // Shared method\n}\n\nbool Answer::empty() {\n    return N != 0;\n}\n\nbool Answer::ans() {\n    set();\n    OutPut();\n    return empty();\n}\n\nint main() {\n    Answer ans;\n    while (ans.ans());\n    return 0;\n}')"

2025-01-23 20:02:30,922	[INFO]	Step: 41
2025-01-23 20:02:30,922	[INFO]	Stop Steps: 100
2025-01-23 20:02:31,440	[DEBUG]	EXEC>  SUCCESS 2424341.6875
2025-01-23 20:02:31,440	[INFO]	4-2     SUCCESS               2424341.69 (11.86%) [1 edit(s)]  
2025-01-23 20:02:31,440	[DEBUG]	patch(4-2)="LineLLMCrossover(('source.cpp', 10), '#include <iostream>\n#include <vector>\nusing namespace std;\n\nclass Answer {\npublic:\n    Answer() : day(10), year(365) {}\n    int N;\n    int day;\n    int year;\n\n    unsigned long long count(int cnt);\n    void set();\n    void OutPut();\n    bool ans();\n};\n\nunsigned long long Answer::count(int cnt) {\n    if (cnt < 0) return 0;\n    if (cnt <= 1) return cnt + 1;\n\n    vector<unsigned long long> dp(cnt + 1);\n    dp[0] = 1; // Base case\n    dp[1] = 1; // Base case\n    dp[2] = 2; // Base case\n    for (int i = 3; i <= cnt; i++) {\n        dp[i] = dp[i - 1] + dp[i - 2] + dp[i - 3]; // Using previously computed values\n    }\n    return dp[cnt];\n}\n\nvoid Answer::OutPut() {\n    if (N == 0) return;\n    printf("%d\\n", 1 + (count(N)) / (day * year));\n}\n\nvoid Answer::set() {\n    cin >> N;\n}\n\nbool Answer::ans() {\n    set();\n    OutPut();\n    return N != 0;\n}\n\nint main() {\n    Answer ans;\n    while (ans.ans());\n    return 0;\n}')"
2025-01-23 20:02:31,440	[INFO]	Step: 42
2025-01-23 20:02:31,440	[INFO]	Stop Steps: 100
2025-01-23 20:02:31,967	[DEBUG]	EXEC>  SUCCESS 2384748.9375
2025-01-23 20:02:31,968	[INFO]	4-3     SUCCESS              *2384748.94 (11.66%) [1 edit(s)]  
2025-01-23 20:02:31,968	[DEBUG]	patch(4-3)="LineLLMCrossover(('source.cpp', 12), '#include <iostream>\n#include <vector>\nusing namespace std;\n\nclass Answer {\npublic:\n    Answer() : day(10), year(365) {}  // Constructor from Parent 1\n    int N;\n    int day;\n    int year;\n\n    unsigned long long count(int cnt);\n    void set();\n    void OutPut();\n    bool ans();\n};\n\nunsigned long long Answer::count(int cnt) {\n    if (cnt < 0) return 0;  \n    if (cnt <= 1) return cnt + 1;\n\n    vector<unsigned long long> dp(cnt + 1);\n    dp[0] = 1; // Base case\n    dp[1] = 1; // Base case\n    dp[2] = 2; // Base case\n    for (int i = 3; i <= cnt; i++) {\n        dp[i] = dp[i - 1] + dp[i - 2] + dp[i - 3]; // Using previously computed values\n    }\n    return dp[cnt];\n}\n\nvoid Answer::OutPut() {\n    if (N == 0) return;\n    printf("%d\\n", 1 + (count(N)) / (day * year));\n}\n\nvoid Answer::set() {\n    cin >> N;\n}\n\nbool Answer::ans() {\n    set();\n    OutPut();\n    return N != 0;\n}\n\nint main() {\n    Answer ans;\n    while (ans.ans());\n    return 0;\n}')"

2025-01-23 20:02:31,968	[INFO]	Step: 43
2025-01-23 20:02:31,968	[INFO]	Stop Steps: 100
2025-01-23 20:02:32,486	[DEBUG]	EXEC>  SUCCESS 2398733.875
2025-01-23 20:02:32,486	[INFO]	4-4     SUCCESS               2398733.88 (11.73%) [1 edit(s)]  
2025-01-23 20:02:32,486	[DEBUG]	patch(4-4)="LineLLMCrossover(('source.cpp', 13), '#include <iostream>\n#include <vector>\nusing namespace std;\n\nclass Answer {\npublic:\n    Answer() : day(10), year(365) {}  // Constructor from Parent 3\n    int N;\n    int day;\n    int year;\n\n    unsigned long long count(int cnt);\n    void set();\n    void OutPut();\n    bool ans();\n};\n\nunsigned long long Answer::count(int cnt) {\n    if (cnt < 0) return 0;  \n    if (cnt <= 1) return cnt + 1;\n\n    vector<unsigned long long> dp(cnt + 1);\n    dp[0] = 1; // Base case\n    dp[1] = 1; // Base case\n    dp[2] = 2; // Base case\n    for (int i = 3; i <= cnt; i++) {\n        dp[i] = dp[i - 1] + dp[i - 2] + dp[i - 3]; // Using previously computed values\n    }\n    return dp[cnt];\n}\n\nvoid Answer::OutPut() {\n    if (N == 0) return;\n    printf("%d\\n", 1 + (count(N)) / (day * year));  // Output from Parent 3\n}\n\nvoid Answer::set() {\n    cin >> N;\n}\n\nbool Answer::ans() {\n    set();\n    OutPut();\n    return N != 0;\n}\n\nint main() {\n    Answer ans;\n    while (ans.ans());\n    return 0;\n}')"
2025-01-23 20:02:32,486	[INFO]	Step: 44
2025-01-23 20:02:32,486	[INFO]	Stop Steps: 100
2025-01-23 20:02:32,983	[DEBUG]	EXEC>  SUCCESS 2368006.1875
2025-01-23 20:02:32,983	[INFO]	4-5     SUCCESS              *2368006.19 (11.58%) [1 edit(s)]  
2025-01-23 20:02:32,983	[DEBUG]	patch(4-5)="LineLLMCrossover(('source.cpp', 14), '#include <iostream>\nusing namespace std;\n\nclass Answer {\npublic:\n    Answer() : day(10), year(365) {}  // Constructor from Parent 4\n    int N;\n    int day;\n    int year;\n\n    unsigned long long count(int cnt);\n    void set();\n    void OutPut();\n    bool empty();\n    bool ans();\n};\n\nunsigned long long Answer::count(int cnt) {\n    if (cnt < 0) return 0;  \n    if (cnt <= 1) return cnt + 1;  \n\n    unsigned long long a = 1, b = 1, c = 2;\n    for (int i = 3; i <= cnt; i++) {\n        unsigned long long temp = a + b + c;\n        a = b;\n        b = c;\n        c = temp;\n    }\n    return c;\n}\n\nvoid Answer::OutPut() {\n    if (N == 0) return;\n    printf("%d\\n", 1 + (count(N)) / (day * year));  // Improved output\n}\n\nvoid Answer::set() {\n    cin >> N;  \n}\n\nbool Answer::empty() {\n    return N != 0;\n}\n\nbool Answer::ans() {\n    set();\n    OutPut();\n    return empty();\n}\n\nint main() {\n    Answer ans;\n    while (ans.ans());\n    return 0;\n}')"

2025-01-23 20:02:32,983	[INFO]	Step: 45
2025-01-23 20:02:32,983	[INFO]	Stop Steps: 100
2025-01-23 20:02:33,500	[DEBUG]	EXEC>  SUCCESS 2381410.375
2025-01-23 20:02:33,500	[INFO]	4-6     SUCCESS               2381410.38 (11.65%) [1 edit(s)]  
2025-01-23 20:02:33,500	[DEBUG]	patch(4-6)="LineLLMCrossover(('source.cpp', 15), '#include <iostream>\n#include <vector>\nusing namespace std;\n\nclass Answer {\npublic:\n    Answer() : day(10), year(365) {}  // Constructor from Parent 3\n    int N;\n    int day;\n    int year;\n\n    unsigned long long count(int cnt);\n    void set();\n    void OutPut();\n    bool ans();\n};\n\nunsigned long long Answer::count(int cnt) {\n    if (cnt < 0) return 0;  \n    if (cnt <= 1) return cnt + 1;  \n\n    vector<unsigned long long> dp(cnt + 1);\n    dp[0] = 1; // Base case\n    dp[1] = 1; // Base case\n    dp[2] = 2; // Base case\n    for (int i = 3; i <= cnt; i++) {\n        dp[i] = dp[i - 1] + dp[i - 2] + dp[i - 3]; // Using previously computed values\n    }\n    return dp[cnt];\n}\n\nvoid Answer::OutPut() {\n    if (N == 0) return;\n    printf("%d\\n", 1 + (count(N)) / (day * year));  \n}\n\nvoid Answer::set() {\n    cin >> N;  \n}\n\nbool Answer::ans() {\n    set();\n    OutPut();\n    return N != 0;\n}\n\nint main() {\n    Answer ans;\n    while (ans.ans());\n    return 0;\n}')"
2025-01-23 20:02:33,500	[INFO]	Step: 46
2025-01-23 20:02:33,500	[INFO]	Stop Steps: 100
2025-01-23 20:02:33,992	[DEBUG]	EXEC>  SUCCESS 2371359.3125
2025-01-23 20:02:33,993	[INFO]	4-7     SUCCESS               2371359.31 (11.60%) [2 edit(s)]  
2025-01-23 20:02:33,993	[DEBUG]	patch(4-7)="LineLLMCrossover(('source.cpp', 7), '#include<iostream>\nusing namespace std;\n\nclass Answer {\npublic:\n    Answer() : day(10), year(365) {}  // Constructor from Parent 2\n    int N;\n    int day;\n    int year;\n\n    unsigned long long count(int cnt);\n    void set();\n    void OutPut();\n    bool empty();\n    bool ans();\n};\n\nunsigned long long Answer::count(int cnt) {\n    if (cnt < 0) return 0;  // Error handling from Parent 3\n    if (cnt <= 1) return cnt + 1;  // Optimized base case from Parent 1\n\n    unsigned long long a = 1, b = 1, c = 2;\n    for (int i = 3; i <= cnt; i++) {\n        unsigned long long temp = a + b + c;\n        a = b;\n        b = c;\n        c = temp;\n    }\n    return c;\n}\n\nvoid Answer::OutPut() {\n    if (N == 0) return;\n    printf("%d\\n", 1 + (count(N)) / (day * year));  // Improved output\n}\n\nvoid Answer::set() {\n    cin >> N;  // Shared method\n}\n\nbool Answer::empty() {\n    return N != 0;\n}\n\nbool Answer::ans() {\n    set();\n    OutPut();\n    return empty();\n}\n\nint main() {\n    Answer ans;\n    while (ans.ans());\n    return 0;\n}') | LineLLMMutation(('source.cpp', 22), '#include<iostream>\nusing namespace std;\n\nclass Answer {\npublic:\n    int N;\n    int day = 10;  // Default member initializer\n    int year = 365;  // Default member initializer\n\n    unsigned long long count(int cnt);\n    void set();\n    void OutPut();\n    bool empty();\n    bool ans();\n};\n\nunsigned long long Answer::count(int cnt) {\n    if (cnt < 0) return 0;  \n    if (cnt <= 1) return cnt + 1;  \n\n    unsigned long long a = 1, b = 1, c = 2;\n    for (int i = 3; i <= cnt; i++) {\n        unsigned long long temp = a + b + c;\n        a = b;\n        b = c;\n        c = temp;\n    }\n    return c;\n}\n\nvoid Answer::OutPut() {\n    if (N == 0) return;\n    printf("%d\\n", 1 + (count(N)) / (day * year));  \n}\n\nvoid Answer::set() {\n    cin >> N;  \n}\n\nbool Answer::empty() {\n    return N != 0;\n}\n\nbool Answer::ans() {\n    set();\n    OutPut();\n    return empty();\n}\n\nint main() {\n    Answer ans;\n    while (ans.ans());\n    return 0;\n}')"
2025-01-23 20:02:33,993	[INFO]	Step: 47
2025-01-23 20:02:33,993	[INFO]	Stop Steps: 100
2025-01-23 20:02:34,495	[DEBUG]	EXEC>  SUCCESS 2370065.0625
2025-01-23 20:02:34,496	[INFO]	4-8     SUCCESS               2370065.06 (11.59%) [2 edit(s)]  
2025-01-23 20:02:34,496	[DEBUG]	patch(4-8)="LineLLMCrossover(('source.cpp', 10), '#include <iostream>\n#include <vector>\nusing namespace std;\n\nclass Answer {\npublic:\n    Answer() : day(10), year(365) {}\n    int N;\n    int day;\n    int year;\n\n    unsigned long long count(int cnt);\n    void set();\n    void OutPut();\n    bool ans();\n};\n\nunsigned long long Answer::count(int cnt) {\n    if (cnt < 0) return 0;\n    if (cnt <= 1) return cnt + 1;\n\n    vector<unsigned long long> dp(cnt + 1);\n    dp[0] = 1; // Base case\n    dp[1] = 1; // Base case\n    dp[2] = 2; // Base case\n    for (int i = 3; i <= cnt; i++) {\n        dp[i] = dp[i - 1] + dp[i - 2] + dp[i - 3]; // Using previously computed values\n    }\n    return dp[cnt];\n}\n\nvoid Answer::OutPut() {\n    if (N == 0) return;\n    printf("%d\\n", 1 + (count(N)) / (day * year));\n}\n\nvoid Answer::set() {\n    cin >> N;\n}\n\nbool Answer::ans() {\n    set();\n    OutPut();\n    return N != 0;\n}\n\nint main() {\n    Answer ans;\n    while (ans.ans());\n    return 0;\n}') | LineLLMMutation(('source.cpp', 23), '#include <iostream>\n#include <vector>\nusing namespace std;\n\nclass Answer {\npublic:\n    Answer() : day(10), year(365) {}\n    int N;\n    int day;\n    int year;\n\n    unsigned long long count(int cnt);\n    void set();\n    void OutPut();\n    bool ans();\n};\n\nunsigned long long Answer::count(int cnt) {\n    if (cnt < 0) return 0;\n    if (cnt <= 1) return cnt + 1;\n\n    // Use a fixed-size array instead of a vector for improved performance\n    unsigned long long dp[3] = {1, 1, 2}; // Base cases for cnt = 0, 1, 2\n    unsigned long long prev1, prev2, prev3;\n\n    for (int i = 3; i <= cnt; i++) {\n        prev3 = dp[0]; // dp[i-3]\n        prev2 = dp[1]; // dp[i-2]\n        prev1 = dp[2]; // dp[i-1]\n        dp[0] = prev2; // Update for dp[i]\n        dp[1] = prev1; // Update for dp[i]\n        dp[2] = prev1 + prev2 + prev3; // Calculate dp[i]\n    }\n    return dp[2]; // Return the last computed value\n}\n\nvoid Answer::OutPut() {\n    if (N == 0) return;\n    printf("%d\\n", 1 + (count(N)) / (day * year));\n}\n\nvoid Answer::set() {\n    cin >> N;\n}\n\nbool Answer::ans() {\n    set();\n    OutPut();\n    return N != 0;\n}\n\nint main() {\n    Answer ans;\n    while (ans.ans());\n    return 0;\n}')"
2025-01-23 20:02:34,496	[INFO]	Step: 48
2025-01-23 20:02:34,496	[INFO]	Stop Steps: 100
2025-01-23 20:02:34,860	[INFO]	4-9     TEST_CODE_ERROR       None (--) [2 edit(s)]  
2025-01-23 20:02:34,860	[DEBUG]	patch(4-9)="LineLLMCrossover(('source.cpp', 9), '#include <iostream>\nusing namespace std;\n\nclass Answer {\npublic:\n    Answer() : day(10), year(365) {}  // Optimized constructor from Parent 2\n    int N;\n    int day;\n    int year;\n\n    unsigned long long count(int cnt);\n    void set();\n    void OutPut();\n    bool empty();\n    bool ans();\n};\n\nunsigned long long Answer::count(int cnt) {\n    if (cnt < 0) return 0;\n    if (cnt <= 1) return cnt + 1;\n\n    unsigned long long a = 1, b = 1, c = 2;\n    for (int i = 3; i <= cnt; i++) {\n        unsigned long long temp = a + b + c;\n        a = b;\n        b = c;\n        c = temp;\n    }\n    return c;\n}\n\nvoid Answer::OutPut() {\n    if (N == 0) return;\n    printf("%d\\n", 1 + (count(N)) / (day * year));  // Improved output from Parent 4\n}\n\nvoid Answer::set() {\n    cin >> N;\n}\n\nbool Answer::empty() {\n    return N != 0;\n}\n\nbool Answer::ans() {\n    set();\n    OutPut();\n    return empty();\n}\n\nint main() {\n    Answer ans;\n    while (ans.ans());\n    return 0;\n}') | LineLLMMutation(('source.cpp', 24), '#include <iostream>\n#include <iomanip>\nusing namespace std;\n\nclass Answer {\npublic:\n    Answer() : N(0), day(10), year(365) {}  // Set N to 0 during initialization\n    int N;\n    int day;\n    int year;\n\n    unsigned long long count(int cnt);\n    void set();\n    void OutPut();\n    bool empty();\n    bool ans();\n};\n\nunsigned long long Answer::count(int cnt) {\n    if (cnt < 0) return 0;\n    if (cnt <= 1) return cnt + 1;\n\n    unsigned long long a = 1, b = 1, c = 2;\n    for (int i = 3; i <= cnt; i++) {\n        unsigned long long temp = a + b + c;\n        a = b;\n        b = c;\n        c = temp;\n    }\n    return c;\n}\n\nvoid Answer::OutPut() {\n    if (N == 0) return;\n    cout << fixed << setprecision(0) << (1 + count(N)) / (day * year) << endl;  // Use cout for better performance\n}\n\nvoid Answer::set() {\n    cin >> N;\n}\n\nbool Answer::empty() {\n    return N != 0;\n}\n\nbool Answer::ans() {\n    set();\n    OutPut();\n    return empty();\n}\n\nint main() {\n    Answer ans;\n    while (ans.ans());\n    return 0;\n}')"
2025-01-23 20:02:34,860	[INFO]	Step: 49
2025-01-23 20:02:34,860	[INFO]	Stop Steps: 100
2025-01-23 20:02:35,365	[DEBUG]	EXEC>  SUCCESS 2372724.4375
2025-01-23 20:02:35,366	[INFO]	4-10    SUCCESS               2372724.44 (11.61%) [2 edit(s)]  
2025-01-23 20:02:35,366	[DEBUG]	patch(4-10)="LineLLMCrossover(('source.cpp', 11), '#include <iostream>\nusing namespace std;\n\nclass Answer {\npublic:\n    Answer() : day(10), year(365) {}  // Constructor from Parent 1\n    int N;\n    int day;\n    int year;\n\n    unsigned long long count(int cnt);\n    void set();\n    void OutPut();\n    bool empty();\n    bool ans();\n};\n\nunsigned long long Answer::count(int cnt) {\n    if (cnt < 0) return 0;  // Error handling from Parent 3\n    if (cnt <= 1) return cnt + 1;  // Optimized base case from Parent 1\n\n    unsigned long long a = 1, b = 1, c = 2;\n    for (int i = 3; i <= cnt; i++) {\n        unsigned long long temp = a + b + c;\n        a = b;\n        b = c;\n        c = temp;\n    }\n    return c;\n}\n\nvoid Answer::OutPut() {\n    if (N == 0) return;\n    printf("%d\\n", 1 + (count(N)) / (day * year));  // Improved output\n}\n\nvoid Answer::set() {\n    cin >> N;  // Shared method\n}\n\nbool Answer::empty() {\n    return N != 0;\n}\n\nbool Answer::ans() {\n    set();\n    OutPut();\n    return empty();\n}\n\nint main() {\n    Answer ans;\n    while (ans.ans());\n    return 0;\n}') | LineLLMMutation(('source.cpp', 25), '#include <iostream>\nusing namespace std;\n\nclass Answer {\npublic:\n    Answer() : day(10), year(365) {}\n    int N;\n    int day;\n    int year;\n\n    unsigned long long count(int cnt);\n    void set();\n    void OutPut();\n    bool empty();\n    bool ans();\n};\n\nunsigned long long Answer::count(int cnt) {\n    if (cnt < 0) return 0;\n    if (cnt <= 1) return cnt + 1;\n\n    unsigned long long a = 1, b = 1, c = 2;\n    unsigned long long sequence[3] = {1, 1, 2};  // Store the first three values for quick access\n    for (int i = 3; i <= cnt; i++) {\n        unsigned long long temp = sequence[i % 3] = a + b + c;  // Use modulo for memory efficiency\n        a = b;\n        b = c;\n        c = temp;\n    }\n    return sequence[cnt % 3]; // Return the result directly from the array\n}\n\nvoid Answer::OutPut() {\n    if (N == 0) return;\n    printf("%d\\n", 1 + (count(N)) / (day * year)); \n}\n\nvoid Answer::set() {\n    cin >> N;\n}\n\nbool Answer::empty() {\n    return N != 0;\n}\n\nbool Answer::ans() {\n    set();\n    OutPut();\n    return empty();\n}\n\nint main() {\n    Answer ans;\n    while (ans.ans());\n    return 0;\n}')"
2025-01-23 20:02:35,366	[INFO]	Step: 50
2025-01-23 20:02:35,366	[INFO]	Stop Steps: 100
2025-01-23 20:02:37,052	[DEBUG]	EXEC>  SUCCESS 20411989.3125
2025-01-23 20:02:37,052	[INFO]	REF     SUCCESS               20411989.31 (--) [0 edit(s)]  
2025-01-23 20:02:37,052	[INFO]	Best patch: 14
2025-01-23 20:02:37,552	[DEBUG]	EXEC>  SUCCESS 2390375.8125
2025-01-23 20:02:37,552	[INFO]	BEST    SUCCESS              *2390375.81 (11.71%) [0 edit(s)]  
2025-01-23 20:02:37,552	[INFO]	Best patch step: 44
2025-01-23 20:03:37,722	[INFO]	Step: 50
2025-01-23 20:03:37,723	[INFO]	Stop Steps: 100
2025-01-23 20:03:38,352	[DEBUG]	EXEC>  SUCCESS 2378131.0
2025-01-23 20:03:38,352	[INFO]	5-1     SUCCESS              *2378131.00 (11.65%) [1 edit(s)]  
2025-01-23 20:03:38,352	[DEBUG]	patch(5-1)="LineLLMCrossover(('source.cpp', 14), '#include <iostream>\nusing namespace std;\n\nclass Answer {\npublic:\n    Answer() : day(10), year(365) {}  // Constructor from Parent 4\n    int N;\n    int day;\n    int year;\n\n    unsigned long long count(int cnt);\n    void set();\n    void OutPut();\n    bool empty();\n    bool ans();\n};\n\nunsigned long long Answer::count(int cnt) {\n    if (cnt < 0) return 0;  \n    if (cnt <= 1) return cnt + 1;  \n\n    unsigned long long a = 1, b = 1, c = 2;\n    for (int i = 3; i <= cnt; i++) {\n        unsigned long long temp = a + b + c;\n        a = b;\n        b = c;\n        c = temp;\n    }\n    return c;\n}\n\nvoid Answer::OutPut() {\n    if (N == 0) return;\n    printf("%d\\n", 1 + (count(N)) / (day * year));  // Improved output\n}\n\nvoid Answer::set() {\n    cin >> N;  \n}\n\nbool Answer::empty() {\n    return N != 0;\n}\n\nbool Answer::ans() {\n    set();\n    OutPut();\n    return empty();\n}\n\nint main() {\n    Answer ans;\n    while (ans.ans());\n    return 0;\n}')"

2025-01-23 20:03:38,352	[INFO]	Step: 51
2025-01-23 20:03:38,352	[INFO]	Stop Steps: 100
2025-01-23 20:03:38,861	[DEBUG]	EXEC>  SUCCESS 2431348.375
2025-01-23 20:03:38,862	[INFO]	5-2     SUCCESS               2431348.38 (11.91%) [2 edit(s)]  
2025-01-23 20:03:38,862	[DEBUG]	patch(5-2)="LineLLMCrossover(('source.cpp', 10), '#include <iostream>\n#include <vector>\nusing namespace std;\n\nclass Answer {\npublic:\n    Answer() : day(10), year(365) {}\n    int N;\n    int day;\n    int year;\n\n    unsigned long long count(int cnt);\n    void set();\n    void OutPut();\n    bool ans();\n};\n\nunsigned long long Answer::count(int cnt) {\n    if (cnt < 0) return 0;\n    if (cnt <= 1) return cnt + 1;\n\n    vector<unsigned long long> dp(cnt + 1);\n    dp[0] = 1; // Base case\n    dp[1] = 1; // Base case\n    dp[2] = 2; // Base case\n    for (int i = 3; i <= cnt; i++) {\n        dp[i] = dp[i - 1] + dp[i - 2] + dp[i - 3]; // Using previously computed values\n    }\n    return dp[cnt];\n}\n\nvoid Answer::OutPut() {\n    if (N == 0) return;\n    printf("%d\\n", 1 + (count(N)) / (day * year));\n}\n\nvoid Answer::set() {\n    cin >> N;\n}\n\nbool Answer::ans() {\n    set();\n    OutPut();\n    return N != 0;\n}\n\nint main() {\n    Answer ans;\n    while (ans.ans());\n    return 0;\n}') | LineLLMMutation(('source.cpp', 23), '#include <iostream>\n#include <vector>\nusing namespace std;\n\nclass Answer {\npublic:\n    Answer() : day(10), year(365) {}\n    int N;\n    int day;\n    int year;\n\n    unsigned long long count(int cnt);\n    void set();\n    void OutPut();\n    bool ans();\n};\n\nunsigned long long Answer::count(int cnt) {\n    if (cnt < 0) return 0;\n    if (cnt <= 1) return cnt + 1;\n\n    // Use a fixed-size array instead of a vector for improved performance\n    unsigned long long dp[3] = {1, 1, 2}; // Base cases for cnt = 0, 1, 2\n    unsigned long long prev1, prev2, prev3;\n\n    for (int i = 3; i <= cnt; i++) {\n        prev3 = dp[0]; // dp[i-3]\n        prev2 = dp[1]; // dp[i-2]\n        prev1 = dp[2]; // dp[i-1]\n        dp[0] = prev2; // Update for dp[i]\n        dp[1] = prev1; // Update for dp[i]\n        dp[2] = prev1 + prev2 + prev3; // Calculate dp[i]\n    }\n    return dp[2]; // Return the last computed value\n}\n\nvoid Answer::OutPut() {\n    if (N == 0) return;\n    printf("%d\\n", 1 + (count(N)) / (day * year));\n}\n\nvoid Answer::set() {\n    cin >> N;\n}\n\nbool Answer::ans() {\n    set();\n    OutPut();\n    return N != 0;\n}\n\nint main() {\n    Answer ans;\n    while (ans.ans());\n    return 0;\n}')"
2025-01-23 20:03:38,862	[INFO]	Step: 52
2025-01-23 20:03:38,862	[INFO]	Stop Steps: 100
2025-01-23 20:03:39,360	[DEBUG]	EXEC>  SUCCESS 2376693.0625
2025-01-23 20:03:39,361	[INFO]	5-3     SUCCESS              *2376693.06 (11.64%) [1 edit(s)]  
2025-01-23 20:03:39,361	[DEBUG]	patch(5-3)="LineLLMCrossover(('source.cpp', 16), '#include <iostream>\nusing namespace std;\n\nclass Answer {\npublic:\n    Answer() : day(10), year(365) {}  // Constructor from Parent 1\n    int N;\n    int day;\n    int year;\n\n    unsigned long long count(int cnt);\n    void set();\n    void OutPut();\n    bool empty();\n    bool ans();\n};\n\nunsigned long long Answer::count(int cnt) {\n    if (cnt < 0) return 0;\n    if (cnt <= 1) return cnt + 1;\n\n    // Use a fixed-size array instead of a vector for improved performance\n    unsigned long long dp[3] = {1, 1, 2}; // Base cases for cnt = 0, 1, 2\n    unsigned long long prev1, prev2, prev3;\n\n    for (int i = 3; i <= cnt; i++) {\n        prev3 = dp[0]; // dp[i-3]\n        prev2 = dp[1]; // dp[i-2]\n        prev1 = dp[2]; // dp[i-1]\n        dp[0] = prev2; // Update for dp[i]\n        dp[1] = prev1; // Update for dp[i]\n        dp[2] = prev1 + prev2 + prev3; // Calculate dp[i]\n    }\n    return dp[2]; // Return the last computed value\n}\n\nvoid Answer::OutPut() {\n    if (N == 0) return;\n    printf("%d\\n", 1 + (count(N)) / (day * year));  // Improved output\n}\n\nvoid Answer::set() {\n    cin >> N;\n}\n\nbool Answer::empty() {\n    return N != 0;\n}\n\nbool Answer::ans() {\n    set();\n    OutPut();\n    return empty();\n}\n\nint main() {\n    Answer ans;\n    while (ans.ans());\n    return 0;\n}')"

2025-01-23 20:03:39,361	[INFO]	Step: 53
2025-01-23 20:03:39,361	[INFO]	Stop Steps: 100
2025-01-23 20:03:39,873	[DEBUG]	EXEC>  SUCCESS 2439269.375
2025-01-23 20:03:39,873	[INFO]	5-4     SUCCESS               2439269.38 (11.95%) [1 edit(s)]  
2025-01-23 20:03:39,873	[DEBUG]	patch(5-4)="LineLLMCrossover(('source.cpp', 17), '#include <iostream>\nusing namespace std;\n\nclass Answer {\npublic:\n    Answer() : day(10), year(365) {}  // Constructor from Parent 4\n    int N;\n    int day;\n    int year;\n\n    unsigned long long count(int cnt);\n    void set();\n    void OutPut();\n    bool empty();\n    bool ans();\n};\n\nunsigned long long Answer::count(int cnt) {\n    if (cnt < 0) return 0;\n    if (cnt <= 1) return cnt + 1;\n\n    unsigned long long sequence[3] = {1, 1, 2};  // Store the first three values for quick access\n    unsigned long long a = 1, b = 1, c = 2;\n    for (int i = 3; i <= cnt; i++) {\n        sequence[i % 3] = a + b + c;  // Use modulo for memory efficiency\n        a = b;\n        b = c;\n        c = sequence[i % 3];\n    }\n    return sequence[cnt % 3]; // Return the result directly from the array\n}\n\nvoid Answer::OutPut() {\n    if (N == 0) return;\n    printf("%d\\n", 1 + (count(N)) / (day * year));  \n}\n\nvoid Answer::set() {\n    cin >> N;  \n}\n\nbool Answer::empty() {\n    return N != 0;\n}\n\nbool Answer::ans() {\n    set();\n    OutPut();\n    return empty();\n}\n\nint main() {\n    Answer ans;\n    while (ans.ans());\n    return 0;\n}')"
2025-01-23 20:03:39,873	[INFO]	Step: 54
2025-01-23 20:03:39,873	[INFO]	Stop Steps: 100
2025-01-23 20:03:40,382	[DEBUG]	EXEC>  SUCCESS 2416591.6875
2025-01-23 20:03:40,383	[INFO]	5-5     SUCCESS               2416591.69 (11.84%) [1 edit(s)]  
2025-01-23 20:03:40,383	[DEBUG]	patch(5-5)="LineLLMCrossover(('source.cpp', 18), '#include <iostream>\nusing namespace std;\n\nclass Answer {\npublic:\n    int N;\n    int day = 10;  // Default member initializer from Parent 3\n    int year = 365;  // Default member initializer from Parent 3\n\n    unsigned long long count(int cnt);\n    void set();\n    void OutPut();\n    bool empty();\n    bool ans();\n};\n\nunsigned long long Answer::count(int cnt) {\n    if (cnt < 0) return 0;  \n    if (cnt <= 1) return cnt + 1;  \n\n    unsigned long long a = 1, b = 1, c = 2;\n    for (int i = 3; i <= cnt; i++) {\n        unsigned long long temp = a + b + c;\n        a = b;\n        b = c;\n        c = temp;\n    }\n    return c;\n}\n\nvoid Answer::OutPut() {\n    if (N == 0) return;\n    printf("%d\\n", 1 + (count(N)) / (day * year));  \n}\n\nvoid Answer::set() {\n    cin >> N;  \n}\n\nbool Answer::empty() {\n    return N != 0;\n}\n\nbool Answer::ans() {\n    set();\n    OutPut();\n    return empty();\n}\n\nint main() {\n    Answer ans;\n    while (ans.ans());\n    return 0;\n}')"
2025-01-23 20:03:40,383	[INFO]	Step: 55
2025-01-23 20:03:40,383	[INFO]	Stop Steps: 100
2025-01-23 20:03:40,905	[DEBUG]	EXEC>  SUCCESS 2563291.375
2025-01-23 20:03:40,905	[INFO]	5-6     SUCCESS               2563291.38 (12.56%) [1 edit(s)]  
2025-01-23 20:03:40,905	[DEBUG]	patch(5-6)="LineLLMCrossover(('source.cpp', 19), '#include <iostream>\nusing namespace std;\n\nclass Answer {\npublic:\n    Answer() : day(10), year(365) {}\n    int N;\n    int day;\n    int year;\n\n    unsigned long long count(int cnt);\n    void set();\n    void OutPut();\n    bool ans();\n};\n\nunsigned long long Answer::count(int cnt) {\n    if (cnt < 0) return 0;\n    if (cnt <= 1) return cnt + 1;\n\n    unsigned long long dp[3] = {1, 1, 2}; // Base cases for cnt = 0, 1, 2\n    for (int i = 3; i <= cnt; i++) {\n        dp[i % 3] = dp[(i - 1) % 3] + dp[(i - 2) % 3] + dp[(i - 3) % 3]; // Calculate dp[i] using modulo\n    }\n    return dp[cnt % 3];\n}\n\nvoid Answer::OutPut() {\n    if (N == 0) return;\n    printf("%d\\n", 1 + (count(N)) / (day * year));\n}\n\nvoid Answer::set() {\n    cin >> N;\n}\n\nbool Answer::ans() {\n    set();\n    OutPut();\n    return N != 0;\n}\n\nint main() {\n    Answer ans;\n    while (ans.ans());\n    return 0;\n}')"
2025-01-23 20:03:40,905	[INFO]	Step: 56
2025-01-23 20:03:40,905	[INFO]	Stop Steps: 100
2025-01-23 20:03:41,232	[INFO]	5-7     TEST_CODE_ERROR       None (--) [2 edit(s)]  
2025-01-23 20:03:41,232	[DEBUG]	patch(5-7)="LineLLMCrossover(('source.cpp', 14), '#include <iostream>\nusing namespace std;\n\nclass Answer {\npublic:\n    Answer() : day(10), year(365) {}  // Constructor from Parent 4\n    int N;\n    int day;\n    int year;\n\n    unsigned long long count(int cnt);\n    void set();\n    void OutPut();\n    bool empty();\n    bool ans();\n};\n\nunsigned long long Answer::count(int cnt) {\n    if (cnt < 0) return 0;  \n    if (cnt <= 1) return cnt + 1;  \n\n    unsigned long long a = 1, b = 1, c = 2;\n    for (int i = 3; i <= cnt; i++) {\n        unsigned long long temp = a + b + c;\n        a = b;\n        b = c;\n        c = temp;\n    }\n    return c;\n}\n\nvoid Answer::OutPut() {\n    if (N == 0) return;\n    printf("%d\\n", 1 + (count(N)) / (day * year));  // Improved output\n}\n\nvoid Answer::set() {\n    cin >> N;  \n}\n\nbool Answer::empty() {\n    return N != 0;\n}\n\nbool Answer::ans() {\n    set();\n    OutPut();\n    return empty();\n}\n\nint main() {\n    Answer ans;\n    while (ans.ans());\n    return 0;\n}') | LineLLMMutation(('source.cpp', 26), '#include <iostream>\nusing namespace std;\n\nclass Answer {\npublic:\n    Answer() : day(10), year(365), N(0) {}  // Initialize N to avoid uninitialized usage\n    int N;\n    int day;\n    int year;\n\n    unsigned long long count(int cnt);\n    void set();\n    void OutPut();\n    bool empty();\n    bool ans();\n};\n\nunsigned long long Answer::count(int cnt) {\n    if (cnt < 0) return 0;  \n    if (cnt == 0) return 1;  // Base case for cnt = 0\n    if (cnt == 1) return 2;  // Base case for cnt = 1\n\n    unsigned long long a = 1, b = 2, c = 3;  // Optimized base cases\n    for (int i = 3; i <= cnt; i++) {\n        unsigned long long temp = a + b + c;\n        a = b;\n        b = c;\n        c = temp;\n    }\n    return c;\n}\n\nvoid Answer::OutPut() {\n    if (N == 0) return;\n    printf("%llu\\n", (count(N)) / (day * year));  // Use %llu for unsigned long long\n}\n\nvoid Answer::set() {\n    cin >> N;  \n}\n\nbool Answer::empty() {\n    return N == 0;  // Simplified return statement\n}\n\nbool Answer::ans() {\n    set();\n    OutPut();\n    return empty();\n}\n\nint main() {\n    Answer ans;\n    while (ans.ans());\n    return 0;\n}')"
2025-01-23 20:03:41,232	[INFO]	Step: 57
2025-01-23 20:03:41,232	[INFO]	Stop Steps: 100
2025-01-23 20:03:41,571	[INFO]	5-8     TEST_CODE_ERROR       None (--) [3 edit(s)]  
2025-01-23 20:03:41,571	[DEBUG]	patch(5-8)="LineLLMCrossover(('source.cpp', 10), '#include <iostream>\n#include <vector>\nusing namespace std;\n\nclass Answer {\npublic:\n    Answer() : day(10), year(365) {}\n    int N;\n    int day;\n    int year;\n\n    unsigned long long count(int cnt);\n    void set();\n    void OutPut();\n    bool ans();\n};\n\nunsigned long long Answer::count(int cnt) {\n    if (cnt < 0) return 0;\n    if (cnt <= 1) return cnt + 1;\n\n    vector<unsigned long long> dp(cnt + 1);\n    dp[0] = 1; // Base case\n    dp[1] = 1; // Base case\n    dp[2] = 2; // Base case\n    for (int i = 3; i <= cnt; i++) {\n        dp[i] = dp[i - 1] + dp[i - 2] + dp[i - 3]; // Using previously computed values\n    }\n    return dp[cnt];\n}\n\nvoid Answer::OutPut() {\n    if (N == 0) return;\n    printf("%d\\n", 1 + (count(N)) / (day * year));\n}\n\nvoid Answer::set() {\n    cin >> N;\n}\n\nbool Answer::ans() {\n    set();\n    OutPut();\n    return N != 0;\n}\n\nint main() {\n    Answer ans;\n    while (ans.ans());\n    return 0;\n}') | LineLLMMutation(('source.cpp', 23), '#include <iostream>\n#include <vector>\nusing namespace std;\n\nclass Answer {\npublic:\n    Answer() : day(10), year(365) {}\n    int N;\n    int day;\n    int year;\n\n    unsigned long long count(int cnt);\n    void set();\n    void OutPut();\n    bool ans();\n};\n\nunsigned long long Answer::count(int cnt) {\n    if (cnt < 0) return 0;\n    if (cnt <= 1) return cnt + 1;\n\n    // Use a fixed-size array instead of a vector for improved performance\n    unsigned long long dp[3] = {1, 1, 2}; // Base cases for cnt = 0, 1, 2\n    unsigned long long prev1, prev2, prev3;\n\n    for (int i = 3; i <= cnt; i++) {\n        prev3 = dp[0]; // dp[i-3]\n        prev2 = dp[1]; // dp[i-2]\n        prev1 = dp[2]; // dp[i-1]\n        dp[0] = prev2; // Update for dp[i]\n        dp[1] = prev1; // Update for dp[i]\n        dp[2] = prev1 + prev2 + prev3; // Calculate dp[i]\n    }\n    return dp[2]; // Return the last computed value\n}\n\nvoid Answer::OutPut() {\n    if (N == 0) return;\n    printf("%d\\n", 1 + (count(N)) / (day * year));\n}\n\nvoid Answer::set() {\n    cin >> N;\n}\n\nbool Answer::ans() {\n    set();\n    OutPut();\n    return N != 0;\n}\n\nint main() {\n    Answer ans;\n    while (ans.ans());\n    return 0;\n}') | LineLLMMutation(('source.cpp', 27), '#include <iostream>\n#include <vector>\nusing namespace std;\n\nclass Answer {\npublic:\n    Answer() : day(10), year(365) {}\n    int N;\n    int day;\n    int year;\n\n    unsigned long long count(int cnt);\n    void set();\n    void OutPut();\n    bool ans();\n};\n\nunsigned long long Answer::count(int cnt) {\n    if (cnt < 0) return 0;\n    if (cnt <= 1) return cnt + 1;\n\n    unsigned long long prev1 = 1, prev2 = 1, prev3 = 2; // Base cases for cnt = 0, 1, 2\n    unsigned long long current;\n\n    for (int i = 3; i <= cnt; i++) {\n        current = prev1 + prev2 + prev3; // Calculate current value\n        prev3 = prev2; // Move prev3 to prev2\n        prev2 = prev1; // Move prev2 to prev1\n        prev1 = current; // Update prev1 to current\n    }\n    return prev1; // Return the last computed value\n}\n\nvoid Answer::OutPut() {\n    if (N == 0) return;\n    printf("%d\\n", 1 + (count(N)) / (day * year));\n}\n\nvoid Answer::set() {\n    cin >> N;\n}\n\nbool Answer::ans() {\n    set();\n    OutPut();\n    return N != 0;\n}\n\nint main() {\n    Answer ans;\n    while (ans.ans());\n    return 0;\n}')"
2025-01-23 20:03:41,571	[INFO]	Step: 58
2025-01-23 20:03:41,571	[INFO]	Stop Steps: 100
2025-01-23 20:03:41,896	[INFO]	5-9     TEST_CODE_ERROR       None (--) [3 edit(s)]  
2025-01-23 20:03:41,896	[DEBUG]	patch(5-9)="LineLLMCrossover(('source.cpp', 7), '#include<iostream>\nusing namespace std;\n\nclass Answer {\npublic:\n    Answer() : day(10), year(365) {}  // Constructor from Parent 2\n    int N;\n    int day;\n    int year;\n\n    unsigned long long count(int cnt);\n    void set();\n    void OutPut();\n    bool empty();\n    bool ans();\n};\n\nunsigned long long Answer::count(int cnt) {\n    if (cnt < 0) return 0;  // Error handling from Parent 3\n    if (cnt <= 1) return cnt + 1;  // Optimized base case from Parent 1\n\n    unsigned long long a = 1, b = 1, c = 2;\n    for (int i = 3; i <= cnt; i++) {\n        unsigned long long temp = a + b + c;\n        a = b;\n        b = c;\n        c = temp;\n    }\n    return c;\n}\n\nvoid Answer::OutPut() {\n    if (N == 0) return;\n    printf("%d\\n", 1 + (count(N)) / (day * year));  // Improved output\n}\n\nvoid Answer::set() {\n    cin >> N;  // Shared method\n}\n\nbool Answer::empty() {\n    return N != 0;\n}\n\nbool Answer::ans() {\n    set();\n    OutPut();\n    return empty();\n}\n\nint main() {\n    Answer ans;\n    while (ans.ans());\n    return 0;\n}') | LineLLMMutation(('source.cpp', 22), '#include<iostream>\nusing namespace std;\n\nclass Answer {\npublic:\n    int N;\n    int day = 10;  // Default member initializer\n    int year = 365;  // Default member initializer\n\n    unsigned long long count(int cnt);\n    void set();\n    void OutPut();\n    bool empty();\n    bool ans();\n};\n\nunsigned long long Answer::count(int cnt) {\n    if (cnt < 0) return 0;  \n    if (cnt <= 1) return cnt + 1;  \n\n    unsigned long long a = 1, b = 1, c = 2;\n    for (int i = 3; i <= cnt; i++) {\n        unsigned long long temp = a + b + c;\n        a = b;\n        b = c;\n        c = temp;\n    }\n    return c;\n}\n\nvoid Answer::OutPut() {\n    if (N == 0) return;\n    printf("%d\\n", 1 + (count(N)) / (day * year));  \n}\n\nvoid Answer::set() {\n    cin >> N;  \n}\n\nbool Answer::empty() {\n    return N != 0;\n}\n\nbool Answer::ans() {\n    set();\n    OutPut();\n    return empty();\n}\n\nint main() {\n    Answer ans;\n    while (ans.ans());\n    return 0;\n}') | LineLLMMutation(('source.cpp', 28), '#include <iostream>\nusing namespace std;\n\nclass Answer {\npublic:\n    int N;\n    int day = 10;  // Default member initializer\n    int year = 365;  // Default member initializer\n\n    unsigned long long count(int cnt);\n    void set();\n    void OutPut();\n    bool empty();\n    bool ans();\n};\n\nunsigned long long Answer::count(int cnt) {\n    if (cnt < 0) return 0;  \n    if (cnt <= 1) return cnt + 1;  \n\n    // Optimized calculation using the closed-form formula for the sum of a series\n    return (cnt <= 2) ? cnt + 1 : (1 << (cnt - 1)); // 2^(cnt-1) for cnt >= 3\n}\n\nvoid Answer::OutPut() {\n    if (N == 0) return;\n    printf("%d\\n", 1 + (count(N)) / (day * year));  \n}\n\nvoid Answer::set() {\n    cin >> N;  \n}\n\nbool Answer::empty() {\n    return N != 0;\n}\n\nbool Answer::ans() {\n    set();\n    OutPut();\n    return empty();\n}\n\nint main() {\n    Answer ans;\n    while (ans.ans());\n    return 0;\n}')"
2025-01-23 20:03:41,896	[INFO]	Step: 59
2025-01-23 20:03:41,896	[INFO]	Stop Steps: 100
2025-01-23 20:03:42,542	[DEBUG]	EXEC>  SUCCESS 2361637.1875
2025-01-23 20:03:42,542	[INFO]	5-10    SUCCESS              *2361637.19 (11.57%) [3 edit(s)]  
2025-01-23 20:03:42,542	[DEBUG]	patch(5-10)="LineLLMCrossover(('source.cpp', 11), '#include <iostream>\nusing namespace std;\n\nclass Answer {\npublic:\n    Answer() : day(10), year(365) {}  // Constructor from Parent 1\n    int N;\n    int day;\n    int year;\n\n    unsigned long long count(int cnt);\n    void set();\n    void OutPut();\n    bool empty();\n    bool ans();\n};\n\nunsigned long long Answer::count(int cnt) {\n    if (cnt < 0) return 0;  // Error handling from Parent 3\n    if (cnt <= 1) return cnt + 1;  // Optimized base case from Parent 1\n\n    unsigned long long a = 1, b = 1, c = 2;\n    for (int i = 3; i <= cnt; i++) {\n        unsigned long long temp = a + b + c;\n        a = b;\n        b = c;\n        c = temp;\n    }\n    return c;\n}\n\nvoid Answer::OutPut() {\n    if (N == 0) return;\n    printf("%d\\n", 1 + (count(N)) / (day * year));  // Improved output\n}\n\nvoid Answer::set() {\n    cin >> N;  // Shared method\n}\n\nbool Answer::empty() {\n    return N != 0;\n}\n\nbool Answer::ans() {\n    set();\n    OutPut();\n    return empty();\n}\n\nint main() {\n    Answer ans;\n    while (ans.ans());\n    return 0;\n}') | LineLLMMutation(('source.cpp', 25), '#include <iostream>\nusing namespace std;\n\nclass Answer {\npublic:\n    Answer() : day(10), year(365) {}\n    int N;\n    int day;\n    int year;\n\n    unsigned long long count(int cnt);\n    void set();\n    void OutPut();\n    bool empty();\n    bool ans();\n};\n\nunsigned long long Answer::count(int cnt) {\n    if (cnt < 0) return 0;\n    if (cnt <= 1) return cnt + 1;\n\n    unsigned long long a = 1, b = 1, c = 2;\n    unsigned long long sequence[3] = {1, 1, 2};  // Store the first three values for quick access\n    for (int i = 3; i <= cnt; i++) {\n        unsigned long long temp = sequence[i % 3] = a + b + c;  // Use modulo for memory efficiency\n        a = b;\n        b = c;\n        c = temp;\n    }\n    return sequence[cnt % 3]; // Return the result directly from the array\n}\n\nvoid Answer::OutPut() {\n    if (N == 0) return;\n    printf("%d\\n", 1 + (count(N)) / (day * year)); \n}\n\nvoid Answer::set() {\n    cin >> N;\n}\n\nbool Answer::empty() {\n    return N != 0;\n}\n\nbool Answer::ans() {\n    set();\n    OutPut();\n    return empty();\n}\n\nint main() {\n    Answer ans;\n    while (ans.ans());\n    return 0;\n}') | LineLLMMutation(('source.cpp', 29), '#include <iostream>\nusing namespace std;\n\nclass Answer {\npublic:\n    Answer() : day(10), year(365) {}\n    int N;\n    int day;\n    int year;\n\n    unsigned long long count(int cnt);\n    void set();\n    void OutPut();\n    bool empty();\n    bool ans();\n};\n\nunsigned long long Answer::count(int cnt) {\n    if (cnt < 0) return 0;\n    if (cnt <= 1) return cnt + 1;\n\n    unsigned long long a = 1, b = 1, c = 2; // Initialize the first three values\n    for (int i = 3; i <= cnt; i++) {\n        unsigned long long temp = a + b + c; // Calculate the next value\n        a = b;  // Move forward in the sequence\n        b = c;  \n        c = temp; \n    }\n    return c; // Return the last computed value directly\n}\n\nvoid Answer::OutPut() {\n    if (N == 0) return;\n    printf("%d\\n", 1 + (count(N)) / (day * year)); \n}\n\nvoid Answer::set() {\n    cin >> N;\n}\n\nbool Answer::empty() {\n    return N != 0;\n}\n\nbool Answer::ans() {\n    set();\n    OutPut();\n    return empty();\n}\n\nint main() {\n    Answer ans;\n    while (ans.ans());\n    return 0;\n}')"

2025-01-23 20:03:42,542	[INFO]	Step: 60
2025-01-23 20:03:42,542	[INFO]	Stop Steps: 100
2025-01-23 20:03:44,261	[DEBUG]	EXEC>  SUCCESS 20453051.8125
2025-01-23 20:03:44,261	[INFO]	REF     SUCCESS               20453051.81 (--) [0 edit(s)]  
2025-01-23 20:03:44,261	[INFO]	Best patch: 11_25_29
2025-01-23 20:03:44,751	[DEBUG]	EXEC>  SUCCESS 2384156.375
2025-01-23 20:03:44,751	[INFO]	BEST    SUCCESS              *2384156.38 (11.66%) [0 edit(s)]  
2025-01-23 20:03:44,751	[INFO]	Best patch step: 59
2025-01-23 20:04:43,851	[INFO]	Step: 60
2025-01-23 20:04:43,851	[INFO]	Stop Steps: 100
2025-01-23 20:04:44,470	[DEBUG]	EXEC>  SUCCESS 2376465.4375
2025-01-23 20:04:44,470	[INFO]	6-1     SUCCESS              *2376465.44 (11.62%) [3 edit(s)]  
2025-01-23 20:04:44,470	[DEBUG]	patch(6-1)="LineLLMCrossover(('source.cpp', 11), '#include <iostream>\nusing namespace std;\n\nclass Answer {\npublic:\n    Answer() : day(10), year(365) {}  // Constructor from Parent 1\n    int N;\n    int day;\n    int year;\n\n    unsigned long long count(int cnt);\n    void set();\n    void OutPut();\n    bool empty();\n    bool ans();\n};\n\nunsigned long long Answer::count(int cnt) {\n    if (cnt < 0) return 0;  // Error handling from Parent 3\n    if (cnt <= 1) return cnt + 1;  // Optimized base case from Parent 1\n\n    unsigned long long a = 1, b = 1, c = 2;\n    for (int i = 3; i <= cnt; i++) {\n        unsigned long long temp = a + b + c;\n        a = b;\n        b = c;\n        c = temp;\n    }\n    return c;\n}\n\nvoid Answer::OutPut() {\n    if (N == 0) return;\n    printf("%d\\n", 1 + (count(N)) / (day * year));  // Improved output\n}\n\nvoid Answer::set() {\n    cin >> N;  // Shared method\n}\n\nbool Answer::empty() {\n    return N != 0;\n}\n\nbool Answer::ans() {\n    set();\n    OutPut();\n    return empty();\n}\n\nint main() {\n    Answer ans;\n    while (ans.ans());\n    return 0;\n}') | LineLLMMutation(('source.cpp', 25), '#include <iostream>\nusing namespace std;\n\nclass Answer {\npublic:\n    Answer() : day(10), year(365) {}\n    int N;\n    int day;\n    int year;\n\n    unsigned long long count(int cnt);\n    void set();\n    void OutPut();\n    bool empty();\n    bool ans();\n};\n\nunsigned long long Answer::count(int cnt) {\n    if (cnt < 0) return 0;\n    if (cnt <= 1) return cnt + 1;\n\n    unsigned long long a = 1, b = 1, c = 2;\n    unsigned long long sequence[3] = {1, 1, 2};  // Store the first three values for quick access\n    for (int i = 3; i <= cnt; i++) {\n        unsigned long long temp = sequence[i % 3] = a + b + c;  // Use modulo for memory efficiency\n        a = b;\n        b = c;\n        c = temp;\n    }\n    return sequence[cnt % 3]; // Return the result directly from the array\n}\n\nvoid Answer::OutPut() {\n    if (N == 0) return;\n    printf("%d\\n", 1 + (count(N)) / (day * year)); \n}\n\nvoid Answer::set() {\n    cin >> N;\n}\n\nbool Answer::empty() {\n    return N != 0;\n}\n\nbool Answer::ans() {\n    set();\n    OutPut();\n    return empty();\n}\n\nint main() {\n    Answer ans;\n    while (ans.ans());\n    return 0;\n}') | LineLLMMutation(('source.cpp', 29), '#include <iostream>\nusing namespace std;\n\nclass Answer {\npublic:\n    Answer() : day(10), year(365) {}\n    int N;\n    int day;\n    int year;\n\n    unsigned long long count(int cnt);\n    void set();\n    void OutPut();\n    bool empty();\n    bool ans();\n};\n\nunsigned long long Answer::count(int cnt) {\n    if (cnt < 0) return 0;\n    if (cnt <= 1) return cnt + 1;\n\n    unsigned long long a = 1, b = 1, c = 2; // Initialize the first three values\n    for (int i = 3; i <= cnt; i++) {\n        unsigned long long temp = a + b + c; // Calculate the next value\n        a = b;  // Move forward in the sequence\n        b = c;  \n        c = temp; \n    }\n    return c; // Return the last computed value directly\n}\n\nvoid Answer::OutPut() {\n    if (N == 0) return;\n    printf("%d\\n", 1 + (count(N)) / (day * year)); \n}\n\nvoid Answer::set() {\n    cin >> N;\n}\n\nbool Answer::empty() {\n    return N != 0;\n}\n\nbool Answer::ans() {\n    set();\n    OutPut();\n    return empty();\n}\n\nint main() {\n    Answer ans;\n    while (ans.ans());\n    return 0;\n}')"

2025-01-23 20:04:44,470	[INFO]	Step: 61
2025-01-23 20:04:44,470	[INFO]	Stop Steps: 100
2025-01-23 20:04:44,955	[DEBUG]	EXEC>  SUCCESS 2372656.75
2025-01-23 20:04:44,955	[INFO]	6-2     SUCCESS              *2372656.75 (11.60%) [1 edit(s)]  
2025-01-23 20:04:44,955	[DEBUG]	patch(6-2)="LineLLMCrossover(('source.cpp', 16), '#include <iostream>\nusing namespace std;\n\nclass Answer {\npublic:\n    Answer() : day(10), year(365) {}  // Constructor from Parent 1\n    int N;\n    int day;\n    int year;\n\n    unsigned long long count(int cnt);\n    void set();\n    void OutPut();\n    bool empty();\n    bool ans();\n};\n\nunsigned long long Answer::count(int cnt) {\n    if (cnt < 0) return 0;\n    if (cnt <= 1) return cnt + 1;\n\n    // Use a fixed-size array instead of a vector for improved performance\n    unsigned long long dp[3] = {1, 1, 2}; // Base cases for cnt = 0, 1, 2\n    unsigned long long prev1, prev2, prev3;\n\n    for (int i = 3; i <= cnt; i++) {\n        prev3 = dp[0]; // dp[i-3]\n        prev2 = dp[1]; // dp[i-2]\n        prev1 = dp[2]; // dp[i-1]\n        dp[0] = prev2; // Update for dp[i]\n        dp[1] = prev1; // Update for dp[i]\n        dp[2] = prev1 + prev2 + prev3; // Calculate dp[i]\n    }\n    return dp[2]; // Return the last computed value\n}\n\nvoid Answer::OutPut() {\n    if (N == 0) return;\n    printf("%d\\n", 1 + (count(N)) / (day * year));  // Improved output\n}\n\nvoid Answer::set() {\n    cin >> N;\n}\n\nbool Answer::empty() {\n    return N != 0;\n}\n\nbool Answer::ans() {\n    set();\n    OutPut();\n    return empty();\n}\n\nint main() {\n    Answer ans;\n    while (ans.ans());\n    return 0;\n}')"

2025-01-23 20:04:44,955	[INFO]	Step: 62
2025-01-23 20:04:44,955	[INFO]	Stop Steps: 100
2025-01-23 20:04:45,458	[DEBUG]	EXEC>  SUCCESS 2406664.125
2025-01-23 20:04:45,458	[INFO]	6-3     SUCCESS               2406664.12 (11.77%) [1 edit(s)]  
2025-01-23 20:04:45,458	[DEBUG]	patch(6-3)="LineLLMCrossover(('source.cpp', 20), '#include <iostream>\nusing namespace std;\n\nclass Answer {\npublic:\n    Answer() : day(10), year(365) {}\n    int N;\n    int day;\n    int year;\n\n    unsigned long long count(int cnt);\n    void set();\n    void OutPut();\n    bool empty();\n    bool ans();\n};\n\nunsigned long long Answer::count(int cnt) {\n    if (cnt < 0) return 0;\n    if (cnt <= 1) return cnt + 1;\n\n    unsigned long long dp[3] = {1, 1, 2}; // Use a fixed-size array for performance\n    unsigned long long prev1, prev2, prev3;\n\n    for (int i = 3; i <= cnt; i++) {\n        prev3 = dp[0];\n        prev2 = dp[1];\n        prev1 = dp[2];\n        dp[0] = prev2;\n        dp[1] = prev1;\n        dp[2] = prev1 + prev2 + prev3;\n    }\n    return dp[2];\n}\n\nvoid Answer::OutPut() {\n    if (N == 0) return;\n    printf("%d\\n", 1 + (count(N)) / (day * year));\n}\n\nvoid Answer::set() {\n    cin >> N;\n}\n\nbool Answer::empty() {\n    return N != 0;\n}\n\nbool Answer::ans() {\n    set();\n    OutPut();\n    return empty();\n}\n\nint main() {\n    Answer ans;\n    while (ans.ans());\n    return 0;\n}')"
2025-01-23 20:04:45,458	[INFO]	Step: 63
2025-01-23 20:04:45,458	[INFO]	Stop Steps: 100
2025-01-23 20:04:45,943	[DEBUG]	EXEC>  SUCCESS 2379621.5
2025-01-23 20:04:45,943	[INFO]	6-4     SUCCESS               2379621.50 (11.63%) [1 edit(s)]  
2025-01-23 20:04:45,943	[DEBUG]	patch(6-4)="LineLLMCrossover(('source.cpp', 21), '#include <iostream>\nusing namespace std;\n\nclass Answer {\npublic:\n    Answer() : day(10), year(365) {}\n    int N;\n    int day;\n    int year;\n\n    unsigned long long count(int cnt);\n    void set();\n    void OutPut();\n    bool empty();\n    bool ans();\n};\n\nunsigned long long Answer::count(int cnt) {\n    if (cnt < 0) return 0;\n    if (cnt <= 1) return cnt + 1;\n\n    unsigned long long a = 1, b = 1, c = 2;\n    for (int i = 3; i <= cnt; i++) {\n        unsigned long long temp = a + b + c;\n        a = b;\n        b = c;\n        c = temp;\n    }\n    return c;\n}\n\nvoid Answer::OutPut() {\n    if (N == 0) return;\n    printf("%d\\n", 1 + (count(N)) / (day * year));\n}\n\nvoid Answer::set() {\n    cin >> N;\n}\n\nbool Answer::empty() {\n    return N != 0;\n}\n\nbool Answer::ans() {\n    set();\n    OutPut();\n    return empty();\n}\n\nint main() {\n    Answer ans;\n    while (ans.ans());\n    return 0;\n}')"
2025-01-23 20:04:45,943	[INFO]	Step: 64
2025-01-23 20:04:45,943	[INFO]	Stop Steps: 100
2025-01-23 20:04:46,466	[DEBUG]	EXEC>  SUCCESS 2442886.3125
2025-01-23 20:04:46,466	[INFO]	6-5     SUCCESS               2442886.31 (11.94%) [1 edit(s)]  
2025-01-23 20:04:46,467	[DEBUG]	patch(6-5)="LineLLMCrossover(('source.cpp', 22), '#include <iostream>\nusing namespace std;\n\nclass Answer {\npublic:\n    Answer() : day(10), year(365) {}\n    int N;\n    int day;\n    int year;\n\n    unsigned long long count(int cnt);\n    void set();\n    void OutPut();\n    bool empty();\n    bool ans();\n};\n\nunsigned long long Answer::count(int cnt) {\n    if (cnt < 0) return 0;\n    if (cnt <= 1) return cnt + 1;\n\n    unsigned long long dp[3] = {1, 1, 2}; // Fixed-size array for dynamic programming\n    for (int i = 3; i <= cnt; i++) {\n        dp[i % 3] = dp[(i - 1) % 3] + dp[(i - 2) % 3] + dp[(i - 3) % 3];\n    }\n    return dp[cnt % 3];\n}\n\nvoid Answer::OutPut() {\n    if (N == 0) return;\n    printf("%d\\n", 1 + (count(N)) / (day * year));\n}\n\nvoid Answer::set() {\n    cin >> N;\n}\n\nbool Answer::empty() {\n    return N != 0;\n}\n\nbool Answer::ans() {\n    set();\n    OutPut();\n    return empty();\n}\n\nint main() {\n    Answer ans;\n    while (ans.ans());\n    return 0;\n}')"
2025-01-23 20:04:46,467	[INFO]	Step: 65
2025-01-23 20:04:46,467	[INFO]	Stop Steps: 100
2025-01-23 20:04:46,979	[DEBUG]	EXEC>  SUCCESS 2392867.125
2025-01-23 20:04:46,979	[INFO]	6-6     SUCCESS               2392867.12 (11.70%) [1 edit(s)]  
2025-01-23 20:04:46,979	[DEBUG]	patch(6-6)="LineLLMCrossover(('source.cpp', 23), '#include <iostream>\nusing namespace std;\n\nclass Answer {\npublic:\n    int N;\n    int day = 10; // Default member initializer\n    int year = 365; // Default member initializer\n\n    unsigned long long count(int cnt);\n    void set();\n    void OutPut();\n    bool empty();\n    bool ans();\n};\n\nunsigned long long Answer::count(int cnt) {\n    if (cnt < 0) return 0;\n    if (cnt <= 1) return cnt + 1;\n\n    unsigned long long dp[3] = {1, 1, 2};\n    for (int i = 3; i <= cnt; i++) {\n        dp[i % 3] = dp[(i - 1) % 3] + dp[(i - 2) % 3] + dp[(i - 3) % 3];\n    }\n    return dp[cnt % 3];\n}\n\nvoid Answer::OutPut() {\n    if (N == 0) return;\n    printf("%d\\n", 1 + (count(N)) / (day * year));\n}\n\nvoid Answer::set() {\n    cin >> N;\n}\n\nbool Answer::empty() {\n    return N != 0;\n}\n\nbool Answer::ans() {\n    set();\n    OutPut();\n    return empty();\n}\n\nint main() {\n    Answer ans;\n    while (ans.ans());\n    return 0;\n}')"
2025-01-23 20:04:46,979	[INFO]	Step: 66
2025-01-23 20:04:46,979	[INFO]	Stop Steps: 100
2025-01-23 20:04:47,304	[INFO]	6-7     TEST_CODE_ERROR       None (--) [4 edit(s)]  
2025-01-23 20:04:47,304	[DEBUG]	patch(6-7)="LineLLMCrossover(('source.cpp', 11), '#include <iostream>\nusing namespace std;\n\nclass Answer {\npublic:\n    Answer() : day(10), year(365) {}  // Constructor from Parent 1\n    int N;\n    int day;\n    int year;\n\n    unsigned long long count(int cnt);\n    void set();\n    void OutPut();\n    bool empty();\n    bool ans();\n};\n\nunsigned long long Answer::count(int cnt) {\n    if (cnt < 0) return 0;  // Error handling from Parent 3\n    if (cnt <= 1) return cnt + 1;  // Optimized base case from Parent 1\n\n    unsigned long long a = 1, b = 1, c = 2;\n    for (int i = 3; i <= cnt; i++) {\n        unsigned long long temp = a + b + c;\n        a = b;\n        b = c;\n        c = temp;\n    }\n    return c;\n}\n\nvoid Answer::OutPut() {\n    if (N == 0) return;\n    printf("%d\\n", 1 + (count(N)) / (day * year));  // Improved output\n}\n\nvoid Answer::set() {\n    cin >> N;  // Shared method\n}\n\nbool Answer::empty() {\n    return N != 0;\n}\n\nbool Answer::ans() {\n    set();\n    OutPut();\n    return empty();\n}\n\nint main() {\n    Answer ans;\n    while (ans.ans());\n    return 0;\n}') | LineLLMMutation(('source.cpp', 25), '#include <iostream>\nusing namespace std;\n\nclass Answer {\npublic:\n    Answer() : day(10), year(365) {}\n    int N;\n    int day;\n    int year;\n\n    unsigned long long count(int cnt);\n    void set();\n    void OutPut();\n    bool empty();\n    bool ans();\n};\n\nunsigned long long Answer::count(int cnt) {\n    if (cnt < 0) return 0;\n    if (cnt <= 1) return cnt + 1;\n\n    unsigned long long a = 1, b = 1, c = 2;\n    unsigned long long sequence[3] = {1, 1, 2};  // Store the first three values for quick access\n    for (int i = 3; i <= cnt; i++) {\n        unsigned long long temp = sequence[i % 3] = a + b + c;  // Use modulo for memory efficiency\n        a = b;\n        b = c;\n        c = temp;\n    }\n    return sequence[cnt % 3]; // Return the result directly from the array\n}\n\nvoid Answer::OutPut() {\n    if (N == 0) return;\n    printf("%d\\n", 1 + (count(N)) / (day * year)); \n}\n\nvoid Answer::set() {\n    cin >> N;\n}\n\nbool Answer::empty() {\n    return N != 0;\n}\n\nbool Answer::ans() {\n    set();\n    OutPut();\n    return empty();\n}\n\nint main() {\n    Answer ans;\n    while (ans.ans());\n    return 0;\n}') | LineLLMMutation(('source.cpp', 29), '#include <iostream>\nusing namespace std;\n\nclass Answer {\npublic:\n    Answer() : day(10), year(365) {}\n    int N;\n    int day;\n    int year;\n\n    unsigned long long count(int cnt);\n    void set();\n    void OutPut();\n    bool empty();\n    bool ans();\n};\n\nunsigned long long Answer::count(int cnt) {\n    if (cnt < 0) return 0;\n    if (cnt <= 1) return cnt + 1;\n\n    unsigned long long a = 1, b = 1, c = 2; // Initialize the first three values\n    for (int i = 3; i <= cnt; i++) {\n        unsigned long long temp = a + b + c; // Calculate the next value\n        a = b;  // Move forward in the sequence\n        b = c;  \n        c = temp; \n    }\n    return c; // Return the last computed value directly\n}\n\nvoid Answer::OutPut() {\n    if (N == 0) return;\n    printf("%d\\n", 1 + (count(N)) / (day * year)); \n}\n\nvoid Answer::set() {\n    cin >> N;\n}\n\nbool Answer::empty() {\n    return N != 0;\n}\n\nbool Answer::ans() {\n    set();\n    OutPut();\n    return empty();\n}\n\nint main() {\n    Answer ans;\n    while (ans.ans());\n    return 0;\n}') | LineLLMMutation(('source.cpp', 30), '#include <iostream>\nusing namespace std;\n\nclass Answer {\npublic:\n    Answer() : day(10), year(365) {}\n    int N;\n    int day;\n    int year;\n\n    unsigned long long count(int cnt);\n    void set();\n    void OutPut();\n    bool empty();\n    bool ans();\n};\n\nunsigned long long Answer::count(int cnt) {\n    if (cnt < 0) return 0;\n    if (cnt <= 1) return cnt + 1;\n\n    unsigned long long a = 1, b = 1, c = 2;\n    for (int i = 3; i <= cnt; i++) {\n        c = a + b + c; // Combine the calculation and assignment for efficiency\n        a = b;\n        b = c - b; // Update b directly based on the previous values\n    }\n    return c; \n}\n\nvoid Answer::OutPut() {\n    if (N == 0) return;\n    printf("%d\\n", 1 + (count(N)) / (day * year)); \n}\n\nvoid Answer::set() {\n    cin >> N;\n}\n\nbool Answer::empty() {\n    return N != 0;\n}\n\nbool Answer::ans() {\n    set();\n    OutPut();\n    return empty();\n}\n\nint main() {\n    Answer ans;\n    while (ans.ans());\n    return 0;\n}')"
2025-01-23 20:04:47,304	[INFO]	Step: 67
2025-01-23 20:04:47,304	[INFO]	Stop Steps: 100
2025-01-23 20:04:47,630	[INFO]	6-8     TEST_CODE_ERROR       None (--) [2 edit(s)]  
2025-01-23 20:04:47,630	[DEBUG]	patch(6-8)="LineLLMCrossover(('source.cpp', 16), '#include <iostream>\nusing namespace std;\n\nclass Answer {\npublic:\n    Answer() : day(10), year(365) {}  // Constructor from Parent 1\n    int N;\n    int day;\n    int year;\n\n    unsigned long long count(int cnt);\n    void set();\n    void OutPut();\n    bool empty();\n    bool ans();\n};\n\nunsigned long long Answer::count(int cnt) {\n    if (cnt < 0) return 0;\n    if (cnt <= 1) return cnt + 1;\n\n    // Use a fixed-size array instead of a vector for improved performance\n    unsigned long long dp[3] = {1, 1, 2}; // Base cases for cnt = 0, 1, 2\n    unsigned long long prev1, prev2, prev3;\n\n    for (int i = 3; i <= cnt; i++) {\n        prev3 = dp[0]; // dp[i-3]\n        prev2 = dp[1]; // dp[i-2]\n        prev1 = dp[2]; // dp[i-1]\n        dp[0] = prev2; // Update for dp[i]\n        dp[1] = prev1; // Update for dp[i]\n        dp[2] = prev1 + prev2 + prev3; // Calculate dp[i]\n    }\n    return dp[2]; // Return the last computed value\n}\n\nvoid Answer::OutPut() {\n    if (N == 0) return;\n    printf("%d\\n", 1 + (count(N)) / (day * year));  // Improved output\n}\n\nvoid Answer::set() {\n    cin >> N;\n}\n\nbool Answer::empty() {\n    return N != 0;\n}\n\nbool Answer::ans() {\n    set();\n    OutPut();\n    return empty();\n}\n\nint main() {\n    Answer ans;\n    while (ans.ans());\n    return 0;\n}') | LineLLMMutation(('source.cpp', 31), '#include <iostream>\nusing namespace std;\n\nclass Answer {\npublic:\n    Answer() : day(10), year(365) {}  // Constructor from Parent 1\n    int N;\n    int day;\n    int year;\n\n    unsigned long long count(int cnt);\n    void set();\n    void OutPut();\n    bool empty();\n    bool ans();\n};\n\nunsigned long long Answer::count(int cnt) {\n    if (cnt < 0) return 0;\n    if (cnt <= 1) return cnt + 1;\n\n    // Use two variables instead of an array for improved performance\n    unsigned long long prev1 = 1, prev2 = 1, prev3 = 2; // Base cases for cnt = 0, 1, 2\n    unsigned long long current;\n\n    for (int i = 3; i <= cnt; i++) {\n        current = prev1 + prev2 + prev3; // Calculate current value\n        prev3 = prev2; // Shift the values\n        prev2 = prev1; // Shift the values\n        prev1 = current; // Update for next iteration\n    }\n    return prev1; // Return the last computed value\n}\n\nvoid Answer::OutPut() {\n    if (N == 0) return;\n    printf("%d\\n", 1 + (count(N)) / (day * year));  // Improved output\n}\n\nvoid Answer::set() {\n    cin >> N;\n}\n\nbool Answer::empty() {\n    return N != 0;\n}\n\nbool Answer::ans() {\n    set();\n    OutPut();\n    return empty();\n}\n\nint main() {\n    Answer ans;\n    while (ans.ans());\n    return 0;\n}')"
2025-01-23 20:04:47,630	[INFO]	Step: 68
2025-01-23 20:04:47,630	[INFO]	Stop Steps: 100
2025-01-23 20:04:47,953	[INFO]	6-9     TEST_CODE_ERROR       None (--) [2 edit(s)]  
2025-01-23 20:04:47,953	[DEBUG]	patch(6-9)="LineLLMCrossover(('source.cpp', 14), '#include <iostream>\nusing namespace std;\n\nclass Answer {\npublic:\n    Answer() : day(10), year(365) {}  // Constructor from Parent 4\n    int N;\n    int day;\n    int year;\n\n    unsigned long long count(int cnt);\n    void set();\n    void OutPut();\n    bool empty();\n    bool ans();\n};\n\nunsigned long long Answer::count(int cnt) {\n    if (cnt < 0) return 0;  \n    if (cnt <= 1) return cnt + 1;  \n\n    unsigned long long a = 1, b = 1, c = 2;\n    for (int i = 3; i <= cnt; i++) {\n        unsigned long long temp = a + b + c;\n        a = b;\n        b = c;\n        c = temp;\n    }\n    return c;\n}\n\nvoid Answer::OutPut() {\n    if (N == 0) return;\n    printf("%d\\n", 1 + (count(N)) / (day * year));  // Improved output\n}\n\nvoid Answer::set() {\n    cin >> N;  \n}\n\nbool Answer::empty() {\n    return N != 0;\n}\n\nbool Answer::ans() {\n    set();\n    OutPut();\n    return empty();\n}\n\nint main() {\n    Answer ans;\n    while (ans.ans());\n    return 0;\n}') | LineLLMMutation(('source.cpp', 32), '#include <iostream>\nusing namespace std;\n\nclass Answer {\npublic:\n    Answer() : day(10), year(365) {}  // Constructor from Parent 4\n    int N;\n    int day;\n    int year;\n\n    unsigned long long count(int cnt);\n    void set();\n    void OutPut();\n    bool empty();\n    bool ans();\n};\n\nunsigned long long Answer::count(int cnt) {\n    if (cnt < 0) return 0;  \n    if (cnt <= 1) return cnt + 1;  \n\n    unsigned long long a = 1, b = 1, c = 2;\n    for (int i = 3; i <= cnt; i++) {\n        c = a + b + c;  // Optimize by reusing c\n        a = b;\n        b = c - a;  // Update b directly\n    }\n    return c;\n}\n\nvoid Answer::OutPut() {\n    if (N == 0) return;\n    printf("%d\\n", 1 + (count(N)) / (day * year));  // Improved output\n}\n\nvoid Answer::set() {\n    cin >> N;  \n}\n\nbool Answer::empty() {\n    return N != 0;\n}\n\nbool Answer::ans() {\n    set();\n    OutPut();\n    return empty();\n}\n\nint main() {\n    Answer ans;\n    while (ans.ans());\n    return 0;\n}')"
2025-01-23 20:04:47,954	[INFO]	Step: 69
2025-01-23 20:04:47,954	[INFO]	Stop Steps: 100
2025-01-23 20:04:48,273	[INFO]	6-10    TEST_CODE_ERROR       None (--) [2 edit(s)]  
2025-01-23 20:04:48,273	[DEBUG]	patch(6-10)="LineLLMCrossover(('source.cpp', 18), '#include <iostream>\nusing namespace std;\n\nclass Answer {\npublic:\n    int N;\n    int day = 10;  // Default member initializer from Parent 3\n    int year = 365;  // Default member initializer from Parent 3\n\n    unsigned long long count(int cnt);\n    void set();\n    void OutPut();\n    bool empty();\n    bool ans();\n};\n\nunsigned long long Answer::count(int cnt) {\n    if (cnt < 0) return 0;  \n    if (cnt <= 1) return cnt + 1;  \n\n    unsigned long long a = 1, b = 1, c = 2;\n    for (int i = 3; i <= cnt; i++) {\n        unsigned long long temp = a + b + c;\n        a = b;\n        b = c;\n        c = temp;\n    }\n    return c;\n}\n\nvoid Answer::OutPut() {\n    if (N == 0) return;\n    printf("%d\\n", 1 + (count(N)) / (day * year));  \n}\n\nvoid Answer::set() {\n    cin >> N;  \n}\n\nbool Answer::empty() {\n    return N != 0;\n}\n\nbool Answer::ans() {\n    set();\n    OutPut();\n    return empty();\n}\n\nint main() {\n    Answer ans;\n    while (ans.ans());\n    return 0;\n}') | LineLLMMutation(('source.cpp', 33), '#include <iostream>\nusing namespace std;\n\nclass Answer {\npublic:\n    int N;\n    int day = 10;  // Default member initializer from Parent 3\n    int year = 365;  // Default member initializer from Parent 3\n\n    unsigned long long count(int cnt);\n    void set();\n    void OutPut();\n    bool empty();\n    bool ans();\n};\n\nunsigned long long Answer::count(int cnt) {\n    if (cnt < 0) return 0;  \n    if (cnt <= 1) return cnt + 1;  \n\n    unsigned long long a = 1, b = 1, c = 2;\n    for (int i = 3; i <= cnt; i++) {\n        c = a + b + c;  // Combine the calculation into a single statement\n        a = b;\n        b = c - a - b; // Update b to the previous value of c\n    }\n    return c;\n}\n\nvoid Answer::OutPut() {\n    if (N == 0) return;\n    printf("%d\\n", 1 + (count(N)) / (day * year));  \n}\n\nvoid Answer::set() {\n    cin >> N;  \n}\n\nbool Answer::empty() {\n    return N != 0;\n}\n\nbool Answer::ans() {\n    set();\n    OutPut();\n    return empty();\n}\n\nint main() {\n    Answer ans;\n    while (ans.ans());\n    return 0;\n}')"
2025-01-23 20:04:48,273	[INFO]	Step: 70
2025-01-23 20:04:48,273	[INFO]	Stop Steps: 100
2025-01-23 20:04:49,971	[DEBUG]	EXEC>  SUCCESS 20341315.4375
2025-01-23 20:04:49,971	[INFO]	REF     SUCCESS               20341315.44 (--) [0 edit(s)]  
2025-01-23 20:04:49,971	[INFO]	Best patch: 16
2025-01-23 20:04:50,474	[DEBUG]	EXEC>  SUCCESS 2434300.9375
2025-01-23 20:04:50,475	[INFO]	BEST    SUCCESS              *2434300.94 (11.97%) [0 edit(s)]  
2025-01-23 20:04:50,475	[INFO]	Best patch step: 61
2025-01-23 20:05:51,776	[INFO]	Step: 70
2025-01-23 20:05:51,776	[INFO]	Stop Steps: 100
2025-01-23 20:05:52,515	[DEBUG]	EXEC>  SUCCESS 2371925.3125
2025-01-23 20:05:52,515	[INFO]	7-1     SUCCESS              *2371925.31 (11.66%) [1 edit(s)]  
2025-01-23 20:05:52,515	[DEBUG]	patch(7-1)="LineLLMCrossover(('source.cpp', 16), '#include <iostream>\nusing namespace std;\n\nclass Answer {\npublic:\n    Answer() : day(10), year(365) {}  // Constructor from Parent 1\n    int N;\n    int day;\n    int year;\n\n    unsigned long long count(int cnt);\n    void set();\n    void OutPut();\n    bool empty();\n    bool ans();\n};\n\nunsigned long long Answer::count(int cnt) {\n    if (cnt < 0) return 0;\n    if (cnt <= 1) return cnt + 1;\n\n    // Use a fixed-size array instead of a vector for improved performance\n    unsigned long long dp[3] = {1, 1, 2}; // Base cases for cnt = 0, 1, 2\n    unsigned long long prev1, prev2, prev3;\n\n    for (int i = 3; i <= cnt; i++) {\n        prev3 = dp[0]; // dp[i-3]\n        prev2 = dp[1]; // dp[i-2]\n        prev1 = dp[2]; // dp[i-1]\n        dp[0] = prev2; // Update for dp[i]\n        dp[1] = prev1; // Update for dp[i]\n        dp[2] = prev1 + prev2 + prev3; // Calculate dp[i]\n    }\n    return dp[2]; // Return the last computed value\n}\n\nvoid Answer::OutPut() {\n    if (N == 0) return;\n    printf("%d\\n", 1 + (count(N)) / (day * year));  // Improved output\n}\n\nvoid Answer::set() {\n    cin >> N;\n}\n\nbool Answer::empty() {\n    return N != 0;\n}\n\nbool Answer::ans() {\n    set();\n    OutPut();\n    return empty();\n}\n\nint main() {\n    Answer ans;\n    while (ans.ans());\n    return 0;\n}')"

2025-01-23 20:05:52,515	[INFO]	Step: 71
2025-01-23 20:05:52,515	[INFO]	Stop Steps: 100
2025-01-23 20:05:53,011	[DEBUG]	EXEC>  SUCCESS 2372959.0
2025-01-23 20:05:53,012	[INFO]	7-2     SUCCESS               2372959.00 (11.67%) [3 edit(s)]  
2025-01-23 20:05:53,012	[DEBUG]	patch(7-2)="LineLLMCrossover(('source.cpp', 11), '#include <iostream>\nusing namespace std;\n\nclass Answer {\npublic:\n    Answer() : day(10), year(365) {}  // Constructor from Parent 1\n    int N;\n    int day;\n    int year;\n\n    unsigned long long count(int cnt);\n    void set();\n    void OutPut();\n    bool empty();\n    bool ans();\n};\n\nunsigned long long Answer::count(int cnt) {\n    if (cnt < 0) return 0;  // Error handling from Parent 3\n    if (cnt <= 1) return cnt + 1;  // Optimized base case from Parent 1\n\n    unsigned long long a = 1, b = 1, c = 2;\n    for (int i = 3; i <= cnt; i++) {\n        unsigned long long temp = a + b + c;\n        a = b;\n        b = c;\n        c = temp;\n    }\n    return c;\n}\n\nvoid Answer::OutPut() {\n    if (N == 0) return;\n    printf("%d\\n", 1 + (count(N)) / (day * year));  // Improved output\n}\n\nvoid Answer::set() {\n    cin >> N;  // Shared method\n}\n\nbool Answer::empty() {\n    return N != 0;\n}\n\nbool Answer::ans() {\n    set();\n    OutPut();\n    return empty();\n}\n\nint main() {\n    Answer ans;\n    while (ans.ans());\n    return 0;\n}') | LineLLMMutation(('source.cpp', 25), '#include <iostream>\nusing namespace std;\n\nclass Answer {\npublic:\n    Answer() : day(10), year(365) {}\n    int N;\n    int day;\n    int year;\n\n    unsigned long long count(int cnt);\n    void set();\n    void OutPut();\n    bool empty();\n    bool ans();\n};\n\nunsigned long long Answer::count(int cnt) {\n    if (cnt < 0) return 0;\n    if (cnt <= 1) return cnt + 1;\n\n    unsigned long long a = 1, b = 1, c = 2;\n    unsigned long long sequence[3] = {1, 1, 2};  // Store the first three values for quick access\n    for (int i = 3; i <= cnt; i++) {\n        unsigned long long temp = sequence[i % 3] = a + b + c;  // Use modulo for memory efficiency\n        a = b;\n        b = c;\n        c = temp;\n    }\n    return sequence[cnt % 3]; // Return the result directly from the array\n}\n\nvoid Answer::OutPut() {\n    if (N == 0) return;\n    printf("%d\\n", 1 + (count(N)) / (day * year)); \n}\n\nvoid Answer::set() {\n    cin >> N;\n}\n\nbool Answer::empty() {\n    return N != 0;\n}\n\nbool Answer::ans() {\n    set();\n    OutPut();\n    return empty();\n}\n\nint main() {\n    Answer ans;\n    while (ans.ans());\n    return 0;\n}') | LineLLMMutation(('source.cpp', 29), '#include <iostream>\nusing namespace std;\n\nclass Answer {\npublic:\n    Answer() : day(10), year(365) {}\n    int N;\n    int day;\n    int year;\n\n    unsigned long long count(int cnt);\n    void set();\n    void OutPut();\n    bool empty();\n    bool ans();\n};\n\nunsigned long long Answer::count(int cnt) {\n    if (cnt < 0) return 0;\n    if (cnt <= 1) return cnt + 1;\n\n    unsigned long long a = 1, b = 1, c = 2; // Initialize the first three values\n    for (int i = 3; i <= cnt; i++) {\n        unsigned long long temp = a + b + c; // Calculate the next value\n        a = b;  // Move forward in the sequence\n        b = c;  \n        c = temp; \n    }\n    return c; // Return the last computed value directly\n}\n\nvoid Answer::OutPut() {\n    if (N == 0) return;\n    printf("%d\\n", 1 + (count(N)) / (day * year)); \n}\n\nvoid Answer::set() {\n    cin >> N;\n}\n\nbool Answer::empty() {\n    return N != 0;\n}\n\nbool Answer::ans() {\n    set();\n    OutPut();\n    return empty();\n}\n\nint main() {\n    Answer ans;\n    while (ans.ans());\n    return 0;\n}')"
2025-01-23 20:05:53,012	[INFO]	Step: 72
2025-01-23 20:05:53,012	[INFO]	Stop Steps: 100
2025-01-23 20:05:53,526	[DEBUG]	EXEC>  SUCCESS 2437216.4375
2025-01-23 20:05:53,526	[INFO]	7-3     SUCCESS               2437216.44 (11.98%) [1 edit(s)]  
2025-01-23 20:05:53,526	[DEBUG]	patch(7-3)="LineLLMCrossover(('source.cpp', 24), '#include <iostream>\nusing namespace std;\n\nclass Answer {\npublic:\n    int N;\n    int day = 10; // Default member initializer\n    int year = 365; // Default member initializer\n\n    unsigned long long count(int cnt);\n    void set();\n    void OutPut();\n    bool empty();\n    bool ans();\n};\n\nunsigned long long Answer::count(int cnt) {\n    if (cnt < 0) return 0;\n    if (cnt <= 1) return cnt + 1;\n\n    unsigned long long dp[3] = {1, 1, 2}; // Base cases for cnt = 0, 1, 2\n    for (int i = 3; i <= cnt; i++) {\n        dp[i % 3] = dp[(i - 1) % 3] + dp[(i - 2) % 3] + dp[(i - 3) % 3]; // Use modular indexing for space efficiency\n    }\n    return dp[cnt % 3];\n}\n\nvoid Answer::OutPut() {\n    if (N == 0) return;\n    printf("%d\\n", 1 + (count(N)) / (day * year));\n}\n\nvoid Answer::set() {\n    cin >> N;\n}\n\nbool Answer::empty() {\n    return N != 0;\n}\n\nbool Answer::ans() {\n    set();\n    OutPut();\n    return empty();\n}\n\nint main() {\n    Answer ans;\n    while (ans.ans());\n    return 0;\n}')"
2025-01-23 20:05:53,526	[INFO]	Step: 73
2025-01-23 20:05:53,526	[INFO]	Stop Steps: 100
2025-01-23 20:05:54,024	[DEBUG]	EXEC>  SUCCESS 2407150.6875
2025-01-23 20:05:54,024	[INFO]	7-4     SUCCESS               2407150.69 (11.83%) [1 edit(s)]  
2025-01-23 20:05:54,024	[DEBUG]	patch(7-4)="LineLLMCrossover(('source.cpp', 25), '#include <iostream>\nusing namespace std;\n\nclass Answer {\npublic:\n    int N;\n    int day = 10; // Default member initializer\n    int year = 365; // Default member initializer\n\n    unsigned long long count(int cnt);\n    void set();\n    void OutPut();\n    bool empty();\n    bool ans();\n};\n\nunsigned long long Answer::count(int cnt) {\n    if (cnt < 0) return 0;\n    if (cnt <= 1) return cnt + 1;\n\n    unsigned long long a = 1, b = 1, c = 2; // Initialize the first three values\n    for (int i = 3; i <= cnt; i++) {\n        unsigned long long temp = a + b + c; // Calculate the next value\n        a = b;  \n        b = c;  \n        c = temp; \n    }\n    return c; // Return the last computed value directly\n}\n\nvoid Answer::OutPut() {\n    if (N == 0) return;\n    printf("%d\\n", 1 + (count(N)) / (day * year)); \n}\n\nvoid Answer::set() {\n    cin >> N;\n}\n\nbool Answer::empty() {\n    return N != 0;\n}\n\nbool Answer::ans() {\n    set();\n    OutPut();\n    return empty();\n}\n\nint main() {\n    Answer ans;\n    while (ans.ans());\n    return 0;\n}')"
2025-01-23 20:05:54,024	[INFO]	Step: 74
2025-01-23 20:05:54,024	[INFO]	Stop Steps: 100
2025-01-23 20:05:54,548	[DEBUG]	EXEC>  SUCCESS 2393546.375
2025-01-23 20:05:54,548	[INFO]	7-5     SUCCESS               2393546.38 (11.77%) [1 edit(s)]  
2025-01-23 20:05:54,548	[DEBUG]	patch(7-5)="LineLLMCrossover(('source.cpp', 26), '#include <iostream>\nusing namespace std;\n\nclass Answer {\npublic:\n    int N;\n    int day = 10; // Default member initializer\n    int year = 365; // Default member initializer\n\n    unsigned long long count(int cnt);\n    void set();\n    void OutPut();\n    bool empty();\n    bool ans();\n};\n\nunsigned long long Answer::count(int cnt) {\n    if (cnt < 0) return 0;\n    if (cnt <= 1) return cnt + 1;\n\n    unsigned long long dp[3] = {1, 1, 2}; // Base cases for cnt = 0, 1, 2\n    for (int i = 3; i <= cnt; i++) {\n        dp[i % 3] = dp[(i - 1) % 3] + dp[(i - 2) % 3] + dp[(i - 3) % 3];\n    }\n    return dp[cnt % 3];\n}\n\nvoid Answer::OutPut() {\n    if (N == 0) return;\n    printf("%d\\n", 1 + (count(N)) / (day * year));\n}\n\nvoid Answer::set() {\n    cin >> N;\n}\n\nbool Answer::empty() {\n    return N != 0;\n}\n\nbool Answer::ans() {\n    set();\n    OutPut();\n    return empty();\n}\n\nint main() {\n    Answer ans;\n    while (ans.ans());\n    return 0;\n}')"
2025-01-23 20:05:54,548	[INFO]	Step: 75
2025-01-23 20:05:54,548	[INFO]	Stop Steps: 100
2025-01-23 20:05:55,050	[DEBUG]	EXEC>  SUCCESS 2402958.3125
2025-01-23 20:05:55,050	[INFO]	7-6     SUCCESS               2402958.31 (11.81%) [1 edit(s)]  
2025-01-23 20:05:55,050	[DEBUG]	patch(7-6)="LineLLMCrossover(('source.cpp', 27), '#include <iostream>\nusing namespace std;\n\nclass Answer {\npublic:\n    int N;\n    int day = 10; // Default member initializer\n    int year = 365; // Default member initializer\n\n    unsigned long long count(int cnt);\n    void set();\n    void OutPut();\n    bool empty();\n    bool ans();\n};\n\nunsigned long long Answer::count(int cnt) {\n    if (cnt < 0) return 0;\n    if (cnt <= 1) return cnt + 1;\n\n    unsigned long long dp[3] = {1, 1, 2}; // Base cases for cnt = 0, 1, 2\n    for (int i = 3; i <= cnt; i++) {\n        dp[i % 3] = dp[(i - 1) % 3] + dp[(i - 2) % 3] + dp[(i - 3) % 3];\n    }\n    return dp[cnt % 3]; // Return the last computed value\n}\n\nvoid Answer::OutPut() {\n    if (N == 0) return;\n    printf("%d\\n", 1 + (count(N)) / (day * year));\n}\n\nvoid Answer::set() {\n    cin >> N;\n}\n\nbool Answer::empty() {\n    return N != 0;\n}\n\nbool Answer::ans() {\n    set();\n    OutPut();\n    return empty();\n}\n\nint main() {\n    Answer ans;\n    while (ans.ans());\n    return 0;\n}')"
2025-01-23 20:05:55,050	[INFO]	Step: 76
2025-01-23 20:05:55,050	[INFO]	Stop Steps: 100
2025-01-23 20:05:55,375	[INFO]	7-7     TEST_CODE_ERROR       None (--) [2 edit(s)]  
2025-01-23 20:05:55,376	[DEBUG]	patch(7-7)="LineLLMCrossover(('source.cpp', 16), '#include <iostream>\nusing namespace std;\n\nclass Answer {\npublic:\n    Answer() : day(10), year(365) {}  // Constructor from Parent 1\n    int N;\n    int day;\n    int year;\n\n    unsigned long long count(int cnt);\n    void set();\n    void OutPut();\n    bool empty();\n    bool ans();\n};\n\nunsigned long long Answer::count(int cnt) {\n    if (cnt < 0) return 0;\n    if (cnt <= 1) return cnt + 1;\n\n    // Use a fixed-size array instead of a vector for improved performance\n    unsigned long long dp[3] = {1, 1, 2}; // Base cases for cnt = 0, 1, 2\n    unsigned long long prev1, prev2, prev3;\n\n    for (int i = 3; i <= cnt; i++) {\n        prev3 = dp[0]; // dp[i-3]\n        prev2 = dp[1]; // dp[i-2]\n        prev1 = dp[2]; // dp[i-1]\n        dp[0] = prev2; // Update for dp[i]\n        dp[1] = prev1; // Update for dp[i]\n        dp[2] = prev1 + prev2 + prev3; // Calculate dp[i]\n    }\n    return dp[2]; // Return the last computed value\n}\n\nvoid Answer::OutPut() {\n    if (N == 0) return;\n    printf("%d\\n", 1 + (count(N)) / (day * year));  // Improved output\n}\n\nvoid Answer::set() {\n    cin >> N;\n}\n\nbool Answer::empty() {\n    return N != 0;\n}\n\nbool Answer::ans() {\n    set();\n    OutPut();\n    return empty();\n}\n\nint main() {\n    Answer ans;\n    while (ans.ans());\n    return 0;\n}') | LineLLMMutation(('source.cpp', 34), '#include <iostream>\nusing namespace std;\n\nclass Answer {\npublic:\n    Answer() : day(10), year(365) {}  // Constructor\n    int N;\n    int day;\n    int year;\n\n    unsigned long long count(int cnt);\n    void set();\n    void OutPut();\n    bool empty();\n    bool ans();\n};\n\nunsigned long long Answer::count(int cnt) {\n    if (cnt < 0) return 0;\n    if (cnt <= 2) return cnt + 1;\n\n    // Use simple variables to store previous results\n    unsigned long long prev1 = 1, prev2 = 1, prev3 = 2, result;\n\n    for (int i = 3; i <= cnt; i++) {\n        result = prev1 + prev2 + prev3; // Calculate current result\n        prev3 = prev2; // Shift previous values\n        prev2 = prev1;\n        prev1 = result; // Update for next iteration\n    }\n    return result; // Return the last computed value\n}\n\nvoid Answer::OutPut() {\n    if (N == 0) return;\n    printf("%d\\n", 1 + (count(N)) / (day * year));  // Improved output\n}\n\nvoid Answer::set() {\n    cin >> N;\n}\n\nbool Answer::empty() {\n    return N != 0;\n}\n\nbool Answer::ans() {\n    set();\n    OutPut();\n    return empty();\n}\n\nint main() {\n    Answer ans;\n    while (ans.ans());\n    return 0;\n}')"
2025-01-23 20:05:55,376	[INFO]	Step: 77
2025-01-23 20:05:55,376	[INFO]	Stop Steps: 100
2025-01-23 20:05:55,700	[INFO]	7-8     TEST_CODE_ERROR       None (--) [4 edit(s)]  
2025-01-23 20:05:55,700	[DEBUG]	patch(7-8)="LineLLMCrossover(('source.cpp', 11), '#include <iostream>\nusing namespace std;\n\nclass Answer {\npublic:\n    Answer() : day(10), year(365) {}  // Constructor from Parent 1\n    int N;\n    int day;\n    int year;\n\n    unsigned long long count(int cnt);\n    void set();\n    void OutPut();\n    bool empty();\n    bool ans();\n};\n\nunsigned long long Answer::count(int cnt) {\n    if (cnt < 0) return 0;  // Error handling from Parent 3\n    if (cnt <= 1) return cnt + 1;  // Optimized base case from Parent 1\n\n    unsigned long long a = 1, b = 1, c = 2;\n    for (int i = 3; i <= cnt; i++) {\n        unsigned long long temp = a + b + c;\n        a = b;\n        b = c;\n        c = temp;\n    }\n    return c;\n}\n\nvoid Answer::OutPut() {\n    if (N == 0) return;\n    printf("%d\\n", 1 + (count(N)) / (day * year));  // Improved output\n}\n\nvoid Answer::set() {\n    cin >> N;  // Shared method\n}\n\nbool Answer::empty() {\n    return N != 0;\n}\n\nbool Answer::ans() {\n    set();\n    OutPut();\n    return empty();\n}\n\nint main() {\n    Answer ans;\n    while (ans.ans());\n    return 0;\n}') | LineLLMMutation(('source.cpp', 25), '#include <iostream>\nusing namespace std;\n\nclass Answer {\npublic:\n    Answer() : day(10), year(365) {}\n    int N;\n    int day;\n    int year;\n\n    unsigned long long count(int cnt);\n    void set();\n    void OutPut();\n    bool empty();\n    bool ans();\n};\n\nunsigned long long Answer::count(int cnt) {\n    if (cnt < 0) return 0;\n    if (cnt <= 1) return cnt + 1;\n\n    unsigned long long a = 1, b = 1, c = 2;\n    unsigned long long sequence[3] = {1, 1, 2};  // Store the first three values for quick access\n    for (int i = 3; i <= cnt; i++) {\n        unsigned long long temp = sequence[i % 3] = a + b + c;  // Use modulo for memory efficiency\n        a = b;\n        b = c;\n        c = temp;\n    }\n    return sequence[cnt % 3]; // Return the result directly from the array\n}\n\nvoid Answer::OutPut() {\n    if (N == 0) return;\n    printf("%d\\n", 1 + (count(N)) / (day * year)); \n}\n\nvoid Answer::set() {\n    cin >> N;\n}\n\nbool Answer::empty() {\n    return N != 0;\n}\n\nbool Answer::ans() {\n    set();\n    OutPut();\n    return empty();\n}\n\nint main() {\n    Answer ans;\n    while (ans.ans());\n    return 0;\n}') | LineLLMMutation(('source.cpp', 29), '#include <iostream>\nusing namespace std;\n\nclass Answer {\npublic:\n    Answer() : day(10), year(365) {}\n    int N;\n    int day;\n    int year;\n\n    unsigned long long count(int cnt);\n    void set();\n    void OutPut();\n    bool empty();\n    bool ans();\n};\n\nunsigned long long Answer::count(int cnt) {\n    if (cnt < 0) return 0;\n    if (cnt <= 1) return cnt + 1;\n\n    unsigned long long a = 1, b = 1, c = 2; // Initialize the first three values\n    for (int i = 3; i <= cnt; i++) {\n        unsigned long long temp = a + b + c; // Calculate the next value\n        a = b;  // Move forward in the sequence\n        b = c;  \n        c = temp; \n    }\n    return c; // Return the last computed value directly\n}\n\nvoid Answer::OutPut() {\n    if (N == 0) return;\n    printf("%d\\n", 1 + (count(N)) / (day * year)); \n}\n\nvoid Answer::set() {\n    cin >> N;\n}\n\nbool Answer::empty() {\n    return N != 0;\n}\n\nbool Answer::ans() {\n    set();\n    OutPut();\n    return empty();\n}\n\nint main() {\n    Answer ans;\n    while (ans.ans());\n    return 0;\n}') | LineLLMMutation(('source.cpp', 35), '#include <iostream>\nusing namespace std;\n\nclass Answer {\npublic:\n    Answer() : day(10), year(365) {}\n    int N;\n    int day;\n    int year;\n\n    unsigned long long count(int cnt);\n    void set();\n    void OutPut();\n    bool empty();\n    bool ans();\n};\n\nunsigned long long Answer::count(int cnt) {\n    if (cnt < 0) return 0;\n    if (cnt <= 1) return cnt + 1;\n\n    unsigned long long a = 1, b = 1, c = 2;\n    for (int i = 3; i <= cnt; i++) {\n        c = a + b + c; // Update c directly\n        a = b;  // Move forward in the sequence\n        b = c - b; // Update b without an additional variable\n    }\n    return c;\n}\n\nvoid Answer::OutPut() {\n    if (N == 0) return;\n    printf("%d\\n", 1 + (count(N)) / (day * year)); \n}\n\nvoid Answer::set() {\n    cin >> N;\n}\n\nbool Answer::empty() {\n    return N != 0;\n}\n\nbool Answer::ans() {\n    set();\n    OutPut();\n    return empty();\n}\n\nint main() {\n    Answer ans;\n    while (ans.ans());\n    return 0;\n}')"
2025-01-23 20:05:55,700	[INFO]	Step: 78
2025-01-23 20:05:55,700	[INFO]	Stop Steps: 100
2025-01-23 20:05:56,024	[INFO]	7-9     TEST_CODE_ERROR       None (--) [2 edit(s)]  
2025-01-23 20:05:56,025	[DEBUG]	patch(7-9)="LineLLMCrossover(('source.cpp', 21), '#include <iostream>\nusing namespace std;\n\nclass Answer {\npublic:\n    Answer() : day(10), year(365) {}\n    int N;\n    int day;\n    int year;\n\n    unsigned long long count(int cnt);\n    void set();\n    void OutPut();\n    bool empty();\n    bool ans();\n};\n\nunsigned long long Answer::count(int cnt) {\n    if (cnt < 0) return 0;\n    if (cnt <= 1) return cnt + 1;\n\n    unsigned long long a = 1, b = 1, c = 2;\n    for (int i = 3; i <= cnt; i++) {\n        unsigned long long temp = a + b + c;\n        a = b;\n        b = c;\n        c = temp;\n    }\n    return c;\n}\n\nvoid Answer::OutPut() {\n    if (N == 0) return;\n    printf("%d\\n", 1 + (count(N)) / (day * year));\n}\n\nvoid Answer::set() {\n    cin >> N;\n}\n\nbool Answer::empty() {\n    return N != 0;\n}\n\nbool Answer::ans() {\n    set();\n    OutPut();\n    return empty();\n}\n\nint main() {\n    Answer ans;\n    while (ans.ans());\n    return 0;\n}') | LineLLMMutation(('source.cpp', 36), '#include <iostream>\nusing namespace std;\n\nclass Answer {\npublic:\n    Answer() : day(10), year(365) {}\n    int N;\n    int day;\n    int year;\n\n    unsigned long long count(int cnt);\n    void set();\n    void OutPut();\n    bool empty();\n    bool ans();\n};\n\nunsigned long long Answer::count(int cnt) {\n    if (cnt < 0) return 0;\n    if (cnt <= 1) return cnt + 1;\n\n    unsigned long long a = 1, b = 1, c = 2;\n    for (int i = 3; i <= cnt; i++) {\n        c = a + b + c; // No need to keep track of the previous two values\n        a = b; \n        b = c - a; // Update b to the new value of c\n    }\n    return c;\n}\n\nvoid Answer::OutPut() {\n    if (N == 0) return;\n    printf("%d\\n", 1 + (count(N)) / (day * year));\n}\n\nvoid Answer::set() {\n    cin >> N;\n}\n\nbool Answer::empty() {\n    return N != 0;\n}\n\nbool Answer::ans() {\n    set();\n    OutPut();\n    return empty();\n}\n\nint main() {\n    Answer ans;\n    while (ans.ans());\n    return 0;\n}')"
2025-01-23 20:05:56,025	[INFO]	Step: 79
2025-01-23 20:05:56,025	[INFO]	Stop Steps: 100
2025-01-23 20:05:56,521	[DEBUG]	EXEC>  SUCCESS 2379427.75
2025-01-23 20:05:56,521	[INFO]	7-10    SUCCESS               2379427.75 (11.70%) [2 edit(s)]  
2025-01-23 20:05:56,521	[DEBUG]	patch(7-10)="LineLLMCrossover(('source.cpp', 23), '#include <iostream>\nusing namespace std;\n\nclass Answer {\npublic:\n    int N;\n    int day = 10; // Default member initializer\n    int year = 365; // Default member initializer\n\n    unsigned long long count(int cnt);\n    void set();\n    void OutPut();\n    bool empty();\n    bool ans();\n};\n\nunsigned long long Answer::count(int cnt) {\n    if (cnt < 0) return 0;\n    if (cnt <= 1) return cnt + 1;\n\n    unsigned long long dp[3] = {1, 1, 2};\n    for (int i = 3; i <= cnt; i++) {\n        dp[i % 3] = dp[(i - 1) % 3] + dp[(i - 2) % 3] + dp[(i - 3) % 3];\n    }\n    return dp[cnt % 3];\n}\n\nvoid Answer::OutPut() {\n    if (N == 0) return;\n    printf("%d\\n", 1 + (count(N)) / (day * year));\n}\n\nvoid Answer::set() {\n    cin >> N;\n}\n\nbool Answer::empty() {\n    return N != 0;\n}\n\nbool Answer::ans() {\n    set();\n    OutPut();\n    return empty();\n}\n\nint main() {\n    Answer ans;\n    while (ans.ans());\n    return 0;\n}') | LineLLMMutation(('source.cpp', 37), '#include <iostream>\nusing namespace std;\n\nclass Answer {\npublic:\n    int N;\n    int day = 10; // Default member initializer\n    int year = 365; // Default member initializer\n\n    unsigned long long count(int cnt);\n    void set();\n    void OutPut();\n    bool empty();\n    bool ans();\n};\n\nunsigned long long Answer::count(int cnt) {\n    if (cnt < 0) return 0;\n    if (cnt <= 1) return cnt + 1;\n\n    unsigned long long prev1 = 1, prev2 = 1, prev3 = 2; // Only keep the last three results\n    unsigned long long current = 0;\n    for (int i = 3; i <= cnt; i++) {\n        current = prev1 + prev2 + prev3;\n        prev1 = prev2; // shift for next iteration\n        prev2 = prev3;\n        prev3 = current;\n    }\n    return current;\n}\n\nvoid Answer::OutPut() {\n    if (N == 0) return;\n    printf("%d\\n", 1 + (count(N)) / (day * year));\n}\n\nvoid Answer::set() {\n    cin >> N;\n}\n\nbool Answer::empty() {\n    return N != 0;\n}\n\nbool Answer::ans() {\n    set();\n    OutPut();\n    return empty();\n}\n\nint main() {\n    Answer ans;\n    while (ans.ans());\n    return 0;\n}')"
2025-01-23 20:05:56,521	[INFO]	Step: 80
2025-01-23 20:05:56,521	[INFO]	Stop Steps: 100
2025-01-23 20:05:58,363	[DEBUG]	EXEC>  SUCCESS 20510035.6875
2025-01-23 20:05:58,363	[INFO]	REF     SUCCESS               20510035.69 (--) [0 edit(s)]  
2025-01-23 20:05:58,363	[INFO]	Best patch: 16
2025-01-23 20:05:58,862	[DEBUG]	EXEC>  SUCCESS 2432507.875
2025-01-23 20:05:58,862	[INFO]	BEST    SUCCESS              *2432507.88 (11.86%) [0 edit(s)]  
2025-01-23 20:05:58,862	[INFO]	Best patch step: 70
2025-01-23 20:07:00,519	[INFO]	Step: 80
2025-01-23 20:07:00,519	[INFO]	Stop Steps: 100
2025-01-23 20:07:01,152	[DEBUG]	EXEC>  SUCCESS 2424884.1875
2025-01-23 20:07:01,152	[INFO]	8-1     SUCCESS              *2424884.19 (11.82%) [1 edit(s)]  
2025-01-23 20:07:01,152	[DEBUG]	patch(8-1)="LineLLMCrossover(('source.cpp', 16), '#include <iostream>\nusing namespace std;\n\nclass Answer {\npublic:\n    Answer() : day(10), year(365) {}  // Constructor from Parent 1\n    int N;\n    int day;\n    int year;\n\n    unsigned long long count(int cnt);\n    void set();\n    void OutPut();\n    bool empty();\n    bool ans();\n};\n\nunsigned long long Answer::count(int cnt) {\n    if (cnt < 0) return 0;\n    if (cnt <= 1) return cnt + 1;\n\n    // Use a fixed-size array instead of a vector for improved performance\n    unsigned long long dp[3] = {1, 1, 2}; // Base cases for cnt = 0, 1, 2\n    unsigned long long prev1, prev2, prev3;\n\n    for (int i = 3; i <= cnt; i++) {\n        prev3 = dp[0]; // dp[i-3]\n        prev2 = dp[1]; // dp[i-2]\n        prev1 = dp[2]; // dp[i-1]\n        dp[0] = prev2; // Update for dp[i]\n        dp[1] = prev1; // Update for dp[i]\n        dp[2] = prev1 + prev2 + prev3; // Calculate dp[i]\n    }\n    return dp[2]; // Return the last computed value\n}\n\nvoid Answer::OutPut() {\n    if (N == 0) return;\n    printf("%d\\n", 1 + (count(N)) / (day * year));  // Improved output\n}\n\nvoid Answer::set() {\n    cin >> N;\n}\n\nbool Answer::empty() {\n    return N != 0;\n}\n\nbool Answer::ans() {\n    set();\n    OutPut();\n    return empty();\n}\n\nint main() {\n    Answer ans;\n    while (ans.ans());\n    return 0;\n}')"

2025-01-23 20:07:01,152	[INFO]	Step: 81
2025-01-23 20:07:01,152	[INFO]	Stop Steps: 100
2025-01-23 20:07:01,656	[DEBUG]	EXEC>  SUCCESS 2465786.1875
2025-01-23 20:07:01,656	[INFO]	8-2     SUCCESS               2465786.19 (12.02%) [3 edit(s)]  
2025-01-23 20:07:01,656	[DEBUG]	patch(8-2)="LineLLMCrossover(('source.cpp', 11), '#include <iostream>\nusing namespace std;\n\nclass Answer {\npublic:\n    Answer() : day(10), year(365) {}  // Constructor from Parent 1\n    int N;\n    int day;\n    int year;\n\n    unsigned long long count(int cnt);\n    void set();\n    void OutPut();\n    bool empty();\n    bool ans();\n};\n\nunsigned long long Answer::count(int cnt) {\n    if (cnt < 0) return 0;  // Error handling from Parent 3\n    if (cnt <= 1) return cnt + 1;  // Optimized base case from Parent 1\n\n    unsigned long long a = 1, b = 1, c = 2;\n    for (int i = 3; i <= cnt; i++) {\n        unsigned long long temp = a + b + c;\n        a = b;\n        b = c;\n        c = temp;\n    }\n    return c;\n}\n\nvoid Answer::OutPut() {\n    if (N == 0) return;\n    printf("%d\\n", 1 + (count(N)) / (day * year));  // Improved output\n}\n\nvoid Answer::set() {\n    cin >> N;  // Shared method\n}\n\nbool Answer::empty() {\n    return N != 0;\n}\n\nbool Answer::ans() {\n    set();\n    OutPut();\n    return empty();\n}\n\nint main() {\n    Answer ans;\n    while (ans.ans());\n    return 0;\n}') | LineLLMMutation(('source.cpp', 25), '#include <iostream>\nusing namespace std;\n\nclass Answer {\npublic:\n    Answer() : day(10), year(365) {}\n    int N;\n    int day;\n    int year;\n\n    unsigned long long count(int cnt);\n    void set();\n    void OutPut();\n    bool empty();\n    bool ans();\n};\n\nunsigned long long Answer::count(int cnt) {\n    if (cnt < 0) return 0;\n    if (cnt <= 1) return cnt + 1;\n\n    unsigned long long a = 1, b = 1, c = 2;\n    unsigned long long sequence[3] = {1, 1, 2};  // Store the first three values for quick access\n    for (int i = 3; i <= cnt; i++) {\n        unsigned long long temp = sequence[i % 3] = a + b + c;  // Use modulo for memory efficiency\n        a = b;\n        b = c;\n        c = temp;\n    }\n    return sequence[cnt % 3]; // Return the result directly from the array\n}\n\nvoid Answer::OutPut() {\n    if (N == 0) return;\n    printf("%d\\n", 1 + (count(N)) / (day * year)); \n}\n\nvoid Answer::set() {\n    cin >> N;\n}\n\nbool Answer::empty() {\n    return N != 0;\n}\n\nbool Answer::ans() {\n    set();\n    OutPut();\n    return empty();\n}\n\nint main() {\n    Answer ans;\n    while (ans.ans());\n    return 0;\n}') | LineLLMMutation(('source.cpp', 29), '#include <iostream>\nusing namespace std;\n\nclass Answer {\npublic:\n    Answer() : day(10), year(365) {}\n    int N;\n    int day;\n    int year;\n\n    unsigned long long count(int cnt);\n    void set();\n    void OutPut();\n    bool empty();\n    bool ans();\n};\n\nunsigned long long Answer::count(int cnt) {\n    if (cnt < 0) return 0;\n    if (cnt <= 1) return cnt + 1;\n\n    unsigned long long a = 1, b = 1, c = 2; // Initialize the first three values\n    for (int i = 3; i <= cnt; i++) {\n        unsigned long long temp = a + b + c; // Calculate the next value\n        a = b;  // Move forward in the sequence\n        b = c;  \n        c = temp; \n    }\n    return c; // Return the last computed value directly\n}\n\nvoid Answer::OutPut() {\n    if (N == 0) return;\n    printf("%d\\n", 1 + (count(N)) / (day * year)); \n}\n\nvoid Answer::set() {\n    cin >> N;\n}\n\nbool Answer::empty() {\n    return N != 0;\n}\n\nbool Answer::ans() {\n    set();\n    OutPut();\n    return empty();\n}\n\nint main() {\n    Answer ans;\n    while (ans.ans());\n    return 0;\n}')"
2025-01-23 20:07:01,656	[INFO]	Step: 82
2025-01-23 20:07:01,656	[INFO]	Stop Steps: 100
2025-01-23 20:07:02,167	[DEBUG]	EXEC>  SUCCESS 2410886.1875
2025-01-23 20:07:02,168	[INFO]	8-3     SUCCESS              *2410886.19 (11.75%) [1 edit(s)]  
2025-01-23 20:07:02,168	[DEBUG]	patch(8-3)="LineLLMCrossover(('source.cpp', 28), '#include <iostream>\nusing namespace std;\n\nclass Answer {\npublic:\n    Answer() : day(10), year(365) {}\n    int N;\n    int day;\n    int year;\n\n    unsigned long long count(int cnt);\n    void set();\n    void OutPut();\n    bool empty();\n    bool ans();\n};\n\nunsigned long long Answer::count(int cnt) {\n    if (cnt < 0) return 0;\n    if (cnt <= 1) return cnt + 1;\n\n    unsigned long long dp[3] = {1, 1, 2}; // Base cases for cnt = 0, 1, 2\n    for (int i = 3; i <= cnt; i++) {\n        dp[i % 3] = dp[(i - 1) % 3] + dp[(i - 2) % 3] + dp[(i - 3) % 3];\n    }\n    return dp[cnt % 3];\n}\n\nvoid Answer::OutPut() {\n    if (N == 0) return;\n    printf("%d\\n", 1 + (count(N)) / (day * year)); // Improved output\n}\n\nvoid Answer::set() {\n    cin >> N;\n}\n\nbool Answer::empty() {\n    return N != 0;\n}\n\nbool Answer::ans() {\n    set();\n    OutPut();\n    return empty();\n}\n\nint main() {\n    Answer ans;\n    while (ans.ans());\n    return 0;\n}')"

2025-01-23 20:07:02,168	[INFO]	Step: 83
2025-01-23 20:07:02,168	[INFO]	Stop Steps: 100
2025-01-23 20:07:02,676	[DEBUG]	EXEC>  SUCCESS 2374446.9375
2025-01-23 20:07:02,677	[INFO]	8-4     SUCCESS              *2374446.94 (11.58%) [1 edit(s)]  
2025-01-23 20:07:02,677	[DEBUG]	patch(8-4)="LineLLMCrossover(('source.cpp', 29), '#include <iostream>\nusing namespace std;\n\nclass Answer {\npublic:\n    int N;\n    int day = 10; // Default member initializer\n    int year = 365; // Default member initializer\n\n    unsigned long long count(int cnt);\n    void set();\n    void OutPut();\n    bool empty();\n    bool ans();\n};\n\nunsigned long long Answer::count(int cnt) {\n    if (cnt < 0) return 0;\n    if (cnt <= 1) return cnt + 1;\n\n    unsigned long long dp[3] = {1, 1, 2}; // Base cases for cnt = 0, 1, 2\n    for (int i = 3; i <= cnt; i++) {\n        dp[i % 3] = dp[(i - 1) % 3] + dp[(i - 2) % 3] + dp[(i - 3) % 3];\n    }\n    return dp[cnt % 3];\n}\n\nvoid Answer::OutPut() {\n    if (N == 0) return;\n    printf("%d\\n", 1 + (count(N)) / (day * year)); \n}\n\nvoid Answer::set() {\n    cin >> N;\n}\n\nbool Answer::empty() {\n    return N != 0;\n}\n\nbool Answer::ans() {\n    set();\n    OutPut();\n    return empty();\n}\n\nint main() {\n    Answer ans;\n    while (ans.ans());\n    return 0;\n}')"

2025-01-23 20:07:02,677	[INFO]	Step: 84
2025-01-23 20:07:02,677	[INFO]	Stop Steps: 100
2025-01-23 20:07:03,190	[DEBUG]	EXEC>  SUCCESS 2388514.0625
2025-01-23 20:07:03,191	[INFO]	8-5     SUCCESS               2388514.06 (11.65%) [1 edit(s)]  
2025-01-23 20:07:03,191	[DEBUG]	patch(8-5)="LineLLMCrossover(('source.cpp', 30), '#include <iostream>\nusing namespace std;\n\nclass Answer {\npublic:\n    Answer() : day(10), year(365) {} // Constructor from Parent 1\n    int N;\n    int day;\n    int year;\n\n    unsigned long long count(int cnt);\n    void set();\n    void OutPut();\n    bool empty();\n    bool ans();\n};\n\nunsigned long long Answer::count(int cnt) {\n    if (cnt < 0) return 0;\n    if (cnt <= 1) return cnt + 1;\n\n    unsigned long long dp[3] = {1, 1, 2}; // Base cases for cnt = 0, 1, 2\n    for (int i = 3; i <= cnt; i++) {\n        dp[i % 3] = dp[(i - 1) % 3] + dp[(i - 2) % 3] + dp[(i - 3) % 3];\n    }\n    return dp[cnt % 3];\n}\n\nvoid Answer::OutPut() {\n    if (N == 0) return;\n    printf("%d\\n", 1 + (count(N)) / (day * year)); \n}\n\nvoid Answer::set() {\n    cin >> N;\n}\n\nbool Answer::empty() {\n    return N != 0;\n}\n\nbool Answer::ans() {\n    set();\n    OutPut();\n    return empty();\n}\n\nint main() {\n    Answer ans;\n    while (ans.ans());\n    return 0;\n}')"
2025-01-23 20:07:03,191	[INFO]	Step: 85
2025-01-23 20:07:03,191	[INFO]	Stop Steps: 100
2025-01-23 20:07:03,677	[DEBUG]	EXEC>  SUCCESS 2401261.75
2025-01-23 20:07:03,677	[INFO]	8-6     SUCCESS               2401261.75 (11.71%) [1 edit(s)]  
2025-01-23 20:07:03,678	[DEBUG]	patch(8-6)="LineLLMCrossover(('source.cpp', 31), '#include <iostream>\nusing namespace std;\n\nclass Answer {\npublic:\n    int N;\n    int day = 10; // Default member initializer\n    int year = 365; // Default member initializer\n\n    unsigned long long count(int cnt);\n    void set();\n    void OutPut();\n    bool empty();\n    bool ans();\n};\n\nunsigned long long Answer::count(int cnt) {\n    if (cnt < 0) return 0;\n    if (cnt <= 1) return cnt + 1;\n\n    unsigned long long a = 1, b = 1, c = 2; // Initialize the first three values\n    for (int i = 3; i <= cnt; i++) {\n        unsigned long long temp = a + b + c; // Calculate the next value\n        a = b;  \n        b = c;  \n        c = temp; \n    }\n    return c; // Return the last computed value directly\n}\n\nvoid Answer::OutPut() {\n    if (N == 0) return;\n    printf("%d\\n", 1 + (count(N)) / (day * year)); \n}\n\nvoid Answer::set() {\n    cin >> N;\n}\n\nbool Answer::empty() {\n    return N != 0;\n}\n\nbool Answer::ans() {\n    set();\n    OutPut();\n    return empty();\n}\n\nint main() {\n    Answer ans;\n    while (ans.ans());\n    return 0;\n}')"
2025-01-23 20:07:03,678	[INFO]	Step: 86
2025-01-23 20:07:03,678	[INFO]	Stop Steps: 100
2025-01-23 20:07:04,168	[DEBUG]	EXEC>  SUCCESS 2362706.625
2025-01-23 20:07:04,168	[INFO]	8-7     SUCCESS              *2362706.62 (11.52%) [2 edit(s)]  
2025-01-23 20:07:04,168	[DEBUG]	patch(8-7)="LineLLMCrossover(('source.cpp', 16), '#include <iostream>\nusing namespace std;\n\nclass Answer {\npublic:\n    Answer() : day(10), year(365) {}  // Constructor from Parent 1\n    int N;\n    int day;\n    int year;\n\n    unsigned long long count(int cnt);\n    void set();\n    void OutPut();\n    bool empty();\n    bool ans();\n};\n\nunsigned long long Answer::count(int cnt) {\n    if (cnt < 0) return 0;\n    if (cnt <= 1) return cnt + 1;\n\n    // Use a fixed-size array instead of a vector for improved performance\n    unsigned long long dp[3] = {1, 1, 2}; // Base cases for cnt = 0, 1, 2\n    unsigned long long prev1, prev2, prev3;\n\n    for (int i = 3; i <= cnt; i++) {\n        prev3 = dp[0]; // dp[i-3]\n        prev2 = dp[1]; // dp[i-2]\n        prev1 = dp[2]; // dp[i-1]\n        dp[0] = prev2; // Update for dp[i]\n        dp[1] = prev1; // Update for dp[i]\n        dp[2] = prev1 + prev2 + prev3; // Calculate dp[i]\n    }\n    return dp[2]; // Return the last computed value\n}\n\nvoid Answer::OutPut() {\n    if (N == 0) return;\n    printf("%d\\n", 1 + (count(N)) / (day * year));  // Improved output\n}\n\nvoid Answer::set() {\n    cin >> N;\n}\n\nbool Answer::empty() {\n    return N != 0;\n}\n\nbool Answer::ans() {\n    set();\n    OutPut();\n    return empty();\n}\n\nint main() {\n    Answer ans;\n    while (ans.ans());\n    return 0;\n}') | LineLLMMutation(('source.cpp', 38), '#include <iostream>\nusing namespace std;\n\nclass Answer {\npublic:\n    Answer() : day(10), year(365) {}  // Constructor from Parent 1\n    int N;\n    int day;\n    int year;\n\n    unsigned long long count(int cnt);\n    void set();\n    void OutPut();\n    bool empty();\n    bool ans();\n};\n\nunsigned long long Answer::count(int cnt) {\n    if (cnt < 0) return 0;\n    if (cnt <= 1) return cnt + 1;\n\n    // Use a single variable to store the last three values\n    unsigned long long dp0 = 1, dp1 = 1, dp2 = 2; // Base cases for cnt = 0, 1, 2\n\n    for (int i = 3; i <= cnt; i++) {\n        unsigned long long current = dp0 + dp1 + dp2; // Calculate dp[i]\n        dp0 = dp1; // Update for dp[i-3]\n        dp1 = dp2; // Update for dp[i-2]\n        dp2 = current; // Update for dp[i-1]\n    }\n    return dp2; // Return the last computed value\n}\n\nvoid Answer::OutPut() {\n    if (N == 0) return;\n    printf("%d\\n", 1 + (count(N)) / (day * year));  // Improved output\n}\n\nvoid Answer::set() {\n    cin >> N;\n}\n\nbool Answer::empty() {\n    return N != 0;\n}\n\nbool Answer::ans() {\n    set();\n    OutPut();\n    return empty();\n}\n\nint main() {\n    Answer ans;\n    while (ans.ans());\n    return 0;\n}')"

2025-01-23 20:07:04,168	[INFO]	Step: 87
2025-01-23 20:07:04,168	[INFO]	Stop Steps: 100
2025-01-23 20:07:04,677	[DEBUG]	EXEC>  SUCCESS 2399948.6875
2025-01-23 20:07:04,677	[INFO]	8-8     SUCCESS               2399948.69 (11.70%) [4 edit(s)]  
2025-01-23 20:07:04,677	[DEBUG]	patch(8-8)="LineLLMCrossover(('source.cpp', 11), '#include <iostream>\nusing namespace std;\n\nclass Answer {\npublic:\n    Answer() : day(10), year(365) {}  // Constructor from Parent 1\n    int N;\n    int day;\n    int year;\n\n    unsigned long long count(int cnt);\n    void set();\n    void OutPut();\n    bool empty();\n    bool ans();\n};\n\nunsigned long long Answer::count(int cnt) {\n    if (cnt < 0) return 0;  // Error handling from Parent 3\n    if (cnt <= 1) return cnt + 1;  // Optimized base case from Parent 1\n\n    unsigned long long a = 1, b = 1, c = 2;\n    for (int i = 3; i <= cnt; i++) {\n        unsigned long long temp = a + b + c;\n        a = b;\n        b = c;\n        c = temp;\n    }\n    return c;\n}\n\nvoid Answer::OutPut() {\n    if (N == 0) return;\n    printf("%d\\n", 1 + (count(N)) / (day * year));  // Improved output\n}\n\nvoid Answer::set() {\n    cin >> N;  // Shared method\n}\n\nbool Answer::empty() {\n    return N != 0;\n}\n\nbool Answer::ans() {\n    set();\n    OutPut();\n    return empty();\n}\n\nint main() {\n    Answer ans;\n    while (ans.ans());\n    return 0;\n}') | LineLLMMutation(('source.cpp', 25), '#include <iostream>\nusing namespace std;\n\nclass Answer {\npublic:\n    Answer() : day(10), year(365) {}\n    int N;\n    int day;\n    int year;\n\n    unsigned long long count(int cnt);\n    void set();\n    void OutPut();\n    bool empty();\n    bool ans();\n};\n\nunsigned long long Answer::count(int cnt) {\n    if (cnt < 0) return 0;\n    if (cnt <= 1) return cnt + 1;\n\n    unsigned long long a = 1, b = 1, c = 2;\n    unsigned long long sequence[3] = {1, 1, 2};  // Store the first three values for quick access\n    for (int i = 3; i <= cnt; i++) {\n        unsigned long long temp = sequence[i % 3] = a + b + c;  // Use modulo for memory efficiency\n        a = b;\n        b = c;\n        c = temp;\n    }\n    return sequence[cnt % 3]; // Return the result directly from the array\n}\n\nvoid Answer::OutPut() {\n    if (N == 0) return;\n    printf("%d\\n", 1 + (count(N)) / (day * year)); \n}\n\nvoid Answer::set() {\n    cin >> N;\n}\n\nbool Answer::empty() {\n    return N != 0;\n}\n\nbool Answer::ans() {\n    set();\n    OutPut();\n    return empty();\n}\n\nint main() {\n    Answer ans;\n    while (ans.ans());\n    return 0;\n}') | LineLLMMutation(('source.cpp', 29), '#include <iostream>\nusing namespace std;\n\nclass Answer {\npublic:\n    Answer() : day(10), year(365) {}\n    int N;\n    int day;\n    int year;\n\n    unsigned long long count(int cnt);\n    void set();\n    void OutPut();\n    bool empty();\n    bool ans();\n};\n\nunsigned long long Answer::count(int cnt) {\n    if (cnt < 0) return 0;\n    if (cnt <= 1) return cnt + 1;\n\n    unsigned long long a = 1, b = 1, c = 2; // Initialize the first three values\n    for (int i = 3; i <= cnt; i++) {\n        unsigned long long temp = a + b + c; // Calculate the next value\n        a = b;  // Move forward in the sequence\n        b = c;  \n        c = temp; \n    }\n    return c; // Return the last computed value directly\n}\n\nvoid Answer::OutPut() {\n    if (N == 0) return;\n    printf("%d\\n", 1 + (count(N)) / (day * year)); \n}\n\nvoid Answer::set() {\n    cin >> N;\n}\n\nbool Answer::empty() {\n    return N != 0;\n}\n\nbool Answer::ans() {\n    set();\n    OutPut();\n    return empty();\n}\n\nint main() {\n    Answer ans;\n    while (ans.ans());\n    return 0;\n}') | LineLLMMutation(('source.cpp', 39), '#include <iostream>\nusing namespace std;\n\nclass Answer {\npublic:\n    Answer() : day(10), year(365) {}\n    int N;\n    int day;\n    int year;\n\n    unsigned long long count(int cnt);\n    void set();\n    void OutPut();\n    bool empty();\n    bool ans();\n};\n\nunsigned long long Answer::count(int cnt) {\n    if (cnt < 0) return 0;\n    if (cnt <= 1) return cnt + 1;\n\n    unsigned long long a = 1, b = 1, c = 2; // Initialize the first three values\n    // Use a single array to store values instead of multiple variables\n    unsigned long long seq[3] = {1, 1, 2}; \n    for (int i = 3; i <= cnt; i++) {\n        seq[i % 3] = seq[(i - 1) % 3] + seq[(i - 2) % 3] + seq[(i - 3) % 3]; // Calculate the next value\n    }\n    return seq[cnt % 3]; // Return the last computed value directly\n}\n\nvoid Answer::OutPut() {\n    if (N == 0) return;\n    printf("%d\\n", 1 + (count(N)) / (day * year)); \n}\n\nvoid Answer::set() {\n    cin >> N;\n}\n\nbool Answer::empty() {\n    return N != 0;\n}\n\nbool Answer::ans() {\n    set();\n    OutPut();\n    return empty();\n}\n\nint main() {\n    Answer ans;\n    while (ans.ans());\n    return 0;\n}')"
2025-01-23 20:07:04,677	[INFO]	Step: 88
2025-01-23 20:07:04,677	[INFO]	Stop Steps: 100
2025-01-23 20:07:05,171	[DEBUG]	EXEC>  SUCCESS 2373865.9375
2025-01-23 20:07:05,171	[INFO]	8-9     SUCCESS               2373865.94 (11.57%) [3 edit(s)]  
2025-01-23 20:07:05,171	[DEBUG]	patch(8-9)="LineLLMCrossover(('source.cpp', 23), '#include <iostream>\nusing namespace std;\n\nclass Answer {\npublic:\n    int N;\n    int day = 10; // Default member initializer\n    int year = 365; // Default member initializer\n\n    unsigned long long count(int cnt);\n    void set();\n    void OutPut();\n    bool empty();\n    bool ans();\n};\n\nunsigned long long Answer::count(int cnt) {\n    if (cnt < 0) return 0;\n    if (cnt <= 1) return cnt + 1;\n\n    unsigned long long dp[3] = {1, 1, 2};\n    for (int i = 3; i <= cnt; i++) {\n        dp[i % 3] = dp[(i - 1) % 3] + dp[(i - 2) % 3] + dp[(i - 3) % 3];\n    }\n    return dp[cnt % 3];\n}\n\nvoid Answer::OutPut() {\n    if (N == 0) return;\n    printf("%d\\n", 1 + (count(N)) / (day * year));\n}\n\nvoid Answer::set() {\n    cin >> N;\n}\n\nbool Answer::empty() {\n    return N != 0;\n}\n\nbool Answer::ans() {\n    set();\n    OutPut();\n    return empty();\n}\n\nint main() {\n    Answer ans;\n    while (ans.ans());\n    return 0;\n}') | LineLLMMutation(('source.cpp', 37), '#include <iostream>\nusing namespace std;\n\nclass Answer {\npublic:\n    int N;\n    int day = 10; // Default member initializer\n    int year = 365; // Default member initializer\n\n    unsigned long long count(int cnt);\n    void set();\n    void OutPut();\n    bool empty();\n    bool ans();\n};\n\nunsigned long long Answer::count(int cnt) {\n    if (cnt < 0) return 0;\n    if (cnt <= 1) return cnt + 1;\n\n    unsigned long long prev1 = 1, prev2 = 1, prev3 = 2; // Only keep the last three results\n    unsigned long long current = 0;\n    for (int i = 3; i <= cnt; i++) {\n        current = prev1 + prev2 + prev3;\n        prev1 = prev2; // shift for next iteration\n        prev2 = prev3;\n        prev3 = current;\n    }\n    return current;\n}\n\nvoid Answer::OutPut() {\n    if (N == 0) return;\n    printf("%d\\n", 1 + (count(N)) / (day * year));\n}\n\nvoid Answer::set() {\n    cin >> N;\n}\n\nbool Answer::empty() {\n    return N != 0;\n}\n\nbool Answer::ans() {\n    set();\n    OutPut();\n    return empty();\n}\n\nint main() {\n    Answer ans;\n    while (ans.ans());\n    return 0;\n}') | LineLLMMutation(('source.cpp', 40), '#include <iostream>\nusing namespace std;\n\nclass Answer {\npublic:\n    int N;\n    int day = 10; // Default member initializer\n    int year = 365; // Default member initializer\n\n    unsigned long long count(int cnt);\n    void set();\n    void OutPut();\n    bool empty();\n    bool ans();\n};\n\nunsigned long long Answer::count(int cnt) {\n    if (cnt < 0) return 0;\n    if (cnt <= 1) return cnt + 1;\n\n    unsigned long long prev1 = 1, prev2 = 1, current = 2; // Only keep the last two results\n    if (cnt == 2) return current; // return directly for cnt == 2\n    for (int i = 3; i <= cnt; i++) {\n        unsigned long long next = prev1 + prev2 + current; // New value based on the last three results\n        prev1 = prev2; // shift for next iteration\n        prev2 = current;\n        current = next;\n    }\n    return current;\n}\n\nvoid Answer::OutPut() {\n    if (N == 0) return;\n    printf("%d\\n", 1 + (count(N)) / (day * year));\n}\n\nvoid Answer::set() {\n    cin >> N;\n}\n\nbool Answer::empty() {\n    return N != 0;\n}\n\nbool Answer::ans() {\n    set();\n    OutPut();\n    return empty();\n}\n\nint main() {\n    Answer ans;\n    while (ans.ans());\n    return 0;\n}')"
2025-01-23 20:07:05,171	[INFO]	Step: 89
2025-01-23 20:07:05,171	[INFO]	Stop Steps: 100
2025-01-23 20:07:05,661	[DEBUG]	EXEC>  SUCCESS 2376100.4375
2025-01-23 20:07:05,662	[INFO]	8-10    SUCCESS               2376100.44 (11.59%) [2 edit(s)]  
2025-01-23 20:07:05,662	[DEBUG]	patch(8-10)="LineLLMCrossover(('source.cpp', 26), '#include <iostream>\nusing namespace std;\n\nclass Answer {\npublic:\n    int N;\n    int day = 10; // Default member initializer\n    int year = 365; // Default member initializer\n\n    unsigned long long count(int cnt);\n    void set();\n    void OutPut();\n    bool empty();\n    bool ans();\n};\n\nunsigned long long Answer::count(int cnt) {\n    if (cnt < 0) return 0;\n    if (cnt <= 1) return cnt + 1;\n\n    unsigned long long dp[3] = {1, 1, 2}; // Base cases for cnt = 0, 1, 2\n    for (int i = 3; i <= cnt; i++) {\n        dp[i % 3] = dp[(i - 1) % 3] + dp[(i - 2) % 3] + dp[(i - 3) % 3];\n    }\n    return dp[cnt % 3];\n}\n\nvoid Answer::OutPut() {\n    if (N == 0) return;\n    printf("%d\\n", 1 + (count(N)) / (day * year));\n}\n\nvoid Answer::set() {\n    cin >> N;\n}\n\nbool Answer::empty() {\n    return N != 0;\n}\n\nbool Answer::ans() {\n    set();\n    OutPut();\n    return empty();\n}\n\nint main() {\n    Answer ans;\n    while (ans.ans());\n    return 0;\n}') | LineLLMMutation(('source.cpp', 41), '#include <iostream>\nusing namespace std;\n\nclass Answer {\npublic:\n    int N;\n    int day = 10; // Default member initializer\n    int year = 365; // Default member initializer\n\n    unsigned long long count(int cnt);\n    void set();\n    void OutPut();\n    bool empty();\n    bool ans();\n};\n\nunsigned long long Answer::count(int cnt) {\n    if (cnt < 0) return 0;\n    if (cnt <= 1) return cnt + 1;\n\n    unsigned long long a = 1, b = 1, c = 2; // Base cases for cnt = 0, 1, 2\n    for (int i = 3; i <= cnt; i++) {\n        unsigned long long temp = a + b + c;\n        a = b;\n        b = c;\n        c = temp;\n    }\n    return c;\n}\n\nvoid Answer::OutPut() {\n    if (N == 0) return;\n    printf("%d\\n", 1 + (count(N)) / (day * year));\n}\n\nvoid Answer::set() {\n    cin >> N;\n}\n\nbool Answer::empty() {\n    return N != 0;\n}\n\nbool Answer::ans() {\n    set();\n    OutPut();\n    return empty();\n}\n\nint main() {\n    Answer ans;\n    while (ans.ans());\n    return 0;\n}')"
2025-01-23 20:07:05,662	[INFO]	Step: 90
2025-01-23 20:07:05,662	[INFO]	Stop Steps: 100
2025-01-23 20:07:07,351	[DEBUG]	EXEC>  SUCCESS 20421632.75
2025-01-23 20:07:07,352	[INFO]	REF     SUCCESS               20421632.75 (--) [0 edit(s)]  
2025-01-23 20:07:07,352	[INFO]	Best patch: 16_38
2025-01-23 20:07:07,844	[DEBUG]	EXEC>  SUCCESS 2378808.875
2025-01-23 20:07:07,844	[INFO]	BEST    SUCCESS              *2378808.88 (11.65%) [0 edit(s)]  
2025-01-23 20:07:07,844	[INFO]	Best patch step: 86
2025-01-23 20:08:25,911	[INFO]	Step: 90
2025-01-23 20:08:25,912	[INFO]	Stop Steps: 100
2025-01-23 20:08:26,531	[DEBUG]	EXEC>  SUCCESS 2409706.1875
2025-01-23 20:08:26,531	[INFO]	9-1     SUCCESS              +2409706.19 (11.80%) [2 edit(s)]  
2025-01-23 20:08:26,531	[DEBUG]	patch(9-1)="LineLLMCrossover(('source.cpp', 16), '#include <iostream>\nusing namespace std;\n\nclass Answer {\npublic:\n    Answer() : day(10), year(365) {}  // Constructor from Parent 1\n    int N;\n    int day;\n    int year;\n\n    unsigned long long count(int cnt);\n    void set();\n    void OutPut();\n    bool empty();\n    bool ans();\n};\n\nunsigned long long Answer::count(int cnt) {\n    if (cnt < 0) return 0;\n    if (cnt <= 1) return cnt + 1;\n\n    // Use a fixed-size array instead of a vector for improved performance\n    unsigned long long dp[3] = {1, 1, 2}; // Base cases for cnt = 0, 1, 2\n    unsigned long long prev1, prev2, prev3;\n\n    for (int i = 3; i <= cnt; i++) {\n        prev3 = dp[0]; // dp[i-3]\n        prev2 = dp[1]; // dp[i-2]\n        prev1 = dp[2]; // dp[i-1]\n        dp[0] = prev2; // Update for dp[i]\n        dp[1] = prev1; // Update for dp[i]\n        dp[2] = prev1 + prev2 + prev3; // Calculate dp[i]\n    }\n    return dp[2]; // Return the last computed value\n}\n\nvoid Answer::OutPut() {\n    if (N == 0) return;\n    printf("%d\\n", 1 + (count(N)) / (day * year));  // Improved output\n}\n\nvoid Answer::set() {\n    cin >> N;\n}\n\nbool Answer::empty() {\n    return N != 0;\n}\n\nbool Answer::ans() {\n    set();\n    OutPut();\n    return empty();\n}\n\nint main() {\n    Answer ans;\n    while (ans.ans());\n    return 0;\n}') | LineLLMMutation(('source.cpp', 38), '#include <iostream>\nusing namespace std;\n\nclass Answer {\npublic:\n    Answer() : day(10), year(365) {}  // Constructor from Parent 1\n    int N;\n    int day;\n    int year;\n\n    unsigned long long count(int cnt);\n    void set();\n    void OutPut();\n    bool empty();\n    bool ans();\n};\n\nunsigned long long Answer::count(int cnt) {\n    if (cnt < 0) return 0;\n    if (cnt <= 1) return cnt + 1;\n\n    // Use a single variable to store the last three values\n    unsigned long long dp0 = 1, dp1 = 1, dp2 = 2; // Base cases for cnt = 0, 1, 2\n\n    for (int i = 3; i <= cnt; i++) {\n        unsigned long long current = dp0 + dp1 + dp2; // Calculate dp[i]\n        dp0 = dp1; // Update for dp[i-3]\n        dp1 = dp2; // Update for dp[i-2]\n        dp2 = current; // Update for dp[i-1]\n    }\n    return dp2; // Return the last computed value\n}\n\nvoid Answer::OutPut() {\n    if (N == 0) return;\n    printf("%d\\n", 1 + (count(N)) / (day * year));  // Improved output\n}\n\nvoid Answer::set() {\n    cin >> N;\n}\n\nbool Answer::empty() {\n    return N != 0;\n}\n\nbool Answer::ans() {\n    set();\n    OutPut();\n    return empty();\n}\n\nint main() {\n    Answer ans;\n    while (ans.ans());\n    return 0;\n}')"
2025-01-23 20:08:26,531	[INFO]	Step: 91
2025-01-23 20:08:26,531	[INFO]	Stop Steps: 100
2025-01-23 20:08:27,024	[DEBUG]	EXEC>  SUCCESS 2465585.5
2025-01-23 20:08:27,024	[INFO]	9-2     SUCCESS               2465585.50 (12.07%) [3 edit(s)]  
2025-01-23 20:08:27,024	[DEBUG]	patch(9-2)="LineLLMCrossover(('source.cpp', 23), '#include <iostream>\nusing namespace std;\n\nclass Answer {\npublic:\n    int N;\n    int day = 10; // Default member initializer\n    int year = 365; // Default member initializer\n\n    unsigned long long count(int cnt);\n    void set();\n    void OutPut();\n    bool empty();\n    bool ans();\n};\n\nunsigned long long Answer::count(int cnt) {\n    if (cnt < 0) return 0;\n    if (cnt <= 1) return cnt + 1;\n\n    unsigned long long dp[3] = {1, 1, 2};\n    for (int i = 3; i <= cnt; i++) {\n        dp[i % 3] = dp[(i - 1) % 3] + dp[(i - 2) % 3] + dp[(i - 3) % 3];\n    }\n    return dp[cnt % 3];\n}\n\nvoid Answer::OutPut() {\n    if (N == 0) return;\n    printf("%d\\n", 1 + (count(N)) / (day * year));\n}\n\nvoid Answer::set() {\n    cin >> N;\n}\n\nbool Answer::empty() {\n    return N != 0;\n}\n\nbool Answer::ans() {\n    set();\n    OutPut();\n    return empty();\n}\n\nint main() {\n    Answer ans;\n    while (ans.ans());\n    return 0;\n}') | LineLLMMutation(('source.cpp', 37), '#include <iostream>\nusing namespace std;\n\nclass Answer {\npublic:\n    int N;\n    int day = 10; // Default member initializer\n    int year = 365; // Default member initializer\n\n    unsigned long long count(int cnt);\n    void set();\n    void OutPut();\n    bool empty();\n    bool ans();\n};\n\nunsigned long long Answer::count(int cnt) {\n    if (cnt < 0) return 0;\n    if (cnt <= 1) return cnt + 1;\n\n    unsigned long long prev1 = 1, prev2 = 1, prev3 = 2; // Only keep the last three results\n    unsigned long long current = 0;\n    for (int i = 3; i <= cnt; i++) {\n        current = prev1 + prev2 + prev3;\n        prev1 = prev2; // shift for next iteration\n        prev2 = prev3;\n        prev3 = current;\n    }\n    return current;\n}\n\nvoid Answer::OutPut() {\n    if (N == 0) return;\n    printf("%d\\n", 1 + (count(N)) / (day * year));\n}\n\nvoid Answer::set() {\n    cin >> N;\n}\n\nbool Answer::empty() {\n    return N != 0;\n}\n\nbool Answer::ans() {\n    set();\n    OutPut();\n    return empty();\n}\n\nint main() {\n    Answer ans;\n    while (ans.ans());\n    return 0;\n}') | LineLLMMutation(('source.cpp', 40), '#include <iostream>\nusing namespace std;\n\nclass Answer {\npublic:\n    int N;\n    int day = 10; // Default member initializer\n    int year = 365; // Default member initializer\n\n    unsigned long long count(int cnt);\n    void set();\n    void OutPut();\n    bool empty();\n    bool ans();\n};\n\nunsigned long long Answer::count(int cnt) {\n    if (cnt < 0) return 0;\n    if (cnt <= 1) return cnt + 1;\n\n    unsigned long long prev1 = 1, prev2 = 1, current = 2; // Only keep the last two results\n    if (cnt == 2) return current; // return directly for cnt == 2\n    for (int i = 3; i <= cnt; i++) {\n        unsigned long long next = prev1 + prev2 + current; // New value based on the last three results\n        prev1 = prev2; // shift for next iteration\n        prev2 = current;\n        current = next;\n    }\n    return current;\n}\n\nvoid Answer::OutPut() {\n    if (N == 0) return;\n    printf("%d\\n", 1 + (count(N)) / (day * year));\n}\n\nvoid Answer::set() {\n    cin >> N;\n}\n\nbool Answer::empty() {\n    return N != 0;\n}\n\nbool Answer::ans() {\n    set();\n    OutPut();\n    return empty();\n}\n\nint main() {\n    Answer ans;\n    while (ans.ans());\n    return 0;\n}')"
2025-01-23 20:08:27,024	[INFO]	Step: 92
2025-01-23 20:08:27,024	[INFO]	Stop Steps: 100
2025-01-23 20:08:27,511	[DEBUG]	EXEC>  SUCCESS 2404324.1875
2025-01-23 20:08:27,511	[INFO]	9-3     SUCCESS              +2404324.19 (11.77%) [1 edit(s)]  
2025-01-23 20:08:27,511	[DEBUG]	patch(9-3)="LineLLMCrossover(('source.cpp', 32), '#include <iostream>\nusing namespace std;\n\nclass Answer {\npublic:\n    Answer() : day(10), year(365) {}  // Constructor from Parent 1\n    int N;\n    int day; // Default member initializer from Parent 2\n    int year; // Default member initializer from Parent 2\n\n    unsigned long long count(int cnt);\n    void set();\n    void OutPut();\n    bool empty();\n    bool ans();\n};\n\nunsigned long long Answer::count(int cnt) {\n    if (cnt < 0) return 0;\n    if (cnt <= 1) return cnt + 1;\n\n    unsigned long long prev1 = 1, prev2 = 1, current = 2; // Modified to use only last two results\n    if (cnt == 2) return current; // Direct return for cnt == 2\n    for (int i = 3; i <= cnt; i++) {\n        unsigned long long next = prev1 + prev2 + current; // New value based on last three results\n        prev1 = prev2; // Shift for next iteration\n        prev2 = current;\n        current = next;\n    }\n    return current;\n}\n\nvoid Answer::OutPut() {\n    if (N == 0) return;\n    printf("%d\\n", 1 + (count(N)) / (day * year));\n}\n\nvoid Answer::set() {\n    cin >> N;\n}\n\nbool Answer::empty() {\n    return N != 0;\n}\n\nbool Answer::ans() {\n    set();\n    OutPut();\n    return empty();\n}\n\nint main() {\n    Answer ans;\n    while (ans.ans());\n    return 0;\n}')"
2025-01-23 20:08:27,511	[INFO]	Step: 93
2025-01-23 20:08:27,511	[INFO]	Stop Steps: 100
2025-01-23 20:08:28,015	[DEBUG]	EXEC>  SUCCESS 2444962.5625
2025-01-23 20:08:28,015	[INFO]	9-4     SUCCESS               2444962.56 (11.97%) [1 edit(s)]  
2025-01-23 20:08:28,015	[DEBUG]	patch(9-4)="LineLLMCrossover(('source.cpp', 33), '#include <iostream>\nusing namespace std;\n\nclass Answer {\npublic:\n    Answer() : day(10), year(365) {}  // Constructor from Parent 1\n    int N;\n    int day;\n    int year;\n\n    unsigned long long count(int cnt);\n    void set();\n    void OutPut();\n    bool empty();\n    bool ans();\n};\n\nunsigned long long Answer::count(int cnt) {\n    if (cnt < 0) return 0;\n    if (cnt <= 1) return cnt + 1;\n\n    unsigned long long dp[3] = {1, 1, 2}; // Base cases for cnt = 0, 1, 2\n    for (int i = 3; i <= cnt; i++) {\n        dp[i % 3] = dp[(i - 1) % 3] + dp[(i - 2) % 3] + dp[(i - 3) % 3]; // Efficient calculation\n    }\n    return dp[cnt % 3];\n}\n\nvoid Answer::OutPut() {\n    if (N == 0) return;\n    printf("%d\\n", 1 + (count(N)) / (day * year)); // Improved output\n}\n\nvoid Answer::set() {\n    cin >> N;\n}\n\nbool Answer::empty() {\n    return N != 0;\n}\n\nbool Answer::ans() {\n    set();\n    OutPut();\n    return empty();\n}\n\nint main() {\n    Answer ans;\n    while (ans.ans());\n    return 0;\n}')"
2025-01-23 20:08:28,015	[INFO]	Step: 94
2025-01-23 20:08:28,015	[INFO]	Stop Steps: 100
2025-01-23 20:08:28,510	[DEBUG]	EXEC>  SUCCESS 2391443.125
2025-01-23 20:08:28,511	[INFO]	9-5     SUCCESS              +2391443.12 (11.71%) [1 edit(s)]  
2025-01-23 20:08:28,511	[DEBUG]	patch(9-5)="LineLLMCrossover(('source.cpp', 34), '#include <iostream>\nusing namespace std;\n\nclass Answer {\npublic:\n    Answer() : day(10), year(365) {}  // Constructor from Parent 2\n    int N;\n    int day; // Default member initializer\n    int year; // Default member initializer\n\n    unsigned long long count(int cnt);\n    void set();\n    void OutPut();\n    bool empty();\n    bool ans();\n};\n\nunsigned long long Answer::count(int cnt) {\n    if (cnt < 0) return 0;\n    if (cnt <= 1) return cnt + 1;\n\n    unsigned long long a = 1, b = 1, c = 2; // Efficient counting\n    for (int i = 3; i <= cnt; i++) {\n        unsigned long long temp = a + b + c;\n        a = b;\n        b = c;\n        c = temp;\n    }\n    return c;\n}\n\nvoid Answer::OutPut() {\n    if (N == 0) return;\n    printf("%d\\n", 1 + (count(N)) / (day * year)); // Output formatting\n}\n\nvoid Answer::set() {\n    cin >> N;\n}\n\nbool Answer::empty() {\n    return N != 0;\n}\n\nbool Answer::ans() {\n    set();\n    OutPut();\n    return empty();\n}\n\nint main() {\n    Answer ans;\n    while (ans.ans());\n    return 0;\n}')"
2025-01-23 20:08:28,511	[INFO]	Step: 95
2025-01-23 20:08:28,511	[INFO]	Stop Steps: 100
2025-01-23 20:08:28,997	[DEBUG]	EXEC>  SUCCESS 2404672.0
2025-01-23 20:08:28,998	[INFO]	9-6     SUCCESS               2404672.00 (11.78%) [1 edit(s)]  
2025-01-23 20:08:28,998	[DEBUG]	patch(9-6)="LineLLMCrossover(('source.cpp', 35), '#include <iostream>\nusing namespace std;\n\nclass Answer {\npublic:\n    Answer() : day(10), year(365) {}  // Constructor from Parent 4\n    int N;\n    int day; // Default member initializer\n    int year; // Default member initializer\n\n    unsigned long long count(int cnt);\n    void set();\n    void OutPut();\n    bool empty();\n    bool ans();\n};\n\nunsigned long long Answer::count(int cnt) {\n    if (cnt < 0) return 0;\n    if (cnt <= 1) return cnt + 1;\n\n    unsigned long long dp0 = 1, dp1 = 1, dp2 = 2; // Efficient counting\n    for (int i = 3; i <= cnt; i++) {\n        unsigned long long current = dp0 + dp1 + dp2; // Calculate next value\n        dp0 = dp1; // Shift values\n        dp1 = dp2;\n        dp2 = current;\n    }\n    return dp2;\n}\n\nvoid Answer::OutPut() {\n    if (N == 0) return;\n    printf("%d\\n", 1 + (count(N)) / (day * year)); // Improved output\n}\n\nvoid Answer::set() {\n    cin >> N;\n}\n\nbool Answer::empty() {\n    return N != 0;\n}\n\nbool Answer::ans() {\n    set();\n    OutPut();\n    return empty();\n}\n\nint main() {\n    Answer ans;\n    while (ans.ans());\n    return 0;\n}')"
2025-01-23 20:08:28,998	[INFO]	Step: 96
2025-01-23 20:08:28,998	[INFO]	Stop Steps: 100
2025-01-23 20:08:29,488	[DEBUG]	EXEC>  SUCCESS 2395876.375
2025-01-23 20:08:29,489	[INFO]	9-7     SUCCESS               2395876.38 (11.73%) [3 edit(s)]  
2025-01-23 20:08:29,489	[DEBUG]	patch(9-7)="LineLLMCrossover(('source.cpp', 16), '#include <iostream>\nusing namespace std;\n\nclass Answer {\npublic:\n    Answer() : day(10), year(365) {}  // Constructor from Parent 1\n    int N;\n    int day;\n    int year;\n\n    unsigned long long count(int cnt);\n    void set();\n    void OutPut();\n    bool empty();\n    bool ans();\n};\n\nunsigned long long Answer::count(int cnt) {\n    if (cnt < 0) return 0;\n    if (cnt <= 1) return cnt + 1;\n\n    // Use a fixed-size array instead of a vector for improved performance\n    unsigned long long dp[3] = {1, 1, 2}; // Base cases for cnt = 0, 1, 2\n    unsigned long long prev1, prev2, prev3;\n\n    for (int i = 3; i <= cnt; i++) {\n        prev3 = dp[0]; // dp[i-3]\n        prev2 = dp[1]; // dp[i-2]\n        prev1 = dp[2]; // dp[i-1]\n        dp[0] = prev2; // Update for dp[i]\n        dp[1] = prev1; // Update for dp[i]\n        dp[2] = prev1 + prev2 + prev3; // Calculate dp[i]\n    }\n    return dp[2]; // Return the last computed value\n}\n\nvoid Answer::OutPut() {\n    if (N == 0) return;\n    printf("%d\\n", 1 + (count(N)) / (day * year));  // Improved output\n}\n\nvoid Answer::set() {\n    cin >> N;\n}\n\nbool Answer::empty() {\n    return N != 0;\n}\n\nbool Answer::ans() {\n    set();\n    OutPut();\n    return empty();\n}\n\nint main() {\n    Answer ans;\n    while (ans.ans());\n    return 0;\n}') | LineLLMMutation(('source.cpp', 38), '#include <iostream>\nusing namespace std;\n\nclass Answer {\npublic:\n    Answer() : day(10), year(365) {}  // Constructor from Parent 1\n    int N;\n    int day;\n    int year;\n\n    unsigned long long count(int cnt);\n    void set();\n    void OutPut();\n    bool empty();\n    bool ans();\n};\n\nunsigned long long Answer::count(int cnt) {\n    if (cnt < 0) return 0;\n    if (cnt <= 1) return cnt + 1;\n\n    // Use a single variable to store the last three values\n    unsigned long long dp0 = 1, dp1 = 1, dp2 = 2; // Base cases for cnt = 0, 1, 2\n\n    for (int i = 3; i <= cnt; i++) {\n        unsigned long long current = dp0 + dp1 + dp2; // Calculate dp[i]\n        dp0 = dp1; // Update for dp[i-3]\n        dp1 = dp2; // Update for dp[i-2]\n        dp2 = current; // Update for dp[i-1]\n    }\n    return dp2; // Return the last computed value\n}\n\nvoid Answer::OutPut() {\n    if (N == 0) return;\n    printf("%d\\n", 1 + (count(N)) / (day * year));  // Improved output\n}\n\nvoid Answer::set() {\n    cin >> N;\n}\n\nbool Answer::empty() {\n    return N != 0;\n}\n\nbool Answer::ans() {\n    set();\n    OutPut();\n    return empty();\n}\n\nint main() {\n    Answer ans;\n    while (ans.ans());\n    return 0;\n}') | LineLLMMutation(('source.cpp', 42), '#include <iostream>\nusing namespace std;\n\nclass Answer {\npublic:\n    Answer() : day(10), year(365) {}  // Constructor from Parent 1\n    int N;\n    int day;\n    int year;\n\n    unsigned long long count(int cnt);\n    void set();\n    void OutPut();\n    bool empty();\n    bool ans();\n};\n\nunsigned long long Answer::count(int cnt) {\n    if (cnt < 0) return 0;\n    if (cnt <= 1) return cnt + 1;\n\n    // Use a single variable to store the last three values\n    unsigned long long dp0 = 1, dp1 = 1, dp2 = 2; // Base cases for cnt = 0, 1, 2\n\n    for (int i = 3; i <= cnt; i++) {\n        unsigned long long current = dp0 + dp1 + dp2; // Calculate dp[i]\n        dp0 = dp1; // Update for dp[i-3]\n        dp1 = dp2; // Update for dp[i-2]\n        dp2 = current; // Update for dp[i-1]\n    }\n    return dp2; // Return the last computed value\n}\n\nvoid Answer::OutPut() {\n    if (N == 0) return;\n    unsigned long long countResult = count(N); // Store result to avoid recalculating\n    printf("%d\\n", 1 + countResult / (day * year));  // Improved output\n}\n\nvoid Answer::set() {\n    cin >> N;\n}\n\nbool Answer::empty() {\n    return N != 0;\n}\n\nbool Answer::ans() {\n    set();\n    OutPut();\n    return empty();\n}\n\nint main() {\n    Answer ans;\n    while (ans.ans());\n    return 0;\n}')"
2025-01-23 20:08:29,489	[INFO]	Step: 97
2025-01-23 20:08:29,489	[INFO]	Stop Steps: 100
2025-01-23 20:08:29,815	[INFO]	9-8     TEST_CODE_ERROR       None (--) [4 edit(s)]  
2025-01-23 20:08:29,815	[DEBUG]	patch(9-8)="LineLLMCrossover(('source.cpp', 23), '#include <iostream>\nusing namespace std;\n\nclass Answer {\npublic:\n    int N;\n    int day = 10; // Default member initializer\n    int year = 365; // Default member initializer\n\n    unsigned long long count(int cnt);\n    void set();\n    void OutPut();\n    bool empty();\n    bool ans();\n};\n\nunsigned long long Answer::count(int cnt) {\n    if (cnt < 0) return 0;\n    if (cnt <= 1) return cnt + 1;\n\n    unsigned long long dp[3] = {1, 1, 2};\n    for (int i = 3; i <= cnt; i++) {\n        dp[i % 3] = dp[(i - 1) % 3] + dp[(i - 2) % 3] + dp[(i - 3) % 3];\n    }\n    return dp[cnt % 3];\n}\n\nvoid Answer::OutPut() {\n    if (N == 0) return;\n    printf("%d\\n", 1 + (count(N)) / (day * year));\n}\n\nvoid Answer::set() {\n    cin >> N;\n}\n\nbool Answer::empty() {\n    return N != 0;\n}\n\nbool Answer::ans() {\n    set();\n    OutPut();\n    return empty();\n}\n\nint main() {\n    Answer ans;\n    while (ans.ans());\n    return 0;\n}') | LineLLMMutation(('source.cpp', 37), '#include <iostream>\nusing namespace std;\n\nclass Answer {\npublic:\n    int N;\n    int day = 10; // Default member initializer\n    int year = 365; // Default member initializer\n\n    unsigned long long count(int cnt);\n    void set();\n    void OutPut();\n    bool empty();\n    bool ans();\n};\n\nunsigned long long Answer::count(int cnt) {\n    if (cnt < 0) return 0;\n    if (cnt <= 1) return cnt + 1;\n\n    unsigned long long prev1 = 1, prev2 = 1, prev3 = 2; // Only keep the last three results\n    unsigned long long current = 0;\n    for (int i = 3; i <= cnt; i++) {\n        current = prev1 + prev2 + prev3;\n        prev1 = prev2; // shift for next iteration\n        prev2 = prev3;\n        prev3 = current;\n    }\n    return current;\n}\n\nvoid Answer::OutPut() {\n    if (N == 0) return;\n    printf("%d\\n", 1 + (count(N)) / (day * year));\n}\n\nvoid Answer::set() {\n    cin >> N;\n}\n\nbool Answer::empty() {\n    return N != 0;\n}\n\nbool Answer::ans() {\n    set();\n    OutPut();\n    return empty();\n}\n\nint main() {\n    Answer ans;\n    while (ans.ans());\n    return 0;\n}') | LineLLMMutation(('source.cpp', 40), '#include <iostream>\nusing namespace std;\n\nclass Answer {\npublic:\n    int N;\n    int day = 10; // Default member initializer\n    int year = 365; // Default member initializer\n\n    unsigned long long count(int cnt);\n    void set();\n    void OutPut();\n    bool empty();\n    bool ans();\n};\n\nunsigned long long Answer::count(int cnt) {\n    if (cnt < 0) return 0;\n    if (cnt <= 1) return cnt + 1;\n\n    unsigned long long prev1 = 1, prev2 = 1, current = 2; // Only keep the last two results\n    if (cnt == 2) return current; // return directly for cnt == 2\n    for (int i = 3; i <= cnt; i++) {\n        unsigned long long next = prev1 + prev2 + current; // New value based on the last three results\n        prev1 = prev2; // shift for next iteration\n        prev2 = current;\n        current = next;\n    }\n    return current;\n}\n\nvoid Answer::OutPut() {\n    if (N == 0) return;\n    printf("%d\\n", 1 + (count(N)) / (day * year));\n}\n\nvoid Answer::set() {\n    cin >> N;\n}\n\nbool Answer::empty() {\n    return N != 0;\n}\n\nbool Answer::ans() {\n    set();\n    OutPut();\n    return empty();\n}\n\nint main() {\n    Answer ans;\n    while (ans.ans());\n    return 0;\n}') | LineLLMMutation(('source.cpp', 43), '#include <iostream>\nusing namespace std;\n\nclass Answer {\npublic:\n    int N;\n    int day = 10; // Default member initializer\n    int year = 365; // Default member initializer\n\n    unsigned long long count(int cnt);\n    void set();\n    void OutPut();\n    bool empty();\n    bool ans();\n};\n\nunsigned long long Answer::count(int cnt) {\n    if (cnt < 0) return 0;\n    if (cnt <= 1) return cnt + 1;\n\n    unsigned long long prev2 = 1, current = 2; // Only keep the last two results\n    for (int i = 3; i <= cnt; i++) {\n        unsigned long long next = prev2 + current; // New value based on the last two results\n        prev2 = current; // shift for next iteration\n        current = next;\n    }\n    return current;\n}\n\nvoid Answer::OutPut() {\n    if (N == 0) return;\n    printf("%d\\n", 1 + (count(N)) / (day * year));\n}\n\nvoid Answer::set() {\n    cin >> N;\n}\n\nbool Answer::empty() {\n    return N != 0;\n}\n\nbool Answer::ans() {\n    set();\n    OutPut();\n    return empty();\n}\n\nint main() {\n    Answer ans;\n    while (ans.ans());\n    return 0;\n}')"
2025-01-23 20:08:29,815	[INFO]	Step: 98
2025-01-23 20:08:29,815	[INFO]	Stop Steps: 100
2025-01-23 20:08:30,306	[DEBUG]	EXEC>  SUCCESS 2406272.0625
2025-01-23 20:08:30,306	[INFO]	9-9     SUCCESS               2406272.06 (11.78%) [2 edit(s)]  
2025-01-23 20:08:30,306	[DEBUG]	patch(9-9)="LineLLMCrossover(('source.cpp', 29), '#include <iostream>\nusing namespace std;\n\nclass Answer {\npublic:\n    int N;\n    int day = 10; // Default member initializer\n    int year = 365; // Default member initializer\n\n    unsigned long long count(int cnt);\n    void set();\n    void OutPut();\n    bool empty();\n    bool ans();\n};\n\nunsigned long long Answer::count(int cnt) {\n    if (cnt < 0) return 0;\n    if (cnt <= 1) return cnt + 1;\n\n    unsigned long long dp[3] = {1, 1, 2}; // Base cases for cnt = 0, 1, 2\n    for (int i = 3; i <= cnt; i++) {\n        dp[i % 3] = dp[(i - 1) % 3] + dp[(i - 2) % 3] + dp[(i - 3) % 3];\n    }\n    return dp[cnt % 3];\n}\n\nvoid Answer::OutPut() {\n    if (N == 0) return;\n    printf("%d\\n", 1 + (count(N)) / (day * year)); \n}\n\nvoid Answer::set() {\n    cin >> N;\n}\n\nbool Answer::empty() {\n    return N != 0;\n}\n\nbool Answer::ans() {\n    set();\n    OutPut();\n    return empty();\n}\n\nint main() {\n    Answer ans;\n    while (ans.ans());\n    return 0;\n}') | LineLLMMutation(('source.cpp', 44), '#include <iostream>\nusing namespace std;\n\nclass Answer {\npublic:\n    int N;\n    int day = 10; // Default member initializer\n    int year = 365; // Default member initializer\n\n    unsigned long long count(int cnt);\n    void set();\n    void OutPut();\n    bool empty();\n    bool ans();\n};\n\nunsigned long long Answer::count(int cnt) {\n    if (cnt < 0) return 0;\n    if (cnt <= 1) return cnt + 1;\n\n    unsigned long long dp0 = 1, dp1 = 1, dp2 = 2; // Base cases for cnt = 0, 1, 2\n    unsigned long long current;\n    for (int i = 3; i <= cnt; i++) {\n        current = dp0 + dp1 + dp2;\n        dp0 = dp1;\n        dp1 = dp2;\n        dp2 = current;\n    }\n    return dp2;\n}\n\nvoid Answer::OutPut() {\n    if (N == 0) return;\n    printf("%d\\n", 1 + (count(N)) / (day * year)); \n}\n\nvoid Answer::set() {\n    cin >> N;\n}\n\nbool Answer::empty() {\n    return N != 0;\n}\n\nbool Answer::ans() {\n    set();\n    OutPut();\n    return empty();\n}\n\nint main() {\n    Answer ans;\n    while (ans.ans());\n    return 0;\n}')"
2025-01-23 20:08:30,306	[INFO]	Step: 99
2025-01-23 20:08:30,306	[INFO]	Stop Steps: 100
2025-01-23 20:08:30,631	[INFO]	9-10    TEST_CODE_ERROR       None (--) [3 edit(s)]  
2025-01-23 20:08:30,631	[DEBUG]	patch(9-10)="LineLLMCrossover(('source.cpp', 26), '#include <iostream>\nusing namespace std;\n\nclass Answer {\npublic:\n    int N;\n    int day = 10; // Default member initializer\n    int year = 365; // Default member initializer\n\n    unsigned long long count(int cnt);\n    void set();\n    void OutPut();\n    bool empty();\n    bool ans();\n};\n\nunsigned long long Answer::count(int cnt) {\n    if (cnt < 0) return 0;\n    if (cnt <= 1) return cnt + 1;\n\n    unsigned long long dp[3] = {1, 1, 2}; // Base cases for cnt = 0, 1, 2\n    for (int i = 3; i <= cnt; i++) {\n        dp[i % 3] = dp[(i - 1) % 3] + dp[(i - 2) % 3] + dp[(i - 3) % 3];\n    }\n    return dp[cnt % 3];\n}\n\nvoid Answer::OutPut() {\n    if (N == 0) return;\n    printf("%d\\n", 1 + (count(N)) / (day * year));\n}\n\nvoid Answer::set() {\n    cin >> N;\n}\n\nbool Answer::empty() {\n    return N != 0;\n}\n\nbool Answer::ans() {\n    set();\n    OutPut();\n    return empty();\n}\n\nint main() {\n    Answer ans;\n    while (ans.ans());\n    return 0;\n}') | LineLLMMutation(('source.cpp', 41), '#include <iostream>\nusing namespace std;\n\nclass Answer {\npublic:\n    int N;\n    int day = 10; // Default member initializer\n    int year = 365; // Default member initializer\n\n    unsigned long long count(int cnt);\n    void set();\n    void OutPut();\n    bool empty();\n    bool ans();\n};\n\nunsigned long long Answer::count(int cnt) {\n    if (cnt < 0) return 0;\n    if (cnt <= 1) return cnt + 1;\n\n    unsigned long long a = 1, b = 1, c = 2; // Base cases for cnt = 0, 1, 2\n    for (int i = 3; i <= cnt; i++) {\n        unsigned long long temp = a + b + c;\n        a = b;\n        b = c;\n        c = temp;\n    }\n    return c;\n}\n\nvoid Answer::OutPut() {\n    if (N == 0) return;\n    printf("%d\\n", 1 + (count(N)) / (day * year));\n}\n\nvoid Answer::set() {\n    cin >> N;\n}\n\nbool Answer::empty() {\n    return N != 0;\n}\n\nbool Answer::ans() {\n    set();\n    OutPut();\n    return empty();\n}\n\nint main() {\n    Answer ans;\n    while (ans.ans());\n    return 0;\n}') | LineLLMMutation(('source.cpp', 45), '#include <iostream>\nusing namespace std;\n\nclass Answer {\npublic:\n    int N;\n    int day = 10; // Default member initializer\n    int year = 365; // Default member initializer\n\n    unsigned long long count(int cnt);\n    void set();\n    void OutPut();\n    bool empty();\n    bool ans();\n};\n\nunsigned long long Answer::count(int cnt) {\n    if (cnt < 0) return 0;\n    if (cnt <= 1) return cnt + 1;\n\n    unsigned long long a = 1, b = 1, c = 2; // Base cases for cnt = 0, 1, 2\n    for (int i = 3; i <= cnt; i++) {\n        c = a + b + c; // Directly compute c without needing to store a and b separately\n        a = b;\n        b = c - b; // Update b with the previous value of c\n    }\n    return c;\n}\n\nvoid Answer::OutPut() {\n    if (N == 0) return;\n    printf("%d\\n", 1 + (count(N)) / (day * year));\n}\n\nvoid Answer::set() {\n    cin >> N;\n}\n\nbool Answer::empty() {\n    return N != 0;\n}\n\nbool Answer::ans() {\n    set();\n    OutPut();\n    return empty();\n}\n\nint main() {\n    Answer ans;\n    while (ans.ans());\n    return 0;\n}')"
2025-01-23 20:08:30,631	[INFO]	Step: 100
2025-01-23 20:08:30,631	[INFO]	Stop Steps: 100
2025-01-23 20:08:30,631	[INFO]	(Abstract Algorithm) Stopping Condition: step budget
2025-01-23 20:08:32,797	[INFO]	~~~~ END ~~~~
2025-01-23 20:08:32,798	[INFO]	Best patch step: 86
2025-01-23 20:08:32,798	[INFO]	
2025-01-23 20:08:32,798	[INFO]	==== REPORT ====
2025-01-23 20:08:32,798	[INFO]	Termination: step budget
2025-01-23 20:08:32,798	[INFO]	Log file: /home/ubuntu/eoc/magpie2/_magpie_logs/0043_1737662245.log
2025-01-23 20:08:32,798	[INFO]	Patch file: _magpie_logs/0043_1737662245.patch
2025-01-23 20:08:32,798	[INFO]	Diff file: _magpie_logs/0043_1737662245.diff
2025-01-23 20:08:32,798	[INFO]	Reference fitness: 20421632.75
2025-01-23 20:08:32,798	[INFO]	Best fitness: 2378808.88
2025-01-23 20:08:32,798	[INFO]	
2025-01-23 20:08:32,799	[INFO]	==== BEST PATCH ====
LineLLMCrossover(('source.cpp', 16), '#include <iostream>\nusing namespace std;\n\nclass Answer {\npublic:\n    Answer() : day(10), year(365) {}  // Constructor from Parent 1\n    int N;\n    int day;\n    int year;\n\n    unsigned long long count(int cnt);\n    void set();\n    void OutPut();\n    bool empty();\n    bool ans();\n};\n\nunsigned long long Answer::count(int cnt) {\n    if (cnt < 0) return 0;\n    if (cnt <= 1) return cnt + 1;\n\n    // Use a fixed-size array instead of a vector for improved performance\n    unsigned long long dp[3] = {1, 1, 2}; // Base cases for cnt = 0, 1, 2\n    unsigned long long prev1, prev2, prev3;\n\n    for (int i = 3; i <= cnt; i++) {\n        prev3 = dp[0]; // dp[i-3]\n        prev2 = dp[1]; // dp[i-2]\n        prev1 = dp[2]; // dp[i-1]\n        dp[0] = prev2; // Update for dp[i]\n        dp[1] = prev1; // Update for dp[i]\n        dp[2] = prev1 + prev2 + prev3; // Calculate dp[i]\n    }\n    return dp[2]; // Return the last computed value\n}\n\nvoid Answer::OutPut() {\n    if (N == 0) return;\n    printf("%d\\n", 1 + (count(N)) / (day * year));  // Improved output\n}\n\nvoid Answer::set() {\n    cin >> N;\n}\n\nbool Answer::empty() {\n    return N != 0;\n}\n\nbool Answer::ans() {\n    set();\n    OutPut();\n    return empty();\n}\n\nint main() {\n    Answer ans;\n    while (ans.ans());\n    return 0;\n}') + LineLLMMutation(('source.cpp', 38), '#include <iostream>\nusing namespace std;\n\nclass Answer {\npublic:\n    Answer() : day(10), year(365) {}  // Constructor from Parent 1\n    int N;\n    int day;\n    int year;\n\n    unsigned long long count(int cnt);\n    void set();\n    void OutPut();\n    bool empty();\n    bool ans();\n};\n\nunsigned long long Answer::count(int cnt) {\n    if (cnt < 0) return 0;\n    if (cnt <= 1) return cnt + 1;\n\n    // Use a single variable to store the last three values\n    unsigned long long dp0 = 1, dp1 = 1, dp2 = 2; // Base cases for cnt = 0, 1, 2\n\n    for (int i = 3; i <= cnt; i++) {\n        unsigned long long current = dp0 + dp1 + dp2; // Calculate dp[i]\n        dp0 = dp1; // Update for dp[i-3]\n        dp1 = dp2; // Update for dp[i-2]\n        dp2 = current; // Update for dp[i-1]\n    }\n    return dp2; // Return the last computed value\n}\n\nvoid Answer::OutPut() {\n    if (N == 0) return;\n    printf("%d\\n", 1 + (count(N)) / (day * year));  // Improved output\n}\n\nvoid Answer::set() {\n    cin >> N;\n}\n\nbool Answer::empty() {\n    return N != 0;\n}\n\nbool Answer::ans() {\n    set();\n    OutPut();\n    return empty();\n}\n\nint main() {\n    Answer ans;\n    while (ans.ans());\n    return 0;\n}')
2025-01-23 20:08:32,799	[INFO]	
2025-01-23 20:08:32,799	[INFO]	==== DIFF ====

