2025-01-23 23:15:49,408	[DEBUG]	==== CONFIG ====
[magpie]
import = 
seed = 1874434248899972
log_dir = _magpie_logs
work_dir = _magpie_work
local_original_copy = True
local_original_name = __original__
output_encoding = ascii
edit_retries = 10
default_timeout = 30
default_lengthout = 10000.0
diff_method = unified
trust_local_filesystem = True

[magpie.log]
color_output = True
format_info = {counter:<7} {status:<20} {best}{fitness} ({ratio}) [{size}] {cached} {log}
format_debug = patch({counter})="{patch}"{diffifbest}
format_fitness = {:.2f}
format_ratio = {:.2%%}
format_patchif = 
	 --> {patch}
format_diffif = 
	{diff}

[software]
path = dataset/magpie_dataset/train/0063
target_files = 
	source.cpp
software = BasicSoftware
model_rules = 
	*.params : ParamFileConfigModel
	*.xml : SrcmlModel
	* : LineModel
model_config = 
	*.params : [paramconfig]
	*.xml : [srcml]
init_cmd = 
init_timeout = 60
init_lengthout = -1
setup_cmd = bash setup.sh
setup_timeout = 
setup_lengthout = 
compile_cmd = bash compile.sh
compile_timeout = 
compile_lengthout = 
test_cmd = bash test.sh
test_timeout = 
test_lengthout = 
run_cmd = bash run.sh
run_timeout = 3
run_lengthout = 
batch_timeout = 
batch_lengthout = 
batch_bin_fitness_strategy = aggregate
batch_fitness_strategy = sum
fitness = time

[srcml]
rename = 
	stmt: break continue decl_stmt do expr_stmt for goto if return switch while
	number: literal_number
focus = block stmt operator_comp operator_arith number
internodes = block
process_pseudo_blocks = True
process_literals = True
process_operators = True

[paramconfig]
timing = test run
cli_prefix = --
cli_glue = =
cli_boolean = show
cli_boolean_prefix_true = 
cli_boolean_prefix_false = no-
cli_none = hide
silent_prefix = @
silent_suffix = $

[search]
protocol = BasicProtocol
algorithm = GeneticProgrammingLLM
possible_edits = 
	LineLLMMutation
	LineLLMCrossover
	LineDeletion
	LineInsertion
	LineReplacement
llm_prob = 1.0
warmup = 5
warmup_strategy = last
max_steps = 100
max_time = 20000
target_fitness = 
cache_maxsize = 100
cache_keep = 0.2
batch_instances = 
batch_shuffle = True
batch_bin_shuffle = False
batch_sample_size = 1

[search.ls]
delete_prob = 0.5
max_neighbours = 
when_trapped = continue
accept_fail = False
tabu_length = 10

[search.gp]
pop_size = 10
delete_prob = 0.0
offspring_elitism = 0.2
offspring_crossover = 0.4
offspring_mutation = 0.4
uniform_rate = 0.5
batch_reset = True

[search.minify]
do_cleanup = True
do_rebuild = True
do_simplify = True
round_robin_limit = 3


2025-01-23 23:15:49,409	[DEBUG]	
2025-01-23 23:15:49,409	[INFO]	==== SEARCH: GeneticProgrammingLLM ====
2025-01-23 23:15:49,409	[INFO]	~~~~ WARMUP ~~~~
2025-01-23 23:15:50,343	[DEBUG]	EXEC>  SUCCESS 2453807.75
2025-01-23 23:15:50,343	[INFO]	WARM    SUCCESS               2453807.75 (--) [0 edit(s)]  
2025-01-23 23:15:50,860	[DEBUG]	EXEC>  SUCCESS 2468934.75
2025-01-23 23:15:50,860	[INFO]	WARM    SUCCESS               2468934.75 (--) [0 edit(s)]  
2025-01-23 23:15:51,389	[DEBUG]	EXEC>  SUCCESS 2431782.625
2025-01-23 23:15:51,389	[INFO]	WARM    SUCCESS               2431782.62 (--) [0 edit(s)]  
2025-01-23 23:15:51,902	[DEBUG]	EXEC>  SUCCESS 2455281.625
2025-01-23 23:15:51,902	[INFO]	WARM    SUCCESS               2455281.62 (--) [0 edit(s)]  
2025-01-23 23:15:52,430	[DEBUG]	EXEC>  SUCCESS 2408469.3125
2025-01-23 23:15:52,430	[INFO]	WARM    SUCCESS               2408469.31 (--) [0 edit(s)]  
2025-01-23 23:15:52,430	[INFO]	REF     SUCCESS               2408469.31 (--) [0 edit(s)]  
2025-01-23 23:15:52,430	[INFO]	
2025-01-23 23:15:52,430	[INFO]	~~~~ START ~~~~
2025-01-23 23:17:54,848	[DEBUG]	EXEC>  SUCCESS 2413875.4375
2025-01-23 23:17:54,848	[INFO]	0-1     SUCCESS              +2413875.44 (100.22%) [1 edit(s)]  
2025-01-23 23:17:54,848	[DEBUG]	patch(0-1)="LineLLMMutation(('source.cpp', 0), '#include <iostream>\n#include <algorithm>\n\nusing namespace std;\n\nlong long d[10], v[10];\n\nvoid compute(int n) {\n    int limit = d[n] < v[n] ? d[n] : v[n]; // Manual comparison\n    for (int i = 2; i <= limit; i++) {\n        if (d[n] % i == 0 || v[n] % i == 0) {\n            while (d[n] % i == 0 && v[n] % i == 0) {\n                d[n] /= i;\n                v[n] /= i;\n            }\n        }\n    }\n}\n\nint main() {\n    int n;\n    while (cin >> n, n) {\n        long long a, b;\n        for (int i = 0; i < n; i++) {\n            cin >> d[i] >> v[i];\n            compute(i);\n        }\n        a = (d[0] * d[1]) / __gcd(d[0], d[1]);\n        b = __gcd(v[0], v[1]);\n        for (int i = 2; i < n; i++) {\n            a = (a * d[i]) / __gcd(a, d[i]);\n            b = __gcd(b, v[i]);\n        }\n        for (int i = 0; i < n; i++) {\n            cout << a * v[i] / (b * d[i]) << endl;\n        }\n    }\n    return 0;\n}')"
2025-01-23 23:17:56,088	[INFO]	0-2     COMPILE_CODE_ERROR    None (--) [1 edit(s)]  
2025-01-23 23:17:56,088	[DEBUG]	patch(0-2)="LineLLMMutation(('source.cpp', 1), '#include <iostream>\n#include <algorithm>\n\nusing namespace std;\n\nlong long d[10], v[10];\n\nvoid compute(int n) {\n    for (int i = 2; i <= min(d[n], v[n]); i++) {\n        if (d[n] % i == 0 || v[n] % i == 0) {\n            while (d[n] % i == 0 && v[n] % i == 0) {\n                d[n] /= i;\n                v[n] /= i;\n            }\n        }\n    }\n}\n\nlong long calculateGCDs(int n) {\n    long long a = (d[0] * d[1]) / __gcd(d[0], d[1]);\n    long long b = __gcd(v[0], v[1]);\n    for (int i = 2; i < n; i++) {\n        a = (a * d[i]) / __gcd(a, d[i]);\n        b = __gcd(b, v[i]);\n    }\n    return make_pair(a, b);\n}\n\nint main() {\n    int n;\n    while (cin >> n, n) {\n        long long a, b;\n        for (int i = 0; i < n; i++) {\n            cin >> d[i] >> v[i];\n            compute(i);\n        }\n        tie(a, b) = calculateGCDs(n);\n        for (int i = 0; i < n; i++) {\n            cout << a * v[i] / (b * d[i]) << endl;\n        }\n    }\n    return 0;\n}')"
2025-01-23 23:17:57,444	[DEBUG]	EXEC>  SUCCESS 958977.5
2025-01-23 23:17:57,444	[INFO]	0-3     SUCCESS              *958977.50 (39.82%) [1 edit(s)]  
2025-01-23 23:17:57,444	[DEBUG]	patch(0-3)="LineLLMMutation(('source.cpp', 2), '#include <cstdio>\n#include <algorithm>\n\nusing namespace std;\n\nlong long d[10], v[10];\n\nvoid compute(int n) {\n    for (int i = 2; i <= min(d[n], v[n]); i++) {\n        if (d[n] % i == 0 || v[n] % i == 0) {\n            while (d[n] % i == 0 && v[n] % i == 0) {\n                d[n] /= i;\n                v[n] /= i;\n            }\n        }\n    }\n}\n\nint main() {\n    int n;\n    while (scanf("%d", &n), n) {\n        long long a, b;\n        for (int i = 0; i < n; i++) {\n            scanf("%lld %lld", &d[i], &v[i]); // using scanf for faster input\n            compute(i);\n        }\n        a = (d[0] * d[1]) / __gcd(d[0], d[1]);\n        b = __gcd(v[0], v[1]);\n        for (int i = 2; i < n; i++) {\n            a = (a * d[i]) / __gcd(a, d[i]);\n            b = __gcd(b, v[i]);\n        }\n        for (int i = 0; i < n; i++) {\n            printf("%lld\\n", a * v[i] / (b * d[i])); // using printf for faster output\n        }\n    }\n    return 0;\n}')"

2025-01-23 23:17:58,963	[DEBUG]	EXEC>  SUCCESS 2391087.4375
2025-01-23 23:17:58,963	[INFO]	0-4     SUCCESS               2391087.44 (99.28%) [1 edit(s)]  
2025-01-23 23:17:58,964	[DEBUG]	patch(0-4)="LineLLMMutation(('source.cpp', 3), '#include <iostream>\n#include <algorithm>\n\nusing namespace std;\n\nconst int MAX_SIZE = 10000; // Increased size for larger inputs\nlong long d[MAX_SIZE], v[MAX_SIZE];\n\nvoid compute(int n) {\n    for (int i = 2; i <= min(d[n], v[n]); i++) {\n        if (d[n] % i == 0 || v[n] % i == 0) {\n            while (d[n] % i == 0 && v[n] % i == 0) {\n                d[n] /= i;\n                v[n] /= i;\n            }\n        }\n    }\n}\n\nint main() {\n    int n;\n    while (cin >> n, n) {\n        long long a, b;\n        for (int i = 0; i < n; i++) {\n            cin >> d[i] >> v[i];\n            compute(i);\n        }\n        a = (d[0] * d[1]) / __gcd(d[0], d[1]);\n        b = __gcd(v[0], v[1]);\n        for (int i = 2; i < n; i++) {\n            a = (a * d[i]) / __gcd(a, d[i]);\n            b = __gcd(b, v[i]);\n        }\n        for (int i = 0; i < n; i++) {\n            cout << a * v[i] / (b * d[i]) << endl;\n        }\n    }\n    return 0;\n}')"
2025-01-23 23:18:00,493	[DEBUG]	EXEC>  SUCCESS 2441217.6875
2025-01-23 23:18:00,493	[INFO]	0-5     SUCCESS               2441217.69 (101.36%) [1 edit(s)]  
2025-01-23 23:18:00,493	[DEBUG]	patch(0-5)="LineLLMMutation(('source.cpp', 4), '#include <iostream>\n#include <algorithm>\n\nusing namespace std;\n\nlong long d[10], v[10];\n\nint main() {\n    int n;\n    while (cin >> n, n) {\n        long long a, b;\n        for (int i = 0; i < n; i++) {\n            cin >> d[i] >> v[i];\n            for (int j = 2; j <= min(d[i], v[i]); j++) { // Inlined compute logic\n                if (d[i] % j == 0 || v[i] % j == 0) {\n                    while (d[i] % j == 0 && v[i] % j == 0) {\n                        d[i] /= j;\n                        v[i] /= j;\n                    }\n                }\n            }\n        }\n        a = (d[0] * d[1]) / __gcd(d[0], d[1]);\n        b = __gcd(v[0], v[1]);\n        for (int i = 2; i < n; i++) {\n            a = (a * d[i]) / __gcd(a, d[i]);\n            b = __gcd(b, v[i]);\n        }\n        for (int i = 0; i < n; i++) {\n            cout << a * v[i] / (b * d[i]) << endl;\n        }\n    }\n    return 0;\n}')"
2025-01-23 23:18:02,055	[DEBUG]	EXEC>  SUCCESS 2408331.625
2025-01-23 23:18:02,055	[INFO]	0-6     SUCCESS               2408331.62 (99.99%) [1 edit(s)]  
2025-01-23 23:18:02,055	[DEBUG]	patch(0-6)="LineLLMMutation(('source.cpp', 5), '#include <iostream>\n#include <vector>\n#include <algorithm>\n\nusing namespace std;\n\nvoid compute(long long &d, long long &v) {\n    for (int i = 2; i <= min(d, v); i++) {\n        if (d % i == 0 || v % i == 0) {\n            while (d % i == 0 && v % i == 0) {\n                d /= i;\n                v /= i;\n            }\n        }\n    }\n}\n\nint main() {\n    int n;\n    while (cin >> n, n) {\n        vector<long long> d(n), v(n);\n        for (int i = 0; i < n; i++) {\n            cin >> d[i] >> v[i];\n            compute(d[i], v[i]);\n        }\n        long long a = (d[0] * d[1]) / __gcd(d[0], d[1]);\n        long long b = __gcd(v[0], v[1]);\n        for (int i = 2; i < n; i++) {\n            a = (a * d[i]) / __gcd(a, d[i]);\n            b = __gcd(b, v[i]);\n        }\n        for (int i = 0; i < n; i++) {\n            cout << a * v[i] / (b * d[i]) << endl;\n        }\n    }\n    return 0;\n}')"
2025-01-23 23:18:33,424	[INFO]	0-7     TEST_TIMEOUT          None (--) [1 edit(s)]  
2025-01-23 23:18:33,425	[DEBUG]	patch(0-7)="LineLLMMutation(('source.cpp', 6), '#include <iostream>\n#include <algorithm>\n\nusing namespace std;\n\nlong long d[10], v[10];\n\nlong long gcd(long long a, long long b) {\n    while (b) {\n        a = a ^ b; // XOR operation\n        b = a ^ b; // XOR operation\n        a = a ^ b; // XOR operation\n    }\n    return a;\n}\n\nvoid compute(int n) {\n    for (int i = 2; i <= min(d[n], v[n]); i++) {\n        if (d[n] % i == 0 || v[n] % i == 0) {\n            while (d[n] % i == 0 && v[n] % i == 0) {\n                d[n] /= i;\n                v[n] /= i;\n            }\n        }\n    }\n}\n\nint main() {\n    int n;\n    while (cin >> n, n) {\n        long long a, b;\n        for (int i = 0; i < n; i++) {\n            cin >> d[i] >> v[i];\n            compute(i);\n        }\n        a = (d[0] * d[1]) / gcd(d[0], d[1]); // Using custom GCD\n        b = gcd(v[0], v[1]); // Using custom GCD\n        for (int i = 2; i < n; i++) {\n            a = (a * d[i]) / gcd(a, d[i]); // Using custom GCD\n            b = gcd(b, v[i]); // Using custom GCD\n        }\n        for (int i = 0; i < n; i++) {\n            cout << a * v[i] / (b * d[i]) << endl;\n        }\n    }\n    return 0;\n}')"
2025-01-23 23:18:35,084	[DEBUG]	EXEC>  SUCCESS 2397289.875
2025-01-23 23:18:35,084	[INFO]	0-8     SUCCESS               2397289.88 (99.54%) [1 edit(s)]  
2025-01-23 23:18:35,084	[DEBUG]	patch(0-8)="LineLLMMutation(('source.cpp', 7), '#include <iostream>\n#include <algorithm>\n\nusing namespace std;\n\nlong long d[10], v[10];\n\nlong long gcd(long long a, long long b) {\n    while (b) {\n        long long temp = b;\n        b = a % b; // Using modulo instead of division\n        a = temp;\n    }\n    return a;\n}\n\nvoid compute(int n) {\n    for (int i = 2; i <= min(d[n], v[n]); i++) {\n        if (d[n] % i == 0 || v[n] % i == 0) {\n            while (d[n] % i == 0 && v[n] % i == 0) {\n                d[n] /= i;\n                v[n] /= i;\n            }\n        }\n    }\n}\n\nint main() {\n    int n;\n    while (cin >> n, n) {\n        long long a, b;\n        for (int i = 0; i < n; i++) {\n            cin >> d[i] >> v[i];\n            compute(i);\n        }\n        a = (d[0] * d[1]) / gcd(d[0], d[1]); // Using optimized GCD\n        b = gcd(v[0], v[1]); // Using optimized GCD\n        for (int i = 2; i < n; i++) {\n            a = (a * d[i]) / gcd(a, d[i]); // Using optimized GCD\n            b = gcd(b, v[i]); // Using optimized GCD\n        }\n        for (int i = 0; i < n; i++) {\n            cout << a * v[i] / (b * d[i]) << endl;\n        }\n    }\n    return 0;\n}')"
2025-01-23 23:18:36,604	[DEBUG]	EXEC>  SUCCESS 2409803.25
2025-01-23 23:18:36,604	[INFO]	0-9     SUCCESS               2409803.25 (100.06%) [1 edit(s)]  
2025-01-23 23:18:36,605	[DEBUG]	patch(0-9)="LineLLMMutation(('source.cpp', 8), '#include <iostream>\n#include <algorithm>\n\nusing namespace std;\n\nlong long d[10], v[10];\n\nvoid compute(int n) {\n    for (int i = 2; i <= min(d[n], v[n]); i++) {\n        if (d[n] % i == 0 || v[n] % i == 0) {\n            while (d[n] % i == 0 && v[n] % i == 0) {\n                d[n] /= i;\n                v[n] /= i;\n            }\n        }\n    }\n}\n\nint main() {\n    int n;\n    while (cin >> n, n) {\n        for (int i = 0; i < n; i++) {\n            cin >> d[i] >> v[i];\n            compute(i);\n        }\n        long long a = (d[0] * d[1]) / __gcd(d[0], d[1]);\n        long long b = __gcd(v[0], v[1]);\n        for (int i = 2; i < n; i++) {\n            a = (a * d[i]) / __gcd(a, d[i]);\n            b = __gcd(b, v[i]);\n        }\n        for (int i = 0; i < n; i++) {\n            cout << a * v[i] / (b * d[i]) << endl;\n        }\n    }\n    return 0;\n}')"
2025-01-23 23:18:37,960	[INFO]	0-10    TEST_CODE_ERROR       None (--) [1 edit(s)]  
2025-01-23 23:18:37,960	[DEBUG]	patch(0-10)="LineLLMMutation(('source.cpp', 9), '#include <iostream>\n#include <algorithm>\n\nusing namespace std;\n\nlong long d[10], v[10];\n\nlong long compute(int n) {\n    long long gcd_d = d[n], gcd_v = v[n];\n    for (int i = 2; i <= min(gcd_d, gcd_v); i++) {\n        if (gcd_d % i == 0 || gcd_v % i == 0) {\n            while (gcd_d % i == 0 && gcd_v % i == 0) {\n                gcd_d /= i;\n                gcd_v /= i;\n            }\n        }\n    }\n    return gcd_d; // Return the processed value\n}\n\nint main() {\n    int n;\n    while (cin >> n, n) {\n        for (int i = 0; i < n; i++) {\n            cin >> d[i] >> v[i];\n            d[i] = compute(i); // Store the result back\n        }\n        long long a = (d[0] * d[1]) / __gcd(d[0], d[1]);\n        long long b = __gcd(v[0], v[1]);\n        for (int i = 2; i < n; i++) {\n            a = (a * d[i]) / __gcd(a, d[i]);\n            b = __gcd(b, v[i]);\n        }\n        for (int i = 0; i < n; i++) {\n            cout << a * v[i] / (b * d[i]) << endl;\n        }\n    }\n    return 0;\n}')"
2025-01-23 23:18:38,960	[INFO]	Step: 10
2025-01-23 23:18:38,960	[INFO]	Stop Steps: 100
2025-01-23 23:18:40,605	[DEBUG]	EXEC>  SUCCESS 2394936.4375
2025-01-23 23:18:40,606	[INFO]	REF     SUCCESS               2394936.44 (--) [0 edit(s)]  
2025-01-23 23:18:40,606	[INFO]	Best patch: 2
2025-01-23 23:18:40,947	[DEBUG]	EXEC>  SUCCESS 961149.0625
2025-01-23 23:18:40,947	[INFO]	BEST    SUCCESS              *961149.06 (40.13%) [0 edit(s)]  
2025-01-23 23:18:40,947	[INFO]	Best patch step: 2
2025-01-23 23:19:31,019	[INFO]	Step: 10
2025-01-23 23:19:31,019	[INFO]	Stop Steps: 100
2025-01-23 23:19:31,489	[DEBUG]	EXEC>  SUCCESS 964905.3125
2025-01-23 23:19:31,489	[INFO]	1-1     SUCCESS              +964905.31 (40.29%) [1 edit(s)]  
2025-01-23 23:19:31,489	[DEBUG]	patch(1-1)="LineLLMMutation(('source.cpp', 2), '#include <cstdio>\n#include <algorithm>\n\nusing namespace std;\n\nlong long d[10], v[10];\n\nvoid compute(int n) {\n    for (int i = 2; i <= min(d[n], v[n]); i++) {\n        if (d[n] % i == 0 || v[n] % i == 0) {\n            while (d[n] % i == 0 && v[n] % i == 0) {\n                d[n] /= i;\n                v[n] /= i;\n            }\n        }\n    }\n}\n\nint main() {\n    int n;\n    while (scanf("%d", &n), n) {\n        long long a, b;\n        for (int i = 0; i < n; i++) {\n            scanf("%lld %lld", &d[i], &v[i]); // using scanf for faster input\n            compute(i);\n        }\n        a = (d[0] * d[1]) / __gcd(d[0], d[1]);\n        b = __gcd(v[0], v[1]);\n        for (int i = 2; i < n; i++) {\n            a = (a * d[i]) / __gcd(a, d[i]);\n            b = __gcd(b, v[i]);\n        }\n        for (int i = 0; i < n; i++) {\n            printf("%lld\\n", a * v[i] / (b * d[i])); // using printf for faster output\n        }\n    }\n    return 0;\n}')"
2025-01-23 23:19:31,489	[INFO]	Step: 11
2025-01-23 23:19:31,489	[INFO]	Stop Steps: 100
2025-01-23 23:19:32,002	[DEBUG]	EXEC>  SUCCESS 2438222.6875
2025-01-23 23:19:32,002	[INFO]	1-2     SUCCESS               2438222.69 (101.81%) [1 edit(s)]  
2025-01-23 23:19:32,002	[DEBUG]	patch(1-2)="LineLLMMutation(('source.cpp', 3), '#include <iostream>\n#include <algorithm>\n\nusing namespace std;\n\nconst int MAX_SIZE = 10000; // Increased size for larger inputs\nlong long d[MAX_SIZE], v[MAX_SIZE];\n\nvoid compute(int n) {\n    for (int i = 2; i <= min(d[n], v[n]); i++) {\n        if (d[n] % i == 0 || v[n] % i == 0) {\n            while (d[n] % i == 0 && v[n] % i == 0) {\n                d[n] /= i;\n                v[n] /= i;\n            }\n        }\n    }\n}\n\nint main() {\n    int n;\n    while (cin >> n, n) {\n        long long a, b;\n        for (int i = 0; i < n; i++) {\n            cin >> d[i] >> v[i];\n            compute(i);\n        }\n        a = (d[0] * d[1]) / __gcd(d[0], d[1]);\n        b = __gcd(v[0], v[1]);\n        for (int i = 2; i < n; i++) {\n            a = (a * d[i]) / __gcd(a, d[i]);\n            b = __gcd(b, v[i]);\n        }\n        for (int i = 0; i < n; i++) {\n            cout << a * v[i] / (b * d[i]) << endl;\n        }\n    }\n    return 0;\n}')"
2025-01-23 23:19:32,003	[INFO]	Step: 12
2025-01-23 23:19:32,003	[INFO]	Stop Steps: 100
2025-01-23 23:19:32,351	[DEBUG]	EXEC>  SUCCESS 964980.6875
2025-01-23 23:19:32,351	[INFO]	1-3     SUCCESS               964980.69 (40.29%) [1 edit(s)]  
2025-01-23 23:19:32,351	[DEBUG]	patch(1-3)="LineLLMCrossover(('source.cpp', 0), '#include <cstdio>\n#include <algorithm>\n\nusing namespace std;\n\nlong long d[10], v[10];\n\nlong long gcd(long long a, long long b) {\n    while (b) {\n        long long temp = b;\n        b = a % b; \n        a = temp;\n    }\n    return a;\n}\n\nvoid compute(int n) {\n    for (int i = 2; i <= min(d[n], v[n]); i++) {\n        if (d[n] % i == 0 || v[n] % i == 0) {\n            while (d[n] % i == 0 && v[n] % i == 0) {\n                d[n] /= i;\n                v[n] /= i;\n            }\n        }\n    }\n}\n\nint main() {\n    int n;\n    while (scanf("%d", &n), n) {\n        long long a, b;\n        for (int i = 0; i < n; i++) {\n            scanf("%lld %lld", &d[i], &v[i]);\n            compute(i);\n        }\n        a = (d[0] * d[1]) / gcd(d[0], d[1]);\n        b = gcd(v[0], v[1]);\n        for (int i = 2; i < n; i++) {\n            a = (a * d[i]) / gcd(a, d[i]);\n            b = gcd(b, v[i]);\n        }\n        for (int i = 0; i < n; i++) {\n            printf("%lld\\n", a * v[i] / (b * d[i]));\n        }\n    }\n    return 0;\n}')"
2025-01-23 23:19:32,351	[INFO]	Step: 13
2025-01-23 23:19:32,351	[INFO]	Stop Steps: 100
2025-01-23 23:19:32,911	[DEBUG]	EXEC>  SUCCESS 2418701.6875
2025-01-23 23:19:32,911	[INFO]	1-4     SUCCESS               2418701.69 (100.99%) [1 edit(s)]  
2025-01-23 23:19:32,911	[DEBUG]	patch(1-4)="LineLLMCrossover(('source.cpp', 1), '#include <iostream>\n#include <vector>\n#include <algorithm>\n\nusing namespace std;\n\nlong long gcd(long long a, long long b) {\n    while (b) {\n        long long temp = b;\n        b = a % b;\n        a = temp;\n    }\n    return a;\n}\n\nvoid compute(long long &d, long long &v) {\n    for (int i = 2; i <= min(d, v); i++) {\n        if (d % i == 0 || v % i == 0) {\n            while (d % i == 0 && v % i == 0) {\n                d /= i;\n                v /= i;\n            }\n        }\n    }\n}\n\nint main() {\n    int n;\n    while (cin >> n, n) {\n        vector<long long> d(n), v(n);\n        for (int i = 0; i < n; i++) {\n            cin >> d[i] >> v[i];\n            compute(d[i], v[i]);\n        }\n        long long a = (d[0] * d[1]) / gcd(d[0], d[1]);\n        long long b = gcd(v[0], v[1]);\n        for (int i = 2; i < n; i++) {\n            a = (a * d[i]) / gcd(a, d[i]);\n            b = gcd(b, v[i]);\n        }\n        for (int i = 0; i < n; i++) {\n            cout << a * v[i] / (b * d[i]) << endl;\n        }\n    }\n    return 0;\n}')"
2025-01-23 23:19:32,911	[INFO]	Step: 14
2025-01-23 23:19:32,911	[INFO]	Stop Steps: 100
2025-01-23 23:19:33,352	[DEBUG]	EXEC>  SUCCESS 2438466.9375
2025-01-23 23:19:33,353	[INFO]	1-5     SUCCESS               2438466.94 (101.82%) [1 edit(s)]  
2025-01-23 23:19:33,353	[DEBUG]	patch(1-5)="LineLLMCrossover(('source.cpp', 2), '#include <cstdio>\n#include <vector>\n#include <algorithm>\n\nusing namespace std;\n\nvoid compute(long long &d, long long &v) {\n    for (int i = 2; i <= min(d, v); i++) {\n        if (d % i == 0 || v % i == 0) {\n            while (d % i == 0 && v % i == 0) {\n                d /= i;\n                v /= i;\n            }\n        }\n    }\n}\n\nint main() {\n    int n;\n    while (scanf("%d", &n), n) {\n        vector<long long> d(n), v(n);\n        for (int i = 0; i < n; i++) {\n            scanf("%lld %lld", &d[i], &v[i]);\n            compute(d[i], v[i]);\n        }\n        long long a = (d[0] * d[1]) / __gcd(d[0], d[1]);\n        long long b = __gcd(v[0], v[1]);\n        for (int i = 2; i < n; i++) {\n            a = (a * d[i]) / __gcd(a, d[i]);\n            b = __gcd(b, v[i]);\n        }\n        for (int i = 0; i < n; i++) {\n            printf("%lld\\n", a * v[i] / (b * d[i]));\n        }\n    }\n    return 0;\n}')"
2025-01-23 23:19:33,353	[INFO]	Step: 15
2025-01-23 23:19:33,353	[INFO]	Stop Steps: 100
2025-01-23 23:19:33,882	[DEBUG]	EXEC>  SUCCESS 2456633.5
2025-01-23 23:19:33,882	[INFO]	1-6     SUCCESS               2456633.50 (102.58%) [1 edit(s)]  
2025-01-23 23:19:33,882	[DEBUG]	patch(1-6)="LineLLMCrossover(('source.cpp', 3), '#include <iostream>\n#include <algorithm>\n\nusing namespace std;\n\nlong long gcd(long long a, long long b) {\n    while (b) {\n        long long temp = b;\n        b = a % b;\n        a = temp;\n    }\n    return a;\n}\n\nconst int MAX_SIZE = 10000;\nlong long d[MAX_SIZE], v[MAX_SIZE];\n\nvoid compute(int n) {\n    for (int i = 2; i <= min(d[n], v[n]); i++) {\n        if (d[n] % i == 0 || v[n] % i == 0) {\n            while (d[n] % i == 0 && v[n] % i == 0) {\n                d[n] /= i;\n                v[n] /= i;\n            }\n        }\n    }\n}\n\nint main() {\n    int n;\n    while (cin >> n, n) {\n        long long a, b;\n        for (int i = 0; i < n; i++) {\n            cin >> d[i] >> v[i];\n            compute(i);\n        }\n        a = (d[0] * d[1]) / gcd(d[0], d[1]);\n        b = gcd(v[0], v[1]);\n        for (int i = 2; i < n; i++) {\n            a = (a * d[i]) / gcd(a, d[i]);\n            b = gcd(b, v[i]);\n        }\n        for (int i = 0; i < n; i++) {\n            cout << a * v[i] / (b * d[i]) << endl;\n        }\n    }\n    return 0;\n}')"
2025-01-23 23:19:33,882	[INFO]	Step: 16
2025-01-23 23:19:33,882	[INFO]	Stop Steps: 100
2025-01-23 23:19:34,223	[DEBUG]	EXEC>  SUCCESS 943881.25
2025-01-23 23:19:34,223	[INFO]	1-7     SUCCESS              *943881.25 (39.41%) [2 edit(s)]  
2025-01-23 23:19:34,223	[DEBUG]	patch(1-7)="LineLLMMutation(('source.cpp', 2), '#include <cstdio>\n#include <algorithm>\n\nusing namespace std;\n\nlong long d[10], v[10];\n\nvoid compute(int n) {\n    for (int i = 2; i <= min(d[n], v[n]); i++) {\n        if (d[n] % i == 0 || v[n] % i == 0) {\n            while (d[n] % i == 0 && v[n] % i == 0) {\n                d[n] /= i;\n                v[n] /= i;\n            }\n        }\n    }\n}\n\nint main() {\n    int n;\n    while (scanf("%d", &n), n) {\n        long long a, b;\n        for (int i = 0; i < n; i++) {\n            scanf("%lld %lld", &d[i], &v[i]); // using scanf for faster input\n            compute(i);\n        }\n        a = (d[0] * d[1]) / __gcd(d[0], d[1]);\n        b = __gcd(v[0], v[1]);\n        for (int i = 2; i < n; i++) {\n            a = (a * d[i]) / __gcd(a, d[i]);\n            b = __gcd(b, v[i]);\n        }\n        for (int i = 0; i < n; i++) {\n            printf("%lld\\n", a * v[i] / (b * d[i])); // using printf for faster output\n        }\n    }\n    return 0;\n}') | LineLLMMutation(('source.cpp', 10), '#include <cstdio>\n#include <algorithm>\n\nusing namespace std;\n\nlong long d[10], v[10];\n\nvoid compute(int n) {\n    long long gcd_dv = __gcd(d[n], v[n]); // Calculate GCD once\n    d[n] /= gcd_dv; // Reduce d[n] by GCD\n    v[n] /= gcd_dv; // Reduce v[n] by GCD\n}\n\nint main() {\n    int n;\n    while (scanf("%d", &n), n) {\n        long long a, b;\n        for (int i = 0; i < n; i++) {\n            scanf("%lld %lld", &d[i], &v[i]); // using scanf for faster input\n            compute(i);\n        }\n        a = (d[0] * d[1]) / __gcd(d[0], d[1]);\n        b = __gcd(v[0], v[1]);\n        for (int i = 2; i < n; i++) {\n            a = (a * d[i]) / __gcd(a, d[i]);\n            b = __gcd(b, v[i]);\n        }\n        for (int i = 0; i < n; i++) {\n            printf("%lld\\n", a * v[i] / (b * d[i])); // using printf for faster output\n        }\n    }\n    return 0;\n}')"

2025-01-23 23:19:34,223	[INFO]	Step: 17
2025-01-23 23:19:34,223	[INFO]	Stop Steps: 100
2025-01-23 23:19:34,576	[INFO]	1-8     TEST_CODE_ERROR       None (--) [2 edit(s)]  
2025-01-23 23:19:34,577	[DEBUG]	patch(1-8)="LineLLMMutation(('source.cpp', 3), '#include <iostream>\n#include <algorithm>\n\nusing namespace std;\n\nconst int MAX_SIZE = 10000; // Increased size for larger inputs\nlong long d[MAX_SIZE], v[MAX_SIZE];\n\nvoid compute(int n) {\n    for (int i = 2; i <= min(d[n], v[n]); i++) {\n        if (d[n] % i == 0 || v[n] % i == 0) {\n            while (d[n] % i == 0 && v[n] % i == 0) {\n                d[n] /= i;\n                v[n] /= i;\n            }\n        }\n    }\n}\n\nint main() {\n    int n;\n    while (cin >> n, n) {\n        long long a, b;\n        for (int i = 0; i < n; i++) {\n            cin >> d[i] >> v[i];\n            compute(i);\n        }\n        a = (d[0] * d[1]) / __gcd(d[0], d[1]);\n        b = __gcd(v[0], v[1]);\n        for (int i = 2; i < n; i++) {\n            a = (a * d[i]) / __gcd(a, d[i]);\n            b = __gcd(b, v[i]);\n        }\n        for (int i = 0; i < n; i++) {\n            cout << a * v[i] / (b * d[i]) << endl;\n        }\n    }\n    return 0;\n}') | LineLLMMutation(('source.cpp', 11), '#include <iostream>\n#include <algorithm>\nusing namespace std;\n\nconst int MAX_SIZE = 10000; // Increased size for larger inputs\nlong long d[MAX_SIZE], v[MAX_SIZE];\n\nvoid compute(int n) {\n    // Using a more efficient approach to calculate GCD and reduce iterations\n    long long gcd_d = d[n], gcd_v = v[n];\n    // Instead of iterating up to min(d[n], v[n]), we can directly compute GCD\n    for (int i = 0; i < n; i++) {\n        gcd_d = __gcd(gcd_d, d[i]);\n        gcd_v = __gcd(gcd_v, v[i]);\n    }\n    d[n] /= gcd_d;\n    v[n] /= gcd_v;\n}\n\nint main() {\n    int n;\n    while (cin >> n, n) {\n        long long a, b;\n        for (int i = 0; i < n; i++) {\n            cin >> d[i] >> v[i];\n            compute(i);\n        }\n        a = (d[0] * d[1]) / __gcd(d[0], d[1]);\n        b = __gcd(v[0], v[1]);\n        for (int i = 2; i < n; i++) {\n            a = (a * d[i]) / __gcd(a, d[i]);\n            b = __gcd(b, v[i]);\n        }\n        for (int i = 0; i < n; i++) {\n            cout << a * v[i] / (b * d[i]) << endl;\n        }\n    }\n    return 0;\n}')"
2025-01-23 23:19:34,577	[INFO]	Step: 18
2025-01-23 23:19:34,577	[INFO]	Stop Steps: 100
2025-01-23 23:19:35,089	[DEBUG]	EXEC>  SUCCESS 2402495.25
2025-01-23 23:19:35,089	[INFO]	1-9     SUCCESS               2402495.25 (100.32%) [2 edit(s)]  
2025-01-23 23:19:35,089	[DEBUG]	patch(1-9)="LineLLMMutation(('source.cpp', 7), '#include <iostream>\n#include <algorithm>\n\nusing namespace std;\n\nlong long d[10], v[10];\n\nlong long gcd(long long a, long long b) {\n    while (b) {\n        long long temp = b;\n        b = a % b; // Using modulo instead of division\n        a = temp;\n    }\n    return a;\n}\n\nvoid compute(int n) {\n    for (int i = 2; i <= min(d[n], v[n]); i++) {\n        if (d[n] % i == 0 || v[n] % i == 0) {\n            while (d[n] % i == 0 && v[n] % i == 0) {\n                d[n] /= i;\n                v[n] /= i;\n            }\n        }\n    }\n}\n\nint main() {\n    int n;\n    while (cin >> n, n) {\n        long long a, b;\n        for (int i = 0; i < n; i++) {\n            cin >> d[i] >> v[i];\n            compute(i);\n        }\n        a = (d[0] * d[1]) / gcd(d[0], d[1]); // Using optimized GCD\n        b = gcd(v[0], v[1]); // Using optimized GCD\n        for (int i = 2; i < n; i++) {\n            a = (a * d[i]) / gcd(a, d[i]); // Using optimized GCD\n            b = gcd(b, v[i]); // Using optimized GCD\n        }\n        for (int i = 0; i < n; i++) {\n            cout << a * v[i] / (b * d[i]) << endl;\n        }\n    }\n    return 0;\n}') | LineLLMMutation(('source.cpp', 12), '#include <iostream>\n#include <algorithm>\n\nusing namespace std;\n\nlong long d[10], v[10];\n\nlong long gcd(long long a, long long b) {\n    return b == 0 ? a : gcd(b, a % b); // Using a more efficient recursive version of GCD\n}\n\nvoid compute(int n) {\n    long long common_gcd = gcd(d[n], v[n]); // Calculate GCD once for current d[n] and v[n]\n    d[n] /= common_gcd; // Reduce d[n] by GCD\n    v[n] /= common_gcd; // Reduce v[n] by GCD\n}\n\nint main() {\n    int n;\n    while (cin >> n, n) {\n        long long a, b;\n        for (int i = 0; i < n; i++) {\n            cin >> d[i] >> v[i];\n            compute(i);\n        }\n        a = (d[0] * d[1]) / gcd(d[0], d[1]);\n        b = gcd(v[0], v[1]);\n        for (int i = 2; i < n; i++) {\n            a = (a * d[i]) / gcd(a, d[i]);\n            b = gcd(b, v[i]);\n        }\n        for (int i = 0; i < n; i++) {\n            cout << a * v[i] / (b * d[i]) << endl;\n        }\n    }\n    return 0;\n}')"
2025-01-23 23:19:35,089	[INFO]	Step: 19
2025-01-23 23:19:35,089	[INFO]	Stop Steps: 100
2025-01-23 23:19:35,632	[DEBUG]	EXEC>  SUCCESS 2529587.125
2025-01-23 23:19:35,633	[INFO]	1-10    SUCCESS               2529587.12 (105.62%) [2 edit(s)]  
2025-01-23 23:19:35,633	[DEBUG]	patch(1-10)="LineLLMMutation(('source.cpp', 5), '#include <iostream>\n#include <vector>\n#include <algorithm>\n\nusing namespace std;\n\nvoid compute(long long &d, long long &v) {\n    for (int i = 2; i <= min(d, v); i++) {\n        if (d % i == 0 || v % i == 0) {\n            while (d % i == 0 && v % i == 0) {\n                d /= i;\n                v /= i;\n            }\n        }\n    }\n}\n\nint main() {\n    int n;\n    while (cin >> n, n) {\n        vector<long long> d(n), v(n);\n        for (int i = 0; i < n; i++) {\n            cin >> d[i] >> v[i];\n            compute(d[i], v[i]);\n        }\n        long long a = (d[0] * d[1]) / __gcd(d[0], d[1]);\n        long long b = __gcd(v[0], v[1]);\n        for (int i = 2; i < n; i++) {\n            a = (a * d[i]) / __gcd(a, d[i]);\n            b = __gcd(b, v[i]);\n        }\n        for (int i = 0; i < n; i++) {\n            cout << a * v[i] / (b * d[i]) << endl;\n        }\n    }\n    return 0;\n}') | LineLLMMutation(('source.cpp', 13), '#include <iostream>\n#include <vector>\n#include <algorithm>\n\nusing namespace std;\n\nvoid compute(long long &d, long long &v) {\n    long long gcd_val = __gcd(d, v);\n    d /= gcd_val;\n    v /= gcd_val;\n}\n\nint main() {\n    int n;\n    while (cin >> n, n) {\n        vector<long long> d(n), v(n);\n        for (int i = 0; i < n; i++) {\n            cin >> d[i] >> v[i];\n            compute(d[i], v[i]);\n        }\n        long long a = (d[0] * d[1]) / __gcd(d[0], d[1]);\n        long long b = __gcd(v[0], v[1]);\n        for (int i = 2; i < n; i++) {\n            a = (a * d[i]) / __gcd(a, d[i]);\n            b = __gcd(b, v[i]);\n        }\n        for (int i = 0; i < n; i++) {\n            cout << a * v[i] / (b * d[i]) << endl;\n        }\n    }\n    return 0;\n}')"
2025-01-23 23:19:35,633	[INFO]	Step: 20
2025-01-23 23:19:35,633	[INFO]	Stop Steps: 100
2025-01-23 23:19:37,152	[DEBUG]	EXEC>  SUCCESS 2412302.6875
2025-01-23 23:19:37,152	[INFO]	REF     SUCCESS               2412302.69 (--) [0 edit(s)]  
2025-01-23 23:19:37,152	[INFO]	Best patch: 2_10
2025-01-23 23:19:37,496	[DEBUG]	EXEC>  SUCCESS 950004.5625
2025-01-23 23:19:37,496	[INFO]	BEST    SUCCESS              *950004.56 (39.38%) [0 edit(s)]  
2025-01-23 23:19:37,496	[INFO]	Best patch step: 16
2025-01-23 23:20:21,556	[INFO]	Step: 20
2025-01-23 23:20:21,556	[INFO]	Stop Steps: 100
2025-01-23 23:20:22,042	[DEBUG]	EXEC>  SUCCESS 955298.4375
2025-01-23 23:20:22,042	[INFO]	2-1     SUCCESS              +955298.44 (39.60%) [2 edit(s)]  
2025-01-23 23:20:22,042	[DEBUG]	patch(2-1)="LineLLMMutation(('source.cpp', 2), '#include <cstdio>\n#include <algorithm>\n\nusing namespace std;\n\nlong long d[10], v[10];\n\nvoid compute(int n) {\n    for (int i = 2; i <= min(d[n], v[n]); i++) {\n        if (d[n] % i == 0 || v[n] % i == 0) {\n            while (d[n] % i == 0 && v[n] % i == 0) {\n                d[n] /= i;\n                v[n] /= i;\n            }\n        }\n    }\n}\n\nint main() {\n    int n;\n    while (scanf("%d", &n), n) {\n        long long a, b;\n        for (int i = 0; i < n; i++) {\n            scanf("%lld %lld", &d[i], &v[i]); // using scanf for faster input\n            compute(i);\n        }\n        a = (d[0] * d[1]) / __gcd(d[0], d[1]);\n        b = __gcd(v[0], v[1]);\n        for (int i = 2; i < n; i++) {\n            a = (a * d[i]) / __gcd(a, d[i]);\n            b = __gcd(b, v[i]);\n        }\n        for (int i = 0; i < n; i++) {\n            printf("%lld\\n", a * v[i] / (b * d[i])); // using printf for faster output\n        }\n    }\n    return 0;\n}') | LineLLMMutation(('source.cpp', 10), '#include <cstdio>\n#include <algorithm>\n\nusing namespace std;\n\nlong long d[10], v[10];\n\nvoid compute(int n) {\n    long long gcd_dv = __gcd(d[n], v[n]); // Calculate GCD once\n    d[n] /= gcd_dv; // Reduce d[n] by GCD\n    v[n] /= gcd_dv; // Reduce v[n] by GCD\n}\n\nint main() {\n    int n;\n    while (scanf("%d", &n), n) {\n        long long a, b;\n        for (int i = 0; i < n; i++) {\n            scanf("%lld %lld", &d[i], &v[i]); // using scanf for faster input\n            compute(i);\n        }\n        a = (d[0] * d[1]) / __gcd(d[0], d[1]);\n        b = __gcd(v[0], v[1]);\n        for (int i = 2; i < n; i++) {\n            a = (a * d[i]) / __gcd(a, d[i]);\n            b = __gcd(b, v[i]);\n        }\n        for (int i = 0; i < n; i++) {\n            printf("%lld\\n", a * v[i] / (b * d[i])); // using printf for faster output\n        }\n    }\n    return 0;\n}')"
2025-01-23 23:20:22,043	[INFO]	Step: 21
2025-01-23 23:20:22,043	[INFO]	Stop Steps: 100
2025-01-23 23:20:22,394	[DEBUG]	EXEC>  SUCCESS 956501.375
2025-01-23 23:20:22,394	[INFO]	2-2     SUCCESS               956501.38 (39.65%) [1 edit(s)]  
2025-01-23 23:20:22,394	[DEBUG]	patch(2-2)="LineLLMMutation(('source.cpp', 2), '#include <cstdio>\n#include <algorithm>\n\nusing namespace std;\n\nlong long d[10], v[10];\n\nvoid compute(int n) {\n    for (int i = 2; i <= min(d[n], v[n]); i++) {\n        if (d[n] % i == 0 || v[n] % i == 0) {\n            while (d[n] % i == 0 && v[n] % i == 0) {\n                d[n] /= i;\n                v[n] /= i;\n            }\n        }\n    }\n}\n\nint main() {\n    int n;\n    while (scanf("%d", &n), n) {\n        long long a, b;\n        for (int i = 0; i < n; i++) {\n            scanf("%lld %lld", &d[i], &v[i]); // using scanf for faster input\n            compute(i);\n        }\n        a = (d[0] * d[1]) / __gcd(d[0], d[1]);\n        b = __gcd(v[0], v[1]);\n        for (int i = 2; i < n; i++) {\n            a = (a * d[i]) / __gcd(a, d[i]);\n            b = __gcd(b, v[i]);\n        }\n        for (int i = 0; i < n; i++) {\n            printf("%lld\\n", a * v[i] / (b * d[i])); // using printf for faster output\n        }\n    }\n    return 0;\n}')"
2025-01-23 23:20:22,394	[INFO]	Step: 22
2025-01-23 23:20:22,394	[INFO]	Stop Steps: 100
2025-01-23 23:20:22,740	[DEBUG]	EXEC>  SUCCESS 955792.8125
2025-01-23 23:20:22,741	[INFO]	2-3     SUCCESS               955792.81 (39.62%) [1 edit(s)]  
2025-01-23 23:20:22,741	[DEBUG]	patch(2-3)="LineLLMCrossover(('source.cpp', 4), '#include <cstdio>\n#include <algorithm>\nusing namespace std;\n\nlong long d[10], v[10];\n\nlong long gcd(long long a, long long b) {\n    return b == 0 ? a : gcd(b, a % b); // Efficient recursive GCD\n}\n\nvoid compute(int n) {\n    long long common_gcd = gcd(d[n], v[n]); // Calculate GCD once\n    d[n] /= common_gcd; // Reduce d[n] by GCD\n    v[n] /= common_gcd; // Reduce v[n] by GCD\n}\n\nint main() {\n    int n;\n    while (scanf("%d", &n), n) {\n        long long a, b;\n        for (int i = 0; i < n; i++) {\n            scanf("%lld %lld", &d[i], &v[i]); // Using scanf for faster input\n            compute(i);\n        }\n        a = (d[0] * d[1]) / gcd(d[0], d[1]);\n        b = gcd(v[0], v[1]);\n        for (int i = 2; i < n; i++) {\n            a = (a * d[i]) / gcd(a, d[i]);\n            b = gcd(b, v[i]);\n        }\n        for (int i = 0; i < n; i++) {\n            printf("%lld\\n", a * v[i] / (b * d[i])); // Using printf for faster output\n        }\n    }\n    return 0;\n}')"
2025-01-23 23:20:22,741	[INFO]	Step: 23
2025-01-23 23:20:22,741	[INFO]	Stop Steps: 100
2025-01-23 23:20:23,091	[DEBUG]	EXEC>  SUCCESS 971339.9375
2025-01-23 23:20:23,091	[INFO]	2-4     SUCCESS               971339.94 (40.27%) [1 edit(s)]  
2025-01-23 23:20:23,091	[DEBUG]	patch(2-4)="LineLLMCrossover(('source.cpp', 5), '#include <cstdio>\n#include <algorithm>\nusing namespace std;\n\nlong long d[10], v[10];\n\nvoid compute(int n) {\n    long long common_gcd = __gcd(d[n], v[n]); // Calculate GCD using STL\n    d[n] /= common_gcd; // Reduce d[n] by GCD\n    v[n] /= common_gcd; // Reduce v[n] by GCD\n}\n\nint main() {\n    int n;\n    while (scanf("%d", &n), n) {\n        long long a, b;\n        for (int i = 0; i < n; i++) {\n            scanf("%lld %lld", &d[i], &v[i]); // Using scanf for faster input\n            compute(i);\n        }\n        a = (d[0] * d[1]) / __gcd(d[0], d[1]);\n        b = __gcd(v[0], v[1]);\n        for (int i = 2; i < n; i++) {\n            a = (a * d[i]) / __gcd(a, d[i]);\n            b = __gcd(b, v[i]);\n        }\n        for (int i = 0; i < n; i++) {\n            printf("%lld\\n", a * v[i] / (b * d[i])); // Using printf for faster output\n        }\n    }\n    return 0;\n}')"
2025-01-23 23:20:23,091	[INFO]	Step: 24
2025-01-23 23:20:23,092	[INFO]	Stop Steps: 100
2025-01-23 23:20:23,604	[DEBUG]	EXEC>  SUCCESS 2454304.4375
2025-01-23 23:20:23,604	[INFO]	2-5     SUCCESS               2454304.44 (101.74%) [1 edit(s)]  
2025-01-23 23:20:23,604	[DEBUG]	patch(2-5)="LineLLMCrossover(('source.cpp', 6), '#include <iostream>\n#include <algorithm>\nusing namespace std;\n\nlong long d[10], v[10];\n\nlong long gcd(long long a, long long b) {\n    while (b) {\n        long long temp = b;\n        b = a % b; \n        a = temp;\n    }\n    return a; // Efficient iterative GCD\n}\n\nvoid compute(int n) {\n    long long common_gcd = gcd(d[n], v[n]); // Calculate GCD once\n    d[n] /= common_gcd; // Reduce d[n] by GCD\n    v[n] /= common_gcd; // Reduce v[n] by GCD\n}\n\nint main() {\n    int n;\n    while (cin >> n, n) {\n        long long a, b;\n        for (int i = 0; i < n; i++) {\n            cin >> d[i] >> v[i]; // Using cin for input\n            compute(i);\n        }\n        a = (d[0] * d[1]) / gcd(d[0], d[1]);\n        b = gcd(v[0], v[1]);\n        for (int i = 2; i < n; i++) {\n            a = (a * d[i]) / gcd(a, d[i]);\n            b = gcd(b, v[i]);\n        }\n        for (int i = 0; i < n; i++) {\n            cout << a * v[i] / (b * d[i]) << endl; // Using cout for output\n        }\n    }\n    return 0;\n}')"
2025-01-23 23:20:23,604	[INFO]	Step: 25
2025-01-23 23:20:23,604	[INFO]	Stop Steps: 100
2025-01-23 23:20:23,949	[DEBUG]	EXEC>  SUCCESS 978148.25
2025-01-23 23:20:23,949	[INFO]	2-6     SUCCESS               978148.25 (40.55%) [1 edit(s)]  
2025-01-23 23:20:23,949	[DEBUG]	patch(2-6)="LineLLMCrossover(('source.cpp', 7), '#include <cstdio>\n#include <algorithm>\nusing namespace std;\n\nlong long d[10], v[10];\n\nlong long gcd(long long a, long long b) {\n    while (b) {\n        long long temp = b;\n        b = a % b; \n        a = temp;\n    }\n    return a; // Efficient iterative GCD\n}\n\nvoid compute(int n) {\n    long long common_gcd = gcd(d[n], v[n]); // Calculate GCD once\n    d[n] /= common_gcd; // Reduce d[n] by GCD\n    v[n] /= common_gcd; // Reduce v[n] by GCD\n}\n\nint main() {\n    int n;\n    while (scanf("%d", &n), n) {\n        long long a, b;\n        for (int i = 0; i < n; i++) {\n            scanf("%lld %lld", &d[i], &v[i]); // Using scanf for faster input\n            compute(i);\n        }\n        a = (d[0] * d[1]) / gcd(d[0], d[1]);\n        b = gcd(v[0], v[1]);\n        for (int i = 2; i < n; i++) {\n            a = (a * d[i]) / gcd(a, d[i]);\n            b = gcd(b, v[i]);\n        }\n        for (int i = 0; i < n; i++) {\n            printf("%lld\\n", a * v[i] / (b * d[i])); // Using printf for faster output\n        }\n    }\n    return 0;\n}')"
2025-01-23 23:20:23,949	[INFO]	Step: 26
2025-01-23 23:20:23,949	[INFO]	Stop Steps: 100
2025-01-23 23:20:24,294	[DEBUG]	EXEC>  SUCCESS 956194.3125
2025-01-23 23:20:24,295	[INFO]	2-7     SUCCESS               956194.31 (39.64%) [3 edit(s)]  
2025-01-23 23:20:24,295	[DEBUG]	patch(2-7)="LineLLMMutation(('source.cpp', 2), '#include <cstdio>\n#include <algorithm>\n\nusing namespace std;\n\nlong long d[10], v[10];\n\nvoid compute(int n) {\n    for (int i = 2; i <= min(d[n], v[n]); i++) {\n        if (d[n] % i == 0 || v[n] % i == 0) {\n            while (d[n] % i == 0 && v[n] % i == 0) {\n                d[n] /= i;\n                v[n] /= i;\n            }\n        }\n    }\n}\n\nint main() {\n    int n;\n    while (scanf("%d", &n), n) {\n        long long a, b;\n        for (int i = 0; i < n; i++) {\n            scanf("%lld %lld", &d[i], &v[i]); // using scanf for faster input\n            compute(i);\n        }\n        a = (d[0] * d[1]) / __gcd(d[0], d[1]);\n        b = __gcd(v[0], v[1]);\n        for (int i = 2; i < n; i++) {\n            a = (a * d[i]) / __gcd(a, d[i]);\n            b = __gcd(b, v[i]);\n        }\n        for (int i = 0; i < n; i++) {\n            printf("%lld\\n", a * v[i] / (b * d[i])); // using printf for faster output\n        }\n    }\n    return 0;\n}') | LineLLMMutation(('source.cpp', 10), '#include <cstdio>\n#include <algorithm>\n\nusing namespace std;\n\nlong long d[10], v[10];\n\nvoid compute(int n) {\n    long long gcd_dv = __gcd(d[n], v[n]); // Calculate GCD once\n    d[n] /= gcd_dv; // Reduce d[n] by GCD\n    v[n] /= gcd_dv; // Reduce v[n] by GCD\n}\n\nint main() {\n    int n;\n    while (scanf("%d", &n), n) {\n        long long a, b;\n        for (int i = 0; i < n; i++) {\n            scanf("%lld %lld", &d[i], &v[i]); // using scanf for faster input\n            compute(i);\n        }\n        a = (d[0] * d[1]) / __gcd(d[0], d[1]);\n        b = __gcd(v[0], v[1]);\n        for (int i = 2; i < n; i++) {\n            a = (a * d[i]) / __gcd(a, d[i]);\n            b = __gcd(b, v[i]);\n        }\n        for (int i = 0; i < n; i++) {\n            printf("%lld\\n", a * v[i] / (b * d[i])); // using printf for faster output\n        }\n    }\n    return 0;\n}') | LineLLMMutation(('source.cpp', 14), '#include <cstdio>\n#include <algorithm>\n\nusing namespace std;\n\nlong long d[10], v[10];\n\nvoid compute(int n) {\n    long long gcd_dv = __gcd(d[n], v[n]); // Calculate GCD once\n    d[n] /= gcd_dv; // Reduce d[n] by GCD\n    v[n] /= gcd_dv; // Reduce v[n] by GCD\n}\n\nint main() {\n    int n;\n    while (scanf("%d", &n), n) {\n        long long a, b;\n        for (int i = 0; i < n; i++) {\n            scanf("%lld %lld", &d[i], &v[i]); // using scanf for faster input\n            compute(i);\n        }\n        a = d[0]; // Start with d[0] for LCM calculation\n        b = v[0]; // Start with v[0] for GCD calculation\n        for (int i = 1; i < n; i++) {\n            a = (a * d[i]) / __gcd(a, d[i]);\n            b = __gcd(b, v[i]);\n        }\n        for (int i = 0; i < n; i++) {\n            printf("%lld\\n", a * v[i] / (b * d[i])); // using printf for faster output\n        }\n    }\n    return 0;\n}')"
2025-01-23 23:20:24,295	[INFO]	Step: 27
2025-01-23 23:20:24,295	[INFO]	Stop Steps: 100
2025-01-23 23:20:24,711	[DEBUG]	EXEC>  SUCCESS 1112161.0625
2025-01-23 23:20:24,711	[INFO]	2-8     SUCCESS               1112161.06 (46.10%) [2 edit(s)]  
2025-01-23 23:20:24,711	[DEBUG]	patch(2-8)="LineLLMMutation(('source.cpp', 2), '#include <cstdio>\n#include <algorithm>\n\nusing namespace std;\n\nlong long d[10], v[10];\n\nvoid compute(int n) {\n    for (int i = 2; i <= min(d[n], v[n]); i++) {\n        if (d[n] % i == 0 || v[n] % i == 0) {\n            while (d[n] % i == 0 && v[n] % i == 0) {\n                d[n] /= i;\n                v[n] /= i;\n            }\n        }\n    }\n}\n\nint main() {\n    int n;\n    while (scanf("%d", &n), n) {\n        long long a, b;\n        for (int i = 0; i < n; i++) {\n            scanf("%lld %lld", &d[i], &v[i]); // using scanf for faster input\n            compute(i);\n        }\n        a = (d[0] * d[1]) / __gcd(d[0], d[1]);\n        b = __gcd(v[0], v[1]);\n        for (int i = 2; i < n; i++) {\n            a = (a * d[i]) / __gcd(a, d[i]);\n            b = __gcd(b, v[i]);\n        }\n        for (int i = 0; i < n; i++) {\n            printf("%lld\\n", a * v[i] / (b * d[i])); // using printf for faster output\n        }\n    }\n    return 0;\n}') | LineLLMMutation(('source.cpp', 15), '#include <cstdio>\n#include <algorithm>\n#include <cmath>\n\nusing namespace std;\n\nlong long d[10], v[10];\n\nvoid compute(int n) {\n    long long maxVal = max(d[n], v[n]);\n    for (int i = 2; i <= sqrt(maxVal); i++) {\n        while (d[n] % i == 0 && v[n] % i == 0) {\n            d[n] /= i;\n            v[n] /= i;\n        }\n    }\n}\n\nint main() {\n    int n;\n    while (scanf("%d", &n), n) {\n        long long a, b;\n        for (int i = 0; i < n; i++) {\n            scanf("%lld %lld", &d[i], &v[i]); // using scanf for faster input\n            compute(i);\n        }\n        a = (d[0] * d[1]) / __gcd(d[0], d[1]);\n        b = __gcd(v[0], v[1]);\n        for (int i = 2; i < n; i++) {\n            a = (a * d[i]) / __gcd(a, d[i]);\n            b = __gcd(b, v[i]);\n        }\n        for (int i = 0; i < n; i++) {\n            printf("%lld\\n", a * v[i] / (b * d[i])); // using printf for faster output\n        }\n    }\n    return 0;\n}')"
2025-01-23 23:20:24,711	[INFO]	Step: 28
2025-01-23 23:20:24,712	[INFO]	Stop Steps: 100
2025-01-23 23:20:25,051	[DEBUG]	EXEC>  SUCCESS 945405.0
2025-01-23 23:20:25,052	[INFO]	2-9     SUCCESS              *945405.00 (39.19%) [2 edit(s)]  
2025-01-23 23:20:25,052	[DEBUG]	patch(2-9)="LineLLMCrossover(('source.cpp', 0), '#include <cstdio>\n#include <algorithm>\n\nusing namespace std;\n\nlong long d[10], v[10];\n\nlong long gcd(long long a, long long b) {\n    while (b) {\n        long long temp = b;\n        b = a % b; \n        a = temp;\n    }\n    return a;\n}\n\nvoid compute(int n) {\n    for (int i = 2; i <= min(d[n], v[n]); i++) {\n        if (d[n] % i == 0 || v[n] % i == 0) {\n            while (d[n] % i == 0 && v[n] % i == 0) {\n                d[n] /= i;\n                v[n] /= i;\n            }\n        }\n    }\n}\n\nint main() {\n    int n;\n    while (scanf("%d", &n), n) {\n        long long a, b;\n        for (int i = 0; i < n; i++) {\n            scanf("%lld %lld", &d[i], &v[i]);\n            compute(i);\n        }\n        a = (d[0] * d[1]) / gcd(d[0], d[1]);\n        b = gcd(v[0], v[1]);\n        for (int i = 2; i < n; i++) {\n            a = (a * d[i]) / gcd(a, d[i]);\n            b = gcd(b, v[i]);\n        }\n        for (int i = 0; i < n; i++) {\n            printf("%lld\\n", a * v[i] / (b * d[i]));\n        }\n    }\n    return 0;\n}') | LineLLMMutation(('source.cpp', 16), '#include <cstdio>\n#include <algorithm>\n\nusing namespace std;\n\nlong long d[10], v[10];\n\nlong long gcd(long long a, long long b) {\n    while (b) {\n        long long temp = b;\n        b = a % b; \n        a = temp;\n    }\n    return a;\n}\n\nvoid compute(int n) {\n    long long common_gcd = gcd(d[n], v[n]);\n    d[n] /= common_gcd;\n    v[n] /= common_gcd;\n}\n\nint main() {\n    int n;\n    while (scanf("%d", &n), n) {\n        long long a, b;\n        for (int i = 0; i < n; i++) {\n            scanf("%lld %lld", &d[i], &v[i]);\n            compute(i);\n        }\n        a = d[0];\n        b = v[0];\n        for (int i = 1; i < n; i++) {\n            a = (a * d[i]) / gcd(a, d[i]);\n            b = gcd(b, v[i]);\n        }\n        for (int i = 0; i < n; i++) {\n            printf("%lld\\n", a * v[i] / (b * d[i]));\n        }\n    }\n    return 0;\n}')"

2025-01-23 23:20:25,052	[INFO]	Step: 29
2025-01-23 23:20:25,052	[INFO]	Stop Steps: 100
2025-01-23 23:20:25,574	[DEBUG]	EXEC>  SUCCESS 2409688.9375
2025-01-23 23:20:25,574	[INFO]	2-10    SUCCESS               2409688.94 (99.89%) [3 edit(s)]  
2025-01-23 23:20:25,574	[DEBUG]	patch(2-10)="LineLLMMutation(('source.cpp', 7), '#include <iostream>\n#include <algorithm>\n\nusing namespace std;\n\nlong long d[10], v[10];\n\nlong long gcd(long long a, long long b) {\n    while (b) {\n        long long temp = b;\n        b = a % b; // Using modulo instead of division\n        a = temp;\n    }\n    return a;\n}\n\nvoid compute(int n) {\n    for (int i = 2; i <= min(d[n], v[n]); i++) {\n        if (d[n] % i == 0 || v[n] % i == 0) {\n            while (d[n] % i == 0 && v[n] % i == 0) {\n                d[n] /= i;\n                v[n] /= i;\n            }\n        }\n    }\n}\n\nint main() {\n    int n;\n    while (cin >> n, n) {\n        long long a, b;\n        for (int i = 0; i < n; i++) {\n            cin >> d[i] >> v[i];\n            compute(i);\n        }\n        a = (d[0] * d[1]) / gcd(d[0], d[1]); // Using optimized GCD\n        b = gcd(v[0], v[1]); // Using optimized GCD\n        for (int i = 2; i < n; i++) {\n            a = (a * d[i]) / gcd(a, d[i]); // Using optimized GCD\n            b = gcd(b, v[i]); // Using optimized GCD\n        }\n        for (int i = 0; i < n; i++) {\n            cout << a * v[i] / (b * d[i]) << endl;\n        }\n    }\n    return 0;\n}') | LineLLMMutation(('source.cpp', 12), '#include <iostream>\n#include <algorithm>\n\nusing namespace std;\n\nlong long d[10], v[10];\n\nlong long gcd(long long a, long long b) {\n    return b == 0 ? a : gcd(b, a % b); // Using a more efficient recursive version of GCD\n}\n\nvoid compute(int n) {\n    long long common_gcd = gcd(d[n], v[n]); // Calculate GCD once for current d[n] and v[n]\n    d[n] /= common_gcd; // Reduce d[n] by GCD\n    v[n] /= common_gcd; // Reduce v[n] by GCD\n}\n\nint main() {\n    int n;\n    while (cin >> n, n) {\n        long long a, b;\n        for (int i = 0; i < n; i++) {\n            cin >> d[i] >> v[i];\n            compute(i);\n        }\n        a = (d[0] * d[1]) / gcd(d[0], d[1]);\n        b = gcd(v[0], v[1]);\n        for (int i = 2; i < n; i++) {\n            a = (a * d[i]) / gcd(a, d[i]);\n            b = gcd(b, v[i]);\n        }\n        for (int i = 0; i < n; i++) {\n            cout << a * v[i] / (b * d[i]) << endl;\n        }\n    }\n    return 0;\n}') | LineLLMMutation(('source.cpp', 17), '#include <iostream>\n#include <algorithm>\n\nusing namespace std;\n\nlong long d[10], v[10];\n\nlong long gcd(long long a, long long b) {\n    while (b != 0) {\n        long long temp = b;\n        b = a % b;\n        a = temp;\n    }\n    return a; // Using an iterative version of GCD for efficiency\n}\n\nvoid compute(int n) {\n    long long common_gcd = gcd(d[n], v[n]); // Calculate GCD once for current d[n] and v[n]\n    d[n] /= common_gcd; // Reduce d[n] by GCD\n    v[n] /= common_gcd; // Reduce v[n] by GCD\n}\n\nint main() {\n    int n;\n    while (cin >> n, n) {\n        long long a, b;\n        for (int i = 0; i < n; i++) {\n            cin >> d[i] >> v[i];\n            compute(i);\n        }\n        a = (d[0] * d[1]) / gcd(d[0], d[1]);\n        b = gcd(v[0], v[1]);\n        for (int i = 2; i < n; i++) {\n            a = (a * d[i]) / gcd(a, d[i]);\n            b = gcd(b, v[i]);\n        }\n        for (int i = 0; i < n; i++) {\n            cout << a * v[i] / (b * d[i]) << endl;\n        }\n    }\n    return 0;\n}')"
2025-01-23 23:20:25,574	[INFO]	Step: 30
2025-01-23 23:20:25,574	[INFO]	Stop Steps: 100
2025-01-23 23:20:27,094	[DEBUG]	EXEC>  SUCCESS 2406141.875
2025-01-23 23:20:27,094	[INFO]	REF     SUCCESS               2406141.88 (--) [0 edit(s)]  
2025-01-23 23:20:27,094	[INFO]	Best patch: 0_16
2025-01-23 23:20:27,445	[DEBUG]	EXEC>  SUCCESS 981353.125
2025-01-23 23:20:27,445	[INFO]	BEST    SUCCESS              *981353.12 (40.79%) [0 edit(s)]  
2025-01-23 23:20:27,445	[INFO]	Best patch step: 28
2025-01-23 23:22:42,041	[INFO]	Step: 30
2025-01-23 23:22:42,041	[INFO]	Stop Steps: 100
2025-01-23 23:22:42,521	[DEBUG]	EXEC>  SUCCESS 954181.1875
2025-01-23 23:22:42,521	[INFO]	3-1     SUCCESS              *954181.19 (39.66%) [2 edit(s)]  
2025-01-23 23:22:42,521	[DEBUG]	patch(3-1)="LineLLMCrossover(('source.cpp', 0), '#include <cstdio>\n#include <algorithm>\n\nusing namespace std;\n\nlong long d[10], v[10];\n\nlong long gcd(long long a, long long b) {\n    while (b) {\n        long long temp = b;\n        b = a % b; \n        a = temp;\n    }\n    return a;\n}\n\nvoid compute(int n) {\n    for (int i = 2; i <= min(d[n], v[n]); i++) {\n        if (d[n] % i == 0 || v[n] % i == 0) {\n            while (d[n] % i == 0 && v[n] % i == 0) {\n                d[n] /= i;\n                v[n] /= i;\n            }\n        }\n    }\n}\n\nint main() {\n    int n;\n    while (scanf("%d", &n), n) {\n        long long a, b;\n        for (int i = 0; i < n; i++) {\n            scanf("%lld %lld", &d[i], &v[i]);\n            compute(i);\n        }\n        a = (d[0] * d[1]) / gcd(d[0], d[1]);\n        b = gcd(v[0], v[1]);\n        for (int i = 2; i < n; i++) {\n            a = (a * d[i]) / gcd(a, d[i]);\n            b = gcd(b, v[i]);\n        }\n        for (int i = 0; i < n; i++) {\n            printf("%lld\\n", a * v[i] / (b * d[i]));\n        }\n    }\n    return 0;\n}') | LineLLMMutation(('source.cpp', 16), '#include <cstdio>\n#include <algorithm>\n\nusing namespace std;\n\nlong long d[10], v[10];\n\nlong long gcd(long long a, long long b) {\n    while (b) {\n        long long temp = b;\n        b = a % b; \n        a = temp;\n    }\n    return a;\n}\n\nvoid compute(int n) {\n    long long common_gcd = gcd(d[n], v[n]);\n    d[n] /= common_gcd;\n    v[n] /= common_gcd;\n}\n\nint main() {\n    int n;\n    while (scanf("%d", &n), n) {\n        long long a, b;\n        for (int i = 0; i < n; i++) {\n            scanf("%lld %lld", &d[i], &v[i]);\n            compute(i);\n        }\n        a = d[0];\n        b = v[0];\n        for (int i = 1; i < n; i++) {\n            a = (a * d[i]) / gcd(a, d[i]);\n            b = gcd(b, v[i]);\n        }\n        for (int i = 0; i < n; i++) {\n            printf("%lld\\n", a * v[i] / (b * d[i]));\n        }\n    }\n    return 0;\n}')"

2025-01-23 23:22:42,521	[INFO]	Step: 31
2025-01-23 23:22:42,521	[INFO]	Stop Steps: 100
2025-01-23 23:22:42,866	[DEBUG]	EXEC>  SUCCESS 957446.9375
2025-01-23 23:22:42,866	[INFO]	3-2     SUCCESS               957446.94 (39.79%) [2 edit(s)]  
2025-01-23 23:22:42,866	[DEBUG]	patch(3-2)="LineLLMMutation(('source.cpp', 2), '#include <cstdio>\n#include <algorithm>\n\nusing namespace std;\n\nlong long d[10], v[10];\n\nvoid compute(int n) {\n    for (int i = 2; i <= min(d[n], v[n]); i++) {\n        if (d[n] % i == 0 || v[n] % i == 0) {\n            while (d[n] % i == 0 && v[n] % i == 0) {\n                d[n] /= i;\n                v[n] /= i;\n            }\n        }\n    }\n}\n\nint main() {\n    int n;\n    while (scanf("%d", &n), n) {\n        long long a, b;\n        for (int i = 0; i < n; i++) {\n            scanf("%lld %lld", &d[i], &v[i]); // using scanf for faster input\n            compute(i);\n        }\n        a = (d[0] * d[1]) / __gcd(d[0], d[1]);\n        b = __gcd(v[0], v[1]);\n        for (int i = 2; i < n; i++) {\n            a = (a * d[i]) / __gcd(a, d[i]);\n            b = __gcd(b, v[i]);\n        }\n        for (int i = 0; i < n; i++) {\n            printf("%lld\\n", a * v[i] / (b * d[i])); // using printf for faster output\n        }\n    }\n    return 0;\n}') | LineLLMMutation(('source.cpp', 10), '#include <cstdio>\n#include <algorithm>\n\nusing namespace std;\n\nlong long d[10], v[10];\n\nvoid compute(int n) {\n    long long gcd_dv = __gcd(d[n], v[n]); // Calculate GCD once\n    d[n] /= gcd_dv; // Reduce d[n] by GCD\n    v[n] /= gcd_dv; // Reduce v[n] by GCD\n}\n\nint main() {\n    int n;\n    while (scanf("%d", &n), n) {\n        long long a, b;\n        for (int i = 0; i < n; i++) {\n            scanf("%lld %lld", &d[i], &v[i]); // using scanf for faster input\n            compute(i);\n        }\n        a = (d[0] * d[1]) / __gcd(d[0], d[1]);\n        b = __gcd(v[0], v[1]);\n        for (int i = 2; i < n; i++) {\n            a = (a * d[i]) / __gcd(a, d[i]);\n            b = __gcd(b, v[i]);\n        }\n        for (int i = 0; i < n; i++) {\n            printf("%lld\\n", a * v[i] / (b * d[i])); // using printf for faster output\n        }\n    }\n    return 0;\n}')"
2025-01-23 23:22:42,866	[INFO]	Step: 32
2025-01-23 23:22:42,866	[INFO]	Stop Steps: 100
2025-01-23 23:22:43,209	[DEBUG]	EXEC>  SUCCESS 951035.0
2025-01-23 23:22:43,209	[INFO]	3-3     SUCCESS              *951035.00 (39.53%) [1 edit(s)]  
2025-01-23 23:22:43,209	[DEBUG]	patch(3-3)="LineLLMCrossover(('source.cpp', 8), '#include <cstdio>\n#include <algorithm>\n\nusing namespace std;\n\nlong long d[10], v[10];\n\nlong long gcd(long long a, long long b) {\n    return b == 0 ? a : gcd(b, a % b); // Efficient recursive GCD\n}\n\nvoid compute(int n) {\n    long long gcd_dv = gcd(d[n], v[n]); // Calculate GCD once\n    d[n] /= gcd_dv; // Reduce d[n] by GCD\n    v[n] /= gcd_dv; // Reduce v[n] by GCD\n}\n\nint main() {\n    int n;\n    while (scanf("%d", &n), n) {\n        long long a, b;\n        for (int i = 0; i < n; i++) {\n            scanf("%lld %lld", &d[i], &v[i]); // using scanf for faster input\n            compute(i);\n        }\n        a = (d[0] * d[1]) / gcd(d[0], d[1]);\n        b = gcd(v[0], v[1]);\n        for (int i = 2; i < n; i++) {\n            a = (a * d[i]) / gcd(a, d[i]);\n            b = gcd(b, v[i]);\n        }\n        for (int i = 0; i < n; i++) {\n            printf("%lld\\n", a * v[i] / (b * d[i])); // using printf for faster output\n        }\n    }\n    return 0;\n}')"

2025-01-23 23:22:43,209	[INFO]	Step: 33
2025-01-23 23:22:43,209	[INFO]	Stop Steps: 100
2025-01-23 23:22:43,557	[DEBUG]	EXEC>  SUCCESS 988411.1875
2025-01-23 23:22:43,557	[INFO]	3-4     SUCCESS               988411.19 (41.08%) [1 edit(s)]  
2025-01-23 23:22:43,557	[DEBUG]	patch(3-4)="LineLLMCrossover(('source.cpp', 9), '#include <cstdio>\n#include <algorithm>\n\nusing namespace std;\n\nlong long d[10], v[10];\n\nvoid compute(int n) {\n    long long gcd_dv = __gcd(d[n], v[n]); // Calculate GCD once\n    d[n] /= gcd_dv; // Reduce d[n] by GCD\n    v[n] /= gcd_dv; // Reduce v[n] by GCD\n}\n\nint main() {\n    int n;\n    while (scanf("%d", &n), n) {\n        long long a, b;\n        for (int i = 0; i < n; i++) {\n            scanf("%lld %lld", &d[i], &v[i]); // using scanf for faster input\n            compute(i);\n        }\n        a = d[0]; // Start with d[0] for LCM calculation\n        b = v[0]; // Start with v[0] for GCD calculation\n        for (int i = 1; i < n; i++) {\n            a = (a * d[i]) / __gcd(a, d[i]);\n            b = __gcd(b, v[i]);\n        }\n        for (int i = 0; i < n; i++) {\n            printf("%lld\\n", a * v[i] / (b * d[i])); // using printf for faster output\n        }\n    }\n    return 0;\n}')"
2025-01-23 23:22:43,557	[INFO]	Step: 34
2025-01-23 23:22:43,557	[INFO]	Stop Steps: 100
2025-01-23 23:22:43,910	[DEBUG]	EXEC>  SUCCESS 991809.75
2025-01-23 23:22:43,910	[INFO]	3-5     SUCCESS               991809.75 (41.22%) [1 edit(s)]  
2025-01-23 23:22:43,910	[DEBUG]	patch(3-5)="LineLLMCrossover(('source.cpp', 10), '#include <cstdio>\n#include <algorithm>\n\nusing namespace std;\n\nlong long d[10], v[10];\n\nlong long gcd(long long a, long long b) {\n    while (b) {\n        long long temp = b;\n        b = a % b; \n        a = temp;\n    }\n    return a;\n}\n\nvoid compute(int n) {\n    long long common_gcd = gcd(d[n], v[n]); // Calculate GCD once\n    d[n] /= common_gcd; // Reduce d[n] by GCD\n    v[n] /= common_gcd; // Reduce v[n] by GCD\n}\n\nint main() {\n    int n;\n    while (scanf("%d", &n), n) {\n        long long a, b;\n        for (int i = 0; i < n; i++) {\n            scanf("%lld %lld", &d[i], &v[i]); // using scanf for faster input\n            compute(i);\n        }\n        a = (d[0] * d[1]) / gcd(d[0], d[1]);\n        b = gcd(v[0], v[1]);\n        for (int i = 2; i < n; i++) {\n            a = (a * d[i]) / gcd(a, d[i]);\n            b = gcd(b, v[i]);\n        }\n        for (int i = 0; i < n; i++) {\n            printf("%lld\\n", a * v[i] / (b * d[i])); // using printf for faster output\n        }\n    }\n    return 0;\n}')"
2025-01-23 23:22:43,910	[INFO]	Step: 35
2025-01-23 23:22:43,910	[INFO]	Stop Steps: 100
2025-01-23 23:22:44,248	[DEBUG]	EXEC>  SUCCESS 956941.5
2025-01-23 23:22:44,248	[INFO]	3-6     SUCCESS               956941.50 (39.77%) [1 edit(s)]  
2025-01-23 23:22:44,249	[DEBUG]	patch(3-6)="LineLLMCrossover(('source.cpp', 11), '#include <cstdio>\n#include <algorithm>\n\nusing namespace std;\n\nlong long d[10], v[10];\n\nvoid compute(int n) {\n    long long gcd_dv = __gcd(d[n], v[n]); // Calculate GCD once\n    d[n] /= gcd_dv; // Reduce d[n] by GCD\n    v[n] /= gcd_dv; // Reduce v[n] by GCD\n}\n\nint main() {\n    int n;\n    while (scanf("%d", &n), n) {\n        long long a, b;\n        for (int i = 0; i < n; i++) {\n            scanf("%lld %lld", &d[i], &v[i]); // using scanf for faster input\n            compute(i);\n        }\n        a = d[0]; // Start with d[0] for LCM calculation\n        b = v[0]; // Start with v[0] for GCD calculation\n        for (int i = 1; i < n; i++) {\n            a = (a * d[i]) / __gcd(a, d[i]);\n            b = __gcd(b, v[i]);\n        }\n        for (int i = 0; i < n; i++) {\n            printf("%lld\\n", a * v[i] / (b * d[i])); // using printf for faster output\n        }\n    }\n    return 0;\n}')"
2025-01-23 23:22:44,249	[INFO]	Step: 36
2025-01-23 23:22:44,249	[INFO]	Stop Steps: 100
2025-01-23 23:22:44,434	[INFO]	3-7     TEST_CODE_ERROR       None (--) [3 edit(s)]  
2025-01-23 23:22:44,435	[DEBUG]	patch(3-7)="LineLLMCrossover(('source.cpp', 0), '#include <cstdio>\n#include <algorithm>\n\nusing namespace std;\n\nlong long d[10], v[10];\n\nlong long gcd(long long a, long long b) {\n    while (b) {\n        long long temp = b;\n        b = a % b; \n        a = temp;\n    }\n    return a;\n}\n\nvoid compute(int n) {\n    for (int i = 2; i <= min(d[n], v[n]); i++) {\n        if (d[n] % i == 0 || v[n] % i == 0) {\n            while (d[n] % i == 0 && v[n] % i == 0) {\n                d[n] /= i;\n                v[n] /= i;\n            }\n        }\n    }\n}\n\nint main() {\n    int n;\n    while (scanf("%d", &n), n) {\n        long long a, b;\n        for (int i = 0; i < n; i++) {\n            scanf("%lld %lld", &d[i], &v[i]);\n            compute(i);\n        }\n        a = (d[0] * d[1]) / gcd(d[0], d[1]);\n        b = gcd(v[0], v[1]);\n        for (int i = 2; i < n; i++) {\n            a = (a * d[i]) / gcd(a, d[i]);\n            b = gcd(b, v[i]);\n        }\n        for (int i = 0; i < n; i++) {\n            printf("%lld\\n", a * v[i] / (b * d[i]));\n        }\n    }\n    return 0;\n}') | LineLLMMutation(('source.cpp', 16), '#include <cstdio>\n#include <algorithm>\n\nusing namespace std;\n\nlong long d[10], v[10];\n\nlong long gcd(long long a, long long b) {\n    while (b) {\n        long long temp = b;\n        b = a % b; \n        a = temp;\n    }\n    return a;\n}\n\nvoid compute(int n) {\n    long long common_gcd = gcd(d[n], v[n]);\n    d[n] /= common_gcd;\n    v[n] /= common_gcd;\n}\n\nint main() {\n    int n;\n    while (scanf("%d", &n), n) {\n        long long a, b;\n        for (int i = 0; i < n; i++) {\n            scanf("%lld %lld", &d[i], &v[i]);\n            compute(i);\n        }\n        a = d[0];\n        b = v[0];\n        for (int i = 1; i < n; i++) {\n            a = (a * d[i]) / gcd(a, d[i]);\n            b = gcd(b, v[i]);\n        }\n        for (int i = 0; i < n; i++) {\n            printf("%lld\\n", a * v[i] / (b * d[i]));\n        }\n    }\n    return 0;\n}') | LineLLMMutation(('source.cpp', 18), '#include <cstdio>\n#include <algorithm>\n\nusing namespace std;\n\nlong long d[10], v[10];\n\ninline long long gcd(long long a, long long b) {\n    while (b) {\n        long long temp = b;\n        b = a % b; \n        a = temp;\n    }\n    return a;\n}\n\nvoid compute(int n) {\n    long long common_gcd = gcd(d[n], v[n]);\n    d[n] /= common_gcd;\n    v[n] /= common_gcd;\n}\n\nint main() {\n    int n;\n    while (scanf("%d", &n), n) {\n        long long a = 1, b = 1; // Initialize to 1 to avoid multiplication by 0\n        for (int i = 0; i < n; i++) {\n            scanf("%lld %lld", &d[i], &v[i]);\n            compute(i);\n            a = (a * d[i]) / gcd(a, d[i]);\n            b = gcd(b, v[i]);\n        }\n        for (int i = 0; i < n; i++) {\n            printf("%lld\\n", a * v[i] / (b * d[i]));\n        }\n    }\n    return 0;\n}')"
2025-01-23 23:22:44,435	[INFO]	Step: 37
2025-01-23 23:22:44,435	[INFO]	Stop Steps: 100
2025-01-23 23:22:44,787	[DEBUG]	EXEC>  SUCCESS 969024.5625
2025-01-23 23:22:44,787	[INFO]	3-8     SUCCESS               969024.56 (40.27%) [3 edit(s)]  
2025-01-23 23:22:44,787	[DEBUG]	patch(3-8)="LineLLMMutation(('source.cpp', 2), '#include <cstdio>\n#include <algorithm>\n\nusing namespace std;\n\nlong long d[10], v[10];\n\nvoid compute(int n) {\n    for (int i = 2; i <= min(d[n], v[n]); i++) {\n        if (d[n] % i == 0 || v[n] % i == 0) {\n            while (d[n] % i == 0 && v[n] % i == 0) {\n                d[n] /= i;\n                v[n] /= i;\n            }\n        }\n    }\n}\n\nint main() {\n    int n;\n    while (scanf("%d", &n), n) {\n        long long a, b;\n        for (int i = 0; i < n; i++) {\n            scanf("%lld %lld", &d[i], &v[i]); // using scanf for faster input\n            compute(i);\n        }\n        a = (d[0] * d[1]) / __gcd(d[0], d[1]);\n        b = __gcd(v[0], v[1]);\n        for (int i = 2; i < n; i++) {\n            a = (a * d[i]) / __gcd(a, d[i]);\n            b = __gcd(b, v[i]);\n        }\n        for (int i = 0; i < n; i++) {\n            printf("%lld\\n", a * v[i] / (b * d[i])); // using printf for faster output\n        }\n    }\n    return 0;\n}') | LineLLMMutation(('source.cpp', 10), '#include <cstdio>\n#include <algorithm>\n\nusing namespace std;\n\nlong long d[10], v[10];\n\nvoid compute(int n) {\n    long long gcd_dv = __gcd(d[n], v[n]); // Calculate GCD once\n    d[n] /= gcd_dv; // Reduce d[n] by GCD\n    v[n] /= gcd_dv; // Reduce v[n] by GCD\n}\n\nint main() {\n    int n;\n    while (scanf("%d", &n), n) {\n        long long a, b;\n        for (int i = 0; i < n; i++) {\n            scanf("%lld %lld", &d[i], &v[i]); // using scanf for faster input\n            compute(i);\n        }\n        a = (d[0] * d[1]) / __gcd(d[0], d[1]);\n        b = __gcd(v[0], v[1]);\n        for (int i = 2; i < n; i++) {\n            a = (a * d[i]) / __gcd(a, d[i]);\n            b = __gcd(b, v[i]);\n        }\n        for (int i = 0; i < n; i++) {\n            printf("%lld\\n", a * v[i] / (b * d[i])); // using printf for faster output\n        }\n    }\n    return 0;\n}') | LineLLMMutation(('source.cpp', 19), '#include <cstdio>\n#include <algorithm>\n\nusing namespace std;\n\nlong long d[10], v[10];\n\nvoid compute(int n) {\n    long long gcd_dv = __gcd(d[n], v[n]); // Calculate GCD once\n    d[n] /= gcd_dv; // Reduce d[n] by GCD\n    v[n] /= gcd_dv; // Reduce v[n] by GCD\n}\n\nint main() {\n    int n;\n    while (scanf("%d", &n), n) {\n        long long a, b;\n        for (int i = 0; i < n; i++) {\n            scanf("%lld %lld", &d[i], &v[i]); // using scanf for faster input\n        }\n        \n        // Compute GCD and reduce values in a single loop\n        for (int i = 0; i < n; i++) {\n            long long gcd_dv = __gcd(d[i], v[i]);\n            d[i] /= gcd_dv; \n            v[i] /= gcd_dv; \n        }\n\n        a = (d[0] * d[1]) / __gcd(d[0], d[1]);\n        b = __gcd(v[0], v[1]);\n        for (int i = 2; i < n; i++) {\n            a = (a * d[i]) / __gcd(a, d[i]);\n            b = __gcd(b, v[i]);\n        }\n        for (int i = 0; i < n; i++) {\n            printf("%lld\\n", a * v[i] / (b * d[i])); // using printf for faster output\n        }\n    }\n    return 0;\n}')"
2025-01-23 23:22:44,787	[INFO]	Step: 38
2025-01-23 23:22:44,787	[INFO]	Stop Steps: 100
2025-01-23 23:22:45,134	[DEBUG]	EXEC>  SUCCESS 948805.4375
2025-01-23 23:22:45,135	[INFO]	3-9     SUCCESS              *948805.44 (39.43%) [2 edit(s)]  
2025-01-23 23:22:45,135	[DEBUG]	patch(3-9)="LineLLMCrossover(('source.cpp', 4), '#include <cstdio>\n#include <algorithm>\nusing namespace std;\n\nlong long d[10], v[10];\n\nlong long gcd(long long a, long long b) {\n    return b == 0 ? a : gcd(b, a % b); // Efficient recursive GCD\n}\n\nvoid compute(int n) {\n    long long common_gcd = gcd(d[n], v[n]); // Calculate GCD once\n    d[n] /= common_gcd; // Reduce d[n] by GCD\n    v[n] /= common_gcd; // Reduce v[n] by GCD\n}\n\nint main() {\n    int n;\n    while (scanf("%d", &n), n) {\n        long long a, b;\n        for (int i = 0; i < n; i++) {\n            scanf("%lld %lld", &d[i], &v[i]); // Using scanf for faster input\n            compute(i);\n        }\n        a = (d[0] * d[1]) / gcd(d[0], d[1]);\n        b = gcd(v[0], v[1]);\n        for (int i = 2; i < n; i++) {\n            a = (a * d[i]) / gcd(a, d[i]);\n            b = gcd(b, v[i]);\n        }\n        for (int i = 0; i < n; i++) {\n            printf("%lld\\n", a * v[i] / (b * d[i])); // Using printf for faster output\n        }\n    }\n    return 0;\n}') | LineLLMMutation(('source.cpp', 20), '#include <cstdio>\n#include <algorithm>\nusing namespace std;\n\nlong long d[10], v[10];\n\nlong long gcd(long long a, long long b) {\n    while (b) {\n        long long temp = b;\n        b = a % b;\n        a = temp;\n    }\n    return a; // Iterative GCD implementation\n}\n\nvoid compute(int n) {\n    long long common_gcd = gcd(d[n], v[n]); // Calculate GCD once\n    d[n] /= common_gcd; // Reduce d[n] by GCD\n    v[n] /= common_gcd; // Reduce v[n] by GCD\n}\n\nint main() {\n    int n;\n    while (scanf("%d", &n), n) {\n        long long a, b;\n        for (int i = 0; i < n; i++) {\n            scanf("%lld %lld", &d[i], &v[i]); // Using scanf for faster input\n            compute(i);\n        }\n        a = (d[0] * d[1]) / gcd(d[0], d[1]);\n        b = gcd(v[0], v[1]);\n        for (int i = 2; i < n; i++) {\n            a = (a * d[i]) / gcd(a, d[i]);\n            b = gcd(b, v[i]);\n        }\n        for (int i = 0; i < n; i++) {\n            printf("%lld\\n", a * v[i] / (b * d[i])); // Using printf for faster output\n        }\n    }\n    return 0;\n}')"

2025-01-23 23:22:45,135	[INFO]	Step: 39
2025-01-23 23:22:45,135	[INFO]	Stop Steps: 100
2025-01-23 23:22:45,476	[DEBUG]	EXEC>  SUCCESS 948157.125
2025-01-23 23:22:45,476	[INFO]	3-10    SUCCESS              *948157.12 (39.41%) [4 edit(s)]  
2025-01-23 23:22:45,477	[DEBUG]	patch(3-10)="LineLLMMutation(('source.cpp', 2), '#include <cstdio>\n#include <algorithm>\n\nusing namespace std;\n\nlong long d[10], v[10];\n\nvoid compute(int n) {\n    for (int i = 2; i <= min(d[n], v[n]); i++) {\n        if (d[n] % i == 0 || v[n] % i == 0) {\n            while (d[n] % i == 0 && v[n] % i == 0) {\n                d[n] /= i;\n                v[n] /= i;\n            }\n        }\n    }\n}\n\nint main() {\n    int n;\n    while (scanf("%d", &n), n) {\n        long long a, b;\n        for (int i = 0; i < n; i++) {\n            scanf("%lld %lld", &d[i], &v[i]); // using scanf for faster input\n            compute(i);\n        }\n        a = (d[0] * d[1]) / __gcd(d[0], d[1]);\n        b = __gcd(v[0], v[1]);\n        for (int i = 2; i < n; i++) {\n            a = (a * d[i]) / __gcd(a, d[i]);\n            b = __gcd(b, v[i]);\n        }\n        for (int i = 0; i < n; i++) {\n            printf("%lld\\n", a * v[i] / (b * d[i])); // using printf for faster output\n        }\n    }\n    return 0;\n}') | LineLLMMutation(('source.cpp', 10), '#include <cstdio>\n#include <algorithm>\n\nusing namespace std;\n\nlong long d[10], v[10];\n\nvoid compute(int n) {\n    long long gcd_dv = __gcd(d[n], v[n]); // Calculate GCD once\n    d[n] /= gcd_dv; // Reduce d[n] by GCD\n    v[n] /= gcd_dv; // Reduce v[n] by GCD\n}\n\nint main() {\n    int n;\n    while (scanf("%d", &n), n) {\n        long long a, b;\n        for (int i = 0; i < n; i++) {\n            scanf("%lld %lld", &d[i], &v[i]); // using scanf for faster input\n            compute(i);\n        }\n        a = (d[0] * d[1]) / __gcd(d[0], d[1]);\n        b = __gcd(v[0], v[1]);\n        for (int i = 2; i < n; i++) {\n            a = (a * d[i]) / __gcd(a, d[i]);\n            b = __gcd(b, v[i]);\n        }\n        for (int i = 0; i < n; i++) {\n            printf("%lld\\n", a * v[i] / (b * d[i])); // using printf for faster output\n        }\n    }\n    return 0;\n}') | LineLLMMutation(('source.cpp', 14), '#include <cstdio>\n#include <algorithm>\n\nusing namespace std;\n\nlong long d[10], v[10];\n\nvoid compute(int n) {\n    long long gcd_dv = __gcd(d[n], v[n]); // Calculate GCD once\n    d[n] /= gcd_dv; // Reduce d[n] by GCD\n    v[n] /= gcd_dv; // Reduce v[n] by GCD\n}\n\nint main() {\n    int n;\n    while (scanf("%d", &n), n) {\n        long long a, b;\n        for (int i = 0; i < n; i++) {\n            scanf("%lld %lld", &d[i], &v[i]); // using scanf for faster input\n            compute(i);\n        }\n        a = d[0]; // Start with d[0] for LCM calculation\n        b = v[0]; // Start with v[0] for GCD calculation\n        for (int i = 1; i < n; i++) {\n            a = (a * d[i]) / __gcd(a, d[i]);\n            b = __gcd(b, v[i]);\n        }\n        for (int i = 0; i < n; i++) {\n            printf("%lld\\n", a * v[i] / (b * d[i])); // using printf for faster output\n        }\n    }\n    return 0;\n}') | LineLLMMutation(('source.cpp', 21), '#include <cstdio>\n#include <algorithm>\n\nusing namespace std;\n\nlong long d[10], v[10];\nlong long gcd_cache[10]; // Cache for precomputed GCD values\n\nvoid compute(int n) {\n    gcd_cache[n] = __gcd(d[n], v[n]); // Store GCD in cache\n    d[n] /= gcd_cache[n]; // Reduce d[n] by GCD\n    v[n] /= gcd_cache[n]; // Reduce v[n] by GCD\n}\n\nint main() {\n    int n;\n    while (scanf("%d", &n), n) {\n        long long a, b;\n        for (int i = 0; i < n; i++) {\n            scanf("%lld %lld", &d[i], &v[i]); // using scanf for faster input\n            compute(i);\n        }\n        a = d[0]; // Start with d[0] for LCM calculation\n        b = v[0]; // Start with v[0] for GCD calculation\n        for (int i = 1; i < n; i++) {\n            a = (a * d[i]) / __gcd(a, d[i]);\n            b = __gcd(b, v[i]);\n        }\n        for (int i = 0; i < n; i++) {\n            printf("%lld\\n", a * v[i] / (b * d[i])); // using printf for faster output\n        }\n    }\n    return 0;\n}')"

2025-01-23 23:22:45,477	[INFO]	Step: 40
2025-01-23 23:22:45,477	[INFO]	Stop Steps: 100
2025-01-23 23:22:46,992	[DEBUG]	EXEC>  SUCCESS 2406552.8125
2025-01-23 23:22:46,992	[INFO]	REF     SUCCESS               2406552.81 (--) [0 edit(s)]  
2025-01-23 23:22:46,992	[INFO]	Best patch: 2_10_14_21
2025-01-23 23:22:47,333	[DEBUG]	EXEC>  SUCCESS 973462.75
2025-01-23 23:22:47,333	[INFO]	BEST    SUCCESS              *973462.75 (40.45%) [0 edit(s)]  
2025-01-23 23:22:47,333	[INFO]	Best patch step: 39
2025-01-23 23:23:30,322	[INFO]	Step: 40
2025-01-23 23:23:30,322	[INFO]	Stop Steps: 100
2025-01-23 23:23:30,795	[DEBUG]	EXEC>  SUCCESS 944067.3125
2025-01-23 23:23:30,795	[INFO]	4-1     SUCCESS              *944067.31 (39.23%) [4 edit(s)]  
2025-01-23 23:23:30,795	[DEBUG]	patch(4-1)="LineLLMMutation(('source.cpp', 2), '#include <cstdio>\n#include <algorithm>\n\nusing namespace std;\n\nlong long d[10], v[10];\n\nvoid compute(int n) {\n    for (int i = 2; i <= min(d[n], v[n]); i++) {\n        if (d[n] % i == 0 || v[n] % i == 0) {\n            while (d[n] % i == 0 && v[n] % i == 0) {\n                d[n] /= i;\n                v[n] /= i;\n            }\n        }\n    }\n}\n\nint main() {\n    int n;\n    while (scanf("%d", &n), n) {\n        long long a, b;\n        for (int i = 0; i < n; i++) {\n            scanf("%lld %lld", &d[i], &v[i]); // using scanf for faster input\n            compute(i);\n        }\n        a = (d[0] * d[1]) / __gcd(d[0], d[1]);\n        b = __gcd(v[0], v[1]);\n        for (int i = 2; i < n; i++) {\n            a = (a * d[i]) / __gcd(a, d[i]);\n            b = __gcd(b, v[i]);\n        }\n        for (int i = 0; i < n; i++) {\n            printf("%lld\\n", a * v[i] / (b * d[i])); // using printf for faster output\n        }\n    }\n    return 0;\n}') | LineLLMMutation(('source.cpp', 10), '#include <cstdio>\n#include <algorithm>\n\nusing namespace std;\n\nlong long d[10], v[10];\n\nvoid compute(int n) {\n    long long gcd_dv = __gcd(d[n], v[n]); // Calculate GCD once\n    d[n] /= gcd_dv; // Reduce d[n] by GCD\n    v[n] /= gcd_dv; // Reduce v[n] by GCD\n}\n\nint main() {\n    int n;\n    while (scanf("%d", &n), n) {\n        long long a, b;\n        for (int i = 0; i < n; i++) {\n            scanf("%lld %lld", &d[i], &v[i]); // using scanf for faster input\n            compute(i);\n        }\n        a = (d[0] * d[1]) / __gcd(d[0], d[1]);\n        b = __gcd(v[0], v[1]);\n        for (int i = 2; i < n; i++) {\n            a = (a * d[i]) / __gcd(a, d[i]);\n            b = __gcd(b, v[i]);\n        }\n        for (int i = 0; i < n; i++) {\n            printf("%lld\\n", a * v[i] / (b * d[i])); // using printf for faster output\n        }\n    }\n    return 0;\n}') | LineLLMMutation(('source.cpp', 14), '#include <cstdio>\n#include <algorithm>\n\nusing namespace std;\n\nlong long d[10], v[10];\n\nvoid compute(int n) {\n    long long gcd_dv = __gcd(d[n], v[n]); // Calculate GCD once\n    d[n] /= gcd_dv; // Reduce d[n] by GCD\n    v[n] /= gcd_dv; // Reduce v[n] by GCD\n}\n\nint main() {\n    int n;\n    while (scanf("%d", &n), n) {\n        long long a, b;\n        for (int i = 0; i < n; i++) {\n            scanf("%lld %lld", &d[i], &v[i]); // using scanf for faster input\n            compute(i);\n        }\n        a = d[0]; // Start with d[0] for LCM calculation\n        b = v[0]; // Start with v[0] for GCD calculation\n        for (int i = 1; i < n; i++) {\n            a = (a * d[i]) / __gcd(a, d[i]);\n            b = __gcd(b, v[i]);\n        }\n        for (int i = 0; i < n; i++) {\n            printf("%lld\\n", a * v[i] / (b * d[i])); // using printf for faster output\n        }\n    }\n    return 0;\n}') | LineLLMMutation(('source.cpp', 21), '#include <cstdio>\n#include <algorithm>\n\nusing namespace std;\n\nlong long d[10], v[10];\nlong long gcd_cache[10]; // Cache for precomputed GCD values\n\nvoid compute(int n) {\n    gcd_cache[n] = __gcd(d[n], v[n]); // Store GCD in cache\n    d[n] /= gcd_cache[n]; // Reduce d[n] by GCD\n    v[n] /= gcd_cache[n]; // Reduce v[n] by GCD\n}\n\nint main() {\n    int n;\n    while (scanf("%d", &n), n) {\n        long long a, b;\n        for (int i = 0; i < n; i++) {\n            scanf("%lld %lld", &d[i], &v[i]); // using scanf for faster input\n            compute(i);\n        }\n        a = d[0]; // Start with d[0] for LCM calculation\n        b = v[0]; // Start with v[0] for GCD calculation\n        for (int i = 1; i < n; i++) {\n            a = (a * d[i]) / __gcd(a, d[i]);\n            b = __gcd(b, v[i]);\n        }\n        for (int i = 0; i < n; i++) {\n            printf("%lld\\n", a * v[i] / (b * d[i])); // using printf for faster output\n        }\n    }\n    return 0;\n}')"

2025-01-23 23:23:30,795	[INFO]	Step: 41
2025-01-23 23:23:30,795	[INFO]	Stop Steps: 100
2025-01-23 23:23:31,139	[DEBUG]	EXEC>  SUCCESS 962914.8125
2025-01-23 23:23:31,139	[INFO]	4-2     SUCCESS               962914.81 (40.01%) [2 edit(s)]  
2025-01-23 23:23:31,139	[DEBUG]	patch(4-2)="LineLLMCrossover(('source.cpp', 4), '#include <cstdio>\n#include <algorithm>\nusing namespace std;\n\nlong long d[10], v[10];\n\nlong long gcd(long long a, long long b) {\n    return b == 0 ? a : gcd(b, a % b); // Efficient recursive GCD\n}\n\nvoid compute(int n) {\n    long long common_gcd = gcd(d[n], v[n]); // Calculate GCD once\n    d[n] /= common_gcd; // Reduce d[n] by GCD\n    v[n] /= common_gcd; // Reduce v[n] by GCD\n}\n\nint main() {\n    int n;\n    while (scanf("%d", &n), n) {\n        long long a, b;\n        for (int i = 0; i < n; i++) {\n            scanf("%lld %lld", &d[i], &v[i]); // Using scanf for faster input\n            compute(i);\n        }\n        a = (d[0] * d[1]) / gcd(d[0], d[1]);\n        b = gcd(v[0], v[1]);\n        for (int i = 2; i < n; i++) {\n            a = (a * d[i]) / gcd(a, d[i]);\n            b = gcd(b, v[i]);\n        }\n        for (int i = 0; i < n; i++) {\n            printf("%lld\\n", a * v[i] / (b * d[i])); // Using printf for faster output\n        }\n    }\n    return 0;\n}') | LineLLMMutation(('source.cpp', 20), '#include <cstdio>\n#include <algorithm>\nusing namespace std;\n\nlong long d[10], v[10];\n\nlong long gcd(long long a, long long b) {\n    while (b) {\n        long long temp = b;\n        b = a % b;\n        a = temp;\n    }\n    return a; // Iterative GCD implementation\n}\n\nvoid compute(int n) {\n    long long common_gcd = gcd(d[n], v[n]); // Calculate GCD once\n    d[n] /= common_gcd; // Reduce d[n] by GCD\n    v[n] /= common_gcd; // Reduce v[n] by GCD\n}\n\nint main() {\n    int n;\n    while (scanf("%d", &n), n) {\n        long long a, b;\n        for (int i = 0; i < n; i++) {\n            scanf("%lld %lld", &d[i], &v[i]); // Using scanf for faster input\n            compute(i);\n        }\n        a = (d[0] * d[1]) / gcd(d[0], d[1]);\n        b = gcd(v[0], v[1]);\n        for (int i = 2; i < n; i++) {\n            a = (a * d[i]) / gcd(a, d[i]);\n            b = gcd(b, v[i]);\n        }\n        for (int i = 0; i < n; i++) {\n            printf("%lld\\n", a * v[i] / (b * d[i])); // Using printf for faster output\n        }\n    }\n    return 0;\n}')"
2025-01-23 23:23:31,139	[INFO]	Step: 42
2025-01-23 23:23:31,139	[INFO]	Stop Steps: 100
2025-01-23 23:23:31,486	[DEBUG]	EXEC>  SUCCESS 968269.0625
2025-01-23 23:23:31,486	[INFO]	4-3     SUCCESS               968269.06 (40.23%) [1 edit(s)]  
2025-01-23 23:23:31,486	[DEBUG]	patch(4-3)="LineLLMCrossover(('source.cpp', 12), '#include <cstdio>\n#include <algorithm>\n\nusing namespace std;\n\nlong long d[10], v[10];\n\nlong long gcd(long long a, long long b) {\n    return b == 0 ? a : gcd(b, a % b); // Efficient recursive GCD\n}\n\nvoid compute(int n) {\n    long long gcd_dv = gcd(d[n], v[n]); // Calculate GCD once\n    d[n] /= gcd_dv; // Reduce d[n] by GCD\n    v[n] /= gcd_dv; // Reduce v[n] by GCD\n}\n\nint main() {\n    int n;\n    while (scanf("%d", &n), n) {\n        long long a, b;\n        for (int i = 0; i < n; i++) {\n            scanf("%lld %lld", &d[i], &v[i]); // using scanf for faster input\n            compute(i);\n        }\n        a = d[0]; // Start with d[0] for LCM calculation\n        b = v[0]; // Start with v[0] for GCD calculation\n        for (int i = 1; i < n; i++) {\n            a = (a * d[i]) / gcd(a, d[i]);\n            b = gcd(b, v[i]);\n        }\n        for (int i = 0; i < n; i++) {\n            printf("%lld\\n", a * v[i] / (b * d[i])); // using printf for faster output\n        }\n    }\n    return 0;\n}')"
2025-01-23 23:23:31,486	[INFO]	Step: 43
2025-01-23 23:23:31,486	[INFO]	Stop Steps: 100
2025-01-23 23:23:31,843	[DEBUG]	EXEC>  SUCCESS 964148.3125
2025-01-23 23:23:31,844	[INFO]	4-4     SUCCESS               964148.31 (40.06%) [1 edit(s)]  
2025-01-23 23:23:31,844	[DEBUG]	patch(4-4)="LineLLMCrossover(('source.cpp', 13), '#include <cstdio>\n#include <algorithm>\nusing namespace std;\n\nlong long d[10], v[10];\n\nlong long gcd(long long a, long long b) {\n    while (b) {\n        long long temp = b;\n        b = a % b; \n        a = temp;\n    }\n    return a; // Iterative GCD implementation\n}\n\nvoid compute(int n) {\n    long long common_gcd = gcd(d[n], v[n]); // Calculate GCD once\n    d[n] /= common_gcd; // Reduce d[n] by GCD\n    v[n] /= common_gcd; // Reduce v[n] by GCD\n}\n\nint main() {\n    int n;\n    while (scanf("%d", &n), n) {\n        long long a, b;\n        for (int i = 0; i < n; i++) {\n            scanf("%lld %lld", &d[i], &v[i]); // using scanf for faster input\n            compute(i);\n        }\n        a = (d[0] * d[1]) / gcd(d[0], d[1]);\n        b = gcd(v[0], v[1]);\n        for (int i = 2; i < n; i++) {\n            a = (a * d[i]) / gcd(a, d[i]);\n            b = gcd(b, v[i]);\n        }\n        for (int i = 0; i < n; i++) {\n            printf("%lld\\n", a * v[i] / (b * d[i])); // using printf for faster output\n        }\n    }\n    return 0;\n}')"
2025-01-23 23:23:31,844	[INFO]	Step: 44
2025-01-23 23:23:31,844	[INFO]	Stop Steps: 100
2025-01-23 23:23:32,190	[DEBUG]	EXEC>  SUCCESS 962608.0
2025-01-23 23:23:32,190	[INFO]	4-5     SUCCESS               962608.00 (40.00%) [1 edit(s)]  
2025-01-23 23:23:32,190	[DEBUG]	patch(4-5)="LineLLMCrossover(('source.cpp', 14), '#include <cstdio>\n#include <algorithm>\n\nusing namespace std;\n\nlong long d[10], v[10];\n\nlong long gcd(long long a, long long b) {\n    return b == 0 ? a : gcd(b, a % b); // Efficient recursive GCD\n}\n\nvoid compute(int n) {\n    long long common_gcd = gcd(d[n], v[n]); // Calculate GCD once\n    d[n] /= common_gcd; // Reduce d[n] by GCD\n    v[n] /= common_gcd; // Reduce v[n] by GCD\n}\n\nint main() {\n    int n;\n    while (scanf("%d", &n), n) {\n        long long a, b;\n        for (int i = 0; i < n; i++) {\n            scanf("%lld %lld", &d[i], &v[i]); // using scanf for faster input\n            compute(i);\n        }\n        a = (d[0] * d[1]) / gcd(d[0], d[1]);\n        b = gcd(v[0], v[1]);\n        for (int i = 2; i < n; i++) {\n            a = (a * d[i]) / gcd(a, d[i]);\n            b = gcd(b, v[i]);\n        }\n        for (int i = 0; i < n; i++) {\n            printf("%lld\\n", a * v[i] / (b * d[i])); // using printf for faster output\n        }\n    }\n    return 0;\n}')"
2025-01-23 23:23:32,190	[INFO]	Step: 45
2025-01-23 23:23:32,190	[INFO]	Stop Steps: 100
2025-01-23 23:23:32,534	[DEBUG]	EXEC>  SUCCESS 952036.625
2025-01-23 23:23:32,535	[INFO]	4-6     SUCCESS               952036.62 (39.56%) [1 edit(s)]  
2025-01-23 23:23:32,535	[DEBUG]	patch(4-6)="LineLLMCrossover(('source.cpp', 15), '#include <cstdio>\n#include <algorithm>\n\nusing namespace std;\n\nlong long d[10], v[10];\n\nlong long gcd(long long a, long long b) {\n    while (b) {\n        long long temp = b;\n        b = a % b; \n        a = temp;\n    }\n    return a; // Iterative GCD implementation\n}\n\nvoid compute(int n) {\n    long long common_gcd = gcd(d[n], v[n]); // Calculate GCD once\n    d[n] /= common_gcd; // Reduce d[n] by GCD\n    v[n] /= common_gcd; // Reduce v[n] by GCD\n}\n\nint main() {\n    int n;\n    while (scanf("%d", &n), n) {\n        long long a = 1, b = 0; // Initialize for LCM and GCD\n        for (int i = 0; i < n; i++) {\n            scanf("%lld %lld", &d[i], &v[i]); // using scanf for faster input\n            compute(i);\n        }\n        a = d[0]; // Start with d[0] for LCM calculation\n        b = v[0]; // Start with v[0] for GCD calculation\n        for (int i = 1; i < n; i++) {\n            a = (a * d[i]) / gcd(a, d[i]);\n            b = gcd(b, v[i]);\n        }\n        for (int i = 0; i < n; i++) {\n            printf("%lld\\n", a * v[i] / (b * d[i])); // using printf for faster output\n        }\n    }\n    return 0;\n}')"
2025-01-23 23:23:32,535	[INFO]	Step: 46
2025-01-23 23:23:32,535	[INFO]	Stop Steps: 100
2025-01-23 23:23:32,723	[INFO]	4-7     TEST_CODE_ERROR       None (--) [5 edit(s)]  
2025-01-23 23:23:32,723	[DEBUG]	patch(4-7)="LineLLMMutation(('source.cpp', 2), '#include <cstdio>\n#include <algorithm>\n\nusing namespace std;\n\nlong long d[10], v[10];\n\nvoid compute(int n) {\n    for (int i = 2; i <= min(d[n], v[n]); i++) {\n        if (d[n] % i == 0 || v[n] % i == 0) {\n            while (d[n] % i == 0 && v[n] % i == 0) {\n                d[n] /= i;\n                v[n] /= i;\n            }\n        }\n    }\n}\n\nint main() {\n    int n;\n    while (scanf("%d", &n), n) {\n        long long a, b;\n        for (int i = 0; i < n; i++) {\n            scanf("%lld %lld", &d[i], &v[i]); // using scanf for faster input\n            compute(i);\n        }\n        a = (d[0] * d[1]) / __gcd(d[0], d[1]);\n        b = __gcd(v[0], v[1]);\n        for (int i = 2; i < n; i++) {\n            a = (a * d[i]) / __gcd(a, d[i]);\n            b = __gcd(b, v[i]);\n        }\n        for (int i = 0; i < n; i++) {\n            printf("%lld\\n", a * v[i] / (b * d[i])); // using printf for faster output\n        }\n    }\n    return 0;\n}') | LineLLMMutation(('source.cpp', 10), '#include <cstdio>\n#include <algorithm>\n\nusing namespace std;\n\nlong long d[10], v[10];\n\nvoid compute(int n) {\n    long long gcd_dv = __gcd(d[n], v[n]); // Calculate GCD once\n    d[n] /= gcd_dv; // Reduce d[n] by GCD\n    v[n] /= gcd_dv; // Reduce v[n] by GCD\n}\n\nint main() {\n    int n;\n    while (scanf("%d", &n), n) {\n        long long a, b;\n        for (int i = 0; i < n; i++) {\n            scanf("%lld %lld", &d[i], &v[i]); // using scanf for faster input\n            compute(i);\n        }\n        a = (d[0] * d[1]) / __gcd(d[0], d[1]);\n        b = __gcd(v[0], v[1]);\n        for (int i = 2; i < n; i++) {\n            a = (a * d[i]) / __gcd(a, d[i]);\n            b = __gcd(b, v[i]);\n        }\n        for (int i = 0; i < n; i++) {\n            printf("%lld\\n", a * v[i] / (b * d[i])); // using printf for faster output\n        }\n    }\n    return 0;\n}') | LineLLMMutation(('source.cpp', 14), '#include <cstdio>\n#include <algorithm>\n\nusing namespace std;\n\nlong long d[10], v[10];\n\nvoid compute(int n) {\n    long long gcd_dv = __gcd(d[n], v[n]); // Calculate GCD once\n    d[n] /= gcd_dv; // Reduce d[n] by GCD\n    v[n] /= gcd_dv; // Reduce v[n] by GCD\n}\n\nint main() {\n    int n;\n    while (scanf("%d", &n), n) {\n        long long a, b;\n        for (int i = 0; i < n; i++) {\n            scanf("%lld %lld", &d[i], &v[i]); // using scanf for faster input\n            compute(i);\n        }\n        a = d[0]; // Start with d[0] for LCM calculation\n        b = v[0]; // Start with v[0] for GCD calculation\n        for (int i = 1; i < n; i++) {\n            a = (a * d[i]) / __gcd(a, d[i]);\n            b = __gcd(b, v[i]);\n        }\n        for (int i = 0; i < n; i++) {\n            printf("%lld\\n", a * v[i] / (b * d[i])); // using printf for faster output\n        }\n    }\n    return 0;\n}') | LineLLMMutation(('source.cpp', 21), '#include <cstdio>\n#include <algorithm>\n\nusing namespace std;\n\nlong long d[10], v[10];\nlong long gcd_cache[10]; // Cache for precomputed GCD values\n\nvoid compute(int n) {\n    gcd_cache[n] = __gcd(d[n], v[n]); // Store GCD in cache\n    d[n] /= gcd_cache[n]; // Reduce d[n] by GCD\n    v[n] /= gcd_cache[n]; // Reduce v[n] by GCD\n}\n\nint main() {\n    int n;\n    while (scanf("%d", &n), n) {\n        long long a, b;\n        for (int i = 0; i < n; i++) {\n            scanf("%lld %lld", &d[i], &v[i]); // using scanf for faster input\n            compute(i);\n        }\n        a = d[0]; // Start with d[0] for LCM calculation\n        b = v[0]; // Start with v[0] for GCD calculation\n        for (int i = 1; i < n; i++) {\n            a = (a * d[i]) / __gcd(a, d[i]);\n            b = __gcd(b, v[i]);\n        }\n        for (int i = 0; i < n; i++) {\n            printf("%lld\\n", a * v[i] / (b * d[i])); // using printf for faster output\n        }\n    }\n    return 0;\n}') | LineLLMMutation(('source.cpp', 22), '#include <cstdio>\n#include <algorithm>\n\nusing namespace std;\n\nlong long d[10], v[10];\nlong long gcd_cache[10]; // Cache for precomputed GCD values\n\nvoid compute(int n) {\n    gcd_cache[n] = __gcd(d[n], v[n]); // Store GCD in cache\n    d[n] /= gcd_cache[n]; // Reduce d[n] by GCD\n    v[n] /= gcd_cache[n]; // Reduce v[n] by GCD\n}\n\nint main() {\n    int n;\n    while (scanf("%d", &n), n) {\n        long long a = 1, b = 1; // Initialize to 1 for LCM calculations\n        for (int i = 0; i < n; i++) {\n            scanf("%lld %lld", &d[i], &v[i]); // using scanf for faster input\n            compute(i);\n            a = (a * d[i]) / __gcd(a, d[i]); // LCM calculation\n            b = __gcd(b, v[i]); // GCD calculation\n        }\n        for (int i = 0; i < n; i++) {\n            printf("%lld\\n", a * v[i] / (b * d[i])); // using printf for faster output\n        }\n    }\n    return 0;\n}')"
2025-01-23 23:23:32,723	[INFO]	Step: 47
2025-01-23 23:23:32,723	[INFO]	Stop Steps: 100
2025-01-23 23:23:33,072	[DEBUG]	EXEC>  SUCCESS 962523.4375
2025-01-23 23:23:33,072	[INFO]	4-8     SUCCESS               962523.44 (40.00%) [3 edit(s)]  
2025-01-23 23:23:33,072	[DEBUG]	patch(4-8)="LineLLMCrossover(('source.cpp', 4), '#include <cstdio>\n#include <algorithm>\nusing namespace std;\n\nlong long d[10], v[10];\n\nlong long gcd(long long a, long long b) {\n    return b == 0 ? a : gcd(b, a % b); // Efficient recursive GCD\n}\n\nvoid compute(int n) {\n    long long common_gcd = gcd(d[n], v[n]); // Calculate GCD once\n    d[n] /= common_gcd; // Reduce d[n] by GCD\n    v[n] /= common_gcd; // Reduce v[n] by GCD\n}\n\nint main() {\n    int n;\n    while (scanf("%d", &n), n) {\n        long long a, b;\n        for (int i = 0; i < n; i++) {\n            scanf("%lld %lld", &d[i], &v[i]); // Using scanf for faster input\n            compute(i);\n        }\n        a = (d[0] * d[1]) / gcd(d[0], d[1]);\n        b = gcd(v[0], v[1]);\n        for (int i = 2; i < n; i++) {\n            a = (a * d[i]) / gcd(a, d[i]);\n            b = gcd(b, v[i]);\n        }\n        for (int i = 0; i < n; i++) {\n            printf("%lld\\n", a * v[i] / (b * d[i])); // Using printf for faster output\n        }\n    }\n    return 0;\n}') | LineLLMMutation(('source.cpp', 20), '#include <cstdio>\n#include <algorithm>\nusing namespace std;\n\nlong long d[10], v[10];\n\nlong long gcd(long long a, long long b) {\n    while (b) {\n        long long temp = b;\n        b = a % b;\n        a = temp;\n    }\n    return a; // Iterative GCD implementation\n}\n\nvoid compute(int n) {\n    long long common_gcd = gcd(d[n], v[n]); // Calculate GCD once\n    d[n] /= common_gcd; // Reduce d[n] by GCD\n    v[n] /= common_gcd; // Reduce v[n] by GCD\n}\n\nint main() {\n    int n;\n    while (scanf("%d", &n), n) {\n        long long a, b;\n        for (int i = 0; i < n; i++) {\n            scanf("%lld %lld", &d[i], &v[i]); // Using scanf for faster input\n            compute(i);\n        }\n        a = (d[0] * d[1]) / gcd(d[0], d[1]);\n        b = gcd(v[0], v[1]);\n        for (int i = 2; i < n; i++) {\n            a = (a * d[i]) / gcd(a, d[i]);\n            b = gcd(b, v[i]);\n        }\n        for (int i = 0; i < n; i++) {\n            printf("%lld\\n", a * v[i] / (b * d[i])); // Using printf for faster output\n        }\n    }\n    return 0;\n}') | LineLLMMutation(('source.cpp', 23), '#include <cstdio>\n#include <algorithm>\nusing namespace std;\n\nlong long d[10], v[10];\n\nvoid compute(int n) {\n    long long common_gcd = __gcd(d[n], v[n]); // Use built-in GCD function for optimization\n    d[n] /= common_gcd; // Reduce d[n] by GCD\n    v[n] /= common_gcd; // Reduce v[n] by GCD\n}\n\nint main() {\n    int n;\n    while (scanf("%d", &n), n) {\n        long long a, b;\n        for (int i = 0; i < n; i++) {\n            scanf("%lld %lld", &d[i], &v[i]); // Using scanf for faster input\n            compute(i);\n        }\n        a = (d[0] * d[1]) / __gcd(d[0], d[1]); // Use built-in GCD function\n        b = __gcd(v[0], v[1]); // Use built-in GCD function\n        for (int i = 2; i < n; i++) {\n            a = (a * d[i]) / __gcd(a, d[i]); // Use built-in GCD function\n            b = __gcd(b, v[i]); // Use built-in GCD function\n        }\n        for (int i = 0; i < n; i++) {\n            printf("%lld\\n", a * v[i] / (b * d[i])); // Using printf for faster output\n        }\n    }\n    return 0;\n}')"
2025-01-23 23:23:33,072	[INFO]	Step: 48
2025-01-23 23:23:33,072	[INFO]	Stop Steps: 100
2025-01-23 23:23:33,417	[DEBUG]	EXEC>  SUCCESS 949728.0
2025-01-23 23:23:33,418	[INFO]	4-9     SUCCESS               949728.00 (39.46%) [2 edit(s)]  
2025-01-23 23:23:33,418	[DEBUG]	patch(4-9)="LineLLMCrossover(('source.cpp', 8), '#include <cstdio>\n#include <algorithm>\n\nusing namespace std;\n\nlong long d[10], v[10];\n\nlong long gcd(long long a, long long b) {\n    return b == 0 ? a : gcd(b, a % b); // Efficient recursive GCD\n}\n\nvoid compute(int n) {\n    long long gcd_dv = gcd(d[n], v[n]); // Calculate GCD once\n    d[n] /= gcd_dv; // Reduce d[n] by GCD\n    v[n] /= gcd_dv; // Reduce v[n] by GCD\n}\n\nint main() {\n    int n;\n    while (scanf("%d", &n), n) {\n        long long a, b;\n        for (int i = 0; i < n; i++) {\n            scanf("%lld %lld", &d[i], &v[i]); // using scanf for faster input\n            compute(i);\n        }\n        a = (d[0] * d[1]) / gcd(d[0], d[1]);\n        b = gcd(v[0], v[1]);\n        for (int i = 2; i < n; i++) {\n            a = (a * d[i]) / gcd(a, d[i]);\n            b = gcd(b, v[i]);\n        }\n        for (int i = 0; i < n; i++) {\n            printf("%lld\\n", a * v[i] / (b * d[i])); // using printf for faster output\n        }\n    }\n    return 0;\n}') | LineLLMMutation(('source.cpp', 24), '#include <cstdio>\n#include <algorithm>\n\nusing namespace std;\n\nlong long d[10], v[10];\n\nlong long gcd(long long a, long long b) {\n    while (b != 0) {\n        long long temp = b;\n        b = a % b;\n        a = temp;\n    }\n    return a; // Iterative GCD\n}\n\nvoid compute(int n) {\n    long long gcd_dv = gcd(d[n], v[n]); // Calculate GCD once\n    d[n] /= gcd_dv; // Reduce d[n] by GCD\n    v[n] /= gcd_dv; // Reduce v[n] by GCD\n}\n\nint main() {\n    int n;\n    while (scanf("%d", &n), n) {\n        long long a, b;\n        for (int i = 0; i < n; i++) {\n            scanf("%lld %lld", &d[i], &v[i]); // using scanf for faster input\n            compute(i);\n        }\n        a = (d[0] * d[1]) / gcd(d[0], d[1]);\n        b = gcd(v[0], v[1]);\n        for (int i = 2; i < n; i++) {\n            a = (a * d[i]) / gcd(a, d[i]);\n            b = gcd(b, v[i]);\n        }\n        for (int i = 0; i < n; i++) {\n            printf("%lld\\n", a * v[i] / (b * d[i])); // using printf for faster output\n        }\n    }\n    return 0;\n}')"
2025-01-23 23:23:33,418	[INFO]	Step: 49
2025-01-23 23:23:33,418	[INFO]	Stop Steps: 100
2025-01-23 23:23:33,767	[DEBUG]	EXEC>  SUCCESS 967228.625
2025-01-23 23:23:33,768	[INFO]	4-10    SUCCESS               967228.62 (40.19%) [3 edit(s)]  
2025-01-23 23:23:33,768	[DEBUG]	patch(4-10)="LineLLMCrossover(('source.cpp', 0), '#include <cstdio>\n#include <algorithm>\n\nusing namespace std;\n\nlong long d[10], v[10];\n\nlong long gcd(long long a, long long b) {\n    while (b) {\n        long long temp = b;\n        b = a % b; \n        a = temp;\n    }\n    return a;\n}\n\nvoid compute(int n) {\n    for (int i = 2; i <= min(d[n], v[n]); i++) {\n        if (d[n] % i == 0 || v[n] % i == 0) {\n            while (d[n] % i == 0 && v[n] % i == 0) {\n                d[n] /= i;\n                v[n] /= i;\n            }\n        }\n    }\n}\n\nint main() {\n    int n;\n    while (scanf("%d", &n), n) {\n        long long a, b;\n        for (int i = 0; i < n; i++) {\n            scanf("%lld %lld", &d[i], &v[i]);\n            compute(i);\n        }\n        a = (d[0] * d[1]) / gcd(d[0], d[1]);\n        b = gcd(v[0], v[1]);\n        for (int i = 2; i < n; i++) {\n            a = (a * d[i]) / gcd(a, d[i]);\n            b = gcd(b, v[i]);\n        }\n        for (int i = 0; i < n; i++) {\n            printf("%lld\\n", a * v[i] / (b * d[i]));\n        }\n    }\n    return 0;\n}') | LineLLMMutation(('source.cpp', 16), '#include <cstdio>\n#include <algorithm>\n\nusing namespace std;\n\nlong long d[10], v[10];\n\nlong long gcd(long long a, long long b) {\n    while (b) {\n        long long temp = b;\n        b = a % b; \n        a = temp;\n    }\n    return a;\n}\n\nvoid compute(int n) {\n    long long common_gcd = gcd(d[n], v[n]);\n    d[n] /= common_gcd;\n    v[n] /= common_gcd;\n}\n\nint main() {\n    int n;\n    while (scanf("%d", &n), n) {\n        long long a, b;\n        for (int i = 0; i < n; i++) {\n            scanf("%lld %lld", &d[i], &v[i]);\n            compute(i);\n        }\n        a = d[0];\n        b = v[0];\n        for (int i = 1; i < n; i++) {\n            a = (a * d[i]) / gcd(a, d[i]);\n            b = gcd(b, v[i]);\n        }\n        for (int i = 0; i < n; i++) {\n            printf("%lld\\n", a * v[i] / (b * d[i]));\n        }\n    }\n    return 0;\n}') | LineLLMMutation(('source.cpp', 25), '#include <cstdio>\n#include <algorithm>\n\nusing namespace std;\n\nlong long d[10], v[10];\n\nlong long gcd(long long a, long long b) {\n    if (b == 0) return a;\n    if (a == 0) return b;\n    // Use Euclidean algorithm\n    while (b) {\n        long long temp = b;\n        b = a % b; \n        a = temp;\n    }\n    return a;\n}\n\nvoid compute(int n) {\n    long long common_gcd = gcd(d[n], v[n]);\n    d[n] /= common_gcd;\n    v[n] /= common_gcd;\n}\n\nint main() {\n    int n;\n    while (scanf("%d", &n), n) {\n        long long a, b;\n        for (int i = 0; i < n; i++) {\n            scanf("%lld %lld", &d[i], &v[i]);\n            compute(i);\n        }\n        a = d[0];\n        b = v[0];\n        for (int i = 1; i < n; i++) {\n            a = (a * d[i]) / gcd(a, d[i]);\n            b = gcd(b, v[i]);\n        }\n        for (int i = 0; i < n; i++) {\n            printf("%lld\\n", a * v[i] / (b * d[i]));\n        }\n    }\n    return 0;\n}')"
2025-01-23 23:23:33,768	[INFO]	Step: 50
2025-01-23 23:23:33,768	[INFO]	Stop Steps: 100
2025-01-23 23:23:35,296	[DEBUG]	EXEC>  SUCCESS 2411022.875
2025-01-23 23:23:35,296	[INFO]	REF     SUCCESS               2411022.88 (--) [0 edit(s)]  
2025-01-23 23:23:35,296	[INFO]	Best patch: 2_10_14_21
2025-01-23 23:23:35,636	[DEBUG]	EXEC>  SUCCESS 954963.3125
2025-01-23 23:23:35,636	[INFO]	BEST    SUCCESS              *954963.31 (39.61%) [0 edit(s)]  
2025-01-23 23:23:35,636	[INFO]	Best patch step: 40
2025-01-23 23:24:23,325	[INFO]	Step: 50
2025-01-23 23:24:23,325	[INFO]	Stop Steps: 100
2025-01-23 23:24:23,802	[DEBUG]	EXEC>  SUCCESS 952699.125
2025-01-23 23:24:23,802	[INFO]	5-1     SUCCESS              *952699.12 (39.51%) [4 edit(s)]  
2025-01-23 23:24:23,802	[DEBUG]	patch(5-1)="LineLLMMutation(('source.cpp', 2), '#include <cstdio>\n#include <algorithm>\n\nusing namespace std;\n\nlong long d[10], v[10];\n\nvoid compute(int n) {\n    for (int i = 2; i <= min(d[n], v[n]); i++) {\n        if (d[n] % i == 0 || v[n] % i == 0) {\n            while (d[n] % i == 0 && v[n] % i == 0) {\n                d[n] /= i;\n                v[n] /= i;\n            }\n        }\n    }\n}\n\nint main() {\n    int n;\n    while (scanf("%d", &n), n) {\n        long long a, b;\n        for (int i = 0; i < n; i++) {\n            scanf("%lld %lld", &d[i], &v[i]); // using scanf for faster input\n            compute(i);\n        }\n        a = (d[0] * d[1]) / __gcd(d[0], d[1]);\n        b = __gcd(v[0], v[1]);\n        for (int i = 2; i < n; i++) {\n            a = (a * d[i]) / __gcd(a, d[i]);\n            b = __gcd(b, v[i]);\n        }\n        for (int i = 0; i < n; i++) {\n            printf("%lld\\n", a * v[i] / (b * d[i])); // using printf for faster output\n        }\n    }\n    return 0;\n}') | LineLLMMutation(('source.cpp', 10), '#include <cstdio>\n#include <algorithm>\n\nusing namespace std;\n\nlong long d[10], v[10];\n\nvoid compute(int n) {\n    long long gcd_dv = __gcd(d[n], v[n]); // Calculate GCD once\n    d[n] /= gcd_dv; // Reduce d[n] by GCD\n    v[n] /= gcd_dv; // Reduce v[n] by GCD\n}\n\nint main() {\n    int n;\n    while (scanf("%d", &n), n) {\n        long long a, b;\n        for (int i = 0; i < n; i++) {\n            scanf("%lld %lld", &d[i], &v[i]); // using scanf for faster input\n            compute(i);\n        }\n        a = (d[0] * d[1]) / __gcd(d[0], d[1]);\n        b = __gcd(v[0], v[1]);\n        for (int i = 2; i < n; i++) {\n            a = (a * d[i]) / __gcd(a, d[i]);\n            b = __gcd(b, v[i]);\n        }\n        for (int i = 0; i < n; i++) {\n            printf("%lld\\n", a * v[i] / (b * d[i])); // using printf for faster output\n        }\n    }\n    return 0;\n}') | LineLLMMutation(('source.cpp', 14), '#include <cstdio>\n#include <algorithm>\n\nusing namespace std;\n\nlong long d[10], v[10];\n\nvoid compute(int n) {\n    long long gcd_dv = __gcd(d[n], v[n]); // Calculate GCD once\n    d[n] /= gcd_dv; // Reduce d[n] by GCD\n    v[n] /= gcd_dv; // Reduce v[n] by GCD\n}\n\nint main() {\n    int n;\n    while (scanf("%d", &n), n) {\n        long long a, b;\n        for (int i = 0; i < n; i++) {\n            scanf("%lld %lld", &d[i], &v[i]); // using scanf for faster input\n            compute(i);\n        }\n        a = d[0]; // Start with d[0] for LCM calculation\n        b = v[0]; // Start with v[0] for GCD calculation\n        for (int i = 1; i < n; i++) {\n            a = (a * d[i]) / __gcd(a, d[i]);\n            b = __gcd(b, v[i]);\n        }\n        for (int i = 0; i < n; i++) {\n            printf("%lld\\n", a * v[i] / (b * d[i])); // using printf for faster output\n        }\n    }\n    return 0;\n}') | LineLLMMutation(('source.cpp', 21), '#include <cstdio>\n#include <algorithm>\n\nusing namespace std;\n\nlong long d[10], v[10];\nlong long gcd_cache[10]; // Cache for precomputed GCD values\n\nvoid compute(int n) {\n    gcd_cache[n] = __gcd(d[n], v[n]); // Store GCD in cache\n    d[n] /= gcd_cache[n]; // Reduce d[n] by GCD\n    v[n] /= gcd_cache[n]; // Reduce v[n] by GCD\n}\n\nint main() {\n    int n;\n    while (scanf("%d", &n), n) {\n        long long a, b;\n        for (int i = 0; i < n; i++) {\n            scanf("%lld %lld", &d[i], &v[i]); // using scanf for faster input\n            compute(i);\n        }\n        a = d[0]; // Start with d[0] for LCM calculation\n        b = v[0]; // Start with v[0] for GCD calculation\n        for (int i = 1; i < n; i++) {\n            a = (a * d[i]) / __gcd(a, d[i]);\n            b = __gcd(b, v[i]);\n        }\n        for (int i = 0; i < n; i++) {\n            printf("%lld\\n", a * v[i] / (b * d[i])); // using printf for faster output\n        }\n    }\n    return 0;\n}')"

2025-01-23 23:24:23,802	[INFO]	Step: 51
2025-01-23 23:24:23,802	[INFO]	Stop Steps: 100
2025-01-23 23:24:24,145	[DEBUG]	EXEC>  SUCCESS 944915.1875
2025-01-23 23:24:24,145	[INFO]	5-2     SUCCESS              *944915.19 (39.19%) [2 edit(s)]  
2025-01-23 23:24:24,145	[DEBUG]	patch(5-2)="LineLLMCrossover(('source.cpp', 8), '#include <cstdio>\n#include <algorithm>\n\nusing namespace std;\n\nlong long d[10], v[10];\n\nlong long gcd(long long a, long long b) {\n    return b == 0 ? a : gcd(b, a % b); // Efficient recursive GCD\n}\n\nvoid compute(int n) {\n    long long gcd_dv = gcd(d[n], v[n]); // Calculate GCD once\n    d[n] /= gcd_dv; // Reduce d[n] by GCD\n    v[n] /= gcd_dv; // Reduce v[n] by GCD\n}\n\nint main() {\n    int n;\n    while (scanf("%d", &n), n) {\n        long long a, b;\n        for (int i = 0; i < n; i++) {\n            scanf("%lld %lld", &d[i], &v[i]); // using scanf for faster input\n            compute(i);\n        }\n        a = (d[0] * d[1]) / gcd(d[0], d[1]);\n        b = gcd(v[0], v[1]);\n        for (int i = 2; i < n; i++) {\n            a = (a * d[i]) / gcd(a, d[i]);\n            b = gcd(b, v[i]);\n        }\n        for (int i = 0; i < n; i++) {\n            printf("%lld\\n", a * v[i] / (b * d[i])); // using printf for faster output\n        }\n    }\n    return 0;\n}') | LineLLMMutation(('source.cpp', 24), '#include <cstdio>\n#include <algorithm>\n\nusing namespace std;\n\nlong long d[10], v[10];\n\nlong long gcd(long long a, long long b) {\n    while (b != 0) {\n        long long temp = b;\n        b = a % b;\n        a = temp;\n    }\n    return a; // Iterative GCD\n}\n\nvoid compute(int n) {\n    long long gcd_dv = gcd(d[n], v[n]); // Calculate GCD once\n    d[n] /= gcd_dv; // Reduce d[n] by GCD\n    v[n] /= gcd_dv; // Reduce v[n] by GCD\n}\n\nint main() {\n    int n;\n    while (scanf("%d", &n), n) {\n        long long a, b;\n        for (int i = 0; i < n; i++) {\n            scanf("%lld %lld", &d[i], &v[i]); // using scanf for faster input\n            compute(i);\n        }\n        a = (d[0] * d[1]) / gcd(d[0], d[1]);\n        b = gcd(v[0], v[1]);\n        for (int i = 2; i < n; i++) {\n            a = (a * d[i]) / gcd(a, d[i]);\n            b = gcd(b, v[i]);\n        }\n        for (int i = 0; i < n; i++) {\n            printf("%lld\\n", a * v[i] / (b * d[i])); // using printf for faster output\n        }\n    }\n    return 0;\n}')"

2025-01-23 23:24:24,145	[INFO]	Step: 52
2025-01-23 23:24:24,145	[INFO]	Stop Steps: 100
2025-01-23 23:24:24,487	[DEBUG]	EXEC>  SUCCESS 963046.0625
2025-01-23 23:24:24,487	[INFO]	5-3     SUCCESS               963046.06 (39.94%) [1 edit(s)]  
2025-01-23 23:24:24,487	[DEBUG]	patch(5-3)="LineLLMCrossover(('source.cpp', 16), '#include <cstdio>\n#include <algorithm>\n\nusing namespace std;\n\nlong long d[10], v[10];\n\nlong long gcd(long long a, long long b) {\n    while (b != 0) {\n        long long temp = b;\n        b = a % b;\n        a = temp;\n    }\n    return a; // Iterative GCD\n}\n\nvoid compute(int n) {\n    long long gcd_dv = gcd(d[n], v[n]); // Calculate GCD once\n    d[n] /= gcd_dv; // Reduce d[n] by GCD\n    v[n] /= gcd_dv; // Reduce v[n] by GCD\n}\n\nint main() {\n    int n;\n    while (scanf("%d", &n), n) {\n        long long a, b;\n        for (int i = 0; i < n; i++) {\n            scanf("%lld %lld", &d[i], &v[i]); // using scanf for faster input\n            compute(i);\n        }\n        a = d[0]; // Start with d[0] for LCM calculation\n        b = v[0]; // Start with v[0] for GCD calculation\n        for (int i = 1; i < n; i++) {\n            a = (a * d[i]) / gcd(a, d[i]);\n            b = gcd(b, v[i]);\n        }\n        for (int i = 0; i < n; i++) {\n            printf("%lld\\n", a * v[i] / (b * d[i])); // using printf for faster output\n        }\n    }\n    return 0;\n}')"
2025-01-23 23:24:24,487	[INFO]	Step: 53
2025-01-23 23:24:24,487	[INFO]	Stop Steps: 100
2025-01-23 23:24:24,831	[DEBUG]	EXEC>  SUCCESS 949838.625
2025-01-23 23:24:24,831	[INFO]	5-4     SUCCESS               949838.62 (39.40%) [1 edit(s)]  
2025-01-23 23:24:24,831	[DEBUG]	patch(5-4)="LineLLMCrossover(('source.cpp', 17), '#include <cstdio>\n#include <algorithm>\nusing namespace std;\n\nlong long d[10], v[10];\n\nvoid compute(int n) {\n    long long common_gcd = __gcd(d[n], v[n]); // Use built-in GCD function for optimization\n    d[n] /= common_gcd; // Reduce d[n] by GCD\n    v[n] /= common_gcd; // Reduce v[n] by GCD\n}\n\nint main() {\n    int n;\n    while (scanf("%d", &n), n) {\n        long long a = 1, b = 0; // Initialize for LCM and GCD\n        for (int i = 0; i < n; i++) {\n            scanf("%lld %lld", &d[i], &v[i]); // Using scanf for faster input\n            compute(i);\n        }\n        a = d[0]; // Start with d[0] for LCM calculation\n        b = v[0]; // Start with v[0] for GCD calculation\n        for (int i = 1; i < n; i++) {\n            a = (a * d[i]) / __gcd(a, d[i]); // Use built-in GCD function\n            b = __gcd(b, v[i]); // Use built-in GCD function\n        }\n        for (int i = 0; i < n; i++) {\n            printf("%lld\\n", a * v[i] / (b * d[i])); // Using printf for faster output\n        }\n    }\n    return 0;\n}')"
2025-01-23 23:24:24,831	[INFO]	Step: 54
2025-01-23 23:24:24,831	[INFO]	Stop Steps: 100
2025-01-23 23:24:25,016	[INFO]	5-5     TEST_CODE_ERROR       None (--) [1 edit(s)]  
2025-01-23 23:24:25,016	[DEBUG]	patch(5-5)="LineLLMCrossover(('source.cpp', 18), '#include <cstdio>\n#include <algorithm>\n\nusing namespace std;\n\nlong long d[10], v[10];\n\nlong long gcd(long long a, long long b) {\n    while (b != 0) {\n        long long temp = b;\n        b = a % b; \n        a = temp;\n    }\n    return a; // Iterative GCD implementation\n}\n\nvoid compute(int n) {\n    long long common_gcd = gcd(d[n], v[n]); // Calculate GCD once\n    d[n] /= common_gcd; // Reduce d[n] by GCD\n    v[n] /= common_gcd; // Reduce v[n] by GCD\n}\n\nint main() {\n    int n;\n    while (scanf("%d", &n), n) {\n        long long a = d[0], b = v[0]; // Initialize for LCM and GCD\n        for (int i = 0; i < n; i++) {\n            scanf("%lld %lld", &d[i], &v[i]); // using scanf for faster input\n            compute(i);\n        }\n        for (int i = 1; i < n; i++) {\n            a = (a * d[i]) / gcd(a, d[i]);\n            b = gcd(b, v[i]);\n        }\n        for (int i = 0; i < n; i++) {\n            printf("%lld\\n", a * v[i] / (b * d[i])); // using printf for faster output\n        }\n    }\n    return 0;\n}')"
2025-01-23 23:24:25,016	[INFO]	Step: 55
2025-01-23 23:24:25,016	[INFO]	Stop Steps: 100
2025-01-23 23:24:25,360	[DEBUG]	EXEC>  SUCCESS 964432.625
2025-01-23 23:24:25,360	[INFO]	5-6     SUCCESS               964432.62 (40.00%) [1 edit(s)]  
2025-01-23 23:24:25,360	[DEBUG]	patch(5-6)="LineLLMCrossover(('source.cpp', 19), '#include <cstdio>\n#include <algorithm>\n\nusing namespace std;\n\nlong long d[10], v[10];\n\nlong long gcd(long long a, long long b) {\n    while (b != 0) {\n        long long temp = b;\n        b = a % b;\n        a = temp;\n    }\n    return a; // Iterative GCD\n}\n\nvoid compute(int n) {\n    long long common_gcd = __gcd(d[n], v[n]); // Use built-in GCD function for optimization\n    d[n] /= common_gcd; // Reduce d[n] by GCD\n    v[n] /= common_gcd; // Reduce v[n] by GCD\n}\n\nint main() {\n    int n;\n    while (scanf("%d", &n), n) {\n        long long a = 1, b = 0; // Initialize for LCM and GCD\n        for (int i = 0; i < n; i++) {\n            scanf("%lld %lld", &d[i], &v[i]); // using scanf for faster input\n            compute(i);\n        }\n        a = (d[0] * d[1]) / __gcd(d[0], d[1]); // Use built-in GCD function\n        b = __gcd(v[0], v[1]); // Use built-in GCD function\n        for (int i = 2; i < n; i++) {\n            a = (a * d[i]) / __gcd(a, d[i]); // Use built-in GCD function\n            b = __gcd(b, v[i]); // Use built-in GCD function\n        }\n        for (int i = 0; i < n; i++) {\n            printf("%lld\\n", a * v[i] / (b * d[i])); // using printf for faster output\n        }\n    }\n    return 0;\n}')"
2025-01-23 23:24:25,360	[INFO]	Step: 56
2025-01-23 23:24:25,361	[INFO]	Stop Steps: 100
2025-01-23 23:24:25,707	[DEBUG]	EXEC>  SUCCESS 985662.125
2025-01-23 23:24:25,707	[INFO]	5-7     SUCCESS               985662.12 (40.88%) [5 edit(s)]  
2025-01-23 23:24:25,707	[DEBUG]	patch(5-7)="LineLLMMutation(('source.cpp', 2), '#include <cstdio>\n#include <algorithm>\n\nusing namespace std;\n\nlong long d[10], v[10];\n\nvoid compute(int n) {\n    for (int i = 2; i <= min(d[n], v[n]); i++) {\n        if (d[n] % i == 0 || v[n] % i == 0) {\n            while (d[n] % i == 0 && v[n] % i == 0) {\n                d[n] /= i;\n                v[n] /= i;\n            }\n        }\n    }\n}\n\nint main() {\n    int n;\n    while (scanf("%d", &n), n) {\n        long long a, b;\n        for (int i = 0; i < n; i++) {\n            scanf("%lld %lld", &d[i], &v[i]); // using scanf for faster input\n            compute(i);\n        }\n        a = (d[0] * d[1]) / __gcd(d[0], d[1]);\n        b = __gcd(v[0], v[1]);\n        for (int i = 2; i < n; i++) {\n            a = (a * d[i]) / __gcd(a, d[i]);\n            b = __gcd(b, v[i]);\n        }\n        for (int i = 0; i < n; i++) {\n            printf("%lld\\n", a * v[i] / (b * d[i])); // using printf for faster output\n        }\n    }\n    return 0;\n}') | LineLLMMutation(('source.cpp', 10), '#include <cstdio>\n#include <algorithm>\n\nusing namespace std;\n\nlong long d[10], v[10];\n\nvoid compute(int n) {\n    long long gcd_dv = __gcd(d[n], v[n]); // Calculate GCD once\n    d[n] /= gcd_dv; // Reduce d[n] by GCD\n    v[n] /= gcd_dv; // Reduce v[n] by GCD\n}\n\nint main() {\n    int n;\n    while (scanf("%d", &n), n) {\n        long long a, b;\n        for (int i = 0; i < n; i++) {\n            scanf("%lld %lld", &d[i], &v[i]); // using scanf for faster input\n            compute(i);\n        }\n        a = (d[0] * d[1]) / __gcd(d[0], d[1]);\n        b = __gcd(v[0], v[1]);\n        for (int i = 2; i < n; i++) {\n            a = (a * d[i]) / __gcd(a, d[i]);\n            b = __gcd(b, v[i]);\n        }\n        for (int i = 0; i < n; i++) {\n            printf("%lld\\n", a * v[i] / (b * d[i])); // using printf for faster output\n        }\n    }\n    return 0;\n}') | LineLLMMutation(('source.cpp', 14), '#include <cstdio>\n#include <algorithm>\n\nusing namespace std;\n\nlong long d[10], v[10];\n\nvoid compute(int n) {\n    long long gcd_dv = __gcd(d[n], v[n]); // Calculate GCD once\n    d[n] /= gcd_dv; // Reduce d[n] by GCD\n    v[n] /= gcd_dv; // Reduce v[n] by GCD\n}\n\nint main() {\n    int n;\n    while (scanf("%d", &n), n) {\n        long long a, b;\n        for (int i = 0; i < n; i++) {\n            scanf("%lld %lld", &d[i], &v[i]); // using scanf for faster input\n            compute(i);\n        }\n        a = d[0]; // Start with d[0] for LCM calculation\n        b = v[0]; // Start with v[0] for GCD calculation\n        for (int i = 1; i < n; i++) {\n            a = (a * d[i]) / __gcd(a, d[i]);\n            b = __gcd(b, v[i]);\n        }\n        for (int i = 0; i < n; i++) {\n            printf("%lld\\n", a * v[i] / (b * d[i])); // using printf for faster output\n        }\n    }\n    return 0;\n}') | LineLLMMutation(('source.cpp', 21), '#include <cstdio>\n#include <algorithm>\n\nusing namespace std;\n\nlong long d[10], v[10];\nlong long gcd_cache[10]; // Cache for precomputed GCD values\n\nvoid compute(int n) {\n    gcd_cache[n] = __gcd(d[n], v[n]); // Store GCD in cache\n    d[n] /= gcd_cache[n]; // Reduce d[n] by GCD\n    v[n] /= gcd_cache[n]; // Reduce v[n] by GCD\n}\n\nint main() {\n    int n;\n    while (scanf("%d", &n), n) {\n        long long a, b;\n        for (int i = 0; i < n; i++) {\n            scanf("%lld %lld", &d[i], &v[i]); // using scanf for faster input\n            compute(i);\n        }\n        a = d[0]; // Start with d[0] for LCM calculation\n        b = v[0]; // Start with v[0] for GCD calculation\n        for (int i = 1; i < n; i++) {\n            a = (a * d[i]) / __gcd(a, d[i]);\n            b = __gcd(b, v[i]);\n        }\n        for (int i = 0; i < n; i++) {\n            printf("%lld\\n", a * v[i] / (b * d[i])); // using printf for faster output\n        }\n    }\n    return 0;\n}') | LineLLMMutation(('source.cpp', 26), '#include <cstdio>\n#include <algorithm>\n\nusing namespace std;\n\nlong long d[10], v[10];\n\nint main() {\n    int n;\n    while (scanf("%d", &n), n) {\n        long long a, b;\n        for (int i = 0; i < n; i++) {\n            scanf("%lld %lld", &d[i], &v[i]); // using scanf for faster input\n            long long gcd_value = __gcd(d[i], v[i]); // Compute GCD immediately\n            d[i] /= gcd_value; // Reduce d[i] by GCD\n            v[i] /= gcd_value; // Reduce v[i] by GCD\n        }\n        a = d[0]; // Start with d[0] for LCM calculation\n        b = v[0]; // Start with v[0] for GCD calculation\n        for (int i = 1; i < n; i++) {\n            a = (a * d[i]) / __gcd(a, d[i]);\n            b = __gcd(b, v[i]);\n        }\n        for (int i = 0; i < n; i++) {\n            printf("%lld\\n", a * v[i] / (b * d[i])); // using printf for faster output\n        }\n    }\n    return 0;\n}')"
2025-01-23 23:24:25,708	[INFO]	Step: 57
2025-01-23 23:24:25,708	[INFO]	Stop Steps: 100
2025-01-23 23:24:26,047	[DEBUG]	EXEC>  SUCCESS 945149.3125
2025-01-23 23:24:26,047	[INFO]	5-8     SUCCESS               945149.31 (39.20%) [3 edit(s)]  
2025-01-23 23:24:26,047	[DEBUG]	patch(5-8)="LineLLMCrossover(('source.cpp', 8), '#include <cstdio>\n#include <algorithm>\n\nusing namespace std;\n\nlong long d[10], v[10];\n\nlong long gcd(long long a, long long b) {\n    return b == 0 ? a : gcd(b, a % b); // Efficient recursive GCD\n}\n\nvoid compute(int n) {\n    long long gcd_dv = gcd(d[n], v[n]); // Calculate GCD once\n    d[n] /= gcd_dv; // Reduce d[n] by GCD\n    v[n] /= gcd_dv; // Reduce v[n] by GCD\n}\n\nint main() {\n    int n;\n    while (scanf("%d", &n), n) {\n        long long a, b;\n        for (int i = 0; i < n; i++) {\n            scanf("%lld %lld", &d[i], &v[i]); // using scanf for faster input\n            compute(i);\n        }\n        a = (d[0] * d[1]) / gcd(d[0], d[1]);\n        b = gcd(v[0], v[1]);\n        for (int i = 2; i < n; i++) {\n            a = (a * d[i]) / gcd(a, d[i]);\n            b = gcd(b, v[i]);\n        }\n        for (int i = 0; i < n; i++) {\n            printf("%lld\\n", a * v[i] / (b * d[i])); // using printf for faster output\n        }\n    }\n    return 0;\n}') | LineLLMMutation(('source.cpp', 24), '#include <cstdio>\n#include <algorithm>\n\nusing namespace std;\n\nlong long d[10], v[10];\n\nlong long gcd(long long a, long long b) {\n    while (b != 0) {\n        long long temp = b;\n        b = a % b;\n        a = temp;\n    }\n    return a; // Iterative GCD\n}\n\nvoid compute(int n) {\n    long long gcd_dv = gcd(d[n], v[n]); // Calculate GCD once\n    d[n] /= gcd_dv; // Reduce d[n] by GCD\n    v[n] /= gcd_dv; // Reduce v[n] by GCD\n}\n\nint main() {\n    int n;\n    while (scanf("%d", &n), n) {\n        long long a, b;\n        for (int i = 0; i < n; i++) {\n            scanf("%lld %lld", &d[i], &v[i]); // using scanf for faster input\n            compute(i);\n        }\n        a = (d[0] * d[1]) / gcd(d[0], d[1]);\n        b = gcd(v[0], v[1]);\n        for (int i = 2; i < n; i++) {\n            a = (a * d[i]) / gcd(a, d[i]);\n            b = gcd(b, v[i]);\n        }\n        for (int i = 0; i < n; i++) {\n            printf("%lld\\n", a * v[i] / (b * d[i])); // using printf for faster output\n        }\n    }\n    return 0;\n}') | LineLLMMutation(('source.cpp', 27), '#include <cstdio>\n#include <algorithm>\n\nusing namespace std;\n\nlong long d[10], v[10];\n\nlong long gcd(long long a, long long b) {\n    while (b != 0) {\n        long long temp = b;\n        b = a % b;\n        a = temp;\n    }\n    return a; // Iterative GCD\n}\n\nvoid compute(int n) {\n    long long gcd_dv = gcd(d[n], v[n]); // Calculate GCD once\n    d[n] /= gcd_dv; // Reduce d[n] by GCD\n    v[n] /= gcd_dv; // Reduce v[n] by GCD\n}\n\nint main() {\n    int n;\n    while (scanf("%d", &n), n) {\n        long long a, b;\n        for (int i = 0; i < n; i++) {\n            scanf("%lld %lld", &d[i], &v[i]); // using scanf for faster input\n            compute(i);\n        }\n        a = d[0]; // Initialize a directly with d[0]\n        b = v[0]; // Initialize b directly with v[0]\n        for (int i = 1; i < n; i++) { // Start loop from 1\n            a = (a * d[i]) / gcd(a, d[i]);\n            b = gcd(b, v[i]);\n        }\n        for (int i = 0; i < n; i++) {\n            printf("%lld\\n", a * v[i] / (b * d[i])); // using printf for faster output\n        }\n    }\n    return 0;\n}')"
2025-01-23 23:24:26,047	[INFO]	Step: 58
2025-01-23 23:24:26,047	[INFO]	Stop Steps: 100
2025-01-23 23:24:26,396	[DEBUG]	EXEC>  SUCCESS 985278.625
2025-01-23 23:24:26,396	[INFO]	5-9     SUCCESS               985278.62 (40.87%) [2 edit(s)]  
2025-01-23 23:24:26,396	[DEBUG]	patch(5-9)="LineLLMCrossover(('source.cpp', 15), '#include <cstdio>\n#include <algorithm>\n\nusing namespace std;\n\nlong long d[10], v[10];\n\nlong long gcd(long long a, long long b) {\n    while (b) {\n        long long temp = b;\n        b = a % b; \n        a = temp;\n    }\n    return a; // Iterative GCD implementation\n}\n\nvoid compute(int n) {\n    long long common_gcd = gcd(d[n], v[n]); // Calculate GCD once\n    d[n] /= common_gcd; // Reduce d[n] by GCD\n    v[n] /= common_gcd; // Reduce v[n] by GCD\n}\n\nint main() {\n    int n;\n    while (scanf("%d", &n), n) {\n        long long a = 1, b = 0; // Initialize for LCM and GCD\n        for (int i = 0; i < n; i++) {\n            scanf("%lld %lld", &d[i], &v[i]); // using scanf for faster input\n            compute(i);\n        }\n        a = d[0]; // Start with d[0] for LCM calculation\n        b = v[0]; // Start with v[0] for GCD calculation\n        for (int i = 1; i < n; i++) {\n            a = (a * d[i]) / gcd(a, d[i]);\n            b = gcd(b, v[i]);\n        }\n        for (int i = 0; i < n; i++) {\n            printf("%lld\\n", a * v[i] / (b * d[i])); // using printf for faster output\n        }\n    }\n    return 0;\n}') | LineLLMMutation(('source.cpp', 28), '#include <cstdio>\n#include <algorithm>\n\nusing namespace std;\n\nlong long d[10], v[10];\n\nvoid compute(int n) {\n    long long common_gcd = __gcd(d[n], v[n]); // Use built-in GCD function\n    d[n] /= common_gcd; // Reduce d[n] by GCD\n    v[n] /= common_gcd; // Reduce v[n] by GCD\n}\n\nint main() {\n    int n;\n    while (scanf("%d", &n), n) {\n        long long a = 1, b = 0; // Initialize for LCM and GCD\n        for (int i = 0; i < n; i++) {\n            scanf("%lld %lld", &d[i], &v[i]); // using scanf for faster input\n            compute(i);\n        }\n        a = d[0]; // Start with d[0] for LCM calculation\n        b = v[0]; // Start with v[0] for GCD calculation\n        for (int i = 1; i < n; i++) {\n            a = (a * d[i]) / __gcd(a, d[i]); // Use built-in GCD function\n            b = __gcd(b, v[i]); // Use built-in GCD function\n        }\n        for (int i = 0; i < n; i++) {\n            printf("%lld\\n", a * v[i] / (b * d[i])); // using printf for faster output\n        }\n    }\n    return 0;\n}')"
2025-01-23 23:24:26,396	[INFO]	Step: 59
2025-01-23 23:24:26,396	[INFO]	Stop Steps: 100
2025-01-23 23:24:28,794	[INFO]	5-10    TEST_CODE_ERROR       None (--) [4 edit(s)]  
2025-01-23 23:24:28,794	[DEBUG]	patch(5-10)="LineLLMCrossover(('source.cpp', 4), '#include <cstdio>\n#include <algorithm>\nusing namespace std;\n\nlong long d[10], v[10];\n\nlong long gcd(long long a, long long b) {\n    return b == 0 ? a : gcd(b, a % b); // Efficient recursive GCD\n}\n\nvoid compute(int n) {\n    long long common_gcd = gcd(d[n], v[n]); // Calculate GCD once\n    d[n] /= common_gcd; // Reduce d[n] by GCD\n    v[n] /= common_gcd; // Reduce v[n] by GCD\n}\n\nint main() {\n    int n;\n    while (scanf("%d", &n), n) {\n        long long a, b;\n        for (int i = 0; i < n; i++) {\n            scanf("%lld %lld", &d[i], &v[i]); // Using scanf for faster input\n            compute(i);\n        }\n        a = (d[0] * d[1]) / gcd(d[0], d[1]);\n        b = gcd(v[0], v[1]);\n        for (int i = 2; i < n; i++) {\n            a = (a * d[i]) / gcd(a, d[i]);\n            b = gcd(b, v[i]);\n        }\n        for (int i = 0; i < n; i++) {\n            printf("%lld\\n", a * v[i] / (b * d[i])); // Using printf for faster output\n        }\n    }\n    return 0;\n}') | LineLLMMutation(('source.cpp', 20), '#include <cstdio>\n#include <algorithm>\nusing namespace std;\n\nlong long d[10], v[10];\n\nlong long gcd(long long a, long long b) {\n    while (b) {\n        long long temp = b;\n        b = a % b;\n        a = temp;\n    }\n    return a; // Iterative GCD implementation\n}\n\nvoid compute(int n) {\n    long long common_gcd = gcd(d[n], v[n]); // Calculate GCD once\n    d[n] /= common_gcd; // Reduce d[n] by GCD\n    v[n] /= common_gcd; // Reduce v[n] by GCD\n}\n\nint main() {\n    int n;\n    while (scanf("%d", &n), n) {\n        long long a, b;\n        for (int i = 0; i < n; i++) {\n            scanf("%lld %lld", &d[i], &v[i]); // Using scanf for faster input\n            compute(i);\n        }\n        a = (d[0] * d[1]) / gcd(d[0], d[1]);\n        b = gcd(v[0], v[1]);\n        for (int i = 2; i < n; i++) {\n            a = (a * d[i]) / gcd(a, d[i]);\n            b = gcd(b, v[i]);\n        }\n        for (int i = 0; i < n; i++) {\n            printf("%lld\\n", a * v[i] / (b * d[i])); // Using printf for faster output\n        }\n    }\n    return 0;\n}') | LineLLMMutation(('source.cpp', 23), '#include <cstdio>\n#include <algorithm>\nusing namespace std;\n\nlong long d[10], v[10];\n\nvoid compute(int n) {\n    long long common_gcd = __gcd(d[n], v[n]); // Use built-in GCD function for optimization\n    d[n] /= common_gcd; // Reduce d[n] by GCD\n    v[n] /= common_gcd; // Reduce v[n] by GCD\n}\n\nint main() {\n    int n;\n    while (scanf("%d", &n), n) {\n        long long a, b;\n        for (int i = 0; i < n; i++) {\n            scanf("%lld %lld", &d[i], &v[i]); // Using scanf for faster input\n            compute(i);\n        }\n        a = (d[0] * d[1]) / __gcd(d[0], d[1]); // Use built-in GCD function\n        b = __gcd(v[0], v[1]); // Use built-in GCD function\n        for (int i = 2; i < n; i++) {\n            a = (a * d[i]) / __gcd(a, d[i]); // Use built-in GCD function\n            b = __gcd(b, v[i]); // Use built-in GCD function\n        }\n        for (int i = 0; i < n; i++) {\n            printf("%lld\\n", a * v[i] / (b * d[i])); // Using printf for faster output\n        }\n    }\n    return 0;\n}') | LineLLMMutation(('source.cpp', 29), '#include <cstdio>\n#include <algorithm>\nusing namespace std;\n\nlong long d[10], v[10];\nlong long gcd_cache[10][10]; // Cache for GCD results\n\nlong long gcd(long long a, long long b) {\n    if (gcd_cache[a][b] != 0) return gcd_cache[a][b]; // Return cached result\n    long long result = __gcd(a, b);\n    gcd_cache[a][b] = result; // Store the result in cache\n    return result;\n}\n\nvoid compute(int n) {\n    long long common_gcd = gcd(d[n], v[n]); // Use cached GCD function\n    d[n] /= common_gcd; // Reduce d[n] by GCD\n    v[n] /= common_gcd; // Reduce v[n] by GCD\n}\n\nint main() {\n    int n;\n    while (scanf("%d", &n), n) {\n        long long a, b;\n        for (int i = 0; i < n; i++) {\n            scanf("%lld %lld", &d[i], &v[i]); // Using scanf for faster input\n            compute(i);\n        }\n        a = (d[0] * d[1]) / gcd(d[0], d[1]); // Use cached GCD function\n        b = gcd(v[0], v[1]); // Use cached GCD function\n        for (int i = 2; i < n; i++) {\n            a = (a * d[i]) / gcd(a, d[i]); // Use cached GCD function\n            b = gcd(b, v[i]); // Use cached GCD function\n        }\n        for (int i = 0; i < n; i++) {\n            printf("%lld\\n", a * v[i] / (b * d[i])); // Using printf for faster output\n        }\n    }\n    return 0;\n}')"
2025-01-23 23:24:28,794	[INFO]	Step: 60
2025-01-23 23:24:28,794	[INFO]	Stop Steps: 100
2025-01-23 23:24:30,444	[DEBUG]	EXEC>  SUCCESS 2420115.75
2025-01-23 23:24:30,445	[INFO]	REF     SUCCESS               2420115.75 (--) [0 edit(s)]  
2025-01-23 23:24:30,445	[INFO]	Best patch: 8_24
2025-01-23 23:24:30,790	[DEBUG]	EXEC>  SUCCESS 950638.0625
2025-01-23 23:24:30,790	[INFO]	BEST    SUCCESS              *950638.06 (39.28%) [0 edit(s)]  
2025-01-23 23:24:30,791	[INFO]	Best patch step: 51
2025-01-23 23:25:22,938	[INFO]	Step: 60
2025-01-23 23:25:22,938	[INFO]	Stop Steps: 100
2025-01-23 23:25:23,417	[DEBUG]	EXEC>  SUCCESS 950877.375
2025-01-23 23:25:23,417	[INFO]	6-1     SUCCESS              +950877.38 (39.29%) [2 edit(s)]  
2025-01-23 23:25:23,417	[DEBUG]	patch(6-1)="LineLLMCrossover(('source.cpp', 8), '#include <cstdio>\n#include <algorithm>\n\nusing namespace std;\n\nlong long d[10], v[10];\n\nlong long gcd(long long a, long long b) {\n    return b == 0 ? a : gcd(b, a % b); // Efficient recursive GCD\n}\n\nvoid compute(int n) {\n    long long gcd_dv = gcd(d[n], v[n]); // Calculate GCD once\n    d[n] /= gcd_dv; // Reduce d[n] by GCD\n    v[n] /= gcd_dv; // Reduce v[n] by GCD\n}\n\nint main() {\n    int n;\n    while (scanf("%d", &n), n) {\n        long long a, b;\n        for (int i = 0; i < n; i++) {\n            scanf("%lld %lld", &d[i], &v[i]); // using scanf for faster input\n            compute(i);\n        }\n        a = (d[0] * d[1]) / gcd(d[0], d[1]);\n        b = gcd(v[0], v[1]);\n        for (int i = 2; i < n; i++) {\n            a = (a * d[i]) / gcd(a, d[i]);\n            b = gcd(b, v[i]);\n        }\n        for (int i = 0; i < n; i++) {\n            printf("%lld\\n", a * v[i] / (b * d[i])); // using printf for faster output\n        }\n    }\n    return 0;\n}') | LineLLMMutation(('source.cpp', 24), '#include <cstdio>\n#include <algorithm>\n\nusing namespace std;\n\nlong long d[10], v[10];\n\nlong long gcd(long long a, long long b) {\n    while (b != 0) {\n        long long temp = b;\n        b = a % b;\n        a = temp;\n    }\n    return a; // Iterative GCD\n}\n\nvoid compute(int n) {\n    long long gcd_dv = gcd(d[n], v[n]); // Calculate GCD once\n    d[n] /= gcd_dv; // Reduce d[n] by GCD\n    v[n] /= gcd_dv; // Reduce v[n] by GCD\n}\n\nint main() {\n    int n;\n    while (scanf("%d", &n), n) {\n        long long a, b;\n        for (int i = 0; i < n; i++) {\n            scanf("%lld %lld", &d[i], &v[i]); // using scanf for faster input\n            compute(i);\n        }\n        a = (d[0] * d[1]) / gcd(d[0], d[1]);\n        b = gcd(v[0], v[1]);\n        for (int i = 2; i < n; i++) {\n            a = (a * d[i]) / gcd(a, d[i]);\n            b = gcd(b, v[i]);\n        }\n        for (int i = 0; i < n; i++) {\n            printf("%lld\\n", a * v[i] / (b * d[i])); // using printf for faster output\n        }\n    }\n    return 0;\n}')"
2025-01-23 23:25:23,417	[INFO]	Step: 61
2025-01-23 23:25:23,417	[INFO]	Stop Steps: 100
2025-01-23 23:25:23,759	[DEBUG]	EXEC>  SUCCESS 954017.9375
2025-01-23 23:25:23,759	[INFO]	6-2     SUCCESS               954017.94 (39.42%) [3 edit(s)]  
2025-01-23 23:25:23,759	[DEBUG]	patch(6-2)="LineLLMCrossover(('source.cpp', 8), '#include <cstdio>\n#include <algorithm>\n\nusing namespace std;\n\nlong long d[10], v[10];\n\nlong long gcd(long long a, long long b) {\n    return b == 0 ? a : gcd(b, a % b); // Efficient recursive GCD\n}\n\nvoid compute(int n) {\n    long long gcd_dv = gcd(d[n], v[n]); // Calculate GCD once\n    d[n] /= gcd_dv; // Reduce d[n] by GCD\n    v[n] /= gcd_dv; // Reduce v[n] by GCD\n}\n\nint main() {\n    int n;\n    while (scanf("%d", &n), n) {\n        long long a, b;\n        for (int i = 0; i < n; i++) {\n            scanf("%lld %lld", &d[i], &v[i]); // using scanf for faster input\n            compute(i);\n        }\n        a = (d[0] * d[1]) / gcd(d[0], d[1]);\n        b = gcd(v[0], v[1]);\n        for (int i = 2; i < n; i++) {\n            a = (a * d[i]) / gcd(a, d[i]);\n            b = gcd(b, v[i]);\n        }\n        for (int i = 0; i < n; i++) {\n            printf("%lld\\n", a * v[i] / (b * d[i])); // using printf for faster output\n        }\n    }\n    return 0;\n}') | LineLLMMutation(('source.cpp', 24), '#include <cstdio>\n#include <algorithm>\n\nusing namespace std;\n\nlong long d[10], v[10];\n\nlong long gcd(long long a, long long b) {\n    while (b != 0) {\n        long long temp = b;\n        b = a % b;\n        a = temp;\n    }\n    return a; // Iterative GCD\n}\n\nvoid compute(int n) {\n    long long gcd_dv = gcd(d[n], v[n]); // Calculate GCD once\n    d[n] /= gcd_dv; // Reduce d[n] by GCD\n    v[n] /= gcd_dv; // Reduce v[n] by GCD\n}\n\nint main() {\n    int n;\n    while (scanf("%d", &n), n) {\n        long long a, b;\n        for (int i = 0; i < n; i++) {\n            scanf("%lld %lld", &d[i], &v[i]); // using scanf for faster input\n            compute(i);\n        }\n        a = (d[0] * d[1]) / gcd(d[0], d[1]);\n        b = gcd(v[0], v[1]);\n        for (int i = 2; i < n; i++) {\n            a = (a * d[i]) / gcd(a, d[i]);\n            b = gcd(b, v[i]);\n        }\n        for (int i = 0; i < n; i++) {\n            printf("%lld\\n", a * v[i] / (b * d[i])); // using printf for faster output\n        }\n    }\n    return 0;\n}') | LineLLMMutation(('source.cpp', 27), '#include <cstdio>\n#include <algorithm>\n\nusing namespace std;\n\nlong long d[10], v[10];\n\nlong long gcd(long long a, long long b) {\n    while (b != 0) {\n        long long temp = b;\n        b = a % b;\n        a = temp;\n    }\n    return a; // Iterative GCD\n}\n\nvoid compute(int n) {\n    long long gcd_dv = gcd(d[n], v[n]); // Calculate GCD once\n    d[n] /= gcd_dv; // Reduce d[n] by GCD\n    v[n] /= gcd_dv; // Reduce v[n] by GCD\n}\n\nint main() {\n    int n;\n    while (scanf("%d", &n), n) {\n        long long a, b;\n        for (int i = 0; i < n; i++) {\n            scanf("%lld %lld", &d[i], &v[i]); // using scanf for faster input\n            compute(i);\n        }\n        a = d[0]; // Initialize a directly with d[0]\n        b = v[0]; // Initialize b directly with v[0]\n        for (int i = 1; i < n; i++) { // Start loop from 1\n            a = (a * d[i]) / gcd(a, d[i]);\n            b = gcd(b, v[i]);\n        }\n        for (int i = 0; i < n; i++) {\n            printf("%lld\\n", a * v[i] / (b * d[i])); // using printf for faster output\n        }\n    }\n    return 0;\n}')"
2025-01-23 23:25:23,759	[INFO]	Step: 62
2025-01-23 23:25:23,759	[INFO]	Stop Steps: 100
2025-01-23 23:25:24,106	[DEBUG]	EXEC>  SUCCESS 955653.8125
2025-01-23 23:25:24,106	[INFO]	6-3     SUCCESS               955653.81 (39.49%) [1 edit(s)]  
2025-01-23 23:25:24,106	[DEBUG]	patch(6-3)="LineLLMCrossover(('source.cpp', 20), '#include <cstdio>\n#include <algorithm>\n\nusing namespace std;\n\nlong long d[10], v[10];\nlong long gcd_cache[10]; // Cache for precomputed GCD values\n\nlong long gcd(long long a, long long b) {\n    while (b != 0) {\n        long long temp = b;\n        b = a % b;\n        a = temp;\n    }\n    return a; // Iterative GCD\n}\n\nvoid compute(int n) {\n    gcd_cache[n] = gcd(d[n], v[n]); // Store GCD in cache\n    d[n] /= gcd_cache[n]; // Reduce d[n] by GCD\n    v[n] /= gcd_cache[n]; // Reduce v[n] by GCD\n}\n\nint main() {\n    int n;\n    while (scanf("%d", &n), n) {\n        long long a, b;\n        for (int i = 0; i < n; i++) {\n            scanf("%lld %lld", &d[i], &v[i]); // using scanf for faster input\n            compute(i);\n        }\n        a = d[0]; // Initialize a directly with d[0]\n        b = v[0]; // Initialize b directly with v[0]\n        for (int i = 1; i < n; i++) { // Start loop from 1\n            a = (a * d[i]) / gcd(a, d[i]);\n            b = gcd(b, v[i]);\n        }\n        for (int i = 0; i < n; i++) {\n            printf("%lld\\n", a * v[i] / (b * d[i])); // using printf for faster output\n        }\n    }\n    return 0;\n}')"
2025-01-23 23:25:24,106	[INFO]	Step: 63
2025-01-23 23:25:24,106	[INFO]	Stop Steps: 100
2025-01-23 23:25:24,453	[DEBUG]	EXEC>  SUCCESS 958094.75
2025-01-23 23:25:24,453	[INFO]	6-4     SUCCESS               958094.75 (39.59%) [1 edit(s)]  
2025-01-23 23:25:24,453	[DEBUG]	patch(6-4)="LineLLMCrossover(('source.cpp', 21), '#include <cstdio>\n#include <algorithm>\nusing namespace std;\n\nlong long d[10], v[10];\n\nvoid compute(int n) {\n    long long common_gcd = __gcd(d[n], v[n]); // Use built-in GCD function for optimization\n    d[n] /= common_gcd; // Reduce d[n] by GCD\n    v[n] /= common_gcd; // Reduce v[n] by GCD\n}\n\nint main() {\n    int n;\n    while (scanf("%d", &n), n) {\n        long long a = 1, b = 0; // Initialize for LCM and GCD\n        for (int i = 0; i < n; i++) {\n            scanf("%lld %lld", &d[i], &v[i]); // Using scanf for faster input\n            compute(i);\n        }\n        a = d[0]; // Start with d[0] for LCM calculation\n        b = v[0]; // Start with v[0] for GCD calculation\n        for (int i = 1; i < n; i++) {\n            a = (a * d[i]) / __gcd(a, d[i]); // Use built-in GCD function\n            b = __gcd(b, v[i]); // Use built-in GCD function\n        }\n        for (int i = 0; i < n; i++) {\n            printf("%lld\\n", a * v[i] / (b * d[i])); // Using printf for faster output\n        }\n    }\n    return 0;\n}')"
2025-01-23 23:25:24,453	[INFO]	Step: 64
2025-01-23 23:25:24,453	[INFO]	Stop Steps: 100
2025-01-23 23:25:24,640	[INFO]	6-5     TEST_CODE_ERROR       None (--) [1 edit(s)]  
2025-01-23 23:25:24,640	[DEBUG]	patch(6-5)="LineLLMCrossover(('source.cpp', 22), '#include <cstdio>\n#include <algorithm>\n\nusing namespace std;\n\nlong long d[10], v[10];\nlong long gcd_cache[10]; // Cache for precomputed GCD values\n\nvoid compute(int n) {\n    gcd_cache[n] = __gcd(d[n], v[n]); // Store GCD in cache\n    d[n] /= gcd_cache[n]; // Reduce d[n] by GCD\n    v[n] /= gcd_cache[n]; // Reduce v[n] by GCD\n}\n\nint main() {\n    int n;\n    while (scanf("%d", &n), n) {\n        long long a = d[0], b = v[0]; // Initialize directly with first elements\n        for (int i = 0; i < n; i++) {\n            scanf("%lld %lld", &d[i], &v[i]); // using scanf for faster input\n            compute(i);\n        }\n        for (int i = 1; i < n; i++) {\n            a = (a * d[i]) / __gcd(a, d[i]);\n            b = __gcd(b, v[i]);\n        }\n        for (int i = 0; i < n; i++) {\n            printf("%lld\\n", a * v[i] / (b * d[i])); // using printf for faster output\n        }\n    }\n    return 0;\n}')"
2025-01-23 23:25:24,640	[INFO]	Step: 65
2025-01-23 23:25:24,640	[INFO]	Stop Steps: 100
2025-01-23 23:25:24,979	[DEBUG]	EXEC>  SUCCESS 951664.5
2025-01-23 23:25:24,979	[INFO]	6-6     SUCCESS               951664.50 (39.32%) [1 edit(s)]  
2025-01-23 23:25:24,979	[DEBUG]	patch(6-6)="LineLLMCrossover(('source.cpp', 23), '#include <cstdio>\n#include <algorithm>\nusing namespace std;\n\nlong long d[10], v[10];\n\nlong long gcd(long long a, long long b) {\n    while (b != 0) {\n        long long temp = b;\n        b = a % b;\n        a = temp;\n    }\n    return a; // Iterative GCD\n}\n\nint main() {\n    int n;\n    while (scanf("%d", &n), n) {\n        long long a, b;\n        for (int i = 0; i < n; i++) {\n            scanf("%lld %lld", &d[i], &v[i]); // using scanf for faster input\n        }\n        a = d[0]; // Start with d[0] for LCM calculation\n        b = v[0]; // Start with v[0] for GCD calculation\n        for (int i = 1; i < n; i++) {\n            long long common_gcd = gcd(d[i], v[i]); // Calculate GCD\n            d[i] /= common_gcd; // Reduce d[i] by GCD\n            v[i] /= common_gcd; // Reduce v[i] by GCD\n            a = (a * d[i]) / gcd(a, d[i]); // Use calculated GCD\n            b = gcd(b, v[i]);\n        }\n        for (int i = 0; i < n; i++) {\n            printf("%lld\\n", a * v[i] / (b * d[i])); // using printf for faster output\n        }\n    }\n    return 0;\n}')"
2025-01-23 23:25:24,979	[INFO]	Step: 66
2025-01-23 23:25:24,979	[INFO]	Stop Steps: 100
2025-01-23 23:25:25,324	[DEBUG]	EXEC>  SUCCESS 943555.0625
2025-01-23 23:25:25,324	[INFO]	6-7     SUCCESS              *943555.06 (38.99%) [3 edit(s)]  
2025-01-23 23:25:25,324	[DEBUG]	patch(6-7)="LineLLMCrossover(('source.cpp', 8), '#include <cstdio>\n#include <algorithm>\n\nusing namespace std;\n\nlong long d[10], v[10];\n\nlong long gcd(long long a, long long b) {\n    return b == 0 ? a : gcd(b, a % b); // Efficient recursive GCD\n}\n\nvoid compute(int n) {\n    long long gcd_dv = gcd(d[n], v[n]); // Calculate GCD once\n    d[n] /= gcd_dv; // Reduce d[n] by GCD\n    v[n] /= gcd_dv; // Reduce v[n] by GCD\n}\n\nint main() {\n    int n;\n    while (scanf("%d", &n), n) {\n        long long a, b;\n        for (int i = 0; i < n; i++) {\n            scanf("%lld %lld", &d[i], &v[i]); // using scanf for faster input\n            compute(i);\n        }\n        a = (d[0] * d[1]) / gcd(d[0], d[1]);\n        b = gcd(v[0], v[1]);\n        for (int i = 2; i < n; i++) {\n            a = (a * d[i]) / gcd(a, d[i]);\n            b = gcd(b, v[i]);\n        }\n        for (int i = 0; i < n; i++) {\n            printf("%lld\\n", a * v[i] / (b * d[i])); // using printf for faster output\n        }\n    }\n    return 0;\n}') | LineLLMMutation(('source.cpp', 24), '#include <cstdio>\n#include <algorithm>\n\nusing namespace std;\n\nlong long d[10], v[10];\n\nlong long gcd(long long a, long long b) {\n    while (b != 0) {\n        long long temp = b;\n        b = a % b;\n        a = temp;\n    }\n    return a; // Iterative GCD\n}\n\nvoid compute(int n) {\n    long long gcd_dv = gcd(d[n], v[n]); // Calculate GCD once\n    d[n] /= gcd_dv; // Reduce d[n] by GCD\n    v[n] /= gcd_dv; // Reduce v[n] by GCD\n}\n\nint main() {\n    int n;\n    while (scanf("%d", &n), n) {\n        long long a, b;\n        for (int i = 0; i < n; i++) {\n            scanf("%lld %lld", &d[i], &v[i]); // using scanf for faster input\n            compute(i);\n        }\n        a = (d[0] * d[1]) / gcd(d[0], d[1]);\n        b = gcd(v[0], v[1]);\n        for (int i = 2; i < n; i++) {\n            a = (a * d[i]) / gcd(a, d[i]);\n            b = gcd(b, v[i]);\n        }\n        for (int i = 0; i < n; i++) {\n            printf("%lld\\n", a * v[i] / (b * d[i])); // using printf for faster output\n        }\n    }\n    return 0;\n}') | LineLLMMutation(('source.cpp', 30), '#include <cstdio>\n#include <algorithm>\n\nusing namespace std;\n\nlong long d[10], v[10];\n\n// Optimized GCD function using the Euclidean algorithm\nlong long gcd(long long a, long long b) {\n    return b == 0 ? a : gcd(b, a % b); // Recursive GCD\n}\n\nvoid compute(int n) {\n    long long gcd_dv = gcd(d[n], v[n]); // Calculate GCD once\n    d[n] /= gcd_dv; // Reduce d[n] by GCD\n    v[n] /= gcd_dv; // Reduce v[n] by GCD\n}\n\nint main() {\n    int n;\n    while (scanf("%d", &n), n) {\n        long long a, b;\n        for (int i = 0; i < n; i++) {\n            scanf("%lld %lld", &d[i], &v[i]); // using scanf for faster input\n            compute(i);\n        }\n        a = (d[0] * d[1]) / gcd(d[0], d[1]);\n        b = gcd(v[0], v[1]);\n        for (int i = 2; i < n; i++) {\n            a = (a * d[i]) / gcd(a, d[i]);\n            b = gcd(b, v[i]);\n        }\n        for (int i = 0; i < n; i++) {\n            printf("%lld\\n", a * v[i] / (b * d[i])); // using printf for faster output\n        }\n    }\n    return 0;\n}')"

2025-01-23 23:25:25,324	[INFO]	Step: 67
2025-01-23 23:25:25,324	[INFO]	Stop Steps: 100
2025-01-23 23:25:25,513	[INFO]	6-8     TEST_CODE_ERROR       None (--) [4 edit(s)]  
2025-01-23 23:25:25,513	[DEBUG]	patch(6-8)="LineLLMCrossover(('source.cpp', 8), '#include <cstdio>\n#include <algorithm>\n\nusing namespace std;\n\nlong long d[10], v[10];\n\nlong long gcd(long long a, long long b) {\n    return b == 0 ? a : gcd(b, a % b); // Efficient recursive GCD\n}\n\nvoid compute(int n) {\n    long long gcd_dv = gcd(d[n], v[n]); // Calculate GCD once\n    d[n] /= gcd_dv; // Reduce d[n] by GCD\n    v[n] /= gcd_dv; // Reduce v[n] by GCD\n}\n\nint main() {\n    int n;\n    while (scanf("%d", &n), n) {\n        long long a, b;\n        for (int i = 0; i < n; i++) {\n            scanf("%lld %lld", &d[i], &v[i]); // using scanf for faster input\n            compute(i);\n        }\n        a = (d[0] * d[1]) / gcd(d[0], d[1]);\n        b = gcd(v[0], v[1]);\n        for (int i = 2; i < n; i++) {\n            a = (a * d[i]) / gcd(a, d[i]);\n            b = gcd(b, v[i]);\n        }\n        for (int i = 0; i < n; i++) {\n            printf("%lld\\n", a * v[i] / (b * d[i])); // using printf for faster output\n        }\n    }\n    return 0;\n}') | LineLLMMutation(('source.cpp', 24), '#include <cstdio>\n#include <algorithm>\n\nusing namespace std;\n\nlong long d[10], v[10];\n\nlong long gcd(long long a, long long b) {\n    while (b != 0) {\n        long long temp = b;\n        b = a % b;\n        a = temp;\n    }\n    return a; // Iterative GCD\n}\n\nvoid compute(int n) {\n    long long gcd_dv = gcd(d[n], v[n]); // Calculate GCD once\n    d[n] /= gcd_dv; // Reduce d[n] by GCD\n    v[n] /= gcd_dv; // Reduce v[n] by GCD\n}\n\nint main() {\n    int n;\n    while (scanf("%d", &n), n) {\n        long long a, b;\n        for (int i = 0; i < n; i++) {\n            scanf("%lld %lld", &d[i], &v[i]); // using scanf for faster input\n            compute(i);\n        }\n        a = (d[0] * d[1]) / gcd(d[0], d[1]);\n        b = gcd(v[0], v[1]);\n        for (int i = 2; i < n; i++) {\n            a = (a * d[i]) / gcd(a, d[i]);\n            b = gcd(b, v[i]);\n        }\n        for (int i = 0; i < n; i++) {\n            printf("%lld\\n", a * v[i] / (b * d[i])); // using printf for faster output\n        }\n    }\n    return 0;\n}') | LineLLMMutation(('source.cpp', 27), '#include <cstdio>\n#include <algorithm>\n\nusing namespace std;\n\nlong long d[10], v[10];\n\nlong long gcd(long long a, long long b) {\n    while (b != 0) {\n        long long temp = b;\n        b = a % b;\n        a = temp;\n    }\n    return a; // Iterative GCD\n}\n\nvoid compute(int n) {\n    long long gcd_dv = gcd(d[n], v[n]); // Calculate GCD once\n    d[n] /= gcd_dv; // Reduce d[n] by GCD\n    v[n] /= gcd_dv; // Reduce v[n] by GCD\n}\n\nint main() {\n    int n;\n    while (scanf("%d", &n), n) {\n        long long a, b;\n        for (int i = 0; i < n; i++) {\n            scanf("%lld %lld", &d[i], &v[i]); // using scanf for faster input\n            compute(i);\n        }\n        a = d[0]; // Initialize a directly with d[0]\n        b = v[0]; // Initialize b directly with v[0]\n        for (int i = 1; i < n; i++) { // Start loop from 1\n            a = (a * d[i]) / gcd(a, d[i]);\n            b = gcd(b, v[i]);\n        }\n        for (int i = 0; i < n; i++) {\n            printf("%lld\\n", a * v[i] / (b * d[i])); // using printf for faster output\n        }\n    }\n    return 0;\n}') | LineLLMMutation(('source.cpp', 31), '#include <cstdio>\n#include <algorithm>\n\nusing namespace std;\n\nlong long d[10], v[10];\nlong long gcd_cache[10]; // Cache for GCD values\n\nlong long gcd(long long a, long long b) {\n    while (b != 0) {\n        long long temp = b;\n        b = a % b;\n        a = temp;\n    }\n    return a;\n}\n\nvoid compute(int n) {\n    if (gcd_cache[n] == 0) { // Check if GCD value is already computed\n        gcd_cache[n] = gcd(d[n], v[n]); // Store GCD in the cache\n    }\n    long long gcd_dv = gcd_cache[n];\n    d[n] /= gcd_dv; \n    v[n] /= gcd_dv; \n}\n\nint main() {\n    int n;\n    while (scanf("%d", &n), n) {\n        long long a, b;\n        for (int i = 0; i < n; i++) {\n            scanf("%lld %lld", &d[i], &v[i]);\n            compute(i);\n        }\n        a = d[0];\n        b = v[0];\n        for (int i = 1; i < n; i++) {\n            a = (a * d[i]) / gcd(a, d[i]);\n            b = gcd(b, v[i]);\n        }\n        for (int i = 0; i < n; i++) {\n            printf("%lld\\n", a * v[i] / (b * d[i]));\n        }\n    }\n    return 0;\n}')"
2025-01-23 23:25:25,513	[INFO]	Step: 68
2025-01-23 23:25:25,513	[INFO]	Stop Steps: 100
2025-01-23 23:25:25,853	[DEBUG]	EXEC>  SUCCESS 958217.5625
2025-01-23 23:25:25,854	[INFO]	6-9     SUCCESS               958217.56 (39.59%) [2 edit(s)]  
2025-01-23 23:25:25,854	[DEBUG]	patch(6-9)="LineLLMCrossover(('source.cpp', 17), '#include <cstdio>\n#include <algorithm>\nusing namespace std;\n\nlong long d[10], v[10];\n\nvoid compute(int n) {\n    long long common_gcd = __gcd(d[n], v[n]); // Use built-in GCD function for optimization\n    d[n] /= common_gcd; // Reduce d[n] by GCD\n    v[n] /= common_gcd; // Reduce v[n] by GCD\n}\n\nint main() {\n    int n;\n    while (scanf("%d", &n), n) {\n        long long a = 1, b = 0; // Initialize for LCM and GCD\n        for (int i = 0; i < n; i++) {\n            scanf("%lld %lld", &d[i], &v[i]); // Using scanf for faster input\n            compute(i);\n        }\n        a = d[0]; // Start with d[0] for LCM calculation\n        b = v[0]; // Start with v[0] for GCD calculation\n        for (int i = 1; i < n; i++) {\n            a = (a * d[i]) / __gcd(a, d[i]); // Use built-in GCD function\n            b = __gcd(b, v[i]); // Use built-in GCD function\n        }\n        for (int i = 0; i < n; i++) {\n            printf("%lld\\n", a * v[i] / (b * d[i])); // Using printf for faster output\n        }\n    }\n    return 0;\n}') | LineLLMMutation(('source.cpp', 32), '#include <cstdio>\n#include <algorithm>\nusing namespace std;\n\nlong long d[10], v[10];\n\nvoid compute(int n) {\n    long long common_gcd = __gcd(d[n], v[n]); // Use built-in GCD function for optimization\n    d[n] /= common_gcd; // Reduce d[n] by GCD\n    v[n] /= common_gcd; // Reduce v[n] by GCD\n}\n\nint main() {\n    int n;\n    while (scanf("%d", &n), n) {\n        long long a = 1, b = 0; // Initialize for LCM and GCD\n        for (int i = 0; i < n; i++) {\n            scanf("%lld %lld", &d[i], &v[i]); // Using scanf for faster input\n            compute(i);\n            a = (a * d[i]) / __gcd(a, d[i]); // Use built-in GCD function\n            b = __gcd(b, v[i]); // Use built-in GCD function\n        }\n        for (int i = 0; i < n; i++) {\n            printf("%lld\\n", a * v[i] / (b * d[i])); // Using printf for faster output\n        }\n    }\n    return 0;\n}')"
2025-01-23 23:25:25,854	[INFO]	Step: 69
2025-01-23 23:25:25,854	[INFO]	Stop Steps: 100
2025-01-23 23:25:26,038	[INFO]	6-10    TEST_CODE_ERROR       None (--) [5 edit(s)]  
2025-01-23 23:25:26,038	[DEBUG]	patch(6-10)="LineLLMMutation(('source.cpp', 2), '#include <cstdio>\n#include <algorithm>\n\nusing namespace std;\n\nlong long d[10], v[10];\n\nvoid compute(int n) {\n    for (int i = 2; i <= min(d[n], v[n]); i++) {\n        if (d[n] % i == 0 || v[n] % i == 0) {\n            while (d[n] % i == 0 && v[n] % i == 0) {\n                d[n] /= i;\n                v[n] /= i;\n            }\n        }\n    }\n}\n\nint main() {\n    int n;\n    while (scanf("%d", &n), n) {\n        long long a, b;\n        for (int i = 0; i < n; i++) {\n            scanf("%lld %lld", &d[i], &v[i]); // using scanf for faster input\n            compute(i);\n        }\n        a = (d[0] * d[1]) / __gcd(d[0], d[1]);\n        b = __gcd(v[0], v[1]);\n        for (int i = 2; i < n; i++) {\n            a = (a * d[i]) / __gcd(a, d[i]);\n            b = __gcd(b, v[i]);\n        }\n        for (int i = 0; i < n; i++) {\n            printf("%lld\\n", a * v[i] / (b * d[i])); // using printf for faster output\n        }\n    }\n    return 0;\n}') | LineLLMMutation(('source.cpp', 10), '#include <cstdio>\n#include <algorithm>\n\nusing namespace std;\n\nlong long d[10], v[10];\n\nvoid compute(int n) {\n    long long gcd_dv = __gcd(d[n], v[n]); // Calculate GCD once\n    d[n] /= gcd_dv; // Reduce d[n] by GCD\n    v[n] /= gcd_dv; // Reduce v[n] by GCD\n}\n\nint main() {\n    int n;\n    while (scanf("%d", &n), n) {\n        long long a, b;\n        for (int i = 0; i < n; i++) {\n            scanf("%lld %lld", &d[i], &v[i]); // using scanf for faster input\n            compute(i);\n        }\n        a = (d[0] * d[1]) / __gcd(d[0], d[1]);\n        b = __gcd(v[0], v[1]);\n        for (int i = 2; i < n; i++) {\n            a = (a * d[i]) / __gcd(a, d[i]);\n            b = __gcd(b, v[i]);\n        }\n        for (int i = 0; i < n; i++) {\n            printf("%lld\\n", a * v[i] / (b * d[i])); // using printf for faster output\n        }\n    }\n    return 0;\n}') | LineLLMMutation(('source.cpp', 14), '#include <cstdio>\n#include <algorithm>\n\nusing namespace std;\n\nlong long d[10], v[10];\n\nvoid compute(int n) {\n    long long gcd_dv = __gcd(d[n], v[n]); // Calculate GCD once\n    d[n] /= gcd_dv; // Reduce d[n] by GCD\n    v[n] /= gcd_dv; // Reduce v[n] by GCD\n}\n\nint main() {\n    int n;\n    while (scanf("%d", &n), n) {\n        long long a, b;\n        for (int i = 0; i < n; i++) {\n            scanf("%lld %lld", &d[i], &v[i]); // using scanf for faster input\n            compute(i);\n        }\n        a = d[0]; // Start with d[0] for LCM calculation\n        b = v[0]; // Start with v[0] for GCD calculation\n        for (int i = 1; i < n; i++) {\n            a = (a * d[i]) / __gcd(a, d[i]);\n            b = __gcd(b, v[i]);\n        }\n        for (int i = 0; i < n; i++) {\n            printf("%lld\\n", a * v[i] / (b * d[i])); // using printf for faster output\n        }\n    }\n    return 0;\n}') | LineLLMMutation(('source.cpp', 21), '#include <cstdio>\n#include <algorithm>\n\nusing namespace std;\n\nlong long d[10], v[10];\nlong long gcd_cache[10]; // Cache for precomputed GCD values\n\nvoid compute(int n) {\n    gcd_cache[n] = __gcd(d[n], v[n]); // Store GCD in cache\n    d[n] /= gcd_cache[n]; // Reduce d[n] by GCD\n    v[n] /= gcd_cache[n]; // Reduce v[n] by GCD\n}\n\nint main() {\n    int n;\n    while (scanf("%d", &n), n) {\n        long long a, b;\n        for (int i = 0; i < n; i++) {\n            scanf("%lld %lld", &d[i], &v[i]); // using scanf for faster input\n            compute(i);\n        }\n        a = d[0]; // Start with d[0] for LCM calculation\n        b = v[0]; // Start with v[0] for GCD calculation\n        for (int i = 1; i < n; i++) {\n            a = (a * d[i]) / __gcd(a, d[i]);\n            b = __gcd(b, v[i]);\n        }\n        for (int i = 0; i < n; i++) {\n            printf("%lld\\n", a * v[i] / (b * d[i])); // using printf for faster output\n        }\n    }\n    return 0;\n}') | LineLLMMutation(('source.cpp', 33), '#include <cstdio>\n#include <algorithm>\n\nusing namespace std;\n\nlong long d[10], v[10];\nlong long gcd_cache[10]; // Cache for precomputed GCD values\n\nvoid compute(int n) {\n    if (gcd_cache[n] == 0) { // Check if GCD was not already computed\n        gcd_cache[n] = __gcd(d[n], v[n]); // Store GCD in cache\n    }\n    d[n] /= gcd_cache[n]; // Reduce d[n] by GCD\n    v[n] /= gcd_cache[n]; // Reduce v[n] by GCD\n}\n\nint main() {\n    int n;\n    while (scanf("%d", &n), n) {\n        long long a, b;\n        for (int i = 0; i < n; i++) {\n            scanf("%lld %lld", &d[i], &v[i]); // using scanf for faster input\n            compute(i);\n        }\n        a = d[0]; // Start with d[0] for LCM calculation\n        b = v[0]; // Start with v[0] for GCD calculation\n        for (int i = 1; i < n; i++) {\n            a = (a * d[i]) / __gcd(a, d[i]);\n            b = __gcd(b, v[i]);\n        }\n        for (int i = 0; i < n; i++) {\n            printf("%lld\\n", a * v[i] / (b * d[i])); // using printf for faster output\n        }\n    }\n    return 0;\n}')"
2025-01-23 23:25:26,038	[INFO]	Step: 70
2025-01-23 23:25:26,038	[INFO]	Stop Steps: 100
2025-01-23 23:25:27,563	[DEBUG]	EXEC>  SUCCESS 2389289.5625
2025-01-23 23:25:27,564	[INFO]	REF     SUCCESS               2389289.56 (--) [0 edit(s)]  
2025-01-23 23:25:27,564	[INFO]	Best patch: 8_24_30
2025-01-23 23:25:27,906	[DEBUG]	EXEC>  SUCCESS 953882.1875
2025-01-23 23:25:27,906	[INFO]	BEST    SUCCESS              *953882.19 (39.92%) [0 edit(s)]  
2025-01-23 23:25:27,906	[INFO]	Best patch step: 66
2025-01-23 23:26:22,242	[INFO]	Step: 70
2025-01-23 23:26:22,242	[INFO]	Stop Steps: 100
2025-01-23 23:26:22,718	[DEBUG]	EXEC>  SUCCESS 949163.9375
2025-01-23 23:26:22,718	[INFO]	7-1     SUCCESS              *949163.94 (39.73%) [3 edit(s)]  
2025-01-23 23:26:22,718	[DEBUG]	patch(7-1)="LineLLMCrossover(('source.cpp', 8), '#include <cstdio>\n#include <algorithm>\n\nusing namespace std;\n\nlong long d[10], v[10];\n\nlong long gcd(long long a, long long b) {\n    return b == 0 ? a : gcd(b, a % b); // Efficient recursive GCD\n}\n\nvoid compute(int n) {\n    long long gcd_dv = gcd(d[n], v[n]); // Calculate GCD once\n    d[n] /= gcd_dv; // Reduce d[n] by GCD\n    v[n] /= gcd_dv; // Reduce v[n] by GCD\n}\n\nint main() {\n    int n;\n    while (scanf("%d", &n), n) {\n        long long a, b;\n        for (int i = 0; i < n; i++) {\n            scanf("%lld %lld", &d[i], &v[i]); // using scanf for faster input\n            compute(i);\n        }\n        a = (d[0] * d[1]) / gcd(d[0], d[1]);\n        b = gcd(v[0], v[1]);\n        for (int i = 2; i < n; i++) {\n            a = (a * d[i]) / gcd(a, d[i]);\n            b = gcd(b, v[i]);\n        }\n        for (int i = 0; i < n; i++) {\n            printf("%lld\\n", a * v[i] / (b * d[i])); // using printf for faster output\n        }\n    }\n    return 0;\n}') | LineLLMMutation(('source.cpp', 24), '#include <cstdio>\n#include <algorithm>\n\nusing namespace std;\n\nlong long d[10], v[10];\n\nlong long gcd(long long a, long long b) {\n    while (b != 0) {\n        long long temp = b;\n        b = a % b;\n        a = temp;\n    }\n    return a; // Iterative GCD\n}\n\nvoid compute(int n) {\n    long long gcd_dv = gcd(d[n], v[n]); // Calculate GCD once\n    d[n] /= gcd_dv; // Reduce d[n] by GCD\n    v[n] /= gcd_dv; // Reduce v[n] by GCD\n}\n\nint main() {\n    int n;\n    while (scanf("%d", &n), n) {\n        long long a, b;\n        for (int i = 0; i < n; i++) {\n            scanf("%lld %lld", &d[i], &v[i]); // using scanf for faster input\n            compute(i);\n        }\n        a = (d[0] * d[1]) / gcd(d[0], d[1]);\n        b = gcd(v[0], v[1]);\n        for (int i = 2; i < n; i++) {\n            a = (a * d[i]) / gcd(a, d[i]);\n            b = gcd(b, v[i]);\n        }\n        for (int i = 0; i < n; i++) {\n            printf("%lld\\n", a * v[i] / (b * d[i])); // using printf for faster output\n        }\n    }\n    return 0;\n}') | LineLLMMutation(('source.cpp', 30), '#include <cstdio>\n#include <algorithm>\n\nusing namespace std;\n\nlong long d[10], v[10];\n\n// Optimized GCD function using the Euclidean algorithm\nlong long gcd(long long a, long long b) {\n    return b == 0 ? a : gcd(b, a % b); // Recursive GCD\n}\n\nvoid compute(int n) {\n    long long gcd_dv = gcd(d[n], v[n]); // Calculate GCD once\n    d[n] /= gcd_dv; // Reduce d[n] by GCD\n    v[n] /= gcd_dv; // Reduce v[n] by GCD\n}\n\nint main() {\n    int n;\n    while (scanf("%d", &n), n) {\n        long long a, b;\n        for (int i = 0; i < n; i++) {\n            scanf("%lld %lld", &d[i], &v[i]); // using scanf for faster input\n            compute(i);\n        }\n        a = (d[0] * d[1]) / gcd(d[0], d[1]);\n        b = gcd(v[0], v[1]);\n        for (int i = 2; i < n; i++) {\n            a = (a * d[i]) / gcd(a, d[i]);\n            b = gcd(b, v[i]);\n        }\n        for (int i = 0; i < n; i++) {\n            printf("%lld\\n", a * v[i] / (b * d[i])); // using printf for faster output\n        }\n    }\n    return 0;\n}')"

2025-01-23 23:26:22,718	[INFO]	Step: 71
2025-01-23 23:26:22,718	[INFO]	Stop Steps: 100
2025-01-23 23:26:23,063	[DEBUG]	EXEC>  SUCCESS 959776.5625
2025-01-23 23:26:23,063	[INFO]	7-2     SUCCESS               959776.56 (40.17%) [2 edit(s)]  
2025-01-23 23:26:23,063	[DEBUG]	patch(7-2)="LineLLMCrossover(('source.cpp', 8), '#include <cstdio>\n#include <algorithm>\n\nusing namespace std;\n\nlong long d[10], v[10];\n\nlong long gcd(long long a, long long b) {\n    return b == 0 ? a : gcd(b, a % b); // Efficient recursive GCD\n}\n\nvoid compute(int n) {\n    long long gcd_dv = gcd(d[n], v[n]); // Calculate GCD once\n    d[n] /= gcd_dv; // Reduce d[n] by GCD\n    v[n] /= gcd_dv; // Reduce v[n] by GCD\n}\n\nint main() {\n    int n;\n    while (scanf("%d", &n), n) {\n        long long a, b;\n        for (int i = 0; i < n; i++) {\n            scanf("%lld %lld", &d[i], &v[i]); // using scanf for faster input\n            compute(i);\n        }\n        a = (d[0] * d[1]) / gcd(d[0], d[1]);\n        b = gcd(v[0], v[1]);\n        for (int i = 2; i < n; i++) {\n            a = (a * d[i]) / gcd(a, d[i]);\n            b = gcd(b, v[i]);\n        }\n        for (int i = 0; i < n; i++) {\n            printf("%lld\\n", a * v[i] / (b * d[i])); // using printf for faster output\n        }\n    }\n    return 0;\n}') | LineLLMMutation(('source.cpp', 24), '#include <cstdio>\n#include <algorithm>\n\nusing namespace std;\n\nlong long d[10], v[10];\n\nlong long gcd(long long a, long long b) {\n    while (b != 0) {\n        long long temp = b;\n        b = a % b;\n        a = temp;\n    }\n    return a; // Iterative GCD\n}\n\nvoid compute(int n) {\n    long long gcd_dv = gcd(d[n], v[n]); // Calculate GCD once\n    d[n] /= gcd_dv; // Reduce d[n] by GCD\n    v[n] /= gcd_dv; // Reduce v[n] by GCD\n}\n\nint main() {\n    int n;\n    while (scanf("%d", &n), n) {\n        long long a, b;\n        for (int i = 0; i < n; i++) {\n            scanf("%lld %lld", &d[i], &v[i]); // using scanf for faster input\n            compute(i);\n        }\n        a = (d[0] * d[1]) / gcd(d[0], d[1]);\n        b = gcd(v[0], v[1]);\n        for (int i = 2; i < n; i++) {\n            a = (a * d[i]) / gcd(a, d[i]);\n            b = gcd(b, v[i]);\n        }\n        for (int i = 0; i < n; i++) {\n            printf("%lld\\n", a * v[i] / (b * d[i])); // using printf for faster output\n        }\n    }\n    return 0;\n}')"
2025-01-23 23:26:23,063	[INFO]	Step: 72
2025-01-23 23:26:23,064	[INFO]	Stop Steps: 100
2025-01-23 23:26:23,407	[DEBUG]	EXEC>  SUCCESS 956983.1875
2025-01-23 23:26:23,407	[INFO]	7-3     SUCCESS               956983.19 (40.05%) [1 edit(s)]  
2025-01-23 23:26:23,407	[DEBUG]	patch(7-3)="LineLLMCrossover(('source.cpp', 24), '#include <cstdio>\n#include <algorithm>\n\nusing namespace std;\n\nlong long d[10], v[10];\n\n// Combined GCD function using both recursive and iterative methods\nlong long gcd(long long a, long long b) {\n    return b == 0 ? a : gcd(b, a % b); // Recursive GCD\n}\n\nvoid compute(int n) {\n    long long gcd_dv = gcd(d[n], v[n]); // Calculate GCD once\n    d[n] /= gcd_dv; // Reduce d[n] by GCD\n    v[n] /= gcd_dv; // Reduce v[n] by GCD\n}\n\nint main() {\n    int n;\n    while (scanf("%d", &n), n) {\n        long long a, b;\n        for (int i = 0; i < n; i++) {\n            scanf("%lld %lld", &d[i], &v[i]); // using scanf for faster input\n            compute(i);\n        }\n        a = (d[0] * d[1]) / gcd(d[0], d[1]);\n        b = gcd(v[0], v[1]);\n        for (int i = 2; i < n; i++) {\n            a = (a * d[i]) / gcd(a, d[i]);\n            b = gcd(b, v[i]);\n        }\n        for (int i = 0; i < n; i++) {\n            printf("%lld\\n", a * v[i] / (b * d[i])); // using printf for faster output\n        }\n    }\n    return 0;\n}')"
2025-01-23 23:26:23,407	[INFO]	Step: 73
2025-01-23 23:26:23,408	[INFO]	Stop Steps: 100
2025-01-23 23:26:23,759	[DEBUG]	EXEC>  SUCCESS 950400.6875
2025-01-23 23:26:23,759	[INFO]	7-4     SUCCESS               950400.69 (39.78%) [1 edit(s)]  
2025-01-23 23:26:23,759	[DEBUG]	patch(7-4)="LineLLMCrossover(('source.cpp', 25), '#include <cstdio>\n#include <algorithm>\n\nusing namespace std;\n\nlong long d[10], v[10];\n\nlong long gcd(long long a, long long b) {\n    while (b != 0) {\n        long long temp = b;\n        b = a % b;\n        a = temp;\n    }\n    return a; // Iterative GCD\n}\n\nvoid compute(int n) {\n    long long gcd_dv = gcd(d[n], v[n]); // Calculate GCD once\n    d[n] /= gcd_dv; // Reduce d[n] by GCD\n    v[n] /= gcd_dv; // Reduce v[n] by GCD\n}\n\nint main() {\n    int n;\n    while (scanf("%d", &n), n) {\n        long long a, b;\n        for (int i = 0; i < n; i++) {\n            scanf("%lld %lld", &d[i], &v[i]); // using scanf for faster input\n            compute(i);\n        }\n        a = d[0]; // Initialize a directly with d[0]\n        b = v[0]; // Initialize b directly with v[0]\n        for (int i = 1; i < n; i++) {\n            a = (a * d[i]) / gcd(a, d[i]);\n            b = gcd(b, v[i]);\n        }\n        for (int i = 0; i < n; i++) {\n            printf("%lld\\n", a * v[i] / (b * d[i])); // using printf for faster output\n        }\n    }\n    return 0;\n}')"
2025-01-23 23:26:23,759	[INFO]	Step: 74
2025-01-23 23:26:23,759	[INFO]	Stop Steps: 100
2025-01-23 23:26:23,939	[INFO]	7-5     TEST_CODE_ERROR       None (--) [1 edit(s)]  
2025-01-23 23:26:23,939	[DEBUG]	patch(7-5)="LineLLMCrossover(('source.cpp', 26), '#include <cstdio>\n#include <algorithm>\n\nusing namespace std;\n\nlong long d[10], v[10];\n\nlong long gcd(long long a, long long b) {\n    while (b != 0) {\n        long long temp = b;\n        b = a % b;\n        a = temp;\n    }\n    return a; // Iterative GCD\n}\n\nint main() {\n    int n;\n    while (scanf("%d", &n), n) {\n        long long a = 1, b = 0; // Initialize for LCM and GCD\n        for (int i = 0; i < n; i++) {\n            scanf("%lld %lld", &d[i], &v[i]); // using scanf for faster input\n            if (i == 0) {\n                a = d[i];\n                b = v[i];\n            } else {\n                a = (a * d[i]) / gcd(a, d[i]);\n                b = gcd(b, v[i]);\n            }\n        }\n        for (int i = 0; i < n; i++) {\n            printf("%lld\\n", a * v[i] / (b * d[i])); // using printf for faster output\n        }\n    }\n    return 0;\n}')"
2025-01-23 23:26:23,939	[INFO]	Step: 75
2025-01-23 23:26:23,939	[INFO]	Stop Steps: 100
2025-01-23 23:26:24,277	[DEBUG]	EXEC>  SUCCESS 946863.9375
2025-01-23 23:26:24,277	[INFO]	7-6     SUCCESS              *946863.94 (39.63%) [1 edit(s)]  
2025-01-23 23:26:24,277	[DEBUG]	patch(7-6)="LineLLMCrossover(('source.cpp', 27), '#include <cstdio>\n#include <algorithm>\n\nusing namespace std;\n\nlong long d[10], v[10];\n\nlong long gcd(long long a, long long b) {\n    while (b != 0) {\n        long long temp = b;\n        b = a % b;\n        a = temp;\n    }\n    return a; // Iterative GCD\n}\n\nint main() {\n    int n;\n    while (scanf("%d", &n), n) {\n        long long a = 1, b = 0; // Initialize for LCM and GCD\n        for (int i = 0; i < n; i++) {\n            scanf("%lld %lld", &d[i], &v[i]); // using scanf for faster input\n            if (i == 0) {\n                a = d[i];\n                b = v[i];\n            } else {\n                long long common_gcd = gcd(d[i], v[i]); // Calculate GCD\n                d[i] /= common_gcd; // Reduce d[i] by GCD\n                v[i] /= common_gcd; // Reduce v[i] by GCD\n                a = (a * d[i]) / gcd(a, d[i]); // Use calculated GCD\n                b = gcd(b, v[i]);\n            }\n        }\n        for (int i = 0; i < n; i++) {\n            printf("%lld\\n", a * v[i] / (b * d[i])); // using printf for faster output\n        }\n    }\n    return 0;\n}')"

2025-01-23 23:26:24,277	[INFO]	Step: 76
2025-01-23 23:26:24,277	[INFO]	Stop Steps: 100
2025-01-23 23:26:24,620	[DEBUG]	EXEC>  SUCCESS 952709.5
2025-01-23 23:26:24,621	[INFO]	7-7     SUCCESS               952709.50 (39.87%) [4 edit(s)]  
2025-01-23 23:26:24,621	[DEBUG]	patch(7-7)="LineLLMCrossover(('source.cpp', 8), '#include <cstdio>\n#include <algorithm>\n\nusing namespace std;\n\nlong long d[10], v[10];\n\nlong long gcd(long long a, long long b) {\n    return b == 0 ? a : gcd(b, a % b); // Efficient recursive GCD\n}\n\nvoid compute(int n) {\n    long long gcd_dv = gcd(d[n], v[n]); // Calculate GCD once\n    d[n] /= gcd_dv; // Reduce d[n] by GCD\n    v[n] /= gcd_dv; // Reduce v[n] by GCD\n}\n\nint main() {\n    int n;\n    while (scanf("%d", &n), n) {\n        long long a, b;\n        for (int i = 0; i < n; i++) {\n            scanf("%lld %lld", &d[i], &v[i]); // using scanf for faster input\n            compute(i);\n        }\n        a = (d[0] * d[1]) / gcd(d[0], d[1]);\n        b = gcd(v[0], v[1]);\n        for (int i = 2; i < n; i++) {\n            a = (a * d[i]) / gcd(a, d[i]);\n            b = gcd(b, v[i]);\n        }\n        for (int i = 0; i < n; i++) {\n            printf("%lld\\n", a * v[i] / (b * d[i])); // using printf for faster output\n        }\n    }\n    return 0;\n}') | LineLLMMutation(('source.cpp', 24), '#include <cstdio>\n#include <algorithm>\n\nusing namespace std;\n\nlong long d[10], v[10];\n\nlong long gcd(long long a, long long b) {\n    while (b != 0) {\n        long long temp = b;\n        b = a % b;\n        a = temp;\n    }\n    return a; // Iterative GCD\n}\n\nvoid compute(int n) {\n    long long gcd_dv = gcd(d[n], v[n]); // Calculate GCD once\n    d[n] /= gcd_dv; // Reduce d[n] by GCD\n    v[n] /= gcd_dv; // Reduce v[n] by GCD\n}\n\nint main() {\n    int n;\n    while (scanf("%d", &n), n) {\n        long long a, b;\n        for (int i = 0; i < n; i++) {\n            scanf("%lld %lld", &d[i], &v[i]); // using scanf for faster input\n            compute(i);\n        }\n        a = (d[0] * d[1]) / gcd(d[0], d[1]);\n        b = gcd(v[0], v[1]);\n        for (int i = 2; i < n; i++) {\n            a = (a * d[i]) / gcd(a, d[i]);\n            b = gcd(b, v[i]);\n        }\n        for (int i = 0; i < n; i++) {\n            printf("%lld\\n", a * v[i] / (b * d[i])); // using printf for faster output\n        }\n    }\n    return 0;\n}') | LineLLMMutation(('source.cpp', 30), '#include <cstdio>\n#include <algorithm>\n\nusing namespace std;\n\nlong long d[10], v[10];\n\n// Optimized GCD function using the Euclidean algorithm\nlong long gcd(long long a, long long b) {\n    return b == 0 ? a : gcd(b, a % b); // Recursive GCD\n}\n\nvoid compute(int n) {\n    long long gcd_dv = gcd(d[n], v[n]); // Calculate GCD once\n    d[n] /= gcd_dv; // Reduce d[n] by GCD\n    v[n] /= gcd_dv; // Reduce v[n] by GCD\n}\n\nint main() {\n    int n;\n    while (scanf("%d", &n), n) {\n        long long a, b;\n        for (int i = 0; i < n; i++) {\n            scanf("%lld %lld", &d[i], &v[i]); // using scanf for faster input\n            compute(i);\n        }\n        a = (d[0] * d[1]) / gcd(d[0], d[1]);\n        b = gcd(v[0], v[1]);\n        for (int i = 2; i < n; i++) {\n            a = (a * d[i]) / gcd(a, d[i]);\n            b = gcd(b, v[i]);\n        }\n        for (int i = 0; i < n; i++) {\n            printf("%lld\\n", a * v[i] / (b * d[i])); // using printf for faster output\n        }\n    }\n    return 0;\n}') | LineLLMMutation(('source.cpp', 34), '#include <cstdio>\n#include <algorithm>\n\nusing namespace std;\n\nlong long d[10], v[10];\n\n// Optimized GCD function using the iterative Euclidean algorithm\nlong long gcd(long long a, long long b) {\n    while (b != 0) {\n        long long temp = b;\n        b = a % b;\n        a = temp;\n    }\n    return a; // Iterative GCD\n}\n\nvoid compute(int n) {\n    long long gcd_dv = gcd(d[n], v[n]); // Calculate GCD once\n    d[n] /= gcd_dv; // Reduce d[n] by GCD\n    v[n] /= gcd_dv; // Reduce v[n] by GCD\n}\n\nint main() {\n    int n;\n    while (scanf("%d", &n), n) {\n        long long a, b;\n        for (int i = 0; i < n; i++) {\n            scanf("%lld %lld", &d[i], &v[i]); // using scanf for faster input\n            compute(i);\n        }\n        a = (d[0] * d[1]) / gcd(d[0], d[1]);\n        b = gcd(v[0], v[1]);\n        for (int i = 2; i < n; i++) {\n            a = (a * d[i]) / gcd(a, d[i]);\n            b = gcd(b, v[i]);\n        }\n        for (int i = 0; i < n; i++) {\n            printf("%lld\\n", a * v[i] / (b * d[i])); // using printf for faster output\n        }\n    }\n    return 0;\n}')"
2025-01-23 23:26:24,621	[INFO]	Step: 77
2025-01-23 23:26:24,621	[INFO]	Stop Steps: 100
2025-01-23 23:26:27,010	[INFO]	7-8     TEST_CODE_ERROR       None (--) [3 edit(s)]  
2025-01-23 23:26:27,010	[DEBUG]	patch(7-8)="LineLLMCrossover(('source.cpp', 8), '#include <cstdio>\n#include <algorithm>\n\nusing namespace std;\n\nlong long d[10], v[10];\n\nlong long gcd(long long a, long long b) {\n    return b == 0 ? a : gcd(b, a % b); // Efficient recursive GCD\n}\n\nvoid compute(int n) {\n    long long gcd_dv = gcd(d[n], v[n]); // Calculate GCD once\n    d[n] /= gcd_dv; // Reduce d[n] by GCD\n    v[n] /= gcd_dv; // Reduce v[n] by GCD\n}\n\nint main() {\n    int n;\n    while (scanf("%d", &n), n) {\n        long long a, b;\n        for (int i = 0; i < n; i++) {\n            scanf("%lld %lld", &d[i], &v[i]); // using scanf for faster input\n            compute(i);\n        }\n        a = (d[0] * d[1]) / gcd(d[0], d[1]);\n        b = gcd(v[0], v[1]);\n        for (int i = 2; i < n; i++) {\n            a = (a * d[i]) / gcd(a, d[i]);\n            b = gcd(b, v[i]);\n        }\n        for (int i = 0; i < n; i++) {\n            printf("%lld\\n", a * v[i] / (b * d[i])); // using printf for faster output\n        }\n    }\n    return 0;\n}') | LineLLMMutation(('source.cpp', 24), '#include <cstdio>\n#include <algorithm>\n\nusing namespace std;\n\nlong long d[10], v[10];\n\nlong long gcd(long long a, long long b) {\n    while (b != 0) {\n        long long temp = b;\n        b = a % b;\n        a = temp;\n    }\n    return a; // Iterative GCD\n}\n\nvoid compute(int n) {\n    long long gcd_dv = gcd(d[n], v[n]); // Calculate GCD once\n    d[n] /= gcd_dv; // Reduce d[n] by GCD\n    v[n] /= gcd_dv; // Reduce v[n] by GCD\n}\n\nint main() {\n    int n;\n    while (scanf("%d", &n), n) {\n        long long a, b;\n        for (int i = 0; i < n; i++) {\n            scanf("%lld %lld", &d[i], &v[i]); // using scanf for faster input\n            compute(i);\n        }\n        a = (d[0] * d[1]) / gcd(d[0], d[1]);\n        b = gcd(v[0], v[1]);\n        for (int i = 2; i < n; i++) {\n            a = (a * d[i]) / gcd(a, d[i]);\n            b = gcd(b, v[i]);\n        }\n        for (int i = 0; i < n; i++) {\n            printf("%lld\\n", a * v[i] / (b * d[i])); // using printf for faster output\n        }\n    }\n    return 0;\n}') | LineLLMMutation(('source.cpp', 35), '#include <cstdio>\n#include <algorithm>\n\nusing namespace std;\n\nlong long d[10], v[10], gcd_cache[10][10]; // Cache for GCD results\n\nlong long gcd(long long a, long long b) {\n    while (b != 0) {\n        long long temp = b;\n        b = a % b;\n        a = temp;\n    }\n    return a; // Iterative GCD\n}\n\nvoid compute(int n) {\n    if (gcd_cache[d[n]][v[n]] == 0) { // Check if the GCD has already been computed\n        long long gcd_dv = gcd(d[n], v[n]); // Calculate GCD once if not cached\n        gcd_cache[d[n]][v[n]] = gcd_dv; // Cache the GCD result\n    }\n    long long gcd_dv = gcd_cache[d[n]][v[n]];\n    d[n] /= gcd_dv; // Reduce d[n] by GCD\n    v[n] /= gcd_dv; // Reduce v[n] by GCD\n}\n\nint main() {\n    int n;\n    while (scanf("%d", &n), n) {\n        long long a, b;\n        for (int i = 0; i < n; i++) {\n            scanf("%lld %lld", &d[i], &v[i]); // using scanf for faster input\n            compute(i);\n        }\n        a = (d[0] * d[1]) / gcd(d[0], d[1]);\n        b = gcd(v[0], v[1]);\n        for (int i = 2; i < n; i++) {\n            a = (a * d[i]) / gcd(a, d[i]);\n            b = gcd(b, v[i]);\n        }\n        for (int i = 0; i < n; i++) {\n            printf("%lld\\n", a * v[i] / (b * d[i])); // using printf for faster output\n        }\n    }\n    return 0;\n}')"
2025-01-23 23:26:27,010	[INFO]	Step: 78
2025-01-23 23:26:27,010	[INFO]	Stop Steps: 100
2025-01-23 23:26:27,359	[DEBUG]	EXEC>  SUCCESS 963991.625
2025-01-23 23:26:27,359	[INFO]	7-9     SUCCESS               963991.62 (40.35%) [2 edit(s)]  
2025-01-23 23:26:27,359	[DEBUG]	patch(7-9)="LineLLMCrossover(('source.cpp', 23), '#include <cstdio>\n#include <algorithm>\nusing namespace std;\n\nlong long d[10], v[10];\n\nlong long gcd(long long a, long long b) {\n    while (b != 0) {\n        long long temp = b;\n        b = a % b;\n        a = temp;\n    }\n    return a; // Iterative GCD\n}\n\nint main() {\n    int n;\n    while (scanf("%d", &n), n) {\n        long long a, b;\n        for (int i = 0; i < n; i++) {\n            scanf("%lld %lld", &d[i], &v[i]); // using scanf for faster input\n        }\n        a = d[0]; // Start with d[0] for LCM calculation\n        b = v[0]; // Start with v[0] for GCD calculation\n        for (int i = 1; i < n; i++) {\n            long long common_gcd = gcd(d[i], v[i]); // Calculate GCD\n            d[i] /= common_gcd; // Reduce d[i] by GCD\n            v[i] /= common_gcd; // Reduce v[i] by GCD\n            a = (a * d[i]) / gcd(a, d[i]); // Use calculated GCD\n            b = gcd(b, v[i]);\n        }\n        for (int i = 0; i < n; i++) {\n            printf("%lld\\n", a * v[i] / (b * d[i])); // using printf for faster output\n        }\n    }\n    return 0;\n}') | LineLLMMutation(('source.cpp', 36), '#include <cstdio>\n#include <algorithm>\nusing namespace std;\n\nlong long d[10], v[10];\n\nlong long gcd(long long a, long long b) {\n    while (b != 0) {\n        long long temp = b;\n        b = a % b;\n        a = temp;\n    }\n    return a; // Iterative GCD\n}\n\nint main() {\n    int n;\n    while (scanf("%d", &n), n) {\n        long long a, b;\n        for (int i = 0; i < n; i++) {\n            scanf("%lld %lld", &d[i], &v[i]); // using scanf for faster input\n        }\n        a = d[0]; // Start with d[0] for LCM calculation\n        b = v[0]; // Start with v[0] for GCD calculation\n        for (int i = 1; i < n; i++) {\n            long long common_gcd = gcd(d[i], v[i]); // Calculate GCD once\n            d[i] /= common_gcd; // Reduce d[i] by GCD\n            v[i] /= common_gcd; // Reduce v[i] by GCD\n            a = (a * d[i]) / gcd(a, d[i]); // Use calculated GCD\n            b = gcd(b, v[i]);\n        }\n        for (int i = 0; i < n; i++) {\n            printf("%lld\\n", a * v[i] / (b * d[i])); // using printf for faster output\n        }\n    }\n    return 0;\n}')"
2025-01-23 23:26:27,360	[INFO]	Step: 79
2025-01-23 23:26:27,360	[INFO]	Stop Steps: 100
2025-01-23 23:26:57,633	[INFO]	7-10    TEST_TIMEOUT          None (--) [4 edit(s)]  
2025-01-23 23:26:57,633	[DEBUG]	patch(7-10)="LineLLMCrossover(('source.cpp', 8), '#include <cstdio>\n#include <algorithm>\n\nusing namespace std;\n\nlong long d[10], v[10];\n\nlong long gcd(long long a, long long b) {\n    return b == 0 ? a : gcd(b, a % b); // Efficient recursive GCD\n}\n\nvoid compute(int n) {\n    long long gcd_dv = gcd(d[n], v[n]); // Calculate GCD once\n    d[n] /= gcd_dv; // Reduce d[n] by GCD\n    v[n] /= gcd_dv; // Reduce v[n] by GCD\n}\n\nint main() {\n    int n;\n    while (scanf("%d", &n), n) {\n        long long a, b;\n        for (int i = 0; i < n; i++) {\n            scanf("%lld %lld", &d[i], &v[i]); // using scanf for faster input\n            compute(i);\n        }\n        a = (d[0] * d[1]) / gcd(d[0], d[1]);\n        b = gcd(v[0], v[1]);\n        for (int i = 2; i < n; i++) {\n            a = (a * d[i]) / gcd(a, d[i]);\n            b = gcd(b, v[i]);\n        }\n        for (int i = 0; i < n; i++) {\n            printf("%lld\\n", a * v[i] / (b * d[i])); // using printf for faster output\n        }\n    }\n    return 0;\n}') | LineLLMMutation(('source.cpp', 24), '#include <cstdio>\n#include <algorithm>\n\nusing namespace std;\n\nlong long d[10], v[10];\n\nlong long gcd(long long a, long long b) {\n    while (b != 0) {\n        long long temp = b;\n        b = a % b;\n        a = temp;\n    }\n    return a; // Iterative GCD\n}\n\nvoid compute(int n) {\n    long long gcd_dv = gcd(d[n], v[n]); // Calculate GCD once\n    d[n] /= gcd_dv; // Reduce d[n] by GCD\n    v[n] /= gcd_dv; // Reduce v[n] by GCD\n}\n\nint main() {\n    int n;\n    while (scanf("%d", &n), n) {\n        long long a, b;\n        for (int i = 0; i < n; i++) {\n            scanf("%lld %lld", &d[i], &v[i]); // using scanf for faster input\n            compute(i);\n        }\n        a = (d[0] * d[1]) / gcd(d[0], d[1]);\n        b = gcd(v[0], v[1]);\n        for (int i = 2; i < n; i++) {\n            a = (a * d[i]) / gcd(a, d[i]);\n            b = gcd(b, v[i]);\n        }\n        for (int i = 0; i < n; i++) {\n            printf("%lld\\n", a * v[i] / (b * d[i])); // using printf for faster output\n        }\n    }\n    return 0;\n}') | LineLLMMutation(('source.cpp', 27), '#include <cstdio>\n#include <algorithm>\n\nusing namespace std;\n\nlong long d[10], v[10];\n\nlong long gcd(long long a, long long b) {\n    while (b != 0) {\n        long long temp = b;\n        b = a % b;\n        a = temp;\n    }\n    return a; // Iterative GCD\n}\n\nvoid compute(int n) {\n    long long gcd_dv = gcd(d[n], v[n]); // Calculate GCD once\n    d[n] /= gcd_dv; // Reduce d[n] by GCD\n    v[n] /= gcd_dv; // Reduce v[n] by GCD\n}\n\nint main() {\n    int n;\n    while (scanf("%d", &n), n) {\n        long long a, b;\n        for (int i = 0; i < n; i++) {\n            scanf("%lld %lld", &d[i], &v[i]); // using scanf for faster input\n            compute(i);\n        }\n        a = d[0]; // Initialize a directly with d[0]\n        b = v[0]; // Initialize b directly with v[0]\n        for (int i = 1; i < n; i++) { // Start loop from 1\n            a = (a * d[i]) / gcd(a, d[i]);\n            b = gcd(b, v[i]);\n        }\n        for (int i = 0; i < n; i++) {\n            printf("%lld\\n", a * v[i] / (b * d[i])); // using printf for faster output\n        }\n    }\n    return 0;\n}') | LineLLMMutation(('source.cpp', 37), '#include <cstdio>\n#include <algorithm>\n\nusing namespace std;\n\nlong long d[10], v[10];\n\nlong long gcd(long long a, long long b) {\n    if (b == 0) return a;\n    if (a == 0) return b;\n    if (a == b) return a;\n    if (a & 1) {\n        if (b & 1) return gcd(b, a - b); // both odd\n        else return gcd(a, b >> 1); // a odd, b even\n    }\n    if (b & 1) return gcd(a, b - a); // a even, b odd\n    return gcd(a >> 1, b >> 1) << 1; // both even\n}\n\nvoid compute(int n) {\n    long long gcd_dv = gcd(d[n], v[n]); // Calculate GCD once\n    d[n] /= gcd_dv; // Reduce d[n] by GCD\n    v[n] /= gcd_dv; // Reduce v[n] by GCD\n}\n\nint main() {\n    int n;\n    while (scanf("%d", &n), n) {\n        long long a, b;\n        for (int i = 0; i < n; i++) {\n            scanf("%lld %lld", &d[i], &v[i]); // using scanf for faster input\n            compute(i);\n        }\n        a = d[0]; // Initialize a directly with d[0]\n        b = v[0]; // Initialize b directly with v[0]\n        for (int i = 1; i < n; i++) { // Start loop from 1\n            a = (a * d[i]) / gcd(a, d[i]);\n            b = gcd(b, v[i]);\n        }\n        for (int i = 0; i < n; i++) {\n            printf("%lld\\n", a * v[i] / (b * d[i])); // using printf for faster output\n        }\n    }\n    return 0;\n}')"
2025-01-23 23:26:57,633	[INFO]	Step: 80
2025-01-23 23:26:57,633	[INFO]	Stop Steps: 100
2025-01-23 23:26:59,278	[DEBUG]	EXEC>  SUCCESS 2419110.625
2025-01-23 23:26:59,278	[INFO]	REF     SUCCESS               2419110.62 (--) [0 edit(s)]  
2025-01-23 23:26:59,278	[INFO]	Best patch: 27
2025-01-23 23:26:59,616	[DEBUG]	EXEC>  SUCCESS 961169.5625
2025-01-23 23:26:59,616	[INFO]	BEST    SUCCESS              *961169.56 (39.73%) [0 edit(s)]  
2025-01-23 23:26:59,616	[INFO]	Best patch step: 75
2025-01-23 23:27:49,346	[INFO]	Step: 80
2025-01-23 23:27:49,347	[INFO]	Stop Steps: 100
2025-01-23 23:27:49,812	[DEBUG]	EXEC>  SUCCESS 949056.75
2025-01-23 23:27:49,812	[INFO]	8-1     SUCCESS              *949056.75 (39.23%) [1 edit(s)]  
2025-01-23 23:27:49,813	[DEBUG]	patch(8-1)="LineLLMCrossover(('source.cpp', 27), '#include <cstdio>\n#include <algorithm>\n\nusing namespace std;\n\nlong long d[10], v[10];\n\nlong long gcd(long long a, long long b) {\n    while (b != 0) {\n        long long temp = b;\n        b = a % b;\n        a = temp;\n    }\n    return a; // Iterative GCD\n}\n\nint main() {\n    int n;\n    while (scanf("%d", &n), n) {\n        long long a = 1, b = 0; // Initialize for LCM and GCD\n        for (int i = 0; i < n; i++) {\n            scanf("%lld %lld", &d[i], &v[i]); // using scanf for faster input\n            if (i == 0) {\n                a = d[i];\n                b = v[i];\n            } else {\n                long long common_gcd = gcd(d[i], v[i]); // Calculate GCD\n                d[i] /= common_gcd; // Reduce d[i] by GCD\n                v[i] /= common_gcd; // Reduce v[i] by GCD\n                a = (a * d[i]) / gcd(a, d[i]); // Use calculated GCD\n                b = gcd(b, v[i]);\n            }\n        }\n        for (int i = 0; i < n; i++) {\n            printf("%lld\\n", a * v[i] / (b * d[i])); // using printf for faster output\n        }\n    }\n    return 0;\n}')"

2025-01-23 23:27:49,813	[INFO]	Step: 81
2025-01-23 23:27:49,813	[INFO]	Stop Steps: 100
2025-01-23 23:27:50,158	[DEBUG]	EXEC>  SUCCESS 959820.625
2025-01-23 23:27:50,158	[INFO]	8-2     SUCCESS               959820.62 (39.68%) [3 edit(s)]  
2025-01-23 23:27:50,158	[DEBUG]	patch(8-2)="LineLLMCrossover(('source.cpp', 8), '#include <cstdio>\n#include <algorithm>\n\nusing namespace std;\n\nlong long d[10], v[10];\n\nlong long gcd(long long a, long long b) {\n    return b == 0 ? a : gcd(b, a % b); // Efficient recursive GCD\n}\n\nvoid compute(int n) {\n    long long gcd_dv = gcd(d[n], v[n]); // Calculate GCD once\n    d[n] /= gcd_dv; // Reduce d[n] by GCD\n    v[n] /= gcd_dv; // Reduce v[n] by GCD\n}\n\nint main() {\n    int n;\n    while (scanf("%d", &n), n) {\n        long long a, b;\n        for (int i = 0; i < n; i++) {\n            scanf("%lld %lld", &d[i], &v[i]); // using scanf for faster input\n            compute(i);\n        }\n        a = (d[0] * d[1]) / gcd(d[0], d[1]);\n        b = gcd(v[0], v[1]);\n        for (int i = 2; i < n; i++) {\n            a = (a * d[i]) / gcd(a, d[i]);\n            b = gcd(b, v[i]);\n        }\n        for (int i = 0; i < n; i++) {\n            printf("%lld\\n", a * v[i] / (b * d[i])); // using printf for faster output\n        }\n    }\n    return 0;\n}') | LineLLMMutation(('source.cpp', 24), '#include <cstdio>\n#include <algorithm>\n\nusing namespace std;\n\nlong long d[10], v[10];\n\nlong long gcd(long long a, long long b) {\n    while (b != 0) {\n        long long temp = b;\n        b = a % b;\n        a = temp;\n    }\n    return a; // Iterative GCD\n}\n\nvoid compute(int n) {\n    long long gcd_dv = gcd(d[n], v[n]); // Calculate GCD once\n    d[n] /= gcd_dv; // Reduce d[n] by GCD\n    v[n] /= gcd_dv; // Reduce v[n] by GCD\n}\n\nint main() {\n    int n;\n    while (scanf("%d", &n), n) {\n        long long a, b;\n        for (int i = 0; i < n; i++) {\n            scanf("%lld %lld", &d[i], &v[i]); // using scanf for faster input\n            compute(i);\n        }\n        a = (d[0] * d[1]) / gcd(d[0], d[1]);\n        b = gcd(v[0], v[1]);\n        for (int i = 2; i < n; i++) {\n            a = (a * d[i]) / gcd(a, d[i]);\n            b = gcd(b, v[i]);\n        }\n        for (int i = 0; i < n; i++) {\n            printf("%lld\\n", a * v[i] / (b * d[i])); // using printf for faster output\n        }\n    }\n    return 0;\n}') | LineLLMMutation(('source.cpp', 30), '#include <cstdio>\n#include <algorithm>\n\nusing namespace std;\n\nlong long d[10], v[10];\n\n// Optimized GCD function using the Euclidean algorithm\nlong long gcd(long long a, long long b) {\n    return b == 0 ? a : gcd(b, a % b); // Recursive GCD\n}\n\nvoid compute(int n) {\n    long long gcd_dv = gcd(d[n], v[n]); // Calculate GCD once\n    d[n] /= gcd_dv; // Reduce d[n] by GCD\n    v[n] /= gcd_dv; // Reduce v[n] by GCD\n}\n\nint main() {\n    int n;\n    while (scanf("%d", &n), n) {\n        long long a, b;\n        for (int i = 0; i < n; i++) {\n            scanf("%lld %lld", &d[i], &v[i]); // using scanf for faster input\n            compute(i);\n        }\n        a = (d[0] * d[1]) / gcd(d[0], d[1]);\n        b = gcd(v[0], v[1]);\n        for (int i = 2; i < n; i++) {\n            a = (a * d[i]) / gcd(a, d[i]);\n            b = gcd(b, v[i]);\n        }\n        for (int i = 0; i < n; i++) {\n            printf("%lld\\n", a * v[i] / (b * d[i])); // using printf for faster output\n        }\n    }\n    return 0;\n}')"
2025-01-23 23:27:50,158	[INFO]	Step: 82
2025-01-23 23:27:50,158	[INFO]	Stop Steps: 100
2025-01-23 23:27:50,503	[DEBUG]	EXEC>  SUCCESS 956496.875
2025-01-23 23:27:50,504	[INFO]	8-3     SUCCESS               956496.88 (39.54%) [1 edit(s)]  
2025-01-23 23:27:50,504	[DEBUG]	patch(8-3)="LineLLMCrossover(('source.cpp', 28), '#include <cstdio>\n#include <algorithm>\n\nusing namespace std;\n\nlong long d[10], v[10];\n\nlong long gcd(long long a, long long b) {\n    while (b != 0) {\n        long long temp = b;\n        b = a % b;\n        a = temp;\n    }\n    return a; // Iterative GCD\n}\n\nvoid compute(int n) {\n    long long gcd_dv = gcd(d[n], v[n]); // Calculate GCD once\n    d[n] /= gcd_dv; // Reduce d[n] by GCD\n    v[n] /= gcd_dv; // Reduce v[n] by GCD\n}\n\nint main() {\n    int n;\n    while (scanf("%d", &n), n) {\n        long long a = 1, b = 0; // Initialize for LCM and GCD\n        for (int i = 0; i < n; i++) {\n            scanf("%lld %lld", &d[i], &v[i]); // using scanf for faster input\n            compute(i);\n            if (i == 0) {\n                a = d[i];\n                b = v[i];\n            } else {\n                a = (a * d[i]) / gcd(a, d[i]); // Use calculated GCD\n                b = gcd(b, v[i]);\n            }\n        }\n        for (int i = 0; i < n; i++) {\n            printf("%lld\\n", a * v[i] / (b * d[i])); // using printf for faster output\n        }\n    }\n    return 0;\n}')"
2025-01-23 23:27:50,504	[INFO]	Step: 83
2025-01-23 23:27:50,504	[INFO]	Stop Steps: 100
2025-01-23 23:27:50,853	[DEBUG]	EXEC>  SUCCESS 946950.125
2025-01-23 23:27:50,853	[INFO]	8-4     SUCCESS              *946950.12 (39.14%) [1 edit(s)]  
2025-01-23 23:27:50,854	[DEBUG]	patch(8-4)="LineLLMCrossover(('source.cpp', 29), '#include <cstdio>\n#include <algorithm>\n\nusing namespace std;\n\nlong long d[10], v[10];\n\n// Optimized GCD function using the Euclidean algorithm\nlong long gcd(long long a, long long b) {\n    return b == 0 ? a : gcd(b, a % b); // Recursive GCD\n}\n\nvoid compute(int n) {\n    long long gcd_dv = gcd(d[n], v[n]); // Calculate GCD once\n    d[n] /= gcd_dv; // Reduce d[n] by GCD\n    v[n] /= gcd_dv; // Reduce v[n] by GCD\n}\n\nint main() {\n    int n;\n    while (scanf("%d", &n), n) {\n        long long a = 1, b = 0; // Initialize for LCM and GCD\n        for (int i = 0; i < n; i++) {\n            scanf("%lld %lld", &d[i], &v[i]); // using scanf for faster input\n            compute(i);\n            if (i == 0) {\n                a = d[i];\n                b = v[i];\n            } else {\n                a = (a * d[i]) / gcd(a, d[i]); // Use calculated GCD\n                b = gcd(b, v[i]);\n            }\n        }\n        for (int i = 0; i < n; i++) {\n            printf("%lld\\n", a * v[i] / (b * d[i])); // using printf for faster output\n        }\n    }\n    return 0;\n}')"

2025-01-23 23:27:50,854	[INFO]	Step: 84
2025-01-23 23:27:50,854	[INFO]	Stop Steps: 100
2025-01-23 23:27:51,037	[INFO]	8-5     TEST_CODE_ERROR       None (--) [1 edit(s)]  
2025-01-23 23:27:51,038	[DEBUG]	patch(8-5)="LineLLMCrossover(('source.cpp', 30), '#include <cstdio>\n#include <algorithm>\n\nusing namespace std;\n\nlong long d[10], v[10];\n\nlong long gcd(long long a, long long b) {\n    while (b != 0) {\n        long long temp = b;\n        b = a % b;\n        a = temp;\n    }\n    return a; // Iterative GCD\n}\n\nvoid compute(int n) {\n    long long gcd_dv = gcd(d[n], v[n]); // Calculate GCD once\n    d[n] /= gcd_dv; // Reduce d[n] by GCD\n    v[n] /= gcd_dv; // Reduce v[n] by GCD\n}\n\nint main() {\n    int n;\n    while (scanf("%d", &n), n) {\n        long long a = d[0], b = v[0]; // Initialize directly with d[0] and v[0]\n        for (int i = 0; i < n; i++) {\n            scanf("%lld %lld", &d[i], &v[i]); // using scanf for faster input\n            compute(i);\n        }\n        for (int i = 1; i < n; i++) {\n            a = (a * d[i]) / gcd(a, d[i]);\n            b = gcd(b, v[i]);\n        }\n        for (int i = 0; i < n; i++) {\n            printf("%lld\\n", a * v[i] / (b * d[i])); // using printf for faster output\n        }\n    }\n    return 0;\n}')"
2025-01-23 23:27:51,038	[INFO]	Step: 85
2025-01-23 23:27:51,038	[INFO]	Stop Steps: 100
2025-01-23 23:27:51,374	[DEBUG]	EXEC>  SUCCESS 966413.5
2025-01-23 23:27:51,375	[INFO]	8-6     SUCCESS               966413.50 (39.95%) [1 edit(s)]  
2025-01-23 23:27:51,375	[DEBUG]	patch(8-6)="LineLLMCrossover(('source.cpp', 31), '#include <cstdio>\n#include <algorithm>\n\nusing namespace std;\n\nlong long d[10], v[10];\n\nlong long gcd(long long a, long long b) {\n    while (b != 0) {\n        long long temp = b;\n        b = a % b;\n        a = temp;\n    }\n    return a; // Iterative GCD\n}\n\nint main() {\n    int n;\n    while (scanf("%d", &n), n) {\n        long long a, b;\n        for (int i = 0; i < n; i++) {\n            scanf("%lld %lld", &d[i], &v[i]); // using scanf for faster input\n            if (i == 0) {\n                a = d[i];\n                b = v[i];\n            } else {\n                long long common_gcd = gcd(d[i], v[i]); // Calculate GCD\n                d[i] /= common_gcd; // Reduce d[i] by GCD\n                v[i] /= common_gcd; // Reduce v[i] by GCD\n                a = (a * d[i]) / gcd(a, d[i]); // Use calculated GCD\n                b = gcd(b, v[i]);\n            }\n        }\n        for (int i = 0; i < n; i++) {\n            printf("%lld\\n", a * v[i] / (b * d[i])); // using printf for faster output\n        }\n    }\n    return 0;\n}')"
2025-01-23 23:27:51,375	[INFO]	Step: 86
2025-01-23 23:27:51,375	[INFO]	Stop Steps: 100
2025-01-23 23:27:51,721	[DEBUG]	EXEC>  SUCCESS 955879.875
2025-01-23 23:27:51,721	[INFO]	8-7     SUCCESS               955879.88 (39.51%) [2 edit(s)]  
2025-01-23 23:27:51,721	[DEBUG]	patch(8-7)="LineLLMCrossover(('source.cpp', 27), '#include <cstdio>\n#include <algorithm>\n\nusing namespace std;\n\nlong long d[10], v[10];\n\nlong long gcd(long long a, long long b) {\n    while (b != 0) {\n        long long temp = b;\n        b = a % b;\n        a = temp;\n    }\n    return a; // Iterative GCD\n}\n\nint main() {\n    int n;\n    while (scanf("%d", &n), n) {\n        long long a = 1, b = 0; // Initialize for LCM and GCD\n        for (int i = 0; i < n; i++) {\n            scanf("%lld %lld", &d[i], &v[i]); // using scanf for faster input\n            if (i == 0) {\n                a = d[i];\n                b = v[i];\n            } else {\n                long long common_gcd = gcd(d[i], v[i]); // Calculate GCD\n                d[i] /= common_gcd; // Reduce d[i] by GCD\n                v[i] /= common_gcd; // Reduce v[i] by GCD\n                a = (a * d[i]) / gcd(a, d[i]); // Use calculated GCD\n                b = gcd(b, v[i]);\n            }\n        }\n        for (int i = 0; i < n; i++) {\n            printf("%lld\\n", a * v[i] / (b * d[i])); // using printf for faster output\n        }\n    }\n    return 0;\n}') | LineLLMMutation(('source.cpp', 38), '#include <cstdio>\n#include <algorithm>\n\nusing namespace std;\n\nlong long d[10], v[10];\n\nlong long gcd(long long a, long long b) {\n    while (b != 0) {\n        long long temp = b;\n        b = a % b;\n        a = temp;\n    }\n    return a; // Iterative GCD\n}\n\nlong long lcm(long long a, long long b) {\n    return (a / gcd(a, b)) * b; // Calculate LCM using GCD\n}\n\nint main() {\n    int n;\n    while (scanf("%d", &n), n) {\n        long long a = 1, b = 0; // Initialize for LCM and GCD\n        for (int i = 0; i < n; i++) {\n            scanf("%lld %lld", &d[i], &v[i]); // using scanf for faster input\n            if (i == 0) {\n                a = d[i];\n                b = v[i];\n            } else {\n                long long common_gcd = gcd(d[i], v[i]); // Calculate GCD\n                d[i] /= common_gcd; // Reduce d[i] by GCD\n                v[i] /= common_gcd; // Reduce v[i] by GCD\n                a = lcm(a, d[i]); // Use the optimized LCM calculation\n                b = gcd(b, v[i]);\n            }\n        }\n        for (int i = 0; i < n; i++) {\n            printf("%lld\\n", a * v[i] / (b * d[i])); // using printf for faster output\n        }\n    }\n    return 0;\n}')"
2025-01-23 23:27:51,721	[INFO]	Step: 87
2025-01-23 23:27:51,722	[INFO]	Stop Steps: 100
2025-01-23 23:27:52,067	[DEBUG]	EXEC>  SUCCESS 955439.125
2025-01-23 23:27:52,068	[INFO]	8-8     SUCCESS               955439.12 (39.50%) [4 edit(s)]  
2025-01-23 23:27:52,068	[DEBUG]	patch(8-8)="LineLLMCrossover(('source.cpp', 8), '#include <cstdio>\n#include <algorithm>\n\nusing namespace std;\n\nlong long d[10], v[10];\n\nlong long gcd(long long a, long long b) {\n    return b == 0 ? a : gcd(b, a % b); // Efficient recursive GCD\n}\n\nvoid compute(int n) {\n    long long gcd_dv = gcd(d[n], v[n]); // Calculate GCD once\n    d[n] /= gcd_dv; // Reduce d[n] by GCD\n    v[n] /= gcd_dv; // Reduce v[n] by GCD\n}\n\nint main() {\n    int n;\n    while (scanf("%d", &n), n) {\n        long long a, b;\n        for (int i = 0; i < n; i++) {\n            scanf("%lld %lld", &d[i], &v[i]); // using scanf for faster input\n            compute(i);\n        }\n        a = (d[0] * d[1]) / gcd(d[0], d[1]);\n        b = gcd(v[0], v[1]);\n        for (int i = 2; i < n; i++) {\n            a = (a * d[i]) / gcd(a, d[i]);\n            b = gcd(b, v[i]);\n        }\n        for (int i = 0; i < n; i++) {\n            printf("%lld\\n", a * v[i] / (b * d[i])); // using printf for faster output\n        }\n    }\n    return 0;\n}') | LineLLMMutation(('source.cpp', 24), '#include <cstdio>\n#include <algorithm>\n\nusing namespace std;\n\nlong long d[10], v[10];\n\nlong long gcd(long long a, long long b) {\n    while (b != 0) {\n        long long temp = b;\n        b = a % b;\n        a = temp;\n    }\n    return a; // Iterative GCD\n}\n\nvoid compute(int n) {\n    long long gcd_dv = gcd(d[n], v[n]); // Calculate GCD once\n    d[n] /= gcd_dv; // Reduce d[n] by GCD\n    v[n] /= gcd_dv; // Reduce v[n] by GCD\n}\n\nint main() {\n    int n;\n    while (scanf("%d", &n), n) {\n        long long a, b;\n        for (int i = 0; i < n; i++) {\n            scanf("%lld %lld", &d[i], &v[i]); // using scanf for faster input\n            compute(i);\n        }\n        a = (d[0] * d[1]) / gcd(d[0], d[1]);\n        b = gcd(v[0], v[1]);\n        for (int i = 2; i < n; i++) {\n            a = (a * d[i]) / gcd(a, d[i]);\n            b = gcd(b, v[i]);\n        }\n        for (int i = 0; i < n; i++) {\n            printf("%lld\\n", a * v[i] / (b * d[i])); // using printf for faster output\n        }\n    }\n    return 0;\n}') | LineLLMMutation(('source.cpp', 30), '#include <cstdio>\n#include <algorithm>\n\nusing namespace std;\n\nlong long d[10], v[10];\n\n// Optimized GCD function using the Euclidean algorithm\nlong long gcd(long long a, long long b) {\n    return b == 0 ? a : gcd(b, a % b); // Recursive GCD\n}\n\nvoid compute(int n) {\n    long long gcd_dv = gcd(d[n], v[n]); // Calculate GCD once\n    d[n] /= gcd_dv; // Reduce d[n] by GCD\n    v[n] /= gcd_dv; // Reduce v[n] by GCD\n}\n\nint main() {\n    int n;\n    while (scanf("%d", &n), n) {\n        long long a, b;\n        for (int i = 0; i < n; i++) {\n            scanf("%lld %lld", &d[i], &v[i]); // using scanf for faster input\n            compute(i);\n        }\n        a = (d[0] * d[1]) / gcd(d[0], d[1]);\n        b = gcd(v[0], v[1]);\n        for (int i = 2; i < n; i++) {\n            a = (a * d[i]) / gcd(a, d[i]);\n            b = gcd(b, v[i]);\n        }\n        for (int i = 0; i < n; i++) {\n            printf("%lld\\n", a * v[i] / (b * d[i])); // using printf for faster output\n        }\n    }\n    return 0;\n}') | LineLLMMutation(('source.cpp', 39), '#include <cstdio>\n#include <algorithm>\n\nusing namespace std;\n\nlong long d[10], v[10];\n\n// Optimized GCD function using the iterative Euclidean algorithm\nlong long gcd(long long a, long long b) {\n    while (b != 0) {\n        long long temp = b;\n        b = a % b;\n        a = temp;\n    }\n    return a; // Iterative GCD\n}\n\nvoid compute(int n) {\n    long long gcd_dv = gcd(d[n], v[n]); // Calculate GCD once\n    d[n] /= gcd_dv; // Reduce d[n] by GCD\n    v[n] /= gcd_dv; // Reduce v[n] by GCD\n}\n\nint main() {\n    int n;\n    while (scanf("%d", &n), n) {\n        long long a, b;\n        for (int i = 0; i < n; i++) {\n            scanf("%lld %lld", &d[i], &v[i]); // using scanf for faster input\n            compute(i);\n        }\n        a = (d[0] * d[1]) / gcd(d[0], d[1]);\n        b = gcd(v[0], v[1]);\n        for (int i = 2; i < n; i++) {\n            a = (a * d[i]) / gcd(a, d[i]);\n            b = gcd(b, v[i]);\n        }\n        for (int i = 0; i < n; i++) {\n            printf("%lld\\n", a * v[i] / (b * d[i])); // using printf for faster output\n        }\n    }\n    return 0;\n}')"
2025-01-23 23:27:52,068	[INFO]	Step: 88
2025-01-23 23:27:52,068	[INFO]	Stop Steps: 100
2025-01-23 23:27:52,410	[DEBUG]	EXEC>  SUCCESS 953991.3125
2025-01-23 23:27:52,410	[INFO]	8-9     SUCCESS               953991.31 (39.44%) [2 edit(s)]  
2025-01-23 23:27:52,410	[DEBUG]	patch(8-9)="LineLLMCrossover(('source.cpp', 25), '#include <cstdio>\n#include <algorithm>\n\nusing namespace std;\n\nlong long d[10], v[10];\n\nlong long gcd(long long a, long long b) {\n    while (b != 0) {\n        long long temp = b;\n        b = a % b;\n        a = temp;\n    }\n    return a; // Iterative GCD\n}\n\nvoid compute(int n) {\n    long long gcd_dv = gcd(d[n], v[n]); // Calculate GCD once\n    d[n] /= gcd_dv; // Reduce d[n] by GCD\n    v[n] /= gcd_dv; // Reduce v[n] by GCD\n}\n\nint main() {\n    int n;\n    while (scanf("%d", &n), n) {\n        long long a, b;\n        for (int i = 0; i < n; i++) {\n            scanf("%lld %lld", &d[i], &v[i]); // using scanf for faster input\n            compute(i);\n        }\n        a = d[0]; // Initialize a directly with d[0]\n        b = v[0]; // Initialize b directly with v[0]\n        for (int i = 1; i < n; i++) {\n            a = (a * d[i]) / gcd(a, d[i]);\n            b = gcd(b, v[i]);\n        }\n        for (int i = 0; i < n; i++) {\n            printf("%lld\\n", a * v[i] / (b * d[i])); // using printf for faster output\n        }\n    }\n    return 0;\n}') | LineLLMMutation(('source.cpp', 40), '#include <cstdio>\n#include <algorithm>\n\nusing namespace std;\n\nlong long d[10], v[10];\n\nlong long gcd(long long a, long long b) {\n    while (b != 0) {\n        long long temp = b;\n        b = a % b;\n        a = temp;\n    }\n    return a; // Iterative GCD\n}\n\nvoid compute(int n) {\n    long long gcd_dv = gcd(d[n], v[n]); // Calculate GCD once\n    // Combine the reduction of d[n] and v[n] into a single statement\n    d[n] /= gcd_dv, v[n] /= gcd_dv; // Reduce d[n] and v[n] by GCD in one line\n}\n\nint main() {\n    int n;\n    while (scanf("%d", &n), n) {\n        long long a, b;\n        for (int i = 0; i < n; i++) {\n            scanf("%lld %lld", &d[i], &v[i]); // using scanf for faster input\n            compute(i);\n        }\n        a = d[0]; // Initialize a directly with d[0]\n        b = v[0]; // Initialize b directly with v[0]\n        for (int i = 1; i < n; i++) {\n            a = (a * d[i]) / gcd(a, d[i]);\n            b = gcd(b, v[i]);\n        }\n        for (int i = 0; i < n; i++) {\n            printf("%lld\\n", a * v[i] / (b * d[i])); // using printf for faster output\n        }\n    }\n    return 0;\n}')"
2025-01-23 23:27:52,410	[INFO]	Step: 89
2025-01-23 23:27:52,410	[INFO]	Stop Steps: 100
2025-01-23 23:27:52,767	[DEBUG]	EXEC>  SUCCESS 979283.875
2025-01-23 23:27:52,767	[INFO]	8-10    SUCCESS               979283.88 (40.48%) [5 edit(s)]  
2025-01-23 23:27:52,768	[DEBUG]	patch(8-10)="LineLLMCrossover(('source.cpp', 8), '#include <cstdio>\n#include <algorithm>\n\nusing namespace std;\n\nlong long d[10], v[10];\n\nlong long gcd(long long a, long long b) {\n    return b == 0 ? a : gcd(b, a % b); // Efficient recursive GCD\n}\n\nvoid compute(int n) {\n    long long gcd_dv = gcd(d[n], v[n]); // Calculate GCD once\n    d[n] /= gcd_dv; // Reduce d[n] by GCD\n    v[n] /= gcd_dv; // Reduce v[n] by GCD\n}\n\nint main() {\n    int n;\n    while (scanf("%d", &n), n) {\n        long long a, b;\n        for (int i = 0; i < n; i++) {\n            scanf("%lld %lld", &d[i], &v[i]); // using scanf for faster input\n            compute(i);\n        }\n        a = (d[0] * d[1]) / gcd(d[0], d[1]);\n        b = gcd(v[0], v[1]);\n        for (int i = 2; i < n; i++) {\n            a = (a * d[i]) / gcd(a, d[i]);\n            b = gcd(b, v[i]);\n        }\n        for (int i = 0; i < n; i++) {\n            printf("%lld\\n", a * v[i] / (b * d[i])); // using printf for faster output\n        }\n    }\n    return 0;\n}') | LineLLMMutation(('source.cpp', 24), '#include <cstdio>\n#include <algorithm>\n\nusing namespace std;\n\nlong long d[10], v[10];\n\nlong long gcd(long long a, long long b) {\n    while (b != 0) {\n        long long temp = b;\n        b = a % b;\n        a = temp;\n    }\n    return a; // Iterative GCD\n}\n\nvoid compute(int n) {\n    long long gcd_dv = gcd(d[n], v[n]); // Calculate GCD once\n    d[n] /= gcd_dv; // Reduce d[n] by GCD\n    v[n] /= gcd_dv; // Reduce v[n] by GCD\n}\n\nint main() {\n    int n;\n    while (scanf("%d", &n), n) {\n        long long a, b;\n        for (int i = 0; i < n; i++) {\n            scanf("%lld %lld", &d[i], &v[i]); // using scanf for faster input\n            compute(i);\n        }\n        a = (d[0] * d[1]) / gcd(d[0], d[1]);\n        b = gcd(v[0], v[1]);\n        for (int i = 2; i < n; i++) {\n            a = (a * d[i]) / gcd(a, d[i]);\n            b = gcd(b, v[i]);\n        }\n        for (int i = 0; i < n; i++) {\n            printf("%lld\\n", a * v[i] / (b * d[i])); // using printf for faster output\n        }\n    }\n    return 0;\n}') | LineLLMMutation(('source.cpp', 30), '#include <cstdio>\n#include <algorithm>\n\nusing namespace std;\n\nlong long d[10], v[10];\n\n// Optimized GCD function using the Euclidean algorithm\nlong long gcd(long long a, long long b) {\n    return b == 0 ? a : gcd(b, a % b); // Recursive GCD\n}\n\nvoid compute(int n) {\n    long long gcd_dv = gcd(d[n], v[n]); // Calculate GCD once\n    d[n] /= gcd_dv; // Reduce d[n] by GCD\n    v[n] /= gcd_dv; // Reduce v[n] by GCD\n}\n\nint main() {\n    int n;\n    while (scanf("%d", &n), n) {\n        long long a, b;\n        for (int i = 0; i < n; i++) {\n            scanf("%lld %lld", &d[i], &v[i]); // using scanf for faster input\n            compute(i);\n        }\n        a = (d[0] * d[1]) / gcd(d[0], d[1]);\n        b = gcd(v[0], v[1]);\n        for (int i = 2; i < n; i++) {\n            a = (a * d[i]) / gcd(a, d[i]);\n            b = gcd(b, v[i]);\n        }\n        for (int i = 0; i < n; i++) {\n            printf("%lld\\n", a * v[i] / (b * d[i])); // using printf for faster output\n        }\n    }\n    return 0;\n}') | LineLLMMutation(('source.cpp', 34), '#include <cstdio>\n#include <algorithm>\n\nusing namespace std;\n\nlong long d[10], v[10];\n\n// Optimized GCD function using the iterative Euclidean algorithm\nlong long gcd(long long a, long long b) {\n    while (b != 0) {\n        long long temp = b;\n        b = a % b;\n        a = temp;\n    }\n    return a; // Iterative GCD\n}\n\nvoid compute(int n) {\n    long long gcd_dv = gcd(d[n], v[n]); // Calculate GCD once\n    d[n] /= gcd_dv; // Reduce d[n] by GCD\n    v[n] /= gcd_dv; // Reduce v[n] by GCD\n}\n\nint main() {\n    int n;\n    while (scanf("%d", &n), n) {\n        long long a, b;\n        for (int i = 0; i < n; i++) {\n            scanf("%lld %lld", &d[i], &v[i]); // using scanf for faster input\n            compute(i);\n        }\n        a = (d[0] * d[1]) / gcd(d[0], d[1]);\n        b = gcd(v[0], v[1]);\n        for (int i = 2; i < n; i++) {\n            a = (a * d[i]) / gcd(a, d[i]);\n            b = gcd(b, v[i]);\n        }\n        for (int i = 0; i < n; i++) {\n            printf("%lld\\n", a * v[i] / (b * d[i])); // using printf for faster output\n        }\n    }\n    return 0;\n}') | LineLLMMutation(('source.cpp', 41), '#include <cstdio>\n#include <algorithm>\n\nusing namespace std;\n\nlong long d[10], v[10];\n\n// Optimized GCD function using the iterative Euclidean algorithm\nlong long gcd(long long a, long long b) {\n    while (b != 0) {\n        long long temp = b;\n        b = a % b;\n        a = temp;\n    }\n    return a; // Iterative GCD\n}\n\nvoid compute(int n) {\n    // Precompute the GCD for all pairs\n    long long gcd_dv = gcd(d[n], v[n]); // Calculate GCD once\n    d[n] /= gcd_dv; // Reduce d[n] by GCD\n    v[n] /= gcd_dv; // Reduce v[n] by GCD\n}\n\nint main() {\n    int n;\n    while (scanf("%d", &n), n) {\n        long long a, b;\n        for (int i = 0; i < n; i++) {\n            scanf("%lld %lld", &d[i], &v[i]); // using scanf for faster input\n        }\n        \n        // Compute GCDs for the first element\n        compute(0);\n        a = d[0];\n        b = v[0];\n\n        for (int i = 1; i < n; i++) {\n            compute(i);\n            a = (a * d[i]) / gcd(a, d[i]);\n            b = gcd(b, v[i]);\n        }\n        for (int i = 0; i < n; i++) {\n            printf("%lld\\n", a * v[i] / (b * d[i])); // using printf for faster output\n        }\n    }\n    return 0;\n}')"
2025-01-23 23:27:52,768	[INFO]	Step: 90
2025-01-23 23:27:52,768	[INFO]	Stop Steps: 100
2025-01-23 23:27:54,292	[DEBUG]	EXEC>  SUCCESS 2429945.6875
2025-01-23 23:27:54,292	[INFO]	REF     SUCCESS               2429945.69 (--) [0 edit(s)]  
2025-01-23 23:27:54,292	[INFO]	Best patch: 29
2025-01-23 23:27:54,635	[DEBUG]	EXEC>  SUCCESS 954707.1875
2025-01-23 23:27:54,635	[INFO]	BEST    SUCCESS              *954707.19 (39.29%) [0 edit(s)]  
2025-01-23 23:27:54,635	[INFO]	Best patch step: 83
2025-01-23 23:28:52,849	[INFO]	Step: 90
2025-01-23 23:28:52,849	[INFO]	Stop Steps: 100
2025-01-23 23:28:53,386	[DEBUG]	EXEC>  SUCCESS 940835.625
2025-01-23 23:28:53,386	[INFO]	9-1     SUCCESS              *940835.62 (38.72%) [1 edit(s)]  
2025-01-23 23:28:53,386	[DEBUG]	patch(9-1)="LineLLMCrossover(('source.cpp', 29), '#include <cstdio>\n#include <algorithm>\n\nusing namespace std;\n\nlong long d[10], v[10];\n\n// Optimized GCD function using the Euclidean algorithm\nlong long gcd(long long a, long long b) {\n    return b == 0 ? a : gcd(b, a % b); // Recursive GCD\n}\n\nvoid compute(int n) {\n    long long gcd_dv = gcd(d[n], v[n]); // Calculate GCD once\n    d[n] /= gcd_dv; // Reduce d[n] by GCD\n    v[n] /= gcd_dv; // Reduce v[n] by GCD\n}\n\nint main() {\n    int n;\n    while (scanf("%d", &n), n) {\n        long long a = 1, b = 0; // Initialize for LCM and GCD\n        for (int i = 0; i < n; i++) {\n            scanf("%lld %lld", &d[i], &v[i]); // using scanf for faster input\n            compute(i);\n            if (i == 0) {\n                a = d[i];\n                b = v[i];\n            } else {\n                a = (a * d[i]) / gcd(a, d[i]); // Use calculated GCD\n                b = gcd(b, v[i]);\n            }\n        }\n        for (int i = 0; i < n; i++) {\n            printf("%lld\\n", a * v[i] / (b * d[i])); // using printf for faster output\n        }\n    }\n    return 0;\n}')"

2025-01-23 23:28:53,386	[INFO]	Step: 91
2025-01-23 23:28:53,386	[INFO]	Stop Steps: 100
2025-01-23 23:28:53,724	[DEBUG]	EXEC>  SUCCESS 941495.6875
2025-01-23 23:28:53,724	[INFO]	9-2     SUCCESS               941495.69 (38.75%) [1 edit(s)]  
2025-01-23 23:28:53,724	[DEBUG]	patch(9-2)="LineLLMCrossover(('source.cpp', 27), '#include <cstdio>\n#include <algorithm>\n\nusing namespace std;\n\nlong long d[10], v[10];\n\nlong long gcd(long long a, long long b) {\n    while (b != 0) {\n        long long temp = b;\n        b = a % b;\n        a = temp;\n    }\n    return a; // Iterative GCD\n}\n\nint main() {\n    int n;\n    while (scanf("%d", &n), n) {\n        long long a = 1, b = 0; // Initialize for LCM and GCD\n        for (int i = 0; i < n; i++) {\n            scanf("%lld %lld", &d[i], &v[i]); // using scanf for faster input\n            if (i == 0) {\n                a = d[i];\n                b = v[i];\n            } else {\n                long long common_gcd = gcd(d[i], v[i]); // Calculate GCD\n                d[i] /= common_gcd; // Reduce d[i] by GCD\n                v[i] /= common_gcd; // Reduce v[i] by GCD\n                a = (a * d[i]) / gcd(a, d[i]); // Use calculated GCD\n                b = gcd(b, v[i]);\n            }\n        }\n        for (int i = 0; i < n; i++) {\n            printf("%lld\\n", a * v[i] / (b * d[i])); // using printf for faster output\n        }\n    }\n    return 0;\n}')"
2025-01-23 23:28:53,724	[INFO]	Step: 92
2025-01-23 23:28:53,724	[INFO]	Stop Steps: 100
2025-01-23 23:28:54,065	[DEBUG]	EXEC>  SUCCESS 965850.8125
2025-01-23 23:28:54,065	[INFO]	9-3     SUCCESS               965850.81 (39.75%) [1 edit(s)]  
2025-01-23 23:28:54,065	[DEBUG]	patch(9-3)="LineLLMCrossover(('source.cpp', 32), '#include <cstdio>\n#include <algorithm>\n\nusing namespace std;\n\nlong long d[10], v[10];\n\n// Iterative GCD function\nlong long gcd(long long a, long long b) {\n    while (b != 0) {\n        long long temp = b;\n        b = a % b;\n        a = temp;\n    }\n    return a; // Iterative GCD\n}\n\nvoid compute(int n) {\n    long long gcd_dv = gcd(d[n], v[n]); // Calculate GCD once\n    d[n] /= gcd_dv; // Reduce d[n] by GCD\n    v[n] /= gcd_dv; // Reduce v[n] by GCD\n}\n\nint main() {\n    int n;\n    while (scanf("%d", &n), n) {\n        long long a = 1, b = 0; // Initialize for LCM and GCD\n        for (int i = 0; i < n; i++) {\n            scanf("%lld %lld", &d[i], &v[i]); // using scanf for faster input\n            compute(i);\n            if (i == 0) {\n                a = d[i];\n                b = v[i];\n            } else {\n                a = (a * d[i]) / gcd(a, d[i]); // Use calculated GCD\n                b = gcd(b, v[i]);\n            }\n        }\n        for (int i = 0; i < n; i++) {\n            printf("%lld\\n", a * v[i] / (b * d[i])); // using printf for faster output\n        }\n    }\n    return 0;\n}')"
2025-01-23 23:28:54,065	[INFO]	Step: 93
2025-01-23 23:28:54,065	[INFO]	Stop Steps: 100
2025-01-23 23:28:54,409	[DEBUG]	EXEC>  SUCCESS 958914.25
2025-01-23 23:28:54,409	[INFO]	9-4     SUCCESS               958914.25 (39.46%) [1 edit(s)]  
2025-01-23 23:28:54,409	[DEBUG]	patch(9-4)="LineLLMCrossover(('source.cpp', 33), '#include <cstdio>\n#include <algorithm>\n\nusing namespace std;\n\nlong long d[10], v[10];\n\n// Optimized GCD function using the iterative Euclidean algorithm\nlong long gcd(long long a, long long b) {\n    while (b != 0) {\n        long long temp = b;\n        b = a % b;\n        a = temp;\n    }\n    return a; // Iterative GCD\n}\n\nint main() {\n    int n;\n    while (scanf("%d", &n), n) {\n        long long a = 1, b = 0; // Initialize for LCM and GCD\n        for (int i = 0; i < n; i++) {\n            scanf("%lld %lld", &d[i], &v[i]); // using scanf for faster input\n            if (i == 0) {\n                a = d[i];\n                b = v[i];\n            } else {\n                long long common_gcd = gcd(d[i], v[i]); // Calculate GCD\n                d[i] /= common_gcd; // Reduce d[i] by GCD\n                v[i] /= common_gcd; // Reduce v[i] by GCD\n                a = (a * d[i]) / gcd(a, d[i]); // Use calculated GCD\n                b = gcd(b, v[i]);\n            }\n        }\n        for (int i = 0; i < n; i++) {\n            printf("%lld\\n", a * v[i] / (b * d[i])); // using printf for faster output\n        }\n    }\n    return 0;\n}')"
2025-01-23 23:28:54,409	[INFO]	Step: 94
2025-01-23 23:28:54,410	[INFO]	Stop Steps: 100
2025-01-23 23:28:54,748	[DEBUG]	EXEC>  SUCCESS 965996.0625
2025-01-23 23:28:54,749	[INFO]	9-5     SUCCESS               965996.06 (39.75%) [1 edit(s)]  
2025-01-23 23:28:54,749	[DEBUG]	patch(9-5)="LineLLMCrossover(('source.cpp', 34), '#include <cstdio>\n#include <algorithm>\n\nusing namespace std;\n\nlong long d[10], v[10];\n\n// Iterative GCD function\nlong long gcd(long long a, long long b) {\n    while (b != 0) {\n        long long temp = b;\n        b = a % b;\n        a = temp;\n    }\n    return a; // Iterative GCD\n}\n\nvoid compute(int n) {\n    long long gcd_dv = gcd(d[n], v[n]); // Calculate GCD once\n    d[n] /= gcd_dv, v[n] /= gcd_dv; // Reduce d[n] and v[n] by GCD in one line\n}\n\nint main() {\n    int n;\n    while (scanf("%d", &n), n) {\n        long long a, b;\n        for (int i = 0; i < n; i++) {\n            scanf("%lld %lld", &d[i], &v[i]); // using scanf for faster input\n            compute(i);\n        }\n        a = d[0]; // Initialize a directly with d[0]\n        b = v[0]; // Initialize b directly with v[0]\n        for (int i = 1; i < n; i++) {\n            a = (a * d[i]) / gcd(a, d[i]);\n            b = gcd(b, v[i]);\n        }\n        for (int i = 0; i < n; i++) {\n            printf("%lld\\n", a * v[i] / (b * d[i])); // using printf for faster output\n        }\n    }\n    return 0;\n}')"
2025-01-23 23:28:54,749	[INFO]	Step: 95
2025-01-23 23:28:54,749	[INFO]	Stop Steps: 100
2025-01-23 23:28:57,135	[INFO]	9-6     TEST_CODE_ERROR       None (--) [1 edit(s)]  
2025-01-23 23:28:57,135	[DEBUG]	patch(9-6)="LineLLMCrossover(('source.cpp', 35), '#include <cstdio>\n#include <algorithm>\n\nusing namespace std;\n\nlong long d[10], v[10];\n\n// Optimized GCD function using the iterative Euclidean algorithm\nlong long gcd(long long a, long long b) {\n    while (b != 0) {\n        long long temp = b;\n        b = a % b;\n        a = temp;\n    }\n    return a; // Iterative GCD\n}\n\nvoid compute(int n) {\n    long long gcd_dv = gcd(d[n], v[n]); // Calculate GCD once\n    d[n] /= gcd_dv; // Reduce d[n] by GCD\n    v[n] /= gcd_dv; // Reduce v[n] by GCD\n}\n\nint main() {\n    int n;\n    while (scanf("%d", &n), n) {\n        long long a = (d[0] * d[1]) / gcd(d[0], d[1]); // Initialize a with LCM of first two\n        long long b = gcd(v[0], v[1]); // Initialize b with GCD of first two\n        for (int i = 0; i < n; i++) {\n            scanf("%lld %lld", &d[i], &v[i]); // using scanf for faster input\n            compute(i);\n        }\n        for (int i = 2; i < n; i++) {\n            a = (a * d[i]) / gcd(a, d[i]);\n            b = gcd(b, v[i]);\n        }\n        for (int i = 0; i < n; i++) {\n            printf("%lld\\n", a * v[i] / (b * d[i])); // using printf for faster output\n        }\n    }\n    return 0;\n}')"
2025-01-23 23:28:57,135	[INFO]	Step: 96
2025-01-23 23:28:57,135	[INFO]	Stop Steps: 100
2025-01-23 23:28:57,487	[DEBUG]	EXEC>  SUCCESS 949762.6875
2025-01-23 23:28:57,487	[INFO]	9-7     SUCCESS               949762.69 (39.09%) [2 edit(s)]  
2025-01-23 23:28:57,487	[DEBUG]	patch(9-7)="LineLLMCrossover(('source.cpp', 29), '#include <cstdio>\n#include <algorithm>\n\nusing namespace std;\n\nlong long d[10], v[10];\n\n// Optimized GCD function using the Euclidean algorithm\nlong long gcd(long long a, long long b) {\n    return b == 0 ? a : gcd(b, a % b); // Recursive GCD\n}\n\nvoid compute(int n) {\n    long long gcd_dv = gcd(d[n], v[n]); // Calculate GCD once\n    d[n] /= gcd_dv; // Reduce d[n] by GCD\n    v[n] /= gcd_dv; // Reduce v[n] by GCD\n}\n\nint main() {\n    int n;\n    while (scanf("%d", &n), n) {\n        long long a = 1, b = 0; // Initialize for LCM and GCD\n        for (int i = 0; i < n; i++) {\n            scanf("%lld %lld", &d[i], &v[i]); // using scanf for faster input\n            compute(i);\n            if (i == 0) {\n                a = d[i];\n                b = v[i];\n            } else {\n                a = (a * d[i]) / gcd(a, d[i]); // Use calculated GCD\n                b = gcd(b, v[i]);\n            }\n        }\n        for (int i = 0; i < n; i++) {\n            printf("%lld\\n", a * v[i] / (b * d[i])); // using printf for faster output\n        }\n    }\n    return 0;\n}') | LineLLMMutation(('source.cpp', 42), '#include <cstdio>\n#include <algorithm>\n\nusing namespace std;\n\nlong long d[10], v[10];\n\n// Optimized GCD function using the iterative Euclidean algorithm\nlong long gcd(long long a, long long b) {\n    while (b != 0) {\n        long long temp = b;\n        b = a % b;\n        a = temp;\n    }\n    return a; // Iterative GCD\n}\n\nvoid compute(int n) {\n    long long gcd_dv = gcd(d[n], v[n]); // Calculate GCD once\n    d[n] /= gcd_dv; // Reduce d[n] by GCD\n    v[n] /= gcd_dv; // Reduce v[n] by GCD\n}\n\nint main() {\n    int n;\n    while (scanf("%d", &n), n) {\n        long long a = 1, b = 0; // Initialize for LCM and GCD\n        for (int i = 0; i < n; i++) {\n            scanf("%lld %lld", &d[i], &v[i]); // using scanf for faster input\n            compute(i);\n            if (i == 0) {\n                a = d[i];\n                b = v[i];\n            } else {\n                a = (a * d[i]) / gcd(a, d[i]); // Use calculated GCD\n                b = gcd(b, v[i]);\n            }\n        }\n        for (int i = 0; i < n; i++) {\n            printf("%lld\\n", a * v[i] / (b * d[i])); // using printf for faster output\n        }\n    }\n    return 0;\n}')"
2025-01-23 23:28:57,487	[INFO]	Step: 97
2025-01-23 23:28:57,487	[INFO]	Stop Steps: 100
2025-01-23 23:28:57,826	[DEBUG]	EXEC>  SUCCESS 947866.875
2025-01-23 23:28:57,826	[INFO]	9-8     SUCCESS               947866.88 (39.01%) [2 edit(s)]  
2025-01-23 23:28:57,826	[DEBUG]	patch(9-8)="LineLLMCrossover(('source.cpp', 27), '#include <cstdio>\n#include <algorithm>\n\nusing namespace std;\n\nlong long d[10], v[10];\n\nlong long gcd(long long a, long long b) {\n    while (b != 0) {\n        long long temp = b;\n        b = a % b;\n        a = temp;\n    }\n    return a; // Iterative GCD\n}\n\nint main() {\n    int n;\n    while (scanf("%d", &n), n) {\n        long long a = 1, b = 0; // Initialize for LCM and GCD\n        for (int i = 0; i < n; i++) {\n            scanf("%lld %lld", &d[i], &v[i]); // using scanf for faster input\n            if (i == 0) {\n                a = d[i];\n                b = v[i];\n            } else {\n                long long common_gcd = gcd(d[i], v[i]); // Calculate GCD\n                d[i] /= common_gcd; // Reduce d[i] by GCD\n                v[i] /= common_gcd; // Reduce v[i] by GCD\n                a = (a * d[i]) / gcd(a, d[i]); // Use calculated GCD\n                b = gcd(b, v[i]);\n            }\n        }\n        for (int i = 0; i < n; i++) {\n            printf("%lld\\n", a * v[i] / (b * d[i])); // using printf for faster output\n        }\n    }\n    return 0;\n}') | LineLLMMutation(('source.cpp', 43), '#include <cstdio>\n#include <algorithm>\n\nusing namespace std;\n\nlong long d[10], v[10];\n\nlong long gcd(long long a, long long b) {\n    while (b != 0) {\n        long long temp = b;\n        b = a % b;\n        a = temp;\n    }\n    return a; // Iterative GCD\n}\n\nint main() {\n    int n;\n    while (scanf("%d", &n), n) {\n        long long a = 1, b = 0; // Initialize for LCM and GCD\n        for (int i = 0; i < n; i++) {\n            scanf("%lld %lld", &d[i], &v[i]); // using scanf for faster input\n            if (i == 0) {\n                a = d[i];\n                b = v[i];\n            } else {\n                long long common_gcd = gcd(d[i], v[i]); // Calculate GCD\n                d[i] /= common_gcd; // Reduce d[i] by GCD\n                v[i] /= common_gcd; // Reduce v[i] by GCD\n                a = (a * d[i]) / gcd(a, d[i]); // Use calculated GCD\n                b = gcd(b, v[i]);\n            }\n        }\n        // Move the output calculation to a separate function to reduce complexity in main\n        for (int i = 0; i < n; i++) {\n            long long result = a * v[i] / (b * d[i]); // using printf for faster output\n            printf("%lld\\n", result);\n        }\n    }\n    return 0;\n}')"
2025-01-23 23:28:57,826	[INFO]	Step: 98
2025-01-23 23:28:57,826	[INFO]	Stop Steps: 100
2025-01-23 23:28:58,163	[DEBUG]	EXEC>  SUCCESS 972554.375
2025-01-23 23:28:58,163	[INFO]	9-9     SUCCESS               972554.38 (40.02%) [3 edit(s)]  
2025-01-23 23:28:58,163	[DEBUG]	patch(9-9)="LineLLMCrossover(('source.cpp', 25), '#include <cstdio>\n#include <algorithm>\n\nusing namespace std;\n\nlong long d[10], v[10];\n\nlong long gcd(long long a, long long b) {\n    while (b != 0) {\n        long long temp = b;\n        b = a % b;\n        a = temp;\n    }\n    return a; // Iterative GCD\n}\n\nvoid compute(int n) {\n    long long gcd_dv = gcd(d[n], v[n]); // Calculate GCD once\n    d[n] /= gcd_dv; // Reduce d[n] by GCD\n    v[n] /= gcd_dv; // Reduce v[n] by GCD\n}\n\nint main() {\n    int n;\n    while (scanf("%d", &n), n) {\n        long long a, b;\n        for (int i = 0; i < n; i++) {\n            scanf("%lld %lld", &d[i], &v[i]); // using scanf for faster input\n            compute(i);\n        }\n        a = d[0]; // Initialize a directly with d[0]\n        b = v[0]; // Initialize b directly with v[0]\n        for (int i = 1; i < n; i++) {\n            a = (a * d[i]) / gcd(a, d[i]);\n            b = gcd(b, v[i]);\n        }\n        for (int i = 0; i < n; i++) {\n            printf("%lld\\n", a * v[i] / (b * d[i])); // using printf for faster output\n        }\n    }\n    return 0;\n}') | LineLLMMutation(('source.cpp', 40), '#include <cstdio>\n#include <algorithm>\n\nusing namespace std;\n\nlong long d[10], v[10];\n\nlong long gcd(long long a, long long b) {\n    while (b != 0) {\n        long long temp = b;\n        b = a % b;\n        a = temp;\n    }\n    return a; // Iterative GCD\n}\n\nvoid compute(int n) {\n    long long gcd_dv = gcd(d[n], v[n]); // Calculate GCD once\n    // Combine the reduction of d[n] and v[n] into a single statement\n    d[n] /= gcd_dv, v[n] /= gcd_dv; // Reduce d[n] and v[n] by GCD in one line\n}\n\nint main() {\n    int n;\n    while (scanf("%d", &n), n) {\n        long long a, b;\n        for (int i = 0; i < n; i++) {\n            scanf("%lld %lld", &d[i], &v[i]); // using scanf for faster input\n            compute(i);\n        }\n        a = d[0]; // Initialize a directly with d[0]\n        b = v[0]; // Initialize b directly with v[0]\n        for (int i = 1; i < n; i++) {\n            a = (a * d[i]) / gcd(a, d[i]);\n            b = gcd(b, v[i]);\n        }\n        for (int i = 0; i < n; i++) {\n            printf("%lld\\n", a * v[i] / (b * d[i])); // using printf for faster output\n        }\n    }\n    return 0;\n}') | LineLLMMutation(('source.cpp', 44), '#include <cstdio>\n#include <algorithm>\n\nusing namespace std;\n\nlong long d[10], v[10];\n\nlong long gcd(long long a, long long b) {\n    while (b != 0) {\n        long long temp = b;\n        b = a % b;\n        a = temp;\n    }\n    return a; // Iterative GCD\n}\n\nvoid compute(int n) {\n    long long gcd_dv = gcd(d[n], v[n]); // Calculate GCD once\n    // Combine the reduction of d[n] and v[n] into a single statement using an inline approach\n    d[n] /= gcd_dv; \n    v[n] /= gcd_dv; // Reduce d[n] and v[n] by GCD in one line\n}\n\nint main() {\n    int n;\n    while (scanf("%d", &n), n) {\n        long long a, b;\n        for (int i = 0; i < n; i++) {\n            scanf("%lld %lld", &d[i], &v[i]); // using scanf for faster input\n            compute(i);\n        }\n        a = d[0]; // Initialize a directly with d[0]\n        b = v[0]; // Initialize b directly with v[0]\n        for (int i = 1; i < n; i++) {\n            a = (a * d[i]) / gcd(a, d[i]);\n            b = gcd(b, v[i]);\n        }\n        for (int i = 0; i < n; i++) {\n            printf("%lld\\n", a * v[i] / (b * d[i])); // using printf for faster output\n        }\n    }\n    return 0;\n}')"
2025-01-23 23:28:58,164	[INFO]	Step: 99
2025-01-23 23:28:58,164	[INFO]	Stop Steps: 100
2025-01-23 23:28:58,354	[INFO]	9-10    TEST_CODE_ERROR       None (--) [5 edit(s)]  
2025-01-23 23:28:58,354	[DEBUG]	patch(9-10)="LineLLMCrossover(('source.cpp', 8), '#include <cstdio>\n#include <algorithm>\n\nusing namespace std;\n\nlong long d[10], v[10];\n\nlong long gcd(long long a, long long b) {\n    return b == 0 ? a : gcd(b, a % b); // Efficient recursive GCD\n}\n\nvoid compute(int n) {\n    long long gcd_dv = gcd(d[n], v[n]); // Calculate GCD once\n    d[n] /= gcd_dv; // Reduce d[n] by GCD\n    v[n] /= gcd_dv; // Reduce v[n] by GCD\n}\n\nint main() {\n    int n;\n    while (scanf("%d", &n), n) {\n        long long a, b;\n        for (int i = 0; i < n; i++) {\n            scanf("%lld %lld", &d[i], &v[i]); // using scanf for faster input\n            compute(i);\n        }\n        a = (d[0] * d[1]) / gcd(d[0], d[1]);\n        b = gcd(v[0], v[1]);\n        for (int i = 2; i < n; i++) {\n            a = (a * d[i]) / gcd(a, d[i]);\n            b = gcd(b, v[i]);\n        }\n        for (int i = 0; i < n; i++) {\n            printf("%lld\\n", a * v[i] / (b * d[i])); // using printf for faster output\n        }\n    }\n    return 0;\n}') | LineLLMMutation(('source.cpp', 24), '#include <cstdio>\n#include <algorithm>\n\nusing namespace std;\n\nlong long d[10], v[10];\n\nlong long gcd(long long a, long long b) {\n    while (b != 0) {\n        long long temp = b;\n        b = a % b;\n        a = temp;\n    }\n    return a; // Iterative GCD\n}\n\nvoid compute(int n) {\n    long long gcd_dv = gcd(d[n], v[n]); // Calculate GCD once\n    d[n] /= gcd_dv; // Reduce d[n] by GCD\n    v[n] /= gcd_dv; // Reduce v[n] by GCD\n}\n\nint main() {\n    int n;\n    while (scanf("%d", &n), n) {\n        long long a, b;\n        for (int i = 0; i < n; i++) {\n            scanf("%lld %lld", &d[i], &v[i]); // using scanf for faster input\n            compute(i);\n        }\n        a = (d[0] * d[1]) / gcd(d[0], d[1]);\n        b = gcd(v[0], v[1]);\n        for (int i = 2; i < n; i++) {\n            a = (a * d[i]) / gcd(a, d[i]);\n            b = gcd(b, v[i]);\n        }\n        for (int i = 0; i < n; i++) {\n            printf("%lld\\n", a * v[i] / (b * d[i])); // using printf for faster output\n        }\n    }\n    return 0;\n}') | LineLLMMutation(('source.cpp', 30), '#include <cstdio>\n#include <algorithm>\n\nusing namespace std;\n\nlong long d[10], v[10];\n\n// Optimized GCD function using the Euclidean algorithm\nlong long gcd(long long a, long long b) {\n    return b == 0 ? a : gcd(b, a % b); // Recursive GCD\n}\n\nvoid compute(int n) {\n    long long gcd_dv = gcd(d[n], v[n]); // Calculate GCD once\n    d[n] /= gcd_dv; // Reduce d[n] by GCD\n    v[n] /= gcd_dv; // Reduce v[n] by GCD\n}\n\nint main() {\n    int n;\n    while (scanf("%d", &n), n) {\n        long long a, b;\n        for (int i = 0; i < n; i++) {\n            scanf("%lld %lld", &d[i], &v[i]); // using scanf for faster input\n            compute(i);\n        }\n        a = (d[0] * d[1]) / gcd(d[0], d[1]);\n        b = gcd(v[0], v[1]);\n        for (int i = 2; i < n; i++) {\n            a = (a * d[i]) / gcd(a, d[i]);\n            b = gcd(b, v[i]);\n        }\n        for (int i = 0; i < n; i++) {\n            printf("%lld\\n", a * v[i] / (b * d[i])); // using printf for faster output\n        }\n    }\n    return 0;\n}') | LineLLMMutation(('source.cpp', 39), '#include <cstdio>\n#include <algorithm>\n\nusing namespace std;\n\nlong long d[10], v[10];\n\n// Optimized GCD function using the iterative Euclidean algorithm\nlong long gcd(long long a, long long b) {\n    while (b != 0) {\n        long long temp = b;\n        b = a % b;\n        a = temp;\n    }\n    return a; // Iterative GCD\n}\n\nvoid compute(int n) {\n    long long gcd_dv = gcd(d[n], v[n]); // Calculate GCD once\n    d[n] /= gcd_dv; // Reduce d[n] by GCD\n    v[n] /= gcd_dv; // Reduce v[n] by GCD\n}\n\nint main() {\n    int n;\n    while (scanf("%d", &n), n) {\n        long long a, b;\n        for (int i = 0; i < n; i++) {\n            scanf("%lld %lld", &d[i], &v[i]); // using scanf for faster input\n            compute(i);\n        }\n        a = (d[0] * d[1]) / gcd(d[0], d[1]);\n        b = gcd(v[0], v[1]);\n        for (int i = 2; i < n; i++) {\n            a = (a * d[i]) / gcd(a, d[i]);\n            b = gcd(b, v[i]);\n        }\n        for (int i = 0; i < n; i++) {\n            printf("%lld\\n", a * v[i] / (b * d[i])); // using printf for faster output\n        }\n    }\n    return 0;\n}') | LineLLMMutation(('source.cpp', 45), '#include <cstdio>\n#include <algorithm>\n\nusing namespace std;\n\nlong long d[10], v[10];\n\n// Optimized GCD function using the iterative Euclidean algorithm\nlong long gcd(long long a, long long b) {\n    while (b != 0) {\n        long long temp = b;\n        b = a % b;\n        a = temp;\n    }\n    return a; // Iterative GCD\n}\n\nint main() {\n    int n;\n    while (scanf("%d", &n), n) {\n        long long a, b;\n        for (int i = 0; i < n; i++) {\n            scanf("%lld %lld", &d[i], &v[i]); // using scanf for faster input\n        }\n        \n        // Calculate GCD for all d[i] and v[i] in one pass\n        long long gcd_d = d[0], gcd_v = v[0];\n        for (int i = 1; i < n; i++) {\n            gcd_d = gcd(gcd_d, d[i]);\n            gcd_v = gcd(gcd_v, v[i]);\n        }\n\n        // Reduce all d[i] and v[i] by their respective GCDs\n        for (int i = 0; i < n; i++) {\n            d[i] /= gcd_d;\n            v[i] /= gcd_v;\n        }\n\n        a = (d[0] * d[1]) / gcd(d[0], d[1]);\n        b = gcd(v[0], v[1]);\n        for (int i = 2; i < n; i++) {\n            a = (a * d[i]) / gcd(a, d[i]);\n            b = gcd(b, v[i]);\n        }\n        for (int i = 0; i < n; i++) {\n            printf("%lld\\n", a * v[i] / (b * d[i])); // using printf for faster output\n        }\n    }\n    return 0;\n}')"
2025-01-23 23:28:58,354	[INFO]	Step: 100
2025-01-23 23:28:58,354	[INFO]	Stop Steps: 100
2025-01-23 23:28:58,354	[INFO]	(Abstract Algorithm) Stopping Condition: step budget
2025-01-23 23:29:02,304	[INFO]	~~~~ END ~~~~
2025-01-23 23:29:02,304	[INFO]	Best patch step: 90
2025-01-23 23:29:02,304	[INFO]	
2025-01-23 23:29:02,304	[INFO]	==== REPORT ====
2025-01-23 23:29:02,304	[INFO]	Termination: step budget
2025-01-23 23:29:02,304	[INFO]	Log file: /home/ubuntu/eoc/magpie2/_magpie_logs/0063_1737674149.log
2025-01-23 23:29:02,304	[INFO]	Patch file: _magpie_logs/0063_1737674149.patch
2025-01-23 23:29:02,304	[INFO]	Diff file: _magpie_logs/0063_1737674149.diff
2025-01-23 23:29:02,304	[INFO]	Reference fitness: 2429945.69
2025-01-23 23:29:02,304	[INFO]	Best fitness: 940835.62
2025-01-23 23:29:02,304	[INFO]	
2025-01-23 23:29:02,305	[INFO]	==== BEST PATCH ====
LineLLMCrossover(('source.cpp', 29), '#include <cstdio>\n#include <algorithm>\n\nusing namespace std;\n\nlong long d[10], v[10];\n\n// Optimized GCD function using the Euclidean algorithm\nlong long gcd(long long a, long long b) {\n    return b == 0 ? a : gcd(b, a % b); // Recursive GCD\n}\n\nvoid compute(int n) {\n    long long gcd_dv = gcd(d[n], v[n]); // Calculate GCD once\n    d[n] /= gcd_dv; // Reduce d[n] by GCD\n    v[n] /= gcd_dv; // Reduce v[n] by GCD\n}\n\nint main() {\n    int n;\n    while (scanf("%d", &n), n) {\n        long long a = 1, b = 0; // Initialize for LCM and GCD\n        for (int i = 0; i < n; i++) {\n            scanf("%lld %lld", &d[i], &v[i]); // using scanf for faster input\n            compute(i);\n            if (i == 0) {\n                a = d[i];\n                b = v[i];\n            } else {\n                a = (a * d[i]) / gcd(a, d[i]); // Use calculated GCD\n                b = gcd(b, v[i]);\n            }\n        }\n        for (int i = 0; i < n; i++) {\n            printf("%lld\\n", a * v[i] / (b * d[i])); // using printf for faster output\n        }\n    }\n    return 0;\n}')
2025-01-23 23:29:02,305	[INFO]	
2025-01-23 23:29:02,305	[INFO]	==== DIFF ====

