2025-01-24 10:49:26,282	[DEBUG]	==== CONFIG ====
[magpie]
import = 
seed = 2303176309981373
log_dir = _magpie_logs
work_dir = _magpie_work
local_original_copy = True
local_original_name = __original__
output_encoding = ascii
edit_retries = 10
default_timeout = 30
default_lengthout = 10000.0
diff_method = unified
trust_local_filesystem = True

[magpie.log]
color_output = True
format_info = {counter:<7} {status:<20} {best}{fitness} ({ratio}) [{size}] {cached} {log}
format_debug = patch({counter})="{patch}"{diffifbest}
format_fitness = {:.2f}
format_ratio = {:.2%%}
format_patchif = 
	 --> {patch}
format_diffif = 
	{diff}

[software]
path = dataset/magpie_dataset/train/0071
target_files = 
	source.cpp
software = BasicSoftware
model_rules = 
	*.params : ParamFileConfigModel
	*.xml : SrcmlModel
	* : LineModel
model_config = 
	*.params : [paramconfig]
	*.xml : [srcml]
init_cmd = 
init_timeout = 60
init_lengthout = -1
setup_cmd = bash setup.sh
setup_timeout = 
setup_lengthout = 
compile_cmd = bash compile.sh
compile_timeout = 
compile_lengthout = 
test_cmd = bash test.sh
test_timeout = 
test_lengthout = 
run_cmd = bash run.sh
run_timeout = 3
run_lengthout = 
batch_timeout = 
batch_lengthout = 
batch_bin_fitness_strategy = aggregate
batch_fitness_strategy = sum
fitness = time

[srcml]
rename = 
	stmt: break continue decl_stmt do expr_stmt for goto if return switch while
	number: literal_number
focus = block stmt operator_comp operator_arith number
internodes = block
process_pseudo_blocks = True
process_literals = True
process_operators = True

[paramconfig]
timing = test run
cli_prefix = --
cli_glue = =
cli_boolean = show
cli_boolean_prefix_true = 
cli_boolean_prefix_false = no-
cli_none = hide
silent_prefix = @
silent_suffix = $

[search]
protocol = BasicProtocol
algorithm = GeneticProgrammingLLM
possible_edits = 
	LineLLMMutation
	LineLLMCrossover
	LineDeletion
	LineInsertion
	LineReplacement
llm_prob = 1.0
warmup = 5
warmup_strategy = last
max_steps = 100
max_time = 20000
target_fitness = 
cache_maxsize = 100
cache_keep = 0.2
batch_instances = 
batch_shuffle = True
batch_bin_shuffle = False
batch_sample_size = 1

[search.ls]
delete_prob = 0.5
max_neighbours = 
when_trapped = continue
accept_fail = False
tabu_length = 10

[search.gp]
pop_size = 10
delete_prob = 0.0
offspring_elitism = 0.2
offspring_crossover = 0.4
offspring_mutation = 0.4
uniform_rate = 0.5
batch_reset = True

[search.minify]
do_cleanup = True
do_rebuild = True
do_simplify = True
round_robin_limit = 3


2025-01-24 10:49:26,283	[DEBUG]	
2025-01-24 10:49:26,283	[INFO]	==== SEARCH: GeneticProgrammingLLM ====
2025-01-24 10:49:26,283	[INFO]	~~~~ WARMUP ~~~~
2025-01-24 10:49:27,803	[DEBUG]	EXEC>  SUCCESS 2913671.375
2025-01-24 10:49:27,803	[INFO]	WARM    SUCCESS               2913671.38 (--) [0 edit(s)]  
2025-01-24 10:49:28,924	[DEBUG]	EXEC>  SUCCESS 2872696.4375
2025-01-24 10:49:28,924	[INFO]	WARM    SUCCESS               2872696.44 (--) [0 edit(s)]  
2025-01-24 10:49:30,042	[DEBUG]	EXEC>  SUCCESS 2882277.3125
2025-01-24 10:49:30,042	[INFO]	WARM    SUCCESS               2882277.31 (--) [0 edit(s)]  
2025-01-24 10:49:31,161	[DEBUG]	EXEC>  SUCCESS 2887925.3125
2025-01-24 10:49:31,161	[INFO]	WARM    SUCCESS               2887925.31 (--) [0 edit(s)]  
2025-01-24 10:49:32,282	[DEBUG]	EXEC>  SUCCESS 2876442.0625
2025-01-24 10:49:32,282	[INFO]	WARM    SUCCESS               2876442.06 (--) [0 edit(s)]  
2025-01-24 10:49:32,282	[INFO]	REF     SUCCESS               2876442.06 (--) [0 edit(s)]  
2025-01-24 10:49:32,283	[INFO]	
2025-01-24 10:49:32,283	[INFO]	~~~~ START ~~~~
2025-01-24 10:51:53,409	[DEBUG]	EXEC>  SUCCESS 3022500.125
2025-01-24 10:51:53,410	[INFO]	0-1     SUCCESS              +3022500.12 (105.08%) [1 edit(s)]  
2025-01-24 10:51:53,410	[DEBUG]	patch(0-1)="LineLLMMutation(('source.cpp', 0), '#include <iostream>\n#include <vector>\n#include <map>\n#include <limits>\nusing namespace std;\n\n#define MAX 1000\n#define INF (1e9)\n\nstruct Edge{\n    int to, cost, c;\n    Edge(int to, int cost, int c) : to(to), cost(cost), c(c) {}\n};\n\nint main(){\n    int M, D, N, K;\n    int d[MAX][1<<6];\n    while(cin >> M >> N >> K >> D, M){\n        vector<Edge> G[MAX];\n        vector<int> cake(M);\n        for(int i = 0 ; i < M ; i++){\n            cin >> cake[i];\n        }\n        int idx = 0, c;\n        string a, b;\n        map<string, int> mp;\n        for(int i = 0 ; i < D ; i++){\n            cin >> a >> b >> c;\n            if(!mp.count(a)) mp[a] = idx++;\n            if(!mp.count(b)) mp[b] = idx++;\n            if(a[0] == \'C\'){\n                G[mp[b]].push_back(Edge(mp[a], c, a[1]-\'1\'));\n            }else{\n                G[mp[b]].push_back(Edge(mp[a], c, -1));\n            }\n            if(b[0] == \'C\'){\n                G[mp[a]].push_back(Edge(mp[b], c, b[1]-\'1\'));\n            }else{\n                G[mp[a]].push_back(Edge(mp[b], c, -1));\n            }\n        }\n\n        int s = mp["H"], t = mp["D"];\n        for(int i = 0 ; i < MAX ; i++){\n            fill(d[i], d[i] + (1 << 6), INF);\n        }\n        d[s][0] = 0;\n        bool update = true;\n\n        while(update){\n            update = false;\n            for(int i = 0 ; i < (int)mp.size() ; i++){\n                for(int j = 0 ; j < (int)G[i].size() ; j++){\n                    Edge e = G[i][j];\n                    for(int S = (1 << 6) - 1 ; S >= 0 ; S--){\n                        int ncost = d[i][S];\n                        if(ncost == INF) continue;\n                        ncost += e.cost * K;\n                        if(e.c == -1){\n                            if(ncost < d[e.to][S]){\n                                d[e.to][S] = ncost;\n                                update = true;\n                            }\n                        }else{\n                            if(S >> e.c & 1) continue;\n                            if(ncost - cake[e.c] < d[e.to][S | (1 << e.c)]){\n                                d[e.to][S | (1 << e.c)] = ncost - cake[e.c];\n                                update = true;\n                            }\n                        }\n                    }\n                }\n            }\n        }\n\n        int res = INF;\n        for(int i = 0 ; i < (1 << 6) ; i++){\n            res = min(res, d[t][i]);\n        }\n\n        cout << res << endl;\n    }\n    return 0;\n}')"
2025-01-24 10:51:55,276	[DEBUG]	EXEC>  SUCCESS 2893615.4375
2025-01-24 10:51:55,276	[INFO]	0-2     SUCCESS              +2893615.44 (100.60%) [1 edit(s)]  
2025-01-24 10:51:55,276	[DEBUG]	patch(0-2)="LineLLMMutation(('source.cpp', 1), '#include <iostream>\n#include <vector>\n#include <map>\n#include <limits>\nusing namespace std;\n\n#define MAX 1000\n#define INF (1e9)\n\nstruct Edge{\n    int to, cost, c;\n    Edge(int to, int cost, int c) : to(to), cost(cost), c(c) {}\n};\n\nint main(){\n    int M, D, N, K;\n    int d[MAX][1<<6];\n    while(cin >> M >> N >> K >> D, M){\n        vector<Edge> G[MAX];\n        vector<int> cake(M);\n        for(int i = 0 ; i < M ; i++){\n            cin >> cake[i];\n        }\n        int idx = 0, c;\n        string a, b;\n        map<string, int> mp;\n        for(int i = 0 ; i < D ; i++){\n            cin >> a >> b >> c;\n            if(!mp.count(a)) mp[a] = idx++;\n            if(!mp.count(b)) mp[b] = idx++;\n            if(a[0] == \'C\'){\n                G[mp[b]].push_back(Edge(mp[a], c, a[1]-\'1\'));\n            }else{\n                G[mp[b]].push_back(Edge(mp[a], c, -1));\n            }\n            if(b[0] == \'C\'){\n                G[mp[a]].push_back(Edge(mp[b], c, b[1]-\'1\'));\n            }else{\n                G[mp[a]].push_back(Edge(mp[b], c, -1));\n            }\n        }\n\n        int s = mp["H"], t = mp["D"];\n        for(int i = 0 ; i < MAX ; i++){\n            fill(d[i], d[i] + (1 << 6), INF);\n        }\n        d[s][0] = 0;\n        bool update;\n        do {\n            update = false;\n            for(int i = 0 ; i < (int)mp.size() ; i++){\n                for(int j = 0 ; j < (int)G[i].size() ; j++){\n                    Edge e = G[i][j];\n                    for(int S = (1 << 6) - 1 ; S >= 0 ; S--){\n                        int ncost = d[i][S];\n                        if(ncost == INF) continue;\n                        ncost += e.cost * K;\n                        if(e.c == -1){\n                            if(ncost < d[e.to][S]){\n                                d[e.to][S] = ncost;\n                                update = true;\n                            }\n                        }else{\n                            if(S >> e.c & 1) continue;\n                            if(ncost - cake[e.c] < d[e.to][S | (1 << e.c)]){\n                                d[e.to][S | (1 << e.c)] = ncost - cake[e.c];\n                                update = true;\n                            }\n                        }\n                    }\n                }\n            }\n        } while(update);\n\n        int res = INF;\n        for(int i = 0 ; i < (1 << 6) ; i++){\n            res = min(res, d[t][i]);\n        }\n\n        cout << res << endl;\n    }\n    return 0;\n}')"
2025-01-24 10:51:57,136	[DEBUG]	EXEC>  SUCCESS 2845076.8125
2025-01-24 10:51:57,136	[INFO]	0-3     SUCCESS              *2845076.81 (98.91%) [1 edit(s)]  
2025-01-24 10:51:57,137	[DEBUG]	patch(0-3)="LineLLMMutation(('source.cpp', 2), '#include <iostream>\n#include <vector>\n#include <map>\n#include <limits>\nusing namespace std;\n\n#define MAX 1000\n#define INF (1e9)\n\nstruct Edge{\n    int to, cost, c;\n    Edge(int to, int cost, int c) : to(to), cost(cost), c(c) {}\n};\n\nint main(){\n    int M, D, N, K;\n    int d[MAX][1<<6];\n    while(cin >> M >> N >> K >> D, M){\n        vector<Edge> G[MAX];\n        vector<int> cake(M);\n        for(int i = 0 ; i < M ; i++){\n            cin >> cake[i];\n        }\n        int idx = 0, c;\n        string a, b;\n        map<string, int> mp;\n        for(int i = 0 ; i < D ; i++){\n            cin >> a >> b >> c;\n            if(!mp.count(a)) mp[a] = idx++;\n            if(!mp.count(b)) mp[b] = idx++;\n            if(a[0] == \'C\'){\n                G[mp[b]].push_back(Edge(mp[a], c, a[1]-\'1\'));\n            }else{\n                G[mp[b]].push_back(Edge(mp[a], c, -1));\n            }\n            if(b[0] == \'C\'){\n                G[mp[a]].push_back(Edge(mp[b], c, b[1]-\'1\'));\n            }else{\n                G[mp[a]].push_back(Edge(mp[b], c, -1));\n            }\n        }\n\n        int s = mp["H"], t = mp["D"];\n        for(int i = 0 ; i < MAX ; i++){\n            fill(d[i], d[i] + (1 << 6), INF);\n        }\n        d[s][0] = 0;\n        bool update = true;\n\n        while(update){\n            update = false;\n            for(int i = 0 ; i < (int)mp.size() ; i++){\n                for(int j = 0 ; j < (int)G[i].size() ; j++){\n                    Edge e = G[i][j];\n                    for(int S = (1 << 6) - 1 ; S >= 0 ; S--){\n                        int ncost = d[i][S];\n                        if(ncost == INF) continue;\n                        ncost += e.cost * K;\n                        if(e.c == -1){\n                            if(ncost < d[e.to][S]){\n                                d[e.to][S] = ncost;\n                                update = true;\n                            }\n                        }else{\n                            if(S >> e.c & 1) continue;\n                            if(ncost - cake[e.c] < d[e.to][S | (1 << e.c)]){\n                                d[e.to][S | (1 << e.c)] = ncost - cake[e.c];\n                                update = true;\n                            }\n                        }\n                    }\n                }\n            }\n        }\n\n        int res = INF;\n        for(int i = 0 ; i < (1 << 6) ; i++){\n            res = min(res, d[t][i]);\n        }\n\n        cout << res << endl;\n    }\n    return 0;\n}')"

2025-01-24 10:51:59,007	[DEBUG]	EXEC>  SUCCESS 2877967.3125
2025-01-24 10:51:59,008	[INFO]	0-4     SUCCESS               2877967.31 (100.05%) [1 edit(s)]  
2025-01-24 10:51:59,008	[DEBUG]	patch(0-4)="LineLLMMutation(('source.cpp', 3), '#include <iostream>\n#include <vector>\n#include <map>\n#include <limits>\nusing namespace std;\n\n#define MAX 1000\n#define INF (1e9)\n\nstruct Edge{\n    int to, cost, c;\n    Edge(int to, int cost, int c) : to(to), cost(cost), c(c) {}\n};\n\nint main(){\n    int M, D, N, K;\n    int d[MAX][1<<6];\n    while(cin >> M >> N >> K >> D, M){\n        vector<Edge> G[MAX];\n        vector<int> cake(M);\n        for(int i = 0 ; i < M ; i++){\n            cin >> cake[i];\n        }\n        int idx = 0, c;\n        string a, b;\n        map<string, int> mp;\n        for(int i = 0 ; i < D ; i++){\n            cin >> a >> b >> c;\n            if(!mp.count(a)) mp[a] = idx++;\n            if(!mp.count(b)) mp[b] = idx++;\n            if(a[0] == \'C\'){\n                G[mp[b]].push_back(Edge(mp[a], c, a[1]-\'1\'));\n            }else{\n                G[mp[b]].push_back(Edge(mp[a], c, -1));\n            }\n            if(b[0] == \'C\'){\n                G[mp[a]].push_back(Edge(mp[b], c, b[1]-\'1\'));\n            }else{\n                G[mp[a]].push_back(Edge(mp[b], c, -1));\n            }\n        }\n\n        int s = mp["H"], t = mp["D"];\n        for(int i = 0 ; i < MAX ; i++){\n            fill(d[i], d[i] + (1 << 6), INF);\n        }\n        d[s][0] = 0;\n        bool update = true;\n\n        while(update){\n            update = false;\n            for(int i = 0 ; i < (int)mp.size() ; i++){\n                for(int j = 0 ; j < (int)G[i].size() ; j++){\n                    Edge e = G[i][j];\n                    for(int S = (1 << 6) - 1 ; S >= 0 ; S--){\n                        int ncost = d[i][S];\n                        if(ncost == INF) continue;\n                        ncost += e.cost * K;\n                        if(e.c == -1){\n                            if(ncost < d[e.to][S]){\n                                d[e.to][S] = ncost;\n                                update = true;\n                            }\n                        }else{\n                            if(S >> e.c & 1) continue;\n                            if(ncost - cake[e.c] < d[e.to][S | (1 << e.c)]){\n                                d[e.to][S | (1 << e.c)] = ncost - cake[e.c];\n                                update = true;\n                            }\n                        }\n                    }\n                }\n            }\n        }\n\n        int res = INF;\n        for(int i = 0 ; i < (1 << 6) ; i++){\n            res = min(res, d[t][i]);\n        }\n\n        cout << res << endl;\n    }\n    return 0;\n}')"
2025-01-24 10:52:00,869	[DEBUG]	EXEC>  SUCCESS 2889401.3125
2025-01-24 10:52:00,870	[INFO]	0-5     SUCCESS               2889401.31 (100.45%) [1 edit(s)]  
2025-01-24 10:52:00,870	[DEBUG]	patch(0-5)="LineLLMMutation(('source.cpp', 4), '#include <iostream>\n#include <vector>\n#include <map>\n#include <limits>\nusing namespace std;\n\n#define MAX 1000\n#define INF (1e9)\n\nstruct Edge{\n    int to, cost, c;\n    Edge(int to, int cost, int c) : to(to), cost(cost), c(c) {}\n};\n\nint main(){\n    int M, D, N, K;\n    int d[MAX][1<<6];\n    while(cin >> M >> N >> K >> D, M){\n        vector<Edge> G[MAX];\n        vector<int> cake(M);\n        for(int i = 0 ; i < M ; i++){\n            cin >> cake[i];\n        }\n        int idx = 0, c;\n        string a, b;\n        map<string, int> mp;\n        for(int i = 0 ; i < D ; i++){\n            cin >> a >> b >> c;\n            if(!mp.count(a)) mp[a] = idx++;\n            if(!mp.count(b)) mp[b] = idx++;\n            if(a[0] == \'C\'){\n                G[mp[b]].push_back(Edge(mp[a], c, a[1]-\'1\'));\n            }else{\n                G[mp[b]].push_back(Edge(mp[a], c, -1));\n            }\n            if(b[0] == \'C\'){\n                G[mp[a]].push_back(Edge(mp[b], c, b[1]-\'1\'));\n            }else{\n                G[mp[a]].push_back(Edge(mp[b], c, -1));\n            }\n        }\n\n        int s = mp["H"], t = mp["D"];\n        for(int i = 0 ; i < MAX ; i++){\n            fill(d[i], d[i] + (1 << 6), INF);\n        }\n        d[s][0] = 0;\n        bool update = true;\n\n        while(update){\n            update = false;\n            for(int i = 0 ; i < (int)mp.size() ; i++){\n                for(int j = 0 ; j < (int)G[i].size() ; j++){\n                    Edge e = G[i][j];\n                    for(int S = (1 << 6) - 1 ; S >= 0 ; S--){\n                        int ncost = d[i][S];\n                        if(ncost == INF) continue;\n                        ncost += e.cost * K;\n                        if(e.c == -1){\n                            if(ncost < d[e.to][S]){\n                                d[e.to][S] = ncost;\n                                update = true;\n                            }\n                        }else{\n                            if(S >> e.c & 1) continue;\n                            if(ncost - cake[e.c] < d[e.to][S | (1 << e.c)]){\n                                d[e.to][S | (1 << e.c)] = ncost - cake[e.c];\n                                update = true;\n                            }\n                        }\n                    }\n                }\n            }\n        }\n\n        int res = INF;\n        for(int i = 0 ; i < (1 << 6) ; i++){\n            res = min(res, d[t][i]);\n        }\n\n        cout << res << endl;\n    }\n    return 0;\n}')"
2025-01-24 10:52:02,748	[DEBUG]	EXEC>  SUCCESS 2862359.6875
2025-01-24 10:52:02,748	[INFO]	0-6     SUCCESS               2862359.69 (99.51%) [1 edit(s)]  
2025-01-24 10:52:02,749	[DEBUG]	patch(0-6)="LineLLMMutation(('source.cpp', 5), '#include <iostream>\n#include <vector>\n#include <map>\n#include <limits>\nusing namespace std;\n\n#define MAX 1000\n#define INF (1e9)\n\nstruct Edge{\n    int to, cost, c;\n    Edge(int to, int cost, int c) : to(to), cost(cost), c(c) {}\n};\n\nint main(){\n    int M, D, N, K;\n    int d[MAX][1<<6];\n    while(cin >> M >> N >> K >> D, M){\n        vector<Edge> G[MAX];\n        vector<int> cake;\n        cake.reserve(M); // Reserve space for cake vector\n        for(int i = 0 ; i < M ; i++){\n            int value;\n            cin >> value;\n            cake.push_back(value);\n        }\n        int idx = 0, c;\n        string a, b;\n        map<string, int> mp;\n        for(int i = 0 ; i < D ; i++){\n            cin >> a >> b >> c;\n            if(!mp.count(a)) mp[a] = idx++;\n            if(!mp.count(b)) mp[b] = idx++;\n            if(a[0] == \'C\'){\n                G[mp[b]].push_back(Edge(mp[a], c, a[1]-\'1\'));\n            }else{\n                G[mp[b]].push_back(Edge(mp[a], c, -1));\n            }\n            if(b[0] == \'C\'){\n                G[mp[a]].push_back(Edge(mp[b], c, b[1]-\'1\'));\n            }else{\n                G[mp[a]].push_back(Edge(mp[b], c, -1));\n            }\n        }\n\n        int s = mp["H"], t = mp["D"];\n        for(int i = 0 ; i < MAX ; i++){\n            fill(d[i], d[i] + (1 << 6), INF);\n        }\n        d[s][0] = 0;\n        bool update = true;\n\n        while(update){\n            update = false;\n            for(int i = 0 ; i < (int)mp.size() ; i++){\n                for(int j = 0 ; j < (int)G[i].size() ; j++){\n                    Edge e = G[i][j];\n                    for(int S = (1 << 6) - 1 ; S >= 0 ; S--){\n                        int ncost = d[i][S];\n                        if(ncost == INF) continue;\n                        ncost += e.cost * K;\n                        if(e.c == -1){\n                            if(ncost < d[e.to][S]){\n                                d[e.to][S] = ncost;\n                                update = true;\n                            }\n                        }else{\n                            if(S >> e.c & 1) continue;\n                            if(ncost - cake[e.c] < d[e.to][S | (1 << e.c)]){\n                                d[e.to][S | (1 << e.c)] = ncost - cake[e.c];\n                                update = true;\n                            }\n                        }\n                    }\n                }\n            }\n        }\n\n        int res = INF;\n        for(int i = 0 ; i < (1 << 6) ; i++){\n            res = min(res, d[t][i]);\n        }\n\n        cout << res << endl;\n    }\n    return 0;\n}')"
2025-01-24 10:52:04,625	[DEBUG]	EXEC>  SUCCESS 2865098.25
2025-01-24 10:52:04,625	[INFO]	0-7     SUCCESS               2865098.25 (99.61%) [1 edit(s)]  
2025-01-24 10:52:04,625	[DEBUG]	patch(0-7)="LineLLMMutation(('source.cpp', 6), '#include <iostream>\n#include <vector>\n#include <unordered_map>\n#include <limits>\nusing namespace std;\n\n#define MAX 1000\n#define INF (1e9)\n\nstruct Edge{\n    int to, cost, c;\n    Edge(int to, int cost, int c) : to(to), cost(cost), c(c) {}\n};\n\nint main(){\n    int M, D, N, K;\n    int d[MAX][1<<6];\n    while(cin >> M >> N >> K >> D, M){\n        vector<Edge> G[MAX];\n        vector<int> cake(M);\n        for(int i = 0 ; i < M ; i++){\n            cin >> cake[i];\n        }\n        int idx = 0, c;\n        string a, b;\n        unordered_map<string, int> mp; // Changed to unordered_map\n        for(int i = 0 ; i < D ; i++){\n            cin >> a >> b >> c;\n            if(!mp.count(a)) mp[a] = idx++;\n            if(!mp.count(b)) mp[b] = idx++;\n            if(a[0] == \'C\'){\n                G[mp[b]].push_back(Edge(mp[a], c, a[1]-\'1\'));\n            }else{\n                G[mp[b]].push_back(Edge(mp[a], c, -1));\n            }\n            if(b[0] == \'C\'){\n                G[mp[a]].push_back(Edge(mp[b], c, b[1]-\'1\'));\n            }else{\n                G[mp[a]].push_back(Edge(mp[b], c, -1));\n            }\n        }\n\n        int s = mp["H"], t = mp["D"];\n        for(int i = 0 ; i < MAX ; i++){\n            fill(d[i], d[i] + (1 << 6), INF);\n        }\n        d[s][0] = 0;\n        bool update = true;\n\n        while(update){\n            update = false;\n            for(int i = 0 ; i < (int)mp.size() ; i++){\n                for(int j = 0 ; j < (int)G[i].size() ; j++){\n                    Edge e = G[i][j];\n                    for(int S = (1 << 6) - 1 ; S >= 0 ; S--){\n                        int ncost = d[i][S];\n                        if(ncost == INF) continue;\n                        ncost += e.cost * K;\n                        if(e.c == -1){\n                            if(ncost < d[e.to][S]){\n                                d[e.to][S] = ncost;\n                                update = true;\n                            }\n                        }else{\n                            if(S >> e.c & 1) continue;\n                            if(ncost - cake[e.c] < d[e.to][S | (1 << e.c)]){\n                                d[e.to][S | (1 << e.c)] = ncost - cake[e.c];\n                                update = true;\n                            }\n                        }\n                    }\n                }\n            }\n        }\n\n        int res = INF;\n        for(int i = 0 ; i < (1 << 6) ; i++){\n            res = min(res, d[t][i]);\n        }\n\n        cout << res << endl;\n    }\n    return 0;\n}')"
2025-01-24 10:52:05,937	[INFO]	0-8     COMPILE_CODE_ERROR    None (--) [1 edit(s)]  
2025-01-24 10:52:05,937	[DEBUG]	patch(0-8)="LineLLMMutation(('source.cpp', 7), '#include <iostream>\n#include <vector>\n#include <unordered_map>\n#include <array>\n#include <limits>\nusing namespace std;\n\n#define MAX 1000\n#define INF (1e9)\n\nstruct Edge{\n    int to, cost, c;\n    Edge(int to, int cost, int c) : to(to), cost(cost), c(c) {}\n};\n\nint main(){\n    int M, D, N, K;\n    std::array<std::array<int, 64>, MAX> d; // Changed to std::array\n    while(cin >> M >> N >> K >> D, M){\n        vector<Edge> G[MAX];\n        vector<int> cake(M);\n        for(int i = 0 ; i < M ; i++){\n            cin >> cake[i];\n        }\n        int idx = 0, c;\n        string a, b;\n        unordered_map<string, int> mp;\n        for(int i = 0 ; i < D ; i++){\n            cin >> a >> b >> c;\n            if(!mp.count(a)) mp[a] = idx++;\n            if(!mp.count(b)) mp[b] = idx++;\n            if(a[0] == \'C\'){\n                G[mp[b]].push_back(Edge(mp[a], c, a[1]-\'1\'));\n            }else{\n                G[mp[b]].push_back(Edge(mp[a], c, -1));\n            }\n            if(b[0] == \'C\'){\n                G[mp[a]].push_back(Edge(mp[b], c, b[1]-\'1\'));\n            }else{\n                G[mp[a]].push_back(Edge(mp[b], c, -1));\n            }\n        }\n\n        int s = mp["H"], t = mp["D"];\n        d.fill(INF);\n        d[s][0] = 0;\n        bool update = true;\n\n        while(update){\n            update = false;\n            for(int i = 0 ; i < (int)mp.size() ; i++){\n                for(int j = 0 ; j < (int)G[i].size() ; j++){\n                    Edge e = G[i][j];\n                    for(int S = (1 << 6) - 1 ; S >= 0 ; S--){\n                        int ncost = d[i][S];\n                        if(ncost == INF) continue;\n                        ncost += e.cost * K;\n                        if(e.c == -1){\n                            if(ncost < d[e.to][S]){\n                                d[e.to][S] = ncost;\n                                update = true;\n                            }\n                        }else{\n                            if(S >> e.c & 1) continue;\n                            if(ncost - cake[e.c] < d[e.to][S | (1 << e.c)]){\n                                d[e.to][S | (1 << e.c)] = ncost - cake[e.c];\n                                update = true;\n                            }\n                        }\n                    }\n                }\n            }\n        }\n\n        int res = INF;\n        for(int i = 0 ; i < (1 << 6) ; i++){\n            res = min(res, d[t][i]);\n        }\n\n        cout << res << endl;\n    }\n    return 0;\n}')"
2025-01-24 10:52:07,250	[INFO]	0-9     COMPILE_CODE_ERROR    None (--) [1 edit(s)]  
2025-01-24 10:52:07,251	[DEBUG]	patch(0-9)="LineLLMMutation(('source.cpp', 8), '#include <iostream>\n#include <vector>\n#include <unordered_map>\n#include <array>\n#include <limits>\nusing namespace std;\n\n#define MAX 1000\n#define INF (1e9)\n\nstruct Edge{\n    int to, cost, c = -1; // Default value for c to eliminate unnecessary constructor\n    Edge(int to, int cost) : to(to), cost(cost) {}\n};\n\nint main(){\n    int M, D, N, K;\n    std::array<std::array<int, 64>, MAX> d;\n    while(cin >> M >> N >> K >> D, M){\n        vector<Edge> G[MAX];\n        vector<int> cake(M);\n        for(int i = 0 ; i < M ; i++){\n            cin >> cake[i];\n        }\n        int idx = 0, c;\n        string a, b;\n        unordered_map<string, int> mp;\n        for(int i = 0 ; i < D ; i++){\n            cin >> a >> b >> c;\n            if(!mp.count(a)) mp[a] = idx++;\n            if(!mp.count(b)) mp[b] = idx++;\n            if(a[0] == \'C\'){\n                G[mp[b]].emplace_back(mp[a], c);\n            }else{\n                G[mp[b]].emplace_back(mp[a], c);\n            }\n            if(b[0] == \'C\'){\n                G[mp[a]].emplace_back(mp[b], c);\n            }else{\n                G[mp[a]].emplace_back(mp[b], c);\n            }\n        }\n\n        int s = mp["H"], t = mp["D"];\n        d.fill(INF);\n        d[s][0] = 0;\n        bool update = true;\n\n        while(update){\n            update = false;\n            for(int i = 0 ; i < (int)mp.size() ; i++){\n                for(int j = 0 ; j < (int)G[i].size() ; j++){\n                    Edge e = G[i][j];\n                    for(int S = (1 << 6) - 1 ; S >= 0 ; S--){\n                        int ncost = d[i][S];\n                        if(ncost == INF) continue;\n                        ncost += e.cost * K;\n                        if(e.c == -1){\n                            if(ncost < d[e.to][S]){\n                                d[e.to][S] = ncost;\n                                update = true;\n                            }\n                        }else{\n                            if(S >> e.c & 1) continue;\n                            if(ncost - cake[e.c] < d[e.to][S | (1 << e.c)]){\n                                d[e.to][S | (1 << e.c)] = ncost - cake[e.c];\n                                update = true;\n                            }\n                        }\n                    }\n                }\n            }\n        }\n\n        int res = INF;\n        for(int i = 0 ; i < (1 << 6) ; i++){\n            res = min(res, d[t][i]);\n        }\n\n        cout << res << endl;\n    }\n    return 0;\n}')"
2025-01-24 10:52:08,568	[INFO]	0-10    COMPILE_CODE_ERROR    None (--) [1 edit(s)]  
2025-01-24 10:52:08,568	[DEBUG]	patch(0-10)="LineLLMMutation(('source.cpp', 9), '#include <iostream>\n#include <vector>\n#include <unordered_map>\n#include <array>\n#include <limits>\nusing namespace std;\n\n#define MAX 1000\n#define INF (1e9)\n\nstruct Edge{\n    int to, cost, c = -1; \n    Edge(int to, int cost) : to(to), cost(cost) {}\n};\n\nint main(){\n    int M, D, N, K;\n    std::array<std::array<int, 64>, MAX> d;\n    while(cin >> M >> N >> K >> D, M){\n        vector<Edge> G[MAX];\n        vector<int> cake(M);\n        for(int i = 0 ; i < M ; i++){\n            cin >> cake[i];\n        }\n        int idx = 0, c;\n        string a, b;\n        unordered_map<string, int> mp;\n        for(int i = 0 ; i < D ; i++){\n            cin >> a >> b >> c;\n            if(!mp.count(a)) mp[a] = idx++;\n            if(!mp.count(b)) mp[b] = idx++;\n            if(a[0] == \'C\'){\n                G[mp[b]].emplace_back(mp[a], c);\n            }else{\n                G[mp[b]].emplace_back(mp[a], c);\n            }\n            if(b[0] == \'C\'){\n                G[mp[a]].emplace_back(mp[b], c);\n            }else{\n                G[mp[a]].emplace_back(mp[b], c);\n            }\n        }\n\n        int s = mp["H"], t = mp["D"];\n        d.fill(INF);\n        d[s][0] = 0;\n        bool update = true;\n\n        while(update){\n            update = false;\n            for(int i = 0 ; i < (int)mp.size() ; i++){\n                for(auto& e : G[i]){\n                    for(int S = (1 << 6) - 1; S >= 0; S--){\n                        int ncost = d[i][S];\n                        if(ncost == INF) continue;\n                        ncost += e.cost * K;\n                        if(e.c == -1){\n                            if(ncost < d[e.to][S]){\n                                d[e.to][S] = ncost;\n                                update = true;\n                            }\n                        }else{\n                            if(S >> e.c & 1) continue;\n                            if(ncost - cake[e.c] < d[e.to][S | (1 << e.c)]){\n                                d[e.to][S | (1 << e.c)] = ncost - cake[e.c];\n                                update = true;\n                            }\n                        }\n                    }\n                }\n            }\n        }\n\n        int res = INF;\n        for(int i = 0 ; i < (1 << 6) ; i++){\n            res = min(res, d[t][i]);\n        }\n\n        cout << res << endl;\n    }\n    return 0;\n}')"
2025-01-24 10:52:09,569	[INFO]	Step: 10
2025-01-24 10:52:09,569	[INFO]	Stop Steps: 100
2025-01-24 10:52:11,804	[DEBUG]	EXEC>  SUCCESS 2855099.875
2025-01-24 10:52:11,804	[INFO]	REF     SUCCESS               2855099.88 (--) [0 edit(s)]  
2025-01-24 10:52:11,804	[INFO]	Best patch: 2
2025-01-24 10:52:12,655	[DEBUG]	EXEC>  SUCCESS 2869927.6875
2025-01-24 10:52:12,655	[INFO]	BEST    SUCCESS               2869927.69 (100.52%) [0 edit(s)]  
2025-01-24 10:52:12,655	[INFO]	Best patch step: 2
2025-01-24 10:53:49,920	[INFO]	Step: 10
2025-01-24 10:53:49,920	[INFO]	Stop Steps: 100
2025-01-24 10:53:50,916	[DEBUG]	EXEC>  SUCCESS 2879304.9375
2025-01-24 10:53:50,917	[INFO]	1-1     SUCCESS              +2879304.94 (100.85%) [1 edit(s)]  
2025-01-24 10:53:50,917	[DEBUG]	patch(1-1)="LineLLMMutation(('source.cpp', 2), '#include <iostream>\n#include <vector>\n#include <map>\n#include <limits>\nusing namespace std;\n\n#define MAX 1000\n#define INF (1e9)\n\nstruct Edge{\n    int to, cost, c;\n    Edge(int to, int cost, int c) : to(to), cost(cost), c(c) {}\n};\n\nint main(){\n    int M, D, N, K;\n    int d[MAX][1<<6];\n    while(cin >> M >> N >> K >> D, M){\n        vector<Edge> G[MAX];\n        vector<int> cake(M);\n        for(int i = 0 ; i < M ; i++){\n            cin >> cake[i];\n        }\n        int idx = 0, c;\n        string a, b;\n        map<string, int> mp;\n        for(int i = 0 ; i < D ; i++){\n            cin >> a >> b >> c;\n            if(!mp.count(a)) mp[a] = idx++;\n            if(!mp.count(b)) mp[b] = idx++;\n            if(a[0] == \'C\'){\n                G[mp[b]].push_back(Edge(mp[a], c, a[1]-\'1\'));\n            }else{\n                G[mp[b]].push_back(Edge(mp[a], c, -1));\n            }\n            if(b[0] == \'C\'){\n                G[mp[a]].push_back(Edge(mp[b], c, b[1]-\'1\'));\n            }else{\n                G[mp[a]].push_back(Edge(mp[b], c, -1));\n            }\n        }\n\n        int s = mp["H"], t = mp["D"];\n        for(int i = 0 ; i < MAX ; i++){\n            fill(d[i], d[i] + (1 << 6), INF);\n        }\n        d[s][0] = 0;\n        bool update = true;\n\n        while(update){\n            update = false;\n            for(int i = 0 ; i < (int)mp.size() ; i++){\n                for(int j = 0 ; j < (int)G[i].size() ; j++){\n                    Edge e = G[i][j];\n                    for(int S = (1 << 6) - 1 ; S >= 0 ; S--){\n                        int ncost = d[i][S];\n                        if(ncost == INF) continue;\n                        ncost += e.cost * K;\n                        if(e.c == -1){\n                            if(ncost < d[e.to][S]){\n                                d[e.to][S] = ncost;\n                                update = true;\n                            }\n                        }else{\n                            if(S >> e.c & 1) continue;\n                            if(ncost - cake[e.c] < d[e.to][S | (1 << e.c)]){\n                                d[e.to][S | (1 << e.c)] = ncost - cake[e.c];\n                                update = true;\n                            }\n                        }\n                    }\n                }\n            }\n        }\n\n        int res = INF;\n        for(int i = 0 ; i < (1 << 6) ; i++){\n            res = min(res, d[t][i]);\n        }\n\n        cout << res << endl;\n    }\n    return 0;\n}')"
2025-01-24 10:53:50,917	[INFO]	Step: 11
2025-01-24 10:53:50,917	[INFO]	Stop Steps: 100
2025-01-24 10:53:51,793	[DEBUG]	EXEC>  SUCCESS 2915317.5
2025-01-24 10:53:51,793	[INFO]	1-2     SUCCESS               2915317.50 (102.11%) [1 edit(s)]  
2025-01-24 10:53:51,793	[DEBUG]	patch(1-2)="LineLLMMutation(('source.cpp', 5), '#include <iostream>\n#include <vector>\n#include <map>\n#include <limits>\nusing namespace std;\n\n#define MAX 1000\n#define INF (1e9)\n\nstruct Edge{\n    int to, cost, c;\n    Edge(int to, int cost, int c) : to(to), cost(cost), c(c) {}\n};\n\nint main(){\n    int M, D, N, K;\n    int d[MAX][1<<6];\n    while(cin >> M >> N >> K >> D, M){\n        vector<Edge> G[MAX];\n        vector<int> cake;\n        cake.reserve(M); // Reserve space for cake vector\n        for(int i = 0 ; i < M ; i++){\n            int value;\n            cin >> value;\n            cake.push_back(value);\n        }\n        int idx = 0, c;\n        string a, b;\n        map<string, int> mp;\n        for(int i = 0 ; i < D ; i++){\n            cin >> a >> b >> c;\n            if(!mp.count(a)) mp[a] = idx++;\n            if(!mp.count(b)) mp[b] = idx++;\n            if(a[0] == \'C\'){\n                G[mp[b]].push_back(Edge(mp[a], c, a[1]-\'1\'));\n            }else{\n                G[mp[b]].push_back(Edge(mp[a], c, -1));\n            }\n            if(b[0] == \'C\'){\n                G[mp[a]].push_back(Edge(mp[b], c, b[1]-\'1\'));\n            }else{\n                G[mp[a]].push_back(Edge(mp[b], c, -1));\n            }\n        }\n\n        int s = mp["H"], t = mp["D"];\n        for(int i = 0 ; i < MAX ; i++){\n            fill(d[i], d[i] + (1 << 6), INF);\n        }\n        d[s][0] = 0;\n        bool update = true;\n\n        while(update){\n            update = false;\n            for(int i = 0 ; i < (int)mp.size() ; i++){\n                for(int j = 0 ; j < (int)G[i].size() ; j++){\n                    Edge e = G[i][j];\n                    for(int S = (1 << 6) - 1 ; S >= 0 ; S--){\n                        int ncost = d[i][S];\n                        if(ncost == INF) continue;\n                        ncost += e.cost * K;\n                        if(e.c == -1){\n                            if(ncost < d[e.to][S]){\n                                d[e.to][S] = ncost;\n                                update = true;\n                            }\n                        }else{\n                            if(S >> e.c & 1) continue;\n                            if(ncost - cake[e.c] < d[e.to][S | (1 << e.c)]){\n                                d[e.to][S | (1 << e.c)] = ncost - cake[e.c];\n                                update = true;\n                            }\n                        }\n                    }\n                }\n            }\n        }\n\n        int res = INF;\n        for(int i = 0 ; i < (1 << 6) ; i++){\n            res = min(res, d[t][i]);\n        }\n\n        cout << res << endl;\n    }\n    return 0;\n}')"
2025-01-24 10:53:51,793	[INFO]	Step: 12
2025-01-24 10:53:51,793	[INFO]	Stop Steps: 100
2025-01-24 10:53:52,663	[DEBUG]	EXEC>  SUCCESS 2858718.4375
2025-01-24 10:53:52,664	[INFO]	1-3     SUCCESS              +2858718.44 (100.13%) [1 edit(s)]  
2025-01-24 10:53:52,664	[DEBUG]	patch(1-3)="LineLLMCrossover(('source.cpp', 0), '#include <iostream>\n#include <vector>\n#include <map>\n#include <limits>\nusing namespace std;\n\n#define MAX 1000\n#define INF (1e9)\n\nstruct Edge{\n    int to, cost, c;\n    Edge(int to, int cost, int c) : to(to), cost(cost), c(c) {}\n};\n\nint main(){\n    int M, D, N, K;\n    int d[MAX][1<<6];\n    while(cin >> M >> N >> K >> D, M){\n        vector<Edge> G[MAX];\n        vector<int> cake;\n        cake.reserve(M); // Efficient memory management\n        for(int i = 0 ; i < M ; i++){\n            int value;\n            cin >> value;\n            cake.push_back(value);\n        }\n        int idx = 0, c;\n        string a, b;\n        map<string, int> mp;\n        for(int i = 0 ; i < D ; i++){\n            cin >> a >> b >> c;\n            if(!mp.count(a)) mp[a] = idx++;\n            if(!mp.count(b)) mp[b] = idx++;\n            if(a[0] == \'C\'){\n                G[mp[b]].push_back(Edge(mp[a], c, a[1]-\'1\'));\n            }else{\n                G[mp[b]].push_back(Edge(mp[a], c, -1));\n            }\n            if(b[0] == \'C\'){\n                G[mp[a]].push_back(Edge(mp[b], c, b[1]-\'1\'));\n            }else{\n                G[mp[a]].push_back(Edge(mp[b], c, -1));\n            }\n        }\n\n        int s = mp["H"], t = mp["D"];\n        for(int i = 0 ; i < MAX ; i++){\n            fill(d[i], d[i] + (1 << 6), INF);\n        }\n        d[s][0] = 0;\n        bool update = true;\n\n        while(update){\n            update = false;\n            for(int i = 0 ; i < (int)mp.size() ; i++){\n                for(int j = 0 ; j < (int)G[i].size() ; j++){\n                    Edge e = G[i][j];\n                    for(int S = (1 << 6) - 1 ; S >= 0 ; S--){\n                        int ncost = d[i][S];\n                        if(ncost == INF) continue;\n                        ncost += e.cost * K;\n                        if(e.c == -1){\n                            if(ncost < d[e.to][S]){\n                                d[e.to][S] = ncost;\n                                update = true;\n                            }\n                        }else{\n                            if(S >> e.c & 1) continue;\n                            if(ncost - cake[e.c] < d[e.to][S | (1 << e.c)]){\n                                d[e.to][S | (1 << e.c)] = ncost - cake[e.c];\n                                update = true;\n                            }\n                        }\n                    }\n                }\n            }\n        }\n\n        int res = INF;\n        for(int i = 0 ; i < (1 << 6) ; i++){\n            res = min(res, d[t][i]);\n        }\n\n        cout << res << endl;\n    }\n    return 0;\n}')"
2025-01-24 10:53:52,664	[INFO]	Step: 13
2025-01-24 10:53:52,664	[INFO]	Stop Steps: 100
2025-01-24 10:53:53,432	[DEBUG]	EXEC>  SUCCESS 2891427.25
2025-01-24 10:53:53,433	[INFO]	1-4     SUCCESS               2891427.25 (101.27%) [1 edit(s)]  
2025-01-24 10:53:53,433	[DEBUG]	patch(1-4)="LineLLMCrossover(('source.cpp', 1), '#include <iostream>\n#include <vector>\n#include <unordered_map>\n#include <limits>\nusing namespace std;\n\n#define MAX 1000\n#define INF (1e9)\n\nstruct Edge{\n    int to, cost, c;\n    Edge(int to, int cost, int c) : to(to), cost(cost), c(c) {}\n};\n\nint main(){\n    int M, D, N, K;\n    int d[MAX][1<<6];\n    while(cin >> M >> N >> K >> D, M){\n        vector<Edge> G[MAX];\n        vector<int> cake;\n        cake.reserve(M); // Efficient memory management\n        for(int i = 0 ; i < M ; i++){\n            int value;\n            cin >> value;\n            cake.push_back(value);\n        }\n        int idx = 0, c;\n        string a, b;\n        unordered_map<string, int> mp; // Using unordered_map for faster access\n        for(int i = 0 ; i < D ; i++){\n            cin >> a >> b >> c;\n            if(!mp.count(a)) mp[a] = idx++;\n            if(!mp.count(b)) mp[b] = idx++;\n            if(a[0] == \'C\'){\n                G[mp[b]].push_back(Edge(mp[a], c, a[1]-\'1\'));\n            }else{\n                G[mp[b]].push_back(Edge(mp[a], c, -1));\n            }\n            if(b[0] == \'C\'){\n                G[mp[a]].push_back(Edge(mp[b], c, b[1]-\'1\'));\n            }else{\n                G[mp[a]].push_back(Edge(mp[b], c, -1));\n            }\n        }\n\n        int s = mp["H"], t = mp["D"];\n        for(int i = 0 ; i < MAX ; i++){\n            fill(d[i], d[i] + (1 << 6), INF);\n        }\n        d[s][0] = 0;\n        bool update = true;\n\n        while(update){\n            update = false;\n            for(int i = 0 ; i < (int)mp.size() ; i++){\n                for(int j = 0 ; j < (int)G[i].size() ; j++){\n                    Edge e = G[i][j];\n                    for(int S = (1 << 6) - 1 ; S >= 0 ; S--){\n                        int ncost = d[i][S];\n                        if(ncost == INF) continue;\n                        ncost += e.cost * K;\n                        if(e.c == -1){\n                            if(ncost < d[e.to][S]){\n                                d[e.to][S] = ncost;\n                                update = true;\n                            }\n                        }else{\n                            if(S >> e.c & 1) continue;\n                            if(ncost - cake[e.c] < d[e.to][S | (1 << e.c)]){\n                                d[e.to][S | (1 << e.c)] = ncost - cake[e.c];\n                                update = true;\n                            }\n                        }\n                    }\n                }\n            }\n        }\n\n        int res = INF;\n        for(int i = 0 ; i < (1 << 6) ; i++){\n            res = min(res, d[t][i]);\n        }\n\n        cout << res << endl;\n    }\n    return 0;\n}')"
2025-01-24 10:53:53,433	[INFO]	Step: 14
2025-01-24 10:53:53,433	[INFO]	Stop Steps: 100
2025-01-24 10:53:54,189	[DEBUG]	EXEC>  SUCCESS 2927276.75
2025-01-24 10:53:54,189	[INFO]	1-5     SUCCESS               2927276.75 (102.53%) [1 edit(s)]  
2025-01-24 10:53:54,189	[DEBUG]	patch(1-5)="LineLLMCrossover(('source.cpp', 2), '#include <iostream>\n#include <vector>\n#include <unordered_map>\n#include <limits>\nusing namespace std;\n\n#define MAX 1000\n#define INF (1e9)\n\nstruct Edge{\n    int to, cost, c;\n    Edge(int to, int cost, int c) : to(to), cost(cost), c(c) {}\n};\n\nint main(){\n    int M, D, N, K;\n    int d[MAX][1<<6];\n    while(cin >> M >> N >> K >> D, M){\n        vector<Edge> G[MAX];\n        vector<int> cake;\n        cake.reserve(M); // Efficient memory management\n        for(int i = 0 ; i < M ; i++){\n            int value;\n            cin >> value;\n            cake.push_back(value);\n        }\n        int idx = 0, c;\n        string a, b;\n        unordered_map<string, int> mp; // Using unordered_map for quick lookups\n        for(int i = 0 ; i < D ; i++){\n            cin >> a >> b >> c;\n            if(!mp.count(a)) mp[a] = idx++;\n            if(!mp.count(b)) mp[b] = idx++;\n            if(a[0] == \'C\'){\n                G[mp[b]].push_back(Edge(mp[a], c, a[1]-\'1\'));\n            }else{\n                G[mp[b]].push_back(Edge(mp[a], c, -1));\n            }\n            if(b[0] == \'C\'){\n                G[mp[a]].push_back(Edge(mp[b], c, b[1]-\'1\'));\n            }else{\n                G[mp[a]].push_back(Edge(mp[b], c, -1));\n            }\n        }\n\n        int s = mp["H"], t = mp["D"];\n        for(int i = 0 ; i < MAX ; i++){\n            fill(d[i], d[i] + (1 << 6), INF);\n        }\n        d[s][0] = 0;\n        bool update = true;\n\n        while(update){\n            update = false;\n            for(int i = 0 ; i < (int)mp.size() ; i++){\n                for(int j = 0 ; j < (int)G[i].size() ; j++){\n                    Edge e = G[i][j];\n                    for(int S = (1 << 6) - 1 ; S >= 0 ; S--){\n                        int ncost = d[i][S];\n                        if(ncost == INF) continue;\n                        ncost += e.cost * K;\n                        if(e.c == -1){\n                            if(ncost < d[e.to][S]){\n                                d[e.to][S] = ncost;\n                                update = true;\n                            }\n                        }else{\n                            if(S >> e.c & 1) continue;\n                            if(ncost - cake[e.c] < d[e.to][S | (1 << e.c)]){\n                                d[e.to][S | (1 << e.c)] = ncost - cake[e.c];\n                                update = true;\n                            }\n                        }\n                    }\n                }\n            }\n        }\n\n        int res = INF;\n        for(int i = 0 ; i < (1 << 6) ; i++){\n            res = min(res, d[t][i]);\n        }\n\n        cout << res << endl;\n    }\n    return 0;\n}')"
2025-01-24 10:53:54,189	[INFO]	Step: 15
2025-01-24 10:53:54,189	[INFO]	Stop Steps: 100
2025-01-24 10:53:55,057	[DEBUG]	EXEC>  SUCCESS 2870871.75
2025-01-24 10:53:55,057	[INFO]	1-6     SUCCESS               2870871.75 (100.55%) [1 edit(s)]  
2025-01-24 10:53:55,058	[DEBUG]	patch(1-6)="LineLLMCrossover(('source.cpp', 3), '#include <iostream>\n#include <vector>\n#include <map>\n#include <limits>\nusing namespace std;\n\n#define MAX 1000\n#define INF (1e9)\n\nstruct Edge{\n    int to, cost, c;\n    Edge(int to, int cost, int c) : to(to), cost(cost), c(c) {}\n};\n\nint main(){\n    int M, D, N, K;\n    int d[MAX][1<<6];\n    while(cin >> M >> N >> K >> D, M){\n        vector<Edge> G[MAX];\n        vector<int> cake; // Memory-efficient vector\n        cake.reserve(M); // Reserve space for cake vector\n        for(int i = 0 ; i < M ; i++){\n            int value;\n            cin >> value;\n            cake.push_back(value);\n        }\n        int idx = 0, c;\n        string a, b;\n        map<string, int> mp;\n        for(int i = 0 ; i < D ; i++){\n            cin >> a >> b >> c;\n            if(!mp.count(a)) mp[a] = idx++;\n            if(!mp.count(b)) mp[b] = idx++;\n            if(a[0] == \'C\'){\n                G[mp[b]].push_back(Edge(mp[a], c, a[1]-\'1\'));\n            }else{\n                G[mp[b]].push_back(Edge(mp[a], c, -1));\n            }\n            if(b[0] == \'C\'){\n                G[mp[a]].push_back(Edge(mp[b], c, b[1]-\'1\'));\n            }else{\n                G[mp[a]].push_back(Edge(mp[b], c, -1));\n            }\n        }\n\n        int s = mp["H"], t = mp["D"];\n        for(int i = 0 ; i < MAX ; i++){\n            fill(d[i], d[i] + (1 << 6), INF);\n        }\n        d[s][0] = 0;\n        bool update = true;\n\n        while(update){\n            update = false;\n            for(int i = 0 ; i < (int)mp.size() ; i++){\n                for(int j = 0 ; j < (int)G[i].size() ; j++){\n                    Edge e = G[i][j];\n                    for(int S = (1 << 6) - 1 ; S >= 0 ; S--){\n                        int ncost = d[i][S];\n                        if(ncost == INF) continue;\n                        ncost += e.cost * K;\n                        if(e.c == -1){\n                            if(ncost < d[e.to][S]){\n                                d[e.to][S] = ncost;\n                                update = true;\n                            }\n                        }else{\n                            if(S >> e.c & 1) continue;\n                            if(ncost - cake[e.c] < d[e.to][S | (1 << e.c)]){\n                                d[e.to][S | (1 << e.c)] = ncost - cake[e.c];\n                                update = true;\n                            }\n                        }\n                    }\n                }\n            }\n        }\n\n        int res = INF;\n        for(int i = 0 ; i < (1 << 6) ; i++){\n            res = min(res, d[t][i]);\n        }\n\n        cout << res << endl;\n    }\n    return 0;\n}')"
2025-01-24 10:53:55,058	[INFO]	Step: 16
2025-01-24 10:53:55,058	[INFO]	Stop Steps: 100
2025-01-24 10:53:55,935	[DEBUG]	EXEC>  SUCCESS 2929940.5
2025-01-24 10:53:55,935	[INFO]	1-7     SUCCESS               2929940.50 (102.62%) [2 edit(s)]  
2025-01-24 10:53:55,935	[DEBUG]	patch(1-7)="LineLLMMutation(('source.cpp', 2), '#include <iostream>\n#include <vector>\n#include <map>\n#include <limits>\nusing namespace std;\n\n#define MAX 1000\n#define INF (1e9)\n\nstruct Edge{\n    int to, cost, c;\n    Edge(int to, int cost, int c) : to(to), cost(cost), c(c) {}\n};\n\nint main(){\n    int M, D, N, K;\n    int d[MAX][1<<6];\n    while(cin >> M >> N >> K >> D, M){\n        vector<Edge> G[MAX];\n        vector<int> cake(M);\n        for(int i = 0 ; i < M ; i++){\n            cin >> cake[i];\n        }\n        int idx = 0, c;\n        string a, b;\n        map<string, int> mp;\n        for(int i = 0 ; i < D ; i++){\n            cin >> a >> b >> c;\n            if(!mp.count(a)) mp[a] = idx++;\n            if(!mp.count(b)) mp[b] = idx++;\n            if(a[0] == \'C\'){\n                G[mp[b]].push_back(Edge(mp[a], c, a[1]-\'1\'));\n            }else{\n                G[mp[b]].push_back(Edge(mp[a], c, -1));\n            }\n            if(b[0] == \'C\'){\n                G[mp[a]].push_back(Edge(mp[b], c, b[1]-\'1\'));\n            }else{\n                G[mp[a]].push_back(Edge(mp[b], c, -1));\n            }\n        }\n\n        int s = mp["H"], t = mp["D"];\n        for(int i = 0 ; i < MAX ; i++){\n            fill(d[i], d[i] + (1 << 6), INF);\n        }\n        d[s][0] = 0;\n        bool update = true;\n\n        while(update){\n            update = false;\n            for(int i = 0 ; i < (int)mp.size() ; i++){\n                for(int j = 0 ; j < (int)G[i].size() ; j++){\n                    Edge e = G[i][j];\n                    for(int S = (1 << 6) - 1 ; S >= 0 ; S--){\n                        int ncost = d[i][S];\n                        if(ncost == INF) continue;\n                        ncost += e.cost * K;\n                        if(e.c == -1){\n                            if(ncost < d[e.to][S]){\n                                d[e.to][S] = ncost;\n                                update = true;\n                            }\n                        }else{\n                            if(S >> e.c & 1) continue;\n                            if(ncost - cake[e.c] < d[e.to][S | (1 << e.c)]){\n                                d[e.to][S | (1 << e.c)] = ncost - cake[e.c];\n                                update = true;\n                            }\n                        }\n                    }\n                }\n            }\n        }\n\n        int res = INF;\n        for(int i = 0 ; i < (1 << 6) ; i++){\n            res = min(res, d[t][i]);\n        }\n\n        cout << res << endl;\n    }\n    return 0;\n}') | LineLLMMutation(('source.cpp', 10), '#include <iostream>\n#include <vector>\n#include <map>\n#include <limits>\nusing namespace std;\n\n#define MAX 1000\n#define INF (1e9)\n\nstruct Edge{\n    int to, cost, c;\n    Edge(int to, int cost, int c) : to(to), cost(cost), c(c) {}\n};\n\nint main(){\n    int M, D, N, K;\n    int d[MAX][1<<6];\n    while(cin >> M >> N >> K >> D, M){\n        vector<vector<Edge>> G; // Use dynamic sizing for graph edges\n        G.resize(MAX); // Resize based on MAX nodes\n        vector<int> cake(M);\n        for(int i = 0 ; i < M ; i++){\n            cin >> cake[i];\n        }\n        int idx = 0, c;\n        string a, b;\n        map<string, int> mp;\n        for(int i = 0 ; i < D ; i++){\n            cin >> a >> b >> c;\n            if(!mp.count(a)) mp[a] = idx++;\n            if(!mp.count(b)) mp[b] = idx++;\n            if(a[0] == \'C\'){\n                G[mp[b]].push_back(Edge(mp[a], c, a[1]-\'1\'));\n            }else{\n                G[mp[b]].push_back(Edge(mp[a], c, -1));\n            }\n            if(b[0] == \'C\'){\n                G[mp[a]].push_back(Edge(mp[b], c, b[1]-\'1\'));\n            }else{\n                G[mp[a]].push_back(Edge(mp[b], c, -1));\n            }\n        }\n\n        int s = mp["H"], t = mp["D"];\n        for(int i = 0 ; i < MAX ; i++){\n            fill(d[i], d[i] + (1 << 6), INF);\n        }\n        d[s][0] = 0;\n        bool update = true;\n\n        while(update){\n            update = false;\n            for(int i = 0 ; i < (int)mp.size() ; i++){\n                for(int j = 0 ; j < (int)G[i].size() ; j++){\n                    Edge e = G[i][j];\n                    for(int S = (1 << 6) - 1 ; S >= 0 ; S--){\n                        int ncost = d[i][S];\n                        if(ncost == INF) continue;\n                        ncost += e.cost * K;\n                        if(e.c == -1){\n                            if(ncost < d[e.to][S]){\n                                d[e.to][S] = ncost;\n                                update = true;\n                            }\n                        }else{\n                            if(S >> e.c & 1) continue;\n                            if(ncost - cake[e.c] < d[e.to][S | (1 << e.c)]){\n                                d[e.to][S | (1 << e.c)] = ncost - cake[e.c];\n                                update = true;\n                            }\n                        }\n                    }\n                }\n            }\n        }\n\n        int res = INF;\n        for(int i = 0 ; i < (1 << 6) ; i++){\n            res = min(res, d[t][i]);\n        }\n\n        cout << res << endl;\n    }\n    return 0;\n}')"
2025-01-24 10:53:55,935	[INFO]	Step: 17
2025-01-24 10:53:55,935	[INFO]	Stop Steps: 100
2025-01-24 10:53:56,882	[DEBUG]	EXEC>  SUCCESS 2821118.625
2025-01-24 10:53:56,883	[INFO]	1-8     SUCCESS              *2821118.62 (98.81%) [2 edit(s)]  
2025-01-24 10:53:56,883	[DEBUG]	patch(1-8)="LineLLMMutation(('source.cpp', 5), '#include <iostream>\n#include <vector>\n#include <map>\n#include <limits>\nusing namespace std;\n\n#define MAX 1000\n#define INF (1e9)\n\nstruct Edge{\n    int to, cost, c;\n    Edge(int to, int cost, int c) : to(to), cost(cost), c(c) {}\n};\n\nint main(){\n    int M, D, N, K;\n    int d[MAX][1<<6];\n    while(cin >> M >> N >> K >> D, M){\n        vector<Edge> G[MAX];\n        vector<int> cake;\n        cake.reserve(M); // Reserve space for cake vector\n        for(int i = 0 ; i < M ; i++){\n            int value;\n            cin >> value;\n            cake.push_back(value);\n        }\n        int idx = 0, c;\n        string a, b;\n        map<string, int> mp;\n        for(int i = 0 ; i < D ; i++){\n            cin >> a >> b >> c;\n            if(!mp.count(a)) mp[a] = idx++;\n            if(!mp.count(b)) mp[b] = idx++;\n            if(a[0] == \'C\'){\n                G[mp[b]].push_back(Edge(mp[a], c, a[1]-\'1\'));\n            }else{\n                G[mp[b]].push_back(Edge(mp[a], c, -1));\n            }\n            if(b[0] == \'C\'){\n                G[mp[a]].push_back(Edge(mp[b], c, b[1]-\'1\'));\n            }else{\n                G[mp[a]].push_back(Edge(mp[b], c, -1));\n            }\n        }\n\n        int s = mp["H"], t = mp["D"];\n        for(int i = 0 ; i < MAX ; i++){\n            fill(d[i], d[i] + (1 << 6), INF);\n        }\n        d[s][0] = 0;\n        bool update = true;\n\n        while(update){\n            update = false;\n            for(int i = 0 ; i < (int)mp.size() ; i++){\n                for(int j = 0 ; j < (int)G[i].size() ; j++){\n                    Edge e = G[i][j];\n                    for(int S = (1 << 6) - 1 ; S >= 0 ; S--){\n                        int ncost = d[i][S];\n                        if(ncost == INF) continue;\n                        ncost += e.cost * K;\n                        if(e.c == -1){\n                            if(ncost < d[e.to][S]){\n                                d[e.to][S] = ncost;\n                                update = true;\n                            }\n                        }else{\n                            if(S >> e.c & 1) continue;\n                            if(ncost - cake[e.c] < d[e.to][S | (1 << e.c)]){\n                                d[e.to][S | (1 << e.c)] = ncost - cake[e.c];\n                                update = true;\n                            }\n                        }\n                    }\n                }\n            }\n        }\n\n        int res = INF;\n        for(int i = 0 ; i < (1 << 6) ; i++){\n            res = min(res, d[t][i]);\n        }\n\n        cout << res << endl;\n    }\n    return 0;\n}') | LineLLMMutation(('source.cpp', 11), '#include <iostream>\n#include <vector>\n#include <map>\n#include <limits>\n#include <unordered_map>\nusing namespace std;\n\n#define MAX 1000\n#define INF (1e9)\n\nstruct Edge{\n    int to, cost, c;\n    Edge(int to, int cost, int c) : to(to), cost(cost), c(c) {}\n};\n\nint main(){\n    int M, D, N, K;\n    int d[MAX][1<<6];\n    while(cin >> M >> N >> K >> D, M){\n        unordered_map<int, vector<Edge>> G; // Changed to unordered_map for dynamic graph\n        vector<int> cake;\n        cake.reserve(M); \n        for(int i = 0 ; i < M ; i++){\n            int value;\n            cin >> value;\n            cake.push_back(value);\n        }\n        int idx = 0, c;\n        string a, b;\n        map<string, int> mp;\n        for(int i = 0 ; i < D ; i++){\n            cin >> a >> b >> c;\n            if(!mp.count(a)) mp[a] = idx++;\n            if(!mp.count(b)) mp[b] = idx++;\n            if(a[0] == \'C\'){\n                G[mp[b]].emplace_back(mp[a], c, a[1]-\'1\');\n            }else{\n                G[mp[b]].emplace_back(mp[a], c, -1);\n            }\n            if(b[0] == \'C\'){\n                G[mp[a]].emplace_back(mp[b], c, b[1]-\'1\');\n            }else{\n                G[mp[a]].emplace_back(mp[b], c, -1);\n            }\n        }\n\n        int s = mp["H"], t = mp["D"];\n        for(int i = 0 ; i < MAX ; i++){\n            fill(d[i], d[i] + (1 << 6), INF);\n        }\n        d[s][0] = 0;\n        bool update = true;\n\n        while(update){\n            update = false;\n            for(int i = 0 ; i < (int)mp.size() ; i++){\n                for(auto &edge : G[i]){ // Using range-based for loop\n                    for(int S = (1 << 6) - 1 ; S >= 0 ; S--){\n                        int ncost = d[i][S];\n                        if(ncost == INF) continue;\n                        ncost += edge.cost * K;\n                        if(edge.c == -1){\n                            if(ncost < d[edge.to][S]){\n                                d[edge.to][S] = ncost;\n                                update = true;\n                            }\n                        }else{\n                            if(S >> edge.c & 1) continue;\n                            if(ncost - cake[edge.c] < d[edge.to][S | (1 << edge.c)]){\n                                d[edge.to][S | (1 << edge.c)] = ncost - cake[edge.c];\n                                update = true;\n                            }\n                        }\n                    }\n                }\n            }\n        }\n\n        int res = INF;\n        for(int i = 0 ; i < (1 << 6) ; i++){\n            res = min(res, d[t][i]);\n        }\n\n        cout << res << endl;\n    }\n    return 0;\n}')"

2025-01-24 10:53:56,883	[INFO]	Step: 18
2025-01-24 10:53:56,883	[INFO]	Stop Steps: 100
2025-01-24 10:53:57,492	[DEBUG]	EXEC>  SUCCESS 2836337.875
2025-01-24 10:53:57,493	[INFO]	1-9     SUCCESS               2836337.88 (99.34%) [2 edit(s)]  
2025-01-24 10:53:57,493	[DEBUG]	patch(1-9)="LineLLMMutation(('source.cpp', 6), '#include <iostream>\n#include <vector>\n#include <unordered_map>\n#include <limits>\nusing namespace std;\n\n#define MAX 1000\n#define INF (1e9)\n\nstruct Edge{\n    int to, cost, c;\n    Edge(int to, int cost, int c) : to(to), cost(cost), c(c) {}\n};\n\nint main(){\n    int M, D, N, K;\n    int d[MAX][1<<6];\n    while(cin >> M >> N >> K >> D, M){\n        vector<Edge> G[MAX];\n        vector<int> cake(M);\n        for(int i = 0 ; i < M ; i++){\n            cin >> cake[i];\n        }\n        int idx = 0, c;\n        string a, b;\n        unordered_map<string, int> mp; // Changed to unordered_map\n        for(int i = 0 ; i < D ; i++){\n            cin >> a >> b >> c;\n            if(!mp.count(a)) mp[a] = idx++;\n            if(!mp.count(b)) mp[b] = idx++;\n            if(a[0] == \'C\'){\n                G[mp[b]].push_back(Edge(mp[a], c, a[1]-\'1\'));\n            }else{\n                G[mp[b]].push_back(Edge(mp[a], c, -1));\n            }\n            if(b[0] == \'C\'){\n                G[mp[a]].push_back(Edge(mp[b], c, b[1]-\'1\'));\n            }else{\n                G[mp[a]].push_back(Edge(mp[b], c, -1));\n            }\n        }\n\n        int s = mp["H"], t = mp["D"];\n        for(int i = 0 ; i < MAX ; i++){\n            fill(d[i], d[i] + (1 << 6), INF);\n        }\n        d[s][0] = 0;\n        bool update = true;\n\n        while(update){\n            update = false;\n            for(int i = 0 ; i < (int)mp.size() ; i++){\n                for(int j = 0 ; j < (int)G[i].size() ; j++){\n                    Edge e = G[i][j];\n                    for(int S = (1 << 6) - 1 ; S >= 0 ; S--){\n                        int ncost = d[i][S];\n                        if(ncost == INF) continue;\n                        ncost += e.cost * K;\n                        if(e.c == -1){\n                            if(ncost < d[e.to][S]){\n                                d[e.to][S] = ncost;\n                                update = true;\n                            }\n                        }else{\n                            if(S >> e.c & 1) continue;\n                            if(ncost - cake[e.c] < d[e.to][S | (1 << e.c)]){\n                                d[e.to][S | (1 << e.c)] = ncost - cake[e.c];\n                                update = true;\n                            }\n                        }\n                    }\n                }\n            }\n        }\n\n        int res = INF;\n        for(int i = 0 ; i < (1 << 6) ; i++){\n            res = min(res, d[t][i]);\n        }\n\n        cout << res << endl;\n    }\n    return 0;\n}') | LineLLMMutation(('source.cpp', 12), "#include <iostream>\n#include <vector>\n#include <limits>\nusing namespace std;\n\n#define MAX 1000\n#define INF (1e9)\n\nstruct Edge{\n    int to, cost, c;\n    Edge(int to, int cost, int c) : to(to), cost(cost), c(c) {}\n};\n\nint main(){\n    int M, D, N, K;\n    int d[MAX][1<<6];\n    while(cin >> M >> N >> K >> D, M){\n        vector<Edge> G[MAX];\n        vector<int> cake(M);\n        for(int i = 0 ; i < M ; i++){\n            cin >> cake[i];\n        }\n        int idx = 0, c;\n        string a, b;\n        \n        // Instead of an unordered_map, use a fixed-size vector for indices\n        vector<int> mp(200, -1); // Assuming max 200 unique nodes\n        for(int i = 0 ; i < D ; i++){\n            cin >> a >> b >> c;\n            if(mp[a[0] - 'A'] == -1) mp[a[0] - 'A'] = idx++;\n            if(mp[b[0] - 'A'] == -1) mp[b[0] - 'A'] = idx++;\n            \n            if(a[0] == 'C'){\n                G[mp[b[0] - 'A']].push_back(Edge(mp[a[0] - 'A'], c, a[1]-'1'));\n            }else{\n                G[mp[b[0] - 'A']].push_back(Edge(mp[a[0] - 'A'], c, -1));\n            }\n            if(b[0] == 'C'){\n                G[mp[a[0] - 'A']].push_back(Edge(mp[b[0] - 'A'], c, b[1]-'1'));\n            }else{\n                G[mp[a[0] - 'A']].push_back(Edge(mp[b[0] - 'A'], c, -1));\n            }\n        }\n\n        int s = mp['H' - 'A'], t = mp['D' - 'A'];\n        for(int i = 0 ; i < MAX ; i++){\n            fill(d[i], d[i] + (1 << 6), INF);\n        }\n        d[s][0] = 0;\n        bool update = true;\n\n        while(update){\n            update = false;\n            for(int i = 0 ; i < (int)mp.size() ; i++){\n                for(int j = 0 ; j < (int)G[i].size() ; j++){\n                    Edge e = G[i][j];\n                    for(int S = (1 << 6) - 1 ; S >= 0 ; S--){\n                        int ncost = d[i][S];\n                        if(ncost == INF) continue;\n                        ncost += e.cost * K;\n                        if(e.c == -1){\n                            if(ncost < d[e.to][S]){\n                                d[e.to][S] = ncost;\n                                update = true;\n                            }\n                        }else{\n                            if(S >> e.c & 1) continue;\n                            if(ncost - cake[e.c] < d[e.to][S | (1 << e.c)]){\n                                d[e.to][S | (1 << e.c)] = ncost - cake[e.c];\n                                update = true;\n                            }\n                        }\n                    }\n                }\n            }\n        }\n\n        int res = INF;\n        for(int i = 0 ; i < (1 << 6) ; i++){\n            res = min(res, d[t][i]);\n        }\n\n        cout << res << endl;\n    }\n    return 0;\n}")"
2025-01-24 10:53:57,493	[INFO]	Step: 19
2025-01-24 10:53:57,493	[INFO]	Stop Steps: 100
2025-01-24 10:53:57,647	[INFO]	1-10    COMPILE_CODE_ERROR    None (--) [2 edit(s)]  
2025-01-24 10:53:57,647	[DEBUG]	patch(1-10)="LineLLMMutation(('source.cpp', 3), '#include <iostream>\n#include <vector>\n#include <map>\n#include <limits>\nusing namespace std;\n\n#define MAX 1000\n#define INF (1e9)\n\nstruct Edge{\n    int to, cost, c;\n    Edge(int to, int cost, int c) : to(to), cost(cost), c(c) {}\n};\n\nint main(){\n    int M, D, N, K;\n    int d[MAX][1<<6];\n    while(cin >> M >> N >> K >> D, M){\n        vector<Edge> G[MAX];\n        vector<int> cake(M);\n        for(int i = 0 ; i < M ; i++){\n            cin >> cake[i];\n        }\n        int idx = 0, c;\n        string a, b;\n        map<string, int> mp;\n        for(int i = 0 ; i < D ; i++){\n            cin >> a >> b >> c;\n            if(!mp.count(a)) mp[a] = idx++;\n            if(!mp.count(b)) mp[b] = idx++;\n            if(a[0] == \'C\'){\n                G[mp[b]].push_back(Edge(mp[a], c, a[1]-\'1\'));\n            }else{\n                G[mp[b]].push_back(Edge(mp[a], c, -1));\n            }\n            if(b[0] == \'C\'){\n                G[mp[a]].push_back(Edge(mp[b], c, b[1]-\'1\'));\n            }else{\n                G[mp[a]].push_back(Edge(mp[b], c, -1));\n            }\n        }\n\n        int s = mp["H"], t = mp["D"];\n        for(int i = 0 ; i < MAX ; i++){\n            fill(d[i], d[i] + (1 << 6), INF);\n        }\n        d[s][0] = 0;\n        bool update = true;\n\n        while(update){\n            update = false;\n            for(int i = 0 ; i < (int)mp.size() ; i++){\n                for(int j = 0 ; j < (int)G[i].size() ; j++){\n                    Edge e = G[i][j];\n                    for(int S = (1 << 6) - 1 ; S >= 0 ; S--){\n                        int ncost = d[i][S];\n                        if(ncost == INF) continue;\n                        ncost += e.cost * K;\n                        if(e.c == -1){\n                            if(ncost < d[e.to][S]){\n                                d[e.to][S] = ncost;\n                                update = true;\n                            }\n                        }else{\n                            if(S >> e.c & 1) continue;\n                            if(ncost - cake[e.c] < d[e.to][S | (1 << e.c)]){\n                                d[e.to][S | (1 << e.c)] = ncost - cake[e.c];\n                                update = true;\n                            }\n                        }\n                    }\n                }\n            }\n        }\n\n        int res = INF;\n        for(int i = 0 ; i < (1 << 6) ; i++){\n            res = min(res, d[t][i]);\n        }\n\n        cout << res << endl;\n    }\n    return 0;\n}') | LineLLMMutation(('source.cpp', 13), '#include <cstdio>\n#include <vector>\n#include <map>\n#include <limits>\nusing namespace std;\n\n#define MAX 1000\n#define INF (1e9)\n\nstruct Edge{\n    int to, cost, c;\n    Edge(int to, int cost, int c) : to(to), cost(cost), c(c) {}\n};\n\nint main(){\n    int M, D, N, K;\n    int d[MAX][1<<6];\n    while(scanf("%d %d %d %d", &M, &N, &K, &D), M){\n        vector<Edge> G[MAX];\n        vector<int> cake(M);\n        for(int i = 0 ; i < M ; i++){\n            scanf("%d", &cake[i]);\n        }\n        int idx = 0, c;\n        char a[50], b[50];\n        map<string, int> mp;\n        for(int i = 0 ; i < D ; i++){\n            scanf("%s %s %d", a, b, &c);\n            if(!mp.count(a)) mp[a] = idx++;\n            if(!mp.count(b)) mp[b] = idx++;\n            if(a[0] == \'C\'){\n                G[mp[b]].push_back(Edge(mp[a], c, a[1]-\'1\'));\n            }else{\n                G[mp[b]].push_back(Edge(mp[a], c, -1));\n            }\n            if(b[0] == \'C\'){\n                G[mp[a]].push_back(Edge(mp[b], c, b[1]-\'1\'));\n            }else{\n                G[mp[a]].push_back(Edge(mp[b], c, -1));\n            }\n        }\n\n        int s = mp["H"], t = mp["D"];\n        for(int i = 0 ; i < MAX ; i++){\n            fill(d[i], d[i] + (1 << 6), INF);\n        }\n        d[s][0] = 0;\n        bool update = true;\n\n        while(update){\n            update = false;\n            for(int i = 0 ; i < (int)mp.size() ; i++){\n                for(int j = 0 ; j < (int)G[i].size() ; j++){\n                    Edge e = G[i][j];\n                    for(int S = (1 << 6) - 1 ; S >= 0 ; S--){\n                        int ncost = d[i][S];\n                        if(ncost == INF) continue;\n                        ncost += e.cost * K;\n                        if(e.c == -1){\n                            if(ncost < d[e.to][S]){\n                                d[e.to][S] = ncost;\n                                update = true;\n                            }\n                        }else{\n                            if(S >> e.c & 1) continue;\n                            if(ncost - cake[e.c] < d[e.to][S | (1 << e.c)]){\n                                d[e.to][S | (1 << e.c)] = ncost - cake[e.c];\n                                update = true;\n                            }\n                        }\n                    }\n                }\n            }\n        }\n\n        int res = INF;\n        for(int i = 0 ; i < (1 << 6) ; i++){\n            res = min(res, d[t][i]);\n        }\n\n        printf("%d\\n", res);\n    }\n    return 0;\n}')"
2025-01-24 10:53:57,647	[INFO]	Step: 20
2025-01-24 10:53:57,647	[INFO]	Stop Steps: 100
2025-01-24 10:53:59,767	[DEBUG]	EXEC>  SUCCESS 2874129.375
2025-01-24 10:53:59,767	[INFO]	REF     SUCCESS               2874129.38 (--) [0 edit(s)]  
2025-01-24 10:53:59,767	[INFO]	Best patch: 5_11
2025-01-24 10:54:00,706	[DEBUG]	EXEC>  SUCCESS 2848334.375
2025-01-24 10:54:00,706	[INFO]	BEST    SUCCESS              *2848334.38 (99.10%) [0 edit(s)]  
2025-01-24 10:54:00,706	[INFO]	Best patch step: 17
2025-01-24 10:57:18,451	[INFO]	Step: 20
2025-01-24 10:57:18,451	[INFO]	Stop Steps: 100
2025-01-24 10:57:19,532	[DEBUG]	EXEC>  SUCCESS 2840626.0
2025-01-24 10:57:19,532	[INFO]	2-1     SUCCESS              *2840626.00 (98.83%) [2 edit(s)]  
2025-01-24 10:57:19,532	[DEBUG]	patch(2-1)="LineLLMMutation(('source.cpp', 5), '#include <iostream>\n#include <vector>\n#include <map>\n#include <limits>\nusing namespace std;\n\n#define MAX 1000\n#define INF (1e9)\n\nstruct Edge{\n    int to, cost, c;\n    Edge(int to, int cost, int c) : to(to), cost(cost), c(c) {}\n};\n\nint main(){\n    int M, D, N, K;\n    int d[MAX][1<<6];\n    while(cin >> M >> N >> K >> D, M){\n        vector<Edge> G[MAX];\n        vector<int> cake;\n        cake.reserve(M); // Reserve space for cake vector\n        for(int i = 0 ; i < M ; i++){\n            int value;\n            cin >> value;\n            cake.push_back(value);\n        }\n        int idx = 0, c;\n        string a, b;\n        map<string, int> mp;\n        for(int i = 0 ; i < D ; i++){\n            cin >> a >> b >> c;\n            if(!mp.count(a)) mp[a] = idx++;\n            if(!mp.count(b)) mp[b] = idx++;\n            if(a[0] == \'C\'){\n                G[mp[b]].push_back(Edge(mp[a], c, a[1]-\'1\'));\n            }else{\n                G[mp[b]].push_back(Edge(mp[a], c, -1));\n            }\n            if(b[0] == \'C\'){\n                G[mp[a]].push_back(Edge(mp[b], c, b[1]-\'1\'));\n            }else{\n                G[mp[a]].push_back(Edge(mp[b], c, -1));\n            }\n        }\n\n        int s = mp["H"], t = mp["D"];\n        for(int i = 0 ; i < MAX ; i++){\n            fill(d[i], d[i] + (1 << 6), INF);\n        }\n        d[s][0] = 0;\n        bool update = true;\n\n        while(update){\n            update = false;\n            for(int i = 0 ; i < (int)mp.size() ; i++){\n                for(int j = 0 ; j < (int)G[i].size() ; j++){\n                    Edge e = G[i][j];\n                    for(int S = (1 << 6) - 1 ; S >= 0 ; S--){\n                        int ncost = d[i][S];\n                        if(ncost == INF) continue;\n                        ncost += e.cost * K;\n                        if(e.c == -1){\n                            if(ncost < d[e.to][S]){\n                                d[e.to][S] = ncost;\n                                update = true;\n                            }\n                        }else{\n                            if(S >> e.c & 1) continue;\n                            if(ncost - cake[e.c] < d[e.to][S | (1 << e.c)]){\n                                d[e.to][S | (1 << e.c)] = ncost - cake[e.c];\n                                update = true;\n                            }\n                        }\n                    }\n                }\n            }\n        }\n\n        int res = INF;\n        for(int i = 0 ; i < (1 << 6) ; i++){\n            res = min(res, d[t][i]);\n        }\n\n        cout << res << endl;\n    }\n    return 0;\n}') | LineLLMMutation(('source.cpp', 11), '#include <iostream>\n#include <vector>\n#include <map>\n#include <limits>\n#include <unordered_map>\nusing namespace std;\n\n#define MAX 1000\n#define INF (1e9)\n\nstruct Edge{\n    int to, cost, c;\n    Edge(int to, int cost, int c) : to(to), cost(cost), c(c) {}\n};\n\nint main(){\n    int M, D, N, K;\n    int d[MAX][1<<6];\n    while(cin >> M >> N >> K >> D, M){\n        unordered_map<int, vector<Edge>> G; // Changed to unordered_map for dynamic graph\n        vector<int> cake;\n        cake.reserve(M); \n        for(int i = 0 ; i < M ; i++){\n            int value;\n            cin >> value;\n            cake.push_back(value);\n        }\n        int idx = 0, c;\n        string a, b;\n        map<string, int> mp;\n        for(int i = 0 ; i < D ; i++){\n            cin >> a >> b >> c;\n            if(!mp.count(a)) mp[a] = idx++;\n            if(!mp.count(b)) mp[b] = idx++;\n            if(a[0] == \'C\'){\n                G[mp[b]].emplace_back(mp[a], c, a[1]-\'1\');\n            }else{\n                G[mp[b]].emplace_back(mp[a], c, -1);\n            }\n            if(b[0] == \'C\'){\n                G[mp[a]].emplace_back(mp[b], c, b[1]-\'1\');\n            }else{\n                G[mp[a]].emplace_back(mp[b], c, -1);\n            }\n        }\n\n        int s = mp["H"], t = mp["D"];\n        for(int i = 0 ; i < MAX ; i++){\n            fill(d[i], d[i] + (1 << 6), INF);\n        }\n        d[s][0] = 0;\n        bool update = true;\n\n        while(update){\n            update = false;\n            for(int i = 0 ; i < (int)mp.size() ; i++){\n                for(auto &edge : G[i]){ // Using range-based for loop\n                    for(int S = (1 << 6) - 1 ; S >= 0 ; S--){\n                        int ncost = d[i][S];\n                        if(ncost == INF) continue;\n                        ncost += edge.cost * K;\n                        if(edge.c == -1){\n                            if(ncost < d[edge.to][S]){\n                                d[edge.to][S] = ncost;\n                                update = true;\n                            }\n                        }else{\n                            if(S >> edge.c & 1) continue;\n                            if(ncost - cake[edge.c] < d[edge.to][S | (1 << edge.c)]){\n                                d[edge.to][S | (1 << edge.c)] = ncost - cake[edge.c];\n                                update = true;\n                            }\n                        }\n                    }\n                }\n            }\n        }\n\n        int res = INF;\n        for(int i = 0 ; i < (1 << 6) ; i++){\n            res = min(res, d[t][i]);\n        }\n\n        cout << res << endl;\n    }\n    return 0;\n}')"

2025-01-24 10:57:19,533	[INFO]	Step: 21
2025-01-24 10:57:19,533	[INFO]	Stop Steps: 100
2025-01-24 10:57:20,149	[DEBUG]	EXEC>  SUCCESS 2857055.0
2025-01-24 10:57:20,149	[INFO]	2-2     SUCCESS               2857055.00 (99.41%) [2 edit(s)]  
2025-01-24 10:57:20,150	[DEBUG]	patch(2-2)="LineLLMMutation(('source.cpp', 6), '#include <iostream>\n#include <vector>\n#include <unordered_map>\n#include <limits>\nusing namespace std;\n\n#define MAX 1000\n#define INF (1e9)\n\nstruct Edge{\n    int to, cost, c;\n    Edge(int to, int cost, int c) : to(to), cost(cost), c(c) {}\n};\n\nint main(){\n    int M, D, N, K;\n    int d[MAX][1<<6];\n    while(cin >> M >> N >> K >> D, M){\n        vector<Edge> G[MAX];\n        vector<int> cake(M);\n        for(int i = 0 ; i < M ; i++){\n            cin >> cake[i];\n        }\n        int idx = 0, c;\n        string a, b;\n        unordered_map<string, int> mp; // Changed to unordered_map\n        for(int i = 0 ; i < D ; i++){\n            cin >> a >> b >> c;\n            if(!mp.count(a)) mp[a] = idx++;\n            if(!mp.count(b)) mp[b] = idx++;\n            if(a[0] == \'C\'){\n                G[mp[b]].push_back(Edge(mp[a], c, a[1]-\'1\'));\n            }else{\n                G[mp[b]].push_back(Edge(mp[a], c, -1));\n            }\n            if(b[0] == \'C\'){\n                G[mp[a]].push_back(Edge(mp[b], c, b[1]-\'1\'));\n            }else{\n                G[mp[a]].push_back(Edge(mp[b], c, -1));\n            }\n        }\n\n        int s = mp["H"], t = mp["D"];\n        for(int i = 0 ; i < MAX ; i++){\n            fill(d[i], d[i] + (1 << 6), INF);\n        }\n        d[s][0] = 0;\n        bool update = true;\n\n        while(update){\n            update = false;\n            for(int i = 0 ; i < (int)mp.size() ; i++){\n                for(int j = 0 ; j < (int)G[i].size() ; j++){\n                    Edge e = G[i][j];\n                    for(int S = (1 << 6) - 1 ; S >= 0 ; S--){\n                        int ncost = d[i][S];\n                        if(ncost == INF) continue;\n                        ncost += e.cost * K;\n                        if(e.c == -1){\n                            if(ncost < d[e.to][S]){\n                                d[e.to][S] = ncost;\n                                update = true;\n                            }\n                        }else{\n                            if(S >> e.c & 1) continue;\n                            if(ncost - cake[e.c] < d[e.to][S | (1 << e.c)]){\n                                d[e.to][S | (1 << e.c)] = ncost - cake[e.c];\n                                update = true;\n                            }\n                        }\n                    }\n                }\n            }\n        }\n\n        int res = INF;\n        for(int i = 0 ; i < (1 << 6) ; i++){\n            res = min(res, d[t][i]);\n        }\n\n        cout << res << endl;\n    }\n    return 0;\n}') | LineLLMMutation(('source.cpp', 12), "#include <iostream>\n#include <vector>\n#include <limits>\nusing namespace std;\n\n#define MAX 1000\n#define INF (1e9)\n\nstruct Edge{\n    int to, cost, c;\n    Edge(int to, int cost, int c) : to(to), cost(cost), c(c) {}\n};\n\nint main(){\n    int M, D, N, K;\n    int d[MAX][1<<6];\n    while(cin >> M >> N >> K >> D, M){\n        vector<Edge> G[MAX];\n        vector<int> cake(M);\n        for(int i = 0 ; i < M ; i++){\n            cin >> cake[i];\n        }\n        int idx = 0, c;\n        string a, b;\n        \n        // Instead of an unordered_map, use a fixed-size vector for indices\n        vector<int> mp(200, -1); // Assuming max 200 unique nodes\n        for(int i = 0 ; i < D ; i++){\n            cin >> a >> b >> c;\n            if(mp[a[0] - 'A'] == -1) mp[a[0] - 'A'] = idx++;\n            if(mp[b[0] - 'A'] == -1) mp[b[0] - 'A'] = idx++;\n            \n            if(a[0] == 'C'){\n                G[mp[b[0] - 'A']].push_back(Edge(mp[a[0] - 'A'], c, a[1]-'1'));\n            }else{\n                G[mp[b[0] - 'A']].push_back(Edge(mp[a[0] - 'A'], c, -1));\n            }\n            if(b[0] == 'C'){\n                G[mp[a[0] - 'A']].push_back(Edge(mp[b[0] - 'A'], c, b[1]-'1'));\n            }else{\n                G[mp[a[0] - 'A']].push_back(Edge(mp[b[0] - 'A'], c, -1));\n            }\n        }\n\n        int s = mp['H' - 'A'], t = mp['D' - 'A'];\n        for(int i = 0 ; i < MAX ; i++){\n            fill(d[i], d[i] + (1 << 6), INF);\n        }\n        d[s][0] = 0;\n        bool update = true;\n\n        while(update){\n            update = false;\n            for(int i = 0 ; i < (int)mp.size() ; i++){\n                for(int j = 0 ; j < (int)G[i].size() ; j++){\n                    Edge e = G[i][j];\n                    for(int S = (1 << 6) - 1 ; S >= 0 ; S--){\n                        int ncost = d[i][S];\n                        if(ncost == INF) continue;\n                        ncost += e.cost * K;\n                        if(e.c == -1){\n                            if(ncost < d[e.to][S]){\n                                d[e.to][S] = ncost;\n                                update = true;\n                            }\n                        }else{\n                            if(S >> e.c & 1) continue;\n                            if(ncost - cake[e.c] < d[e.to][S | (1 << e.c)]){\n                                d[e.to][S | (1 << e.c)] = ncost - cake[e.c];\n                                update = true;\n                            }\n                        }\n                    }\n                }\n            }\n        }\n\n        int res = INF;\n        for(int i = 0 ; i < (1 << 6) ; i++){\n            res = min(res, d[t][i]);\n        }\n\n        cout << res << endl;\n    }\n    return 0;\n}")"
2025-01-24 10:57:20,150	[INFO]	Step: 22
2025-01-24 10:57:20,150	[INFO]	Stop Steps: 100
2025-01-24 10:57:20,781	[DEBUG]	EXEC>  SUCCESS 2882093.5
2025-01-24 10:57:20,781	[INFO]	2-3     SUCCESS               2882093.50 (100.28%) [1 edit(s)]  
2025-01-24 10:57:20,781	[DEBUG]	patch(2-3)="LineLLMCrossover(('source.cpp', 4), "#include <iostream>\n#include <vector>\n#include <limits>\nusing namespace std;\n\n#define MAX 1000\n#define INF (1e9)\n\nstruct Edge {\n    int to, cost, c;\n    Edge(int to, int cost, int c) : to(to), cost(cost), c(c) {}\n};\n\nint main() {\n    int M, D, N, K;\n    int d[MAX][1 << 6];\n    while(cin >> M >> N >> K >> D, M) {\n        vector<Edge> G[MAX];\n        vector<int> cake(M);\n        for(int i = 0; i < M; i++) {\n            cin >> cake[i];\n        }\n        int idx = 0, c;\n        string a, b;\n        vector<int> mp(200, -1); // Fixed-size vector for indices\n        for(int i = 0; i < D; i++) {\n            cin >> a >> b >> c;\n            if(mp[a[0] - 'A'] == -1) mp[a[0] - 'A'] = idx++;\n            if(mp[b[0] - 'A'] == -1) mp[b[0] - 'A'] = idx++;\n            if(a[0] == 'C') {\n                G[mp[b[0] - 'A']].push_back(Edge(mp[a[0] - 'A'], c, a[1] - '1'));\n            } else {\n                G[mp[b[0] - 'A']].push_back(Edge(mp[a[0] - 'A'], c, -1));\n            }\n            if(b[0] == 'C') {\n                G[mp[a[0] - 'A']].push_back(Edge(mp[b[0] - 'A'], c, b[1] - '1'));\n            } else {\n                G[mp[a[0] - 'A']].push_back(Edge(mp[b[0] - 'A'], c, -1));\n            }\n        }\n\n        int s = mp['H' - 'A'], t = mp['D' - 'A'];\n        for(int i = 0; i < MAX; i++) {\n            fill(d[i], d[i] + (1 << 6), INF);\n        }\n        d[s][0] = 0;\n        bool update = true;\n\n        while(update) {\n            update = false;\n            for(int i = 0; i < (int)mp.size(); i++) {\n                for(int j = 0; j < (int)G[i].size(); j++) {\n                    Edge e = G[i][j];\n                    for(int S = (1 << 6) - 1; S >= 0; S--) {\n                        int ncost = d[i][S];\n                        if(ncost == INF) continue;\n                        ncost += e.cost * K;\n                        if(e.c == -1) {\n                            if(ncost < d[e.to][S]) {\n                                d[e.to][S] = ncost;\n                                update = true;\n                            }\n                        } else {\n                            if(S >> e.c & 1) continue;\n                            if(ncost - cake[e.c] < d[e.to][S | (1 << e.c)]) {\n                                d[e.to][S | (1 << e.c)] = ncost - cake[e.c];\n                                update = true;\n                            }\n                        }\n                    }\n                }\n            }\n        }\n\n        int res = INF;\n        for(int i = 0; i < (1 << 6); i++) {\n            res = min(res, d[t][i]);\n        }\n\n        cout << res << endl;\n    }\n    return 0;\n}")"
2025-01-24 10:57:20,781	[INFO]	Step: 23
2025-01-24 10:57:20,781	[INFO]	Stop Steps: 100
2025-01-24 10:57:21,724	[DEBUG]	EXEC>  SUCCESS 2905926.0625
2025-01-24 10:57:21,724	[INFO]	2-4     SUCCESS               2905926.06 (101.11%) [1 edit(s)]  
2025-01-24 10:57:21,724	[DEBUG]	patch(2-4)="LineLLMCrossover(('source.cpp', 5), '#include <iostream>\n#include <vector>\n#include <map>\n#include <limits>\nusing namespace std;\n\n#define MAX 1000\n#define INF (1e9)\n\nstruct Edge {\n    int to, cost, c;\n    Edge(int to, int cost, int c) : to(to), cost(cost), c(c) {}\n};\n\nint main() {\n    int M, D, N, K;\n    int d[MAX][1 << 6];\n    while(cin >> M >> N >> K >> D, M) {\n        map<int, vector<Edge>> G;\n        vector<int> cake;\n        cake.reserve(M);\n        for(int i = 0; i < M; i++) {\n            int value;\n            cin >> value;\n            cake.push_back(value);\n        }\n        int idx = 0, c;\n        string a, b;\n        map<string, int> mp;\n        for(int i = 0; i < D; i++) {\n            cin >> a >> b >> c;\n            if(!mp.count(a)) mp[a] = idx++;\n            if(!mp.count(b)) mp[b] = idx++;\n            if(a[0] == \'C\') {\n                G[mp[b]].emplace_back(mp[a], c, a[1] - \'1\');\n            } else {\n                G[mp[b]].emplace_back(mp[a], c, -1);\n            }\n            if(b[0] == \'C\') {\n                G[mp[a]].emplace_back(mp[b], c, b[1] - \'1\');\n            } else {\n                G[mp[a]].emplace_back(mp[b], c, -1);\n            }\n        }\n\n        int s = mp["H"], t = mp["D"];\n        for(int i = 0; i < MAX; i++) {\n            fill(d[i], d[i] + (1 << 6), INF);\n        }\n        d[s][0] = 0;\n        bool update = true;\n\n        while(update) {\n            update = false;\n            for(int i = 0; i < (int)mp.size(); i++) {\n                for(auto &edge : G[i]) {\n                    for(int S = (1 << 6) - 1; S >= 0; S--) {\n                        int ncost = d[i][S];\n                        if(ncost == INF) continue;\n                        ncost += edge.cost * K;\n                        if(edge.c == -1) {\n                            if(ncost < d[edge.to][S]) {\n                                d[edge.to][S] = ncost;\n                                update = true;\n                            }\n                        } else {\n                            if(S >> edge.c & 1) continue;\n                            if(ncost - cake[edge.c] < d[edge.to][S | (1 << edge.c)]) {\n                                d[edge.to][S | (1 << edge.c)] = ncost - cake[edge.c];\n                                update = true;\n                            }\n                        }\n                    }\n                }\n            }\n        }\n\n        int res = INF;\n        for(int i = 0; i < (1 << 6); i++) {\n            res = min(res, d[t][i]);\n        }\n\n        cout << res << endl;\n    }\n    return 0;\n}')"
2025-01-24 10:57:21,724	[INFO]	Step: 24
2025-01-24 10:57:21,724	[INFO]	Stop Steps: 100
2025-01-24 10:57:22,021	[INFO]	2-5     COMPILE_CODE_ERROR    None (--) [1 edit(s)]  
2025-01-24 10:57:22,021	[DEBUG]	patch(2-5)="LineLLMCrossover(('source.cpp', 6), '#include <iostream>\n#include <vector>\n#include <map>\n#include <limits>\nusing namespace std;\n\n#define MAX 1000\n#define INF (1e9)\n\nstruct Edge {\n    int to, cost, c;\n    Edge(int to, int cost, int c) : to(to), cost(cost), c(c) {}\n};\n\nint main() {\n    int M, D, N, K;\n    int d[MAX][1 << 6];\n    while(cin >> M >> N >> K >> D, M) {\n        unordered_map<int, vector<Edge>> G;\n        vector<int> cake;\n        cake.reserve(M);\n        for(int i = 0; i < M; i++) {\n            int value;\n            cin >> value;\n            cake.push_back(value);\n        }\n        int idx = 0, c;\n        string a, b;\n        map<string, int> mp;\n        for(int i = 0; i < D; i++) {\n            cin >> a >> b >> c;\n            if(!mp.count(a)) mp[a] = idx++;\n            if(!mp.count(b)) mp[b] = idx++;\n            if(a[0] == \'C\') {\n                G[mp[b]].push_back(Edge(mp[a], c, a[1] - \'1\'));\n            } else {\n                G[mp[b]].push_back(Edge(mp[a], c, -1));\n            }\n            if(b[0] == \'C\') {\n                G[mp[a]].push_back(Edge(mp[b], c, b[1] - \'1\'));\n            } else {\n                G[mp[a]].push_back(Edge(mp[b], c, -1));\n            }\n        }\n\n        int s = mp["H"], t = mp["D"];\n        for(int i = 0; i < MAX; i++) {\n            fill(d[i], d[i] + (1 << 6), INF);\n        }\n        d[s][0] = 0;\n        bool update = true;\n\n        while(update) {\n            update = false;\n            for(int i = 0; i < (int)mp.size(); i++) {\n                for(auto &edge : G[i]) {\n                    for(int S = (1 << 6) - 1; S >= 0; S--) {\n                        int ncost = d[i][S];\n                        if(ncost == INF) continue;\n                        ncost += edge.cost * K;\n                        if(edge.c == -1) {\n                            if(ncost < d[edge.to][S]) {\n                                d[edge.to][S] = ncost;\n                                update = true;\n                            }\n                        } else {\n                            if(S >> edge.c & 1) continue;\n                            if(ncost - cake[edge.c] < d[edge.to][S | (1 << edge.c)]) {\n                                d[edge.to][S | (1 << edge.c)] = ncost - cake[edge.c];\n                                update = true;\n                            }\n                        }\n                    }\n                }\n            }\n        }\n\n        int res = INF;\n        for(int i = 0; i < (1 << 6); i++) {\n            res = min(res, d[t][i]);\n        }\n\n        cout << res << endl;\n    }\n    return 0;\n}')"
2025-01-24 10:57:22,021	[INFO]	Step: 25
2025-01-24 10:57:22,021	[INFO]	Stop Steps: 100
2025-01-24 10:57:22,296	[INFO]	2-6     COMPILE_CODE_ERROR    None (--) [1 edit(s)]  
2025-01-24 10:57:22,296	[DEBUG]	patch(2-6)="LineLLMCrossover(('source.cpp', 7), "#include <iostream>\n#include <vector>\n#include <map>\n#include <limits>\nusing namespace std;\n\n#define MAX 1000\n#define INF (1e9)\n\nstruct Edge {\n    int to, cost, c;\n    Edge(int to, int cost, int c) : to(to), cost(cost), c(c) {}\n};\n\nint main() {\n    int M, D, N, K;\n    int d[MAX][1 << 6];\n    while(cin >> M >> N >> K >> D, M) {\n        unordered_map<int, vector<Edge>> G;\n        vector<int> cake;\n        cake.reserve(M);\n        for(int i = 0; i < M; i++) {\n            int value;\n            cin >> value;\n            cake.push_back(value);\n        }\n        int idx = 0, c;\n        string a, b;\n        vector<int> mp(200, -1); // Fixed-size vector for indices\n        for(int i = 0; i < D; i++) {\n            cin >> a >> b >> c;\n            if(mp[a[0] - 'A'] == -1) mp[a[0] - 'A'] = idx++;\n            if(mp[b[0] - 'A'] == -1) mp[b[0] - 'A'] = idx++;\n            if(a[0] == 'C') {\n                G[mp[b[0] - 'A']].push_back(Edge(mp[a[0] - 'A'], c, a[1] - '1'));\n            } else {\n                G[mp[b[0] - 'A']].push_back(Edge(mp[a[0] - 'A'], c, -1));\n            }\n            if(b[0] == 'C') {\n                G[mp[a[0] - 'A']].push_back(Edge(mp[b[0] - 'A'], c, b[1] - '1'));\n            } else {\n                G[mp[a[0] - 'A']].push_back(Edge(mp[b[0] - 'A'], c, -1));\n            }\n        }\n\n        int s = mp['H' - 'A'], t = mp['D' - 'A'];\n        for(int i = 0; i < MAX; i++) {\n            fill(d[i], d[i] + (1 << 6), INF);\n        }\n        d[s][0] = 0;\n        bool update = true;\n\n        while(update) {\n            update = false;\n            for(int i = 0; i < (int)mp.size(); i++) {\n                for(int j = 0; j < (int)G[i].size(); j++) {\n                    Edge e = G[i][j];\n                    for(int S = (1 << 6) - 1; S >= 0; S--) {\n                        int ncost = d[i][S];\n                        if(ncost == INF) continue;\n                        ncost += e.cost * K;\n                        if(e.c == -1) {\n                            if(ncost < d[e.to][S]) {\n                                d[e.to][S] = ncost;\n                                update = true;\n                            }\n                        } else {\n                            if(S >> e.c & 1) continue;\n                            if(ncost - cake[e.c] < d[e.to][S | (1 << e.c)]) {\n                                d[e.to][S | (1 << e.c)] = ncost - cake[e.c];\n                                update = true;\n                            }\n                        }\n                    }\n                }\n            }\n        }\n\n        int res = INF;\n        for(int i = 0; i < (1 << 6); i++) {\n            res = min(res, d[t][i]);\n        }\n\n        cout << res << endl;\n    }\n    return 0;\n}")"
2025-01-24 10:57:22,296	[INFO]	Step: 26
2025-01-24 10:57:22,296	[INFO]	Stop Steps: 100
2025-01-24 10:57:22,633	[INFO]	2-7     COMPILE_CODE_ERROR    None (--) [3 edit(s)]  
2025-01-24 10:57:22,633	[DEBUG]	patch(2-7)="LineLLMMutation(('source.cpp', 5), '#include <iostream>\n#include <vector>\n#include <map>\n#include <limits>\nusing namespace std;\n\n#define MAX 1000\n#define INF (1e9)\n\nstruct Edge{\n    int to, cost, c;\n    Edge(int to, int cost, int c) : to(to), cost(cost), c(c) {}\n};\n\nint main(){\n    int M, D, N, K;\n    int d[MAX][1<<6];\n    while(cin >> M >> N >> K >> D, M){\n        vector<Edge> G[MAX];\n        vector<int> cake;\n        cake.reserve(M); // Reserve space for cake vector\n        for(int i = 0 ; i < M ; i++){\n            int value;\n            cin >> value;\n            cake.push_back(value);\n        }\n        int idx = 0, c;\n        string a, b;\n        map<string, int> mp;\n        for(int i = 0 ; i < D ; i++){\n            cin >> a >> b >> c;\n            if(!mp.count(a)) mp[a] = idx++;\n            if(!mp.count(b)) mp[b] = idx++;\n            if(a[0] == \'C\'){\n                G[mp[b]].push_back(Edge(mp[a], c, a[1]-\'1\'));\n            }else{\n                G[mp[b]].push_back(Edge(mp[a], c, -1));\n            }\n            if(b[0] == \'C\'){\n                G[mp[a]].push_back(Edge(mp[b], c, b[1]-\'1\'));\n            }else{\n                G[mp[a]].push_back(Edge(mp[b], c, -1));\n            }\n        }\n\n        int s = mp["H"], t = mp["D"];\n        for(int i = 0 ; i < MAX ; i++){\n            fill(d[i], d[i] + (1 << 6), INF);\n        }\n        d[s][0] = 0;\n        bool update = true;\n\n        while(update){\n            update = false;\n            for(int i = 0 ; i < (int)mp.size() ; i++){\n                for(int j = 0 ; j < (int)G[i].size() ; j++){\n                    Edge e = G[i][j];\n                    for(int S = (1 << 6) - 1 ; S >= 0 ; S--){\n                        int ncost = d[i][S];\n                        if(ncost == INF) continue;\n                        ncost += e.cost * K;\n                        if(e.c == -1){\n                            if(ncost < d[e.to][S]){\n                                d[e.to][S] = ncost;\n                                update = true;\n                            }\n                        }else{\n                            if(S >> e.c & 1) continue;\n                            if(ncost - cake[e.c] < d[e.to][S | (1 << e.c)]){\n                                d[e.to][S | (1 << e.c)] = ncost - cake[e.c];\n                                update = true;\n                            }\n                        }\n                    }\n                }\n            }\n        }\n\n        int res = INF;\n        for(int i = 0 ; i < (1 << 6) ; i++){\n            res = min(res, d[t][i]);\n        }\n\n        cout << res << endl;\n    }\n    return 0;\n}') | LineLLMMutation(('source.cpp', 11), '#include <iostream>\n#include <vector>\n#include <map>\n#include <limits>\n#include <unordered_map>\nusing namespace std;\n\n#define MAX 1000\n#define INF (1e9)\n\nstruct Edge{\n    int to, cost, c;\n    Edge(int to, int cost, int c) : to(to), cost(cost), c(c) {}\n};\n\nint main(){\n    int M, D, N, K;\n    int d[MAX][1<<6];\n    while(cin >> M >> N >> K >> D, M){\n        unordered_map<int, vector<Edge>> G; // Changed to unordered_map for dynamic graph\n        vector<int> cake;\n        cake.reserve(M); \n        for(int i = 0 ; i < M ; i++){\n            int value;\n            cin >> value;\n            cake.push_back(value);\n        }\n        int idx = 0, c;\n        string a, b;\n        map<string, int> mp;\n        for(int i = 0 ; i < D ; i++){\n            cin >> a >> b >> c;\n            if(!mp.count(a)) mp[a] = idx++;\n            if(!mp.count(b)) mp[b] = idx++;\n            if(a[0] == \'C\'){\n                G[mp[b]].emplace_back(mp[a], c, a[1]-\'1\');\n            }else{\n                G[mp[b]].emplace_back(mp[a], c, -1);\n            }\n            if(b[0] == \'C\'){\n                G[mp[a]].emplace_back(mp[b], c, b[1]-\'1\');\n            }else{\n                G[mp[a]].emplace_back(mp[b], c, -1);\n            }\n        }\n\n        int s = mp["H"], t = mp["D"];\n        for(int i = 0 ; i < MAX ; i++){\n            fill(d[i], d[i] + (1 << 6), INF);\n        }\n        d[s][0] = 0;\n        bool update = true;\n\n        while(update){\n            update = false;\n            for(int i = 0 ; i < (int)mp.size() ; i++){\n                for(auto &edge : G[i]){ // Using range-based for loop\n                    for(int S = (1 << 6) - 1 ; S >= 0 ; S--){\n                        int ncost = d[i][S];\n                        if(ncost == INF) continue;\n                        ncost += edge.cost * K;\n                        if(edge.c == -1){\n                            if(ncost < d[edge.to][S]){\n                                d[edge.to][S] = ncost;\n                                update = true;\n                            }\n                        }else{\n                            if(S >> edge.c & 1) continue;\n                            if(ncost - cake[edge.c] < d[edge.to][S | (1 << edge.c)]){\n                                d[edge.to][S | (1 << edge.c)] = ncost - cake[edge.c];\n                                update = true;\n                            }\n                        }\n                    }\n                }\n            }\n        }\n\n        int res = INF;\n        for(int i = 0 ; i < (1 << 6) ; i++){\n            res = min(res, d[t][i]);\n        }\n\n        cout << res << endl;\n    }\n    return 0;\n}') | LineLLMMutation(('source.cpp', 14), '#include <iostream>\n#include <vector>\n#include <limits>\n#include <unordered_map>\nusing namespace std;\n\n#define MAX 1000\n#define INF (1e9)\n\nstruct Edge {\n    int to, cost, c;\n    Edge(int to, int cost, int c) : to(to), cost(cost), c(c) {}\n};\n\nint main() {\n    int M, D, N, K;\n    int d[MAX][1<<6];\n    while (cin >> M >> N >> K >> D, M) {\n        unordered_map<int, vector<Edge>> G; \n        vector<int> cake(M);\n        for (int i = 0; i < M; i++) {\n            cin >> cake[i];\n        }\n        int idx = 0, c;\n        string a, b;\n        unordered_map<string, int> mp; // Changed to unordered_map for faster access\n        for (int i = 0; i < D; i++) {\n            cin >> a >> b >> c;\n            if (!mp.count(a)) mp[a] = idx++;\n            if (!mp.count(b)) mp[b] = idx++;\n            G[mp[(a[0] == \'C\' ? b : a)]].emplace_back(mp[(a[0] == \'C\' ? a : b)], c, (a[0] == \'C\' ? a[1] - \'1\' : -1));\n            G[mp[(b[0] == \'C\' ? a : b)]].emplace_back(mp[(b[0] == \'C\' ? b : a)], c, (b[0] == \'C\' ? b[1] - \'1\' : -1));\n        }\n\n        int s = mp["H"], t = mp["D"];\n        fill(&d[0][0], &d[0][0] + sizeof(d) / sizeof(d[0][0]), INF);\n        d[s][0] = 0;\n        bool update = true;\n\n        while (update) {\n            update = false;\n            for (int i = 0; i < (int)mp.size(); i++) {\n                for (auto &edge : G[i]) {\n                    for (int S = (1 << 6) - 1; S >= 0; S--) {\n                        int ncost = d[i][S];\n                        if (ncost == INF) continue;\n                        ncost += edge.cost * K;\n                        if (edge.c == -1) {\n                            if (ncost < d[edge.to][S]) {\n                                d[edge.to][S] = ncost;\n                                update = true;\n                            }\n                        } else if (!(S >> edge.c & 1)) {\n                            if (ncost - cake[edge.c] < d[edge.to][S | (1 << edge.c)]) {\n                                d[edge.to][S | (1 << edge.c)] = ncost - cake[edge.c];\n                                update = true;\n                            }\n                        }\n                    }\n                }\n            }\n        }\n\n        int res = *min_element(&d[t][0], &d[t][0] + (1 << 6)); // Simplified result calculation\n\n        cout << res << endl;\n    }\n    return 0;\n}')"
2025-01-24 10:57:22,633	[INFO]	Step: 27
2025-01-24 10:57:22,633	[INFO]	Stop Steps: 100
2025-01-24 10:57:22,885	[INFO]	2-8     COMPILE_CODE_ERROR    None (--) [3 edit(s)]  
2025-01-24 10:57:22,885	[DEBUG]	patch(2-8)="LineLLMMutation(('source.cpp', 6), '#include <iostream>\n#include <vector>\n#include <unordered_map>\n#include <limits>\nusing namespace std;\n\n#define MAX 1000\n#define INF (1e9)\n\nstruct Edge{\n    int to, cost, c;\n    Edge(int to, int cost, int c) : to(to), cost(cost), c(c) {}\n};\n\nint main(){\n    int M, D, N, K;\n    int d[MAX][1<<6];\n    while(cin >> M >> N >> K >> D, M){\n        vector<Edge> G[MAX];\n        vector<int> cake(M);\n        for(int i = 0 ; i < M ; i++){\n            cin >> cake[i];\n        }\n        int idx = 0, c;\n        string a, b;\n        unordered_map<string, int> mp; // Changed to unordered_map\n        for(int i = 0 ; i < D ; i++){\n            cin >> a >> b >> c;\n            if(!mp.count(a)) mp[a] = idx++;\n            if(!mp.count(b)) mp[b] = idx++;\n            if(a[0] == \'C\'){\n                G[mp[b]].push_back(Edge(mp[a], c, a[1]-\'1\'));\n            }else{\n                G[mp[b]].push_back(Edge(mp[a], c, -1));\n            }\n            if(b[0] == \'C\'){\n                G[mp[a]].push_back(Edge(mp[b], c, b[1]-\'1\'));\n            }else{\n                G[mp[a]].push_back(Edge(mp[b], c, -1));\n            }\n        }\n\n        int s = mp["H"], t = mp["D"];\n        for(int i = 0 ; i < MAX ; i++){\n            fill(d[i], d[i] + (1 << 6), INF);\n        }\n        d[s][0] = 0;\n        bool update = true;\n\n        while(update){\n            update = false;\n            for(int i = 0 ; i < (int)mp.size() ; i++){\n                for(int j = 0 ; j < (int)G[i].size() ; j++){\n                    Edge e = G[i][j];\n                    for(int S = (1 << 6) - 1 ; S >= 0 ; S--){\n                        int ncost = d[i][S];\n                        if(ncost == INF) continue;\n                        ncost += e.cost * K;\n                        if(e.c == -1){\n                            if(ncost < d[e.to][S]){\n                                d[e.to][S] = ncost;\n                                update = true;\n                            }\n                        }else{\n                            if(S >> e.c & 1) continue;\n                            if(ncost - cake[e.c] < d[e.to][S | (1 << e.c)]){\n                                d[e.to][S | (1 << e.c)] = ncost - cake[e.c];\n                                update = true;\n                            }\n                        }\n                    }\n                }\n            }\n        }\n\n        int res = INF;\n        for(int i = 0 ; i < (1 << 6) ; i++){\n            res = min(res, d[t][i]);\n        }\n\n        cout << res << endl;\n    }\n    return 0;\n}') | LineLLMMutation(('source.cpp', 12), "#include <iostream>\n#include <vector>\n#include <limits>\nusing namespace std;\n\n#define MAX 1000\n#define INF (1e9)\n\nstruct Edge{\n    int to, cost, c;\n    Edge(int to, int cost, int c) : to(to), cost(cost), c(c) {}\n};\n\nint main(){\n    int M, D, N, K;\n    int d[MAX][1<<6];\n    while(cin >> M >> N >> K >> D, M){\n        vector<Edge> G[MAX];\n        vector<int> cake(M);\n        for(int i = 0 ; i < M ; i++){\n            cin >> cake[i];\n        }\n        int idx = 0, c;\n        string a, b;\n        \n        // Instead of an unordered_map, use a fixed-size vector for indices\n        vector<int> mp(200, -1); // Assuming max 200 unique nodes\n        for(int i = 0 ; i < D ; i++){\n            cin >> a >> b >> c;\n            if(mp[a[0] - 'A'] == -1) mp[a[0] - 'A'] = idx++;\n            if(mp[b[0] - 'A'] == -1) mp[b[0] - 'A'] = idx++;\n            \n            if(a[0] == 'C'){\n                G[mp[b[0] - 'A']].push_back(Edge(mp[a[0] - 'A'], c, a[1]-'1'));\n            }else{\n                G[mp[b[0] - 'A']].push_back(Edge(mp[a[0] - 'A'], c, -1));\n            }\n            if(b[0] == 'C'){\n                G[mp[a[0] - 'A']].push_back(Edge(mp[b[0] - 'A'], c, b[1]-'1'));\n            }else{\n                G[mp[a[0] - 'A']].push_back(Edge(mp[b[0] - 'A'], c, -1));\n            }\n        }\n\n        int s = mp['H' - 'A'], t = mp['D' - 'A'];\n        for(int i = 0 ; i < MAX ; i++){\n            fill(d[i], d[i] + (1 << 6), INF);\n        }\n        d[s][0] = 0;\n        bool update = true;\n\n        while(update){\n            update = false;\n            for(int i = 0 ; i < (int)mp.size() ; i++){\n                for(int j = 0 ; j < (int)G[i].size() ; j++){\n                    Edge e = G[i][j];\n                    for(int S = (1 << 6) - 1 ; S >= 0 ; S--){\n                        int ncost = d[i][S];\n                        if(ncost == INF) continue;\n                        ncost += e.cost * K;\n                        if(e.c == -1){\n                            if(ncost < d[e.to][S]){\n                                d[e.to][S] = ncost;\n                                update = true;\n                            }\n                        }else{\n                            if(S >> e.c & 1) continue;\n                            if(ncost - cake[e.c] < d[e.to][S | (1 << e.c)]){\n                                d[e.to][S | (1 << e.c)] = ncost - cake[e.c];\n                                update = true;\n                            }\n                        }\n                    }\n                }\n            }\n        }\n\n        int res = INF;\n        for(int i = 0 ; i < (1 << 6) ; i++){\n            res = min(res, d[t][i]);\n        }\n\n        cout << res << endl;\n    }\n    return 0;\n}") | LineLLMMutation(('source.cpp', 15), "#include <iostream>\n#include <limits>\n#include <list>\nusing namespace std;\n\n#define MAX 1000\n#define INF (1e9)\n\nstruct Edge {\n    int to, cost, c;\n    Edge(int to, int cost, int c) : to(to), cost(cost), c(c) {}\n};\n\nint main() {\n    int M, D, N, K;\n    int d[MAX][1 << 6];\n    while (cin >> M >> N >> K >> D, M) {\n        list<Edge> G[MAX]; // Changed from vector to list\n        vector<int> cake(M);\n        for (int i = 0; i < M; i++) {\n            cin >> cake[i];\n        }\n        int idx = 0, c;\n        string a, b;\n\n        vector<int> mp(200, -1); // Assuming max 200 unique nodes\n        for (int i = 0; i < D; i++) {\n            cin >> a >> b >> c;\n            if (mp[a[0] - 'A'] == -1) mp[a[0] - 'A'] = idx++;\n            if (mp[b[0] - 'A'] == -1) mp[b[0] - 'A'] = idx++;\n\n            if (a[0] == 'C') {\n                G[mp[b[0] - 'A']].push_back(Edge(mp[a[0] - 'A'], c, a[1] - '1'));\n            } else {\n                G[mp[b[0] - 'A']].push_back(Edge(mp[a[0] - 'A'], c, -1));\n            }\n            if (b[0] == 'C') {\n                G[mp[a[0] - 'A']].push_back(Edge(mp[b[0] - 'A'], c, b[1] - '1'));\n            } else {\n                G[mp[a[0] - 'A']].push_back(Edge(mp[b[0] - 'A'], c, -1));\n            }\n        }\n\n        int s = mp['H' - 'A'], t = mp['D' - 'A'];\n        for (int i = 0; i < MAX; i++) {\n            fill(d[i], d[i] + (1 << 6), INF);\n        }\n        d[s][0] = 0;\n        bool update = true;\n\n        while (update) {\n            update = false;\n            for (int i = 0; i < (int)mp.size(); i++) {\n                for (const auto &e : G[i]) { // Use range-based for loop for edges\n                    for (int S = (1 << 6) - 1; S >= 0; S--) {\n                        int ncost = d[i][S];\n                        if (ncost == INF) continue;\n                        ncost += e.cost * K;\n                        if (e.c == -1) {\n                            if (ncost < d[e.to][S]) {\n                                d[e.to][S] = ncost;\n                                update = true;\n                            }\n                        } else {\n                            if (S >> e.c & 1) continue;\n                            if (ncost - cake[e.c] < d[e.to][S | (1 << e.c)]) {\n                                d[e.to][S | (1 << e.c)] = ncost - cake[e.c];\n                                update = true;\n                            }\n                        }\n                    }\n                }\n            }\n        }\n\n        int res = INF;\n        for (int i = 0; i < (1 << 6); i++) {\n            res = min(res, d[t][i]);\n        }\n\n        cout << res << endl;\n    }\n    return 0;\n}")"
2025-01-24 10:57:22,886	[INFO]	Step: 28
2025-01-24 10:57:22,886	[INFO]	Stop Steps: 100
2025-01-24 10:57:23,737	[DEBUG]	EXEC>  SUCCESS 2916803.75
2025-01-24 10:57:23,737	[INFO]	2-9     SUCCESS               2916803.75 (101.48%) [2 edit(s)]  
2025-01-24 10:57:23,737	[DEBUG]	patch(2-9)="LineLLMCrossover(('source.cpp', 0), '#include <iostream>\n#include <vector>\n#include <map>\n#include <limits>\nusing namespace std;\n\n#define MAX 1000\n#define INF (1e9)\n\nstruct Edge{\n    int to, cost, c;\n    Edge(int to, int cost, int c) : to(to), cost(cost), c(c) {}\n};\n\nint main(){\n    int M, D, N, K;\n    int d[MAX][1<<6];\n    while(cin >> M >> N >> K >> D, M){\n        vector<Edge> G[MAX];\n        vector<int> cake;\n        cake.reserve(M); // Efficient memory management\n        for(int i = 0 ; i < M ; i++){\n            int value;\n            cin >> value;\n            cake.push_back(value);\n        }\n        int idx = 0, c;\n        string a, b;\n        map<string, int> mp;\n        for(int i = 0 ; i < D ; i++){\n            cin >> a >> b >> c;\n            if(!mp.count(a)) mp[a] = idx++;\n            if(!mp.count(b)) mp[b] = idx++;\n            if(a[0] == \'C\'){\n                G[mp[b]].push_back(Edge(mp[a], c, a[1]-\'1\'));\n            }else{\n                G[mp[b]].push_back(Edge(mp[a], c, -1));\n            }\n            if(b[0] == \'C\'){\n                G[mp[a]].push_back(Edge(mp[b], c, b[1]-\'1\'));\n            }else{\n                G[mp[a]].push_back(Edge(mp[b], c, -1));\n            }\n        }\n\n        int s = mp["H"], t = mp["D"];\n        for(int i = 0 ; i < MAX ; i++){\n            fill(d[i], d[i] + (1 << 6), INF);\n        }\n        d[s][0] = 0;\n        bool update = true;\n\n        while(update){\n            update = false;\n            for(int i = 0 ; i < (int)mp.size() ; i++){\n                for(int j = 0 ; j < (int)G[i].size() ; j++){\n                    Edge e = G[i][j];\n                    for(int S = (1 << 6) - 1 ; S >= 0 ; S--){\n                        int ncost = d[i][S];\n                        if(ncost == INF) continue;\n                        ncost += e.cost * K;\n                        if(e.c == -1){\n                            if(ncost < d[e.to][S]){\n                                d[e.to][S] = ncost;\n                                update = true;\n                            }\n                        }else{\n                            if(S >> e.c & 1) continue;\n                            if(ncost - cake[e.c] < d[e.to][S | (1 << e.c)]){\n                                d[e.to][S | (1 << e.c)] = ncost - cake[e.c];\n                                update = true;\n                            }\n                        }\n                    }\n                }\n            }\n        }\n\n        int res = INF;\n        for(int i = 0 ; i < (1 << 6) ; i++){\n            res = min(res, d[t][i]);\n        }\n\n        cout << res << endl;\n    }\n    return 0;\n}') | LineLLMMutation(('source.cpp', 16), '#include <iostream>\n#include <vector>\n#include <map>\n#include <limits>\n#include <cstdio> // For faster input/output\nusing namespace std;\n\n#define MAX 1000\n#define INF (1e9)\n\nstruct Edge {\n    int to, cost, c;\n    Edge(int to, int cost, int c) : to(to), cost(cost), c(c) {}\n};\n\nint main() {\n    int M, D, N, K;\n    int d[MAX][1 << 6];\n    while (scanf("%d %d %d %d", &M, &N, &K, &D), M) {\n        vector<Edge> G[MAX];\n        int cake[MAX]; // Use a static array instead of dynamic vector\n        for (int i = 0; i < M; i++) {\n            scanf("%d", &cake[i]); // Faster input\n        }\n        int idx = 0, c;\n        string a, b;\n        map<string, int> mp;\n        for (int i = 0; i < D; i++) {\n            cin >> a >> b >> c;\n            if (!mp.count(a)) mp[a] = idx++;\n            if (!mp.count(b)) mp[b] = idx++;\n            if (a[0] == \'C\') {\n                G[mp[b]].push_back(Edge(mp[a], c, a[1] - \'1\'));\n            } else {\n                G[mp[b]].push_back(Edge(mp[a], c, -1));\n            }\n            if (b[0] == \'C\') {\n                G[mp[a]].push_back(Edge(mp[b], c, b[1] - \'1\'));\n            } else {\n                G[mp[a]].push_back(Edge(mp[b], c, -1));\n            }\n        }\n\n        int s = mp["H"], t = mp["D"];\n        for (int i = 0; i < MAX; i++) {\n            fill(d[i], d[i] + (1 << 6), INF);\n        }\n        d[s][0] = 0;\n        bool update = true;\n\n        while (update) {\n            update = false;\n            for (int i = 0; i < (int)mp.size(); i++) {\n                for (int j = 0; j < (int)G[i].size(); j++) {\n                    Edge e = G[i][j];\n                    for (int S = (1 << 6) - 1; S >= 0; S--) {\n                        int ncost = d[i][S];\n                        if (ncost == INF) continue;\n                        ncost += e.cost * K;\n                        if (e.c == -1) {\n                            if (ncost < d[e.to][S]) {\n                                d[e.to][S] = ncost;\n                                update = true;\n                            }\n                        } else {\n                            if (S >> e.c & 1) continue;\n                            if (ncost - cake[e.c] < d[e.to][S | (1 << e.c)]) {\n                                d[e.to][S | (1 << e.c)] = ncost - cake[e.c];\n                                update = true;\n                            }\n                        }\n                    }\n                }\n            }\n        }\n\n        int res = INF;\n        for (int i = 0; i < (1 << 6); i++) {\n            res = min(res, d[t][i]);\n        }\n\n        printf("%d\\n", res); // Use printf for faster output\n    }\n    return 0;\n}')"
2025-01-24 10:57:23,737	[INFO]	Step: 29
2025-01-24 10:57:23,737	[INFO]	Stop Steps: 100
2025-01-24 10:57:24,572	[DEBUG]	EXEC>  SUCCESS 2852023.875
2025-01-24 10:57:24,573	[INFO]	2-10    SUCCESS               2852023.88 (99.23%) [2 edit(s)]  
2025-01-24 10:57:24,573	[DEBUG]	patch(2-10)="LineLLMCrossover(('source.cpp', 3), '#include <iostream>\n#include <vector>\n#include <map>\n#include <limits>\nusing namespace std;\n\n#define MAX 1000\n#define INF (1e9)\n\nstruct Edge{\n    int to, cost, c;\n    Edge(int to, int cost, int c) : to(to), cost(cost), c(c) {}\n};\n\nint main(){\n    int M, D, N, K;\n    int d[MAX][1<<6];\n    while(cin >> M >> N >> K >> D, M){\n        vector<Edge> G[MAX];\n        vector<int> cake; // Memory-efficient vector\n        cake.reserve(M); // Reserve space for cake vector\n        for(int i = 0 ; i < M ; i++){\n            int value;\n            cin >> value;\n            cake.push_back(value);\n        }\n        int idx = 0, c;\n        string a, b;\n        map<string, int> mp;\n        for(int i = 0 ; i < D ; i++){\n            cin >> a >> b >> c;\n            if(!mp.count(a)) mp[a] = idx++;\n            if(!mp.count(b)) mp[b] = idx++;\n            if(a[0] == \'C\'){\n                G[mp[b]].push_back(Edge(mp[a], c, a[1]-\'1\'));\n            }else{\n                G[mp[b]].push_back(Edge(mp[a], c, -1));\n            }\n            if(b[0] == \'C\'){\n                G[mp[a]].push_back(Edge(mp[b], c, b[1]-\'1\'));\n            }else{\n                G[mp[a]].push_back(Edge(mp[b], c, -1));\n            }\n        }\n\n        int s = mp["H"], t = mp["D"];\n        for(int i = 0 ; i < MAX ; i++){\n            fill(d[i], d[i] + (1 << 6), INF);\n        }\n        d[s][0] = 0;\n        bool update = true;\n\n        while(update){\n            update = false;\n            for(int i = 0 ; i < (int)mp.size() ; i++){\n                for(int j = 0 ; j < (int)G[i].size() ; j++){\n                    Edge e = G[i][j];\n                    for(int S = (1 << 6) - 1 ; S >= 0 ; S--){\n                        int ncost = d[i][S];\n                        if(ncost == INF) continue;\n                        ncost += e.cost * K;\n                        if(e.c == -1){\n                            if(ncost < d[e.to][S]){\n                                d[e.to][S] = ncost;\n                                update = true;\n                            }\n                        }else{\n                            if(S >> e.c & 1) continue;\n                            if(ncost - cake[e.c] < d[e.to][S | (1 << e.c)]){\n                                d[e.to][S | (1 << e.c)] = ncost - cake[e.c];\n                                update = true;\n                            }\n                        }\n                    }\n                }\n            }\n        }\n\n        int res = INF;\n        for(int i = 0 ; i < (1 << 6) ; i++){\n            res = min(res, d[t][i]);\n        }\n\n        cout << res << endl;\n    }\n    return 0;\n}') | LineLLMMutation(('source.cpp', 17), '#include <iostream>\n#include <vector>\n#include <map>\n#include <limits>\n#include <queue>\nusing namespace std;\n\n#define MAX 1000\n#define INF (1e9)\n\nstruct Edge {\n    int to, cost, c;\n    Edge(int to, int cost, int c) : to(to), cost(cost), c(c) {}\n};\n\nint main() {\n    int M, D, N, K;\n    int d[MAX][1 << 6];\n    while (cin >> M >> N >> K >> D, M) {\n        vector<Edge> G[MAX];\n        vector<int> cake;\n        cake.reserve(M);\n        for (int i = 0; i < M; i++) {\n            int value;\n            cin >> value;\n            cake.push_back(value);\n        }\n        int idx = 0, c;\n        string a, b;\n        map<string, int> mp;\n        for (int i = 0; i < D; i++) {\n            cin >> a >> b >> c;\n            if (!mp.count(a)) mp[a] = idx++;\n            if (!mp.count(b)) mp[b] = idx++;\n            G[mp[a]].push_back(Edge(mp[b], c, (a[0] == \'C\') ? a[1] - \'1\' : -1));\n            G[mp[b]].push_back(Edge(mp[a], c, (b[0] == \'C\') ? b[1] - \'1\' : -1));\n        }\n\n        int s = mp["H"], t = mp["D"];\n        fill(&d[0][0], &d[0][0] + MAX * (1 << 6), INF);\n        d[s][0] = 0;\n        bool update = true;\n\n        while (update) {\n            update = false;\n            for (int i = 0; i < (int)mp.size(); i++) {\n                for (const Edge& e : G[i]) {\n                    for (int S = (1 << 6) - 1; S >= 0; S--) {\n                        int ncost = d[i][S];\n                        if (ncost == INF) continue;\n                        ncost += e.cost * K;\n                        if (e.c == -1) {\n                            if (ncost < d[e.to][S]) {\n                                d[e.to][S] = ncost;\n                                update = true;\n                            }\n                        } else {\n                            if (S >> e.c & 1) continue;\n                            if (ncost - cake[e.c] < d[e.to][S | (1 << e.c)]) {\n                                d[e.to][S | (1 << e.c)] = ncost - cake[e.c];\n                                update = true;\n                            }\n                        }\n                    }\n                }\n            }\n        }\n\n        int res = INF;\n        for (int i = 0; i < (1 << 6); i++) {\n            res = min(res, d[t][i]);\n        }\n\n        cout << res << endl;\n    }\n    return 0;\n}')"
2025-01-24 10:57:24,573	[INFO]	Step: 30
2025-01-24 10:57:24,573	[INFO]	Stop Steps: 100
2025-01-24 10:57:26,849	[DEBUG]	EXEC>  SUCCESS 2920992.0
2025-01-24 10:57:26,849	[INFO]	REF     SUCCESS               2920992.00 (--) [0 edit(s)]  
2025-01-24 10:57:26,849	[INFO]	Best patch: 5_11
2025-01-24 10:57:27,814	[DEBUG]	EXEC>  SUCCESS 2882089.5625
2025-01-24 10:57:27,814	[INFO]	BEST    SUCCESS              *2882089.56 (98.67%) [0 edit(s)]  
2025-01-24 10:57:27,814	[INFO]	Best patch step: 20
2025-01-24 10:59:44,052	[INFO]	Step: 30
2025-01-24 10:59:44,053	[INFO]	Stop Steps: 100
2025-01-24 10:59:45,114	[DEBUG]	EXEC>  SUCCESS 2874855.0
2025-01-24 10:59:45,114	[INFO]	3-1     SUCCESS              *2874855.00 (98.42%) [2 edit(s)]  
2025-01-24 10:59:45,114	[DEBUG]	patch(3-1)="LineLLMMutation(('source.cpp', 5), '#include <iostream>\n#include <vector>\n#include <map>\n#include <limits>\nusing namespace std;\n\n#define MAX 1000\n#define INF (1e9)\n\nstruct Edge{\n    int to, cost, c;\n    Edge(int to, int cost, int c) : to(to), cost(cost), c(c) {}\n};\n\nint main(){\n    int M, D, N, K;\n    int d[MAX][1<<6];\n    while(cin >> M >> N >> K >> D, M){\n        vector<Edge> G[MAX];\n        vector<int> cake;\n        cake.reserve(M); // Reserve space for cake vector\n        for(int i = 0 ; i < M ; i++){\n            int value;\n            cin >> value;\n            cake.push_back(value);\n        }\n        int idx = 0, c;\n        string a, b;\n        map<string, int> mp;\n        for(int i = 0 ; i < D ; i++){\n            cin >> a >> b >> c;\n            if(!mp.count(a)) mp[a] = idx++;\n            if(!mp.count(b)) mp[b] = idx++;\n            if(a[0] == \'C\'){\n                G[mp[b]].push_back(Edge(mp[a], c, a[1]-\'1\'));\n            }else{\n                G[mp[b]].push_back(Edge(mp[a], c, -1));\n            }\n            if(b[0] == \'C\'){\n                G[mp[a]].push_back(Edge(mp[b], c, b[1]-\'1\'));\n            }else{\n                G[mp[a]].push_back(Edge(mp[b], c, -1));\n            }\n        }\n\n        int s = mp["H"], t = mp["D"];\n        for(int i = 0 ; i < MAX ; i++){\n            fill(d[i], d[i] + (1 << 6), INF);\n        }\n        d[s][0] = 0;\n        bool update = true;\n\n        while(update){\n            update = false;\n            for(int i = 0 ; i < (int)mp.size() ; i++){\n                for(int j = 0 ; j < (int)G[i].size() ; j++){\n                    Edge e = G[i][j];\n                    for(int S = (1 << 6) - 1 ; S >= 0 ; S--){\n                        int ncost = d[i][S];\n                        if(ncost == INF) continue;\n                        ncost += e.cost * K;\n                        if(e.c == -1){\n                            if(ncost < d[e.to][S]){\n                                d[e.to][S] = ncost;\n                                update = true;\n                            }\n                        }else{\n                            if(S >> e.c & 1) continue;\n                            if(ncost - cake[e.c] < d[e.to][S | (1 << e.c)]){\n                                d[e.to][S | (1 << e.c)] = ncost - cake[e.c];\n                                update = true;\n                            }\n                        }\n                    }\n                }\n            }\n        }\n\n        int res = INF;\n        for(int i = 0 ; i < (1 << 6) ; i++){\n            res = min(res, d[t][i]);\n        }\n\n        cout << res << endl;\n    }\n    return 0;\n}') | LineLLMMutation(('source.cpp', 11), '#include <iostream>\n#include <vector>\n#include <map>\n#include <limits>\n#include <unordered_map>\nusing namespace std;\n\n#define MAX 1000\n#define INF (1e9)\n\nstruct Edge{\n    int to, cost, c;\n    Edge(int to, int cost, int c) : to(to), cost(cost), c(c) {}\n};\n\nint main(){\n    int M, D, N, K;\n    int d[MAX][1<<6];\n    while(cin >> M >> N >> K >> D, M){\n        unordered_map<int, vector<Edge>> G; // Changed to unordered_map for dynamic graph\n        vector<int> cake;\n        cake.reserve(M); \n        for(int i = 0 ; i < M ; i++){\n            int value;\n            cin >> value;\n            cake.push_back(value);\n        }\n        int idx = 0, c;\n        string a, b;\n        map<string, int> mp;\n        for(int i = 0 ; i < D ; i++){\n            cin >> a >> b >> c;\n            if(!mp.count(a)) mp[a] = idx++;\n            if(!mp.count(b)) mp[b] = idx++;\n            if(a[0] == \'C\'){\n                G[mp[b]].emplace_back(mp[a], c, a[1]-\'1\');\n            }else{\n                G[mp[b]].emplace_back(mp[a], c, -1);\n            }\n            if(b[0] == \'C\'){\n                G[mp[a]].emplace_back(mp[b], c, b[1]-\'1\');\n            }else{\n                G[mp[a]].emplace_back(mp[b], c, -1);\n            }\n        }\n\n        int s = mp["H"], t = mp["D"];\n        for(int i = 0 ; i < MAX ; i++){\n            fill(d[i], d[i] + (1 << 6), INF);\n        }\n        d[s][0] = 0;\n        bool update = true;\n\n        while(update){\n            update = false;\n            for(int i = 0 ; i < (int)mp.size() ; i++){\n                for(auto &edge : G[i]){ // Using range-based for loop\n                    for(int S = (1 << 6) - 1 ; S >= 0 ; S--){\n                        int ncost = d[i][S];\n                        if(ncost == INF) continue;\n                        ncost += edge.cost * K;\n                        if(edge.c == -1){\n                            if(ncost < d[edge.to][S]){\n                                d[edge.to][S] = ncost;\n                                update = true;\n                            }\n                        }else{\n                            if(S >> edge.c & 1) continue;\n                            if(ncost - cake[edge.c] < d[edge.to][S | (1 << edge.c)]){\n                                d[edge.to][S | (1 << edge.c)] = ncost - cake[edge.c];\n                                update = true;\n                            }\n                        }\n                    }\n                }\n            }\n        }\n\n        int res = INF;\n        for(int i = 0 ; i < (1 << 6) ; i++){\n            res = min(res, d[t][i]);\n        }\n\n        cout << res << endl;\n    }\n    return 0;\n}')"

2025-01-24 10:59:45,114	[INFO]	Step: 31
2025-01-24 10:59:45,114	[INFO]	Stop Steps: 100
2025-01-24 10:59:45,949	[DEBUG]	EXEC>  SUCCESS 2877163.5
2025-01-24 10:59:45,949	[INFO]	3-2     SUCCESS               2877163.50 (98.50%) [2 edit(s)]  
2025-01-24 10:59:45,949	[DEBUG]	patch(3-2)="LineLLMCrossover(('source.cpp', 3), '#include <iostream>\n#include <vector>\n#include <map>\n#include <limits>\nusing namespace std;\n\n#define MAX 1000\n#define INF (1e9)\n\nstruct Edge{\n    int to, cost, c;\n    Edge(int to, int cost, int c) : to(to), cost(cost), c(c) {}\n};\n\nint main(){\n    int M, D, N, K;\n    int d[MAX][1<<6];\n    while(cin >> M >> N >> K >> D, M){\n        vector<Edge> G[MAX];\n        vector<int> cake; // Memory-efficient vector\n        cake.reserve(M); // Reserve space for cake vector\n        for(int i = 0 ; i < M ; i++){\n            int value;\n            cin >> value;\n            cake.push_back(value);\n        }\n        int idx = 0, c;\n        string a, b;\n        map<string, int> mp;\n        for(int i = 0 ; i < D ; i++){\n            cin >> a >> b >> c;\n            if(!mp.count(a)) mp[a] = idx++;\n            if(!mp.count(b)) mp[b] = idx++;\n            if(a[0] == \'C\'){\n                G[mp[b]].push_back(Edge(mp[a], c, a[1]-\'1\'));\n            }else{\n                G[mp[b]].push_back(Edge(mp[a], c, -1));\n            }\n            if(b[0] == \'C\'){\n                G[mp[a]].push_back(Edge(mp[b], c, b[1]-\'1\'));\n            }else{\n                G[mp[a]].push_back(Edge(mp[b], c, -1));\n            }\n        }\n\n        int s = mp["H"], t = mp["D"];\n        for(int i = 0 ; i < MAX ; i++){\n            fill(d[i], d[i] + (1 << 6), INF);\n        }\n        d[s][0] = 0;\n        bool update = true;\n\n        while(update){\n            update = false;\n            for(int i = 0 ; i < (int)mp.size() ; i++){\n                for(int j = 0 ; j < (int)G[i].size() ; j++){\n                    Edge e = G[i][j];\n                    for(int S = (1 << 6) - 1 ; S >= 0 ; S--){\n                        int ncost = d[i][S];\n                        if(ncost == INF) continue;\n                        ncost += e.cost * K;\n                        if(e.c == -1){\n                            if(ncost < d[e.to][S]){\n                                d[e.to][S] = ncost;\n                                update = true;\n                            }\n                        }else{\n                            if(S >> e.c & 1) continue;\n                            if(ncost - cake[e.c] < d[e.to][S | (1 << e.c)]){\n                                d[e.to][S | (1 << e.c)] = ncost - cake[e.c];\n                                update = true;\n                            }\n                        }\n                    }\n                }\n            }\n        }\n\n        int res = INF;\n        for(int i = 0 ; i < (1 << 6) ; i++){\n            res = min(res, d[t][i]);\n        }\n\n        cout << res << endl;\n    }\n    return 0;\n}') | LineLLMMutation(('source.cpp', 17), '#include <iostream>\n#include <vector>\n#include <map>\n#include <limits>\n#include <queue>\nusing namespace std;\n\n#define MAX 1000\n#define INF (1e9)\n\nstruct Edge {\n    int to, cost, c;\n    Edge(int to, int cost, int c) : to(to), cost(cost), c(c) {}\n};\n\nint main() {\n    int M, D, N, K;\n    int d[MAX][1 << 6];\n    while (cin >> M >> N >> K >> D, M) {\n        vector<Edge> G[MAX];\n        vector<int> cake;\n        cake.reserve(M);\n        for (int i = 0; i < M; i++) {\n            int value;\n            cin >> value;\n            cake.push_back(value);\n        }\n        int idx = 0, c;\n        string a, b;\n        map<string, int> mp;\n        for (int i = 0; i < D; i++) {\n            cin >> a >> b >> c;\n            if (!mp.count(a)) mp[a] = idx++;\n            if (!mp.count(b)) mp[b] = idx++;\n            G[mp[a]].push_back(Edge(mp[b], c, (a[0] == \'C\') ? a[1] - \'1\' : -1));\n            G[mp[b]].push_back(Edge(mp[a], c, (b[0] == \'C\') ? b[1] - \'1\' : -1));\n        }\n\n        int s = mp["H"], t = mp["D"];\n        fill(&d[0][0], &d[0][0] + MAX * (1 << 6), INF);\n        d[s][0] = 0;\n        bool update = true;\n\n        while (update) {\n            update = false;\n            for (int i = 0; i < (int)mp.size(); i++) {\n                for (const Edge& e : G[i]) {\n                    for (int S = (1 << 6) - 1; S >= 0; S--) {\n                        int ncost = d[i][S];\n                        if (ncost == INF) continue;\n                        ncost += e.cost * K;\n                        if (e.c == -1) {\n                            if (ncost < d[e.to][S]) {\n                                d[e.to][S] = ncost;\n                                update = true;\n                            }\n                        } else {\n                            if (S >> e.c & 1) continue;\n                            if (ncost - cake[e.c] < d[e.to][S | (1 << e.c)]) {\n                                d[e.to][S | (1 << e.c)] = ncost - cake[e.c];\n                                update = true;\n                            }\n                        }\n                    }\n                }\n            }\n        }\n\n        int res = INF;\n        for (int i = 0; i < (1 << 6); i++) {\n            res = min(res, d[t][i]);\n        }\n\n        cout << res << endl;\n    }\n    return 0;\n}')"
2025-01-24 10:59:45,949	[INFO]	Step: 32
2025-01-24 10:59:45,949	[INFO]	Stop Steps: 100
2025-01-24 10:59:46,866	[DEBUG]	EXEC>  SUCCESS 2843671.5625
2025-01-24 10:59:46,866	[INFO]	3-3     SUCCESS              *2843671.56 (97.35%) [1 edit(s)]  
2025-01-24 10:59:46,866	[DEBUG]	patch(3-3)="LineLLMCrossover(('source.cpp', 8), '#include <iostream>\n#include <vector>\n#include <map>\n#include <limits>\n#include <unordered_map>\nusing namespace std;\n\n#define MAX 1000\n#define INF (1e9)\n\nstruct Edge {\n    int to, cost, c;\n    Edge(int to, int cost, int c) : to(to), cost(cost), c(c) {}\n};\n\nint main() {\n    int M, D, N, K;\n    int d[MAX][1 << 6];\n    while (cin >> M >> N >> K >> D, M) {\n        unordered_map<int, vector<Edge>> G;\n        vector<int> cake;\n        cake.reserve(M);\n        for (int i = 0; i < M; i++) {\n            int value;\n            cin >> value;\n            cake.push_back(value);\n        }\n        int idx = 0, c;\n        string a, b;\n        map<string, int> mp;\n        for (int i = 0; i < D; i++) {\n            cin >> a >> b >> c;\n            if (!mp.count(a)) mp[a] = idx++;\n            if (!mp.count(b)) mp[b] = idx++;\n            G[mp[b]].emplace_back(mp[a], c, (a[0] == \'C\') ? a[1] - \'1\' : -1);\n            G[mp[a]].emplace_back(mp[b], c, (b[0] == \'C\') ? b[1] - \'1\' : -1);\n        }\n\n        int s = mp["H"], t = mp["D"];\n        for (int i = 0; i < MAX; i++) {\n            fill(d[i], d[i] + (1 << 6), INF);\n        }\n        d[s][0] = 0;\n        bool update = true;\n\n        while (update) {\n            update = false;\n            for (int i = 0; i < (int)mp.size(); i++) {\n                for (auto &edge : G[i]) {\n                    for (int S = (1 << 6) - 1; S >= 0; S--) {\n                        int ncost = d[i][S];\n                        if (ncost == INF) continue;\n                        ncost += edge.cost * K;\n                        if (edge.c == -1) {\n                            if (ncost < d[edge.to][S]) {\n                                d[edge.to][S] = ncost;\n                                update = true;\n                            }\n                        } else {\n                            if (S >> edge.c & 1) continue;\n                            if (ncost - cake[edge.c] < d[edge.to][S | (1 << edge.c)]) {\n                                d[edge.to][S | (1 << edge.c)] = ncost - cake[edge.c];\n                                update = true;\n                            }\n                        }\n                    }\n                }\n            }\n        }\n\n        int res = INF;\n        for (int i = 0; i < (1 << 6); i++) {\n            res = min(res, d[t][i]);\n        }\n\n        cout << res << endl;\n    }\n    return 0;\n}')"

2025-01-24 10:59:46,866	[INFO]	Step: 33
2025-01-24 10:59:46,866	[INFO]	Stop Steps: 100
2025-01-24 10:59:47,307	[INFO]	3-4     TEST_CODE_ERROR       None (--) [1 edit(s)]  
2025-01-24 10:59:47,307	[DEBUG]	patch(3-4)="LineLLMCrossover(('source.cpp', 9), "#include <iostream>\n#include <vector>\n#include <limits>\nusing namespace std;\n\n#define MAX 1000\n#define INF (1e9)\n\nstruct Edge {\n    int to, cost, c;\n    Edge(int to, int cost, int c) : to(to), cost(cost), c(c) {}\n};\n\nint main() {\n    int M, D, N, K;\n    int d[MAX][1 << 6];\n    while (cin >> M >> N >> K >> D, M) {\n        vector<Edge> G[MAX];\n        vector<int> cake(M);\n        for (int i = 0; i < M; i++) {\n            cin >> cake[i];\n        }\n        int idx = 0, c;\n        string a, b;\n        vector<int> mp(200, -1); // Fixed-size vector for indices\n        for (int i = 0; i < D; i++) {\n            cin >> a >> b >> c;\n            if (mp[a[0] - 'A'] == -1) mp[a[0] - 'A'] = idx++;\n            if (mp[b[0] - 'A'] == -1) mp[b[0] - 'A'] = idx++;\n            G[mp[a[0] - 'A']].push_back(Edge(mp[b[0] - 'A'], c, (a[0] == 'C') ? a[1] - '1' : -1));\n            G[mp[b[0] - 'A']].push_back(Edge(mp[a[0] - 'A'], c, (b[0] == 'C') ? b[1] - '1' : -1));\n        }\n\n        int s = mp['H' - 'A'], t = mp['D' - 'A'];\n        for (int i = 0; i < MAX; i++) {\n            fill(d[i], d[i] + (1 << 6), INF);\n        }\n        d[s][0] = 0;\n        bool update = true;\n\n        while (update) {\n            update = false;\n            for (int i = 0; i < (int)mp.size(); i++) {\n                for (int j = 0; j < (int)G[i].size(); j++) {\n                    Edge e = G[i][j];\n                    for (int S = (1 << 6) - 1; S >= 0; S--) {\n                        int ncost = d[i][S];\n                        if (ncost == INF) continue;\n                        ncost += e.cost * K;\n                        if (e.c == -1) {\n                            if (ncost < d[e.to][S]) {\n                                d[e.to][S] = ncost;\n                                update = true;\n                            }\n                        } else {\n                            if (S >> e.c & 1) continue;\n                            if (ncost - cake[e.c] < d[e.to][S | (1 << e.c)]) {\n                                d[e.to][S | (1 << e.c)] = ncost - cake[e.c];\n                                update = true;\n                            }\n                        }\n                    }\n                }\n            }\n        }\n\n        int res = INF;\n        for (int i = 0; i < (1 << 6); i++) {\n            res = min(res, d[t][i]);\n        }\n\n        cout << res << endl;\n    }\n    return 0;\n}")"
2025-01-24 10:59:47,307	[INFO]	Step: 34
2025-01-24 10:59:47,307	[INFO]	Stop Steps: 100
2025-01-24 10:59:48,142	[DEBUG]	EXEC>  SUCCESS 2877812.25
2025-01-24 10:59:48,142	[INFO]	3-5     SUCCESS               2877812.25 (98.52%) [1 edit(s)]  
2025-01-24 10:59:48,142	[DEBUG]	patch(3-5)="LineLLMCrossover(('source.cpp', 10), '#include <iostream>\n#include <vector>\n#include <limits>\n#include <map>\nusing namespace std;\n\n#define MAX 1000\n#define INF (1e9)\n\nstruct Edge {\n    int to, cost, c;\n    Edge(int to, int cost, int c) : to(to), cost(cost), c(c) {}\n};\n\nint main() {\n    int M, D, N, K;\n    int d[MAX][1 << 6];\n    while (cin >> M >> N >> K >> D, M) {\n        vector<Edge> G[MAX];\n        vector<int> cake;\n        cake.reserve(M);\n        for (int i = 0; i < M; i++) {\n            int value;\n            cin >> value;\n            cake.push_back(value);\n        }\n        int idx = 0, c;\n        string a, b;\n        map<string, int> mp;\n        for (int i = 0; i < D; i++) {\n            cin >> a >> b >> c;\n            if (!mp.count(a)) mp[a] = idx++;\n            if (!mp.count(b)) mp[b] = idx++;\n            G[mp[a]].push_back(Edge(mp[b], c, (a[0] == \'C\') ? a[1] - \'1\' : -1));\n            G[mp[b]].push_back(Edge(mp[a], c, (b[0] == \'C\') ? b[1] - \'1\' : -1));\n        }\n\n        int s = mp["H"], t = mp["D"];\n        for (int i = 0; i < MAX; i++) {\n            fill(d[i], d[i] + (1 << 6), INF);\n        }\n        d[s][0] = 0;\n        bool update = true;\n\n        while (update) {\n            update = false;\n            for (int i = 0; i < (int)mp.size(); i++) {\n                for (auto &edge : G[i]) {\n                    for (int S = (1 << 6) - 1; S >= 0; S--) {\n                        int ncost = d[i][S];\n                        if (ncost == INF) continue;\n                        ncost += edge.cost * K;\n                        if (edge.c == -1) {\n                            if (ncost < d[edge.to][S]) {\n                                d[edge.to][S] = ncost;\n                                update = true;\n                            }\n                        } else {\n                            if (S >> edge.c & 1) continue;\n                            if (ncost - cake[edge.c] < d[edge.to][S | (1 << edge.c)]) {\n                                d[edge.to][S | (1 << edge.c)] = ncost - cake[edge.c];\n                                update = true;\n                            }\n                        }\n                    }\n                }\n            }\n        }\n\n        int res = INF;\n        for (int i = 0; i < (1 << 6); i++) {\n            res = min(res, d[t][i]);\n        }\n\n        cout << res << endl;\n    }\n    return 0;\n}')"
2025-01-24 10:59:48,142	[INFO]	Step: 35
2025-01-24 10:59:48,142	[INFO]	Stop Steps: 100
2025-01-24 10:59:48,608	[INFO]	3-6     TEST_CODE_ERROR       None (--) [1 edit(s)]  
2025-01-24 10:59:48,608	[DEBUG]	patch(3-6)="LineLLMCrossover(('source.cpp', 11), "#include <iostream>\n#include <vector>\n#include <limits>\n#include <queue>\nusing namespace std;\n\n#define MAX 1000\n#define INF (1e9)\n\nstruct Edge {\n    int to, cost, c;\n    Edge(int to, int cost, int c) : to(to), cost(cost), c(c) {}\n};\n\nint main() {\n    int M, D, N, K;\n    int d[MAX][1 << 6];\n    while (cin >> M >> N >> K >> D, M) {\n        vector<Edge> G[MAX];\n        vector<int> cake;\n        cake.reserve(M);\n        for (int i = 0; i < M; i++) {\n            int value;\n            cin >> value;\n            cake.push_back(value);\n        }\n        int idx = 0, c;\n        string a, b;\n        vector<int> mp(200, -1); // Fixed-size vector for indices\n        for (int i = 0; i < D; i++) {\n            cin >> a >> b >> c;\n            if (mp[a[0] - 'A'] == -1) mp[a[0] - 'A'] = idx++;\n            if (mp[b[0] - 'A'] == -1) mp[b[0] - 'A'] = idx++;\n            G[mp[a[0] - 'A']].push_back(Edge(mp[b[0] - 'A'], c, (a[0] == 'C') ? a[1] - '1' : -1));\n            G[mp[b[0] - 'A']].push_back(Edge(mp[a[0] - 'A'], c, (b[0] == 'C') ? b[1] - '1' : -1));\n        }\n\n        int s = mp['H' - 'A'], t = mp['D' - 'A'];\n        for (int i = 0; i < MAX; i++) {\n            fill(d[i], d[i] + (1 << 6), INF);\n        }\n        d[s][0] = 0;\n        bool update = true;\n\n        while (update) {\n            update = false;\n            for (int i = 0; i < (int)mp.size(); i++) {\n                for (int j = 0; j < (int)G[i].size(); j++) {\n                    Edge e = G[i][j];\n                    for (int S = (1 << 6) - 1; S >= 0; S--) {\n                        int ncost = d[i][S];\n                        if (ncost == INF) continue;\n                        ncost += e.cost * K;\n                        if (e.c == -1) {\n                            if (ncost < d[e.to][S]) {\n                                d[e.to][S] = ncost;\n                                update = true;\n                            }\n                        } else {\n                            if (S >> e.c & 1) continue;\n                            if (ncost - cake[e.c] < d[e.to][S | (1 << e.c)]) {\n                                d[e.to][S | (1 << e.c)] = ncost - cake[e.c];\n                                update = true;\n                            }\n                        }\n                    }\n                }\n            }\n        }\n\n        int res = INF;\n        for (int i = 0; i < (1 << 6); i++) {\n            res = min(res, d[t][i]);\n        }\n\n        cout << res << endl;\n    }\n    return 0;\n}")"
2025-01-24 10:59:48,608	[INFO]	Step: 36
2025-01-24 10:59:48,608	[INFO]	Stop Steps: 100
2025-01-24 10:59:49,080	[INFO]	3-7     TEST_CODE_ERROR       None (--) [3 edit(s)]  
2025-01-24 10:59:49,080	[DEBUG]	patch(3-7)="LineLLMMutation(('source.cpp', 5), '#include <iostream>\n#include <vector>\n#include <map>\n#include <limits>\nusing namespace std;\n\n#define MAX 1000\n#define INF (1e9)\n\nstruct Edge{\n    int to, cost, c;\n    Edge(int to, int cost, int c) : to(to), cost(cost), c(c) {}\n};\n\nint main(){\n    int M, D, N, K;\n    int d[MAX][1<<6];\n    while(cin >> M >> N >> K >> D, M){\n        vector<Edge> G[MAX];\n        vector<int> cake;\n        cake.reserve(M); // Reserve space for cake vector\n        for(int i = 0 ; i < M ; i++){\n            int value;\n            cin >> value;\n            cake.push_back(value);\n        }\n        int idx = 0, c;\n        string a, b;\n        map<string, int> mp;\n        for(int i = 0 ; i < D ; i++){\n            cin >> a >> b >> c;\n            if(!mp.count(a)) mp[a] = idx++;\n            if(!mp.count(b)) mp[b] = idx++;\n            if(a[0] == \'C\'){\n                G[mp[b]].push_back(Edge(mp[a], c, a[1]-\'1\'));\n            }else{\n                G[mp[b]].push_back(Edge(mp[a], c, -1));\n            }\n            if(b[0] == \'C\'){\n                G[mp[a]].push_back(Edge(mp[b], c, b[1]-\'1\'));\n            }else{\n                G[mp[a]].push_back(Edge(mp[b], c, -1));\n            }\n        }\n\n        int s = mp["H"], t = mp["D"];\n        for(int i = 0 ; i < MAX ; i++){\n            fill(d[i], d[i] + (1 << 6), INF);\n        }\n        d[s][0] = 0;\n        bool update = true;\n\n        while(update){\n            update = false;\n            for(int i = 0 ; i < (int)mp.size() ; i++){\n                for(int j = 0 ; j < (int)G[i].size() ; j++){\n                    Edge e = G[i][j];\n                    for(int S = (1 << 6) - 1 ; S >= 0 ; S--){\n                        int ncost = d[i][S];\n                        if(ncost == INF) continue;\n                        ncost += e.cost * K;\n                        if(e.c == -1){\n                            if(ncost < d[e.to][S]){\n                                d[e.to][S] = ncost;\n                                update = true;\n                            }\n                        }else{\n                            if(S >> e.c & 1) continue;\n                            if(ncost - cake[e.c] < d[e.to][S | (1 << e.c)]){\n                                d[e.to][S | (1 << e.c)] = ncost - cake[e.c];\n                                update = true;\n                            }\n                        }\n                    }\n                }\n            }\n        }\n\n        int res = INF;\n        for(int i = 0 ; i < (1 << 6) ; i++){\n            res = min(res, d[t][i]);\n        }\n\n        cout << res << endl;\n    }\n    return 0;\n}') | LineLLMMutation(('source.cpp', 11), '#include <iostream>\n#include <vector>\n#include <map>\n#include <limits>\n#include <unordered_map>\nusing namespace std;\n\n#define MAX 1000\n#define INF (1e9)\n\nstruct Edge{\n    int to, cost, c;\n    Edge(int to, int cost, int c) : to(to), cost(cost), c(c) {}\n};\n\nint main(){\n    int M, D, N, K;\n    int d[MAX][1<<6];\n    while(cin >> M >> N >> K >> D, M){\n        unordered_map<int, vector<Edge>> G; // Changed to unordered_map for dynamic graph\n        vector<int> cake;\n        cake.reserve(M); \n        for(int i = 0 ; i < M ; i++){\n            int value;\n            cin >> value;\n            cake.push_back(value);\n        }\n        int idx = 0, c;\n        string a, b;\n        map<string, int> mp;\n        for(int i = 0 ; i < D ; i++){\n            cin >> a >> b >> c;\n            if(!mp.count(a)) mp[a] = idx++;\n            if(!mp.count(b)) mp[b] = idx++;\n            if(a[0] == \'C\'){\n                G[mp[b]].emplace_back(mp[a], c, a[1]-\'1\');\n            }else{\n                G[mp[b]].emplace_back(mp[a], c, -1);\n            }\n            if(b[0] == \'C\'){\n                G[mp[a]].emplace_back(mp[b], c, b[1]-\'1\');\n            }else{\n                G[mp[a]].emplace_back(mp[b], c, -1);\n            }\n        }\n\n        int s = mp["H"], t = mp["D"];\n        for(int i = 0 ; i < MAX ; i++){\n            fill(d[i], d[i] + (1 << 6), INF);\n        }\n        d[s][0] = 0;\n        bool update = true;\n\n        while(update){\n            update = false;\n            for(int i = 0 ; i < (int)mp.size() ; i++){\n                for(auto &edge : G[i]){ // Using range-based for loop\n                    for(int S = (1 << 6) - 1 ; S >= 0 ; S--){\n                        int ncost = d[i][S];\n                        if(ncost == INF) continue;\n                        ncost += edge.cost * K;\n                        if(edge.c == -1){\n                            if(ncost < d[edge.to][S]){\n                                d[edge.to][S] = ncost;\n                                update = true;\n                            }\n                        }else{\n                            if(S >> edge.c & 1) continue;\n                            if(ncost - cake[edge.c] < d[edge.to][S | (1 << edge.c)]){\n                                d[edge.to][S | (1 << edge.c)] = ncost - cake[edge.c];\n                                update = true;\n                            }\n                        }\n                    }\n                }\n            }\n        }\n\n        int res = INF;\n        for(int i = 0 ; i < (1 << 6) ; i++){\n            res = min(res, d[t][i]);\n        }\n\n        cout << res << endl;\n    }\n    return 0;\n}') | LineLLMMutation(('source.cpp', 18), '#include <iostream>\n#include <vector>\n#include <limits>\nusing namespace std;\n\n#define MAX 1000\n#define INF (1e9)\n\nstruct Edge{\n    int to, cost, c;\n    Edge(int to, int cost, int c) : to(to), cost(cost), c(c) {}\n};\n\nint main(){\n    int M, D, N, K;\n    int d[MAX][1<<6];\n    while(cin >> M >> N >> K >> D, M){\n        vector<vector<Edge>> G(MAX); // Changed to vector of vector for better memory locality\n        vector<int> cake;\n        cake.reserve(M); \n        for(int i = 0 ; i < M ; i++){\n            int value;\n            cin >> value;\n            cake.push_back(value);\n        }\n        int idx = 0, c;\n        string a, b;\n        vector<string> mp(100); // Using a vector for fixed size mapping\n        for(int i = 0 ; i < D ; i++){\n            cin >> a >> b >> c;\n            if(mp[a[0] - \'A\'] == "") mp[a[0] - \'A\'] = a;\n            if(mp[b[0] - \'A\'] == "") mp[b[0] - \'A\'] = b;\n            int a_idx = a[0] - \'A\', b_idx = b[0] - \'A\';\n            if(a[0] == \'C\'){\n                G[b_idx].emplace_back(a_idx, c, a[1]-\'1\');\n            }else{\n                G[b_idx].emplace_back(a_idx, c, -1);\n            }\n            if(b[0] == \'C\'){\n                G[a_idx].emplace_back(b_idx, c, b[1]-\'1\');\n            }else{\n                G[a_idx].emplace_back(b_idx, c, -1);\n            }\n        }\n\n        int s = mp[\'H\' - \'A\'][0], t = mp[\'D\' - \'A\'][0];\n        for(int i = 0 ; i < MAX ; i++){\n            fill(d[i], d[i] + (1 << 6), INF);\n        }\n        d[s][0] = 0;\n        bool update = true;\n\n        while(update){\n            update = false;\n            for(int i = 0 ; i < MAX ; i++){\n                for(auto &edge : G[i]){ // Using range-based for loop\n                    for(int S = (1 << 6) - 1 ; S >= 0 ; S--){\n                        int ncost = d[i][S];\n                        if(ncost == INF) continue;\n                        ncost += edge.cost * K;\n                        if(edge.c == -1){\n                            if(ncost < d[edge.to][S]){\n                                d[edge.to][S] = ncost;\n                                update = true;\n                            }\n                        }else{\n                            if(S >> edge.c & 1) continue;\n                            if(ncost - cake[edge.c] < d[edge.to][S | (1 << edge.c)]){\n                                d[edge.to][S | (1 << edge.c)] = ncost - cake[edge.c];\n                                update = true;\n                            }\n                        }\n                    }\n                }\n            }\n        }\n\n        int res = INF;\n        for(int i = 0 ; i < (1 << 6) ; i++){\n            res = min(res, d[t][i]);\n        }\n\n        cout << res << endl;\n    }\n    return 0;\n}')"
2025-01-24 10:59:49,080	[INFO]	Step: 37
2025-01-24 10:59:49,080	[INFO]	Stop Steps: 100
2025-01-24 10:59:50,049	[DEBUG]	EXEC>  SUCCESS 2878023.75
2025-01-24 10:59:50,049	[INFO]	3-8     SUCCESS               2878023.75 (98.53%) [3 edit(s)]  
2025-01-24 10:59:50,049	[DEBUG]	patch(3-8)="LineLLMCrossover(('source.cpp', 3), '#include <iostream>\n#include <vector>\n#include <map>\n#include <limits>\nusing namespace std;\n\n#define MAX 1000\n#define INF (1e9)\n\nstruct Edge{\n    int to, cost, c;\n    Edge(int to, int cost, int c) : to(to), cost(cost), c(c) {}\n};\n\nint main(){\n    int M, D, N, K;\n    int d[MAX][1<<6];\n    while(cin >> M >> N >> K >> D, M){\n        vector<Edge> G[MAX];\n        vector<int> cake; // Memory-efficient vector\n        cake.reserve(M); // Reserve space for cake vector\n        for(int i = 0 ; i < M ; i++){\n            int value;\n            cin >> value;\n            cake.push_back(value);\n        }\n        int idx = 0, c;\n        string a, b;\n        map<string, int> mp;\n        for(int i = 0 ; i < D ; i++){\n            cin >> a >> b >> c;\n            if(!mp.count(a)) mp[a] = idx++;\n            if(!mp.count(b)) mp[b] = idx++;\n            if(a[0] == \'C\'){\n                G[mp[b]].push_back(Edge(mp[a], c, a[1]-\'1\'));\n            }else{\n                G[mp[b]].push_back(Edge(mp[a], c, -1));\n            }\n            if(b[0] == \'C\'){\n                G[mp[a]].push_back(Edge(mp[b], c, b[1]-\'1\'));\n            }else{\n                G[mp[a]].push_back(Edge(mp[b], c, -1));\n            }\n        }\n\n        int s = mp["H"], t = mp["D"];\n        for(int i = 0 ; i < MAX ; i++){\n            fill(d[i], d[i] + (1 << 6), INF);\n        }\n        d[s][0] = 0;\n        bool update = true;\n\n        while(update){\n            update = false;\n            for(int i = 0 ; i < (int)mp.size() ; i++){\n                for(int j = 0 ; j < (int)G[i].size() ; j++){\n                    Edge e = G[i][j];\n                    for(int S = (1 << 6) - 1 ; S >= 0 ; S--){\n                        int ncost = d[i][S];\n                        if(ncost == INF) continue;\n                        ncost += e.cost * K;\n                        if(e.c == -1){\n                            if(ncost < d[e.to][S]){\n                                d[e.to][S] = ncost;\n                                update = true;\n                            }\n                        }else{\n                            if(S >> e.c & 1) continue;\n                            if(ncost - cake[e.c] < d[e.to][S | (1 << e.c)]){\n                                d[e.to][S | (1 << e.c)] = ncost - cake[e.c];\n                                update = true;\n                            }\n                        }\n                    }\n                }\n            }\n        }\n\n        int res = INF;\n        for(int i = 0 ; i < (1 << 6) ; i++){\n            res = min(res, d[t][i]);\n        }\n\n        cout << res << endl;\n    }\n    return 0;\n}') | LineLLMMutation(('source.cpp', 17), '#include <iostream>\n#include <vector>\n#include <map>\n#include <limits>\n#include <queue>\nusing namespace std;\n\n#define MAX 1000\n#define INF (1e9)\n\nstruct Edge {\n    int to, cost, c;\n    Edge(int to, int cost, int c) : to(to), cost(cost), c(c) {}\n};\n\nint main() {\n    int M, D, N, K;\n    int d[MAX][1 << 6];\n    while (cin >> M >> N >> K >> D, M) {\n        vector<Edge> G[MAX];\n        vector<int> cake;\n        cake.reserve(M);\n        for (int i = 0; i < M; i++) {\n            int value;\n            cin >> value;\n            cake.push_back(value);\n        }\n        int idx = 0, c;\n        string a, b;\n        map<string, int> mp;\n        for (int i = 0; i < D; i++) {\n            cin >> a >> b >> c;\n            if (!mp.count(a)) mp[a] = idx++;\n            if (!mp.count(b)) mp[b] = idx++;\n            G[mp[a]].push_back(Edge(mp[b], c, (a[0] == \'C\') ? a[1] - \'1\' : -1));\n            G[mp[b]].push_back(Edge(mp[a], c, (b[0] == \'C\') ? b[1] - \'1\' : -1));\n        }\n\n        int s = mp["H"], t = mp["D"];\n        fill(&d[0][0], &d[0][0] + MAX * (1 << 6), INF);\n        d[s][0] = 0;\n        bool update = true;\n\n        while (update) {\n            update = false;\n            for (int i = 0; i < (int)mp.size(); i++) {\n                for (const Edge& e : G[i]) {\n                    for (int S = (1 << 6) - 1; S >= 0; S--) {\n                        int ncost = d[i][S];\n                        if (ncost == INF) continue;\n                        ncost += e.cost * K;\n                        if (e.c == -1) {\n                            if (ncost < d[e.to][S]) {\n                                d[e.to][S] = ncost;\n                                update = true;\n                            }\n                        } else {\n                            if (S >> e.c & 1) continue;\n                            if (ncost - cake[e.c] < d[e.to][S | (1 << e.c)]) {\n                                d[e.to][S | (1 << e.c)] = ncost - cake[e.c];\n                                update = true;\n                            }\n                        }\n                    }\n                }\n            }\n        }\n\n        int res = INF;\n        for (int i = 0; i < (1 << 6); i++) {\n            res = min(res, d[t][i]);\n        }\n\n        cout << res << endl;\n    }\n    return 0;\n}') | LineLLMMutation(('source.cpp', 19), '#include <iostream>\n#include <vector>\n#include <map>\n#include <limits>\n#include <queue>\n#include <algorithm> // Added for std::min\nusing namespace std;\n\n#define MAX 1000\n#define INF (1e9)\n\nstruct Edge {\n    int to, cost, c;\n    Edge(int to, int cost, int c) : to(to), cost(cost), c(c) {}\n};\n\nint main() {\n    int M, D, N, K;\n    int d[MAX][1 << 6];\n    while (cin >> M >> N >> K >> D, M) {\n        vector<Edge> G[MAX];\n        vector<int> cake(M); // Initialize size directly\n        for (int i = 0; i < M; i++) {\n            cin >> cake[i]; // Read directly into the vector\n        }\n        int idx = 0, c;\n        string a, b;\n        map<string, int> mp;\n        for (int i = 0; i < D; i++) {\n            cin >> a >> b >> c;\n            if (!mp.count(a)) mp[a] = idx++;\n            if (!mp.count(b)) mp[b] = idx++;\n            G[mp[a]].emplace_back(mp[b], c, (a[0] == \'C\') ? a[1] - \'1\' : -1);\n            G[mp[b]].emplace_back(mp[a], c, (b[0] == \'C\') ? b[1] - \'1\' : -1);\n        }\n\n        int s = mp["H"], t = mp["D"];\n        fill(&d[0][0], &d[0][0] + MAX * (1 << 6), INF);\n        d[s][0] = 0;\n        bool update = true;\n\n        while (update) {\n            update = false;\n            for (int i = 0; i < (int)mp.size(); i++) {\n                for (const Edge& e : G[i]) {\n                    for (int S = (1 << 6) - 1; S >= 0; S--) {\n                        int ncost = d[i][S];\n                        if (ncost == INF) continue;\n                        ncost += e.cost * K;\n\n                        if (e.c == -1) {\n                            if (ncost < d[e.to][S]) {\n                                d[e.to][S] = ncost;\n                                update = true;\n                            }\n                        } else {\n                            if (S >> e.c & 1) continue;\n                            if (ncost - cake[e.c] < d[e.to][S | (1 << e.c)]) {\n                                d[e.to][S | (1 << e.c)] = ncost - cake[e.c];\n                                update = true;\n                            }\n                        }\n                    }\n                }\n            }\n        }\n\n        int res = INF;\n        for (int i = 0; i < (1 << 6); i++) {\n            res = min(res, d[t][i]); // Use std::min for clarity\n        }\n\n        cout << res << endl;\n    }\n    return 0;\n}')"
2025-01-24 10:59:50,049	[INFO]	Step: 38
2025-01-24 10:59:50,049	[INFO]	Stop Steps: 100
2025-01-24 10:59:50,687	[DEBUG]	EXEC>  SUCCESS 2896661.4375
2025-01-24 10:59:50,687	[INFO]	3-9     SUCCESS               2896661.44 (99.17%) [3 edit(s)]  
2025-01-24 10:59:50,688	[DEBUG]	patch(3-9)="LineLLMMutation(('source.cpp', 6), '#include <iostream>\n#include <vector>\n#include <unordered_map>\n#include <limits>\nusing namespace std;\n\n#define MAX 1000\n#define INF (1e9)\n\nstruct Edge{\n    int to, cost, c;\n    Edge(int to, int cost, int c) : to(to), cost(cost), c(c) {}\n};\n\nint main(){\n    int M, D, N, K;\n    int d[MAX][1<<6];\n    while(cin >> M >> N >> K >> D, M){\n        vector<Edge> G[MAX];\n        vector<int> cake(M);\n        for(int i = 0 ; i < M ; i++){\n            cin >> cake[i];\n        }\n        int idx = 0, c;\n        string a, b;\n        unordered_map<string, int> mp; // Changed to unordered_map\n        for(int i = 0 ; i < D ; i++){\n            cin >> a >> b >> c;\n            if(!mp.count(a)) mp[a] = idx++;\n            if(!mp.count(b)) mp[b] = idx++;\n            if(a[0] == \'C\'){\n                G[mp[b]].push_back(Edge(mp[a], c, a[1]-\'1\'));\n            }else{\n                G[mp[b]].push_back(Edge(mp[a], c, -1));\n            }\n            if(b[0] == \'C\'){\n                G[mp[a]].push_back(Edge(mp[b], c, b[1]-\'1\'));\n            }else{\n                G[mp[a]].push_back(Edge(mp[b], c, -1));\n            }\n        }\n\n        int s = mp["H"], t = mp["D"];\n        for(int i = 0 ; i < MAX ; i++){\n            fill(d[i], d[i] + (1 << 6), INF);\n        }\n        d[s][0] = 0;\n        bool update = true;\n\n        while(update){\n            update = false;\n            for(int i = 0 ; i < (int)mp.size() ; i++){\n                for(int j = 0 ; j < (int)G[i].size() ; j++){\n                    Edge e = G[i][j];\n                    for(int S = (1 << 6) - 1 ; S >= 0 ; S--){\n                        int ncost = d[i][S];\n                        if(ncost == INF) continue;\n                        ncost += e.cost * K;\n                        if(e.c == -1){\n                            if(ncost < d[e.to][S]){\n                                d[e.to][S] = ncost;\n                                update = true;\n                            }\n                        }else{\n                            if(S >> e.c & 1) continue;\n                            if(ncost - cake[e.c] < d[e.to][S | (1 << e.c)]){\n                                d[e.to][S | (1 << e.c)] = ncost - cake[e.c];\n                                update = true;\n                            }\n                        }\n                    }\n                }\n            }\n        }\n\n        int res = INF;\n        for(int i = 0 ; i < (1 << 6) ; i++){\n            res = min(res, d[t][i]);\n        }\n\n        cout << res << endl;\n    }\n    return 0;\n}') | LineLLMMutation(('source.cpp', 12), "#include <iostream>\n#include <vector>\n#include <limits>\nusing namespace std;\n\n#define MAX 1000\n#define INF (1e9)\n\nstruct Edge{\n    int to, cost, c;\n    Edge(int to, int cost, int c) : to(to), cost(cost), c(c) {}\n};\n\nint main(){\n    int M, D, N, K;\n    int d[MAX][1<<6];\n    while(cin >> M >> N >> K >> D, M){\n        vector<Edge> G[MAX];\n        vector<int> cake(M);\n        for(int i = 0 ; i < M ; i++){\n            cin >> cake[i];\n        }\n        int idx = 0, c;\n        string a, b;\n        \n        // Instead of an unordered_map, use a fixed-size vector for indices\n        vector<int> mp(200, -1); // Assuming max 200 unique nodes\n        for(int i = 0 ; i < D ; i++){\n            cin >> a >> b >> c;\n            if(mp[a[0] - 'A'] == -1) mp[a[0] - 'A'] = idx++;\n            if(mp[b[0] - 'A'] == -1) mp[b[0] - 'A'] = idx++;\n            \n            if(a[0] == 'C'){\n                G[mp[b[0] - 'A']].push_back(Edge(mp[a[0] - 'A'], c, a[1]-'1'));\n            }else{\n                G[mp[b[0] - 'A']].push_back(Edge(mp[a[0] - 'A'], c, -1));\n            }\n            if(b[0] == 'C'){\n                G[mp[a[0] - 'A']].push_back(Edge(mp[b[0] - 'A'], c, b[1]-'1'));\n            }else{\n                G[mp[a[0] - 'A']].push_back(Edge(mp[b[0] - 'A'], c, -1));\n            }\n        }\n\n        int s = mp['H' - 'A'], t = mp['D' - 'A'];\n        for(int i = 0 ; i < MAX ; i++){\n            fill(d[i], d[i] + (1 << 6), INF);\n        }\n        d[s][0] = 0;\n        bool update = true;\n\n        while(update){\n            update = false;\n            for(int i = 0 ; i < (int)mp.size() ; i++){\n                for(int j = 0 ; j < (int)G[i].size() ; j++){\n                    Edge e = G[i][j];\n                    for(int S = (1 << 6) - 1 ; S >= 0 ; S--){\n                        int ncost = d[i][S];\n                        if(ncost == INF) continue;\n                        ncost += e.cost * K;\n                        if(e.c == -1){\n                            if(ncost < d[e.to][S]){\n                                d[e.to][S] = ncost;\n                                update = true;\n                            }\n                        }else{\n                            if(S >> e.c & 1) continue;\n                            if(ncost - cake[e.c] < d[e.to][S | (1 << e.c)]){\n                                d[e.to][S | (1 << e.c)] = ncost - cake[e.c];\n                                update = true;\n                            }\n                        }\n                    }\n                }\n            }\n        }\n\n        int res = INF;\n        for(int i = 0 ; i < (1 << 6) ; i++){\n            res = min(res, d[t][i]);\n        }\n\n        cout << res << endl;\n    }\n    return 0;\n}") | LineLLMMutation(('source.cpp', 20), "#include <iostream>\n#include <vector>\n#include <limits>\nusing namespace std;\n\n#define MAX 1000\n#define INF (1e9)\n\nstruct Edge{\n    int to, cost, c;\n    Edge(int to, int cost, int c) : to(to), cost(cost), c(c) {}\n};\n\nint main(){\n    int M, D, N, K;\n    int d[MAX][1<<6];\n    while(cin >> M >> N >> K >> D, M){\n        // Use a dynamic vector of vectors to avoid stack overflow\n        vector<vector<Edge>> G(MAX);\n        vector<int> cake(M);\n        for(int i = 0 ; i < M ; i++){\n            cin >> cake[i];\n        }\n        int idx = 0, c;\n        string a, b;\n        \n        vector<int> mp(200, -1); // Assuming max 200 unique nodes\n        for(int i = 0 ; i < D ; i++){\n            cin >> a >> b >> c;\n            if(mp[a[0] - 'A'] == -1) mp[a[0] - 'A'] = idx++;\n            if(mp[b[0] - 'A'] == -1) mp[b[0] - 'A'] = idx++;\n            \n            if(a[0] == 'C'){\n                G[mp[b[0] - 'A']].push_back(Edge(mp[a[0] - 'A'], c, a[1]-'1'));\n            }else{\n                G[mp[b[0] - 'A']].push_back(Edge(mp[a[0] - 'A'], c, -1));\n            }\n            if(b[0] == 'C'){\n                G[mp[a[0] - 'A']].push_back(Edge(mp[b[0] - 'A'], c, b[1]-'1'));\n            }else{\n                G[mp[a[0] - 'A']].push_back(Edge(mp[b[0] - 'A'], c, -1));\n            }\n        }\n\n        int s = mp['H' - 'A'], t = mp['D' - 'A'];\n        for(int i = 0 ; i < MAX ; i++){\n            fill(d[i], d[i] + (1 << 6), INF);\n        }\n        d[s][0] = 0;\n        bool update = true;\n\n        while(update){\n            update = false;\n            for(int i = 0 ; i < (int)mp.size() ; i++){\n                for(int j = 0 ; j < (int)G[i].size() ; j++){\n                    Edge e = G[i][j];\n                    for(int S = (1 << 6) - 1 ; S >= 0 ; S--){\n                        int ncost = d[i][S];\n                        if(ncost == INF) continue;\n                        ncost += e.cost * K;\n                        if(e.c == -1){\n                            if(ncost < d[e.to][S]){\n                                d[e.to][S] = ncost;\n                                update = true;\n                            }\n                        }else{\n                            if(S >> e.c & 1) continue;\n                            if(ncost - cake[e.c] < d[e.to][S | (1 << e.c)]){\n                                d[e.to][S | (1 << e.c)] = ncost - cake[e.c];\n                                update = true;\n                            }\n                        }\n                    }\n                }\n            }\n        }\n\n        int res = INF;\n        for(int i = 0 ; i < (1 << 6) ; i++){\n            res = min(res, d[t][i]);\n        }\n\n        cout << res << endl;\n    }\n    return 0;\n}")"
2025-01-24 10:59:50,688	[INFO]	Step: 39
2025-01-24 10:59:50,688	[INFO]	Stop Steps: 100
2025-01-24 10:59:51,313	[DEBUG]	EXEC>  SUCCESS 2904743.1875
2025-01-24 10:59:51,314	[INFO]	3-10    SUCCESS               2904743.19 (99.44%) [2 edit(s)]  
2025-01-24 10:59:51,314	[DEBUG]	patch(3-10)="LineLLMCrossover(('source.cpp', 4), "#include <iostream>\n#include <vector>\n#include <limits>\nusing namespace std;\n\n#define MAX 1000\n#define INF (1e9)\n\nstruct Edge {\n    int to, cost, c;\n    Edge(int to, int cost, int c) : to(to), cost(cost), c(c) {}\n};\n\nint main() {\n    int M, D, N, K;\n    int d[MAX][1 << 6];\n    while(cin >> M >> N >> K >> D, M) {\n        vector<Edge> G[MAX];\n        vector<int> cake(M);\n        for(int i = 0; i < M; i++) {\n            cin >> cake[i];\n        }\n        int idx = 0, c;\n        string a, b;\n        vector<int> mp(200, -1); // Fixed-size vector for indices\n        for(int i = 0; i < D; i++) {\n            cin >> a >> b >> c;\n            if(mp[a[0] - 'A'] == -1) mp[a[0] - 'A'] = idx++;\n            if(mp[b[0] - 'A'] == -1) mp[b[0] - 'A'] = idx++;\n            if(a[0] == 'C') {\n                G[mp[b[0] - 'A']].push_back(Edge(mp[a[0] - 'A'], c, a[1] - '1'));\n            } else {\n                G[mp[b[0] - 'A']].push_back(Edge(mp[a[0] - 'A'], c, -1));\n            }\n            if(b[0] == 'C') {\n                G[mp[a[0] - 'A']].push_back(Edge(mp[b[0] - 'A'], c, b[1] - '1'));\n            } else {\n                G[mp[a[0] - 'A']].push_back(Edge(mp[b[0] - 'A'], c, -1));\n            }\n        }\n\n        int s = mp['H' - 'A'], t = mp['D' - 'A'];\n        for(int i = 0; i < MAX; i++) {\n            fill(d[i], d[i] + (1 << 6), INF);\n        }\n        d[s][0] = 0;\n        bool update = true;\n\n        while(update) {\n            update = false;\n            for(int i = 0; i < (int)mp.size(); i++) {\n                for(int j = 0; j < (int)G[i].size(); j++) {\n                    Edge e = G[i][j];\n                    for(int S = (1 << 6) - 1; S >= 0; S--) {\n                        int ncost = d[i][S];\n                        if(ncost == INF) continue;\n                        ncost += e.cost * K;\n                        if(e.c == -1) {\n                            if(ncost < d[e.to][S]) {\n                                d[e.to][S] = ncost;\n                                update = true;\n                            }\n                        } else {\n                            if(S >> e.c & 1) continue;\n                            if(ncost - cake[e.c] < d[e.to][S | (1 << e.c)]) {\n                                d[e.to][S | (1 << e.c)] = ncost - cake[e.c];\n                                update = true;\n                            }\n                        }\n                    }\n                }\n            }\n        }\n\n        int res = INF;\n        for(int i = 0; i < (1 << 6); i++) {\n            res = min(res, d[t][i]);\n        }\n\n        cout << res << endl;\n    }\n    return 0;\n}") | LineLLMMutation(('source.cpp', 21), "#include <iostream>\n#include <vector>\n#include <limits>\nusing namespace std;\n\n#define MAX 1000\n#define INF (1e9)\n\nstruct Edge {\n    int to, cost, c;\n    Edge(int to, int cost, int c) : to(to), cost(cost), c(c) {}\n};\n\nint main() {\n    int M, D, N, K;\n    int d[MAX][1 << 6];\n    while(cin >> M >> N >> K >> D, M) {\n        vector<Edge> G[MAX];\n        vector<int> cake(M);\n        for(int i = 0; i < M; i++) {\n            cin >> cake[i];\n        }\n        int idx = 0, c;\n        string a, b;\n        vector<int> mp(200, -1); // Fixed-size vector for indices\n        for(int i = 0; i < D; i++) {\n            cin >> a >> b >> c;\n            if(mp[a[0] - 'A'] == -1) mp[a[0] - 'A'] = idx++;\n            if(mp[b[0] - 'A'] == -1) mp[b[0] - 'A'] = idx++;\n            if(a[0] == 'C') {\n                G[mp[b[0] - 'A']].emplace_back(mp[a[0] - 'A'], c, a[1] - '1');\n            } else {\n                G[mp[b[0] - 'A']].emplace_back(mp[a[0] - 'A'], c, -1);\n            }\n            if(b[0] == 'C') {\n                G[mp[a[0] - 'A']].emplace_back(mp[b[0] - 'A'], c, b[1] - '1');\n            } else {\n                G[mp[a[0] - 'A']].emplace_back(mp[b[0] - 'A'], c, -1);\n            }\n        }\n\n        int s = mp['H' - 'A'], t = mp['D' - 'A'];\n        fill(&d[0][0], &d[0][0] + MAX * (1 << 6), INF); // Simplified initialization\n        d[s][0] = 0;\n        bool update = true;\n\n        while(update) {\n            update = false;\n            for(int i = 0; i < (int)mp.size(); i++) {\n                for(int j = 0; j < (int)G[i].size(); j++) {\n                    Edge e = G[i][j];\n                    for(int S = (1 << 6) - 1; S >= 0; S--) {\n                        int ncost = d[i][S];\n                        if(ncost == INF) continue;\n                        ncost += e.cost * K;\n                        if(e.c == -1) {\n                            if(ncost < d[e.to][S]) {\n                                d[e.to][S] = ncost;\n                                update = true;\n                            }\n                        } else {\n                            if(S >> e.c & 1) continue;\n                            if(ncost - cake[e.c] < d[e.to][S | (1 << e.c)]) {\n                                d[e.to][S | (1 << e.c)] = ncost - cake[e.c];\n                                update = true;\n                            }\n                        }\n                    }\n                }\n            }\n        }\n\n        int res = INF;\n        for(int i = 0; i < (1 << 6); i++) {\n            res = min(res, d[t][i]);\n        }\n\n        cout << res << endl;\n    }\n    return 0;\n}")"
2025-01-24 10:59:51,314	[INFO]	Step: 40
2025-01-24 10:59:51,314	[INFO]	Stop Steps: 100
2025-01-24 10:59:53,456	[DEBUG]	EXEC>  SUCCESS 2894698.875
2025-01-24 10:59:53,456	[INFO]	REF     SUCCESS               2894698.88 (--) [0 edit(s)]  
2025-01-24 10:59:53,456	[INFO]	Best patch: 8
2025-01-24 10:59:54,361	[DEBUG]	EXEC>  SUCCESS 2868577.4375
2025-01-24 10:59:54,362	[INFO]	BEST    SUCCESS              *2868577.44 (99.10%) [0 edit(s)]  
2025-01-24 10:59:54,362	[INFO]	Best patch step: 32
2025-01-24 11:01:44,673	[INFO]	Step: 40
2025-01-24 11:01:44,673	[INFO]	Stop Steps: 100
2025-01-24 11:01:45,700	[DEBUG]	EXEC>  SUCCESS 2866901.1875
2025-01-24 11:01:45,700	[INFO]	4-1     SUCCESS              *2866901.19 (99.04%) [1 edit(s)]  
2025-01-24 11:01:45,700	[DEBUG]	patch(4-1)="LineLLMCrossover(('source.cpp', 8), '#include <iostream>\n#include <vector>\n#include <map>\n#include <limits>\n#include <unordered_map>\nusing namespace std;\n\n#define MAX 1000\n#define INF (1e9)\n\nstruct Edge {\n    int to, cost, c;\n    Edge(int to, int cost, int c) : to(to), cost(cost), c(c) {}\n};\n\nint main() {\n    int M, D, N, K;\n    int d[MAX][1 << 6];\n    while (cin >> M >> N >> K >> D, M) {\n        unordered_map<int, vector<Edge>> G;\n        vector<int> cake;\n        cake.reserve(M);\n        for (int i = 0; i < M; i++) {\n            int value;\n            cin >> value;\n            cake.push_back(value);\n        }\n        int idx = 0, c;\n        string a, b;\n        map<string, int> mp;\n        for (int i = 0; i < D; i++) {\n            cin >> a >> b >> c;\n            if (!mp.count(a)) mp[a] = idx++;\n            if (!mp.count(b)) mp[b] = idx++;\n            G[mp[b]].emplace_back(mp[a], c, (a[0] == \'C\') ? a[1] - \'1\' : -1);\n            G[mp[a]].emplace_back(mp[b], c, (b[0] == \'C\') ? b[1] - \'1\' : -1);\n        }\n\n        int s = mp["H"], t = mp["D"];\n        for (int i = 0; i < MAX; i++) {\n            fill(d[i], d[i] + (1 << 6), INF);\n        }\n        d[s][0] = 0;\n        bool update = true;\n\n        while (update) {\n            update = false;\n            for (int i = 0; i < (int)mp.size(); i++) {\n                for (auto &edge : G[i]) {\n                    for (int S = (1 << 6) - 1; S >= 0; S--) {\n                        int ncost = d[i][S];\n                        if (ncost == INF) continue;\n                        ncost += edge.cost * K;\n                        if (edge.c == -1) {\n                            if (ncost < d[edge.to][S]) {\n                                d[edge.to][S] = ncost;\n                                update = true;\n                            }\n                        } else {\n                            if (S >> edge.c & 1) continue;\n                            if (ncost - cake[edge.c] < d[edge.to][S | (1 << edge.c)]) {\n                                d[edge.to][S | (1 << edge.c)] = ncost - cake[edge.c];\n                                update = true;\n                            }\n                        }\n                    }\n                }\n            }\n        }\n\n        int res = INF;\n        for (int i = 0; i < (1 << 6); i++) {\n            res = min(res, d[t][i]);\n        }\n\n        cout << res << endl;\n    }\n    return 0;\n}')"

2025-01-24 11:01:45,700	[INFO]	Step: 41
2025-01-24 11:01:45,700	[INFO]	Stop Steps: 100
2025-01-24 11:01:46,645	[DEBUG]	EXEC>  SUCCESS 2913758.3125
2025-01-24 11:01:46,645	[INFO]	4-2     SUCCESS               2913758.31 (100.66%) [2 edit(s)]  
2025-01-24 11:01:46,645	[DEBUG]	patch(4-2)="LineLLMMutation(('source.cpp', 5), '#include <iostream>\n#include <vector>\n#include <map>\n#include <limits>\nusing namespace std;\n\n#define MAX 1000\n#define INF (1e9)\n\nstruct Edge{\n    int to, cost, c;\n    Edge(int to, int cost, int c) : to(to), cost(cost), c(c) {}\n};\n\nint main(){\n    int M, D, N, K;\n    int d[MAX][1<<6];\n    while(cin >> M >> N >> K >> D, M){\n        vector<Edge> G[MAX];\n        vector<int> cake;\n        cake.reserve(M); // Reserve space for cake vector\n        for(int i = 0 ; i < M ; i++){\n            int value;\n            cin >> value;\n            cake.push_back(value);\n        }\n        int idx = 0, c;\n        string a, b;\n        map<string, int> mp;\n        for(int i = 0 ; i < D ; i++){\n            cin >> a >> b >> c;\n            if(!mp.count(a)) mp[a] = idx++;\n            if(!mp.count(b)) mp[b] = idx++;\n            if(a[0] == \'C\'){\n                G[mp[b]].push_back(Edge(mp[a], c, a[1]-\'1\'));\n            }else{\n                G[mp[b]].push_back(Edge(mp[a], c, -1));\n            }\n            if(b[0] == \'C\'){\n                G[mp[a]].push_back(Edge(mp[b], c, b[1]-\'1\'));\n            }else{\n                G[mp[a]].push_back(Edge(mp[b], c, -1));\n            }\n        }\n\n        int s = mp["H"], t = mp["D"];\n        for(int i = 0 ; i < MAX ; i++){\n            fill(d[i], d[i] + (1 << 6), INF);\n        }\n        d[s][0] = 0;\n        bool update = true;\n\n        while(update){\n            update = false;\n            for(int i = 0 ; i < (int)mp.size() ; i++){\n                for(int j = 0 ; j < (int)G[i].size() ; j++){\n                    Edge e = G[i][j];\n                    for(int S = (1 << 6) - 1 ; S >= 0 ; S--){\n                        int ncost = d[i][S];\n                        if(ncost == INF) continue;\n                        ncost += e.cost * K;\n                        if(e.c == -1){\n                            if(ncost < d[e.to][S]){\n                                d[e.to][S] = ncost;\n                                update = true;\n                            }\n                        }else{\n                            if(S >> e.c & 1) continue;\n                            if(ncost - cake[e.c] < d[e.to][S | (1 << e.c)]){\n                                d[e.to][S | (1 << e.c)] = ncost - cake[e.c];\n                                update = true;\n                            }\n                        }\n                    }\n                }\n            }\n        }\n\n        int res = INF;\n        for(int i = 0 ; i < (1 << 6) ; i++){\n            res = min(res, d[t][i]);\n        }\n\n        cout << res << endl;\n    }\n    return 0;\n}') | LineLLMMutation(('source.cpp', 11), '#include <iostream>\n#include <vector>\n#include <map>\n#include <limits>\n#include <unordered_map>\nusing namespace std;\n\n#define MAX 1000\n#define INF (1e9)\n\nstruct Edge{\n    int to, cost, c;\n    Edge(int to, int cost, int c) : to(to), cost(cost), c(c) {}\n};\n\nint main(){\n    int M, D, N, K;\n    int d[MAX][1<<6];\n    while(cin >> M >> N >> K >> D, M){\n        unordered_map<int, vector<Edge>> G; // Changed to unordered_map for dynamic graph\n        vector<int> cake;\n        cake.reserve(M); \n        for(int i = 0 ; i < M ; i++){\n            int value;\n            cin >> value;\n            cake.push_back(value);\n        }\n        int idx = 0, c;\n        string a, b;\n        map<string, int> mp;\n        for(int i = 0 ; i < D ; i++){\n            cin >> a >> b >> c;\n            if(!mp.count(a)) mp[a] = idx++;\n            if(!mp.count(b)) mp[b] = idx++;\n            if(a[0] == \'C\'){\n                G[mp[b]].emplace_back(mp[a], c, a[1]-\'1\');\n            }else{\n                G[mp[b]].emplace_back(mp[a], c, -1);\n            }\n            if(b[0] == \'C\'){\n                G[mp[a]].emplace_back(mp[b], c, b[1]-\'1\');\n            }else{\n                G[mp[a]].emplace_back(mp[b], c, -1);\n            }\n        }\n\n        int s = mp["H"], t = mp["D"];\n        for(int i = 0 ; i < MAX ; i++){\n            fill(d[i], d[i] + (1 << 6), INF);\n        }\n        d[s][0] = 0;\n        bool update = true;\n\n        while(update){\n            update = false;\n            for(int i = 0 ; i < (int)mp.size() ; i++){\n                for(auto &edge : G[i]){ // Using range-based for loop\n                    for(int S = (1 << 6) - 1 ; S >= 0 ; S--){\n                        int ncost = d[i][S];\n                        if(ncost == INF) continue;\n                        ncost += edge.cost * K;\n                        if(edge.c == -1){\n                            if(ncost < d[edge.to][S]){\n                                d[edge.to][S] = ncost;\n                                update = true;\n                            }\n                        }else{\n                            if(S >> edge.c & 1) continue;\n                            if(ncost - cake[edge.c] < d[edge.to][S | (1 << edge.c)]){\n                                d[edge.to][S | (1 << edge.c)] = ncost - cake[edge.c];\n                                update = true;\n                            }\n                        }\n                    }\n                }\n            }\n        }\n\n        int res = INF;\n        for(int i = 0 ; i < (1 << 6) ; i++){\n            res = min(res, d[t][i]);\n        }\n\n        cout << res << endl;\n    }\n    return 0;\n}')"
2025-01-24 11:01:46,645	[INFO]	Step: 42
2025-01-24 11:01:46,645	[INFO]	Stop Steps: 100
2025-01-24 11:01:47,554	[DEBUG]	EXEC>  SUCCESS 2876912.9375
2025-01-24 11:01:47,554	[INFO]	4-3     SUCCESS               2876912.94 (99.39%) [1 edit(s)]  
2025-01-24 11:01:47,554	[DEBUG]	patch(4-3)="LineLLMCrossover(('source.cpp', 12), '#include <iostream>\n#include <vector>\n#include <map>\n#include <limits>\n#include <unordered_map>\nusing namespace std;\n\n#define MAX 1000\n#define INF (1e9)\n\nstruct Edge {\n    int to, cost, c;\n    Edge(int to, int cost, int c) : to(to), cost(cost), c(c) {}\n};\n\nint main() {\n    int M, D, N, K;\n    int d[MAX][1 << 6];\n    while (cin >> M >> N >> K >> D, M) {\n        unordered_map<int, vector<Edge>> G;\n        vector<int> cake;\n        cake.reserve(M);\n        for (int i = 0; i < M; i++) {\n            int value;\n            cin >> value;\n            cake.push_back(value);\n        }\n        int idx = 0, c;\n        string a, b;\n        map<string, int> mp;\n        for (int i = 0; i < D; i++) {\n            cin >> a >> b >> c;\n            if (!mp.count(a)) mp[a] = idx++;\n            if (!mp.count(b)) mp[b] = idx++;\n            G[mp[b]].emplace_back(mp[a], c, (a[0] == \'C\') ? a[1] - \'1\' : -1);\n            G[mp[a]].emplace_back(mp[b], c, (b[0] == \'C\') ? b[1] - \'1\' : -1);\n        }\n\n        int s = mp["H"], t = mp["D"];\n        for (int i = 0; i < MAX; i++) {\n            fill(d[i], d[i] + (1 << 6), INF);\n        }\n        d[s][0] = 0;\n        bool update = true;\n\n        while (update) {\n            update = false;\n            for (int i = 0; i < (int)mp.size(); i++) {\n                for (auto &edge : G[i]) {\n                    for (int S = (1 << 6) - 1; S >= 0; S--) {\n                        int ncost = d[i][S];\n                        if (ncost == INF) continue;\n                        ncost += edge.cost * K;\n                        if (edge.c == -1) {\n                            if (ncost < d[edge.to][S]) {\n                                d[edge.to][S] = ncost;\n                                update = true;\n                            }\n                        } else {\n                            if (S >> edge.c & 1) continue;\n                            if (ncost - cake[edge.c] < d[edge.to][S | (1 << edge.c)]) {\n                                d[edge.to][S | (1 << edge.c)] = ncost - cake[edge.c];\n                                update = true;\n                            }\n                        }\n                    }\n                }\n            }\n        }\n\n        int res = INF;\n        for (int i = 0; i < (1 << 6); i++) {\n            res = min(res, d[t][i]);\n        }\n\n        cout << res << endl;\n    }\n    return 0;\n}')"
2025-01-24 11:01:47,554	[INFO]	Step: 43
2025-01-24 11:01:47,554	[INFO]	Stop Steps: 100
2025-01-24 11:01:48,395	[DEBUG]	EXEC>  SUCCESS 2896979.4375
2025-01-24 11:01:48,395	[INFO]	4-4     SUCCESS               2896979.44 (100.08%) [1 edit(s)]  
2025-01-24 11:01:48,395	[DEBUG]	patch(4-4)="LineLLMCrossover(('source.cpp', 13), '#include <iostream>\n#include <vector>\n#include <limits>\n#include <map>\nusing namespace std;\n\n#define MAX 1000\n#define INF (1e9)\n\nstruct Edge {\n    int to, cost, c;\n    Edge(int to, int cost, int c) : to(to), cost(cost), c(c) {}\n};\n\nint main() {\n    int M, D, N, K;\n    int d[MAX][1 << 6];\n    while (cin >> M >> N >> K >> D, M) {\n        vector<Edge> G[MAX];\n        vector<int> cake;\n        cake.reserve(M);\n        for (int i = 0; i < M; i++) {\n            int value;\n            cin >> value;\n            cake.push_back(value);\n        }\n        int idx = 0, c;\n        string a, b;\n        map<string, int> mp;\n        for (int i = 0; i < D; i++) {\n            cin >> a >> b >> c;\n            if (!mp.count(a)) mp[a] = idx++;\n            if (!mp.count(b)) mp[b] = idx++;\n            G[mp[a]].push_back(Edge(mp[b], c, (a[0] == \'C\') ? a[1] - \'1\' : -1));\n            G[mp[b]].push_back(Edge(mp[a], c, (b[0] == \'C\') ? b[1] - \'1\' : -1));\n        }\n\n        int s = mp["H"], t = mp["D"];\n        for (int i = 0; i < MAX; i++) {\n            fill(d[i], d[i] + (1 << 6), INF);\n        }\n        d[s][0] = 0;\n        bool update = true;\n\n        while (update) {\n            update = false;\n            for (int i = 0; i < (int)mp.size(); i++) {\n                for (const Edge& e : G[i]) {\n                    for (int S = (1 << 6) - 1; S >= 0; S--) {\n                        int ncost = d[i][S];\n                        if (ncost == INF) continue;\n                        ncost += e.cost * K;\n                        if (e.c == -1) {\n                            if (ncost < d[e.to][S]) {\n                                d[e.to][S] = ncost;\n                                update = true;\n                            }\n                        } else {\n                            if (S >> e.c & 1) continue;\n                            if (ncost - cake[e.c] < d[e.to][S | (1 << e.c)]) {\n                                d[e.to][S | (1 << e.c)] = ncost - cake[e.c];\n                                update = true;\n                            }\n                        }\n                    }\n                }\n            }\n        }\n\n        int res = INF;\n        for (int i = 0; i < (1 << 6); i++) {\n            res = min(res, d[t][i]);\n        }\n\n        cout << res << endl;\n    }\n    return 0;\n}')"
2025-01-24 11:01:48,395	[INFO]	Step: 44
2025-01-24 11:01:48,395	[INFO]	Stop Steps: 100
2025-01-24 11:01:49,320	[DEBUG]	EXEC>  SUCCESS 2907867.8125
2025-01-24 11:01:49,320	[INFO]	4-5     SUCCESS               2907867.81 (100.45%) [1 edit(s)]  
2025-01-24 11:01:49,320	[DEBUG]	patch(4-5)="LineLLMCrossover(('source.cpp', 14), '#include <iostream>\n#include <vector>\n#include <map>\n#include <limits>\n#include <unordered_map>\nusing namespace std;\n\n#define MAX 1000\n#define INF (1e9)\n\nstruct Edge {\n    int to, cost, c;\n    Edge(int to, int cost, int c) : to(to), cost(cost), c(c) {}\n};\n\nint main() {\n    int M, D, N, K;\n    int d[MAX][1 << 6];\n    while (cin >> M >> N >> K >> D, M) {\n        unordered_map<int, vector<Edge>> G;\n        vector<int> cake;\n        cake.reserve(M);\n        for (int i = 0; i < M; i++) {\n            int value;\n            cin >> value;\n            cake.push_back(value);\n        }\n        int idx = 0, c;\n        string a, b;\n        map<string, int> mp;\n        for (int i = 0; i < D; i++) {\n            cin >> a >> b >> c;\n            if (!mp.count(a)) mp[a] = idx++;\n            if (!mp.count(b)) mp[b] = idx++;\n            G[mp[a]].emplace_back(mp[b], c, (a[0] == \'C\') ? a[1] - \'1\' : -1);\n            G[mp[b]].emplace_back(mp[a], c, (b[0] == \'C\') ? b[1] - \'1\' : -1);\n        }\n\n        int s = mp["H"], t = mp["D"];\n        for (int i = 0; i < MAX; i++) {\n            fill(d[i], d[i] + (1 << 6), INF);\n        }\n        d[s][0] = 0;\n        bool update = true;\n\n        while (update) {\n            update = false;\n            for (int i = 0; i < (int)mp.size(); i++) {\n                for (auto &edge : G[i]) {\n                    for (int S = (1 << 6) - 1; S >= 0; S--) {\n                        int ncost = d[i][S];\n                        if (ncost == INF) continue;\n                        ncost += edge.cost * K;\n                        if (edge.c == -1) {\n                            if (ncost < d[edge.to][S]) {\n                                d[edge.to][S] = ncost;\n                                update = true;\n                            }\n                        } else {\n                            if (S >> edge.c & 1) continue;\n                            if (ncost - cake[edge.c] < d[edge.to][S | (1 << edge.c)]) {\n                                d[edge.to][S | (1 << edge.c)] = ncost - cake[edge.c];\n                                update = true;\n                            }\n                        }\n                    }\n                }\n            }\n        }\n\n        int res = INF;\n        for (int i = 0; i < (1 << 6); i++) {\n            res = min(res, d[t][i]);\n        }\n\n        cout << res << endl;\n    }\n    return 0;\n}')"
2025-01-24 11:01:49,321	[INFO]	Step: 45
2025-01-24 11:01:49,321	[INFO]	Stop Steps: 100
2025-01-24 11:01:49,630	[INFO]	4-6     COMPILE_CODE_ERROR    None (--) [1 edit(s)]  
2025-01-24 11:01:49,630	[DEBUG]	patch(4-6)="LineLLMCrossover(('source.cpp', 15), '#include <iostream>\n#include <vector>\n#include <limits>\n#include <unordered_map>\nusing namespace std;\n\n#define MAX 1000\n#define INF (1e9)\n\nstruct Edge {\n    int to, cost, c;\n    Edge(int to, int cost, int c) : to(to), cost(cost), c(c) {}\n};\n\nint main() {\n    int M, D, N, K;\n    int d[MAX][1 << 6];\n    while (cin >> M >> N >> K >> D, M) {\n        unordered_map<int, vector<Edge>> G;\n        vector<int> cake;\n        cake.reserve(M);\n        for (int i = 0; i < M; i++) {\n            int value;\n            cin >> value;\n            cake.push_back(value);\n        }\n        int idx = 0, c;\n        string a, b;\n        map<string, int> mp;\n        for (int i = 0; i < D; i++) {\n            cin >> a >> b >> c;\n            if (!mp.count(a)) mp[a] = idx++;\n            if (!mp.count(b)) mp[b] = idx++;\n            G[mp[a]].push_back(Edge(mp[b], c, (a[0] == \'C\') ? a[1] - \'1\' : -1));\n            G[mp[b]].push_back(Edge(mp[a], c, (b[0] == \'C\') ? b[1] - \'1\' : -1));\n        }\n\n        int s = mp["H"], t = mp["D"];\n        for (int i = 0; i < MAX; i++) {\n            fill(d[i], d[i] + (1 << 6), INF);\n        }\n        d[s][0] = 0;\n        bool update = true;\n\n        while (update) {\n            update = false;\n            for (int i = 0; i < (int)mp.size(); i++) {\n                for (const Edge& e : G[i]) {\n                    for (int S = (1 << 6) - 1; S >= 0; S--) {\n                        int ncost = d[i][S];\n                        if (ncost == INF) continue;\n                        ncost += e.cost * K;\n                        if (e.c == -1) {\n                            if (ncost < d[e.to][S]) {\n                                d[e.to][S] = ncost;\n                                update = true;\n                            }\n                        } else {\n                            if (S >> e.c & 1) continue;\n                            if (ncost - cake[e.c] < d[e.to][S | (1 << e.c)]) {\n                                d[e.to][S | (1 << e.c)] = ncost - cake[e.c];\n                                update = true;\n                            }\n                        }\n                    }\n                }\n            }\n        }\n\n        int res = INF;\n        for (int i = 0; i < (1 << 6); i++) {\n            res = min(res, d[t][i]);\n        }\n\n        cout << res << endl;\n    }\n    return 0;\n}')"
2025-01-24 11:01:49,630	[INFO]	Step: 46
2025-01-24 11:01:49,630	[INFO]	Stop Steps: 100
2025-01-24 11:01:52,403	[INFO]	4-7     TEST_CODE_ERROR       None (--) [2 edit(s)]  
2025-01-24 11:01:52,403	[DEBUG]	patch(4-7)="LineLLMCrossover(('source.cpp', 8), '#include <iostream>\n#include <vector>\n#include <map>\n#include <limits>\n#include <unordered_map>\nusing namespace std;\n\n#define MAX 1000\n#define INF (1e9)\n\nstruct Edge {\n    int to, cost, c;\n    Edge(int to, int cost, int c) : to(to), cost(cost), c(c) {}\n};\n\nint main() {\n    int M, D, N, K;\n    int d[MAX][1 << 6];\n    while (cin >> M >> N >> K >> D, M) {\n        unordered_map<int, vector<Edge>> G;\n        vector<int> cake;\n        cake.reserve(M);\n        for (int i = 0; i < M; i++) {\n            int value;\n            cin >> value;\n            cake.push_back(value);\n        }\n        int idx = 0, c;\n        string a, b;\n        map<string, int> mp;\n        for (int i = 0; i < D; i++) {\n            cin >> a >> b >> c;\n            if (!mp.count(a)) mp[a] = idx++;\n            if (!mp.count(b)) mp[b] = idx++;\n            G[mp[b]].emplace_back(mp[a], c, (a[0] == \'C\') ? a[1] - \'1\' : -1);\n            G[mp[a]].emplace_back(mp[b], c, (b[0] == \'C\') ? b[1] - \'1\' : -1);\n        }\n\n        int s = mp["H"], t = mp["D"];\n        for (int i = 0; i < MAX; i++) {\n            fill(d[i], d[i] + (1 << 6), INF);\n        }\n        d[s][0] = 0;\n        bool update = true;\n\n        while (update) {\n            update = false;\n            for (int i = 0; i < (int)mp.size(); i++) {\n                for (auto &edge : G[i]) {\n                    for (int S = (1 << 6) - 1; S >= 0; S--) {\n                        int ncost = d[i][S];\n                        if (ncost == INF) continue;\n                        ncost += edge.cost * K;\n                        if (edge.c == -1) {\n                            if (ncost < d[edge.to][S]) {\n                                d[edge.to][S] = ncost;\n                                update = true;\n                            }\n                        } else {\n                            if (S >> edge.c & 1) continue;\n                            if (ncost - cake[edge.c] < d[edge.to][S | (1 << edge.c)]) {\n                                d[edge.to][S | (1 << edge.c)] = ncost - cake[edge.c];\n                                update = true;\n                            }\n                        }\n                    }\n                }\n            }\n        }\n\n        int res = INF;\n        for (int i = 0; i < (1 << 6); i++) {\n            res = min(res, d[t][i]);\n        }\n\n        cout << res << endl;\n    }\n    return 0;\n}') | LineLLMMutation(('source.cpp', 22), '#include <iostream>\n#include <vector>\n#include <limits>\nusing namespace std;\n\n#define MAX 1000\n#define INF (1e9)\n\nstruct Edge {\n    int to, cost, c;\n    Edge(int to, int cost, int c) : to(to), cost(cost), c(c) {}\n};\n\nint main() {\n    int M, D, N, K;\n    int d[MAX][1 << 6];\n    while (cin >> M >> N >> K >> D, M) {\n        vector<vector<Edge>> G(MAX); // Changed to vector of vectors\n        vector<int> cake;\n        cake.reserve(M);\n        for (int i = 0; i < M; i++) {\n            int value;\n            cin >> value;\n            cake.push_back(value);\n        }\n        \n        int idx = 0, c;\n        string a, b;\n        vector<string> mp(200); // Assuming a reasonable upper bound for unique strings\n        for (int i = 0; i < D; i++) {\n            cin >> a >> b >> c;\n            if (mp[stoi(a.substr(1))] == "") mp[stoi(a.substr(1))] = a;\n            if (mp[stoi(b.substr(1))] == "") mp[stoi(b.substr(1))] = b;\n            G[stoi(b.substr(1))].emplace_back(stoi(a.substr(1)), c, (a[0] == \'C\') ? a[1] - \'1\' : -1);\n            G[stoi(a.substr(1))].emplace_back(stoi(b.substr(1)), c, (b[0] == \'C\') ? b[1] - \'1\' : -1);\n        }\n\n        int s = stoi(mp[0].substr(1)), t = stoi(mp[1].substr(1)); // Assuming "H" and "D" correspond to indices\n        for (int i = 0; i < MAX; i++) {\n            fill(d[i], d[i] + (1 << 6), INF);\n        }\n        d[s][0] = 0;\n        bool update = true;\n\n        while (update) {\n            update = false;\n            for (int i = 0; i < MAX; i++) {\n                for (auto &edge : G[i]) {\n                    for (int S = (1 << 6) - 1; S >= 0; S--) {\n                        int ncost = d[i][S];\n                        if (ncost == INF) continue;\n                        ncost += edge.cost * K;\n                        if (edge.c == -1) {\n                            if (ncost < d[edge.to][S]) {\n                                d[edge.to][S] = ncost;\n                                update = true;\n                            }\n                        } else {\n                            if (S >> edge.c & 1) continue;\n                            if (ncost - cake[edge.c] < d[edge.to][S | (1 << edge.c)]) {\n                                d[edge.to][S | (1 << edge.c)] = ncost - cake[edge.c];\n                                update = true;\n                            }\n                        }\n                    }\n                }\n            }\n        }\n\n        int res = INF;\n        for (int i = 0; i < (1 << 6); i++) {\n            res = min(res, d[t][i]);\n        }\n\n        cout << res << endl;\n    }\n    return 0;\n}')"
2025-01-24 11:01:52,403	[INFO]	Step: 47
2025-01-24 11:01:52,403	[INFO]	Stop Steps: 100
2025-01-24 11:01:52,668	[INFO]	4-8     COMPILE_CODE_ERROR    None (--) [3 edit(s)]  
2025-01-24 11:01:52,669	[DEBUG]	patch(4-8)="LineLLMMutation(('source.cpp', 5), '#include <iostream>\n#include <vector>\n#include <map>\n#include <limits>\nusing namespace std;\n\n#define MAX 1000\n#define INF (1e9)\n\nstruct Edge{\n    int to, cost, c;\n    Edge(int to, int cost, int c) : to(to), cost(cost), c(c) {}\n};\n\nint main(){\n    int M, D, N, K;\n    int d[MAX][1<<6];\n    while(cin >> M >> N >> K >> D, M){\n        vector<Edge> G[MAX];\n        vector<int> cake;\n        cake.reserve(M); // Reserve space for cake vector\n        for(int i = 0 ; i < M ; i++){\n            int value;\n            cin >> value;\n            cake.push_back(value);\n        }\n        int idx = 0, c;\n        string a, b;\n        map<string, int> mp;\n        for(int i = 0 ; i < D ; i++){\n            cin >> a >> b >> c;\n            if(!mp.count(a)) mp[a] = idx++;\n            if(!mp.count(b)) mp[b] = idx++;\n            if(a[0] == \'C\'){\n                G[mp[b]].push_back(Edge(mp[a], c, a[1]-\'1\'));\n            }else{\n                G[mp[b]].push_back(Edge(mp[a], c, -1));\n            }\n            if(b[0] == \'C\'){\n                G[mp[a]].push_back(Edge(mp[b], c, b[1]-\'1\'));\n            }else{\n                G[mp[a]].push_back(Edge(mp[b], c, -1));\n            }\n        }\n\n        int s = mp["H"], t = mp["D"];\n        for(int i = 0 ; i < MAX ; i++){\n            fill(d[i], d[i] + (1 << 6), INF);\n        }\n        d[s][0] = 0;\n        bool update = true;\n\n        while(update){\n            update = false;\n            for(int i = 0 ; i < (int)mp.size() ; i++){\n                for(int j = 0 ; j < (int)G[i].size() ; j++){\n                    Edge e = G[i][j];\n                    for(int S = (1 << 6) - 1 ; S >= 0 ; S--){\n                        int ncost = d[i][S];\n                        if(ncost == INF) continue;\n                        ncost += e.cost * K;\n                        if(e.c == -1){\n                            if(ncost < d[e.to][S]){\n                                d[e.to][S] = ncost;\n                                update = true;\n                            }\n                        }else{\n                            if(S >> e.c & 1) continue;\n                            if(ncost - cake[e.c] < d[e.to][S | (1 << e.c)]){\n                                d[e.to][S | (1 << e.c)] = ncost - cake[e.c];\n                                update = true;\n                            }\n                        }\n                    }\n                }\n            }\n        }\n\n        int res = INF;\n        for(int i = 0 ; i < (1 << 6) ; i++){\n            res = min(res, d[t][i]);\n        }\n\n        cout << res << endl;\n    }\n    return 0;\n}') | LineLLMMutation(('source.cpp', 11), '#include <iostream>\n#include <vector>\n#include <map>\n#include <limits>\n#include <unordered_map>\nusing namespace std;\n\n#define MAX 1000\n#define INF (1e9)\n\nstruct Edge{\n    int to, cost, c;\n    Edge(int to, int cost, int c) : to(to), cost(cost), c(c) {}\n};\n\nint main(){\n    int M, D, N, K;\n    int d[MAX][1<<6];\n    while(cin >> M >> N >> K >> D, M){\n        unordered_map<int, vector<Edge>> G; // Changed to unordered_map for dynamic graph\n        vector<int> cake;\n        cake.reserve(M); \n        for(int i = 0 ; i < M ; i++){\n            int value;\n            cin >> value;\n            cake.push_back(value);\n        }\n        int idx = 0, c;\n        string a, b;\n        map<string, int> mp;\n        for(int i = 0 ; i < D ; i++){\n            cin >> a >> b >> c;\n            if(!mp.count(a)) mp[a] = idx++;\n            if(!mp.count(b)) mp[b] = idx++;\n            if(a[0] == \'C\'){\n                G[mp[b]].emplace_back(mp[a], c, a[1]-\'1\');\n            }else{\n                G[mp[b]].emplace_back(mp[a], c, -1);\n            }\n            if(b[0] == \'C\'){\n                G[mp[a]].emplace_back(mp[b], c, b[1]-\'1\');\n            }else{\n                G[mp[a]].emplace_back(mp[b], c, -1);\n            }\n        }\n\n        int s = mp["H"], t = mp["D"];\n        for(int i = 0 ; i < MAX ; i++){\n            fill(d[i], d[i] + (1 << 6), INF);\n        }\n        d[s][0] = 0;\n        bool update = true;\n\n        while(update){\n            update = false;\n            for(int i = 0 ; i < (int)mp.size() ; i++){\n                for(auto &edge : G[i]){ // Using range-based for loop\n                    for(int S = (1 << 6) - 1 ; S >= 0 ; S--){\n                        int ncost = d[i][S];\n                        if(ncost == INF) continue;\n                        ncost += edge.cost * K;\n                        if(edge.c == -1){\n                            if(ncost < d[edge.to][S]){\n                                d[edge.to][S] = ncost;\n                                update = true;\n                            }\n                        }else{\n                            if(S >> edge.c & 1) continue;\n                            if(ncost - cake[edge.c] < d[edge.to][S | (1 << edge.c)]){\n                                d[edge.to][S | (1 << edge.c)] = ncost - cake[edge.c];\n                                update = true;\n                            }\n                        }\n                    }\n                }\n            }\n        }\n\n        int res = INF;\n        for(int i = 0 ; i < (1 << 6) ; i++){\n            res = min(res, d[t][i]);\n        }\n\n        cout << res << endl;\n    }\n    return 0;\n}') | LineLLMMutation(('source.cpp', 23), '#include <iostream>\n#include <vector>\n#include <limits>\nusing namespace std;\n\n#define MAX 1000\n#define INF (1e9)\n\nstruct Edge{\n    int to, cost, c;\n    Edge(int to, int cost, int c) : to(to), cost(cost), c(c) {}\n};\n\nint main(){\n    int M, D, N, K;\n    int d[MAX][1<<6];\n    while(cin >> M >> N >> K >> D, M){\n        vector<vector<Edge>> G(MAX); // Use vector of vectors for graph representation\n        vector<int> cake;\n        cake.reserve(M); \n        for(int i = 0 ; i < M ; i++){\n            int value;\n            cin >> value;\n            cake.push_back(value);\n        }\n        int idx = 0, c;\n        string a, b;\n        map<string, int> mp;\n        for(int i = 0 ; i < D ; i++){\n            cin >> a >> b >> c;\n            if(!mp.count(a)) mp[a] = idx++;\n            if(!mp.count(b)) mp[b] = idx++;\n            if(a[0] == \'C\'){\n                G[mp[b]].emplace_back(mp[a], c, a[1]-\'1\');\n            }else{\n                G[mp[b]].emplace_back(mp[a], c, -1);\n            }\n            if(b[0] == \'C\'){\n                G[mp[a]].emplace_back(mp[b], c, b[1]-\'1\');\n            }else{\n                G[mp[a]].emplace_back(mp[b], c, -1);\n            }\n        }\n\n        int s = mp["H"], t = mp["D"];\n        for(int i = 0 ; i < MAX ; i++){\n            fill(d[i], d[i] + (1 << 6), INF);\n        }\n        d[s][0] = 0;\n        bool update = true;\n\n        while(update){\n            update = false;\n            for(int i = 0 ; i < (int)mp.size() ; i++){\n                for(auto &edge : G[i]){ // Using range-based for loop\n                    for(int S = (1 << 6) - 1 ; S >= 0 ; S--){\n                        int ncost = d[i][S];\n                        if(ncost == INF) continue;\n                        ncost += edge.cost * K;\n                        if(edge.c == -1){\n                            if(ncost < d[edge.to][S]){\n                                d[edge.to][S] = ncost;\n                                update = true;\n                            }\n                        }else{\n                            if(S >> edge.c & 1) continue;\n                            if(ncost - cake[edge.c] < d[edge.to][S | (1 << edge.c)]){\n                                d[edge.to][S | (1 << edge.c)] = ncost - cake[edge.c];\n                                update = true;\n                            }\n                        }\n                    }\n                }\n            }\n        }\n\n        int res = INF;\n        for(int i = 0 ; i < (1 << 6) ; i++){\n            res = min(res, d[t][i]);\n        }\n\n        cout << res << endl;\n    }\n    return 0;\n}')"
2025-01-24 11:01:52,669	[INFO]	Step: 48
2025-01-24 11:01:52,669	[INFO]	Stop Steps: 100
2025-01-24 11:01:53,505	[DEBUG]	EXEC>  SUCCESS 2909214.0625
2025-01-24 11:01:53,505	[INFO]	4-9     SUCCESS               2909214.06 (100.50%) [3 edit(s)]  
2025-01-24 11:01:53,505	[DEBUG]	patch(4-9)="LineLLMCrossover(('source.cpp', 3), '#include <iostream>\n#include <vector>\n#include <map>\n#include <limits>\nusing namespace std;\n\n#define MAX 1000\n#define INF (1e9)\n\nstruct Edge{\n    int to, cost, c;\n    Edge(int to, int cost, int c) : to(to), cost(cost), c(c) {}\n};\n\nint main(){\n    int M, D, N, K;\n    int d[MAX][1<<6];\n    while(cin >> M >> N >> K >> D, M){\n        vector<Edge> G[MAX];\n        vector<int> cake; // Memory-efficient vector\n        cake.reserve(M); // Reserve space for cake vector\n        for(int i = 0 ; i < M ; i++){\n            int value;\n            cin >> value;\n            cake.push_back(value);\n        }\n        int idx = 0, c;\n        string a, b;\n        map<string, int> mp;\n        for(int i = 0 ; i < D ; i++){\n            cin >> a >> b >> c;\n            if(!mp.count(a)) mp[a] = idx++;\n            if(!mp.count(b)) mp[b] = idx++;\n            if(a[0] == \'C\'){\n                G[mp[b]].push_back(Edge(mp[a], c, a[1]-\'1\'));\n            }else{\n                G[mp[b]].push_back(Edge(mp[a], c, -1));\n            }\n            if(b[0] == \'C\'){\n                G[mp[a]].push_back(Edge(mp[b], c, b[1]-\'1\'));\n            }else{\n                G[mp[a]].push_back(Edge(mp[b], c, -1));\n            }\n        }\n\n        int s = mp["H"], t = mp["D"];\n        for(int i = 0 ; i < MAX ; i++){\n            fill(d[i], d[i] + (1 << 6), INF);\n        }\n        d[s][0] = 0;\n        bool update = true;\n\n        while(update){\n            update = false;\n            for(int i = 0 ; i < (int)mp.size() ; i++){\n                for(int j = 0 ; j < (int)G[i].size() ; j++){\n                    Edge e = G[i][j];\n                    for(int S = (1 << 6) - 1 ; S >= 0 ; S--){\n                        int ncost = d[i][S];\n                        if(ncost == INF) continue;\n                        ncost += e.cost * K;\n                        if(e.c == -1){\n                            if(ncost < d[e.to][S]){\n                                d[e.to][S] = ncost;\n                                update = true;\n                            }\n                        }else{\n                            if(S >> e.c & 1) continue;\n                            if(ncost - cake[e.c] < d[e.to][S | (1 << e.c)]){\n                                d[e.to][S | (1 << e.c)] = ncost - cake[e.c];\n                                update = true;\n                            }\n                        }\n                    }\n                }\n            }\n        }\n\n        int res = INF;\n        for(int i = 0 ; i < (1 << 6) ; i++){\n            res = min(res, d[t][i]);\n        }\n\n        cout << res << endl;\n    }\n    return 0;\n}') | LineLLMMutation(('source.cpp', 17), '#include <iostream>\n#include <vector>\n#include <map>\n#include <limits>\n#include <queue>\nusing namespace std;\n\n#define MAX 1000\n#define INF (1e9)\n\nstruct Edge {\n    int to, cost, c;\n    Edge(int to, int cost, int c) : to(to), cost(cost), c(c) {}\n};\n\nint main() {\n    int M, D, N, K;\n    int d[MAX][1 << 6];\n    while (cin >> M >> N >> K >> D, M) {\n        vector<Edge> G[MAX];\n        vector<int> cake;\n        cake.reserve(M);\n        for (int i = 0; i < M; i++) {\n            int value;\n            cin >> value;\n            cake.push_back(value);\n        }\n        int idx = 0, c;\n        string a, b;\n        map<string, int> mp;\n        for (int i = 0; i < D; i++) {\n            cin >> a >> b >> c;\n            if (!mp.count(a)) mp[a] = idx++;\n            if (!mp.count(b)) mp[b] = idx++;\n            G[mp[a]].push_back(Edge(mp[b], c, (a[0] == \'C\') ? a[1] - \'1\' : -1));\n            G[mp[b]].push_back(Edge(mp[a], c, (b[0] == \'C\') ? b[1] - \'1\' : -1));\n        }\n\n        int s = mp["H"], t = mp["D"];\n        fill(&d[0][0], &d[0][0] + MAX * (1 << 6), INF);\n        d[s][0] = 0;\n        bool update = true;\n\n        while (update) {\n            update = false;\n            for (int i = 0; i < (int)mp.size(); i++) {\n                for (const Edge& e : G[i]) {\n                    for (int S = (1 << 6) - 1; S >= 0; S--) {\n                        int ncost = d[i][S];\n                        if (ncost == INF) continue;\n                        ncost += e.cost * K;\n                        if (e.c == -1) {\n                            if (ncost < d[e.to][S]) {\n                                d[e.to][S] = ncost;\n                                update = true;\n                            }\n                        } else {\n                            if (S >> e.c & 1) continue;\n                            if (ncost - cake[e.c] < d[e.to][S | (1 << e.c)]) {\n                                d[e.to][S | (1 << e.c)] = ncost - cake[e.c];\n                                update = true;\n                            }\n                        }\n                    }\n                }\n            }\n        }\n\n        int res = INF;\n        for (int i = 0; i < (1 << 6); i++) {\n            res = min(res, d[t][i]);\n        }\n\n        cout << res << endl;\n    }\n    return 0;\n}') | LineLLMMutation(('source.cpp', 24), '#include <iostream>\n#include <vector>\n#include <map>\n#include <limits>\n#include <queue>\nusing namespace std;\n\n#define MAX 1000\n#define INF (1e9)\n\nstruct Edge {\n    int to, cost, c;\n    Edge(int to, int cost, int c) : to(to), cost(cost), c(c) {}\n};\n\nint main() {\n    int M, D, N, K;\n    int d[MAX][1 << 6];\n    while (cin >> M >> N >> K >> D, M) {\n        vector<Edge> G[MAX];\n        vector<int> cake(M);\n        for (int i = 0; i < M; i++) {\n            cin >> cake[i];\n        }\n        int idx = 0, c;\n        string a, b;\n        map<string, int> mp;\n        for (int i = 0; i < D; i++) {\n            cin >> a >> b >> c;\n            if (!mp.count(a)) mp[a] = idx++;\n            if (!mp.count(b)) mp[b] = idx++;\n            G[mp[a]].emplace_back(mp[b], c, (a[0] == \'C\') ? a[1] - \'1\' : -1);\n            G[mp[b]].emplace_back(mp[a], c, (b[0] == \'C\') ? b[1] - \'1\' : -1);\n        }\n\n        int s = mp["H"], t = mp["D"];\n        // Optimizing the initialization of the distance array\n        fill(&d[0][0], &d[0][0] + MAX * (1 << 6), INF);\n        d[s][0] = 0;\n        bool update = true;\n\n        while (update) {\n            update = false;\n            for (int i = 0; i < (int)mp.size(); i++) {\n                for (const Edge& e : G[i]) {\n                    for (int S = (1 << 6) - 1; S >= 0; S--) {\n                        int ncost = d[i][S];\n                        if (ncost == INF) continue;\n                        ncost += e.cost * K;\n                        if (e.c == -1) {\n                            if (ncost < d[e.to][S]) {\n                                d[e.to][S] = ncost;\n                                update = true;\n                            }\n                        } else {\n                            if (S >> e.c & 1) continue;\n                            if (ncost - cake[e.c] < d[e.to][S | (1 << e.c)]) {\n                                d[e.to][S | (1 << e.c)] = ncost - cake[e.c];\n                                update = true;\n                            }\n                        }\n                    }\n                }\n            }\n        }\n\n        int res = INF;\n        for (int i = 0; i < (1 << 6); i++) {\n            res = min(res, d[t][i]);\n        }\n\n        cout << res << endl;\n    }\n    return 0;\n}')"
2025-01-24 11:01:53,505	[INFO]	Step: 49
2025-01-24 11:01:53,505	[INFO]	Stop Steps: 100
2025-01-24 11:01:53,765	[INFO]	4-10    COMPILE_CODE_ERROR    None (--) [2 edit(s)]  
2025-01-24 11:01:53,766	[DEBUG]	patch(4-10)="LineLLMCrossover(('source.cpp', 10), '#include <iostream>\n#include <vector>\n#include <limits>\n#include <map>\nusing namespace std;\n\n#define MAX 1000\n#define INF (1e9)\n\nstruct Edge {\n    int to, cost, c;\n    Edge(int to, int cost, int c) : to(to), cost(cost), c(c) {}\n};\n\nint main() {\n    int M, D, N, K;\n    int d[MAX][1 << 6];\n    while (cin >> M >> N >> K >> D, M) {\n        vector<Edge> G[MAX];\n        vector<int> cake;\n        cake.reserve(M);\n        for (int i = 0; i < M; i++) {\n            int value;\n            cin >> value;\n            cake.push_back(value);\n        }\n        int idx = 0, c;\n        string a, b;\n        map<string, int> mp;\n        for (int i = 0; i < D; i++) {\n            cin >> a >> b >> c;\n            if (!mp.count(a)) mp[a] = idx++;\n            if (!mp.count(b)) mp[b] = idx++;\n            G[mp[a]].push_back(Edge(mp[b], c, (a[0] == \'C\') ? a[1] - \'1\' : -1));\n            G[mp[b]].push_back(Edge(mp[a], c, (b[0] == \'C\') ? b[1] - \'1\' : -1));\n        }\n\n        int s = mp["H"], t = mp["D"];\n        for (int i = 0; i < MAX; i++) {\n            fill(d[i], d[i] + (1 << 6), INF);\n        }\n        d[s][0] = 0;\n        bool update = true;\n\n        while (update) {\n            update = false;\n            for (int i = 0; i < (int)mp.size(); i++) {\n                for (auto &edge : G[i]) {\n                    for (int S = (1 << 6) - 1; S >= 0; S--) {\n                        int ncost = d[i][S];\n                        if (ncost == INF) continue;\n                        ncost += edge.cost * K;\n                        if (edge.c == -1) {\n                            if (ncost < d[edge.to][S]) {\n                                d[edge.to][S] = ncost;\n                                update = true;\n                            }\n                        } else {\n                            if (S >> edge.c & 1) continue;\n                            if (ncost - cake[edge.c] < d[edge.to][S | (1 << edge.c)]) {\n                                d[edge.to][S | (1 << edge.c)] = ncost - cake[edge.c];\n                                update = true;\n                            }\n                        }\n                    }\n                }\n            }\n        }\n\n        int res = INF;\n        for (int i = 0; i < (1 << 6); i++) {\n            res = min(res, d[t][i]);\n        }\n\n        cout << res << endl;\n    }\n    return 0;\n}') | LineLLMMutation(('source.cpp', 25), '#include <iostream>\n#include <vector>\n#include <limits>\nusing namespace std;\n\n#define MAX 1000\n#define INF (1e9)\n\nstruct Edge {\n    int to, cost, c;\n    Edge(int to, int cost, int c) : to(to), cost(cost), c(c) {}\n};\n\nint main() {\n    int M, D, N, K;\n    int d[MAX][1 << 6];\n    while (cin >> M >> N >> K >> D, M) {\n        vector<Edge> G[MAX];\n        vector<int> cake(M);\n        for (int i = 0; i < M; i++) {\n            cin >> cake[i];\n        }\n\n        vector<string> nodes;\n        nodes.reserve(2 * D); // Assuming no more than 2 edges per node\n        string a, b;\n        for (int i = 0; i < D; i++) {\n            cin >> a >> b;\n            int idxA = find(nodes.begin(), nodes.end(), a) - nodes.begin();\n            if (idxA == nodes.size()) nodes.push_back(a);\n            int idxB = find(nodes.begin(), nodes.end(), b) - nodes.begin();\n            if (idxB == nodes.size()) nodes.push_back(b);\n            int c;\n            cin >> c;\n            G[idxA].push_back(Edge(idxB, c, (a[0] == \'C\') ? a[1] - \'1\' : -1));\n            G[idxB].push_back(Edge(idxA, c, (b[0] == \'C\') ? b[1] - \'1\' : -1));\n        }\n\n        int s = distance(nodes.begin(), find(nodes.begin(), nodes.end(), "H"));\n        int t = distance(nodes.begin(), find(nodes.begin(), nodes.end(), "D"));\n        for (int i = 0; i < MAX; i++) {\n            fill(d[i], d[i] + (1 << 6), INF);\n        }\n        d[s][0] = 0;\n        bool update = true;\n\n        while (update) {\n            update = false;\n            for (int i = 0; i < nodes.size(); i++) {\n                for (auto &edge : G[i]) {\n                    for (int S = (1 << 6) - 1; S >= 0; S--) {\n                        int ncost = d[i][S];\n                        if (ncost == INF) continue;\n                        ncost += edge.cost * K;\n                        if (edge.c == -1) {\n                            if (ncost < d[edge.to][S]) {\n                                d[edge.to][S] = ncost;\n                                update = true;\n                            }\n                        } else {\n                            if (S >> edge.c & 1) continue;\n                            if (ncost - cake[edge.c] < d[edge.to][S | (1 << edge.c)]) {\n                                d[edge.to][S | (1 << edge.c)] = ncost - cake[edge.c];\n                                update = true;\n                            }\n                        }\n                    }\n                }\n            }\n        }\n\n        int res = INF;\n        for (int i = 0; i < (1 << 6); i++) {\n            res = min(res, d[t][i]);\n        }\n\n        cout << res << endl;\n    }\n    return 0;\n}')"
2025-01-24 11:01:53,766	[INFO]	Step: 50
2025-01-24 11:01:53,766	[INFO]	Stop Steps: 100
2025-01-24 11:01:56,014	[DEBUG]	EXEC>  SUCCESS 2911075.3125
2025-01-24 11:01:56,015	[INFO]	REF     SUCCESS               2911075.31 (--) [0 edit(s)]  
2025-01-24 11:01:56,015	[INFO]	Best patch: 8
2025-01-24 11:01:56,924	[DEBUG]	EXEC>  SUCCESS 2868726.5625
2025-01-24 11:01:56,924	[INFO]	BEST    SUCCESS              *2868726.56 (98.55%) [0 edit(s)]  
2025-01-24 11:01:56,924	[INFO]	Best patch step: 40
2025-01-24 11:04:37,854	[INFO]	Step: 50
2025-01-24 11:04:37,854	[INFO]	Stop Steps: 100
2025-01-24 11:04:38,884	[DEBUG]	EXEC>  SUCCESS 2865943.0625
2025-01-24 11:04:38,884	[INFO]	5-1     SUCCESS              *2865943.06 (98.45%) [1 edit(s)]  
2025-01-24 11:04:38,884	[DEBUG]	patch(5-1)="LineLLMCrossover(('source.cpp', 8), '#include <iostream>\n#include <vector>\n#include <map>\n#include <limits>\n#include <unordered_map>\nusing namespace std;\n\n#define MAX 1000\n#define INF (1e9)\n\nstruct Edge {\n    int to, cost, c;\n    Edge(int to, int cost, int c) : to(to), cost(cost), c(c) {}\n};\n\nint main() {\n    int M, D, N, K;\n    int d[MAX][1 << 6];\n    while (cin >> M >> N >> K >> D, M) {\n        unordered_map<int, vector<Edge>> G;\n        vector<int> cake;\n        cake.reserve(M);\n        for (int i = 0; i < M; i++) {\n            int value;\n            cin >> value;\n            cake.push_back(value);\n        }\n        int idx = 0, c;\n        string a, b;\n        map<string, int> mp;\n        for (int i = 0; i < D; i++) {\n            cin >> a >> b >> c;\n            if (!mp.count(a)) mp[a] = idx++;\n            if (!mp.count(b)) mp[b] = idx++;\n            G[mp[b]].emplace_back(mp[a], c, (a[0] == \'C\') ? a[1] - \'1\' : -1);\n            G[mp[a]].emplace_back(mp[b], c, (b[0] == \'C\') ? b[1] - \'1\' : -1);\n        }\n\n        int s = mp["H"], t = mp["D"];\n        for (int i = 0; i < MAX; i++) {\n            fill(d[i], d[i] + (1 << 6), INF);\n        }\n        d[s][0] = 0;\n        bool update = true;\n\n        while (update) {\n            update = false;\n            for (int i = 0; i < (int)mp.size(); i++) {\n                for (auto &edge : G[i]) {\n                    for (int S = (1 << 6) - 1; S >= 0; S--) {\n                        int ncost = d[i][S];\n                        if (ncost == INF) continue;\n                        ncost += edge.cost * K;\n                        if (edge.c == -1) {\n                            if (ncost < d[edge.to][S]) {\n                                d[edge.to][S] = ncost;\n                                update = true;\n                            }\n                        } else {\n                            if (S >> edge.c & 1) continue;\n                            if (ncost - cake[edge.c] < d[edge.to][S | (1 << edge.c)]) {\n                                d[edge.to][S | (1 << edge.c)] = ncost - cake[edge.c];\n                                update = true;\n                            }\n                        }\n                    }\n                }\n            }\n        }\n\n        int res = INF;\n        for (int i = 0; i < (1 << 6); i++) {\n            res = min(res, d[t][i]);\n        }\n\n        cout << res << endl;\n    }\n    return 0;\n}')"

2025-01-24 11:04:38,884	[INFO]	Step: 51
2025-01-24 11:04:38,884	[INFO]	Stop Steps: 100
2025-01-24 11:04:39,798	[DEBUG]	EXEC>  SUCCESS 2883710.625
2025-01-24 11:04:39,798	[INFO]	5-2     SUCCESS               2883710.62 (99.06%) [1 edit(s)]  
2025-01-24 11:04:39,798	[DEBUG]	patch(5-2)="LineLLMCrossover(('source.cpp', 12), '#include <iostream>\n#include <vector>\n#include <map>\n#include <limits>\n#include <unordered_map>\nusing namespace std;\n\n#define MAX 1000\n#define INF (1e9)\n\nstruct Edge {\n    int to, cost, c;\n    Edge(int to, int cost, int c) : to(to), cost(cost), c(c) {}\n};\n\nint main() {\n    int M, D, N, K;\n    int d[MAX][1 << 6];\n    while (cin >> M >> N >> K >> D, M) {\n        unordered_map<int, vector<Edge>> G;\n        vector<int> cake;\n        cake.reserve(M);\n        for (int i = 0; i < M; i++) {\n            int value;\n            cin >> value;\n            cake.push_back(value);\n        }\n        int idx = 0, c;\n        string a, b;\n        map<string, int> mp;\n        for (int i = 0; i < D; i++) {\n            cin >> a >> b >> c;\n            if (!mp.count(a)) mp[a] = idx++;\n            if (!mp.count(b)) mp[b] = idx++;\n            G[mp[b]].emplace_back(mp[a], c, (a[0] == \'C\') ? a[1] - \'1\' : -1);\n            G[mp[a]].emplace_back(mp[b], c, (b[0] == \'C\') ? b[1] - \'1\' : -1);\n        }\n\n        int s = mp["H"], t = mp["D"];\n        for (int i = 0; i < MAX; i++) {\n            fill(d[i], d[i] + (1 << 6), INF);\n        }\n        d[s][0] = 0;\n        bool update = true;\n\n        while (update) {\n            update = false;\n            for (int i = 0; i < (int)mp.size(); i++) {\n                for (auto &edge : G[i]) {\n                    for (int S = (1 << 6) - 1; S >= 0; S--) {\n                        int ncost = d[i][S];\n                        if (ncost == INF) continue;\n                        ncost += edge.cost * K;\n                        if (edge.c == -1) {\n                            if (ncost < d[edge.to][S]) {\n                                d[edge.to][S] = ncost;\n                                update = true;\n                            }\n                        } else {\n                            if (S >> edge.c & 1) continue;\n                            if (ncost - cake[edge.c] < d[edge.to][S | (1 << edge.c)]) {\n                                d[edge.to][S | (1 << edge.c)] = ncost - cake[edge.c];\n                                update = true;\n                            }\n                        }\n                    }\n                }\n            }\n        }\n\n        int res = INF;\n        for (int i = 0; i < (1 << 6); i++) {\n            res = min(res, d[t][i]);\n        }\n\n        cout << res << endl;\n    }\n    return 0;\n}')"
2025-01-24 11:04:39,798	[INFO]	Step: 52
2025-01-24 11:04:39,798	[INFO]	Stop Steps: 100
2025-01-24 11:04:40,700	[DEBUG]	EXEC>  SUCCESS 2848223.3125
2025-01-24 11:04:40,701	[INFO]	5-3     SUCCESS              *2848223.31 (97.84%) [1 edit(s)]  
2025-01-24 11:04:40,701	[DEBUG]	patch(5-3)="LineLLMCrossover(('source.cpp', 16), '#include <iostream>\n#include <vector>\n#include <map>\n#include <limits>\n#include <unordered_map>\nusing namespace std;\n\n#define MAX 1000\n#define INF (1e9)\n\nstruct Edge {\n    int to, cost, c;\n    Edge(int to, int cost, int c) : to(to), cost(cost), c(c) {}\n};\n\nint main() {\n    int M, D, N, K;\n    int d[MAX][1 << 6];\n    while (cin >> M >> N >> K >> D, M) {\n        unordered_map<int, vector<Edge>> G;\n        vector<int> cake;\n        cake.reserve(M);\n        for (int i = 0; i < M; i++) {\n            int value;\n            cin >> value;\n            cake.push_back(value);\n        }\n        int idx = 0, c;\n        string a, b;\n        map<string, int> mp;\n        for (int i = 0; i < D; i++) {\n            cin >> a >> b >> c;\n            if (!mp.count(a)) mp[a] = idx++;\n            if (!mp.count(b)) mp[b] = idx++;\n            G[mp[a]].emplace_back(mp[b], c, (a[0] == \'C\') ? a[1] - \'1\' : -1);\n            G[mp[b]].emplace_back(mp[a], c, (b[0] == \'C\') ? b[1] - \'1\' : -1);\n        }\n\n        int s = mp["H"], t = mp["D"];\n        for (int i = 0; i < MAX; i++) {\n            fill(d[i], d[i] + (1 << 6), INF);\n        }\n        d[s][0] = 0;\n        bool update = true;\n\n        while (update) {\n            update = false;\n            for (int i = 0; i < (int)mp.size(); i++) {\n                for (auto &edge : G[i]) {\n                    for (int S = (1 << 6) - 1; S >= 0; S--) {\n                        int ncost = d[i][S];\n                        if (ncost == INF) continue;\n                        ncost += edge.cost * K;\n                        if (edge.c == -1) {\n                            if (ncost < d[edge.to][S]) {\n                                d[edge.to][S] = ncost;\n                                update = true;\n                            }\n                        } else {\n                            if (S >> edge.c & 1) continue;\n                            if (ncost - cake[edge.c] < d[edge.to][S | (1 << edge.c)]) {\n                                d[edge.to][S | (1 << edge.c)] = ncost - cake[edge.c];\n                                update = true;\n                            }\n                        }\n                    }\n                }\n            }\n        }\n\n        int res = INF;\n        for (int i = 0; i < (1 << 6); i++) {\n            res = min(res, d[t][i]);\n        }\n\n        cout << res << endl;\n    }\n    return 0;\n}')"

2025-01-24 11:04:40,701	[INFO]	Step: 53
2025-01-24 11:04:40,701	[INFO]	Stop Steps: 100
2025-01-24 11:04:41,565	[DEBUG]	EXEC>  SUCCESS 2923548.5
2025-01-24 11:04:41,565	[INFO]	5-4     SUCCESS               2923548.50 (100.43%) [1 edit(s)]  
2025-01-24 11:04:41,565	[DEBUG]	patch(5-4)="LineLLMCrossover(('source.cpp', 17), '#include <iostream>\n#include <vector>\n#include <map>\n#include <limits>\n#include <unordered_map>\nusing namespace std;\n\n#define MAX 1000\n#define INF (1e9)\n\nstruct Edge {\n    int to, cost, c;\n    Edge(int to, int cost, int c) : to(to), cost(cost), c(c) {}\n};\n\nint main() {\n    int M, D, N, K;\n    int d[MAX][1 << 6];\n    while (cin >> M >> N >> K >> D, M) {\n        vector<Edge> G[MAX];\n        vector<int> cake;\n        cake.reserve(M);\n        for (int i = 0; i < M; i++) {\n            int value;\n            cin >> value;\n            cake.push_back(value);\n        }\n        int idx = 0, c;\n        string a, b;\n        map<string, int> mp;\n        for (int i = 0; i < D; i++) {\n            cin >> a >> b >> c;\n            if (!mp.count(a)) mp[a] = idx++;\n            if (!mp.count(b)) mp[b] = idx++;\n            G[mp[a]].emplace_back(mp[b], c, (a[0] == \'C\') ? a[1] - \'1\' : -1);\n            G[mp[b]].emplace_back(mp[a], c, (b[0] == \'C\') ? b[1] - \'1\' : -1);\n        }\n\n        int s = mp["H"], t = mp["D"];\n        for (int i = 0; i < MAX; i++) {\n            fill(d[i], d[i] + (1 << 6), INF);\n        }\n        d[s][0] = 0;\n        bool update = true;\n\n        while (update) {\n            update = false;\n            for (int i = 0; i < (int)mp.size(); i++) {\n                for (const Edge& e : G[i]) {\n                    for (int S = (1 << 6) - 1; S >= 0; S--) {\n                        int ncost = d[i][S];\n                        if (ncost == INF) continue;\n                        ncost += e.cost * K;\n                        if (e.c == -1) {\n                            if (ncost < d[e.to][S]) {\n                                d[e.to][S] = ncost;\n                                update = true;\n                            }\n                        } else {\n                            if (S >> e.c & 1) continue;\n                            if (ncost - cake[e.c] < d[e.to][S | (1 << e.c)]) {\n                                d[e.to][S | (1 << e.c)] = ncost - cake[e.c];\n                                update = true;\n                            }\n                        }\n                    }\n                }\n            }\n        }\n\n        int res = INF;\n        for (int i = 0; i < (1 << 6); i++) {\n            res = min(res, d[t][i]);\n        }\n\n        cout << res << endl;\n    }\n    return 0;\n}')"
2025-01-24 11:04:41,565	[INFO]	Step: 54
2025-01-24 11:04:41,565	[INFO]	Stop Steps: 100
2025-01-24 11:04:42,482	[DEBUG]	EXEC>  SUCCESS 2896347.0625
2025-01-24 11:04:42,482	[INFO]	5-5     SUCCESS               2896347.06 (99.49%) [1 edit(s)]  
2025-01-24 11:04:42,482	[DEBUG]	patch(5-5)="LineLLMCrossover(('source.cpp', 18), '#include <iostream>\n#include <vector>\n#include <map>\n#include <limits>\n#include <unordered_map>\nusing namespace std;\n\n#define MAX 1000\n#define INF (1e9)\n\nstruct Edge {\n    int to, cost, c;\n    Edge(int to, int cost, int c) : to(to), cost(cost), c(c) {}\n};\n\nint main() {\n    int M, D, N, K;\n    int d[MAX][1 << 6];\n    while (cin >> M >> N >> K >> D, M) {\n        unordered_map<int, vector<Edge>> G;\n        vector<int> cake;\n        cake.reserve(M);\n        for (int i = 0; i < M; i++) {\n            int value;\n            cin >> value;\n            cake.push_back(value);\n        }\n        int idx = 0, c;\n        string a, b;\n        map<string, int> mp;\n        for (int i = 0; i < D; i++) {\n            cin >> a >> b >> c;\n            if (!mp.count(a)) mp[a] = idx++;\n            if (!mp.count(b)) mp[b] = idx++;\n            G[mp[a]].emplace_back(mp[b], c, (a[0] == \'C\') ? a[1] - \'1\' : -1);\n            G[mp[b]].emplace_back(mp[a], c, (b[0] == \'C\') ? b[1] - \'1\' : -1);\n        }\n\n        int s = mp["H"], t = mp["D"];\n        for (int i = 0; i < MAX; i++) {\n            fill(d[i], d[i] + (1 << 6), INF);\n        }\n        d[s][0] = 0;\n        bool update = true;\n\n        while (update) {\n            update = false;\n            for (int i = 0; i < (int)mp.size(); i++) {\n                for (auto &edge : G[i]) {\n                    for (int S = (1 << 6) - 1; S >= 0; S--) {\n                        int ncost = d[i][S];\n                        if (ncost == INF) continue;\n                        ncost += edge.cost * K;\n                        if (edge.c == -1) {\n                            if (ncost < d[edge.to][S]) {\n                                d[edge.to][S] = ncost;\n                                update = true;\n                            }\n                        } else {\n                            if (S >> edge.c & 1) continue;\n                            if (ncost - cake[edge.c] < d[edge.to][S | (1 << edge.c)]) {\n                                d[edge.to][S | (1 << edge.c)] = ncost - cake[edge.c];\n                                update = true;\n                            }\n                        }\n                    }\n                }\n            }\n        }\n\n        int res = INF;\n        for (int i = 0; i < (1 << 6); i++) {\n            res = min(res, d[t][i]);\n        }\n\n        cout << res << endl;\n    }\n    return 0;\n}')"
2025-01-24 11:04:42,482	[INFO]	Step: 55
2025-01-24 11:04:42,482	[INFO]	Stop Steps: 100
2025-01-24 11:04:43,395	[DEBUG]	EXEC>  SUCCESS 2848125.25
2025-01-24 11:04:43,395	[INFO]	5-6     SUCCESS              *2848125.25 (97.84%) [1 edit(s)]  
2025-01-24 11:04:43,396	[DEBUG]	patch(5-6)="LineLLMCrossover(('source.cpp', 19), '#include <iostream>\n#include <vector>\n#include <map>\n#include <limits>\n#include <unordered_map>\nusing namespace std;\n\n#define MAX 1000\n#define INF (1e9)\n\nstruct Edge {\n    int to, cost, c;\n    Edge(int to, int cost, int c) : to(to), cost(cost), c(c) {}\n};\n\nint main() {\n    int M, D, N, K;\n    int d[MAX][1 << 6];\n    while (cin >> M >> N >> K >> D, M) {\n        unordered_map<int, vector<Edge>> G;\n        vector<int> cake;\n        cake.reserve(M);\n        for (int i = 0; i < M; i++) {\n            int value;\n            cin >> value;\n            cake.push_back(value);\n        }\n        int idx = 0, c;\n        string a, b;\n        map<string, int> mp;\n        for (int i = 0; i < D; i++) {\n            cin >> a >> b >> c;\n            if (!mp.count(a)) mp[a] = idx++;\n            if (!mp.count(b)) mp[b] = idx++;\n            G[mp[b]].emplace_back(mp[a], c, (a[0] == \'C\') ? a[1] - \'1\' : -1);\n            G[mp[a]].emplace_back(mp[b], c, (b[0] == \'C\') ? b[1] - \'1\' : -1);\n        }\n\n        int s = mp["H"], t = mp["D"];\n        for (int i = 0; i < MAX; i++) {\n            fill(d[i], d[i] + (1 << 6), INF);\n        }\n        d[s][0] = 0;\n        bool update = true;\n\n        while (update) {\n            update = false;\n            for (int i = 0; i < (int)mp.size(); i++) {\n                for (auto &edge : G[i]) {\n                    for (int S = (1 << 6) - 1; S >= 0; S--) {\n                        int ncost = d[i][S];\n                        if (ncost == INF) continue;\n                        ncost += edge.cost * K;\n                        if (edge.c == -1) {\n                            if (ncost < d[edge.to][S]) {\n                                d[edge.to][S] = ncost;\n                                update = true;\n                            }\n                        } else {\n                            if (S >> edge.c & 1) continue;\n                            if (ncost - cake[edge.c] < d[edge.to][S | (1 << edge.c)]) {\n                                d[edge.to][S | (1 << edge.c)] = ncost - cake[edge.c];\n                                update = true;\n                            }\n                        }\n                    }\n                }\n            }\n        }\n\n        int res = INF;\n        for (int i = 0; i < (1 << 6); i++) {\n            res = min(res, d[t][i]);\n        }\n\n        cout << res << endl;\n    }\n    return 0;\n}')"

2025-01-24 11:04:43,396	[INFO]	Step: 56
2025-01-24 11:04:43,396	[INFO]	Stop Steps: 100
2025-01-24 11:04:43,656	[INFO]	5-7     COMPILE_CODE_ERROR    None (--) [2 edit(s)]  
2025-01-24 11:04:43,656	[DEBUG]	patch(5-7)="LineLLMCrossover(('source.cpp', 8), '#include <iostream>\n#include <vector>\n#include <map>\n#include <limits>\n#include <unordered_map>\nusing namespace std;\n\n#define MAX 1000\n#define INF (1e9)\n\nstruct Edge {\n    int to, cost, c;\n    Edge(int to, int cost, int c) : to(to), cost(cost), c(c) {}\n};\n\nint main() {\n    int M, D, N, K;\n    int d[MAX][1 << 6];\n    while (cin >> M >> N >> K >> D, M) {\n        unordered_map<int, vector<Edge>> G;\n        vector<int> cake;\n        cake.reserve(M);\n        for (int i = 0; i < M; i++) {\n            int value;\n            cin >> value;\n            cake.push_back(value);\n        }\n        int idx = 0, c;\n        string a, b;\n        map<string, int> mp;\n        for (int i = 0; i < D; i++) {\n            cin >> a >> b >> c;\n            if (!mp.count(a)) mp[a] = idx++;\n            if (!mp.count(b)) mp[b] = idx++;\n            G[mp[b]].emplace_back(mp[a], c, (a[0] == \'C\') ? a[1] - \'1\' : -1);\n            G[mp[a]].emplace_back(mp[b], c, (b[0] == \'C\') ? b[1] - \'1\' : -1);\n        }\n\n        int s = mp["H"], t = mp["D"];\n        for (int i = 0; i < MAX; i++) {\n            fill(d[i], d[i] + (1 << 6), INF);\n        }\n        d[s][0] = 0;\n        bool update = true;\n\n        while (update) {\n            update = false;\n            for (int i = 0; i < (int)mp.size(); i++) {\n                for (auto &edge : G[i]) {\n                    for (int S = (1 << 6) - 1; S >= 0; S--) {\n                        int ncost = d[i][S];\n                        if (ncost == INF) continue;\n                        ncost += edge.cost * K;\n                        if (edge.c == -1) {\n                            if (ncost < d[edge.to][S]) {\n                                d[edge.to][S] = ncost;\n                                update = true;\n                            }\n                        } else {\n                            if (S >> edge.c & 1) continue;\n                            if (ncost - cake[edge.c] < d[edge.to][S | (1 << edge.c)]) {\n                                d[edge.to][S | (1 << edge.c)] = ncost - cake[edge.c];\n                                update = true;\n                            }\n                        }\n                    }\n                }\n            }\n        }\n\n        int res = INF;\n        for (int i = 0; i < (1 << 6); i++) {\n            res = min(res, d[t][i]);\n        }\n\n        cout << res << endl;\n    }\n    return 0;\n}') | LineLLMMutation(('source.cpp', 26), '#include <iostream>\n#include <vector>\n#include <limits>\n#include <array>\nusing namespace std;\n\n#define MAX 1000\n#define INF (1e9)\n\nstruct Edge {\n    int to, cost, c;\n    Edge(int to, int cost, int c) : to(to), cost(cost), c(c) {}\n};\n\nint main() {\n    int M, D, N, K;\n    int d[MAX][1 << 6];\n    while (cin >> M >> N >> K >> D, M) {\n        vector<vector<Edge>> G(MAX); // Changed unordered_map to vector\n        vector<int> cake;\n        cake.reserve(M);\n        for (int i = 0; i < M; i++) {\n            int value;\n            cin >> value;\n            cake.push_back(value);\n        }\n        int idx = 0, c;\n        string a, b;\n        array<int, 1000> mp; // Using fixed-size array instead of map\n        fill(mp.begin(), mp.end(), -1); // Initialize to -1\n        for (int i = 0; i < D; i++) {\n            cin >> a >> b >> c;\n            if (mp[a[0]] == -1) mp[a[0]] = idx++;\n            if (mp[b[0]] == -1) mp[b[0]] = idx++;\n            G[mp[b[0]]].emplace_back(mp[a[0]], c, (a[0] == \'C\') ? a[1] - \'1\' : -1);\n            G[mp[a[0]]].emplace_back(mp[b[0]], c, (b[0] == \'C\') ? b[1] - \'1\' : -1);\n        }\n\n        int s = mp["H"], t = mp["D"];\n        for (int i = 0; i < MAX; i++) {\n            fill(d[i], d[i] + (1 << 6), INF);\n        }\n        d[s][0] = 0;\n        bool update = true;\n\n        while (update) {\n            update = false;\n            for (int i = 0; i < (int)mp.size(); i++) {\n                for (auto &edge : G[i]) {\n                    for (int S = (1 << 6) - 1; S >= 0; S--) {\n                        int ncost = d[i][S];\n                        if (ncost == INF) continue;\n                        ncost += edge.cost * K;\n                        if (edge.c == -1) {\n                            if (ncost < d[edge.to][S]) {\n                                d[edge.to][S] = ncost;\n                                update = true;\n                            }\n                        } else {\n                            if (S >> edge.c & 1) continue;\n                            if (ncost - cake[edge.c] < d[edge.to][S | (1 << edge.c)]) {\n                                d[edge.to][S | (1 << edge.c)] = ncost - cake[edge.c];\n                                update = true;\n                            }\n                        }\n                    }\n                }\n            }\n        }\n\n        int res = INF;\n        for (int i = 0; i < (1 << 6); i++) {\n            res = min(res, d[t][i]);\n        }\n\n        cout << res << endl;\n    }\n    return 0;\n}')"
2025-01-24 11:04:43,656	[INFO]	Step: 57
2025-01-24 11:04:43,656	[INFO]	Stop Steps: 100
2025-01-24 11:04:44,398	[INFO]	5-8     TEST_CODE_ERROR       None (--) [2 edit(s)]  
2025-01-24 11:04:44,398	[DEBUG]	patch(5-8)="LineLLMCrossover(('source.cpp', 12), '#include <iostream>\n#include <vector>\n#include <map>\n#include <limits>\n#include <unordered_map>\nusing namespace std;\n\n#define MAX 1000\n#define INF (1e9)\n\nstruct Edge {\n    int to, cost, c;\n    Edge(int to, int cost, int c) : to(to), cost(cost), c(c) {}\n};\n\nint main() {\n    int M, D, N, K;\n    int d[MAX][1 << 6];\n    while (cin >> M >> N >> K >> D, M) {\n        unordered_map<int, vector<Edge>> G;\n        vector<int> cake;\n        cake.reserve(M);\n        for (int i = 0; i < M; i++) {\n            int value;\n            cin >> value;\n            cake.push_back(value);\n        }\n        int idx = 0, c;\n        string a, b;\n        map<string, int> mp;\n        for (int i = 0; i < D; i++) {\n            cin >> a >> b >> c;\n            if (!mp.count(a)) mp[a] = idx++;\n            if (!mp.count(b)) mp[b] = idx++;\n            G[mp[b]].emplace_back(mp[a], c, (a[0] == \'C\') ? a[1] - \'1\' : -1);\n            G[mp[a]].emplace_back(mp[b], c, (b[0] == \'C\') ? b[1] - \'1\' : -1);\n        }\n\n        int s = mp["H"], t = mp["D"];\n        for (int i = 0; i < MAX; i++) {\n            fill(d[i], d[i] + (1 << 6), INF);\n        }\n        d[s][0] = 0;\n        bool update = true;\n\n        while (update) {\n            update = false;\n            for (int i = 0; i < (int)mp.size(); i++) {\n                for (auto &edge : G[i]) {\n                    for (int S = (1 << 6) - 1; S >= 0; S--) {\n                        int ncost = d[i][S];\n                        if (ncost == INF) continue;\n                        ncost += edge.cost * K;\n                        if (edge.c == -1) {\n                            if (ncost < d[edge.to][S]) {\n                                d[edge.to][S] = ncost;\n                                update = true;\n                            }\n                        } else {\n                            if (S >> edge.c & 1) continue;\n                            if (ncost - cake[edge.c] < d[edge.to][S | (1 << edge.c)]) {\n                                d[edge.to][S | (1 << edge.c)] = ncost - cake[edge.c];\n                                update = true;\n                            }\n                        }\n                    }\n                }\n            }\n        }\n\n        int res = INF;\n        for (int i = 0; i < (1 << 6); i++) {\n            res = min(res, d[t][i]);\n        }\n\n        cout << res << endl;\n    }\n    return 0;\n}') | LineLLMMutation(('source.cpp', 27), '#include <iostream>\n#include <vector>\n#include <map>\n#include <limits>\n#include <unordered_map>\nusing namespace std;\n\n#define MAX 1000\n#define INF (1e9)\n\nstruct Edge {\n    int to, cost, c;\n    Edge(int to, int cost, int c) : to(to), cost(cost), c(c) {}\n};\n\nint main() {\n    int M, D, N, K;\n    int d[MAX][1 << 6] = {}; // Initialize to zero first\n    for (int i = 0; i < MAX; i++) {\n        fill_n(d[i], (1 << 6), INF); // Use fill_n for better readability\n    }\n    \n    while (cin >> M >> N >> K >> D, M) {\n        unordered_map<int, vector<Edge>> G;\n        vector<int> cake;\n        cake.reserve(M);\n        for (int i = 0; i < M; i++) {\n            int value;\n            cin >> value;\n            cake.push_back(value);\n        }\n        int idx = 0, c;\n        string a, b;\n        map<string, int> mp;\n        for (int i = 0; i < D; i++) {\n            cin >> a >> b >> c;\n            if (!mp.count(a)) mp[a] = idx++;\n            if (!mp.count(b)) mp[b] = idx++;\n            G[mp[b]].emplace_back(mp[a], c, (a[0] == \'C\') ? a[1] - \'1\' : -1);\n            G[mp[a]].emplace_back(mp[b], c, (b[0] == \'C\') ? b[1] - \'1\' : -1);\n        }\n\n        int s = mp["H"], t = mp["D"];\n        d[s][0] = 0;\n        bool update = true;\n\n        while (update) {\n            update = false;\n            for (int i = 0; i < (int)mp.size(); i++) {\n                for (auto &edge : G[i]) {\n                    for (int S = (1 << 6) - 1; S >= 0; S--) {\n                        int ncost = d[i][S];\n                        if (ncost == INF) continue;\n                        ncost += edge.cost * K;\n                        if (edge.c == -1) {\n                            if (ncost < d[edge.to][S]) {\n                                d[edge.to][S] = ncost;\n                                update = true;\n                            }\n                        } else {\n                            if (S >> edge.c & 1) continue;\n                            if (ncost - cake[edge.c] < d[edge.to][S | (1 << edge.c)]) {\n                                d[edge.to][S | (1 << edge.c)] = ncost - cake[edge.c];\n                                update = true;\n                            }\n                        }\n                    }\n                }\n            }\n        }\n\n        int res = INF;\n        for (int i = 0; i < (1 << 6); i++) {\n            res = min(res, d[t][i]);\n        }\n\n        cout << res << endl;\n    }\n    return 0;\n}')"
2025-01-24 11:04:44,398	[INFO]	Step: 58
2025-01-24 11:04:44,398	[INFO]	Stop Steps: 100
2025-01-24 11:04:44,554	[INFO]	5-9     COMPILE_CODE_ERROR    None (--) [2 edit(s)]  
2025-01-24 11:04:44,554	[DEBUG]	patch(5-9)="LineLLMCrossover(('source.cpp', 13), '#include <iostream>\n#include <vector>\n#include <limits>\n#include <map>\nusing namespace std;\n\n#define MAX 1000\n#define INF (1e9)\n\nstruct Edge {\n    int to, cost, c;\n    Edge(int to, int cost, int c) : to(to), cost(cost), c(c) {}\n};\n\nint main() {\n    int M, D, N, K;\n    int d[MAX][1 << 6];\n    while (cin >> M >> N >> K >> D, M) {\n        vector<Edge> G[MAX];\n        vector<int> cake;\n        cake.reserve(M);\n        for (int i = 0; i < M; i++) {\n            int value;\n            cin >> value;\n            cake.push_back(value);\n        }\n        int idx = 0, c;\n        string a, b;\n        map<string, int> mp;\n        for (int i = 0; i < D; i++) {\n            cin >> a >> b >> c;\n            if (!mp.count(a)) mp[a] = idx++;\n            if (!mp.count(b)) mp[b] = idx++;\n            G[mp[a]].push_back(Edge(mp[b], c, (a[0] == \'C\') ? a[1] - \'1\' : -1));\n            G[mp[b]].push_back(Edge(mp[a], c, (b[0] == \'C\') ? b[1] - \'1\' : -1));\n        }\n\n        int s = mp["H"], t = mp["D"];\n        for (int i = 0; i < MAX; i++) {\n            fill(d[i], d[i] + (1 << 6), INF);\n        }\n        d[s][0] = 0;\n        bool update = true;\n\n        while (update) {\n            update = false;\n            for (int i = 0; i < (int)mp.size(); i++) {\n                for (const Edge& e : G[i]) {\n                    for (int S = (1 << 6) - 1; S >= 0; S--) {\n                        int ncost = d[i][S];\n                        if (ncost == INF) continue;\n                        ncost += e.cost * K;\n                        if (e.c == -1) {\n                            if (ncost < d[e.to][S]) {\n                                d[e.to][S] = ncost;\n                                update = true;\n                            }\n                        } else {\n                            if (S >> e.c & 1) continue;\n                            if (ncost - cake[e.c] < d[e.to][S | (1 << e.c)]) {\n                                d[e.to][S | (1 << e.c)] = ncost - cake[e.c];\n                                update = true;\n                            }\n                        }\n                    }\n                }\n            }\n        }\n\n        int res = INF;\n        for (int i = 0; i < (1 << 6); i++) {\n            res = min(res, d[t][i]);\n        }\n\n        cout << res << endl;\n    }\n    return 0;\n}') | LineLLMMutation(('source.cpp', 28), '#include <cstdio>\n#include <vector>\n#include <limits>\n#include <map>\nusing namespace std;\n\n#define MAX 1000\n#define INF (1e9)\n\nstruct Edge {\n    int to, cost, c;\n    Edge(int to, int cost, int c) : to(to), cost(cost), c(c) {}\n};\n\nint main() {\n    int M, D, N, K;\n    int d[MAX][1 << 6];\n    while (scanf("%d %d %d %d", &M, &N, &K, &D), M) {\n        vector<Edge> G[MAX];\n        vector<int> cake;\n        cake.reserve(M);\n        for (int i = 0; i < M; i++) {\n            int value;\n            scanf("%d", &value);\n            cake.push_back(value);\n        }\n        int idx = 0, c;\n        char a[100], b[100];\n        map<string, int> mp;\n        for (int i = 0; i < D; i++) {\n            scanf("%s %s %d", a, b, &c);\n            if (!mp.count(a)) mp[a] = idx++;\n            if (!mp.count(b)) mp[b] = idx++;\n            G[mp[a]].push_back(Edge(mp[b], c, (a[0] == \'C\') ? a[1] - \'1\' : -1));\n            G[mp[b]].push_back(Edge(mp[a], c, (b[0] == \'C\') ? b[1] - \'1\' : -1));\n        }\n\n        int s = mp["H"], t = mp["D"];\n        for (int i = 0; i < MAX; i++) {\n            fill(d[i], d[i] + (1 << 6), INF);\n        }\n        d[s][0] = 0;\n        bool update = true;\n\n        while (update) {\n            update = false;\n            for (int i = 0; i < (int)mp.size(); i++) {\n                for (const Edge& e : G[i]) {\n                    for (int S = (1 << 6) - 1; S >= 0; S--) {\n                        int ncost = d[i][S];\n                        if (ncost == INF) continue;\n                        ncost += e.cost * K;\n                        if (e.c == -1) {\n                            if (ncost < d[e.to][S]) {\n                                d[e.to][S] = ncost;\n                                update = true;\n                            }\n                        } else {\n                            if (S >> e.c & 1) continue;\n                            if (ncost - cake[e.c] < d[e.to][S | (1 << e.c)]) {\n                                d[e.to][S | (1 << e.c)] = ncost - cake[e.c];\n                                update = true;\n                            }\n                        }\n                    }\n                }\n            }\n        }\n\n        int res = INF;\n        for (int i = 0; i < (1 << 6); i++) {\n            res = min(res, d[t][i]);\n        }\n\n        printf("%d\\n", res);\n    }\n    return 0;\n}')"
2025-01-24 11:04:44,554	[INFO]	Step: 59
2025-01-24 11:04:44,554	[INFO]	Stop Steps: 100
2025-01-24 11:04:44,999	[INFO]	5-10    TEST_CODE_ERROR       None (--) [2 edit(s)]  
2025-01-24 11:04:45,000	[DEBUG]	patch(5-10)="LineLLMCrossover(('source.cpp', 14), '#include <iostream>\n#include <vector>\n#include <map>\n#include <limits>\n#include <unordered_map>\nusing namespace std;\n\n#define MAX 1000\n#define INF (1e9)\n\nstruct Edge {\n    int to, cost, c;\n    Edge(int to, int cost, int c) : to(to), cost(cost), c(c) {}\n};\n\nint main() {\n    int M, D, N, K;\n    int d[MAX][1 << 6];\n    while (cin >> M >> N >> K >> D, M) {\n        unordered_map<int, vector<Edge>> G;\n        vector<int> cake;\n        cake.reserve(M);\n        for (int i = 0; i < M; i++) {\n            int value;\n            cin >> value;\n            cake.push_back(value);\n        }\n        int idx = 0, c;\n        string a, b;\n        map<string, int> mp;\n        for (int i = 0; i < D; i++) {\n            cin >> a >> b >> c;\n            if (!mp.count(a)) mp[a] = idx++;\n            if (!mp.count(b)) mp[b] = idx++;\n            G[mp[a]].emplace_back(mp[b], c, (a[0] == \'C\') ? a[1] - \'1\' : -1);\n            G[mp[b]].emplace_back(mp[a], c, (b[0] == \'C\') ? b[1] - \'1\' : -1);\n        }\n\n        int s = mp["H"], t = mp["D"];\n        for (int i = 0; i < MAX; i++) {\n            fill(d[i], d[i] + (1 << 6), INF);\n        }\n        d[s][0] = 0;\n        bool update = true;\n\n        while (update) {\n            update = false;\n            for (int i = 0; i < (int)mp.size(); i++) {\n                for (auto &edge : G[i]) {\n                    for (int S = (1 << 6) - 1; S >= 0; S--) {\n                        int ncost = d[i][S];\n                        if (ncost == INF) continue;\n                        ncost += edge.cost * K;\n                        if (edge.c == -1) {\n                            if (ncost < d[edge.to][S]) {\n                                d[edge.to][S] = ncost;\n                                update = true;\n                            }\n                        } else {\n                            if (S >> edge.c & 1) continue;\n                            if (ncost - cake[edge.c] < d[edge.to][S | (1 << edge.c)]) {\n                                d[edge.to][S | (1 << edge.c)] = ncost - cake[edge.c];\n                                update = true;\n                            }\n                        }\n                    }\n                }\n            }\n        }\n\n        int res = INF;\n        for (int i = 0; i < (1 << 6); i++) {\n            res = min(res, d[t][i]);\n        }\n\n        cout << res << endl;\n    }\n    return 0;\n}') | LineLLMMutation(('source.cpp', 29), "#include <iostream>\n#include <vector>\n#include <limits>\nusing namespace std;\n\n#define MAX 1000\n#define INF (1e9)\n\nstruct Edge {\n    int to, cost, c;\n    Edge(int to, int cost, int c) : to(to), cost(cost), c(c) {}\n};\n\nint main() {\n    int M, D, N, K;\n    int d[MAX][1 << 6];\n    while (cin >> M >> N >> K >> D, M) {\n        vector<Edge> G[MAX * 2]; // Assuming maximum 2*MAX unique strings\n        vector<int> cake;\n        cake.reserve(M);\n        for (int i = 0; i < M; i++) {\n            int value;\n            cin >> value;\n            cake.push_back(value);\n        }\n        int idx = 0, c;\n        string a, b;\n        int mp[200] = {-1}; // Assuming max 200 unique strings\n        for (int i = 0; i < D; i++) {\n            cin >> a >> b >> c;\n            if (mp[a[0]] == -1) mp[a[0]] = idx++;\n            if (mp[b[0]] == -1) mp[b[0]] = idx++;\n            int a_index = mp[a[0]], b_index = mp[b[0]];\n            G[a_index].emplace_back(b_index, c, (a[0] == 'C') ? a[1] - '1' : -1);\n            G[b_index].emplace_back(a_index, c, (b[0] == 'C') ? b[1] - '1' : -1);\n        }\n\n        int s = mp['H'], t = mp['D'];\n        for (int i = 0; i < MAX; i++) {\n            fill(d[i], d[i] + (1 << 6), INF);\n        }\n        d[s][0] = 0;\n        bool update = true;\n\n        while (update) {\n            update = false;\n            for (int i = 0; i < idx; i++) {\n                for (auto &edge : G[i]) {\n                    for (int S = (1 << 6) - 1; S >= 0; S--) {\n                        int ncost = d[i][S];\n                        if (ncost == INF) continue;\n                        ncost += edge.cost * K;\n                        if (edge.c == -1) {\n                            if (ncost < d[edge.to][S]) {\n                                d[edge.to][S] = ncost;\n                                update = true;\n                            }\n                        } else {\n                            if (S >> edge.c & 1) continue;\n                            if (ncost - cake[edge.c] < d[edge.to][S | (1 << edge.c)]) {\n                                d[edge.to][S | (1 << edge.c)] = ncost - cake[edge.c];\n                                update = true;\n                            }\n                        }\n                    }\n                }\n            }\n        }\n\n        int res = INF;\n        for (int i = 0; i < (1 << 6); i++) {\n            res = min(res, d[t][i]);\n        }\n\n        cout << res << endl;\n    }\n    return 0;\n}")"
2025-01-24 11:04:45,000	[INFO]	Step: 60
2025-01-24 11:04:45,000	[INFO]	Stop Steps: 100
2025-01-24 11:04:47,255	[DEBUG]	EXEC>  SUCCESS 2857533.25
2025-01-24 11:04:47,255	[INFO]	REF     SUCCESS               2857533.25 (--) [0 edit(s)]  
2025-01-24 11:04:47,255	[INFO]	Best patch: 19
2025-01-24 11:04:48,160	[DEBUG]	EXEC>  SUCCESS 2892353.5
2025-01-24 11:04:48,160	[INFO]	BEST    SUCCESS               2892353.50 (101.22%) [0 edit(s)]  
2025-01-24 11:04:48,160	[INFO]	Best patch step: 55
2025-01-24 11:06:44,785	[INFO]	Step: 60
2025-01-24 11:06:44,785	[INFO]	Stop Steps: 100
2025-01-24 11:06:45,820	[DEBUG]	EXEC>  SUCCESS 2926499.125
2025-01-24 11:06:45,820	[INFO]	6-1     SUCCESS              +2926499.12 (102.41%) [1 edit(s)]  
2025-01-24 11:06:45,820	[DEBUG]	patch(6-1)="LineLLMCrossover(('source.cpp', 19), '#include <iostream>\n#include <vector>\n#include <map>\n#include <limits>\n#include <unordered_map>\nusing namespace std;\n\n#define MAX 1000\n#define INF (1e9)\n\nstruct Edge {\n    int to, cost, c;\n    Edge(int to, int cost, int c) : to(to), cost(cost), c(c) {}\n};\n\nint main() {\n    int M, D, N, K;\n    int d[MAX][1 << 6];\n    while (cin >> M >> N >> K >> D, M) {\n        unordered_map<int, vector<Edge>> G;\n        vector<int> cake;\n        cake.reserve(M);\n        for (int i = 0; i < M; i++) {\n            int value;\n            cin >> value;\n            cake.push_back(value);\n        }\n        int idx = 0, c;\n        string a, b;\n        map<string, int> mp;\n        for (int i = 0; i < D; i++) {\n            cin >> a >> b >> c;\n            if (!mp.count(a)) mp[a] = idx++;\n            if (!mp.count(b)) mp[b] = idx++;\n            G[mp[b]].emplace_back(mp[a], c, (a[0] == \'C\') ? a[1] - \'1\' : -1);\n            G[mp[a]].emplace_back(mp[b], c, (b[0] == \'C\') ? b[1] - \'1\' : -1);\n        }\n\n        int s = mp["H"], t = mp["D"];\n        for (int i = 0; i < MAX; i++) {\n            fill(d[i], d[i] + (1 << 6), INF);\n        }\n        d[s][0] = 0;\n        bool update = true;\n\n        while (update) {\n            update = false;\n            for (int i = 0; i < (int)mp.size(); i++) {\n                for (auto &edge : G[i]) {\n                    for (int S = (1 << 6) - 1; S >= 0; S--) {\n                        int ncost = d[i][S];\n                        if (ncost == INF) continue;\n                        ncost += edge.cost * K;\n                        if (edge.c == -1) {\n                            if (ncost < d[edge.to][S]) {\n                                d[edge.to][S] = ncost;\n                                update = true;\n                            }\n                        } else {\n                            if (S >> edge.c & 1) continue;\n                            if (ncost - cake[edge.c] < d[edge.to][S | (1 << edge.c)]) {\n                                d[edge.to][S | (1 << edge.c)] = ncost - cake[edge.c];\n                                update = true;\n                            }\n                        }\n                    }\n                }\n            }\n        }\n\n        int res = INF;\n        for (int i = 0; i < (1 << 6); i++) {\n            res = min(res, d[t][i]);\n        }\n\n        cout << res << endl;\n    }\n    return 0;\n}')"
2025-01-24 11:06:45,820	[INFO]	Step: 61
2025-01-24 11:06:45,820	[INFO]	Stop Steps: 100
2025-01-24 11:06:46,732	[DEBUG]	EXEC>  SUCCESS 2848612.4375
2025-01-24 11:06:46,732	[INFO]	6-2     SUCCESS              *2848612.44 (99.69%) [1 edit(s)]  
2025-01-24 11:06:46,732	[DEBUG]	patch(6-2)="LineLLMCrossover(('source.cpp', 16), '#include <iostream>\n#include <vector>\n#include <map>\n#include <limits>\n#include <unordered_map>\nusing namespace std;\n\n#define MAX 1000\n#define INF (1e9)\n\nstruct Edge {\n    int to, cost, c;\n    Edge(int to, int cost, int c) : to(to), cost(cost), c(c) {}\n};\n\nint main() {\n    int M, D, N, K;\n    int d[MAX][1 << 6];\n    while (cin >> M >> N >> K >> D, M) {\n        unordered_map<int, vector<Edge>> G;\n        vector<int> cake;\n        cake.reserve(M);\n        for (int i = 0; i < M; i++) {\n            int value;\n            cin >> value;\n            cake.push_back(value);\n        }\n        int idx = 0, c;\n        string a, b;\n        map<string, int> mp;\n        for (int i = 0; i < D; i++) {\n            cin >> a >> b >> c;\n            if (!mp.count(a)) mp[a] = idx++;\n            if (!mp.count(b)) mp[b] = idx++;\n            G[mp[a]].emplace_back(mp[b], c, (a[0] == \'C\') ? a[1] - \'1\' : -1);\n            G[mp[b]].emplace_back(mp[a], c, (b[0] == \'C\') ? b[1] - \'1\' : -1);\n        }\n\n        int s = mp["H"], t = mp["D"];\n        for (int i = 0; i < MAX; i++) {\n            fill(d[i], d[i] + (1 << 6), INF);\n        }\n        d[s][0] = 0;\n        bool update = true;\n\n        while (update) {\n            update = false;\n            for (int i = 0; i < (int)mp.size(); i++) {\n                for (auto &edge : G[i]) {\n                    for (int S = (1 << 6) - 1; S >= 0; S--) {\n                        int ncost = d[i][S];\n                        if (ncost == INF) continue;\n                        ncost += edge.cost * K;\n                        if (edge.c == -1) {\n                            if (ncost < d[edge.to][S]) {\n                                d[edge.to][S] = ncost;\n                                update = true;\n                            }\n                        } else {\n                            if (S >> edge.c & 1) continue;\n                            if (ncost - cake[edge.c] < d[edge.to][S | (1 << edge.c)]) {\n                                d[edge.to][S | (1 << edge.c)] = ncost - cake[edge.c];\n                                update = true;\n                            }\n                        }\n                    }\n                }\n            }\n        }\n\n        int res = INF;\n        for (int i = 0; i < (1 << 6); i++) {\n            res = min(res, d[t][i]);\n        }\n\n        cout << res << endl;\n    }\n    return 0;\n}')"

2025-01-24 11:06:46,733	[INFO]	Step: 62
2025-01-24 11:06:46,733	[INFO]	Stop Steps: 100
2025-01-24 11:06:47,633	[DEBUG]	EXEC>  SUCCESS 2880162.1875
2025-01-24 11:06:47,633	[INFO]	6-3     SUCCESS               2880162.19 (100.79%) [1 edit(s)]  
2025-01-24 11:06:47,633	[DEBUG]	patch(6-3)="LineLLMCrossover(('source.cpp', 20), '#include <iostream>\n#include <vector>\n#include <map>\n#include <limits>\n#include <unordered_map>\n#include <cstdio> // for scanf and printf\nusing namespace std;\n\n#define MAX 1000\n#define INF (1e9)\n\nstruct Edge {\n    int to, cost, c;\n    Edge(int to, int cost, int c) : to(to), cost(cost), c(c) {}\n};\n\nint main() {\n    int M, D, N, K;\n    int d[MAX][1 << 6];\n    while (scanf("%d%d%d%d", &M, &N, &K, &D), M) {\n        unordered_map<int, vector<Edge>> G;\n        vector<int> cake;\n        cake.reserve(M);\n        for (int i = 0; i < M; i++) {\n            int value;\n            scanf("%d", &value);\n            cake.push_back(value);\n        }\n        int idx = 0, c;\n        string a, b;\n        map<string, int> mp;\n        for (int i = 0; i < D; i++) {\n            cin >> a >> b >> c;\n            if (!mp.count(a)) mp[a] = idx++;\n            if (!mp.count(b)) mp[b] = idx++;\n            G[mp[b]].emplace_back(mp[a], c, (a[0] == \'C\') ? a[1] - \'1\' : -1);\n            G[mp[a]].emplace_back(mp[b], c, (b[0] == \'C\') ? b[1] - \'1\' : -1);\n        }\n\n        int s = mp["H"], t = mp["D"];\n        for (int i = 0; i < MAX; i++) {\n            fill(d[i], d[i] + (1 << 6), INF);\n        }\n        d[s][0] = 0;\n        bool update = true;\n\n        while (update) {\n            update = false;\n            for (int i = 0; i < (int)mp.size(); i++) {\n                for (auto &edge : G[i]) {\n                    for (int S = (1 << 6) - 1; S >= 0; S--) {\n                        int ncost = d[i][S];\n                        if (ncost == INF) continue;\n                        ncost += edge.cost * K;\n                        if (edge.c == -1) {\n                            if (ncost < d[edge.to][S]) {\n                                d[edge.to][S] = ncost;\n                                update = true;\n                            }\n                        } else {\n                            if (S >> edge.c & 1) continue;\n                            if (ncost - cake[edge.c] < d[edge.to][S | (1 << edge.c)]) {\n                                d[edge.to][S | (1 << edge.c)] = ncost - cake[edge.c];\n                                update = true;\n                            }\n                        }\n                    }\n                }\n            }\n        }\n\n        int res = INF;\n        for (int i = 0; i < (1 << 6); i++) {\n            res = min(res, d[t][i]);\n        }\n\n        printf("%d\\n", res);\n    }\n    return 0;\n}')"
2025-01-24 11:06:47,633	[INFO]	Step: 63
2025-01-24 11:06:47,633	[INFO]	Stop Steps: 100
2025-01-24 11:06:48,526	[DEBUG]	EXEC>  SUCCESS 2873987.9375
2025-01-24 11:06:48,527	[INFO]	6-4     SUCCESS               2873987.94 (100.58%) [1 edit(s)]  
2025-01-24 11:06:48,527	[DEBUG]	patch(6-4)="LineLLMCrossover(('source.cpp', 21), '#include <iostream>\n#include <vector>\n#include <map>\n#include <limits>\n#include <unordered_map>\n#include <cstdio> // for scanf and printf\nusing namespace std;\n\n#define MAX 1000\n#define INF (1e9)\n\nstruct Edge {\n    int to, cost, c;\n    Edge(int to, int cost, int c) : to(to), cost(cost), c(c) {}\n};\n\nint main() {\n    int M, D, N, K;\n    int d[MAX][1 << 6];\n    while (scanf("%d%d%d%d", &M, &N, &K, &D), M) {\n        unordered_map<int, vector<Edge>> G;\n        vector<int> cake(M);\n        for (int i = 0; i < M; i++) {\n            scanf("%d", &cake[i]);\n        }\n        int idx = 0, c;\n        string a, b;\n        map<string, int> mp;\n        for (int i = 0; i < D; i++) {\n            cin >> a >> b >> c;\n            if (!mp.count(a)) mp[a] = idx++;\n            if (!mp.count(b)) mp[b] = idx++;\n            G[mp[a]].emplace_back(mp[b], c, (a[0] == \'C\') ? a[1] - \'1\' : -1);\n            G[mp[b]].emplace_back(mp[a], c, (b[0] == \'C\') ? b[1] - \'1\' : -1);\n        }\n\n        int s = mp["H"], t = mp["D"];\n        fill(d[0], d[0] + MAX * (1 << 6), INF);\n        d[s][0] = 0;\n        bool update = true;\n\n        while (update) {\n            update = false;\n            for (int i = 0; i < (int)mp.size(); i++) {\n                for (auto &edge : G[i]) {\n                    for (int S = (1 << 6) - 1; S >= 0; S--) {\n                        int ncost = d[i][S];\n                        if (ncost == INF) continue;\n                        ncost += edge.cost * K;\n                        if (edge.c == -1) {\n                            if (ncost < d[edge.to][S]) {\n                                d[edge.to][S] = ncost;\n                                update = true;\n                            }\n                        } else {\n                            if (S >> edge.c & 1) continue;\n                            if (ncost - cake[edge.c] < d[edge.to][S | (1 << edge.c)]) {\n                                d[edge.to][S | (1 << edge.c)] = ncost - cake[edge.c];\n                                update = true;\n                            }\n                        }\n                    }\n                }\n            }\n        }\n\n        int res = INF;\n        for (int i = 0; i < (1 << 6); i++) {\n            res = min(res, d[t][i]);\n        }\n\n        printf("%d\\n", res);\n    }\n    return 0;\n}')"
2025-01-24 11:06:48,527	[INFO]	Step: 64
2025-01-24 11:06:48,527	[INFO]	Stop Steps: 100
2025-01-24 11:06:49,420	[DEBUG]	EXEC>  SUCCESS 2917691.4375
2025-01-24 11:06:49,420	[INFO]	6-5     SUCCESS               2917691.44 (102.11%) [1 edit(s)]  
2025-01-24 11:06:49,421	[DEBUG]	patch(6-5)="LineLLMCrossover(('source.cpp', 22), '#include <iostream>\n#include <vector>\n#include <map>\n#include <limits>\n#include <unordered_map>\n#include <cstdio> // for scanf and printf\nusing namespace std;\n\n#define MAX 1000\n#define INF (1e9)\n\nstruct Edge {\n    int to, cost, c;\n    Edge(int to, int cost, int c) : to(to), cost(cost), c(c) {}\n};\n\nint main() {\n    int M, D, N, K;\n    int d[MAX][1 << 6];\n    while (scanf("%d%d%d%d", &M, &N, &K, &D), M) {\n        unordered_map<int, vector<Edge>> G;\n        vector<int> cake(M);\n        for (int i = 0; i < M; i++) {\n            scanf("%d", &cake[i]);\n        }\n        int idx = 0, c;\n        string a, b;\n        map<string, int> mp;\n        for (int i = 0; i < D; i++) {\n            cin >> a >> b >> c;\n            if (!mp.count(a)) mp[a] = idx++;\n            if (!mp.count(b)) mp[b] = idx++;\n            G[mp[a]].emplace_back(mp[b], c, (a[0] == \'C\') ? a[1] - \'1\' : -1);\n            G[mp[b]].emplace_back(mp[a], c, (b[0] == \'C\') ? b[1] - \'1\' : -1);\n        }\n\n        int s = mp["H"], t = mp["D"];\n        fill(d[0], d[0] + MAX * (1 << 6), INF);\n        d[s][0] = 0;\n        bool update = true;\n\n        while (update) {\n            update = false;\n            for (int i = 0; i < (int)mp.size(); i++) {\n                for (auto &edge : G[i]) {\n                    for (int S = (1 << 6) - 1; S >= 0; S--) {\n                        int ncost = d[i][S];\n                        if (ncost == INF) continue;\n                        ncost += edge.cost * K;\n                        if (edge.c == -1) {\n                            if (ncost < d[edge.to][S]) {\n                                d[edge.to][S] = ncost;\n                                update = true;\n                            }\n                        } else {\n                            if (S >> edge.c & 1) continue;\n                            if (ncost - cake[edge.c] < d[edge.to][S | (1 << edge.c)]) {\n                                d[edge.to][S | (1 << edge.c)] = ncost - cake[edge.c];\n                                update = true;\n                            }\n                        }\n                    }\n                }\n            }\n        }\n\n        int res = INF;\n        for (int i = 0; i < (1 << 6); i++) {\n            res = min(res, d[t][i]);\n        }\n\n        printf("%d\\n", res);\n    }\n    return 0;\n}')"
2025-01-24 11:06:49,421	[INFO]	Step: 65
2025-01-24 11:06:49,421	[INFO]	Stop Steps: 100
2025-01-24 11:06:50,304	[DEBUG]	EXEC>  SUCCESS 2876778.0
2025-01-24 11:06:50,304	[INFO]	6-6     SUCCESS               2876778.00 (100.67%) [1 edit(s)]  
2025-01-24 11:06:50,304	[DEBUG]	patch(6-6)="LineLLMCrossover(('source.cpp', 23), '#include <iostream>\n#include <vector>\n#include <map>\n#include <limits>\n#include <unordered_map>\n#include <cstdio> // for scanf and printf\nusing namespace std;\n\n#define MAX 1000\n#define INF (1e9)\n\nstruct Edge {\n    int to, cost, c;\n    Edge(int to, int cost, int c) : to(to), cost(cost), c(c) {}\n};\n\nint main() {\n    int M, D, N, K;\n    int d[MAX][1 << 6];\n    while (scanf("%d%d%d%d", &M, &N, &K, &D), M) {\n        unordered_map<int, vector<Edge>> G;\n        vector<int> cake(M);\n        for (int i = 0; i < M; i++) {\n            scanf("%d", &cake[i]);\n        }\n        int idx = 0, c;\n        string a, b;\n        map<string, int> mp;\n        for (int i = 0; i < D; i++) {\n            cin >> a >> b >> c;\n            if (!mp.count(a)) mp[a] = idx++;\n            if (!mp.count(b)) mp[b] = idx++;\n            G[mp[b]].emplace_back(mp[a], c, (a[0] == \'C\') ? a[1] - \'1\' : -1);\n            G[mp[a]].emplace_back(mp[b], c, (b[0] == \'C\') ? b[1] - \'1\' : -1);\n        }\n\n        int s = mp["H"], t = mp["D"];\n        for (int i = 0; i < MAX; i++) {\n            fill(d[i], d[i] + (1 << 6), INF);\n        }\n        d[s][0] = 0;\n        bool update = true;\n\n        while (update) {\n            update = false;\n            for (int i = 0; i < (int)mp.size(); i++) {\n                for (auto &edge : G[i]) {\n                    for (int S = (1 << 6) - 1; S >= 0; S--) {\n                        int ncost = d[i][S];\n                        if (ncost == INF) continue;\n                        ncost += edge.cost * K;\n                        if (edge.c == -1) {\n                            if (ncost < d[edge.to][S]) {\n                                d[edge.to][S] = ncost;\n                                update = true;\n                            }\n                        } else {\n                            if (S >> edge.c & 1) continue;\n                            if (ncost - cake[edge.c] < d[edge.to][S | (1 << edge.c)]) {\n                                d[edge.to][S | (1 << edge.c)] = ncost - cake[edge.c];\n                                update = true;\n                            }\n                        }\n                    }\n                }\n            }\n        }\n\n        int res = INF;\n        for (int i = 0; i < (1 << 6); i++) {\n            res = min(res, d[t][i]);\n        }\n\n        printf("%d\\n", res);\n    }\n    return 0;\n}')"
2025-01-24 11:06:50,305	[INFO]	Step: 66
2025-01-24 11:06:50,305	[INFO]	Stop Steps: 100
2025-01-24 11:06:50,931	[DEBUG]	EXEC>  SUCCESS 2871927.1875
2025-01-24 11:06:50,931	[INFO]	6-7     SUCCESS               2871927.19 (100.50%) [2 edit(s)]  
2025-01-24 11:06:50,932	[DEBUG]	patch(6-7)="LineLLMCrossover(('source.cpp', 19), '#include <iostream>\n#include <vector>\n#include <map>\n#include <limits>\n#include <unordered_map>\nusing namespace std;\n\n#define MAX 1000\n#define INF (1e9)\n\nstruct Edge {\n    int to, cost, c;\n    Edge(int to, int cost, int c) : to(to), cost(cost), c(c) {}\n};\n\nint main() {\n    int M, D, N, K;\n    int d[MAX][1 << 6];\n    while (cin >> M >> N >> K >> D, M) {\n        unordered_map<int, vector<Edge>> G;\n        vector<int> cake;\n        cake.reserve(M);\n        for (int i = 0; i < M; i++) {\n            int value;\n            cin >> value;\n            cake.push_back(value);\n        }\n        int idx = 0, c;\n        string a, b;\n        map<string, int> mp;\n        for (int i = 0; i < D; i++) {\n            cin >> a >> b >> c;\n            if (!mp.count(a)) mp[a] = idx++;\n            if (!mp.count(b)) mp[b] = idx++;\n            G[mp[b]].emplace_back(mp[a], c, (a[0] == \'C\') ? a[1] - \'1\' : -1);\n            G[mp[a]].emplace_back(mp[b], c, (b[0] == \'C\') ? b[1] - \'1\' : -1);\n        }\n\n        int s = mp["H"], t = mp["D"];\n        for (int i = 0; i < MAX; i++) {\n            fill(d[i], d[i] + (1 << 6), INF);\n        }\n        d[s][0] = 0;\n        bool update = true;\n\n        while (update) {\n            update = false;\n            for (int i = 0; i < (int)mp.size(); i++) {\n                for (auto &edge : G[i]) {\n                    for (int S = (1 << 6) - 1; S >= 0; S--) {\n                        int ncost = d[i][S];\n                        if (ncost == INF) continue;\n                        ncost += edge.cost * K;\n                        if (edge.c == -1) {\n                            if (ncost < d[edge.to][S]) {\n                                d[edge.to][S] = ncost;\n                                update = true;\n                            }\n                        } else {\n                            if (S >> edge.c & 1) continue;\n                            if (ncost - cake[edge.c] < d[edge.to][S | (1 << edge.c)]) {\n                                d[edge.to][S | (1 << edge.c)] = ncost - cake[edge.c];\n                                update = true;\n                            }\n                        }\n                    }\n                }\n            }\n        }\n\n        int res = INF;\n        for (int i = 0; i < (1 << 6); i++) {\n            res = min(res, d[t][i]);\n        }\n\n        cout << res << endl;\n    }\n    return 0;\n}') | LineLLMMutation(('source.cpp', 30), "#include <iostream>\n#include <vector>\n#include <limits>\n#include <array>\nusing namespace std;\n\n#define MAX 1000\n#define INF (1e9)\n\nstruct Edge {\n    int to, cost, c;\n    Edge(int to, int cost, int c) : to(to), cost(cost), c(c) {}\n};\n\nint main() {\n    int M, D, N, K;\n    int d[MAX][1 << 6];\n    while (cin >> M >> N >> K >> D, M) {\n        array<vector<Edge>, 100> G; // using fixed-size array instead of unordered_map\n        vector<int> cake;\n        cake.reserve(M);\n        for (int i = 0; i < M; i++) {\n            int value;\n            cin >> value;\n            cake.push_back(value);\n        }\n        int idx = 0, c;\n        string a, b;\n        array<int, 100> mp; // using a fixed-size array instead of map\n        fill(mp.begin(), mp.end(), -1); // initializing with -1 to indicate unused indices\n        for (int i = 0; i < D; i++) {\n            cin >> a >> b >> c;\n            if (mp[a[0]] == -1) { // hash function based on first character\n                mp[a[0]] = idx++;\n            }\n            if (mp[b[0]] == -1) {\n                mp[b[0]] = idx++;\n            }\n            G[mp[b[0]]].emplace_back(mp[a[0]], c, (a[0] == 'C') ? a[1] - '1' : -1);\n            G[mp[a[0]]].emplace_back(mp[b[0]], c, (b[0] == 'C') ? b[1] - '1' : -1);\n        }\n\n        int s = mp['H'], t = mp['D'];\n        for (int i = 0; i < MAX; i++) {\n            fill(d[i], d[i] + (1 << 6), INF);\n        }\n        d[s][0] = 0;\n        bool update = true;\n\n        while (update) {\n            update = false;\n            for (int i = 0; i < (int)mp.size(); i++) {\n                for (auto &edge : G[i]) {\n                    for (int S = (1 << 6) - 1; S >= 0; S--) {\n                        int ncost = d[i][S];\n                        if (ncost == INF) continue;\n                        ncost += edge.cost * K;\n                        if (edge.c == -1) {\n                            if (ncost < d[edge.to][S]) {\n                                d[edge.to][S] = ncost;\n                                update = true;\n                            }\n                        } else {\n                            if (S >> edge.c & 1) continue;\n                            if (ncost - cake[edge.c] < d[edge.to][S | (1 << edge.c)]) {\n                                d[edge.to][S | (1 << edge.c)] = ncost - cake[edge.c];\n                                update = true;\n                            }\n                        }\n                    }\n                }\n            }\n        }\n\n        int res = INF;\n        for (int i = 0; i < (1 << 6); i++) {\n            res = min(res, d[t][i]);\n        }\n\n        cout << res << endl;\n    }\n    return 0;\n}")"
2025-01-24 11:06:50,932	[INFO]	Step: 67
2025-01-24 11:06:50,932	[INFO]	Stop Steps: 100
2025-01-24 11:06:51,202	[INFO]	6-8     COMPILE_CODE_ERROR    None (--) [2 edit(s)]  
2025-01-24 11:06:51,202	[DEBUG]	patch(6-8)="LineLLMCrossover(('source.cpp', 16), '#include <iostream>\n#include <vector>\n#include <map>\n#include <limits>\n#include <unordered_map>\nusing namespace std;\n\n#define MAX 1000\n#define INF (1e9)\n\nstruct Edge {\n    int to, cost, c;\n    Edge(int to, int cost, int c) : to(to), cost(cost), c(c) {}\n};\n\nint main() {\n    int M, D, N, K;\n    int d[MAX][1 << 6];\n    while (cin >> M >> N >> K >> D, M) {\n        unordered_map<int, vector<Edge>> G;\n        vector<int> cake;\n        cake.reserve(M);\n        for (int i = 0; i < M; i++) {\n            int value;\n            cin >> value;\n            cake.push_back(value);\n        }\n        int idx = 0, c;\n        string a, b;\n        map<string, int> mp;\n        for (int i = 0; i < D; i++) {\n            cin >> a >> b >> c;\n            if (!mp.count(a)) mp[a] = idx++;\n            if (!mp.count(b)) mp[b] = idx++;\n            G[mp[a]].emplace_back(mp[b], c, (a[0] == \'C\') ? a[1] - \'1\' : -1);\n            G[mp[b]].emplace_back(mp[a], c, (b[0] == \'C\') ? b[1] - \'1\' : -1);\n        }\n\n        int s = mp["H"], t = mp["D"];\n        for (int i = 0; i < MAX; i++) {\n            fill(d[i], d[i] + (1 << 6), INF);\n        }\n        d[s][0] = 0;\n        bool update = true;\n\n        while (update) {\n            update = false;\n            for (int i = 0; i < (int)mp.size(); i++) {\n                for (auto &edge : G[i]) {\n                    for (int S = (1 << 6) - 1; S >= 0; S--) {\n                        int ncost = d[i][S];\n                        if (ncost == INF) continue;\n                        ncost += edge.cost * K;\n                        if (edge.c == -1) {\n                            if (ncost < d[edge.to][S]) {\n                                d[edge.to][S] = ncost;\n                                update = true;\n                            }\n                        } else {\n                            if (S >> edge.c & 1) continue;\n                            if (ncost - cake[edge.c] < d[edge.to][S | (1 << edge.c)]) {\n                                d[edge.to][S | (1 << edge.c)] = ncost - cake[edge.c];\n                                update = true;\n                            }\n                        }\n                    }\n                }\n            }\n        }\n\n        int res = INF;\n        for (int i = 0; i < (1 << 6); i++) {\n            res = min(res, d[t][i]);\n        }\n\n        cout << res << endl;\n    }\n    return 0;\n}') | LineLLMMutation(('source.cpp', 31), '#include <iostream>\n#include <vector>\n#include <limits>\n#include <algorithm>\nusing namespace std;\n\n#define MAX 1000\n#define INF (1e9)\n\nstruct Edge {\n    int to, cost, c;\n    Edge(int to, int cost, int c) : to(to), cost(cost), c(c) {}\n};\n\nint main() {\n    int M, D, N, K;\n    int d[MAX][1 << 6];\n    while (cin >> M >> N >> K >> D, M) {\n        vector<vector<Edge>> G(MAX); // Changed from unordered_map to vector for better memory locality\n        vector<int> cake(M); // Pre-allocate based on M\n        for (int i = 0; i < M; i++) {\n            cin >> cake[i];\n        }\n        \n        int idx = 0, c;\n        string a, b;\n        vector<int> mp(1 << 6, -1); // Using a vector instead of map for faster access\n        mp[0] = 0; // Initial mapping for "H"\n        for (int i = 0; i < D; i++) {\n            cin >> a >> b >> c;\n            int idA = a[0] == \'C\' ? a[1] - \'1\' : idx++;\n            int idB = b[0] == \'C\' ? b[1] - \'1\' : idx++;\n            if (mp[idA] == -1) mp[idA] = idA; // Only map if not already mapped\n            if (mp[idB] == -1) mp[idB] = idB; // Only map if not already mapped\n            G[mp[idA]].emplace_back(mp[idB], c, idA);\n            G[mp[idB]].emplace_back(mp[idA], c, idB);\n        }\n\n        int s = mp["H"], t = mp["D"];\n        for (int i = 0; i < MAX; i++) {\n            fill(d[i], d[i] + (1 << 6), INF);\n        }\n        d[s][0] = 0;\n        bool update = true;\n\n        while (update) {\n            update = false;\n            for (int i = 0; i < (int)mp.size(); i++) {\n                for (auto &edge : G[i]) {\n                    for (int S = (1 << 6) - 1; S >= 0; S--) {\n                        int ncost = d[i][S];\n                        if (ncost == INF) continue;\n                        ncost += edge.cost * K;\n                        if (edge.c == -1) {\n                            if (ncost < d[edge.to][S]) {\n                                d[edge.to][S] = ncost;\n                                update = true;\n                            }\n                        } else {\n                            if (S >> edge.c & 1) continue;\n                            if (ncost - cake[edge.c] < d[edge.to][S | (1 << edge.c)]) {\n                                d[edge.to][S | (1 << edge.c)] = ncost - cake[edge.c];\n                                update = true;\n                            }\n                        }\n                    }\n                }\n            }\n        }\n\n        int res = INF;\n        for (int i = 0; i < (1 << 6); i++) {\n            res = min(res, d[t][i]);\n        }\n\n        cout << res << endl;\n    }\n    return 0;\n}')"
2025-01-24 11:06:51,202	[INFO]	Step: 68
2025-01-24 11:06:51,202	[INFO]	Stop Steps: 100
2025-01-24 11:06:51,553	[INFO]	6-9     COMPILE_CODE_ERROR    None (--) [2 edit(s)]  
2025-01-24 11:06:51,554	[DEBUG]	patch(6-9)="LineLLMCrossover(('source.cpp', 8), '#include <iostream>\n#include <vector>\n#include <map>\n#include <limits>\n#include <unordered_map>\nusing namespace std;\n\n#define MAX 1000\n#define INF (1e9)\n\nstruct Edge {\n    int to, cost, c;\n    Edge(int to, int cost, int c) : to(to), cost(cost), c(c) {}\n};\n\nint main() {\n    int M, D, N, K;\n    int d[MAX][1 << 6];\n    while (cin >> M >> N >> K >> D, M) {\n        unordered_map<int, vector<Edge>> G;\n        vector<int> cake;\n        cake.reserve(M);\n        for (int i = 0; i < M; i++) {\n            int value;\n            cin >> value;\n            cake.push_back(value);\n        }\n        int idx = 0, c;\n        string a, b;\n        map<string, int> mp;\n        for (int i = 0; i < D; i++) {\n            cin >> a >> b >> c;\n            if (!mp.count(a)) mp[a] = idx++;\n            if (!mp.count(b)) mp[b] = idx++;\n            G[mp[b]].emplace_back(mp[a], c, (a[0] == \'C\') ? a[1] - \'1\' : -1);\n            G[mp[a]].emplace_back(mp[b], c, (b[0] == \'C\') ? b[1] - \'1\' : -1);\n        }\n\n        int s = mp["H"], t = mp["D"];\n        for (int i = 0; i < MAX; i++) {\n            fill(d[i], d[i] + (1 << 6), INF);\n        }\n        d[s][0] = 0;\n        bool update = true;\n\n        while (update) {\n            update = false;\n            for (int i = 0; i < (int)mp.size(); i++) {\n                for (auto &edge : G[i]) {\n                    for (int S = (1 << 6) - 1; S >= 0; S--) {\n                        int ncost = d[i][S];\n                        if (ncost == INF) continue;\n                        ncost += edge.cost * K;\n                        if (edge.c == -1) {\n                            if (ncost < d[edge.to][S]) {\n                                d[edge.to][S] = ncost;\n                                update = true;\n                            }\n                        } else {\n                            if (S >> edge.c & 1) continue;\n                            if (ncost - cake[edge.c] < d[edge.to][S | (1 << edge.c)]) {\n                                d[edge.to][S | (1 << edge.c)] = ncost - cake[edge.c];\n                                update = true;\n                            }\n                        }\n                    }\n                }\n            }\n        }\n\n        int res = INF;\n        for (int i = 0; i < (1 << 6); i++) {\n            res = min(res, d[t][i]);\n        }\n\n        cout << res << endl;\n    }\n    return 0;\n}') | LineLLMMutation(('source.cpp', 32), '#include <iostream>\n#include <vector>\n#include <map>\n#include <limits>\n#include <unordered_map>\nusing namespace std;\n\n#define MAX 1000\n#define INF (1e9)\n\nstruct Edge {\n    int to, cost, c;\n    Edge(int to, int cost, int c) : to(to), cost(cost), c(c) {}\n};\n\nint main() {\n    int M, D, N, K;\n    int d[MAX][1 << 6];\n    while (cin >> M >> N >> K >> D, M) {\n        unordered_map<int, vector<Edge>> G;\n        vector<int> cake(M);\n        for (int &value : cake) {\n            cin >> value;\n        }\n        \n        int idx = 0, c;\n        string a, b;\n        map<string, int> mp;\n        for (int i = 0; i < D; i++) {\n            cin >> a >> b >> c;\n            if (!mp.count(a)) mp[a] = idx++;\n            if (!mp.count(b)) mp[b] = idx++;\n            G[mp[b]].emplace_back(mp[a], c, (a[0] == \'C\') ? a[1] - \'1\' : -1);\n            G[mp[a]].emplace_back(mp[b], c, (b[0] == \'C\') ? b[1] - \'1\' : -1);\n        }\n\n        int s = mp["H"], t = mp["D"];\n        fill(&d[0][0], &d[0][0] + sizeof(d) / sizeof(d[0][0]), INF);\n        d[s][0] = 0;\n        \n        bool update;\n        do {\n            update = false;\n            for (int i = 0; i < (int)mp.size(); i++) {\n                for (const auto &edge : G[i]) {\n                    for (int S = (1 << 6) - 1; S >= 0; S--) {\n                        int ncost = d[i][S];\n                        if (ncost == INF) continue;\n                        ncost += edge.cost * K;\n                        if (edge.c == -1) {\n                            if (ncost < d[edge.to][S]) {\n                                d[edge.to][S] = ncost;\n                                update = true;\n                            }\n                        } else if (!(S & (1 << edge.c))) {\n                            if (ncost - cake[edge.c] < d[edge.to][S | (1 << edge.c)]) {\n                                d[edge.to][S | (1 << edge.c)] = ncost - cake[edge.c];\n                                update = true;\n                            }\n                        }\n                    }\n                }\n            }\n        } while (update);\n\n        int res = *min_element(&d[t][0], &d[t][0] + (1 << 6));\n        cout << res << endl;\n    }\n    return 0;\n}')"
2025-01-24 11:06:51,554	[INFO]	Step: 69
2025-01-24 11:06:51,554	[INFO]	Stop Steps: 100
2025-01-24 11:06:52,591	[DEBUG]	EXEC>  SUCCESS 3015625.9375
2025-01-24 11:06:52,592	[INFO]	6-10    SUCCESS               3015625.94 (105.53%) [2 edit(s)]  
2025-01-24 11:06:52,592	[DEBUG]	patch(6-10)="LineLLMCrossover(('source.cpp', 12), '#include <iostream>\n#include <vector>\n#include <map>\n#include <limits>\n#include <unordered_map>\nusing namespace std;\n\n#define MAX 1000\n#define INF (1e9)\n\nstruct Edge {\n    int to, cost, c;\n    Edge(int to, int cost, int c) : to(to), cost(cost), c(c) {}\n};\n\nint main() {\n    int M, D, N, K;\n    int d[MAX][1 << 6];\n    while (cin >> M >> N >> K >> D, M) {\n        unordered_map<int, vector<Edge>> G;\n        vector<int> cake;\n        cake.reserve(M);\n        for (int i = 0; i < M; i++) {\n            int value;\n            cin >> value;\n            cake.push_back(value);\n        }\n        int idx = 0, c;\n        string a, b;\n        map<string, int> mp;\n        for (int i = 0; i < D; i++) {\n            cin >> a >> b >> c;\n            if (!mp.count(a)) mp[a] = idx++;\n            if (!mp.count(b)) mp[b] = idx++;\n            G[mp[b]].emplace_back(mp[a], c, (a[0] == \'C\') ? a[1] - \'1\' : -1);\n            G[mp[a]].emplace_back(mp[b], c, (b[0] == \'C\') ? b[1] - \'1\' : -1);\n        }\n\n        int s = mp["H"], t = mp["D"];\n        for (int i = 0; i < MAX; i++) {\n            fill(d[i], d[i] + (1 << 6), INF);\n        }\n        d[s][0] = 0;\n        bool update = true;\n\n        while (update) {\n            update = false;\n            for (int i = 0; i < (int)mp.size(); i++) {\n                for (auto &edge : G[i]) {\n                    for (int S = (1 << 6) - 1; S >= 0; S--) {\n                        int ncost = d[i][S];\n                        if (ncost == INF) continue;\n                        ncost += edge.cost * K;\n                        if (edge.c == -1) {\n                            if (ncost < d[edge.to][S]) {\n                                d[edge.to][S] = ncost;\n                                update = true;\n                            }\n                        } else {\n                            if (S >> edge.c & 1) continue;\n                            if (ncost - cake[edge.c] < d[edge.to][S | (1 << edge.c)]) {\n                                d[edge.to][S | (1 << edge.c)] = ncost - cake[edge.c];\n                                update = true;\n                            }\n                        }\n                    }\n                }\n            }\n        }\n\n        int res = INF;\n        for (int i = 0; i < (1 << 6); i++) {\n            res = min(res, d[t][i]);\n        }\n\n        cout << res << endl;\n    }\n    return 0;\n}') | LineLLMMutation(('source.cpp', 33), '#include <iostream>\n#include <vector>\n#include <map>\n#include <limits>\n#include <unordered_map>\n#include <queue>\nusing namespace std;\n\n#define MAX 1000\n#define INF (1e9)\n\nstruct Edge {\n    int to, cost, c;\n    Edge(int to, int cost, int c) : to(to), cost(cost), c(c) {}\n};\n\nint main() {\n    int M, D, N, K;\n    while (cin >> M >> N >> K >> D, M) {\n        unordered_map<int, vector<Edge>> G;\n        vector<int> cake(M);\n        for (int i = 0; i < M; i++) {\n            cin >> cake[i];\n        }\n        \n        int idx = 0, c;\n        string a, b;\n        map<string, int> mp;\n        for (int i = 0; i < D; i++) {\n            cin >> a >> b >> c;\n            if (!mp.count(a)) mp[a] = idx++;\n            if (!mp.count(b)) mp[b] = idx++;\n            G[mp[b]].emplace_back(mp[a], c, (a[0] == \'C\') ? a[1] - \'1\' : -1);\n            G[mp[a]].emplace_back(mp[b], c, (b[0] == \'C\') ? b[1] - \'1\' : -1);\n        }\n\n        int s = mp["H"], t = mp["D"];\n        vector<vector<int>> d(MAX, vector<int>(1 << 6, INF));\n        d[s][0] = 0;\n        \n        priority_queue<pair<int, pair<int, int>>, vector<pair<int, pair<int, int>>>, greater<pair<int, pair<int, int>>>> pq;\n        pq.push({0, {s, 0}});\n\n        while (!pq.empty()) {\n            auto [cost, state] = pq.top(); pq.pop();\n            int node = state.first, S = state.second;\n            if (cost > d[node][S]) continue;\n\n            for (auto &edge : G[node]) {\n                int ncost = cost + edge.cost * K;\n                if (edge.c == -1) {\n                    if (ncost < d[edge.to][S]) {\n                        d[edge.to][S] = ncost;\n                        pq.push({ncost, {edge.to, S}});\n                    }\n                } else {\n                    if (S >> edge.c & 1) continue;\n                    if (ncost - cake[edge.c] < d[edge.to][S | (1 << edge.c)]) {\n                        d[edge.to][S | (1 << edge.c)] = ncost - cake[edge.c];\n                        pq.push({d[edge.to][S | (1 << edge.c)], {edge.to, S | (1 << edge.c)}});\n                    }\n                }\n            }\n        }\n\n        int res = INF;\n        for (int i = 0; i < (1 << 6); i++) {\n            res = min(res, d[t][i]);\n        }\n\n        cout << res << endl;\n    }\n    return 0;\n}')"
2025-01-24 11:06:52,592	[INFO]	Step: 70
2025-01-24 11:06:52,592	[INFO]	Stop Steps: 100
2025-01-24 11:06:54,841	[DEBUG]	EXEC>  SUCCESS 2879884.1875
2025-01-24 11:06:54,841	[INFO]	REF     SUCCESS               2879884.19 (--) [0 edit(s)]  
2025-01-24 11:06:54,842	[INFO]	Best patch: 16
2025-01-24 11:06:55,745	[DEBUG]	EXEC>  SUCCESS 2860352.625
2025-01-24 11:06:55,746	[INFO]	BEST    SUCCESS              *2860352.62 (99.32%) [0 edit(s)]  
2025-01-24 11:06:55,746	[INFO]	Best patch step: 61
2025-01-24 11:10:00,233	[INFO]	Step: 70
2025-01-24 11:10:00,233	[INFO]	Stop Steps: 100
2025-01-24 11:10:01,268	[DEBUG]	EXEC>  SUCCESS 2966683.5625
2025-01-24 11:10:01,268	[INFO]	7-1     SUCCESS              +2966683.56 (103.01%) [1 edit(s)]  
2025-01-24 11:10:01,268	[DEBUG]	patch(7-1)="LineLLMCrossover(('source.cpp', 16), '#include <iostream>\n#include <vector>\n#include <map>\n#include <limits>\n#include <unordered_map>\nusing namespace std;\n\n#define MAX 1000\n#define INF (1e9)\n\nstruct Edge {\n    int to, cost, c;\n    Edge(int to, int cost, int c) : to(to), cost(cost), c(c) {}\n};\n\nint main() {\n    int M, D, N, K;\n    int d[MAX][1 << 6];\n    while (cin >> M >> N >> K >> D, M) {\n        unordered_map<int, vector<Edge>> G;\n        vector<int> cake;\n        cake.reserve(M);\n        for (int i = 0; i < M; i++) {\n            int value;\n            cin >> value;\n            cake.push_back(value);\n        }\n        int idx = 0, c;\n        string a, b;\n        map<string, int> mp;\n        for (int i = 0; i < D; i++) {\n            cin >> a >> b >> c;\n            if (!mp.count(a)) mp[a] = idx++;\n            if (!mp.count(b)) mp[b] = idx++;\n            G[mp[a]].emplace_back(mp[b], c, (a[0] == \'C\') ? a[1] - \'1\' : -1);\n            G[mp[b]].emplace_back(mp[a], c, (b[0] == \'C\') ? b[1] - \'1\' : -1);\n        }\n\n        int s = mp["H"], t = mp["D"];\n        for (int i = 0; i < MAX; i++) {\n            fill(d[i], d[i] + (1 << 6), INF);\n        }\n        d[s][0] = 0;\n        bool update = true;\n\n        while (update) {\n            update = false;\n            for (int i = 0; i < (int)mp.size(); i++) {\n                for (auto &edge : G[i]) {\n                    for (int S = (1 << 6) - 1; S >= 0; S--) {\n                        int ncost = d[i][S];\n                        if (ncost == INF) continue;\n                        ncost += edge.cost * K;\n                        if (edge.c == -1) {\n                            if (ncost < d[edge.to][S]) {\n                                d[edge.to][S] = ncost;\n                                update = true;\n                            }\n                        } else {\n                            if (S >> edge.c & 1) continue;\n                            if (ncost - cake[edge.c] < d[edge.to][S | (1 << edge.c)]) {\n                                d[edge.to][S | (1 << edge.c)] = ncost - cake[edge.c];\n                                update = true;\n                            }\n                        }\n                    }\n                }\n            }\n        }\n\n        int res = INF;\n        for (int i = 0; i < (1 << 6); i++) {\n            res = min(res, d[t][i]);\n        }\n\n        cout << res << endl;\n    }\n    return 0;\n}')"
2025-01-24 11:10:01,268	[INFO]	Step: 71
2025-01-24 11:10:01,268	[INFO]	Stop Steps: 100
2025-01-24 11:10:01,887	[DEBUG]	EXEC>  SUCCESS 2913081.625
2025-01-24 11:10:01,888	[INFO]	7-2     SUCCESS              +2913081.62 (101.15%) [2 edit(s)]  
2025-01-24 11:10:01,888	[DEBUG]	patch(7-2)="LineLLMCrossover(('source.cpp', 19), '#include <iostream>\n#include <vector>\n#include <map>\n#include <limits>\n#include <unordered_map>\nusing namespace std;\n\n#define MAX 1000\n#define INF (1e9)\n\nstruct Edge {\n    int to, cost, c;\n    Edge(int to, int cost, int c) : to(to), cost(cost), c(c) {}\n};\n\nint main() {\n    int M, D, N, K;\n    int d[MAX][1 << 6];\n    while (cin >> M >> N >> K >> D, M) {\n        unordered_map<int, vector<Edge>> G;\n        vector<int> cake;\n        cake.reserve(M);\n        for (int i = 0; i < M; i++) {\n            int value;\n            cin >> value;\n            cake.push_back(value);\n        }\n        int idx = 0, c;\n        string a, b;\n        map<string, int> mp;\n        for (int i = 0; i < D; i++) {\n            cin >> a >> b >> c;\n            if (!mp.count(a)) mp[a] = idx++;\n            if (!mp.count(b)) mp[b] = idx++;\n            G[mp[b]].emplace_back(mp[a], c, (a[0] == \'C\') ? a[1] - \'1\' : -1);\n            G[mp[a]].emplace_back(mp[b], c, (b[0] == \'C\') ? b[1] - \'1\' : -1);\n        }\n\n        int s = mp["H"], t = mp["D"];\n        for (int i = 0; i < MAX; i++) {\n            fill(d[i], d[i] + (1 << 6), INF);\n        }\n        d[s][0] = 0;\n        bool update = true;\n\n        while (update) {\n            update = false;\n            for (int i = 0; i < (int)mp.size(); i++) {\n                for (auto &edge : G[i]) {\n                    for (int S = (1 << 6) - 1; S >= 0; S--) {\n                        int ncost = d[i][S];\n                        if (ncost == INF) continue;\n                        ncost += edge.cost * K;\n                        if (edge.c == -1) {\n                            if (ncost < d[edge.to][S]) {\n                                d[edge.to][S] = ncost;\n                                update = true;\n                            }\n                        } else {\n                            if (S >> edge.c & 1) continue;\n                            if (ncost - cake[edge.c] < d[edge.to][S | (1 << edge.c)]) {\n                                d[edge.to][S | (1 << edge.c)] = ncost - cake[edge.c];\n                                update = true;\n                            }\n                        }\n                    }\n                }\n            }\n        }\n\n        int res = INF;\n        for (int i = 0; i < (1 << 6); i++) {\n            res = min(res, d[t][i]);\n        }\n\n        cout << res << endl;\n    }\n    return 0;\n}') | LineLLMMutation(('source.cpp', 30), "#include <iostream>\n#include <vector>\n#include <limits>\n#include <array>\nusing namespace std;\n\n#define MAX 1000\n#define INF (1e9)\n\nstruct Edge {\n    int to, cost, c;\n    Edge(int to, int cost, int c) : to(to), cost(cost), c(c) {}\n};\n\nint main() {\n    int M, D, N, K;\n    int d[MAX][1 << 6];\n    while (cin >> M >> N >> K >> D, M) {\n        array<vector<Edge>, 100> G; // using fixed-size array instead of unordered_map\n        vector<int> cake;\n        cake.reserve(M);\n        for (int i = 0; i < M; i++) {\n            int value;\n            cin >> value;\n            cake.push_back(value);\n        }\n        int idx = 0, c;\n        string a, b;\n        array<int, 100> mp; // using a fixed-size array instead of map\n        fill(mp.begin(), mp.end(), -1); // initializing with -1 to indicate unused indices\n        for (int i = 0; i < D; i++) {\n            cin >> a >> b >> c;\n            if (mp[a[0]] == -1) { // hash function based on first character\n                mp[a[0]] = idx++;\n            }\n            if (mp[b[0]] == -1) {\n                mp[b[0]] = idx++;\n            }\n            G[mp[b[0]]].emplace_back(mp[a[0]], c, (a[0] == 'C') ? a[1] - '1' : -1);\n            G[mp[a[0]]].emplace_back(mp[b[0]], c, (b[0] == 'C') ? b[1] - '1' : -1);\n        }\n\n        int s = mp['H'], t = mp['D'];\n        for (int i = 0; i < MAX; i++) {\n            fill(d[i], d[i] + (1 << 6), INF);\n        }\n        d[s][0] = 0;\n        bool update = true;\n\n        while (update) {\n            update = false;\n            for (int i = 0; i < (int)mp.size(); i++) {\n                for (auto &edge : G[i]) {\n                    for (int S = (1 << 6) - 1; S >= 0; S--) {\n                        int ncost = d[i][S];\n                        if (ncost == INF) continue;\n                        ncost += edge.cost * K;\n                        if (edge.c == -1) {\n                            if (ncost < d[edge.to][S]) {\n                                d[edge.to][S] = ncost;\n                                update = true;\n                            }\n                        } else {\n                            if (S >> edge.c & 1) continue;\n                            if (ncost - cake[edge.c] < d[edge.to][S | (1 << edge.c)]) {\n                                d[edge.to][S | (1 << edge.c)] = ncost - cake[edge.c];\n                                update = true;\n                            }\n                        }\n                    }\n                }\n            }\n        }\n\n        int res = INF;\n        for (int i = 0; i < (1 << 6); i++) {\n            res = min(res, d[t][i]);\n        }\n\n        cout << res << endl;\n    }\n    return 0;\n}")"
2025-01-24 11:10:01,888	[INFO]	Step: 72
2025-01-24 11:10:01,888	[INFO]	Stop Steps: 100
2025-01-24 11:10:02,778	[DEBUG]	EXEC>  SUCCESS 2896429.9375
2025-01-24 11:10:02,778	[INFO]	7-3     SUCCESS              +2896429.94 (100.57%) [1 edit(s)]  
2025-01-24 11:10:02,778	[DEBUG]	patch(7-3)="LineLLMCrossover(('source.cpp', 24), '#include <iostream>\n#include <vector>\n#include <map>\n#include <limits>\n#include <unordered_map>\n#include <cstdio>\nusing namespace std;\n\n#define MAX 1000\n#define INF (1e9)\n\nstruct Edge {\n    int to, cost, c;\n    Edge(int to, int cost, int c) : to(to), cost(cost), c(c) {}\n};\n\nint main() {\n    int M, D, N, K;\n    int d[MAX][1 << 6];\n    while (scanf("%d%d%d%d", &M, &N, &K, &D), M) {\n        unordered_map<int, vector<Edge>> G;\n        vector<int> cake(M);\n        for (int i = 0; i < M; i++) {\n            scanf("%d", &cake[i]);\n        }\n        int idx = 0, c;\n        string a, b;\n        map<string, int> mp;\n        for (int i = 0; i < D; i++) {\n            cin >> a >> b >> c;\n            if (!mp.count(a)) mp[a] = idx++;\n            if (!mp.count(b)) mp[b] = idx++;\n            G[mp[a]].emplace_back(mp[b], c, (a[0] == \'C\') ? a[1] - \'1\' : -1);\n            G[mp[b]].emplace_back(mp[a], c, (b[0] == \'C\') ? b[1] - \'1\' : -1);\n        }\n\n        int s = mp["H"], t = mp["D"];\n        fill(d[0], d[0] + MAX * (1 << 6), INF);\n        d[s][0] = 0;\n        bool update = true;\n\n        while (update) {\n            update = false;\n            for (int i = 0; i < (int)mp.size(); i++) {\n                for (auto &edge : G[i]) {\n                    for (int S = (1 << 6) - 1; S >= 0; S--) {\n                        int ncost = d[i][S];\n                        if (ncost == INF) continue;\n                        ncost += edge.cost * K;\n                        if (edge.c == -1) {\n                            if (ncost < d[edge.to][S]) {\n                                d[edge.to][S] = ncost;\n                                update = true;\n                            }\n                        } else {\n                            if (S >> edge.c & 1) continue;\n                            if (ncost - cake[edge.c] < d[edge.to][S | (1 << edge.c)]) {\n                                d[edge.to][S | (1 << edge.c)] = ncost - cake[edge.c];\n                                update = true;\n                            }\n                        }\n                    }\n                }\n            }\n        }\n\n        int res = INF;\n        for (int i = 0; i < (1 << 6); i++) {\n            res = min(res, d[t][i]);\n        }\n\n        printf("%d\\n", res);\n    }\n    return 0;\n}')"
2025-01-24 11:10:02,778	[INFO]	Step: 73
2025-01-24 11:10:02,778	[INFO]	Stop Steps: 100
2025-01-24 11:10:03,201	[INFO]	7-4     TEST_CODE_ERROR       None (--) [1 edit(s)]  
2025-01-24 11:10:03,201	[DEBUG]	patch(7-4)="LineLLMCrossover(('source.cpp', 25), '#include <iostream>\n#include <vector>\n#include <limits>\n#include <array>\n#include <cstdio>\nusing namespace std;\n\n#define MAX 1000\n#define INF (1e9)\n\nstruct Edge {\n    int to, cost, c;\n    Edge(int to, int cost, int c) : to(to), cost(cost), c(c) {}\n};\n\nint main() {\n    int M, D, N, K;\n    int d[MAX][1 << 6];\n    while (scanf("%d%d%d%d", &M, &N, &K, &D), M) {\n        array<vector<Edge>, 100> G; // using fixed-size array instead of unordered_map\n        vector<int> cake(M);\n        for (int i = 0; i < M; i++) {\n            scanf("%d", &cake[i]);\n        }\n        int idx = 0, c;\n        string a, b;\n        array<int, 100> mp; // using a fixed-size array instead of map\n        fill(mp.begin(), mp.end(), -1); // initializing with -1 to indicate unused indices\n        for (int i = 0; i < D; i++) {\n            cin >> a >> b >> c;\n            if (mp[a[0]] == -1) {\n                mp[a[0]] = idx++;\n            }\n            if (mp[b[0]] == -1) {\n                mp[b[0]] = idx++;\n            }\n            G[mp[a[0]]].emplace_back(mp[b[0]], c, (a[0] == \'C\') ? a[1] - \'1\' : -1);\n            G[mp[b[0]]].emplace_back(mp[a[0]], c, (b[0] == \'C\') ? b[1] - \'1\' : -1);\n        }\n\n        int s = mp[\'H\'], t = mp[\'D\'];\n        for (int i = 0; i < MAX; i++) {\n            fill(d[i], d[i] + (1 << 6), INF);\n        }\n        d[s][0] = 0;\n        bool update = true;\n\n        while (update) {\n            update = false;\n            for (int i = 0; i < (int)mp.size(); i++) {\n                for (auto &edge : G[i]) {\n                    for (int S = (1 << 6) - 1; S >= 0; S--) {\n                        int ncost = d[i][S];\n                        if (ncost == INF) continue;\n                        ncost += edge.cost * K;\n                        if (edge.c == -1) {\n                            if (ncost < d[edge.to][S]) {\n                                d[edge.to][S] = ncost;\n                                update = true;\n                            }\n                        } else {\n                            if (S >> edge.c & 1) continue;\n                            if (ncost - cake[edge.c] < d[edge.to][S | (1 << edge.c)]) {\n                                d[edge.to][S | (1 << edge.c)] = ncost - cake[edge.c];\n                                update = true;\n                            }\n                        }\n                    }\n                }\n            }\n        }\n\n        int res = INF;\n        for (int i = 0; i < (1 << 6); i++) {\n            res = min(res, d[t][i]);\n        }\n\n        printf("%d\\n", res);\n    }\n    return 0;\n}')"
2025-01-24 11:10:03,201	[INFO]	Step: 74
2025-01-24 11:10:03,201	[INFO]	Stop Steps: 100
2025-01-24 11:10:03,630	[INFO]	7-5     TEST_CODE_ERROR       None (--) [1 edit(s)]  
2025-01-24 11:10:03,630	[DEBUG]	patch(7-5)="LineLLMCrossover(('source.cpp', 26), '#include <iostream>\n#include <vector>\n#include <limits>\n#include <array>\n#include <cstdio>\nusing namespace std;\n\n#define MAX 1000\n#define INF (1e9)\n\nstruct Edge {\n    int to, cost, c;\n    Edge(int to, int cost, int c) : to(to), cost(cost), c(c) {}\n};\n\nint main() {\n    int M, D, N, K;\n    int d[MAX][1 << 6];\n    while (scanf("%d%d%d%d", &M, &N, &K, &D), M) {\n        array<vector<Edge>, 100> G;\n        vector<int> cake(M);\n        for (int i = 0; i < M; i++) {\n            scanf("%d", &cake[i]);\n        }\n        int idx = 0, c;\n        string a, b;\n        array<int, 100> mp;\n        fill(mp.begin(), mp.end(), -1);\n        for (int i = 0; i < D; i++) {\n            cin >> a >> b >> c;\n            if (mp[a[0]] == -1) {\n                mp[a[0]] = idx++;\n            }\n            if (mp[b[0]] == -1) {\n                mp[b[0]] = idx++;\n            }\n            G[mp[a[0]]].emplace_back(mp[b[0]], c, (a[0] == \'C\') ? a[1] - \'1\' : -1);\n            G[mp[b[0]]].emplace_back(mp[a[0]], c, (b[0] == \'C\') ? b[1] - \'1\' : -1);\n        }\n\n        int s = mp[\'H\'], t = mp[\'D\'];\n        for (int i = 0; i < MAX; i++) {\n            fill(d[i], d[i] + (1 << 6), INF);\n        }\n        d[s][0] = 0;\n        bool update = true;\n\n        while (update) {\n            update = false;\n            for (int i = 0; i < (int)mp.size(); i++) {\n                for (auto &edge : G[i]) {\n                    for (int S = (1 << 6) - 1; S >= 0; S--) {\n                        int ncost = d[i][S];\n                        if (ncost == INF) continue;\n                        ncost += edge.cost * K;\n                        if (edge.c == -1) {\n                            if (ncost < d[edge.to][S]) {\n                                d[edge.to][S] = ncost;\n                                update = true;\n                            }\n                        } else {\n                            if (S >> edge.c & 1) continue;\n                            if (ncost - cake[edge.c] < d[edge.to][S | (1 << edge.c)]) {\n                                d[edge.to][S | (1 << edge.c)] = ncost - cake[edge.c];\n                                update = true;\n                            }\n                        }\n                    }\n                }\n            }\n        }\n\n        int res = INF;\n        for (int i = 0; i < (1 << 6); i++) {\n            res = min(res, d[t][i]);\n        }\n\n        printf("%d\\n", res);\n    }\n    return 0;\n}')"
2025-01-24 11:10:03,630	[INFO]	Step: 75
2025-01-24 11:10:03,630	[INFO]	Stop Steps: 100
2025-01-24 11:10:04,511	[DEBUG]	EXEC>  SUCCESS 2887728.4375
2025-01-24 11:10:04,512	[INFO]	7-6     SUCCESS              +2887728.44 (100.27%) [1 edit(s)]  
2025-01-24 11:10:04,512	[DEBUG]	patch(7-6)="LineLLMCrossover(('source.cpp', 27), '#include <iostream>\n#include <vector>\n#include <map>\n#include <limits>\n#include <unordered_map>\n#include <cstdio>\nusing namespace std;\n\n#define MAX 1000\n#define INF (1e9)\n\nstruct Edge {\n    int to, cost, c;\n    Edge(int to, int cost, int c) : to(to), cost(cost), c(c) {}\n};\n\nint main() {\n    int M, D, N, K;\n    int d[MAX][1 << 6];\n    while (scanf("%d%d%d%d", &M, &N, &K, &D), M) {\n        unordered_map<int, vector<Edge>> G;\n        vector<int> cake(M);\n        for (int i = 0; i < M; i++) {\n            scanf("%d", &cake[i]);\n        }\n        int idx = 0, c;\n        string a, b;\n        map<string, int> mp;\n        for (int i = 0; i < D; i++) {\n            cin >> a >> b >> c;\n            if (!mp.count(a)) mp[a] = idx++;\n            if (!mp.count(b)) mp[b] = idx++;\n            G[mp[a]].emplace_back(mp[b], c, (a[0] == \'C\') ? a[1] - \'1\' : -1);\n            G[mp[b]].emplace_back(mp[a], c, (b[0] == \'C\') ? b[1] - \'1\' : -1);\n        }\n\n        int s = mp["H"], t = mp["D"];\n        for (int i = 0; i < MAX; i++) {\n            fill(d[i], d[i] + (1 << 6), INF);\n        }\n        d[s][0] = 0;\n        bool update = true;\n\n        while (update) {\n            update = false;\n            for (int i = 0; i < (int)mp.size(); i++) {\n                for (auto &edge : G[i]) {\n                    for (int S = (1 << 6) - 1; S >= 0; S--) {\n                        int ncost = d[i][S];\n                        if (ncost == INF) continue;\n                        ncost += edge.cost * K;\n                        if (edge.c == -1) {\n                            if (ncost < d[edge.to][S]) {\n                                d[edge.to][S] = ncost;\n                                update = true;\n                            }\n                        } else {\n                            if (S >> edge.c & 1) continue;\n                            if (ncost - cake[edge.c] < d[edge.to][S | (1 << edge.c)]) {\n                                d[edge.to][S | (1 << edge.c)] = ncost - cake[edge.c];\n                                update = true;\n                            }\n                        }\n                    }\n                }\n            }\n        }\n\n        int res = INF;\n        for (int i = 0; i < (1 << 6); i++) {\n            res = min(res, d[t][i]);\n        }\n\n        printf("%d\\n", res);\n    }\n    return 0;\n}')"
2025-01-24 11:10:04,512	[INFO]	Step: 76
2025-01-24 11:10:04,512	[INFO]	Stop Steps: 100
2025-01-24 11:10:05,308	[DEBUG]	EXEC>  SUCCESS 2936690.9375
2025-01-24 11:10:05,308	[INFO]	7-7     SUCCESS               2936690.94 (101.97%) [2 edit(s)]  
2025-01-24 11:10:05,308	[DEBUG]	patch(7-7)="LineLLMCrossover(('source.cpp', 16), '#include <iostream>\n#include <vector>\n#include <map>\n#include <limits>\n#include <unordered_map>\nusing namespace std;\n\n#define MAX 1000\n#define INF (1e9)\n\nstruct Edge {\n    int to, cost, c;\n    Edge(int to, int cost, int c) : to(to), cost(cost), c(c) {}\n};\n\nint main() {\n    int M, D, N, K;\n    int d[MAX][1 << 6];\n    while (cin >> M >> N >> K >> D, M) {\n        unordered_map<int, vector<Edge>> G;\n        vector<int> cake;\n        cake.reserve(M);\n        for (int i = 0; i < M; i++) {\n            int value;\n            cin >> value;\n            cake.push_back(value);\n        }\n        int idx = 0, c;\n        string a, b;\n        map<string, int> mp;\n        for (int i = 0; i < D; i++) {\n            cin >> a >> b >> c;\n            if (!mp.count(a)) mp[a] = idx++;\n            if (!mp.count(b)) mp[b] = idx++;\n            G[mp[a]].emplace_back(mp[b], c, (a[0] == \'C\') ? a[1] - \'1\' : -1);\n            G[mp[b]].emplace_back(mp[a], c, (b[0] == \'C\') ? b[1] - \'1\' : -1);\n        }\n\n        int s = mp["H"], t = mp["D"];\n        for (int i = 0; i < MAX; i++) {\n            fill(d[i], d[i] + (1 << 6), INF);\n        }\n        d[s][0] = 0;\n        bool update = true;\n\n        while (update) {\n            update = false;\n            for (int i = 0; i < (int)mp.size(); i++) {\n                for (auto &edge : G[i]) {\n                    for (int S = (1 << 6) - 1; S >= 0; S--) {\n                        int ncost = d[i][S];\n                        if (ncost == INF) continue;\n                        ncost += edge.cost * K;\n                        if (edge.c == -1) {\n                            if (ncost < d[edge.to][S]) {\n                                d[edge.to][S] = ncost;\n                                update = true;\n                            }\n                        } else {\n                            if (S >> edge.c & 1) continue;\n                            if (ncost - cake[edge.c] < d[edge.to][S | (1 << edge.c)]) {\n                                d[edge.to][S | (1 << edge.c)] = ncost - cake[edge.c];\n                                update = true;\n                            }\n                        }\n                    }\n                }\n            }\n        }\n\n        int res = INF;\n        for (int i = 0; i < (1 << 6); i++) {\n            res = min(res, d[t][i]);\n        }\n\n        cout << res << endl;\n    }\n    return 0;\n}') | LineLLMMutation(('source.cpp', 34), '#include <iostream>\n#include <vector>\n#include <map>\n#include <limits>\nusing namespace std;\n\n#define MAX 1000\n#define INF (1e9)\n\nstruct Edge {\n    int to, cost, c;\n    Edge(int to, int cost, int c) : to(to), cost(cost), c(c) {}\n};\n\nint main() {\n    int M, D, N, K;\n    int d[MAX][1 << 6];\n    while (cin >> M >> N >> K >> D, M) {\n        // Use static array instead of unordered_map for fixed size\n        vector<Edge> G[MAX]; // changed from unordered_map to vector array\n        int cake[MAX];\n        for (int i = 0; i < M; i++) {\n            cin >> cake[i]; // directly using static array\n        }\n\n        int idx = 0, c;\n        string a, b;\n        map<string, int> mp;\n        for (int i = 0; i < D; i++) {\n            cin >> a >> b >> c;\n            if (!mp.count(a)) mp[a] = idx++;\n            if (!mp.count(b)) mp[b] = idx++;\n            G[mp[a]].emplace_back(mp[b], c, (a[0] == \'C\') ? a[1] - \'1\' : -1);\n            G[mp[b]].emplace_back(mp[a], c, (b[0] == \'C\') ? b[1] - \'1\' : -1);\n        }\n\n        int s = mp["H"], t = mp["D"];\n        for (int i = 0; i < MAX; i++) {\n            fill(d[i], d[i] + (1 << 6), INF);\n        }\n        d[s][0] = 0;\n        bool update = true;\n\n        while (update) {\n            update = false;\n            for (int i = 0; i < (int)mp.size(); i++) {\n                for (auto &edge : G[i]) {\n                    for (int S = (1 << 6) - 1; S >= 0; S--) {\n                        int ncost = d[i][S];\n                        if (ncost == INF) continue;\n                        ncost += edge.cost * K;\n                        if (edge.c == -1) {\n                            if (ncost < d[edge.to][S]) {\n                                d[edge.to][S] = ncost;\n                                update = true;\n                            }\n                        } else {\n                            if (S >> edge.c & 1) continue;\n                            if (ncost - cake[edge.c] < d[edge.to][S | (1 << edge.c)]) {\n                                d[edge.to][S | (1 << edge.c)] = ncost - cake[edge.c];\n                                update = true;\n                            }\n                        }\n                    }\n                }\n            }\n        }\n\n        int res = INF;\n        for (int i = 0; i < (1 << 6); i++) {\n            res = min(res, d[t][i]);\n        }\n\n        cout << res << endl;\n    }\n    return 0;\n}')"
2025-01-24 11:10:05,308	[INFO]	Step: 77
2025-01-24 11:10:05,308	[INFO]	Stop Steps: 100
2025-01-24 11:10:05,623	[INFO]	7-8     COMPILE_CODE_ERROR    None (--) [3 edit(s)]  
2025-01-24 11:10:05,623	[DEBUG]	patch(7-8)="LineLLMCrossover(('source.cpp', 19), '#include <iostream>\n#include <vector>\n#include <map>\n#include <limits>\n#include <unordered_map>\nusing namespace std;\n\n#define MAX 1000\n#define INF (1e9)\n\nstruct Edge {\n    int to, cost, c;\n    Edge(int to, int cost, int c) : to(to), cost(cost), c(c) {}\n};\n\nint main() {\n    int M, D, N, K;\n    int d[MAX][1 << 6];\n    while (cin >> M >> N >> K >> D, M) {\n        unordered_map<int, vector<Edge>> G;\n        vector<int> cake;\n        cake.reserve(M);\n        for (int i = 0; i < M; i++) {\n            int value;\n            cin >> value;\n            cake.push_back(value);\n        }\n        int idx = 0, c;\n        string a, b;\n        map<string, int> mp;\n        for (int i = 0; i < D; i++) {\n            cin >> a >> b >> c;\n            if (!mp.count(a)) mp[a] = idx++;\n            if (!mp.count(b)) mp[b] = idx++;\n            G[mp[b]].emplace_back(mp[a], c, (a[0] == \'C\') ? a[1] - \'1\' : -1);\n            G[mp[a]].emplace_back(mp[b], c, (b[0] == \'C\') ? b[1] - \'1\' : -1);\n        }\n\n        int s = mp["H"], t = mp["D"];\n        for (int i = 0; i < MAX; i++) {\n            fill(d[i], d[i] + (1 << 6), INF);\n        }\n        d[s][0] = 0;\n        bool update = true;\n\n        while (update) {\n            update = false;\n            for (int i = 0; i < (int)mp.size(); i++) {\n                for (auto &edge : G[i]) {\n                    for (int S = (1 << 6) - 1; S >= 0; S--) {\n                        int ncost = d[i][S];\n                        if (ncost == INF) continue;\n                        ncost += edge.cost * K;\n                        if (edge.c == -1) {\n                            if (ncost < d[edge.to][S]) {\n                                d[edge.to][S] = ncost;\n                                update = true;\n                            }\n                        } else {\n                            if (S >> edge.c & 1) continue;\n                            if (ncost - cake[edge.c] < d[edge.to][S | (1 << edge.c)]) {\n                                d[edge.to][S | (1 << edge.c)] = ncost - cake[edge.c];\n                                update = true;\n                            }\n                        }\n                    }\n                }\n            }\n        }\n\n        int res = INF;\n        for (int i = 0; i < (1 << 6); i++) {\n            res = min(res, d[t][i]);\n        }\n\n        cout << res << endl;\n    }\n    return 0;\n}') | LineLLMMutation(('source.cpp', 30), "#include <iostream>\n#include <vector>\n#include <limits>\n#include <array>\nusing namespace std;\n\n#define MAX 1000\n#define INF (1e9)\n\nstruct Edge {\n    int to, cost, c;\n    Edge(int to, int cost, int c) : to(to), cost(cost), c(c) {}\n};\n\nint main() {\n    int M, D, N, K;\n    int d[MAX][1 << 6];\n    while (cin >> M >> N >> K >> D, M) {\n        array<vector<Edge>, 100> G; // using fixed-size array instead of unordered_map\n        vector<int> cake;\n        cake.reserve(M);\n        for (int i = 0; i < M; i++) {\n            int value;\n            cin >> value;\n            cake.push_back(value);\n        }\n        int idx = 0, c;\n        string a, b;\n        array<int, 100> mp; // using a fixed-size array instead of map\n        fill(mp.begin(), mp.end(), -1); // initializing with -1 to indicate unused indices\n        for (int i = 0; i < D; i++) {\n            cin >> a >> b >> c;\n            if (mp[a[0]] == -1) { // hash function based on first character\n                mp[a[0]] = idx++;\n            }\n            if (mp[b[0]] == -1) {\n                mp[b[0]] = idx++;\n            }\n            G[mp[b[0]]].emplace_back(mp[a[0]], c, (a[0] == 'C') ? a[1] - '1' : -1);\n            G[mp[a[0]]].emplace_back(mp[b[0]], c, (b[0] == 'C') ? b[1] - '1' : -1);\n        }\n\n        int s = mp['H'], t = mp['D'];\n        for (int i = 0; i < MAX; i++) {\n            fill(d[i], d[i] + (1 << 6), INF);\n        }\n        d[s][0] = 0;\n        bool update = true;\n\n        while (update) {\n            update = false;\n            for (int i = 0; i < (int)mp.size(); i++) {\n                for (auto &edge : G[i]) {\n                    for (int S = (1 << 6) - 1; S >= 0; S--) {\n                        int ncost = d[i][S];\n                        if (ncost == INF) continue;\n                        ncost += edge.cost * K;\n                        if (edge.c == -1) {\n                            if (ncost < d[edge.to][S]) {\n                                d[edge.to][S] = ncost;\n                                update = true;\n                            }\n                        } else {\n                            if (S >> edge.c & 1) continue;\n                            if (ncost - cake[edge.c] < d[edge.to][S | (1 << edge.c)]) {\n                                d[edge.to][S | (1 << edge.c)] = ncost - cake[edge.c];\n                                update = true;\n                            }\n                        }\n                    }\n                }\n            }\n        }\n\n        int res = INF;\n        for (int i = 0; i < (1 << 6); i++) {\n            res = min(res, d[t][i]);\n        }\n\n        cout << res << endl;\n    }\n    return 0;\n}") | LineLLMMutation(('source.cpp', 35), "#include <iostream>\n#include <vector>\n#include <limits>\n#include <array>\n#include <unordered_map>\nusing namespace std;\n\n#define MAX 1000\n#define INF (1e9)\n\nstruct Edge {\n    int to, cost, c;\n    Edge(int to, int cost, int c) : to(to), cost(cost), c(c) {}\n};\n\nint main() {\n    int M, D, N, K;\n    int d[MAX][1 << 6];\n    while (cin >> M >> N >> K >> D, M) {\n        vector<vector<Edge>> G(100); // Using vector for dynamic sizing\n        vector<int> cake;\n        cake.reserve(M);\n        for (int i = 0; i < M; i++) {\n            int value;\n            cin >> value;\n            cake.push_back(value);\n        }\n        unordered_map<char, int> mp; // Using unordered_map for dynamic size\n        int idx = 0;\n        string a, b;\n        for (int i = 0; i < D; i++) {\n            cin >> a >> b >> c;\n            if (mp.find(a[0]) == mp.end()) {\n                mp[a[0]] = idx++;\n            }\n            if (mp.find(b[0]) == mp.end()) {\n                mp[b[0]] = idx++;\n            }\n            G[mp[b[0]]].emplace_back(mp[a[0]], c, (a[0] == 'C') ? a[1] - '1' : -1);\n            G[mp[a[0]]].emplace_back(mp[b[0]], c, (b[0] == 'C') ? b[1] - '1' : -1);\n        }\n\n        int s = mp['H'], t = mp['D'];\n        for (int i = 0; i < MAX; i++) {\n            fill(d[i], d[i] + (1 << 6), INF);\n        }\n        d[s][0] = 0;\n        bool update = true;\n\n        while (update) {\n            update = false;\n            for (int i = 0; i < idx; i++) { // Loop through actual size of mp\n                for (auto &edge : G[i]) {\n                    for (int S = (1 << 6) - 1; S >= 0; S--) {\n                        int ncost = d[i][S];\n                        if (ncost == INF) continue;\n                        ncost += edge.cost * K;\n                        if (edge.c == -1) {\n                            if (ncost < d[edge.to][S]) {\n                                d[edge.to][S] = ncost;\n                                update = true;\n                            }\n                        } else {\n                            if (S >> edge.c & 1) continue;\n                            if (ncost - cake[edge.c] < d[edge.to][S | (1 << edge.c)]) {\n                                d[edge.to][S | (1 << edge.c)] = ncost - cake[edge.c];\n                                update = true;\n                            }\n                        }\n                    }\n                }\n            }\n        }\n\n        int res = INF;\n        for (int i = 0; i < (1 << 6); i++) {\n            res = min(res, d[t][i]);\n        }\n\n        cout << res << endl;\n    }\n    return 0;\n}")"
2025-01-24 11:10:05,623	[INFO]	Step: 78
2025-01-24 11:10:05,623	[INFO]	Stop Steps: 100
2025-01-24 11:10:06,554	[DEBUG]	EXEC>  SUCCESS 2538028.875
2025-01-24 11:10:06,554	[INFO]	7-9     SUCCESS              *2538028.88 (88.13%) [2 edit(s)]  
2025-01-24 11:10:06,554	[DEBUG]	patch(7-9)="LineLLMCrossover(('source.cpp', 21), '#include <iostream>\n#include <vector>\n#include <map>\n#include <limits>\n#include <unordered_map>\n#include <cstdio> // for scanf and printf\nusing namespace std;\n\n#define MAX 1000\n#define INF (1e9)\n\nstruct Edge {\n    int to, cost, c;\n    Edge(int to, int cost, int c) : to(to), cost(cost), c(c) {}\n};\n\nint main() {\n    int M, D, N, K;\n    int d[MAX][1 << 6];\n    while (scanf("%d%d%d%d", &M, &N, &K, &D), M) {\n        unordered_map<int, vector<Edge>> G;\n        vector<int> cake(M);\n        for (int i = 0; i < M; i++) {\n            scanf("%d", &cake[i]);\n        }\n        int idx = 0, c;\n        string a, b;\n        map<string, int> mp;\n        for (int i = 0; i < D; i++) {\n            cin >> a >> b >> c;\n            if (!mp.count(a)) mp[a] = idx++;\n            if (!mp.count(b)) mp[b] = idx++;\n            G[mp[a]].emplace_back(mp[b], c, (a[0] == \'C\') ? a[1] - \'1\' : -1);\n            G[mp[b]].emplace_back(mp[a], c, (b[0] == \'C\') ? b[1] - \'1\' : -1);\n        }\n\n        int s = mp["H"], t = mp["D"];\n        fill(d[0], d[0] + MAX * (1 << 6), INF);\n        d[s][0] = 0;\n        bool update = true;\n\n        while (update) {\n            update = false;\n            for (int i = 0; i < (int)mp.size(); i++) {\n                for (auto &edge : G[i]) {\n                    for (int S = (1 << 6) - 1; S >= 0; S--) {\n                        int ncost = d[i][S];\n                        if (ncost == INF) continue;\n                        ncost += edge.cost * K;\n                        if (edge.c == -1) {\n                            if (ncost < d[edge.to][S]) {\n                                d[edge.to][S] = ncost;\n                                update = true;\n                            }\n                        } else {\n                            if (S >> edge.c & 1) continue;\n                            if (ncost - cake[edge.c] < d[edge.to][S | (1 << edge.c)]) {\n                                d[edge.to][S | (1 << edge.c)] = ncost - cake[edge.c];\n                                update = true;\n                            }\n                        }\n                    }\n                }\n            }\n        }\n\n        int res = INF;\n        for (int i = 0; i < (1 << 6); i++) {\n            res = min(res, d[t][i]);\n        }\n\n        printf("%d\\n", res);\n    }\n    return 0;\n}') | LineLLMMutation(('source.cpp', 36), '#include <iostream>\n#include <vector>\n#include <map>\n#include <limits>\n#include <unordered_map>\n#include <cstdio> // for scanf and printf\nusing namespace std;\n\n#define MAX 1000\n#define INF (1e9)\n\nstruct Edge {\n    int to, cost, c;\n    Edge(int to, int cost, int c) : to(to), cost(cost), c(c) {}\n};\n\nint main() {\n    int M, D, N, K;\n    while (scanf("%d%d%d%d", &M, &N, &K, &D), M) {\n        unordered_map<int, vector<Edge>> G;\n        vector<int> cake(M);\n        for (int i = 0; i < M; i++) {\n            scanf("%d", &cake[i]);\n        }\n        int idx = 0, c;\n        string a, b;\n        map<string, int> mp;\n        for (int i = 0; i < D; i++) {\n            cin >> a >> b >> c;\n            if (!mp.count(a)) mp[a] = idx++;\n            if (!mp.count(b)) mp[b] = idx++;\n            G[mp[a]].emplace_back(mp[b], c, (a[0] == \'C\') ? a[1] - \'1\' : -1);\n            G[mp[b]].emplace_back(mp[a], c, (b[0] == \'C\') ? b[1] - \'1\' : -1);\n        }\n\n        int s = mp["H"], t = mp["D"];\n        // Dynamically allocate distance array based on the number of vertices and mask size\n        vector<vector<int>> d(idx, vector<int>(1 << 6, INF));\n        d[s][0] = 0;\n        bool update = true;\n\n        while (update) {\n            update = false;\n            for (int i = 0; i < idx; i++) {\n                for (auto &edge : G[i]) {\n                    for (int S = (1 << 6) - 1; S >= 0; S--) {\n                        int ncost = d[i][S];\n                        if (ncost == INF) continue;\n                        ncost += edge.cost * K;\n                        if (edge.c == -1) {\n                            if (ncost < d[edge.to][S]) {\n                                d[edge.to][S] = ncost;\n                                update = true;\n                            }\n                        } else {\n                            if (S >> edge.c & 1) continue;\n                            if (ncost - cake[edge.c] < d[edge.to][S | (1 << edge.c)]) {\n                                d[edge.to][S | (1 << edge.c)] = ncost - cake[edge.c];\n                                update = true;\n                            }\n                        }\n                    }\n                }\n            }\n        }\n\n        int res = INF;\n        for (int i = 0; i < (1 << 6); i++) {\n            res = min(res, d[t][i]);\n        }\n\n        printf("%d\\n", res);\n    }\n    return 0;\n}')"

2025-01-24 11:10:06,554	[INFO]	Step: 79
2025-01-24 11:10:06,554	[INFO]	Stop Steps: 100
2025-01-24 11:10:07,539	[DEBUG]	EXEC>  SUCCESS 2877173.625
2025-01-24 11:10:07,539	[INFO]	7-10    SUCCESS               2877173.62 (99.91%) [2 edit(s)]  
2025-01-24 11:10:07,539	[DEBUG]	patch(7-10)="LineLLMCrossover(('source.cpp', 23), '#include <iostream>\n#include <vector>\n#include <map>\n#include <limits>\n#include <unordered_map>\n#include <cstdio> // for scanf and printf\nusing namespace std;\n\n#define MAX 1000\n#define INF (1e9)\n\nstruct Edge {\n    int to, cost, c;\n    Edge(int to, int cost, int c) : to(to), cost(cost), c(c) {}\n};\n\nint main() {\n    int M, D, N, K;\n    int d[MAX][1 << 6];\n    while (scanf("%d%d%d%d", &M, &N, &K, &D), M) {\n        unordered_map<int, vector<Edge>> G;\n        vector<int> cake(M);\n        for (int i = 0; i < M; i++) {\n            scanf("%d", &cake[i]);\n        }\n        int idx = 0, c;\n        string a, b;\n        map<string, int> mp;\n        for (int i = 0; i < D; i++) {\n            cin >> a >> b >> c;\n            if (!mp.count(a)) mp[a] = idx++;\n            if (!mp.count(b)) mp[b] = idx++;\n            G[mp[b]].emplace_back(mp[a], c, (a[0] == \'C\') ? a[1] - \'1\' : -1);\n            G[mp[a]].emplace_back(mp[b], c, (b[0] == \'C\') ? b[1] - \'1\' : -1);\n        }\n\n        int s = mp["H"], t = mp["D"];\n        for (int i = 0; i < MAX; i++) {\n            fill(d[i], d[i] + (1 << 6), INF);\n        }\n        d[s][0] = 0;\n        bool update = true;\n\n        while (update) {\n            update = false;\n            for (int i = 0; i < (int)mp.size(); i++) {\n                for (auto &edge : G[i]) {\n                    for (int S = (1 << 6) - 1; S >= 0; S--) {\n                        int ncost = d[i][S];\n                        if (ncost == INF) continue;\n                        ncost += edge.cost * K;\n                        if (edge.c == -1) {\n                            if (ncost < d[edge.to][S]) {\n                                d[edge.to][S] = ncost;\n                                update = true;\n                            }\n                        } else {\n                            if (S >> edge.c & 1) continue;\n                            if (ncost - cake[edge.c] < d[edge.to][S | (1 << edge.c)]) {\n                                d[edge.to][S | (1 << edge.c)] = ncost - cake[edge.c];\n                                update = true;\n                            }\n                        }\n                    }\n                }\n            }\n        }\n\n        int res = INF;\n        for (int i = 0; i < (1 << 6); i++) {\n            res = min(res, d[t][i]);\n        }\n\n        printf("%d\\n", res);\n    }\n    return 0;\n}') | LineLLMMutation(('source.cpp', 37), '#include <iostream>\n#include <vector>\n#include <map>\n#include <limits>\n#include <unordered_map>\n#include <queue>\n#include <cstdio> // for scanf and printf\nusing namespace std;\n\n#define MAX 1000\n#define INF (1e9)\n\nstruct Edge {\n    int to, cost, c;\n    Edge(int to, int cost, int c) : to(to), cost(cost), c(c) {}\n};\n\nint main() {\n    int M, D, N, K;\n    int d[MAX][1 << 6];\n    while (scanf("%d%d%d%d", &M, &N, &K, &D), M) {\n        unordered_map<int, vector<Edge>> G;\n        vector<int> cake(M);\n        for (int i = 0; i < M; i++) {\n            scanf("%d", &cake[i]);\n        }\n        int idx = 0, c;\n        string a, b;\n        map<string, int> mp;\n        for (int i = 0; i < D; i++) {\n            cin >> a >> b >> c;\n            if (!mp.count(a)) mp[a] = idx++;\n            if (!mp.count(b)) mp[b] = idx++;\n            G[mp[b]].emplace_back(mp[a], c, (a[0] == \'C\') ? a[1] - \'1\' : -1);\n            G[mp[a]].emplace_back(mp[b], c, (b[0] == \'C\') ? b[1] - \'1\' : -1);\n        }\n\n        int s = mp["H"], t = mp["D"];\n        for (int i = 0; i < MAX; i++) {\n            fill(d[i], d[i] + (1 << 6), INF);\n        }\n        d[s][0] = 0;\n        \n        using State = pair<int, pair<int, int>>; // {cost, {node, state}}\n        priority_queue<State, vector<State>, greater<State>> pq;\n        pq.push({0, {s, 0}});\n        \n        while (!pq.empty()) {\n            auto [cost, state] = pq.top(); pq.pop();\n            int node = state.first, S = state.second;\n\n            if (cost > d[node][S]) continue;\n\n            for (auto &edge : G[node]) {\n                int ncost = cost + edge.cost * K;\n                if (edge.c == -1) {\n                    if (ncost < d[edge.to][S]) {\n                        d[edge.to][S] = ncost;\n                        pq.push({ncost, {edge.to, S}});\n                    }\n                } else {\n                    if (S >> edge.c & 1) continue;\n                    if (ncost - cake[edge.c] < d[edge.to][S | (1 << edge.c)]) {\n                        d[edge.to][S | (1 << edge.c)] = ncost - cake[edge.c];\n                        pq.push({d[edge.to][S | (1 << edge.c)], {edge.to, S | (1 << edge.c)}});\n                    }\n                }\n            }\n        }\n\n        int res = INF;\n        for (int i = 0; i < (1 << 6); i++) {\n            res = min(res, d[t][i]);\n        }\n\n        printf("%d\\n", res);\n    }\n    return 0;\n}')"
2025-01-24 11:10:07,540	[INFO]	Step: 80
2025-01-24 11:10:07,540	[INFO]	Stop Steps: 100
2025-01-24 11:10:09,671	[DEBUG]	EXEC>  SUCCESS 2946057.0
2025-01-24 11:10:09,671	[INFO]	REF     SUCCESS               2946057.00 (--) [0 edit(s)]  
2025-01-24 11:10:09,671	[INFO]	Best patch: 21_36
2025-01-24 11:10:10,595	[DEBUG]	EXEC>  SUCCESS 2527198.5
2025-01-24 11:10:10,596	[INFO]	BEST    SUCCESS              *2527198.50 (85.78%) [0 edit(s)]  
2025-01-24 11:10:10,596	[INFO]	Best patch step: 78
2025-01-24 11:12:12,160	[INFO]	Step: 80
2025-01-24 11:12:12,160	[INFO]	Stop Steps: 100
2025-01-24 11:12:13,209	[DEBUG]	EXEC>  SUCCESS 2568068.0625
2025-01-24 11:12:13,209	[INFO]	8-1     SUCCESS              +2568068.06 (87.17%) [2 edit(s)]  
2025-01-24 11:12:13,209	[DEBUG]	patch(8-1)="LineLLMCrossover(('source.cpp', 21), '#include <iostream>\n#include <vector>\n#include <map>\n#include <limits>\n#include <unordered_map>\n#include <cstdio> // for scanf and printf\nusing namespace std;\n\n#define MAX 1000\n#define INF (1e9)\n\nstruct Edge {\n    int to, cost, c;\n    Edge(int to, int cost, int c) : to(to), cost(cost), c(c) {}\n};\n\nint main() {\n    int M, D, N, K;\n    int d[MAX][1 << 6];\n    while (scanf("%d%d%d%d", &M, &N, &K, &D), M) {\n        unordered_map<int, vector<Edge>> G;\n        vector<int> cake(M);\n        for (int i = 0; i < M; i++) {\n            scanf("%d", &cake[i]);\n        }\n        int idx = 0, c;\n        string a, b;\n        map<string, int> mp;\n        for (int i = 0; i < D; i++) {\n            cin >> a >> b >> c;\n            if (!mp.count(a)) mp[a] = idx++;\n            if (!mp.count(b)) mp[b] = idx++;\n            G[mp[a]].emplace_back(mp[b], c, (a[0] == \'C\') ? a[1] - \'1\' : -1);\n            G[mp[b]].emplace_back(mp[a], c, (b[0] == \'C\') ? b[1] - \'1\' : -1);\n        }\n\n        int s = mp["H"], t = mp["D"];\n        fill(d[0], d[0] + MAX * (1 << 6), INF);\n        d[s][0] = 0;\n        bool update = true;\n\n        while (update) {\n            update = false;\n            for (int i = 0; i < (int)mp.size(); i++) {\n                for (auto &edge : G[i]) {\n                    for (int S = (1 << 6) - 1; S >= 0; S--) {\n                        int ncost = d[i][S];\n                        if (ncost == INF) continue;\n                        ncost += edge.cost * K;\n                        if (edge.c == -1) {\n                            if (ncost < d[edge.to][S]) {\n                                d[edge.to][S] = ncost;\n                                update = true;\n                            }\n                        } else {\n                            if (S >> edge.c & 1) continue;\n                            if (ncost - cake[edge.c] < d[edge.to][S | (1 << edge.c)]) {\n                                d[edge.to][S | (1 << edge.c)] = ncost - cake[edge.c];\n                                update = true;\n                            }\n                        }\n                    }\n                }\n            }\n        }\n\n        int res = INF;\n        for (int i = 0; i < (1 << 6); i++) {\n            res = min(res, d[t][i]);\n        }\n\n        printf("%d\\n", res);\n    }\n    return 0;\n}') | LineLLMMutation(('source.cpp', 36), '#include <iostream>\n#include <vector>\n#include <map>\n#include <limits>\n#include <unordered_map>\n#include <cstdio> // for scanf and printf\nusing namespace std;\n\n#define MAX 1000\n#define INF (1e9)\n\nstruct Edge {\n    int to, cost, c;\n    Edge(int to, int cost, int c) : to(to), cost(cost), c(c) {}\n};\n\nint main() {\n    int M, D, N, K;\n    while (scanf("%d%d%d%d", &M, &N, &K, &D), M) {\n        unordered_map<int, vector<Edge>> G;\n        vector<int> cake(M);\n        for (int i = 0; i < M; i++) {\n            scanf("%d", &cake[i]);\n        }\n        int idx = 0, c;\n        string a, b;\n        map<string, int> mp;\n        for (int i = 0; i < D; i++) {\n            cin >> a >> b >> c;\n            if (!mp.count(a)) mp[a] = idx++;\n            if (!mp.count(b)) mp[b] = idx++;\n            G[mp[a]].emplace_back(mp[b], c, (a[0] == \'C\') ? a[1] - \'1\' : -1);\n            G[mp[b]].emplace_back(mp[a], c, (b[0] == \'C\') ? b[1] - \'1\' : -1);\n        }\n\n        int s = mp["H"], t = mp["D"];\n        // Dynamically allocate distance array based on the number of vertices and mask size\n        vector<vector<int>> d(idx, vector<int>(1 << 6, INF));\n        d[s][0] = 0;\n        bool update = true;\n\n        while (update) {\n            update = false;\n            for (int i = 0; i < idx; i++) {\n                for (auto &edge : G[i]) {\n                    for (int S = (1 << 6) - 1; S >= 0; S--) {\n                        int ncost = d[i][S];\n                        if (ncost == INF) continue;\n                        ncost += edge.cost * K;\n                        if (edge.c == -1) {\n                            if (ncost < d[edge.to][S]) {\n                                d[edge.to][S] = ncost;\n                                update = true;\n                            }\n                        } else {\n                            if (S >> edge.c & 1) continue;\n                            if (ncost - cake[edge.c] < d[edge.to][S | (1 << edge.c)]) {\n                                d[edge.to][S | (1 << edge.c)] = ncost - cake[edge.c];\n                                update = true;\n                            }\n                        }\n                    }\n                }\n            }\n        }\n\n        int res = INF;\n        for (int i = 0; i < (1 << 6); i++) {\n            res = min(res, d[t][i]);\n        }\n\n        printf("%d\\n", res);\n    }\n    return 0;\n}')"
2025-01-24 11:12:13,209	[INFO]	Step: 81
2025-01-24 11:12:13,209	[INFO]	Stop Steps: 100
2025-01-24 11:12:14,188	[DEBUG]	EXEC>  SUCCESS 2894653.125
2025-01-24 11:12:14,189	[INFO]	8-2     SUCCESS               2894653.12 (98.26%) [2 edit(s)]  
2025-01-24 11:12:14,189	[DEBUG]	patch(8-2)="LineLLMCrossover(('source.cpp', 23), '#include <iostream>\n#include <vector>\n#include <map>\n#include <limits>\n#include <unordered_map>\n#include <cstdio> // for scanf and printf\nusing namespace std;\n\n#define MAX 1000\n#define INF (1e9)\n\nstruct Edge {\n    int to, cost, c;\n    Edge(int to, int cost, int c) : to(to), cost(cost), c(c) {}\n};\n\nint main() {\n    int M, D, N, K;\n    int d[MAX][1 << 6];\n    while (scanf("%d%d%d%d", &M, &N, &K, &D), M) {\n        unordered_map<int, vector<Edge>> G;\n        vector<int> cake(M);\n        for (int i = 0; i < M; i++) {\n            scanf("%d", &cake[i]);\n        }\n        int idx = 0, c;\n        string a, b;\n        map<string, int> mp;\n        for (int i = 0; i < D; i++) {\n            cin >> a >> b >> c;\n            if (!mp.count(a)) mp[a] = idx++;\n            if (!mp.count(b)) mp[b] = idx++;\n            G[mp[b]].emplace_back(mp[a], c, (a[0] == \'C\') ? a[1] - \'1\' : -1);\n            G[mp[a]].emplace_back(mp[b], c, (b[0] == \'C\') ? b[1] - \'1\' : -1);\n        }\n\n        int s = mp["H"], t = mp["D"];\n        for (int i = 0; i < MAX; i++) {\n            fill(d[i], d[i] + (1 << 6), INF);\n        }\n        d[s][0] = 0;\n        bool update = true;\n\n        while (update) {\n            update = false;\n            for (int i = 0; i < (int)mp.size(); i++) {\n                for (auto &edge : G[i]) {\n                    for (int S = (1 << 6) - 1; S >= 0; S--) {\n                        int ncost = d[i][S];\n                        if (ncost == INF) continue;\n                        ncost += edge.cost * K;\n                        if (edge.c == -1) {\n                            if (ncost < d[edge.to][S]) {\n                                d[edge.to][S] = ncost;\n                                update = true;\n                            }\n                        } else {\n                            if (S >> edge.c & 1) continue;\n                            if (ncost - cake[edge.c] < d[edge.to][S | (1 << edge.c)]) {\n                                d[edge.to][S | (1 << edge.c)] = ncost - cake[edge.c];\n                                update = true;\n                            }\n                        }\n                    }\n                }\n            }\n        }\n\n        int res = INF;\n        for (int i = 0; i < (1 << 6); i++) {\n            res = min(res, d[t][i]);\n        }\n\n        printf("%d\\n", res);\n    }\n    return 0;\n}') | LineLLMMutation(('source.cpp', 37), '#include <iostream>\n#include <vector>\n#include <map>\n#include <limits>\n#include <unordered_map>\n#include <queue>\n#include <cstdio> // for scanf and printf\nusing namespace std;\n\n#define MAX 1000\n#define INF (1e9)\n\nstruct Edge {\n    int to, cost, c;\n    Edge(int to, int cost, int c) : to(to), cost(cost), c(c) {}\n};\n\nint main() {\n    int M, D, N, K;\n    int d[MAX][1 << 6];\n    while (scanf("%d%d%d%d", &M, &N, &K, &D), M) {\n        unordered_map<int, vector<Edge>> G;\n        vector<int> cake(M);\n        for (int i = 0; i < M; i++) {\n            scanf("%d", &cake[i]);\n        }\n        int idx = 0, c;\n        string a, b;\n        map<string, int> mp;\n        for (int i = 0; i < D; i++) {\n            cin >> a >> b >> c;\n            if (!mp.count(a)) mp[a] = idx++;\n            if (!mp.count(b)) mp[b] = idx++;\n            G[mp[b]].emplace_back(mp[a], c, (a[0] == \'C\') ? a[1] - \'1\' : -1);\n            G[mp[a]].emplace_back(mp[b], c, (b[0] == \'C\') ? b[1] - \'1\' : -1);\n        }\n\n        int s = mp["H"], t = mp["D"];\n        for (int i = 0; i < MAX; i++) {\n            fill(d[i], d[i] + (1 << 6), INF);\n        }\n        d[s][0] = 0;\n        \n        using State = pair<int, pair<int, int>>; // {cost, {node, state}}\n        priority_queue<State, vector<State>, greater<State>> pq;\n        pq.push({0, {s, 0}});\n        \n        while (!pq.empty()) {\n            auto [cost, state] = pq.top(); pq.pop();\n            int node = state.first, S = state.second;\n\n            if (cost > d[node][S]) continue;\n\n            for (auto &edge : G[node]) {\n                int ncost = cost + edge.cost * K;\n                if (edge.c == -1) {\n                    if (ncost < d[edge.to][S]) {\n                        d[edge.to][S] = ncost;\n                        pq.push({ncost, {edge.to, S}});\n                    }\n                } else {\n                    if (S >> edge.c & 1) continue;\n                    if (ncost - cake[edge.c] < d[edge.to][S | (1 << edge.c)]) {\n                        d[edge.to][S | (1 << edge.c)] = ncost - cake[edge.c];\n                        pq.push({d[edge.to][S | (1 << edge.c)], {edge.to, S | (1 << edge.c)}});\n                    }\n                }\n            }\n        }\n\n        int res = INF;\n        for (int i = 0; i < (1 << 6); i++) {\n            res = min(res, d[t][i]);\n        }\n\n        printf("%d\\n", res);\n    }\n    return 0;\n}')"
2025-01-24 11:12:14,189	[INFO]	Step: 82
2025-01-24 11:12:14,189	[INFO]	Stop Steps: 100
2025-01-24 11:12:15,170	[DEBUG]	EXEC>  SUCCESS 2871459.375
2025-01-24 11:12:15,170	[INFO]	8-3     SUCCESS               2871459.38 (97.47%) [1 edit(s)]  
2025-01-24 11:12:15,170	[DEBUG]	patch(8-3)="LineLLMCrossover(('source.cpp', 28), '#include <iostream>\n#include <vector>\n#include <map>\n#include <limits>\n#include <unordered_map>\n#include <queue>\n#include <cstdio>\nusing namespace std;\n\n#define MAX 1000\n#define INF (1e9)\n\nstruct Edge {\n    int to, cost, c;\n    Edge(int to, int cost, int c) : to(to), cost(cost), c(c) {}\n};\n\nint main() {\n    int M, D, N, K;\n    int d[MAX][1 << 6];\n    while (scanf("%d%d%d%d", &M, &N, &K, &D), M) {\n        unordered_map<int, vector<Edge>> G;\n        vector<int> cake(M);\n        for (int i = 0; i < M; i++) {\n            scanf("%d", &cake[i]);\n        }\n        int idx = 0, c;\n        string a, b;\n        map<string, int> mp;\n        for (int i = 0; i < D; i++) {\n            cin >> a >> b >> c;\n            if (!mp.count(a)) mp[a] = idx++;\n            if (!mp.count(b)) mp[b] = idx++;\n            G[mp[a]].emplace_back(mp[b], c, (a[0] == \'C\') ? a[1] - \'1\' : -1);\n            G[mp[b]].emplace_back(mp[a], c, (b[0] == \'C\') ? b[1] - \'1\' : -1);\n        }\n\n        int s = mp["H"], t = mp["D"];\n        fill(d[0], d[0] + MAX * (1 << 6), INF);\n        d[s][0] = 0;\n\n        using State = pair<int, pair<int, int>>; // {cost, {node, state}}\n        priority_queue<State, vector<State>, greater<State>> pq;\n        pq.push({0, {s, 0}});\n        \n        while (!pq.empty()) {\n            auto [cost, state] = pq.top(); pq.pop();\n            int node = state.first, S = state.second;\n\n            if (cost > d[node][S]) continue;\n\n            for (auto &edge : G[node]) {\n                int ncost = cost + edge.cost * K;\n                if (edge.c == -1) {\n                    if (ncost < d[edge.to][S]) {\n                        d[edge.to][S] = ncost;\n                        pq.push({ncost, {edge.to, S}});\n                    }\n                } else {\n                    if (S >> edge.c & 1) continue;\n                    if (ncost - cake[edge.c] < d[edge.to][S | (1 << edge.c)]) {\n                        d[edge.to][S | (1 << edge.c)] = ncost - cake[edge.c];\n                        pq.push({d[edge.to][S | (1 << edge.c)], {edge.to, S | (1 << edge.c)}});\n                    }\n                }\n            }\n        }\n\n        int res = INF;\n        for (int i = 0; i < (1 << 6); i++) {\n            res = min(res, d[t][i]);\n        }\n\n        printf("%d\\n", res);\n    }\n    return 0;\n}')"
2025-01-24 11:12:15,170	[INFO]	Step: 83
2025-01-24 11:12:15,170	[INFO]	Stop Steps: 100
2025-01-24 11:12:16,042	[DEBUG]	EXEC>  SUCCESS 2889950.875
2025-01-24 11:12:16,043	[INFO]	8-4     SUCCESS               2889950.88 (98.10%) [1 edit(s)]  
2025-01-24 11:12:16,043	[DEBUG]	patch(8-4)="LineLLMCrossover(('source.cpp', 29), '#include <iostream>\n#include <vector>\n#include <map>\n#include <limits>\n#include <unordered_map>\n#include <cstdio>\nusing namespace std;\n\n#define MAX 1000\n#define INF (1e9)\n\nstruct Edge {\n    int to, cost, c;\n    Edge(int to, int cost, int c) : to(to), cost(cost), c(c) {}\n};\n\nint main() {\n    int M, D, N, K;\n    int d[MAX][1 << 6];\n    while (scanf("%d%d%d%d", &M, &N, &K, &D), M) {\n        unordered_map<int, vector<Edge>> G;\n        vector<int> cake(M);\n        for (int i = 0; i < M; i++) {\n            scanf("%d", &cake[i]);\n        }\n        int idx = 0, c;\n        string a, b;\n        map<string, int> mp;\n        for (int i = 0; i < D; i++) {\n            cin >> a >> b >> c;\n            if (!mp.count(a)) mp[a] = idx++;\n            if (!mp.count(b)) mp[b] = idx++;\n            G[mp[a]].emplace_back(mp[b], c, (a[0] == \'C\') ? a[1] - \'1\' : -1);\n            G[mp[b]].emplace_back(mp[a], c, (b[0] == \'C\') ? b[1] - \'1\' : -1);\n        }\n\n        int s = mp["H"], t = mp["D"];\n        fill(d[0], d[0] + MAX * (1 << 6), INF);\n        d[s][0] = 0;\n        bool update = true;\n\n        while (update) {\n            update = false;\n            for (int i = 0; i < (int)mp.size(); i++) {\n                for (auto &edge : G[i]) {\n                    for (int S = (1 << 6) - 1; S >= 0; S--) {\n                        int ncost = d[i][S];\n                        if (ncost == INF) continue;\n                        ncost += edge.cost * K;\n                        if (edge.c == -1) {\n                            if (ncost < d[edge.to][S]) {\n                                d[edge.to][S] = ncost;\n                                update = true;\n                            }\n                        } else {\n                            if (S >> edge.c & 1) continue;\n                            if (ncost - cake[edge.c] < d[edge.to][S | (1 << edge.c)]) {\n                                d[edge.to][S | (1 << edge.c)] = ncost - cake[edge.c];\n                                update = true;\n                            }\n                        }\n                    }\n                }\n            }\n        }\n\n        int res = INF;\n        for (int i = 0; i < (1 << 6); i++) {\n            res = min(res, d[t][i]);\n        }\n\n        printf("%d\\n", res);\n    }\n    return 0;\n}')"
2025-01-24 11:12:16,043	[INFO]	Step: 84
2025-01-24 11:12:16,043	[INFO]	Stop Steps: 100
2025-01-24 11:12:16,923	[DEBUG]	EXEC>  SUCCESS 2865216.75
2025-01-24 11:12:16,924	[INFO]	8-5     SUCCESS               2865216.75 (97.26%) [1 edit(s)]  
2025-01-24 11:12:16,924	[DEBUG]	patch(8-5)="LineLLMCrossover(('source.cpp', 30), '#include <iostream>\n#include <vector>\n#include <map>\n#include <limits>\n#include <unordered_map>\n#include <cstdio>\nusing namespace std;\n\n#define MAX 1000\n#define INF (1e9)\n\nstruct Edge {\n    int to, cost, c;\n    Edge(int to, int cost, int c) : to(to), cost(cost), c(c) {}\n};\n\nint main() {\n    int M, D, N, K;\n    int d[MAX][1 << 6];\n    while (scanf("%d%d%d%d", &M, &N, &K, &D), M) {\n        unordered_map<int, vector<Edge>> G;\n        vector<int> cake(M);\n        for (int i = 0; i < M; i++) {\n            scanf("%d", &cake[i]);\n        }\n        int idx = 0, c;\n        string a, b;\n        map<string, int> mp;\n        for (int i = 0; i < D; i++) {\n            cin >> a >> b >> c;\n            if (!mp.count(a)) mp[a] = idx++;\n            if (!mp.count(b)) mp[b] = idx++;\n            G[mp[a]].emplace_back(mp[b], c, (a[0] == \'C\') ? a[1] - \'1\' : -1);\n            G[mp[b]].emplace_back(mp[a], c, (b[0] == \'C\') ? b[1] - \'1\' : -1);\n        }\n\n        int s = mp["H"], t = mp["D"];\n        fill(d[0], d[0] + MAX * (1 << 6), INF);\n        d[s][0] = 0;\n        bool update = true;\n\n        while (update) {\n            update = false;\n            for (int i = 0; i < (int)mp.size(); i++) {\n                for (auto &edge : G[i]) {\n                    for (int S = (1 << 6) - 1; S >= 0; S--) {\n                        int ncost = d[i][S];\n                        if (ncost == INF) continue;\n                        ncost += edge.cost * K;\n                        if (edge.c == -1) {\n                            if (ncost < d[edge.to][S]) {\n                                d[edge.to][S] = ncost;\n                                update = true;\n                            }\n                        } else {\n                            if (S >> edge.c & 1) continue;\n                            if (ncost - cake[edge.c] < d[edge.to][S | (1 << edge.c)]) {\n                                d[edge.to][S | (1 << edge.c)] = ncost - cake[edge.c];\n                                update = true;\n                            }\n                        }\n                    }\n                }\n            }\n        }\n\n        int res = INF;\n        for (int i = 0; i < (1 << 6); i++) {\n            res = min(res, d[t][i]);\n        }\n\n        printf("%d\\n", res);\n    }\n    return 0;\n}')"
2025-01-24 11:12:16,924	[INFO]	Step: 85
2025-01-24 11:12:16,924	[INFO]	Stop Steps: 100
2025-01-24 11:12:17,279	[INFO]	8-6     COMPILE_CODE_ERROR    None (--) [1 edit(s)]  
2025-01-24 11:12:17,279	[DEBUG]	patch(8-6)="LineLLMCrossover(('source.cpp', 31), '#include <iostream>\n#include <vector>\n#include <map>\n#include <limits>\n#include <unordered_map>\n#include <cstdio>\nusing namespace std;\n\n#define MAX 1000\n#define INF (1e9)\n\nstruct Edge {\n    int to, cost, c;\n    Edge(int to, int cost, int c) : to(to), cost(cost), c(c) {}\n};\n\nint main() {\n    int M, D, N, K;\n    int d[MAX][1 << 6];\n    while (scanf("%d%d%d%d", &M, &N, &K, &D), M) {\n        unordered_map<int, vector<Edge>> G;\n        vector<int> cake(M);\n        for (int i = 0; i < M; i++) {\n            scanf("%d", &cake[i]);\n        }\n        int idx = 0, c;\n        string a, b;\n        map<string, int> mp;\n        for (int i = 0; i < D; i++) {\n            cin >> a >> b >> c;\n            if (!mp.count(a)) mp[a] = idx++;\n            if (!mp.count(b)) mp[b] = idx++;\n            G[mp[b]].emplace_back(mp[a], c, (a[0] == \'C\') ? a[1] - \'1\' : -1);\n            G[mp[a]].emplace_back(mp[b], c, (b[0] == \'C\') ? b[1] - \'1\' : -1);\n        }\n\n        int s = mp["H"], t = mp["D"];\n        fill(d[0], d[0] + MAX * (1 << 6), INF);\n        d[s][0] = 0;\n        \n        using State = pair<int, pair<int, int>>; // {cost, {node, state}}\n        priority_queue<State, vector<State>, greater<State>> pq;\n        pq.push({0, {s, 0}});\n        \n        while (!pq.empty()) {\n            auto [cost, state] = pq.top(); pq.pop();\n            int node = state.first, S = state.second;\n\n            if (cost > d[node][S]) continue;\n\n            for (auto &edge : G[node]) {\n                int ncost = cost + edge.cost * K;\n                if (edge.c == -1) {\n                    if (ncost < d[edge.to][S]) {\n                        d[edge.to][S] = ncost;\n                        pq.push({ncost, {edge.to, S}});\n                    }\n                } else {\n                    if (S >> edge.c & 1) continue;\n                    if (ncost - cake[edge.c] < d[edge.to][S | (1 << edge.c)]) {\n                        d[edge.to][S | (1 << edge.c)] = ncost - cake[edge.c];\n                        pq.push({d[edge.to][S | (1 << edge.c)], {edge.to, S | (1 << edge.c)}});\n                    }\n                }\n            }\n        }\n\n        int res = INF;\n        for (int i = 0; i < (1 << 6); i++) {\n            res = min(res, d[t][i]);\n        }\n\n        printf("%d\\n", res);\n    }\n    return 0;\n}')"
2025-01-24 11:12:17,279	[INFO]	Step: 86
2025-01-24 11:12:17,279	[INFO]	Stop Steps: 100
2025-01-24 11:12:18,207	[DEBUG]	EXEC>  SUCCESS 2549246.5625
2025-01-24 11:12:18,208	[INFO]	8-7     SUCCESS              +2549246.56 (86.53%) [3 edit(s)]  
2025-01-24 11:12:18,208	[DEBUG]	patch(8-7)="LineLLMCrossover(('source.cpp', 21), '#include <iostream>\n#include <vector>\n#include <map>\n#include <limits>\n#include <unordered_map>\n#include <cstdio> // for scanf and printf\nusing namespace std;\n\n#define MAX 1000\n#define INF (1e9)\n\nstruct Edge {\n    int to, cost, c;\n    Edge(int to, int cost, int c) : to(to), cost(cost), c(c) {}\n};\n\nint main() {\n    int M, D, N, K;\n    int d[MAX][1 << 6];\n    while (scanf("%d%d%d%d", &M, &N, &K, &D), M) {\n        unordered_map<int, vector<Edge>> G;\n        vector<int> cake(M);\n        for (int i = 0; i < M; i++) {\n            scanf("%d", &cake[i]);\n        }\n        int idx = 0, c;\n        string a, b;\n        map<string, int> mp;\n        for (int i = 0; i < D; i++) {\n            cin >> a >> b >> c;\n            if (!mp.count(a)) mp[a] = idx++;\n            if (!mp.count(b)) mp[b] = idx++;\n            G[mp[a]].emplace_back(mp[b], c, (a[0] == \'C\') ? a[1] - \'1\' : -1);\n            G[mp[b]].emplace_back(mp[a], c, (b[0] == \'C\') ? b[1] - \'1\' : -1);\n        }\n\n        int s = mp["H"], t = mp["D"];\n        fill(d[0], d[0] + MAX * (1 << 6), INF);\n        d[s][0] = 0;\n        bool update = true;\n\n        while (update) {\n            update = false;\n            for (int i = 0; i < (int)mp.size(); i++) {\n                for (auto &edge : G[i]) {\n                    for (int S = (1 << 6) - 1; S >= 0; S--) {\n                        int ncost = d[i][S];\n                        if (ncost == INF) continue;\n                        ncost += edge.cost * K;\n                        if (edge.c == -1) {\n                            if (ncost < d[edge.to][S]) {\n                                d[edge.to][S] = ncost;\n                                update = true;\n                            }\n                        } else {\n                            if (S >> edge.c & 1) continue;\n                            if (ncost - cake[edge.c] < d[edge.to][S | (1 << edge.c)]) {\n                                d[edge.to][S | (1 << edge.c)] = ncost - cake[edge.c];\n                                update = true;\n                            }\n                        }\n                    }\n                }\n            }\n        }\n\n        int res = INF;\n        for (int i = 0; i < (1 << 6); i++) {\n            res = min(res, d[t][i]);\n        }\n\n        printf("%d\\n", res);\n    }\n    return 0;\n}') | LineLLMMutation(('source.cpp', 36), '#include <iostream>\n#include <vector>\n#include <map>\n#include <limits>\n#include <unordered_map>\n#include <cstdio> // for scanf and printf\nusing namespace std;\n\n#define MAX 1000\n#define INF (1e9)\n\nstruct Edge {\n    int to, cost, c;\n    Edge(int to, int cost, int c) : to(to), cost(cost), c(c) {}\n};\n\nint main() {\n    int M, D, N, K;\n    while (scanf("%d%d%d%d", &M, &N, &K, &D), M) {\n        unordered_map<int, vector<Edge>> G;\n        vector<int> cake(M);\n        for (int i = 0; i < M; i++) {\n            scanf("%d", &cake[i]);\n        }\n        int idx = 0, c;\n        string a, b;\n        map<string, int> mp;\n        for (int i = 0; i < D; i++) {\n            cin >> a >> b >> c;\n            if (!mp.count(a)) mp[a] = idx++;\n            if (!mp.count(b)) mp[b] = idx++;\n            G[mp[a]].emplace_back(mp[b], c, (a[0] == \'C\') ? a[1] - \'1\' : -1);\n            G[mp[b]].emplace_back(mp[a], c, (b[0] == \'C\') ? b[1] - \'1\' : -1);\n        }\n\n        int s = mp["H"], t = mp["D"];\n        // Dynamically allocate distance array based on the number of vertices and mask size\n        vector<vector<int>> d(idx, vector<int>(1 << 6, INF));\n        d[s][0] = 0;\n        bool update = true;\n\n        while (update) {\n            update = false;\n            for (int i = 0; i < idx; i++) {\n                for (auto &edge : G[i]) {\n                    for (int S = (1 << 6) - 1; S >= 0; S--) {\n                        int ncost = d[i][S];\n                        if (ncost == INF) continue;\n                        ncost += edge.cost * K;\n                        if (edge.c == -1) {\n                            if (ncost < d[edge.to][S]) {\n                                d[edge.to][S] = ncost;\n                                update = true;\n                            }\n                        } else {\n                            if (S >> edge.c & 1) continue;\n                            if (ncost - cake[edge.c] < d[edge.to][S | (1 << edge.c)]) {\n                                d[edge.to][S | (1 << edge.c)] = ncost - cake[edge.c];\n                                update = true;\n                            }\n                        }\n                    }\n                }\n            }\n        }\n\n        int res = INF;\n        for (int i = 0; i < (1 << 6); i++) {\n            res = min(res, d[t][i]);\n        }\n\n        printf("%d\\n", res);\n    }\n    return 0;\n}') | LineLLMMutation(('source.cpp', 38), '#include <iostream>\n#include <vector>\n#include <map>\n#include <limits>\n#include <unordered_map>\n#include <cstdio> // for scanf and printf\nusing namespace std;\n\n#define MAX 1000\n#define INF (1e9)\n\nstruct Edge {\n    int to, cost, c;\n    Edge(int to, int cost, int c) : to(to), cost(cost), c(c) {}\n};\n\nint main() {\n    int M, D, N, K;\n    while (scanf("%d%d%d%d", &M, &N, &K, &D), M) {\n        unordered_map<int, vector<Edge>> G;\n        vector<int> cake(M);\n        for (int i = 0; i < M; i++) {\n            scanf("%d", &cake[i]);\n        }\n        int idx = 0, c;\n        string a, b;\n        map<string, int> mp;\n        for (int i = 0; i < D; i++) {\n            cin >> a >> b >> c;\n            if (!mp.count(a)) mp[a] = idx++;\n            if (!mp.count(b)) mp[b] = idx++;\n            G[mp[a]].emplace_back(mp[b], c, (a[0] == \'C\') ? a[1] - \'1\' : -1);\n            G[mp[b]].emplace_back(mp[a], c, (b[0] == \'C\') ? b[1] - \'1\' : -1);\n        }\n\n        int s = mp["H"], t = mp["D"];\n        vector<vector<int>> d(idx, vector<int>(1 << 6, INF));\n        d[s][0] = 0;\n        bool update;\n\n        do {\n            update = false;\n            for (int i = 0; i < idx; i++) {\n                for (const auto &edge : G[i]) {\n                    for (int S = (1 << 6) - 1; S >= 0; S--) {\n                        int ncost = d[i][S];\n                        if (ncost == INF) continue;\n                        ncost += edge.cost * K;\n\n                        if (edge.c == -1) {\n                            if (ncost < d[edge.to][S]) {\n                                d[edge.to][S] = ncost;\n                                update = true;\n                            }\n                        } else {\n                            if (!(S >> edge.c & 1) && ncost - cake[edge.c] < d[edge.to][S | (1 << edge.c)]) {\n                                d[edge.to][S | (1 << edge.c)] = ncost - cake[edge.c];\n                                update = true;\n                            }\n                        }\n                    }\n                }\n            }\n        } while (update);\n\n        int res = INF;\n        for (int i = 0; i < (1 << 6); i++) {\n            res = min(res, d[t][i]);\n        }\n\n        printf("%d\\n", res);\n    }\n    return 0;\n}')"
2025-01-24 11:12:18,208	[INFO]	Step: 87
2025-01-24 11:12:18,208	[INFO]	Stop Steps: 100
2025-01-24 11:12:18,439	[INFO]	8-8     COMPILE_CODE_ERROR    None (--) [3 edit(s)]  
2025-01-24 11:12:18,439	[DEBUG]	patch(8-8)="LineLLMCrossover(('source.cpp', 23), '#include <iostream>\n#include <vector>\n#include <map>\n#include <limits>\n#include <unordered_map>\n#include <cstdio> // for scanf and printf\nusing namespace std;\n\n#define MAX 1000\n#define INF (1e9)\n\nstruct Edge {\n    int to, cost, c;\n    Edge(int to, int cost, int c) : to(to), cost(cost), c(c) {}\n};\n\nint main() {\n    int M, D, N, K;\n    int d[MAX][1 << 6];\n    while (scanf("%d%d%d%d", &M, &N, &K, &D), M) {\n        unordered_map<int, vector<Edge>> G;\n        vector<int> cake(M);\n        for (int i = 0; i < M; i++) {\n            scanf("%d", &cake[i]);\n        }\n        int idx = 0, c;\n        string a, b;\n        map<string, int> mp;\n        for (int i = 0; i < D; i++) {\n            cin >> a >> b >> c;\n            if (!mp.count(a)) mp[a] = idx++;\n            if (!mp.count(b)) mp[b] = idx++;\n            G[mp[b]].emplace_back(mp[a], c, (a[0] == \'C\') ? a[1] - \'1\' : -1);\n            G[mp[a]].emplace_back(mp[b], c, (b[0] == \'C\') ? b[1] - \'1\' : -1);\n        }\n\n        int s = mp["H"], t = mp["D"];\n        for (int i = 0; i < MAX; i++) {\n            fill(d[i], d[i] + (1 << 6), INF);\n        }\n        d[s][0] = 0;\n        bool update = true;\n\n        while (update) {\n            update = false;\n            for (int i = 0; i < (int)mp.size(); i++) {\n                for (auto &edge : G[i]) {\n                    for (int S = (1 << 6) - 1; S >= 0; S--) {\n                        int ncost = d[i][S];\n                        if (ncost == INF) continue;\n                        ncost += edge.cost * K;\n                        if (edge.c == -1) {\n                            if (ncost < d[edge.to][S]) {\n                                d[edge.to][S] = ncost;\n                                update = true;\n                            }\n                        } else {\n                            if (S >> edge.c & 1) continue;\n                            if (ncost - cake[edge.c] < d[edge.to][S | (1 << edge.c)]) {\n                                d[edge.to][S | (1 << edge.c)] = ncost - cake[edge.c];\n                                update = true;\n                            }\n                        }\n                    }\n                }\n            }\n        }\n\n        int res = INF;\n        for (int i = 0; i < (1 << 6); i++) {\n            res = min(res, d[t][i]);\n        }\n\n        printf("%d\\n", res);\n    }\n    return 0;\n}') | LineLLMMutation(('source.cpp', 37), '#include <iostream>\n#include <vector>\n#include <map>\n#include <limits>\n#include <unordered_map>\n#include <queue>\n#include <cstdio> // for scanf and printf\nusing namespace std;\n\n#define MAX 1000\n#define INF (1e9)\n\nstruct Edge {\n    int to, cost, c;\n    Edge(int to, int cost, int c) : to(to), cost(cost), c(c) {}\n};\n\nint main() {\n    int M, D, N, K;\n    int d[MAX][1 << 6];\n    while (scanf("%d%d%d%d", &M, &N, &K, &D), M) {\n        unordered_map<int, vector<Edge>> G;\n        vector<int> cake(M);\n        for (int i = 0; i < M; i++) {\n            scanf("%d", &cake[i]);\n        }\n        int idx = 0, c;\n        string a, b;\n        map<string, int> mp;\n        for (int i = 0; i < D; i++) {\n            cin >> a >> b >> c;\n            if (!mp.count(a)) mp[a] = idx++;\n            if (!mp.count(b)) mp[b] = idx++;\n            G[mp[b]].emplace_back(mp[a], c, (a[0] == \'C\') ? a[1] - \'1\' : -1);\n            G[mp[a]].emplace_back(mp[b], c, (b[0] == \'C\') ? b[1] - \'1\' : -1);\n        }\n\n        int s = mp["H"], t = mp["D"];\n        for (int i = 0; i < MAX; i++) {\n            fill(d[i], d[i] + (1 << 6), INF);\n        }\n        d[s][0] = 0;\n        \n        using State = pair<int, pair<int, int>>; // {cost, {node, state}}\n        priority_queue<State, vector<State>, greater<State>> pq;\n        pq.push({0, {s, 0}});\n        \n        while (!pq.empty()) {\n            auto [cost, state] = pq.top(); pq.pop();\n            int node = state.first, S = state.second;\n\n            if (cost > d[node][S]) continue;\n\n            for (auto &edge : G[node]) {\n                int ncost = cost + edge.cost * K;\n                if (edge.c == -1) {\n                    if (ncost < d[edge.to][S]) {\n                        d[edge.to][S] = ncost;\n                        pq.push({ncost, {edge.to, S}});\n                    }\n                } else {\n                    if (S >> edge.c & 1) continue;\n                    if (ncost - cake[edge.c] < d[edge.to][S | (1 << edge.c)]) {\n                        d[edge.to][S | (1 << edge.c)] = ncost - cake[edge.c];\n                        pq.push({d[edge.to][S | (1 << edge.c)], {edge.to, S | (1 << edge.c)}});\n                    }\n                }\n            }\n        }\n\n        int res = INF;\n        for (int i = 0; i < (1 << 6); i++) {\n            res = min(res, d[t][i]);\n        }\n\n        printf("%d\\n", res);\n    }\n    return 0;\n}') | LineLLMMutation(('source.cpp', 39), '#include <iostream>\n#include <limits>\n#include <cstdio> // for scanf and printf\nusing namespace std;\n\n#define MAX 1000\n#define INF (1e9)\n\nstruct Edge {\n    int to, cost, c;\n    Edge(int to, int cost, int c) : to(to), cost(cost), c(c) {}\n};\n\nconst int MAX_NODES = 100; // Assuming a maximum number of nodes\nEdge G[MAX_NODES][MAX_NODES]; // Fixed size adjacency list\nint edgeCount[MAX_NODES] = {0}; // To track the number of edges for each node\n\nint main() {\n    int M, D, N, K;\n    int d[MAX][1 << 6];\n    while (scanf("%d%d%d%d", &M, &N, &K, &D), M) {\n        int cake[M];\n        for (int i = 0; i < M; i++) {\n            scanf("%d", &cake[i]);\n        }\n        int idx = 0, c;\n        string a, b;\n        int mp[MAX_NODES] = {-1}; // Array to map strings to indices\n        for (int i = 0; i < D; i++) {\n            cin >> a >> b >> c;\n            if (mp[a[0]] == -1) mp[a[0]] = idx++;\n            if (mp[b[0]] == -1) mp[b[0]] = idx++;\n            G[mp[b[0]]][edgeCount[mp[b[0]]++] = Edge(mp[a[0]], c, (a[0] == \'C\') ? a[1] - \'1\' : -1);\n            G[mp[a[0]]][edgeCount[mp[a[0]]++] = Edge(mp[b[0]], c, (b[0] == \'C\') ? b[1] - \'1\' : -1);\n        }\n\n        int s = mp[\'H\'], t = mp[\'D\'];\n        for (int i = 0; i < MAX; i++) {\n            fill(d[i], d[i] + (1 << 6), INF);\n        }\n        d[s][0] = 0;\n        \n        using State = pair<int, pair<int, int>>; // {cost, {node, state}}\n        priority_queue<State, vector<State>, greater<State>> pq;\n        pq.push({0, {s, 0}});\n        \n        while (!pq.empty()) {\n            auto [cost, state] = pq.top(); pq.pop();\n            int node = state.first, S = state.second;\n\n            if (cost > d[node][S]) continue;\n\n            for (int i = 0; i < edgeCount[node]; i++) {\n                Edge edge = G[node][i];\n                int ncost = cost + edge.cost * K;\n                if (edge.c == -1) {\n                    if (ncost < d[edge.to][S]) {\n                        d[edge.to][S] = ncost;\n                        pq.push({ncost, {edge.to, S}});\n                    }\n                } else {\n                    if (S >> edge.c & 1) continue;\n                    if (ncost - cake[edge.c] < d[edge.to][S | (1 << edge.c)]) {\n                        d[edge.to][S | (1 << edge.c)] = ncost - cake[edge.c];\n                        pq.push({d[edge.to][S | (1 << edge.c)], {edge.to, S | (1 << edge.c)}});\n                    }\n                }\n            }\n        }\n\n        int res = INF;\n        for (int i = 0; i < (1 << 6); i++) {\n            res = min(res, d[t][i]);\n        }\n\n        printf("%d\\n", res);\n    }\n    return 0;\n}')"
2025-01-24 11:12:18,439	[INFO]	Step: 88
2025-01-24 11:12:18,439	[INFO]	Stop Steps: 100
2025-01-24 11:12:19,218	[DEBUG]	EXEC>  SUCCESS 2891153.4375
2025-01-24 11:12:19,218	[INFO]	8-9     SUCCESS               2891153.44 (98.14%) [2 edit(s)]  
2025-01-24 11:12:19,218	[DEBUG]	patch(8-9)="LineLLMCrossover(('source.cpp', 27), '#include <iostream>\n#include <vector>\n#include <map>\n#include <limits>\n#include <unordered_map>\n#include <cstdio>\nusing namespace std;\n\n#define MAX 1000\n#define INF (1e9)\n\nstruct Edge {\n    int to, cost, c;\n    Edge(int to, int cost, int c) : to(to), cost(cost), c(c) {}\n};\n\nint main() {\n    int M, D, N, K;\n    int d[MAX][1 << 6];\n    while (scanf("%d%d%d%d", &M, &N, &K, &D), M) {\n        unordered_map<int, vector<Edge>> G;\n        vector<int> cake(M);\n        for (int i = 0; i < M; i++) {\n            scanf("%d", &cake[i]);\n        }\n        int idx = 0, c;\n        string a, b;\n        map<string, int> mp;\n        for (int i = 0; i < D; i++) {\n            cin >> a >> b >> c;\n            if (!mp.count(a)) mp[a] = idx++;\n            if (!mp.count(b)) mp[b] = idx++;\n            G[mp[a]].emplace_back(mp[b], c, (a[0] == \'C\') ? a[1] - \'1\' : -1);\n            G[mp[b]].emplace_back(mp[a], c, (b[0] == \'C\') ? b[1] - \'1\' : -1);\n        }\n\n        int s = mp["H"], t = mp["D"];\n        for (int i = 0; i < MAX; i++) {\n            fill(d[i], d[i] + (1 << 6), INF);\n        }\n        d[s][0] = 0;\n        bool update = true;\n\n        while (update) {\n            update = false;\n            for (int i = 0; i < (int)mp.size(); i++) {\n                for (auto &edge : G[i]) {\n                    for (int S = (1 << 6) - 1; S >= 0; S--) {\n                        int ncost = d[i][S];\n                        if (ncost == INF) continue;\n                        ncost += edge.cost * K;\n                        if (edge.c == -1) {\n                            if (ncost < d[edge.to][S]) {\n                                d[edge.to][S] = ncost;\n                                update = true;\n                            }\n                        } else {\n                            if (S >> edge.c & 1) continue;\n                            if (ncost - cake[edge.c] < d[edge.to][S | (1 << edge.c)]) {\n                                d[edge.to][S | (1 << edge.c)] = ncost - cake[edge.c];\n                                update = true;\n                            }\n                        }\n                    }\n                }\n            }\n        }\n\n        int res = INF;\n        for (int i = 0; i < (1 << 6); i++) {\n            res = min(res, d[t][i]);\n        }\n\n        printf("%d\\n", res);\n    }\n    return 0;\n}') | LineLLMMutation(('source.cpp', 40), '#include <iostream>\n#include <vector>\n#include <limits>\n#include <unordered_map>\n#include <cstdio>\nusing namespace std;\n\n#define MAX 1000\n#define INF (1e9)\n\nstruct Edge {\n    int to, cost, c;\n    Edge(int to, int cost, int c) : to(to), cost(cost), c(c) {}\n};\n\nint main() {\n    int M, D, N, K;\n    while (scanf("%d%d%d%d", &M, &N, &K, &D), M) {\n        unordered_map<int, vector<Edge>> G;\n        vector<int> cake(M);\n        for (int i = 0; i < M; i++) {\n            scanf("%d", &cake[i]);\n        }\n\n        int idx = 0, c;\n        string a, b;\n        unordered_map<string, int> mp; // Changed from map to unordered_map for faster access\n        for (int i = 0; i < D; i++) {\n            cin >> a >> b >> c;\n            if (!mp.count(a)) mp[a] = idx++;\n            if (!mp.count(b)) mp[b] = idx++;\n            G[mp[a]].emplace_back(mp[b], c, (a[0] == \'C\') ? a[1] - \'1\' : -1);\n            G[mp[b]].emplace_back(mp[a], c, (b[0] == \'C\') ? b[1] - \'1\' : -1);\n        }\n\n        int s = mp["H"], t = mp["D"];\n        int d[MAX][1 << 6] = {}; // Combined initialization of d array\n        for (int i = 0; i < MAX; i++) {\n            fill(d[i], d[i] + (1 << 6), INF);\n        }\n        d[s][0] = 0;\n        bool update = true;\n\n        while (update) {\n            update = false;\n            for (int i = 0; i < (int)mp.size(); i++) {\n                for (auto &edge : G[i]) {\n                    for (int S = (1 << 6) - 1; S >= 0; S--) {\n                        int ncost = d[i][S];\n                        if (ncost == INF) continue;\n                        ncost += edge.cost * K;\n                        if (edge.c == -1) {\n                            if (ncost < d[edge.to][S]) {\n                                d[edge.to][S] = ncost;\n                                update = true;\n                            }\n                        } else {\n                            if (S >> edge.c & 1) continue;\n                            if (ncost - cake[edge.c] < d[edge.to][S | (1 << edge.c)]) {\n                                d[edge.to][S | (1 << edge.c)] = ncost - cake[edge.c];\n                                update = true;\n                            }\n                        }\n                    }\n                }\n            }\n        }\n\n        int res = INF;\n        for (int i = 0; i < (1 << 6); i++) {\n            res = min(res, d[t][i]);\n        }\n\n        printf("%d\\n", res);\n    }\n    return 0;\n}')"
2025-01-24 11:12:19,218	[INFO]	Step: 89
2025-01-24 11:12:19,218	[INFO]	Stop Steps: 100
2025-01-24 11:12:19,641	[INFO]	8-10    TEST_CODE_ERROR       None (--) [2 edit(s)]  
2025-01-24 11:12:19,641	[DEBUG]	patch(8-10)="LineLLMCrossover(('source.cpp', 24), '#include <iostream>\n#include <vector>\n#include <map>\n#include <limits>\n#include <unordered_map>\n#include <cstdio>\nusing namespace std;\n\n#define MAX 1000\n#define INF (1e9)\n\nstruct Edge {\n    int to, cost, c;\n    Edge(int to, int cost, int c) : to(to), cost(cost), c(c) {}\n};\n\nint main() {\n    int M, D, N, K;\n    int d[MAX][1 << 6];\n    while (scanf("%d%d%d%d", &M, &N, &K, &D), M) {\n        unordered_map<int, vector<Edge>> G;\n        vector<int> cake(M);\n        for (int i = 0; i < M; i++) {\n            scanf("%d", &cake[i]);\n        }\n        int idx = 0, c;\n        string a, b;\n        map<string, int> mp;\n        for (int i = 0; i < D; i++) {\n            cin >> a >> b >> c;\n            if (!mp.count(a)) mp[a] = idx++;\n            if (!mp.count(b)) mp[b] = idx++;\n            G[mp[a]].emplace_back(mp[b], c, (a[0] == \'C\') ? a[1] - \'1\' : -1);\n            G[mp[b]].emplace_back(mp[a], c, (b[0] == \'C\') ? b[1] - \'1\' : -1);\n        }\n\n        int s = mp["H"], t = mp["D"];\n        fill(d[0], d[0] + MAX * (1 << 6), INF);\n        d[s][0] = 0;\n        bool update = true;\n\n        while (update) {\n            update = false;\n            for (int i = 0; i < (int)mp.size(); i++) {\n                for (auto &edge : G[i]) {\n                    for (int S = (1 << 6) - 1; S >= 0; S--) {\n                        int ncost = d[i][S];\n                        if (ncost == INF) continue;\n                        ncost += edge.cost * K;\n                        if (edge.c == -1) {\n                            if (ncost < d[edge.to][S]) {\n                                d[edge.to][S] = ncost;\n                                update = true;\n                            }\n                        } else {\n                            if (S >> edge.c & 1) continue;\n                            if (ncost - cake[edge.c] < d[edge.to][S | (1 << edge.c)]) {\n                                d[edge.to][S | (1 << edge.c)] = ncost - cake[edge.c];\n                                update = true;\n                            }\n                        }\n                    }\n                }\n            }\n        }\n\n        int res = INF;\n        for (int i = 0; i < (1 << 6); i++) {\n            res = min(res, d[t][i]);\n        }\n\n        printf("%d\\n", res);\n    }\n    return 0;\n}') | LineLLMMutation(('source.cpp', 41), '#include <iostream>\n#include <vector>\n#include <limits>\n#include <cstdio>\nusing namespace std;\n\n#define MAX 1000\n#define INF (1e9)\n\nstruct Edge {\n    int to, cost, c;\n    Edge(int to, int cost, int c) : to(to), cost(cost), c(c) {}\n};\n\nvector<Edge> G[MAX]; // Changed to fixed-size array for adjacency list\n\nint main() {\n    int M, D, N, K;\n    int d[MAX][1 << 6];\n    while (scanf("%d%d%d%d", &M, &N, &K, &D), M) {\n        vector<int> cake(M);\n        for (int i = 0; i < M; i++) {\n            scanf("%d", &cake[i]);\n        }\n        int idx = 0, c;\n        string a, b;\n        int mp[100]; // Simplified mapping for node indices\n        fill(mp, mp + 100, -1); // Initialize mapping to -1\n        while (D--) {\n            cin >> a >> b >> c;\n            if (mp[a[0] - \'A\'] == -1) mp[a[0] - \'A\'] = idx++;\n            if (mp[b[0] - \'A\'] == -1) mp[b[0] - \'A\'] = idx++;\n            G[mp[a[0] - \'A\']].emplace_back(mp[b[0] - \'A\'], c, (a[0] == \'C\') ? a[1] - \'1\' : -1);\n            G[mp[b[0] - \'A\']].emplace_back(mp[a[0] - \'A\'], c, (b[0] == \'C\') ? b[1] - \'1\' : -1);\n        }\n\n        int s = mp[\'H\' - \'A\'], t = mp[\'D\' - \'A\'];\n        fill(d[0], d[0] + MAX * (1 << 6), INF);\n        d[s][0] = 0;\n        bool update = true;\n\n        while (update) {\n            update = false;\n            for (int i = 0; i < idx; i++) {\n                for (auto &edge : G[i]) {\n                    for (int S = (1 << 6) - 1; S >= 0; S--) {\n                        int ncost = d[i][S];\n                        if (ncost == INF) continue;\n                        ncost += edge.cost * K;\n                        if (edge.c == -1) {\n                            if (ncost < d[edge.to][S]) {\n                                d[edge.to][S] = ncost;\n                                update = true;\n                            }\n                        } else {\n                            if (S >> edge.c & 1) continue;\n                            if (ncost - cake[edge.c] < d[edge.to][S | (1 << edge.c)]) {\n                                d[edge.to][S | (1 << edge.c)] = ncost - cake[edge.c];\n                                update = true;\n                            }\n                        }\n                    }\n                }\n            }\n        }\n\n        int res = INF;\n        for (int i = 0; i < (1 << 6); i++) {\n            res = min(res, d[t][i]);\n        }\n\n        printf("%d\\n", res);\n    }\n    return 0;\n}')"
2025-01-24 11:12:19,641	[INFO]	Step: 90
2025-01-24 11:12:19,641	[INFO]	Stop Steps: 100
2025-01-24 11:12:21,759	[DEBUG]	EXEC>  SUCCESS 2855066.0
2025-01-24 11:12:21,759	[INFO]	REF     SUCCESS               2855066.00 (--) [0 edit(s)]  
2025-01-24 11:12:21,759	[INFO]	Best patch: 21_36
2025-01-24 11:12:22,693	[DEBUG]	EXEC>  SUCCESS 2527978.375
2025-01-24 11:12:22,693	[INFO]	BEST    SUCCESS              *2527978.38 (88.54%) [0 edit(s)]  
2025-01-24 11:12:22,693	[INFO]	Best patch step: 78
2025-01-24 11:14:13,651	[INFO]	Step: 90
2025-01-24 11:14:13,651	[INFO]	Stop Steps: 100
2025-01-24 11:14:14,695	[DEBUG]	EXEC>  SUCCESS 2499356.875
2025-01-24 11:14:14,695	[INFO]	9-1     SUCCESS              *2499356.88 (87.54%) [3 edit(s)]  
2025-01-24 11:14:14,695	[DEBUG]	patch(9-1)="LineLLMCrossover(('source.cpp', 21), '#include <iostream>\n#include <vector>\n#include <map>\n#include <limits>\n#include <unordered_map>\n#include <cstdio> // for scanf and printf\nusing namespace std;\n\n#define MAX 1000\n#define INF (1e9)\n\nstruct Edge {\n    int to, cost, c;\n    Edge(int to, int cost, int c) : to(to), cost(cost), c(c) {}\n};\n\nint main() {\n    int M, D, N, K;\n    int d[MAX][1 << 6];\n    while (scanf("%d%d%d%d", &M, &N, &K, &D), M) {\n        unordered_map<int, vector<Edge>> G;\n        vector<int> cake(M);\n        for (int i = 0; i < M; i++) {\n            scanf("%d", &cake[i]);\n        }\n        int idx = 0, c;\n        string a, b;\n        map<string, int> mp;\n        for (int i = 0; i < D; i++) {\n            cin >> a >> b >> c;\n            if (!mp.count(a)) mp[a] = idx++;\n            if (!mp.count(b)) mp[b] = idx++;\n            G[mp[a]].emplace_back(mp[b], c, (a[0] == \'C\') ? a[1] - \'1\' : -1);\n            G[mp[b]].emplace_back(mp[a], c, (b[0] == \'C\') ? b[1] - \'1\' : -1);\n        }\n\n        int s = mp["H"], t = mp["D"];\n        fill(d[0], d[0] + MAX * (1 << 6), INF);\n        d[s][0] = 0;\n        bool update = true;\n\n        while (update) {\n            update = false;\n            for (int i = 0; i < (int)mp.size(); i++) {\n                for (auto &edge : G[i]) {\n                    for (int S = (1 << 6) - 1; S >= 0; S--) {\n                        int ncost = d[i][S];\n                        if (ncost == INF) continue;\n                        ncost += edge.cost * K;\n                        if (edge.c == -1) {\n                            if (ncost < d[edge.to][S]) {\n                                d[edge.to][S] = ncost;\n                                update = true;\n                            }\n                        } else {\n                            if (S >> edge.c & 1) continue;\n                            if (ncost - cake[edge.c] < d[edge.to][S | (1 << edge.c)]) {\n                                d[edge.to][S | (1 << edge.c)] = ncost - cake[edge.c];\n                                update = true;\n                            }\n                        }\n                    }\n                }\n            }\n        }\n\n        int res = INF;\n        for (int i = 0; i < (1 << 6); i++) {\n            res = min(res, d[t][i]);\n        }\n\n        printf("%d\\n", res);\n    }\n    return 0;\n}') | LineLLMMutation(('source.cpp', 36), '#include <iostream>\n#include <vector>\n#include <map>\n#include <limits>\n#include <unordered_map>\n#include <cstdio> // for scanf and printf\nusing namespace std;\n\n#define MAX 1000\n#define INF (1e9)\n\nstruct Edge {\n    int to, cost, c;\n    Edge(int to, int cost, int c) : to(to), cost(cost), c(c) {}\n};\n\nint main() {\n    int M, D, N, K;\n    while (scanf("%d%d%d%d", &M, &N, &K, &D), M) {\n        unordered_map<int, vector<Edge>> G;\n        vector<int> cake(M);\n        for (int i = 0; i < M; i++) {\n            scanf("%d", &cake[i]);\n        }\n        int idx = 0, c;\n        string a, b;\n        map<string, int> mp;\n        for (int i = 0; i < D; i++) {\n            cin >> a >> b >> c;\n            if (!mp.count(a)) mp[a] = idx++;\n            if (!mp.count(b)) mp[b] = idx++;\n            G[mp[a]].emplace_back(mp[b], c, (a[0] == \'C\') ? a[1] - \'1\' : -1);\n            G[mp[b]].emplace_back(mp[a], c, (b[0] == \'C\') ? b[1] - \'1\' : -1);\n        }\n\n        int s = mp["H"], t = mp["D"];\n        // Dynamically allocate distance array based on the number of vertices and mask size\n        vector<vector<int>> d(idx, vector<int>(1 << 6, INF));\n        d[s][0] = 0;\n        bool update = true;\n\n        while (update) {\n            update = false;\n            for (int i = 0; i < idx; i++) {\n                for (auto &edge : G[i]) {\n                    for (int S = (1 << 6) - 1; S >= 0; S--) {\n                        int ncost = d[i][S];\n                        if (ncost == INF) continue;\n                        ncost += edge.cost * K;\n                        if (edge.c == -1) {\n                            if (ncost < d[edge.to][S]) {\n                                d[edge.to][S] = ncost;\n                                update = true;\n                            }\n                        } else {\n                            if (S >> edge.c & 1) continue;\n                            if (ncost - cake[edge.c] < d[edge.to][S | (1 << edge.c)]) {\n                                d[edge.to][S | (1 << edge.c)] = ncost - cake[edge.c];\n                                update = true;\n                            }\n                        }\n                    }\n                }\n            }\n        }\n\n        int res = INF;\n        for (int i = 0; i < (1 << 6); i++) {\n            res = min(res, d[t][i]);\n        }\n\n        printf("%d\\n", res);\n    }\n    return 0;\n}') | LineLLMMutation(('source.cpp', 38), '#include <iostream>\n#include <vector>\n#include <map>\n#include <limits>\n#include <unordered_map>\n#include <cstdio> // for scanf and printf\nusing namespace std;\n\n#define MAX 1000\n#define INF (1e9)\n\nstruct Edge {\n    int to, cost, c;\n    Edge(int to, int cost, int c) : to(to), cost(cost), c(c) {}\n};\n\nint main() {\n    int M, D, N, K;\n    while (scanf("%d%d%d%d", &M, &N, &K, &D), M) {\n        unordered_map<int, vector<Edge>> G;\n        vector<int> cake(M);\n        for (int i = 0; i < M; i++) {\n            scanf("%d", &cake[i]);\n        }\n        int idx = 0, c;\n        string a, b;\n        map<string, int> mp;\n        for (int i = 0; i < D; i++) {\n            cin >> a >> b >> c;\n            if (!mp.count(a)) mp[a] = idx++;\n            if (!mp.count(b)) mp[b] = idx++;\n            G[mp[a]].emplace_back(mp[b], c, (a[0] == \'C\') ? a[1] - \'1\' : -1);\n            G[mp[b]].emplace_back(mp[a], c, (b[0] == \'C\') ? b[1] - \'1\' : -1);\n        }\n\n        int s = mp["H"], t = mp["D"];\n        vector<vector<int>> d(idx, vector<int>(1 << 6, INF));\n        d[s][0] = 0;\n        bool update;\n\n        do {\n            update = false;\n            for (int i = 0; i < idx; i++) {\n                for (const auto &edge : G[i]) {\n                    for (int S = (1 << 6) - 1; S >= 0; S--) {\n                        int ncost = d[i][S];\n                        if (ncost == INF) continue;\n                        ncost += edge.cost * K;\n\n                        if (edge.c == -1) {\n                            if (ncost < d[edge.to][S]) {\n                                d[edge.to][S] = ncost;\n                                update = true;\n                            }\n                        } else {\n                            if (!(S >> edge.c & 1) && ncost - cake[edge.c] < d[edge.to][S | (1 << edge.c)]) {\n                                d[edge.to][S | (1 << edge.c)] = ncost - cake[edge.c];\n                                update = true;\n                            }\n                        }\n                    }\n                }\n            }\n        } while (update);\n\n        int res = INF;\n        for (int i = 0; i < (1 << 6); i++) {\n            res = min(res, d[t][i]);\n        }\n\n        printf("%d\\n", res);\n    }\n    return 0;\n}')"

2025-01-24 11:14:14,695	[INFO]	Step: 91
2025-01-24 11:14:14,695	[INFO]	Stop Steps: 100
2025-01-24 11:14:15,606	[DEBUG]	EXEC>  SUCCESS 2586288.5
2025-01-24 11:14:15,607	[INFO]	9-2     SUCCESS               2586288.50 (90.59%) [2 edit(s)]  
2025-01-24 11:14:15,607	[DEBUG]	patch(9-2)="LineLLMCrossover(('source.cpp', 21), '#include <iostream>\n#include <vector>\n#include <map>\n#include <limits>\n#include <unordered_map>\n#include <cstdio> // for scanf and printf\nusing namespace std;\n\n#define MAX 1000\n#define INF (1e9)\n\nstruct Edge {\n    int to, cost, c;\n    Edge(int to, int cost, int c) : to(to), cost(cost), c(c) {}\n};\n\nint main() {\n    int M, D, N, K;\n    int d[MAX][1 << 6];\n    while (scanf("%d%d%d%d", &M, &N, &K, &D), M) {\n        unordered_map<int, vector<Edge>> G;\n        vector<int> cake(M);\n        for (int i = 0; i < M; i++) {\n            scanf("%d", &cake[i]);\n        }\n        int idx = 0, c;\n        string a, b;\n        map<string, int> mp;\n        for (int i = 0; i < D; i++) {\n            cin >> a >> b >> c;\n            if (!mp.count(a)) mp[a] = idx++;\n            if (!mp.count(b)) mp[b] = idx++;\n            G[mp[a]].emplace_back(mp[b], c, (a[0] == \'C\') ? a[1] - \'1\' : -1);\n            G[mp[b]].emplace_back(mp[a], c, (b[0] == \'C\') ? b[1] - \'1\' : -1);\n        }\n\n        int s = mp["H"], t = mp["D"];\n        fill(d[0], d[0] + MAX * (1 << 6), INF);\n        d[s][0] = 0;\n        bool update = true;\n\n        while (update) {\n            update = false;\n            for (int i = 0; i < (int)mp.size(); i++) {\n                for (auto &edge : G[i]) {\n                    for (int S = (1 << 6) - 1; S >= 0; S--) {\n                        int ncost = d[i][S];\n                        if (ncost == INF) continue;\n                        ncost += edge.cost * K;\n                        if (edge.c == -1) {\n                            if (ncost < d[edge.to][S]) {\n                                d[edge.to][S] = ncost;\n                                update = true;\n                            }\n                        } else {\n                            if (S >> edge.c & 1) continue;\n                            if (ncost - cake[edge.c] < d[edge.to][S | (1 << edge.c)]) {\n                                d[edge.to][S | (1 << edge.c)] = ncost - cake[edge.c];\n                                update = true;\n                            }\n                        }\n                    }\n                }\n            }\n        }\n\n        int res = INF;\n        for (int i = 0; i < (1 << 6); i++) {\n            res = min(res, d[t][i]);\n        }\n\n        printf("%d\\n", res);\n    }\n    return 0;\n}') | LineLLMMutation(('source.cpp', 36), '#include <iostream>\n#include <vector>\n#include <map>\n#include <limits>\n#include <unordered_map>\n#include <cstdio> // for scanf and printf\nusing namespace std;\n\n#define MAX 1000\n#define INF (1e9)\n\nstruct Edge {\n    int to, cost, c;\n    Edge(int to, int cost, int c) : to(to), cost(cost), c(c) {}\n};\n\nint main() {\n    int M, D, N, K;\n    while (scanf("%d%d%d%d", &M, &N, &K, &D), M) {\n        unordered_map<int, vector<Edge>> G;\n        vector<int> cake(M);\n        for (int i = 0; i < M; i++) {\n            scanf("%d", &cake[i]);\n        }\n        int idx = 0, c;\n        string a, b;\n        map<string, int> mp;\n        for (int i = 0; i < D; i++) {\n            cin >> a >> b >> c;\n            if (!mp.count(a)) mp[a] = idx++;\n            if (!mp.count(b)) mp[b] = idx++;\n            G[mp[a]].emplace_back(mp[b], c, (a[0] == \'C\') ? a[1] - \'1\' : -1);\n            G[mp[b]].emplace_back(mp[a], c, (b[0] == \'C\') ? b[1] - \'1\' : -1);\n        }\n\n        int s = mp["H"], t = mp["D"];\n        // Dynamically allocate distance array based on the number of vertices and mask size\n        vector<vector<int>> d(idx, vector<int>(1 << 6, INF));\n        d[s][0] = 0;\n        bool update = true;\n\n        while (update) {\n            update = false;\n            for (int i = 0; i < idx; i++) {\n                for (auto &edge : G[i]) {\n                    for (int S = (1 << 6) - 1; S >= 0; S--) {\n                        int ncost = d[i][S];\n                        if (ncost == INF) continue;\n                        ncost += edge.cost * K;\n                        if (edge.c == -1) {\n                            if (ncost < d[edge.to][S]) {\n                                d[edge.to][S] = ncost;\n                                update = true;\n                            }\n                        } else {\n                            if (S >> edge.c & 1) continue;\n                            if (ncost - cake[edge.c] < d[edge.to][S | (1 << edge.c)]) {\n                                d[edge.to][S | (1 << edge.c)] = ncost - cake[edge.c];\n                                update = true;\n                            }\n                        }\n                    }\n                }\n            }\n        }\n\n        int res = INF;\n        for (int i = 0; i < (1 << 6); i++) {\n            res = min(res, d[t][i]);\n        }\n\n        printf("%d\\n", res);\n    }\n    return 0;\n}')"
2025-01-24 11:14:15,607	[INFO]	Step: 92
2025-01-24 11:14:15,607	[INFO]	Stop Steps: 100
2025-01-24 11:14:16,617	[DEBUG]	EXEC>  SUCCESS 2520421.9375
2025-01-24 11:14:16,617	[INFO]	9-3     SUCCESS               2520421.94 (88.28%) [1 edit(s)]  
2025-01-24 11:14:16,617	[DEBUG]	patch(9-3)="LineLLMCrossover(('source.cpp', 32), '#include <iostream>\n#include <vector>\n#include <map>\n#include <limits>\n#include <unordered_map>\n#include <cstdio>\n#include <queue>\nusing namespace std;\n\n#define MAX 1000\n#define INF (1e9)\n\nstruct Edge {\n    int to, cost, c;\n    Edge(int to, int cost, int c) : to(to), cost(cost), c(c) {}\n};\n\nint main() {\n    int M, D, N, K;\n    while (scanf("%d%d%d%d", &M, &N, &K, &D), M) {\n        unordered_map<int, vector<Edge>> G;\n        vector<int> cake(M);\n        for (int i = 0; i < M; i++) {\n            scanf("%d", &cake[i]);\n        }\n        int idx = 0, c;\n        string a, b;\n        map<string, int> mp;\n        for (int i = 0; i < D; i++) {\n            cin >> a >> b >> c;\n            if (!mp.count(a)) mp[a] = idx++;\n            if (!mp.count(b)) mp[b] = idx++;\n            G[mp[a]].emplace_back(mp[b], c, (a[0] == \'C\') ? a[1] - \'1\' : -1);\n            G[mp[b]].emplace_back(mp[a], c, (b[0] == \'C\') ? b[1] - \'1\' : -1);\n        }\n\n        int s = mp["H"], t = mp["D"];\n        vector<vector<int>> d(idx, vector<int>(1 << 6, INF));\n        d[s][0] = 0;\n\n        using State = pair<int, pair<int, int>>; // {cost, {node, state}}\n        priority_queue<State, vector<State>, greater<State>> pq;\n        pq.push({0, {s, 0}});\n\n        while (!pq.empty()) {\n            auto [cost, state] = pq.top(); pq.pop();\n            int node = state.first, S = state.second;\n\n            if (cost > d[node][S]) continue;\n\n            for (auto &edge : G[node]) {\n                int ncost = cost + edge.cost * K;\n                if (edge.c == -1) {\n                    if (ncost < d[edge.to][S]) {\n                        d[edge.to][S] = ncost;\n                        pq.push({ncost, {edge.to, S}});\n                    }\n                } else {\n                    if (S >> edge.c & 1) continue;\n                    if (ncost - cake[edge.c] < d[edge.to][S | (1 << edge.c)]) {\n                        d[edge.to][S | (1 << edge.c)] = ncost - cake[edge.c];\n                        pq.push({d[edge.to][S | (1 << edge.c)], {edge.to, S | (1 << edge.c)}});\n                    }\n                }\n            }\n        }\n\n        int res = INF;\n        for (int i = 0; i < (1 << 6); i++) {\n            res = min(res, d[t][i]);\n        }\n\n        printf("%d\\n", res);\n    }\n    return 0;\n}')"
2025-01-24 11:14:16,617	[INFO]	Step: 93
2025-01-24 11:14:16,617	[INFO]	Stop Steps: 100
2025-01-24 11:14:17,492	[DEBUG]	EXEC>  SUCCESS 2861430.1875
2025-01-24 11:14:17,492	[INFO]	9-4     SUCCESS               2861430.19 (100.22%) [1 edit(s)]  
2025-01-24 11:14:17,492	[DEBUG]	patch(9-4)="LineLLMCrossover(('source.cpp', 33), '#include <iostream>\n#include <vector>\n#include <map>\n#include <limits>\n#include <unordered_map>\n#include <cstdio>\nusing namespace std;\n\n#define MAX 1000\n#define INF (1e9)\n\nstruct Edge {\n    int to, cost, c;\n    Edge(int to, int cost, int c) : to(to), cost(cost), c(c) {}\n};\n\nint main() {\n    int M, D, N, K;\n    int d[MAX][1 << 6];\n    while (scanf("%d%d%d%d", &M, &N, &K, &D), M) {\n        unordered_map<int, vector<Edge>> G;\n        vector<int> cake(M);\n        for (int i = 0; i < M; i++) {\n            scanf("%d", &cake[i]);\n        }\n        int idx = 0, c;\n        string a, b;\n        map<string, int> mp;\n        for (int i = 0; i < D; i++) {\n            cin >> a >> b >> c;\n            if (!mp.count(a)) mp[a] = idx++;\n            if (!mp.count(b)) mp[b] = idx++;\n            G[mp[a]].emplace_back(mp[b], c, (a[0] == \'C\') ? a[1] - \'1\' : -1);\n            G[mp[b]].emplace_back(mp[a], c, (b[0] == \'C\') ? b[1] - \'1\' : -1);\n        }\n\n        int s = mp["H"], t = mp["D"];\n        fill(d[0], d[0] + MAX * (1 << 6), INF);\n        d[s][0] = 0;\n        bool update = true;\n\n        while (update) {\n            update = false;\n            for (int i = 0; i < idx; i++) {\n                for (auto &edge : G[i]) {\n                    for (int S = (1 << 6) - 1; S >= 0; S--) {\n                        int ncost = d[i][S];\n                        if (ncost == INF) continue;\n                        ncost += edge.cost * K;\n                        if (edge.c == -1) {\n                            if (ncost < d[edge.to][S]) {\n                                d[edge.to][S] = ncost;\n                                update = true;\n                            }\n                        } else {\n                            if (S >> edge.c & 1) continue;\n                            if (ncost - cake[edge.c] < d[edge.to][S | (1 << edge.c)]) {\n                                d[edge.to][S | (1 << edge.c)] = ncost - cake[edge.c];\n                                update = true;\n                            }\n                        }\n                    }\n                }\n            }\n        }\n\n        int res = INF;\n        for (int i = 0; i < (1 << 6); i++) {\n            res = min(res, d[t][i]);\n        }\n\n        printf("%d\\n", res);\n    }\n    return 0;\n}')"
2025-01-24 11:14:17,492	[INFO]	Step: 94
2025-01-24 11:14:17,492	[INFO]	Stop Steps: 100
2025-01-24 11:14:18,474	[DEBUG]	EXEC>  SUCCESS 2890137.75
2025-01-24 11:14:18,475	[INFO]	9-5     SUCCESS               2890137.75 (101.23%) [1 edit(s)]  
2025-01-24 11:14:18,475	[DEBUG]	patch(9-5)="LineLLMCrossover(('source.cpp', 34), '#include <iostream>\n#include <vector>\n#include <map>\n#include <limits>\n#include <unordered_map>\n#include <queue>\n#include <cstdio>\nusing namespace std;\n\n#define MAX 1000\n#define INF (1e9)\n\nstruct Edge {\n    int to, cost, c;\n    Edge(int to, int cost, int c) : to(to), cost(cost), c(c) {}\n};\n\nint main() {\n    int M, D, N, K;\n    while (scanf("%d%d%d%d", &M, &N, &K, &D), M) {\n        unordered_map<int, vector<Edge>> G;\n        vector<int> cake(M);\n        for (int i = 0; i < M; i++) {\n            scanf("%d", &cake[i]);\n        }\n        int idx = 0, c;\n        string a, b;\n        map<string, int> mp;\n        for (int i = 0; i < D; i++) {\n            cin >> a >> b >> c;\n            if (!mp.count(a)) mp[a] = idx++;\n            if (!mp.count(b)) mp[b] = idx++;\n            G[mp[a]].emplace_back(mp[b], c, (a[0] == \'C\') ? a[1] - \'1\' : -1);\n            G[mp[b]].emplace_back(mp[a], c, (b[0] == \'C\') ? b[1] - \'1\' : -1);\n        }\n\n        int s = mp["H"], t = mp["D"];\n        int d[MAX][1 << 6];\n        fill(d[0], d[0] + MAX * (1 << 6), INF);\n        d[s][0] = 0;\n\n        using State = pair<int, pair<int, int>>; // {cost, {node, state}}\n        priority_queue<State, vector<State>, greater<State>> pq;\n        pq.push({0, {s, 0}});\n\n        while (!pq.empty()) {\n            auto [cost, state] = pq.top(); pq.pop();\n            int node = state.first, S = state.second;\n\n            if (cost > d[node][S]) continue;\n\n            for (auto &edge : G[node]) {\n                int ncost = cost + edge.cost * K;\n                if (edge.c == -1) {\n                    if (ncost < d[edge.to][S]) {\n                        d[edge.to][S] = ncost;\n                        pq.push({ncost, {edge.to, S}});\n                    }\n                } else {\n                    if (S >> edge.c & 1) continue;\n                    if (ncost - cake[edge.c] < d[edge.to][S | (1 << edge.c)]) {\n                        d[edge.to][S | (1 << edge.c)] = ncost - cake[edge.c];\n                        pq.push({d[edge.to][S | (1 << edge.c)], {edge.to, S | (1 << edge.c)}});\n                    }\n                }\n            }\n        }\n\n        int res = INF;\n        for (int i = 0; i < (1 << 6); i++) {\n            res = min(res, d[t][i]);\n        }\n\n        printf("%d\\n", res);\n    }\n    return 0;\n}')"
2025-01-24 11:14:18,475	[INFO]	Step: 95
2025-01-24 11:14:18,475	[INFO]	Stop Steps: 100
2025-01-24 11:14:19,449	[DEBUG]	EXEC>  SUCCESS 2886499.875
2025-01-24 11:14:19,450	[INFO]	9-6     SUCCESS               2886499.88 (101.10%) [1 edit(s)]  
2025-01-24 11:14:19,450	[DEBUG]	patch(9-6)="LineLLMCrossover(('source.cpp', 35), '#include <iostream>\n#include <vector>\n#include <map>\n#include <limits>\n#include <unordered_map>\n#include <queue>\n#include <cstdio>\nusing namespace std;\n\n#define MAX 1000\n#define INF (1e9)\n\nstruct Edge {\n    int to, cost, c;\n    Edge(int to, int cost, int c) : to(to), cost(cost), c(c) {}\n};\n\nint main() {\n    int M, D, N, K;\n    while (scanf("%d%d%d%d", &M, &N, &K, &D), M) {\n        unordered_map<int, vector<Edge>> G;\n        vector<int> cake(M);\n        for (int i = 0; i < M; i++) {\n            scanf("%d", &cake[i]);\n        }\n        int idx = 0, c;\n        string a, b;\n        map<string, int> mp;\n        for (int i = 0; i < D; i++) {\n            cin >> a >> b >> c;\n            if (!mp.count(a)) mp[a] = idx++;\n            if (!mp.count(b)) mp[b] = idx++;\n            G[mp[a]].emplace_back(mp[b], c, (a[0] == \'C\') ? a[1] - \'1\' : -1);\n            G[mp[b]].emplace_back(mp[a], c, (b[0] == \'C\') ? b[1] - \'1\' : -1);\n        }\n\n        int s = mp["H"], t = mp["D"];\n        int d[MAX][1 << 6];\n        fill(d[0], d[0] + MAX * (1 << 6), INF);\n        d[s][0] = 0;\n\n        using State = pair<int, pair<int, int>>; // {cost, {node, state}}\n        priority_queue<State, vector<State>, greater<State>> pq;\n        pq.push({0, {s, 0}});\n\n        while (!pq.empty()) {\n            auto [cost, state] = pq.top(); pq.pop();\n            int node = state.first, S = state.second;\n\n            if (cost > d[node][S]) continue;\n\n            for (auto &edge : G[node]) {\n                int ncost = cost + edge.cost * K;\n                if (edge.c == -1) {\n                    if (ncost < d[edge.to][S]) {\n                        d[edge.to][S] = ncost;\n                        pq.push({ncost, {edge.to, S}});\n                    }\n                } else {\n                    if (S >> edge.c & 1) continue;\n                    if (ncost - cake[edge.c] < d[edge.to][S | (1 << edge.c)]) {\n                        d[edge.to][S | (1 << edge.c)] = ncost - cake[edge.c];\n                        pq.push({d[edge.to][S | (1 << edge.c)], {edge.to, S | (1 << edge.c)}});\n                    }\n                }\n            }\n        }\n\n        int res = INF;\n        for (int i = 0; i < (1 << 6); i++) {\n            res = min(res, d[t][i]);\n        }\n\n        printf("%d\\n", res);\n    }\n    return 0;\n}')"
2025-01-24 11:14:19,450	[INFO]	Step: 96
2025-01-24 11:14:19,450	[INFO]	Stop Steps: 100
2025-01-24 11:14:19,804	[INFO]	9-7     COMPILE_CODE_ERROR    None (--) [4 edit(s)]  
2025-01-24 11:14:19,805	[DEBUG]	patch(9-7)="LineLLMCrossover(('source.cpp', 21), '#include <iostream>\n#include <vector>\n#include <map>\n#include <limits>\n#include <unordered_map>\n#include <cstdio> // for scanf and printf\nusing namespace std;\n\n#define MAX 1000\n#define INF (1e9)\n\nstruct Edge {\n    int to, cost, c;\n    Edge(int to, int cost, int c) : to(to), cost(cost), c(c) {}\n};\n\nint main() {\n    int M, D, N, K;\n    int d[MAX][1 << 6];\n    while (scanf("%d%d%d%d", &M, &N, &K, &D), M) {\n        unordered_map<int, vector<Edge>> G;\n        vector<int> cake(M);\n        for (int i = 0; i < M; i++) {\n            scanf("%d", &cake[i]);\n        }\n        int idx = 0, c;\n        string a, b;\n        map<string, int> mp;\n        for (int i = 0; i < D; i++) {\n            cin >> a >> b >> c;\n            if (!mp.count(a)) mp[a] = idx++;\n            if (!mp.count(b)) mp[b] = idx++;\n            G[mp[a]].emplace_back(mp[b], c, (a[0] == \'C\') ? a[1] - \'1\' : -1);\n            G[mp[b]].emplace_back(mp[a], c, (b[0] == \'C\') ? b[1] - \'1\' : -1);\n        }\n\n        int s = mp["H"], t = mp["D"];\n        fill(d[0], d[0] + MAX * (1 << 6), INF);\n        d[s][0] = 0;\n        bool update = true;\n\n        while (update) {\n            update = false;\n            for (int i = 0; i < (int)mp.size(); i++) {\n                for (auto &edge : G[i]) {\n                    for (int S = (1 << 6) - 1; S >= 0; S--) {\n                        int ncost = d[i][S];\n                        if (ncost == INF) continue;\n                        ncost += edge.cost * K;\n                        if (edge.c == -1) {\n                            if (ncost < d[edge.to][S]) {\n                                d[edge.to][S] = ncost;\n                                update = true;\n                            }\n                        } else {\n                            if (S >> edge.c & 1) continue;\n                            if (ncost - cake[edge.c] < d[edge.to][S | (1 << edge.c)]) {\n                                d[edge.to][S | (1 << edge.c)] = ncost - cake[edge.c];\n                                update = true;\n                            }\n                        }\n                    }\n                }\n            }\n        }\n\n        int res = INF;\n        for (int i = 0; i < (1 << 6); i++) {\n            res = min(res, d[t][i]);\n        }\n\n        printf("%d\\n", res);\n    }\n    return 0;\n}') | LineLLMMutation(('source.cpp', 36), '#include <iostream>\n#include <vector>\n#include <map>\n#include <limits>\n#include <unordered_map>\n#include <cstdio> // for scanf and printf\nusing namespace std;\n\n#define MAX 1000\n#define INF (1e9)\n\nstruct Edge {\n    int to, cost, c;\n    Edge(int to, int cost, int c) : to(to), cost(cost), c(c) {}\n};\n\nint main() {\n    int M, D, N, K;\n    while (scanf("%d%d%d%d", &M, &N, &K, &D), M) {\n        unordered_map<int, vector<Edge>> G;\n        vector<int> cake(M);\n        for (int i = 0; i < M; i++) {\n            scanf("%d", &cake[i]);\n        }\n        int idx = 0, c;\n        string a, b;\n        map<string, int> mp;\n        for (int i = 0; i < D; i++) {\n            cin >> a >> b >> c;\n            if (!mp.count(a)) mp[a] = idx++;\n            if (!mp.count(b)) mp[b] = idx++;\n            G[mp[a]].emplace_back(mp[b], c, (a[0] == \'C\') ? a[1] - \'1\' : -1);\n            G[mp[b]].emplace_back(mp[a], c, (b[0] == \'C\') ? b[1] - \'1\' : -1);\n        }\n\n        int s = mp["H"], t = mp["D"];\n        // Dynamically allocate distance array based on the number of vertices and mask size\n        vector<vector<int>> d(idx, vector<int>(1 << 6, INF));\n        d[s][0] = 0;\n        bool update = true;\n\n        while (update) {\n            update = false;\n            for (int i = 0; i < idx; i++) {\n                for (auto &edge : G[i]) {\n                    for (int S = (1 << 6) - 1; S >= 0; S--) {\n                        int ncost = d[i][S];\n                        if (ncost == INF) continue;\n                        ncost += edge.cost * K;\n                        if (edge.c == -1) {\n                            if (ncost < d[edge.to][S]) {\n                                d[edge.to][S] = ncost;\n                                update = true;\n                            }\n                        } else {\n                            if (S >> edge.c & 1) continue;\n                            if (ncost - cake[edge.c] < d[edge.to][S | (1 << edge.c)]) {\n                                d[edge.to][S | (1 << edge.c)] = ncost - cake[edge.c];\n                                update = true;\n                            }\n                        }\n                    }\n                }\n            }\n        }\n\n        int res = INF;\n        for (int i = 0; i < (1 << 6); i++) {\n            res = min(res, d[t][i]);\n        }\n\n        printf("%d\\n", res);\n    }\n    return 0;\n}') | LineLLMMutation(('source.cpp', 38), '#include <iostream>\n#include <vector>\n#include <map>\n#include <limits>\n#include <unordered_map>\n#include <cstdio> // for scanf and printf\nusing namespace std;\n\n#define MAX 1000\n#define INF (1e9)\n\nstruct Edge {\n    int to, cost, c;\n    Edge(int to, int cost, int c) : to(to), cost(cost), c(c) {}\n};\n\nint main() {\n    int M, D, N, K;\n    while (scanf("%d%d%d%d", &M, &N, &K, &D), M) {\n        unordered_map<int, vector<Edge>> G;\n        vector<int> cake(M);\n        for (int i = 0; i < M; i++) {\n            scanf("%d", &cake[i]);\n        }\n        int idx = 0, c;\n        string a, b;\n        map<string, int> mp;\n        for (int i = 0; i < D; i++) {\n            cin >> a >> b >> c;\n            if (!mp.count(a)) mp[a] = idx++;\n            if (!mp.count(b)) mp[b] = idx++;\n            G[mp[a]].emplace_back(mp[b], c, (a[0] == \'C\') ? a[1] - \'1\' : -1);\n            G[mp[b]].emplace_back(mp[a], c, (b[0] == \'C\') ? b[1] - \'1\' : -1);\n        }\n\n        int s = mp["H"], t = mp["D"];\n        vector<vector<int>> d(idx, vector<int>(1 << 6, INF));\n        d[s][0] = 0;\n        bool update;\n\n        do {\n            update = false;\n            for (int i = 0; i < idx; i++) {\n                for (const auto &edge : G[i]) {\n                    for (int S = (1 << 6) - 1; S >= 0; S--) {\n                        int ncost = d[i][S];\n                        if (ncost == INF) continue;\n                        ncost += edge.cost * K;\n\n                        if (edge.c == -1) {\n                            if (ncost < d[edge.to][S]) {\n                                d[edge.to][S] = ncost;\n                                update = true;\n                            }\n                        } else {\n                            if (!(S >> edge.c & 1) && ncost - cake[edge.c] < d[edge.to][S | (1 << edge.c)]) {\n                                d[edge.to][S | (1 << edge.c)] = ncost - cake[edge.c];\n                                update = true;\n                            }\n                        }\n                    }\n                }\n            }\n        } while (update);\n\n        int res = INF;\n        for (int i = 0; i < (1 << 6); i++) {\n            res = min(res, d[t][i]);\n        }\n\n        printf("%d\\n", res);\n    }\n    return 0;\n}') | LineLLMMutation(('source.cpp', 42), '#include <iostream>\n#include <vector>\n#include <map>\n#include <limits>\n#include <unordered_map>\n#include <cstdio>\nusing namespace std;\n\n#define MAX 1000\n#define INF (1e9)\n\nstruct Edge {\n    int to, cost, c;\n    Edge(int to, int cost, int c) : to(to), cost(cost), c(c) {}\n};\n\nint main() {\n    int M, D, N, K;\n    while (scanf("%d%d%d%d", &M, &N, &K, &D), M) {\n        unordered_map<int, vector<Edge>> G;\n        vector<int> cake(M);\n        for (int i = 0; i < M; i++) {\n            scanf("%d", &cake[i]);\n        }\n        int idx = 0, c;\n        string a, b;\n        map<string, int> mp;\n        for (int i = 0; i < D; i++) {\n            cin >> a >> b >> c;\n            if (!mp.count(a)) mp[a] = idx++;\n            if (!mp.count(b)) mp[b] = idx++;\n            G[mp[a]].emplace_back(mp[b], c, (a[0] == \'C\') ? a[1] - \'1\' : -1);\n            G[mp[b]].emplace_back(mp[a], c, (b[0] == \'C\') ? b[1] - \'1\' : -1);\n        }\n\n        int s = mp["H"], t = mp["D"];\n        vector<vector<int>> d(idx, vector<int>(1 << 6, INF));\n        d[s][0] = 0;\n        bool update;\n\n        do {\n            update = false;\n            for (int i = 0; i < idx; i++) {\n                for (const auto &edge : G[i]) {\n                    int edgeCost = edge.cost * K;\n                    for (int S = (1 << 6) - 1; S >= 0; S--) {\n                        int ncost = d[i][S];\n                        if (ncost == INF) continue;\n                        ncost += edgeCost;\n\n                        if (edge.c == -1) {\n                            if (ncost < d[edge.to][S]) {\n                                d[edge.to][S] = ncost;\n                                update = true;\n                            }\n                        } else if (!(S >> edge.c & 1) && ncost - cake[edge.c] < d[edge.to][S | (1 << edge.c)]) {\n                            d[edge.to][S | (1 << edge.c)] = ncost - cake[edge.c];\n                            update = true;\n                        }\n                    }\n                }\n            }\n        } while (update);\n\n        int res = *min_element(d[t].begin(), d[t].end());\n        printf("%d\\n", res);\n    }\n    return 0;\n}')"
2025-01-24 11:14:19,805	[INFO]	Step: 97
2025-01-24 11:14:19,805	[INFO]	Stop Steps: 100
2025-01-24 11:14:21,007	[DEBUG]	EXEC>  SUCCESS 3430914.125
2025-01-24 11:14:21,008	[INFO]	9-8     SUCCESS               3430914.12 (120.17%) [3 edit(s)]  
2025-01-24 11:14:21,008	[DEBUG]	patch(9-8)="LineLLMCrossover(('source.cpp', 21), '#include <iostream>\n#include <vector>\n#include <map>\n#include <limits>\n#include <unordered_map>\n#include <cstdio> // for scanf and printf\nusing namespace std;\n\n#define MAX 1000\n#define INF (1e9)\n\nstruct Edge {\n    int to, cost, c;\n    Edge(int to, int cost, int c) : to(to), cost(cost), c(c) {}\n};\n\nint main() {\n    int M, D, N, K;\n    int d[MAX][1 << 6];\n    while (scanf("%d%d%d%d", &M, &N, &K, &D), M) {\n        unordered_map<int, vector<Edge>> G;\n        vector<int> cake(M);\n        for (int i = 0; i < M; i++) {\n            scanf("%d", &cake[i]);\n        }\n        int idx = 0, c;\n        string a, b;\n        map<string, int> mp;\n        for (int i = 0; i < D; i++) {\n            cin >> a >> b >> c;\n            if (!mp.count(a)) mp[a] = idx++;\n            if (!mp.count(b)) mp[b] = idx++;\n            G[mp[a]].emplace_back(mp[b], c, (a[0] == \'C\') ? a[1] - \'1\' : -1);\n            G[mp[b]].emplace_back(mp[a], c, (b[0] == \'C\') ? b[1] - \'1\' : -1);\n        }\n\n        int s = mp["H"], t = mp["D"];\n        fill(d[0], d[0] + MAX * (1 << 6), INF);\n        d[s][0] = 0;\n        bool update = true;\n\n        while (update) {\n            update = false;\n            for (int i = 0; i < (int)mp.size(); i++) {\n                for (auto &edge : G[i]) {\n                    for (int S = (1 << 6) - 1; S >= 0; S--) {\n                        int ncost = d[i][S];\n                        if (ncost == INF) continue;\n                        ncost += edge.cost * K;\n                        if (edge.c == -1) {\n                            if (ncost < d[edge.to][S]) {\n                                d[edge.to][S] = ncost;\n                                update = true;\n                            }\n                        } else {\n                            if (S >> edge.c & 1) continue;\n                            if (ncost - cake[edge.c] < d[edge.to][S | (1 << edge.c)]) {\n                                d[edge.to][S | (1 << edge.c)] = ncost - cake[edge.c];\n                                update = true;\n                            }\n                        }\n                    }\n                }\n            }\n        }\n\n        int res = INF;\n        for (int i = 0; i < (1 << 6); i++) {\n            res = min(res, d[t][i]);\n        }\n\n        printf("%d\\n", res);\n    }\n    return 0;\n}') | LineLLMMutation(('source.cpp', 36), '#include <iostream>\n#include <vector>\n#include <map>\n#include <limits>\n#include <unordered_map>\n#include <cstdio> // for scanf and printf\nusing namespace std;\n\n#define MAX 1000\n#define INF (1e9)\n\nstruct Edge {\n    int to, cost, c;\n    Edge(int to, int cost, int c) : to(to), cost(cost), c(c) {}\n};\n\nint main() {\n    int M, D, N, K;\n    while (scanf("%d%d%d%d", &M, &N, &K, &D), M) {\n        unordered_map<int, vector<Edge>> G;\n        vector<int> cake(M);\n        for (int i = 0; i < M; i++) {\n            scanf("%d", &cake[i]);\n        }\n        int idx = 0, c;\n        string a, b;\n        map<string, int> mp;\n        for (int i = 0; i < D; i++) {\n            cin >> a >> b >> c;\n            if (!mp.count(a)) mp[a] = idx++;\n            if (!mp.count(b)) mp[b] = idx++;\n            G[mp[a]].emplace_back(mp[b], c, (a[0] == \'C\') ? a[1] - \'1\' : -1);\n            G[mp[b]].emplace_back(mp[a], c, (b[0] == \'C\') ? b[1] - \'1\' : -1);\n        }\n\n        int s = mp["H"], t = mp["D"];\n        // Dynamically allocate distance array based on the number of vertices and mask size\n        vector<vector<int>> d(idx, vector<int>(1 << 6, INF));\n        d[s][0] = 0;\n        bool update = true;\n\n        while (update) {\n            update = false;\n            for (int i = 0; i < idx; i++) {\n                for (auto &edge : G[i]) {\n                    for (int S = (1 << 6) - 1; S >= 0; S--) {\n                        int ncost = d[i][S];\n                        if (ncost == INF) continue;\n                        ncost += edge.cost * K;\n                        if (edge.c == -1) {\n                            if (ncost < d[edge.to][S]) {\n                                d[edge.to][S] = ncost;\n                                update = true;\n                            }\n                        } else {\n                            if (S >> edge.c & 1) continue;\n                            if (ncost - cake[edge.c] < d[edge.to][S | (1 << edge.c)]) {\n                                d[edge.to][S | (1 << edge.c)] = ncost - cake[edge.c];\n                                update = true;\n                            }\n                        }\n                    }\n                }\n            }\n        }\n\n        int res = INF;\n        for (int i = 0; i < (1 << 6); i++) {\n            res = min(res, d[t][i]);\n        }\n\n        printf("%d\\n", res);\n    }\n    return 0;\n}') | LineLLMMutation(('source.cpp', 43), '#include <iostream>\n#include <vector>\n#include <map>\n#include <limits>\n#include <unordered_map>\n#include <cstdio> // for scanf and printf\nusing namespace std;\n\n#define MAX 1000\n#define INF (1e9)\n\nstruct Edge {\n    int to, cost, c;\n    Edge(int to, int cost, int c) : to(to), cost(cost), c(c) {}\n};\n\nint main() {\n    int M, D, N, K;\n    while (scanf("%d%d%d%d", &M, &N, &K, &D), M) {\n        unordered_map<int, vector<Edge>> G;\n        vector<int> cake(M);\n        for (int i = 0; i < M; i++) {\n            scanf("%d", &cake[i]);\n        }\n        int idx = 0, c;\n        string a, b;\n        map<string, int> mp;\n        for (int i = 0; i < D; i++) {\n            cin >> a >> b >> c;\n            if (!mp.count(a)) mp[a] = idx++;\n            if (!mp.count(b)) mp[b] = idx++;\n            G[mp[a]].emplace_back(mp[b], c, (a[0] == \'C\') ? a[1] - \'1\' : -1);\n            G[mp[b]].emplace_back(mp[a], c, (b[0] == \'C\') ? b[1] - \'1\' : -1);\n        }\n\n        int s = mp["H"], t = mp["D"];\n        // Using a 1D vector for the distance array\n        vector<int> d(idx * (1 << 6), INF);\n        d[s * (1 << 6)] = 0; // Initial distance for start node with mask 0\n        bool update = true;\n\n        while (update) {\n            update = false;\n            for (int i = 0; i < idx; i++) {\n                for (auto &edge : G[i]) {\n                    for (int S = (1 << 6) - 1; S >= 0; S--) {\n                        int ncost = d[i * (1 << 6) + S];\n                        if (ncost == INF) continue;\n                        ncost += edge.cost * K;\n                        if (edge.c == -1) {\n                            if (ncost < d[edge.to * (1 << 6) + S]) {\n                                d[edge.to * (1 << 6) + S] = ncost;\n                                update = true;\n                            }\n                        } else {\n                            if (S >> edge.c & 1) continue;\n                            if (ncost - cake[edge.c] < d[edge.to * (1 << 6) + (S | (1 << edge.c))]) {\n                                d[edge.to * (1 << 6) + (S | (1 << edge.c))] = ncost - cake[edge.c];\n                                update = true;\n                            }\n                        }\n                    }\n                }\n            }\n        }\n\n        int res = INF;\n        for (int i = 0; i < (1 << 6); i++) {\n            res = min(res, d[t * (1 << 6) + i]);\n        }\n\n        printf("%d\\n", res);\n    }\n    return 0;\n}')"
2025-01-24 11:14:21,008	[INFO]	Step: 98
2025-01-24 11:14:21,008	[INFO]	Stop Steps: 100
2025-01-24 11:14:21,959	[DEBUG]	EXEC>  SUCCESS 3002587.5
2025-01-24 11:14:21,959	[INFO]	9-9     SUCCESS               3002587.50 (105.17%) [2 edit(s)]  
2025-01-24 11:14:21,959	[DEBUG]	patch(9-9)="LineLLMCrossover(('source.cpp', 30), '#include <iostream>\n#include <vector>\n#include <map>\n#include <limits>\n#include <unordered_map>\n#include <cstdio>\nusing namespace std;\n\n#define MAX 1000\n#define INF (1e9)\n\nstruct Edge {\n    int to, cost, c;\n    Edge(int to, int cost, int c) : to(to), cost(cost), c(c) {}\n};\n\nint main() {\n    int M, D, N, K;\n    int d[MAX][1 << 6];\n    while (scanf("%d%d%d%d", &M, &N, &K, &D), M) {\n        unordered_map<int, vector<Edge>> G;\n        vector<int> cake(M);\n        for (int i = 0; i < M; i++) {\n            scanf("%d", &cake[i]);\n        }\n        int idx = 0, c;\n        string a, b;\n        map<string, int> mp;\n        for (int i = 0; i < D; i++) {\n            cin >> a >> b >> c;\n            if (!mp.count(a)) mp[a] = idx++;\n            if (!mp.count(b)) mp[b] = idx++;\n            G[mp[a]].emplace_back(mp[b], c, (a[0] == \'C\') ? a[1] - \'1\' : -1);\n            G[mp[b]].emplace_back(mp[a], c, (b[0] == \'C\') ? b[1] - \'1\' : -1);\n        }\n\n        int s = mp["H"], t = mp["D"];\n        fill(d[0], d[0] + MAX * (1 << 6), INF);\n        d[s][0] = 0;\n        bool update = true;\n\n        while (update) {\n            update = false;\n            for (int i = 0; i < (int)mp.size(); i++) {\n                for (auto &edge : G[i]) {\n                    for (int S = (1 << 6) - 1; S >= 0; S--) {\n                        int ncost = d[i][S];\n                        if (ncost == INF) continue;\n                        ncost += edge.cost * K;\n                        if (edge.c == -1) {\n                            if (ncost < d[edge.to][S]) {\n                                d[edge.to][S] = ncost;\n                                update = true;\n                            }\n                        } else {\n                            if (S >> edge.c & 1) continue;\n                            if (ncost - cake[edge.c] < d[edge.to][S | (1 << edge.c)]) {\n                                d[edge.to][S | (1 << edge.c)] = ncost - cake[edge.c];\n                                update = true;\n                            }\n                        }\n                    }\n                }\n            }\n        }\n\n        int res = INF;\n        for (int i = 0; i < (1 << 6); i++) {\n            res = min(res, d[t][i]);\n        }\n\n        printf("%d\\n", res);\n    }\n    return 0;\n}') | LineLLMMutation(('source.cpp', 44), '#include <iostream>\n#include <vector>\n#include <map>\n#include <limits>\n#include <unordered_map>\n#include <cstdio>\nusing namespace std;\n\n#define MAX 1000\n#define INF (1e9)\n\nstruct Edge {\n    int to, cost, c;\n    Edge(int to, int cost, int c) : to(to), cost(cost), c(c) {}\n};\n\nint main() {\n    int M, D, N, K;\n    int d[MAX][1 << 6];\n    while (scanf("%d%d%d%d", &M, &N, &K, &D), M) {\n        unordered_map<int, vector<Edge>> G;\n        vector<int> cake(M);\n        for (int i = 0; i < M; i++) {\n            scanf("%d", &cake[i]);\n        }\n        int idx = 0, c;\n        string a, b;\n        map<string, int> mp;\n        for (int i = 0; i < D; i++) {\n            cin >> a >> b >> c;\n            if (!mp.count(a)) mp[a] = idx++;\n            if (!mp.count(b)) mp[b] = idx++;\n            // Reserve space for edges to minimize reallocations\n            G[mp[a]].reserve(G[mp[a]].size() + 1);\n            G[mp[b]].reserve(G[mp[b]].size() + 1);\n            G[mp[a]].emplace_back(mp[b], c, (a[0] == \'C\') ? a[1] - \'1\' : -1);\n            G[mp[b]].emplace_back(mp[a], c, (b[0] == \'C\') ? b[1] - \'1\' : -1);\n        }\n\n        int s = mp["H"], t = mp["D"];\n        fill(d[0], d[0] + MAX * (1 << 6), INF);\n        d[s][0] = 0;\n        bool update = true;\n\n        while (update) {\n            update = false;\n            for (int i = 0; i < (int)mp.size(); i++) {\n                for (auto &edge : G[i]) {\n                    for (int S = (1 << 6) - 1; S >= 0; S--) {\n                        int ncost = d[i][S];\n                        if (ncost == INF) continue;\n                        ncost += edge.cost * K;\n                        if (edge.c == -1) {\n                            if (ncost < d[edge.to][S]) {\n                                d[edge.to][S] = ncost;\n                                update = true;\n                            }\n                        } else {\n                            if (S >> edge.c & 1) continue;\n                            if (ncost - cake[edge.c] < d[edge.to][S | (1 << edge.c)]) {\n                                d[edge.to][S | (1 << edge.c)] = ncost - cake[edge.c];\n                                update = true;\n                            }\n                        }\n                    }\n                }\n            }\n        }\n\n        int res = INF;\n        for (int i = 0; i < (1 << 6); i++) {\n            res = min(res, d[t][i]);\n        }\n\n        printf("%d\\n", res);\n    }\n    return 0;\n}')"
2025-01-24 11:14:21,959	[INFO]	Step: 99
2025-01-24 11:14:21,959	[INFO]	Stop Steps: 100
2025-01-24 11:14:22,269	[INFO]	9-10    COMPILE_CODE_ERROR    None (--) [2 edit(s)]  
2025-01-24 11:14:22,269	[DEBUG]	patch(9-10)="LineLLMCrossover(('source.cpp', 28), '#include <iostream>\n#include <vector>\n#include <map>\n#include <limits>\n#include <unordered_map>\n#include <queue>\n#include <cstdio>\nusing namespace std;\n\n#define MAX 1000\n#define INF (1e9)\n\nstruct Edge {\n    int to, cost, c;\n    Edge(int to, int cost, int c) : to(to), cost(cost), c(c) {}\n};\n\nint main() {\n    int M, D, N, K;\n    int d[MAX][1 << 6];\n    while (scanf("%d%d%d%d", &M, &N, &K, &D), M) {\n        unordered_map<int, vector<Edge>> G;\n        vector<int> cake(M);\n        for (int i = 0; i < M; i++) {\n            scanf("%d", &cake[i]);\n        }\n        int idx = 0, c;\n        string a, b;\n        map<string, int> mp;\n        for (int i = 0; i < D; i++) {\n            cin >> a >> b >> c;\n            if (!mp.count(a)) mp[a] = idx++;\n            if (!mp.count(b)) mp[b] = idx++;\n            G[mp[a]].emplace_back(mp[b], c, (a[0] == \'C\') ? a[1] - \'1\' : -1);\n            G[mp[b]].emplace_back(mp[a], c, (b[0] == \'C\') ? b[1] - \'1\' : -1);\n        }\n\n        int s = mp["H"], t = mp["D"];\n        fill(d[0], d[0] + MAX * (1 << 6), INF);\n        d[s][0] = 0;\n\n        using State = pair<int, pair<int, int>>; // {cost, {node, state}}\n        priority_queue<State, vector<State>, greater<State>> pq;\n        pq.push({0, {s, 0}});\n        \n        while (!pq.empty()) {\n            auto [cost, state] = pq.top(); pq.pop();\n            int node = state.first, S = state.second;\n\n            if (cost > d[node][S]) continue;\n\n            for (auto &edge : G[node]) {\n                int ncost = cost + edge.cost * K;\n                if (edge.c == -1) {\n                    if (ncost < d[edge.to][S]) {\n                        d[edge.to][S] = ncost;\n                        pq.push({ncost, {edge.to, S}});\n                    }\n                } else {\n                    if (S >> edge.c & 1) continue;\n                    if (ncost - cake[edge.c] < d[edge.to][S | (1 << edge.c)]) {\n                        d[edge.to][S | (1 << edge.c)] = ncost - cake[edge.c];\n                        pq.push({d[edge.to][S | (1 << edge.c)], {edge.to, S | (1 << edge.c)}});\n                    }\n                }\n            }\n        }\n\n        int res = INF;\n        for (int i = 0; i < (1 << 6); i++) {\n            res = min(res, d[t][i]);\n        }\n\n        printf("%d\\n", res);\n    }\n    return 0;\n}') | LineLLMMutation(('source.cpp', 45), '#include <iostream>\n#include <deque>\n#include <map>\n#include <limits>\n#include <cstdio>\nusing namespace std;\n\n#define MAX 1000\n#define INF (1e9)\n\nstruct Edge {\n    int to, cost, c;\n    Edge(int to, int cost, int c) : to(to), cost(cost), c(c) {}\n};\n\nint main() {\n    int M, D, N, K;\n    int d[MAX][1 << 6];\n    while (scanf("%d%d%d%d", &M, &N, &K, &D), M) {\n        map<int, deque<Edge>> G; // Changed unordered_map to map for ordered access\n        vector<int> cake(M);\n        for (int i = 0; i < M; i++) {\n            scanf("%d", &cake[i]);\n        }\n        int idx = 0, c;\n        string a, b;\n        map<string, int> mp;\n        for (int i = 0; i < D; i++) {\n            cin >> a >> b >> c;\n            if (!mp.count(a)) mp[a] = idx++;\n            if (!mp.count(b)) mp[b] = idx++;\n            G[mp[a]].emplace_back(mp[b], c, (a[0] == \'C\') ? a[1] - \'1\' : -1);\n            G[mp[b]].emplace_back(mp[a], c, (b[0] == \'C\') ? b[1] - \'1\' : -1);\n        }\n\n        int s = mp["H"], t = mp["D"];\n        fill(d[0], d[0] + MAX * (1 << 6), INF);\n        d[s][0] = 0;\n\n        using State = pair<int, pair<int, int>>; // {cost, {node, state}}\n        priority_queue<State, vector<State>, greater<State>> pq;\n        pq.push({0, {s, 0}});\n        \n        while (!pq.empty()) {\n            auto [cost, state] = pq.top(); pq.pop();\n            int node = state.first, S = state.second;\n\n            if (cost > d[node][S]) continue;\n\n            for (auto &edge : G[node]) { // Access edges in a more efficient way\n                int ncost = cost + edge.cost * K;\n                if (edge.c == -1) {\n                    if (ncost < d[edge.to][S]) {\n                        d[edge.to][S] = ncost;\n                        pq.push({ncost, {edge.to, S}});\n                    }\n                } else {\n                    if (S >> edge.c & 1) continue;\n                    if (ncost - cake[edge.c] < d[edge.to][S | (1 << edge.c)]) {\n                        d[edge.to][S | (1 << edge.c)] = ncost - cake[edge.c];\n                        pq.push({d[edge.to][S | (1 << edge.c)], {edge.to, S | (1 << edge.c)}});\n                    }\n                }\n            }\n        }\n\n        int res = INF;\n        for (int i = 0; i < (1 << 6); i++) {\n            res = min(res, d[t][i]);\n        }\n\n        printf("%d\\n", res);\n    }\n    return 0;\n}')"
2025-01-24 11:14:22,269	[INFO]	Step: 100
2025-01-24 11:14:22,269	[INFO]	Stop Steps: 100
2025-01-24 11:14:22,269	[INFO]	(Abstract Algorithm) Stopping Condition: step budget
2025-01-24 11:14:26,136	[INFO]	~~~~ END ~~~~
2025-01-24 11:14:26,136	[INFO]	Best patch step: 90
2025-01-24 11:14:26,136	[INFO]	
2025-01-24 11:14:26,136	[INFO]	==== REPORT ====
2025-01-24 11:14:26,136	[INFO]	Termination: step budget
2025-01-24 11:14:26,136	[INFO]	Log file: /home/ubuntu/eoc/magpie2/_magpie_logs/0071_1737715766.log
2025-01-24 11:14:26,136	[INFO]	Patch file: _magpie_logs/0071_1737715766.patch
2025-01-24 11:14:26,136	[INFO]	Diff file: _magpie_logs/0071_1737715766.diff
2025-01-24 11:14:26,136	[INFO]	Reference fitness: 2855066.00
2025-01-24 11:14:26,136	[INFO]	Best fitness: 2499356.88
2025-01-24 11:14:26,136	[INFO]	
2025-01-24 11:14:26,137	[INFO]	==== BEST PATCH ====
LineLLMCrossover(('source.cpp', 21), '#include <iostream>\n#include <vector>\n#include <map>\n#include <limits>\n#include <unordered_map>\n#include <cstdio> // for scanf and printf\nusing namespace std;\n\n#define MAX 1000\n#define INF (1e9)\n\nstruct Edge {\n    int to, cost, c;\n    Edge(int to, int cost, int c) : to(to), cost(cost), c(c) {}\n};\n\nint main() {\n    int M, D, N, K;\n    int d[MAX][1 << 6];\n    while (scanf("%d%d%d%d", &M, &N, &K, &D), M) {\n        unordered_map<int, vector<Edge>> G;\n        vector<int> cake(M);\n        for (int i = 0; i < M; i++) {\n            scanf("%d", &cake[i]);\n        }\n        int idx = 0, c;\n        string a, b;\n        map<string, int> mp;\n        for (int i = 0; i < D; i++) {\n            cin >> a >> b >> c;\n            if (!mp.count(a)) mp[a] = idx++;\n            if (!mp.count(b)) mp[b] = idx++;\n            G[mp[a]].emplace_back(mp[b], c, (a[0] == \'C\') ? a[1] - \'1\' : -1);\n            G[mp[b]].emplace_back(mp[a], c, (b[0] == \'C\') ? b[1] - \'1\' : -1);\n        }\n\n        int s = mp["H"], t = mp["D"];\n        fill(d[0], d[0] + MAX * (1 << 6), INF);\n        d[s][0] = 0;\n        bool update = true;\n\n        while (update) {\n            update = false;\n            for (int i = 0; i < (int)mp.size(); i++) {\n                for (auto &edge : G[i]) {\n                    for (int S = (1 << 6) - 1; S >= 0; S--) {\n                        int ncost = d[i][S];\n                        if (ncost == INF) continue;\n                        ncost += edge.cost * K;\n                        if (edge.c == -1) {\n                            if (ncost < d[edge.to][S]) {\n                                d[edge.to][S] = ncost;\n                                update = true;\n                            }\n                        } else {\n                            if (S >> edge.c & 1) continue;\n                            if (ncost - cake[edge.c] < d[edge.to][S | (1 << edge.c)]) {\n                                d[edge.to][S | (1 << edge.c)] = ncost - cake[edge.c];\n                                update = true;\n                            }\n                        }\n                    }\n                }\n            }\n        }\n\n        int res = INF;\n        for (int i = 0; i < (1 << 6); i++) {\n            res = min(res, d[t][i]);\n        }\n\n        printf("%d\\n", res);\n    }\n    return 0;\n}') + LineLLMMutation(('source.cpp', 36), '#include <iostream>\n#include <vector>\n#include <map>\n#include <limits>\n#include <unordered_map>\n#include <cstdio> // for scanf and printf\nusing namespace std;\n\n#define MAX 1000\n#define INF (1e9)\n\nstruct Edge {\n    int to, cost, c;\n    Edge(int to, int cost, int c) : to(to), cost(cost), c(c) {}\n};\n\nint main() {\n    int M, D, N, K;\n    while (scanf("%d%d%d%d", &M, &N, &K, &D), M) {\n        unordered_map<int, vector<Edge>> G;\n        vector<int> cake(M);\n        for (int i = 0; i < M; i++) {\n            scanf("%d", &cake[i]);\n        }\n        int idx = 0, c;\n        string a, b;\n        map<string, int> mp;\n        for (int i = 0; i < D; i++) {\n            cin >> a >> b >> c;\n            if (!mp.count(a)) mp[a] = idx++;\n            if (!mp.count(b)) mp[b] = idx++;\n            G[mp[a]].emplace_back(mp[b], c, (a[0] == \'C\') ? a[1] - \'1\' : -1);\n            G[mp[b]].emplace_back(mp[a], c, (b[0] == \'C\') ? b[1] - \'1\' : -1);\n        }\n\n        int s = mp["H"], t = mp["D"];\n        // Dynamically allocate distance array based on the number of vertices and mask size\n        vector<vector<int>> d(idx, vector<int>(1 << 6, INF));\n        d[s][0] = 0;\n        bool update = true;\n\n        while (update) {\n            update = false;\n            for (int i = 0; i < idx; i++) {\n                for (auto &edge : G[i]) {\n                    for (int S = (1 << 6) - 1; S >= 0; S--) {\n                        int ncost = d[i][S];\n                        if (ncost == INF) continue;\n                        ncost += edge.cost * K;\n                        if (edge.c == -1) {\n                            if (ncost < d[edge.to][S]) {\n                                d[edge.to][S] = ncost;\n                                update = true;\n                            }\n                        } else {\n                            if (S >> edge.c & 1) continue;\n                            if (ncost - cake[edge.c] < d[edge.to][S | (1 << edge.c)]) {\n                                d[edge.to][S | (1 << edge.c)] = ncost - cake[edge.c];\n                                update = true;\n                            }\n                        }\n                    }\n                }\n            }\n        }\n\n        int res = INF;\n        for (int i = 0; i < (1 << 6); i++) {\n            res = min(res, d[t][i]);\n        }\n\n        printf("%d\\n", res);\n    }\n    return 0;\n}') + LineLLMMutation(('source.cpp', 38), '#include <iostream>\n#include <vector>\n#include <map>\n#include <limits>\n#include <unordered_map>\n#include <cstdio> // for scanf and printf\nusing namespace std;\n\n#define MAX 1000\n#define INF (1e9)\n\nstruct Edge {\n    int to, cost, c;\n    Edge(int to, int cost, int c) : to(to), cost(cost), c(c) {}\n};\n\nint main() {\n    int M, D, N, K;\n    while (scanf("%d%d%d%d", &M, &N, &K, &D), M) {\n        unordered_map<int, vector<Edge>> G;\n        vector<int> cake(M);\n        for (int i = 0; i < M; i++) {\n            scanf("%d", &cake[i]);\n        }\n        int idx = 0, c;\n        string a, b;\n        map<string, int> mp;\n        for (int i = 0; i < D; i++) {\n            cin >> a >> b >> c;\n            if (!mp.count(a)) mp[a] = idx++;\n            if (!mp.count(b)) mp[b] = idx++;\n            G[mp[a]].emplace_back(mp[b], c, (a[0] == \'C\') ? a[1] - \'1\' : -1);\n            G[mp[b]].emplace_back(mp[a], c, (b[0] == \'C\') ? b[1] - \'1\' : -1);\n        }\n\n        int s = mp["H"], t = mp["D"];\n        vector<vector<int>> d(idx, vector<int>(1 << 6, INF));\n        d[s][0] = 0;\n        bool update;\n\n        do {\n            update = false;\n            for (int i = 0; i < idx; i++) {\n                for (const auto &edge : G[i]) {\n                    for (int S = (1 << 6) - 1; S >= 0; S--) {\n                        int ncost = d[i][S];\n                        if (ncost == INF) continue;\n                        ncost += edge.cost * K;\n\n                        if (edge.c == -1) {\n                            if (ncost < d[edge.to][S]) {\n                                d[edge.to][S] = ncost;\n                                update = true;\n                            }\n                        } else {\n                            if (!(S >> edge.c & 1) && ncost - cake[edge.c] < d[edge.to][S | (1 << edge.c)]) {\n                                d[edge.to][S | (1 << edge.c)] = ncost - cake[edge.c];\n                                update = true;\n                            }\n                        }\n                    }\n                }\n            }\n        } while (update);\n\n        int res = INF;\n        for (int i = 0; i < (1 << 6); i++) {\n            res = min(res, d[t][i]);\n        }\n\n        printf("%d\\n", res);\n    }\n    return 0;\n}')
2025-01-24 11:14:26,137	[INFO]	
2025-01-24 11:14:26,137	[INFO]	==== DIFF ====

