2025-03-14 11:06:47,559	[DEBUG]	==== CONFIG ====
[magpie]
import = 
seed = 3480626498703992
log_dir = _magpie_logs
work_dir = _magpie_work
local_original_copy = True
local_original_name = __original__
output_encoding = ascii
edit_retries = 10
default_timeout = 100
default_lengthout = 1e6
diff_method = unified
trust_local_filesystem = True
run_timeout = 100

[magpie.log]
color_output = True
format_info = {counter:<7} {status:<20} {best}{fitness} ({ratio}) [{size}] {cached} {log}
format_debug = patch({counter})="{patch}"{diffifbest}
format_fitness = {:.2f}
format_ratio = {:.2%%}
format_patchif = 
	 --> {patch}
format_diffif = 
	{diff}

[software]
path = dataset/minisat
target_files = 
	core/Solver.cc
software = BasicSoftware
model_rules = 
	*.params : ParamFileConfigModel
	*.xml : SrcmlModel
	* : LineModel
model_config = 
	*.params : [paramconfig]
	*.xml : [srcml]
init_cmd = bash init.sh
init_timeout = 60
init_lengthout = -1
setup_cmd = bash compile.sh
setup_timeout = 
setup_lengthout = 
compile_cmd = bash compile.sh
compile_timeout = 
compile_lengthout = 
test_cmd = bash test.sh
test_timeout = 
test_lengthout = 
run_cmd = bash run_fixed.sh
run_timeout = 
run_lengthout = 
batch_timeout = 
batch_lengthout = 
batch_bin_fitness_strategy = aggregate
batch_fitness_strategy = sum
fitness = time
retries = 1

[srcml]
rename = 
	stmt: break continue decl_stmt do expr_stmt for goto if return switch while
	number: literal_number
focus = block stmt operator_comp operator_arith number
internodes = block
process_pseudo_blocks = True
process_literals = True
process_operators = True

[paramconfig]
timing = test run
cli_prefix = --
cli_glue = =
cli_boolean = show
cli_boolean_prefix_true = 
cli_boolean_prefix_false = no-
cli_none = hide
silent_prefix = @
silent_suffix = $

[search]
protocol = BasicProtocol
algorithm = GeneticProgrammingLLM
possible_edits = 
	LineLLMMutation
	LineLLMCrossover
llm_prob = 1.0
warmup = 3
warmup_strategy = last
max_steps = 100
max_time = 20000
target_fitness = 
cache_maxsize = 100
cache_keep = 0.2
batch_instances = 
batch_shuffle = True
batch_bin_shuffle = False
batch_sample_size = 1

[search.ls]
delete_prob = 0.5
max_neighbours = 
when_trapped = continue
accept_fail = False
tabu_length = 10

[search.gp]
pop_size = 20
delete_prob = 0.0
offspring_elitism = 0.1
offspring_crossover = 0.4
offspring_mutation = 0.6
uniform_rate = 0.5
batch_reset = False
llm_type = baseline
reflection = 

[search.minify]
do_cleanup = True
do_rebuild = True
do_simplify = True
round_robin_limit = 3


2025-03-14 11:06:47,559	[DEBUG]	
2025-03-14 11:06:47,559	[INFO]	==== SEARCH: GeneticProgrammingLLM ====
2025-03-14 11:06:47,559	[INFO]	~~~~ WARMUP ~~~~
2025-03-14 11:07:01,444	[DEBUG]	EXEC>  SUCCESS 0.6734475
2025-03-14 11:07:01,444	[INFO]	WARM    SUCCESS               0.67 (--) [0 edit(s)]  
2025-03-14 11:07:15,199	[DEBUG]	EXEC>  SUCCESS 0.6738305
2025-03-14 11:07:15,200	[INFO]	WARM    SUCCESS               0.67 (--) [0 edit(s)]  
2025-03-14 11:07:29,177	[DEBUG]	EXEC>  SUCCESS 0.68489465
2025-03-14 11:07:29,177	[INFO]	WARM    SUCCESS               0.68 (--) [0 edit(s)]  
2025-03-14 11:07:29,177	[INFO]	REF     SUCCESS               0.68 (--) [0 edit(s)]  
2025-03-14 11:07:29,179	[INFO]	
2025-03-14 11:07:29,179	[INFO]	~~~~ START ~~~~
2025-03-14 11:08:38,021	[INFO]	0-1     TEST_CODE_ERROR       None (--) [1 edit(s)]  
2025-03-14 11:08:38,021	[DEBUG]	patch(0-1)="LineLLMMutation(('core/Solver.cc', 0), '-    while (next == var_Undef || value(next) != l_Undef || !decision[next])\n-        if (order_heap.empty()){\n-            next = var_Undef;\n-            break;\n-        }else\n-            next = order_heap.removeMin();\n+    while (order_heap.size() > 0) {\n+        next = order_heap.removeMin();\n+        if (value(next) == l_Undef && decision[next])\n+            break;\n+    }')"
2025-03-14 11:08:39,353	[INFO]	0-2     COMPILE_CODE_ERROR    None (--) [1 edit(s)]  
2025-03-14 11:08:39,354	[DEBUG]	patch(0-2)="LineLLMMutation(('core/Solver.cc', 1), '-            Lit blocker = i->blocker;\n-            if (value(blocker) == l_True){\n-                *j++ = *i++; continue; }\n+            if (value(i->blocker) == l_True){\n+                *j++ = *i++;\n+                continue;\n+            }')"
2025-03-14 11:08:55,912	[DEBUG]	EXEC>  SUCCESS 0.6847449
2025-03-14 11:08:55,913	[INFO]	0-3     SUCCESS              *0.68 (99.98%) [1 edit(s)]  
2025-03-14 11:08:55,913	[DEBUG]	patch(0-3)="LineLLMMutation(('core/Solver.cc', 2), '-            for (int k = 2; k < c.size(); k++)\n-                if (value(c[k]) != l_False){\n-                    c[1] = c[k]; c[k] = false_lit;\n-                    watches[~c[1]].push(w);\n-                    goto NextClause; }\n+            for (int k = 2, cs = c.size(); k < cs; k++) {\n+                if (value(c[k]) != l_False) {\n+                    c[1] = c[k];\n+                    c[k] = false_lit;\n+                    watches[~c[1]].push(w);\n+                    goto NextClause;\n+                }\n+            }')"

2025-03-14 11:09:10,829	[DEBUG]	EXEC>  SUCCESS 0.6811491000000001
2025-03-14 11:09:10,830	[INFO]	0-4     SUCCESS              *0.68 (99.45%) [1 edit(s)]  
2025-03-14 11:09:10,830	[DEBUG]	patch(0-4)="LineLLMMutation(('core/Solver.cc', 3), '-        for (int j = (p == lit_Undef) ? 0 : 1; j < c.size(); j++){\n-            Lit q = c[j];\n-            if (!seen[var(q)] && level(var(q)) > 0){\n-                varBumpActivity(var(q));\n-                seen[var(q)] = 1;\n-                if (level(var(q)) >= decisionLevel())\n-                    pathC++;\n-                else\n-                    out_learnt.push(q);\n-            }\n-        }\n+        int startIndex = (p == lit_Undef) ? 0 : 1;\n+        for (int j = startIndex, sz = c.size(); j < sz; j++){\n+            Lit q = c[j];\n+            int vq = var(q);\n+            if (!seen[vq] && level(vq) > 0){\n+                varBumpActivity(vq);\n+                seen[vq] = 1;\n+                if (level(vq) >= decisionLevel())\n+                    pathC++;\n+                else\n+                    out_learnt.push(q);\n+            }\n+        }')"

2025-03-14 11:09:27,526	[DEBUG]	EXEC>  SUCCESS 0.6923858
2025-03-14 11:09:27,527	[INFO]	0-5     SUCCESS               0.69 (101.09%) [1 edit(s)]  
2025-03-14 11:09:27,527	[DEBUG]	patch(0-5)="LineLLMMutation(('core/Solver.cc', 4), '-    activity .push(rnd_init_act ? drand(random_seed) * 0.00001 : 0);\n+    activity.push(rnd_init_act ? drand(random_seed) * 1e-5 : 0);')"
2025-03-14 11:09:44,280	[DEBUG]	EXEC>  SUCCESS 0.6942275
2025-03-14 11:09:44,280	[INFO]	0-6     SUCCESS               0.69 (101.36%) [1 edit(s)]  
2025-03-14 11:09:44,281	[DEBUG]	patch(0-6)="LineLLMMutation(('core/Solver.cc', 5), '-#include <math.h>\n+#include <cmath>')"
2025-03-14 11:09:59,015	[DEBUG]	EXEC>  SUCCESS 0.6724241000000001
2025-03-14 11:09:59,016	[INFO]	0-7     SUCCESS              *0.67 (98.18%) [1 edit(s)]  
2025-03-14 11:09:59,016	[DEBUG]	patch(0-7)="LineLLMMutation(('core/Solver.cc', 6), '-    double  F = 1.0 / nVars();\n-    for (int i = 0; i <= decisionLevel(); i++){\n-        int beg = i == 0 ? 0 : trail_lim[i - 1];\n-        int end = i == decisionLevel() ? trail.size() : trail_lim[i];\n-        progress += pow(F, i) * (end - beg);\n-    }\n-    return progress / nVars();\n+    int totalVars = nVars();\n+    double F = 1.0 / totalVars;\n+    for (int i = 0; i <= decisionLevel(); i++){\n+        int beg = (i == 0) ? 0 : trail_lim[i - 1];\n+        int end = (i == decisionLevel()) ? trail.size() : trail_lim[i];\n+        progress += std::pow(F, i) * (end - beg);\n+    }\n+    return progress / totalVars;')"

2025-03-14 11:10:15,630	[DEBUG]	EXEC>  SUCCESS 0.6872679499999998
2025-03-14 11:10:15,631	[INFO]	0-8     SUCCESS               0.69 (100.35%) [1 edit(s)]  
2025-03-14 11:10:15,631	[DEBUG]	patch(0-8)="LineLLMMutation(('core/Solver.cc', 7), '-    for (i = j = 0; i < learnts.size(); i++){\n-        Clause& c = ca[learnts[i]];\n-        if (c.size() > 2 && !locked(c) && (i < learnts.size() / 2 || c.activity() < extra_lim))\n-            removeClause(learnts[i]);\n-        else\n-            learnts[j++] = learnts[i];\n-    }\n-    learnts.shrink(i - j);\n+    int learntSize = learnts.size();\n+    for (i = j = 0; i < learntSize; i++){\n+        Clause& c = ca[learnts[i]];\n+        bool removable = (c.size() > 2 && !locked(c) && ((i < learntSize/2) || (c.activity() < extra_lim)));\n+        if (removable) {\n+            removeClause(learnts[i]);\n+        } else {\n+            learnts[j++] = learnts[i];\n+        }\n+    }\n+    learnts.shrink(learnts.size() - j);')"
2025-03-14 11:10:32,574	[DEBUG]	EXEC>  SUCCESS 0.70352435
2025-03-14 11:10:32,575	[INFO]	0-9     SUCCESS               0.70 (102.72%) [1 edit(s)]  
2025-03-14 11:10:32,575	[DEBUG]	patch(0-9)="LineLLMMutation(('core/Solver.cc', 8), '-    if (nAssigns() == simpDB_assigns || (simpDB_props > 0))\n-        return true;\n+    int nAssign = nAssigns();\n+    if (nAssign == simpDB_assigns || (simpDB_props > 0))\n+        return true;')"
2025-03-14 11:10:49,127	[DEBUG]	EXEC>  SUCCESS 0.68419685
2025-03-14 11:10:49,127	[INFO]	0-10    SUCCESS               0.68 (99.90%) [1 edit(s)]  
2025-03-14 11:10:49,127	[DEBUG]	patch(0-10)="LineLLMMutation(('core/Solver.cc', 9), '-    for (int c = trail.size()-1; c >= trail_lim[level]; c--){\n-            Var      x  = var(trail[c]);\n-            assigns [x] = l_Undef;\n-            if (phase_saving > 1 || (phase_saving == 1) && c > trail_lim.last())\n-                polarity[x] = sign(trail[c]);\n-            insertVarOrder(x); }\n-    qhead = trail_lim[level];\n-    trail.shrink(trail.size() - trail_lim[level]);\n-    trail_lim.shrink(trail_lim.size() - level);\n+    int start = trail_lim[level];\n+    for (int c = trail.size() - 1; c >= start; c--){\n+        Var x = var(trail[c]);\n+        assigns[x] = l_Undef;\n+        if (phase_saving > 1 || (phase_saving == 1 && c > trail_lim.last()))\n+            polarity[x] = sign(trail[c]);\n+        insertVarOrder(x);\n+    }\n+    qhead = start;\n+    trail.shrink(trail.size() - start);\n+    trail_lim.shrink(trail_lim.size() - level);')"
2025-03-14 11:11:05,900	[DEBUG]	EXEC>  SUCCESS 0.695572
2025-03-14 11:11:05,901	[INFO]	0-11    SUCCESS               0.70 (101.56%) [1 edit(s)]  
2025-03-14 11:11:05,901	[DEBUG]	patch(0-11)="LineLLMMutation(('core/Solver.cc', 10), '-    //activity .push(0);')"
2025-03-14 11:11:22,431	[DEBUG]	EXEC>  SUCCESS 0.68345675
2025-03-14 11:11:22,432	[INFO]	0-12    SUCCESS               0.68 (99.79%) [1 edit(s)]  
2025-03-14 11:11:22,432	[DEBUG]	patch(0-12)="LineLLMMutation(('core/Solver.cc', 11), '-                if (reason(x) == CRef_Undef){\n-                    assert(level(x) > 0);\n-                    out_conflict.push(~trail[i]);\n-                }else{\n-                    Clause& c = ca[reason(x)];\n-                    for (int j = 1; j < c.size(); j++)\n-                        if (level(var(c[j])) > 0)\n-                            seen[var(c[j])] = 1;\n-                }\n+                CRef rx = reason(x);\n+                if (rx == CRef_Undef){\n+                    assert(level(x) > 0);\n+                    out_conflict.push(~trail[i]);\n+                } else {\n+                    Clause& c = ca[rx];\n+                    for (int j = 1, sz = c.size(); j < sz; j++)\n+                        if (level(var(c[j])) > 0)\n+                            seen[var(c[j])] = 1;\n+                }')"
2025-03-14 11:11:39,156	[DEBUG]	EXEC>  SUCCESS 0.69289475
2025-03-14 11:11:39,156	[INFO]	0-13    SUCCESS               0.69 (101.17%) [1 edit(s)]  
2025-03-14 11:11:39,156	[DEBUG]	patch(0-13)="LineLLMMutation(('core/Solver.cc', 12), '-    for (int i = 0; i < clauses.size(); i++)\n-        if (!satisfied(ca[clauses[i]]))\n-            cnt++;\n+    for (int i = 0, sz = clauses.size(); i < sz; i++){\n+        Clause& c = ca[clauses[i]];\n+        if (!satisfied(c))\n+            cnt++;\n+    }')"
2025-03-14 11:11:55,662	[DEBUG]	EXEC>  SUCCESS 0.6834798
2025-03-14 11:11:55,663	[INFO]	0-14    SUCCESS               0.68 (99.79%) [1 edit(s)]  
2025-03-14 11:11:55,663	[DEBUG]	patch(0-14)="LineLLMMutation(('core/Solver.cc', 13), '-    for (int i = 0; i < clauses.size(); i++)\n-        if (!satisfied(ca[clauses[i]])){\n-            Clause& c = ca[clauses[i]];\n-            for (int j = 0; j < c.size(); j++)\n-                if (value(c[j]) != l_False)\n-                    mapVar(var(c[j]), map, max);\n-        }\n+    for (int i = 0, csz = clauses.size(); i < csz; i++){\n+        Clause& c = ca[clauses[i]];\n+        if (!satisfied(c)){\n+            for (int j = 0, csz2 = c.size(); j < csz2; j++){\n+                if (value(c[j]) != l_False)\n+                    mapVar(var(c[j]), map, max);\n+            }\n+        }\n+    }')"
2025-03-14 11:12:10,526	[DEBUG]	EXEC>  SUCCESS 0.67901445
2025-03-14 11:12:10,526	[INFO]	0-15    SUCCESS               0.68 (99.14%) [1 edit(s)]  
2025-03-14 11:12:10,527	[DEBUG]	patch(0-15)="LineLLMMutation(('core/Solver.cc', 14), '-    for (int v = 0; v < nVars(); v++)\n-        for (int s = 0; s < 2; s++){\n-            Lit p = mkLit(v, s);\n-            vec<Watcher>& ws = watches[p];\n-            for (int j = 0; j < ws.size(); j++)\n-                ca.reloc(ws[j].cref, to);\n-        }\n+    for (int v = 0, nv = nVars(); v < nv; v++){\n+        for (int s = 0; s < 2; s++){\n+            Lit p = mkLit(v, s);\n+            vec<Watcher>& ws = watches[p];\n+            for (int j = 0, wsz = ws.size(); j < wsz; j++){\n+                ca.reloc(ws[j].cref, to);\n+            }\n+        }\n+    }')"
2025-03-14 11:12:27,145	[DEBUG]	EXEC>  SUCCESS 0.6875202
2025-03-14 11:12:27,146	[INFO]	0-16    SUCCESS               0.69 (100.38%) [1 edit(s)]  
2025-03-14 11:12:27,146	[DEBUG]	patch(0-16)="LineLLMMutation(('core/Solver.cc', 15), '-    if (verbosity >= 2)\n-        printf("|  Garbage collection:   %12d bytes => %12d bytes             |\\n",\n-               ca.size()*ClauseAllocator::Unit_Size, to.size()*ClauseAllocator::Unit_Size);\n+    if (verbosity >= 2) {\n+        int oldSize = ca.size() * ClauseAllocator::Unit_Size;\n+        int newSize = to.size() * ClauseAllocator::Unit_Size;\n+        printf("|  Garbage collection:   %12d bytes => %12d bytes             |\\n", oldSize, newSize);\n+    }')"
2025-03-14 11:12:42,024	[DEBUG]	EXEC>  SUCCESS 0.6794401999999999
2025-03-14 11:12:42,025	[INFO]	0-17    SUCCESS               0.68 (99.20%) [1 edit(s)]  
2025-03-14 11:12:42,025	[DEBUG]	patch(0-17)="LineLLMMutation(('core/Solver.cc', 16), '-            if (nof_conflicts >= 0 && conflictC >= nof_conflicts || !withinBudget()){\n-                progress_estimate = progressEstimate();\n-                cancelUntil(0);\n-                return l_Undef; }\n+            if ((nof_conflicts >= 0 && conflictC >= nof_conflicts) || !withinBudget()){\n+                progress_estimate = progressEstimate();\n+                cancelUntil(0);\n+                return l_Undef;\n+            }')"
2025-03-14 11:12:58,566	[DEBUG]	EXEC>  SUCCESS 0.6842056
2025-03-14 11:12:58,567	[INFO]	0-18    SUCCESS               0.68 (99.90%) [1 edit(s)]  
2025-03-14 11:12:58,567	[DEBUG]	patch(0-18)="LineLLMMutation(('core/Solver.cc', 17), '-            if (learnts.size()-nAssigns() >= max_learnts)\n-                // Reduce the set of learnt clauses:\n-                reduceDB();\n+            if (learnts.size() - nAssigns() >= max_learnts) {\n+                reduceDB();\n+            }')"
2025-03-14 11:13:15,410	[DEBUG]	EXEC>  SUCCESS 0.6990055
2025-03-14 11:13:15,410	[INFO]	0-19    SUCCESS               0.70 (102.06%) [1 edit(s)]  
2025-03-14 11:13:15,410	[DEBUG]	patch(0-19)="LineLLMMutation(('core/Solver.cc', 18), '-    lbool   status            = l_Undef;\n+    lbool status = l_Undef;')"
2025-03-14 11:13:32,206	[DEBUG]	EXEC>  SUCCESS 0.6967664000000001
2025-03-14 11:13:32,207	[INFO]	0-20    SUCCESS               0.70 (101.73%) [1 edit(s)]  
2025-03-14 11:13:32,207	[DEBUG]	patch(0-20)="LineLLMMutation(('core/Solver.cc', 19), '-    FILE* f = fopen(file, "wr");\n-    if (f == NULL)\n-        fprintf(stderr, "could not open file %s\\n", file), exit(1);\n+    FILE* f = fopen(file, "w");\n+    if (f == NULL) {\n+        fprintf(stderr, "could not open file %s\\n", file);\n+        exit(1);\n+    }')"
2025-03-14 11:13:33,207	[INFO]	Step: 20
2025-03-14 11:13:33,208	[INFO]	Stop Steps: 100
2025-03-14 11:19:32,459	[INFO]	Step: 20
2025-03-14 11:19:32,459	[INFO]	Stop Steps: 100
2025-03-14 11:19:46,467	[DEBUG]	EXEC>  SUCCESS 0.6796031
2025-03-14 11:19:46,468	[INFO]	1-1     SUCCESS              +0.68 (99.23%) [1 edit(s)]  
2025-03-14 11:19:46,468	[DEBUG]	patch(1-1)="LineLLMMutation(('core/Solver.cc', 6), '-    double  F = 1.0 / nVars();\n-    for (int i = 0; i <= decisionLevel(); i++){\n-        int beg = i == 0 ? 0 : trail_lim[i - 1];\n-        int end = i == decisionLevel() ? trail.size() : trail_lim[i];\n-        progress += pow(F, i) * (end - beg);\n-    }\n-    return progress / nVars();\n+    int totalVars = nVars();\n+    double F = 1.0 / totalVars;\n+    for (int i = 0; i <= decisionLevel(); i++){\n+        int beg = (i == 0) ? 0 : trail_lim[i - 1];\n+        int end = (i == decisionLevel()) ? trail.size() : trail_lim[i];\n+        progress += std::pow(F, i) * (end - beg);\n+    }\n+    return progress / totalVars;')"
2025-03-14 11:19:46,468	[INFO]	Step: 21
2025-03-14 11:19:46,468	[INFO]	Stop Steps: 100
2025-03-14 11:20:00,182	[DEBUG]	EXEC>  SUCCESS 0.6719889499999999
2025-03-14 11:20:00,183	[INFO]	1-2     SUCCESS              *0.67 (98.12%) [1 edit(s)]  
2025-03-14 11:20:00,183	[DEBUG]	patch(1-2)="LineLLMMutation(('core/Solver.cc', 14), '-    for (int v = 0; v < nVars(); v++)\n-        for (int s = 0; s < 2; s++){\n-            Lit p = mkLit(v, s);\n-            vec<Watcher>& ws = watches[p];\n-            for (int j = 0; j < ws.size(); j++)\n-                ca.reloc(ws[j].cref, to);\n-        }\n+    for (int v = 0, nv = nVars(); v < nv; v++){\n+        for (int s = 0; s < 2; s++){\n+            Lit p = mkLit(v, s);\n+            vec<Watcher>& ws = watches[p];\n+            for (int j = 0, wsz = ws.size(); j < wsz; j++){\n+                ca.reloc(ws[j].cref, to);\n+            }\n+        }\n+    }')"

2025-03-14 11:20:00,183	[INFO]	Step: 22
2025-03-14 11:20:00,183	[INFO]	Stop Steps: 100
2025-03-14 11:20:15,645	[DEBUG]	EXEC>  SUCCESS 0.6804009
2025-03-14 11:20:15,645	[INFO]	1-3     SUCCESS               0.68 (99.34%) [1 edit(s)]  
2025-03-14 11:20:15,645	[DEBUG]	patch(1-3)="LineLLMCrossover(('core/Solver.cc', 0), '-             if (reason(x) == CRef_Undef){\n-                 assert(level(x) > 0);\n-                 out_conflict.push(~trail[i]);\n-             }else{\n-                 Clause& c = ca[reason(x)];\n-                 for (int j = 1; j < c.size(); j++)\n-                     if (level(var(c[j])) > 0)\n-                         seen[var(c[j])] = 1;\n-             }\n+             CRef rx = reason(x);\n+             if (rx == CRef_Undef){\n+                     assert(level(x) > 0);\n+                     out_conflict.push(~trail[i]);\n+                 } else {\n+                     Clause& c = ca[rx];\n+                     for (int j = 1, sz = c.size(); j < sz; j++)\n+                         if (level(var(c[j])) > 0)\n+                             seen[var(c[j])] = 1;\n+                 }')"
2025-03-14 11:20:15,645	[INFO]	Step: 23
2025-03-14 11:20:15,645	[INFO]	Stop Steps: 100
2025-03-14 11:20:29,376	[DEBUG]	EXEC>  SUCCESS 0.6724768000000001
2025-03-14 11:20:29,377	[INFO]	1-4     SUCCESS               0.67 (98.19%) [1 edit(s)]  
2025-03-14 11:20:29,377	[DEBUG]	patch(1-4)="LineLLMCrossover(('core/Solver.cc', 1), '-     for (int i = 0; i < clauses.size(); i++)\n-         if (!satisfied(ca[clauses[i]])){\n-             Clause& c = ca[clauses[i]];\n-             for (int j = 0; j < c.size(); j++)\n-             }\n-     }\n+     for (int i = 0, csz = clauses.size(); i < csz; i++){\n+         Clause& c = ca[clauses[i]];\n+         if (!satisfied(c)){\n+             for (int j = 0, csz2 = c.size(); j < csz2; j++){\n+             }\n+         }\n+     }')"
2025-03-14 11:20:29,377	[INFO]	Step: 24
2025-03-14 11:20:29,377	[INFO]	Stop Steps: 100
2025-03-14 11:20:45,257	[DEBUG]	EXEC>  SUCCESS 0.7010313
2025-03-14 11:20:45,258	[INFO]	1-5     SUCCESS               0.70 (102.36%) [1 edit(s)]  
2025-03-14 11:20:45,258	[DEBUG]	patch(1-5)="LineLLMCrossover(('core/Solver.cc', 2), '-         for (int c = trail.size()-1; c >= trail_lim[level]; c--){\n-             Var      x  = var(trail[c]);\n-             assigns [x] = l_Undef;\n-             if (phase_saving > 1 || (phase_saving == 1) && c > trail_lim.last())\n-                 polarity[x] = sign(trail[c]);\n-             insertVarOrder(x); }\n-         qhead = trail_lim[level];\n-         trail.shrink(trail.size() - trail_lim[level]);\n-         trail_lim.shrink(trail_lim.size() - level);\n+     int start = trail_lim[level];\n+     for (int c = trail.size() - 1; c >= start; c--){\n+         Var x = var(trail[c]);\n+         assigns[x] = l_Undef;\n+         if (phase_saving > 1 || (phase_saving == 1 && c > trail_lim.last()))\n+             polarity[x] = sign(trail[c]);\n+         insertVarOrder(x);\n+     }\n+     qhead = start;\n+     trail.shrink(trail.size() - start);\n+     trail_lim.shrink(trail_lim.size() - level);')"
2025-03-14 11:20:45,258	[INFO]	Step: 25
2025-03-14 11:20:45,258	[INFO]	Stop Steps: 100
2025-03-14 11:21:07,717	[DEBUG]	EXEC>  SUCCESS 1.0288857999999999
2025-03-14 11:21:07,717	[INFO]	1-6     SUCCESS               1.03 (150.23%) [1 edit(s)]  
2025-03-14 11:21:07,717	[DEBUG]	patch(1-6)="LineLLMCrossover(('core/Solver.cc', 3), '-             if (learnts.size()-nAssigns() >= max_learnts)\n-                 // Reduce the set of learnt clauses:\n-                 reduceDB();\n+             if (learnts.size() - nAssigns() >= max_learnts) {\n+             }')"
2025-03-14 11:21:07,717	[INFO]	Step: 26
2025-03-14 11:21:07,717	[INFO]	Stop Steps: 100
2025-03-14 11:21:24,017	[DEBUG]	EXEC>  SUCCESS 0.7224777
2025-03-14 11:21:24,017	[INFO]	1-7     SUCCESS               0.72 (105.49%) [1 edit(s)]  
2025-03-14 11:21:24,017	[DEBUG]	patch(1-7)="LineLLMCrossover(('core/Solver.cc', 4), '-             for (int k = 2; k < c.size(); k++)\n+             for (int k = 2, csz = c.size(); k < csz; k++)')"
2025-03-14 11:21:24,017	[INFO]	Step: 27
2025-03-14 11:21:24,017	[INFO]	Stop Steps: 100
2025-03-14 11:21:39,629	[DEBUG]	EXEC>  SUCCESS 0.6878596499999998
2025-03-14 11:21:39,630	[INFO]	1-8     SUCCESS               0.69 (100.43%) [1 edit(s)]  
2025-03-14 11:21:39,630	[DEBUG]	patch(1-8)="LineLLMCrossover(('core/Solver.cc', 5), '-     activity .push(rnd_init_act ? drand(random_seed) * 0.00001 : 0);\n+     if(rnd_init_act) {\n+         activity.push(drand(random_seed) * 1e-5);\n+     } else {\n+         activity.push(0);\n+     }')"
2025-03-14 11:21:39,630	[INFO]	Step: 28
2025-03-14 11:21:39,630	[INFO]	Stop Steps: 100
2025-03-14 11:21:55,265	[DEBUG]	EXEC>  SUCCESS 0.6885106999999999
2025-03-14 11:21:55,265	[INFO]	1-9     SUCCESS               0.69 (100.53%) [1 edit(s)]  
2025-03-14 11:21:55,265	[DEBUG]	patch(1-9)="LineLLMCrossover(('core/Solver.cc', 6), '-         status = search(rest_base * restart_first);\n+         int restart_limit = rest_base * restart_first;\n+         status = search(restart_limit);')"
2025-03-14 11:21:55,265	[INFO]	Step: 29
2025-03-14 11:21:55,265	[INFO]	Stop Steps: 100
2025-03-14 11:21:55,594	[INFO]	1-10    COMPILE_CODE_ERROR    None (--) [1 edit(s)]  
2025-03-14 11:21:55,594	[DEBUG]	patch(1-10)="LineLLMCrossover(('core/Solver.cc', 7), '-         progress += pow(F, i) * (end - beg);\n-     }\n+         progress += power * (end - beg);\n+         power *= F;\n+     }')"
2025-03-14 11:21:55,594	[INFO]	Step: 30
2025-03-14 11:21:55,594	[INFO]	Stop Steps: 100
2025-03-14 11:22:11,550	[DEBUG]	EXEC>  SUCCESS 0.7046663
2025-03-14 11:22:11,551	[INFO]	1-11    SUCCESS               0.70 (102.89%) [2 edit(s)]  
2025-03-14 11:22:11,551	[DEBUG]	patch(1-11)="LineLLMMutation(('core/Solver.cc', 6), '-    double  F = 1.0 / nVars();\n-    for (int i = 0; i <= decisionLevel(); i++){\n-        int beg = i == 0 ? 0 : trail_lim[i - 1];\n-        int end = i == decisionLevel() ? trail.size() : trail_lim[i];\n-        progress += pow(F, i) * (end - beg);\n-    }\n-    return progress / nVars();\n+    int totalVars = nVars();\n+    double F = 1.0 / totalVars;\n+    for (int i = 0; i <= decisionLevel(); i++){\n+        int beg = (i == 0) ? 0 : trail_lim[i - 1];\n+        int end = (i == decisionLevel()) ? trail.size() : trail_lim[i];\n+        progress += std::pow(F, i) * (end - beg);\n+    }\n+    return progress / totalVars;') | LineLLMMutation(('core/Solver.cc', 20), '-                for (int k = 2; k < c.size(); k++)\n+                int cs = c.size();\n+                for (int k = 2; k < cs; k++)')"
2025-03-14 11:22:11,551	[INFO]	Step: 31
2025-03-14 11:22:11,551	[INFO]	Stop Steps: 100
2025-03-14 11:22:25,290	[DEBUG]	EXEC>  SUCCESS 0.6733245999999999
2025-03-14 11:22:25,291	[INFO]	1-12    SUCCESS               0.67 (98.31%) [2 edit(s)]  
2025-03-14 11:22:25,291	[DEBUG]	patch(1-12)="LineLLMMutation(('core/Solver.cc', 14), '-    for (int v = 0; v < nVars(); v++)\n-        for (int s = 0; s < 2; s++){\n-            Lit p = mkLit(v, s);\n-            vec<Watcher>& ws = watches[p];\n-            for (int j = 0; j < ws.size(); j++)\n-                ca.reloc(ws[j].cref, to);\n-        }\n+    for (int v = 0, nv = nVars(); v < nv; v++){\n+        for (int s = 0; s < 2; s++){\n+            Lit p = mkLit(v, s);\n+            vec<Watcher>& ws = watches[p];\n+            for (int j = 0, wsz = ws.size(); j < wsz; j++){\n+                ca.reloc(ws[j].cref, to);\n+            }\n+        }\n+    }') | LineLLMMutation(('core/Solver.cc', 21), '-        for (i = j = (Watcher*)ws, end = i + ws.size();  i != end;){\n-            // Try to avoid inspecting the clause:\n-            Lit blocker = i->blocker;\n-            if (value(blocker) == l_True){\n-                *j++ = *i++;\n-                continue; }\n-\n-            // Make sure the false literal is data[1]:\n-            CRef     cr        = i->cref;\n-            Clause&  c         = ca[cr];\n-            Lit      false_lit = ~p;\n-            if (c[0] == false_lit)\n-                c[0] = c[1], c[1] = false_lit;\n-            assert(c[1] == false_lit);\n-            i++;\n-\n-            // If 0th watch is true, then clause is already satisfied.\n-            Lit     first = c[0];\n-            Watcher w     = Watcher(cr, first);\n-            if (first != blocker && value(first) == l_True){\n-                *j++ = w; continue; }\n-\n-            // Look for new watch:\n-            for (int k = 2; k < c.size(); k++)\n-                if (value(c[k]) != l_False){\n-                    c[1] = c[k]; c[k] = false_lit;\n-                    watches[~c[1]].push(w);\n-                    goto NextClause; }\n-\n-            // Did not find watch -- clause is unit under assignment:\n-            *j++ = w;\n-            if (value(first) == l_False){\n-                confl = cr;\n-                qhead = trail.size();\n-                // Copy the remaining watches:\n-                while (i < end)\n-                    *j++ = *i++;\n-            }else\n-                uncheckedEnqueue(first, cr);\n-\n-        NextClause:;\n-        }\n-        ws.shrink(i - j);\n+        {\n+            int m = ws.size();\n+            int new_size = 0;\n+            for (int k_idx = 0; k_idx < m; k_idx++) {\n+                Watcher w = ws[k_idx];\n+                if (value(w.blocker) == l_True) {\n+                    ws[new_size++] = w;\n+                    continue;\n+                }\n+                CRef cr = w.cref;\n+                Clause& c = ca[cr];\n+                Lit false_lit = ~p;\n+                if (c[0] == false_lit)\n+                    std::swap(c[0], c[1]);\n+                assert(c[1] == false_lit);\n+                if (c[0] != w.blocker && value(c[0]) == l_True) {\n+                    ws[new_size++] = Watcher(cr, c[0]);\n+                    continue;\n+                }\n+                bool found = false;\n+                for (int k2 = 2; k2 < c.size(); k2++) {\n+                    if (value(c[k2]) != l_False) {\n+                        c[1] = c[k2];\n+                        c[k2] = false_lit;\n+                        watches[~c[1]].push(Watcher(cr, c[0]));\n+                        found = true;\n+                        break;\n+                    }\n+                }\n+                if (!found) {\n+                    ws[new_size++] = w;\n+                    if (value(c[0]) == l_False) {\n+                        confl = cr;\n+                        qhead = trail.size();\n+                        for (int k3 = k_idx + 1; k3 < m; k3++)\n+                            ws[new_size++] = ws[k3];\n+                        break;\n+                    } else {\n+                        uncheckedEnqueue(c[0], cr);\n+                    }\n+                }\n+            }\n+            ws.shrink(new_size);\n+        }')"
2025-03-14 11:22:25,291	[INFO]	Step: 32
2025-03-14 11:22:25,291	[INFO]	Stop Steps: 100
2025-03-14 11:22:25,610	[INFO]	1-13    COMPILE_CODE_ERROR    None (--) [2 edit(s)]  
2025-03-14 11:22:25,610	[DEBUG]	patch(1-13)="LineLLMMutation(('core/Solver.cc', 16), '-            if (nof_conflicts >= 0 && conflictC >= nof_conflicts || !withinBudget()){\n-                progress_estimate = progressEstimate();\n-                cancelUntil(0);\n-                return l_Undef; }\n+            if ((nof_conflicts >= 0 && conflictC >= nof_conflicts) || !withinBudget()){\n+                progress_estimate = progressEstimate();\n+                cancelUntil(0);\n+                return l_Undef;\n+            }') | LineLLMMutation(('core/Solver.cc', 22), '-        for (int i = 0; i <= decisionLevel(); i++){\n-            int beg = i == 0 ? 0 : trail_lim[i - 1];\n-            int end = i == decisionLevel() ? trail.size() : trail_lim[i];\n-            progress += pow(F, i) * (end - beg);\n-        }\n+        double factor = 1.0;\n+        for (int i = 0; i <= decisionLevel(); i++){\n+            int beg = (i == 0 ? 0 : trail_lim[i - 1]);\n+            int end = (i == decisionLevel() ? trail.size() : trail_lim[i]);\n+            progress += factor * (end - beg);\n+            factor *= F;\n+       >')"
2025-03-14 11:22:25,610	[INFO]	Step: 33
2025-03-14 11:22:25,610	[INFO]	Stop Steps: 100
2025-03-14 11:22:41,195	[DEBUG]	EXEC>  SUCCESS 0.68713075
2025-03-14 11:22:41,195	[INFO]	1-14    SUCCESS               0.69 (100.33%) [2 edit(s)]  
2025-03-14 11:22:41,195	[DEBUG]	patch(1-14)="LineLLMMutation(('core/Solver.cc', 3), '-        for (int j = (p == lit_Undef) ? 0 : 1; j < c.size(); j++){\n-            Lit q = c[j];\n-            if (!seen[var(q)] && level(var(q)) > 0){\n-                varBumpActivity(var(q));\n-                seen[var(q)] = 1;\n-                if (level(var(q)) >= decisionLevel())\n-                    pathC++;\n-                else\n-                    out_learnt.push(q);\n-            }\n-        }\n+        int startIndex = (p == lit_Undef) ? 0 : 1;\n+        for (int j = startIndex, sz = c.size(); j < sz; j++){\n+            Lit q = c[j];\n+            int vq = var(q);\n+            if (!seen[vq] && level(vq) > 0){\n+                varBumpActivity(vq);\n+                seen[vq] = 1;\n+                if (level(vq) >= decisionLevel())\n+                    pathC++;\n+                else\n+                    out_learnt.push(q);\n+            }\n+        }') | LineLLMMutation(('core/Solver.cc', 23), '-            Lit blocker = i->blocker;\n-            if (value(blocker) == l_True){\n-                *j++ = *i++; continue; }\n+            Lit blocker = i->blocker;\n+            lbool blocker_val = value(blocker);\n+            if (blocker_val == l_True){\n+                *j++ = *i++;\n+                continue;\n+            }')"
2025-03-14 11:22:41,195	[INFO]	Step: 34
2025-03-14 11:22:41,195	[INFO]	Stop Steps: 100
2025-03-14 11:22:56,772	[DEBUG]	EXEC>  SUCCESS 0.68598945
2025-03-14 11:22:56,773	[INFO]	1-15    SUCCESS               0.69 (100.16%) [2 edit(s)]  
2025-03-14 11:22:56,773	[DEBUG]	patch(1-15)="LineLLMMutation(('core/Solver.cc', 11), '-                if (reason(x) == CRef_Undef){\n-                    assert(level(x) > 0);\n-                    out_conflict.push(~trail[i]);\n-                }else{\n-                    Clause& c = ca[reason(x)];\n-                    for (int j = 1; j < c.size(); j++)\n-                        if (level(var(c[j])) > 0)\n-                            seen[var(c[j])] = 1;\n-                }\n+                CRef rx = reason(x);\n+                if (rx == CRef_Undef){\n+                    assert(level(x) > 0);\n+                    out_conflict.push(~trail[i]);\n+                } else {\n+                    Clause& c = ca[rx];\n+                    for (int j = 1, sz = c.size(); j < sz; j++)\n+                        if (level(var(c[j])) > 0)\n+                            seen[var(c[j])] = 1;\n+                }') | LineLLMMutation(('core/Solver.cc', 24), '-            for (int k = 2; k < c.size(); k++)\n-                if (value(c[k]) != l_False){\n-                    c[1] = c[k]; c[k] = false_lit;\n-                    watches[~c[1]].push(w);\n-                    goto NextClause; }\n-            *j++ = w;\n-            if (value(first) == l_False){\n-                confl = cr;\n-                qhead = trail.size();\n-                // Copy the remaining watches:\n-                while (i < end)\n-                    *j++ = *i++;\n-            }else\n-                uncheckedEnqueue(first, cr);\n+            {\n+                bool foundWatch = false;\n+                int sz = c.size();\n+                for (int k = 2; k < sz; k++){\n+                    lbool val_ck = value(c[k]);\n+                    if (val_ck != l_False){\n+                        c[1] = c[k];\n+                        c[k] = false_lit;\n+                        watches[~c[1]].push(w);\n+                        foundWatch = true;\n+                        break;\n+                    }\n+                }\n+                if(foundWatch){\n+                    *j++ = w;\n+                    goto NextClause;\n+                }\n+            }\n+            *j++ = w;\n+            lbool firstVal = value(first);\n+            if (firstVal == l_False){\n+                confl = cr;\n+                qhead = trail.size();\n+                while (i < end)\n+                    *j++ = *i++;\n+            } else {\n+                uncheckedEnqueue(first, cr);\n+           >')"
2025-03-14 11:22:56,773	[INFO]	Step: 35
2025-03-14 11:22:56,773	[INFO]	Stop Steps: 100
2025-03-14 11:23:12,267	[DEBUG]	EXEC>  SUCCESS 0.68185315
2025-03-14 11:23:12,267	[INFO]	1-16    SUCCESS               0.68 (99.56%) [2 edit(s)]  
2025-03-14 11:23:12,267	[DEBUG]	patch(1-16)="LineLLMMutation(('core/Solver.cc', 13), '-    for (int i = 0; i < clauses.size(); i++)\n-        if (!satisfied(ca[clauses[i]])){\n-            Clause& c = ca[clauses[i]];\n-            for (int j = 0; j < c.size(); j++)\n-                if (value(c[j]) != l_False)\n-                    mapVar(var(c[j]), map, max);\n-        }\n+    for (int i = 0, csz = clauses.size(); i < csz; i++){\n+        Clause& c = ca[clauses[i]];\n+        if (!satisfied(c)){\n+            for (int j = 0, csz2 = c.size(); j < csz2; j++){\n+                if (value(c[j]) != l_False)\n+                    mapVar(var(c[j]), map, max);\n+            }\n+        }\n+    }') | LineLLMMutation(('core/Solver.cc', 25), "- CRef Solver::propagate()\n- {\n-     CRef    confl     = CRef_Undef;\n-     int     num_props = 0;\n-     watches.cleanAll();\n-\n-     while (qhead < trail.size()){\n-         Lit            p   = trail[qhead++];     // 'p' is enqueued fact to propagate.\n-         vec<Watcher>&  ws  = watches[p];\n-         Watcher        *i, *j, *end;\n-         num_props++;\n-\n-         for (i = j = (Watcher*)ws, end = i + ws.size();  i != end;){\n-             // Try to avoid inspecting the clause:\n-             Lit blocker = i->blocker;\n-             if (value(blocker) == l_True){\n-                 *j++ = *i++;\n-                 continue;\n-             }\n-\n-             // Make sure the false literal is data[1]:\n-             CRef     cr        = i->cref;\n-             Clause&  c         = ca[cr];\n-             Lit      false_lit = ~p;\n-             if (c[0] == false_lit) {\n-                 c[0] = c[1];\n-                 c[1] = false_lit;\n-             }\n-             assert(c[1] == false_lit);\n-             i++;\n-\n-             // If 0th watch is true, then clause is already satisfied.\n-             Lit     first = c[0];\n-             Watcher w     = Watcher(cr, first);\n-             if (first != blocker && value(first) == l_True){\n-                 *j++ = w;\n-                 continue;\n-             }\n-\n-             // Look for new watch:\n-             for (int k = 2; k < c.size(); k++)\n-                 if (value(c[k]) != l_False){\n-                     c[1] = c[k];\n-                     c[k] = false_lit;\n-                     watches[~c[1]].push(w);\n-                     goto NextClause;\n-                 }\n-\n-             // Did not find watch -- clause is unit under assignment:\n-             *j++ = w;\n-             if (value(first) == l_False){\n-                 confl = cr;\n-                 qhead = trail.size();\n-                 // Copy the remaining watches:\n-                 while (i < end)\n-                     *j++ = *i++;\n-             }else\n-                 uncheckedEnqueue(first, cr);\n-\n-         NextClause:;\n-         }\n-         ws.shrink(i - j);\n-     }\n-     propagations += num_props;\n-     simpDB_props -= num_props;\n-\n-     return confl;\n- }\n+ CRef Solver::propagate() {\n+     CRef confl = CRef_Undef;\n+     int num_props = 0;\n+     watches.cleanAll();\n+     while (qhead < trail.size()) {\n+         Lit p = trail[qhead++];  // 'p' is enqueued fact to propagate.\n+         vec<Watcher>& ws = watches[p];\n+         Watcher *i, *j, *end;\n+         num_props++;\n+         for (i = j = (Watcher*)ws, end = i + ws.size(); i != end; ) {\n+             // Cache the blocker value to avoid repeated evaluations.\n+             Lit blocker = i->blocker;\n+             lbool blockerVal = value(blocker);\n+             if (blockerVal == l_True) {\n+                 *j++ = *i++;\n+                 continue;\n+             }\n+             CRef cr = i->cref;\n+             Clause& c = ca[cr];\n+             Lit false_lit = ~p;\n+             if (c[0] == false_lit) {\n+                 c[0] = c[1];\n+                 c[1] = false_lit;\n+             }\n+             assert(c[1] == false_lit);\n+             i++;\n+             Lit first = c[0];\n+             lbool firstVal = value(first);\n+             Watcher w = Watcher(cr, first);\n+             if (first != blocker && firstVal == l_True) {\n+                 *j++ = w;\n+                 continue;\n+             }\n+             bool found_new = false;\n+             for (int k = 2; k < c.size(); k++) {\n+                 if (value(c[k]) != l_False) {\n+                     c[1] = c[k];\n+                     c[k] = false_lit;\n+                     watches[~c[1]].push(w);\n+                     found_new = true;\n+                     break;\n+                 }\n+             }\n+             if (found_new)\n+                 continue;\n+             *j++ = w;\n+             if (firstVal == l_False) {\n+                 confl = cr;\n+                 qhead = trail.size();\n+                 while (i < end)\n+                     *j++ = *i++;\n+             } else {\n+                 uncheckedEnqueue(first, cr);\n+             }\n+         }\n+         ws.shrink(i - j);\n+     }\n+     propagations += num_props;\n+     simpDB_props -= num_props;\n+     return confl;\n+ }")"
2025-03-14 11:23:12,267	[INFO]	Step: 36
2025-03-14 11:23:12,268	[INFO]	Stop Steps: 100
2025-03-14 11:23:12,617	[INFO]	1-17    COMPILE_CODE_ERROR    None (--) [2 edit(s)]  
2025-03-14 11:23:12,617	[DEBUG]	patch(1-17)="LineLLMMutation(('core/Solver.cc', 9), '-    for (int c = trail.size()-1; c >= trail_lim[level]; c--){\n-            Var      x  = var(trail[c]);\n-            assigns [x] = l_Undef;\n-            if (phase_saving > 1 || (phase_saving == 1) && c > trail_lim.last())\n-                polarity[x] = sign(trail[c]);\n-            insertVarOrder(x); }\n-    qhead = trail_lim[level];\n-    trail.shrink(trail.size() - trail_lim[level]);\n-    trail_lim.shrink(trail_lim.size() - level);\n+    int start = trail_lim[level];\n+    for (int c = trail.size() - 1; c >= start; c--){\n+        Var x = var(trail[c]);\n+        assigns[x] = l_Undef;\n+        if (phase_saving > 1 || (phase_saving == 1 && c > trail_lim.last()))\n+            polarity[x] = sign(trail[c]);\n+        insertVarOrder(x);\n+    }\n+    qhead = start;\n+    trail.shrink(trail.size() - start);\n+    trail_lim.shrink(trail_lim.size() - level);') | LineLLMMutation(('core/Solver.cc', 26), '+ #include <algorithm>\n-    sort(learnts, reduceDB_lt(ca));\n+    std::nth_element(learnts.begin(), learnts.begin() + learnts.size()/2, learnts.end(), reduceDB_lt(ca));')"
2025-03-14 11:23:12,617	[INFO]	Step: 37
2025-03-14 11:23:12,617	[INFO]	Stop Steps: 100
2025-03-14 11:23:28,077	[DEBUG]	EXEC>  SUCCESS 0.6801912999999999
2025-03-14 11:23:28,078	[INFO]	1-18    SUCCESS               0.68 (99.31%) [2 edit(s)]  
2025-03-14 11:23:28,078	[DEBUG]	patch(1-18)="LineLLMMutation(('core/Solver.cc', 17), '-            if (learnts.size()-nAssigns() >= max_learnts)\n-                // Reduce the set of learnt clauses:\n-                reduceDB();\n+            if (learnts.size() - nAssigns() >= max_learnts) {\n+                reduceDB();\n+            }') | LineLLMMutation(('core/Solver.cc', 27), '-            Lit blocker = i->blocker;\n-            if (value(blocker) == l_True){\n-                *j++ = *i++; continue; }\n+            Lit blocker = i->blocker;\n+            if (__builtin_expect(value(blocker) == l_True, 1)) {\n+                *j++ = *i++;\n+                continue;\n+            }')"
2025-03-14 11:23:28,078	[INFO]	Step: 38
2025-03-14 11:23:28,078	[INFO]	Stop Steps: 100
2025-03-14 11:23:43,562	[DEBUG]	EXEC>  SUCCESS 0.681188
2025-03-14 11:23:43,562	[INFO]	1-19    SUCCESS               0.68 (99.46%) [2 edit(s)]  
2025-03-14 11:23:43,562	[DEBUG]	patch(1-19)="LineLLMMutation(('core/Solver.cc', 2), '-            for (int k = 2; k < c.size(); k++)\n-                if (value(c[k]) != l_False){\n-                    c[1] = c[k]; c[k] = false_lit;\n-                    watches[~c[1]].push(w);\n-                    goto NextClause; }\n+            for (int k = 2, cs = c.size(); k < cs; k++) {\n+                if (value(c[k]) != l_False) {\n+                    c[1] = c[k];\n+                    c[k] = false_lit;\n+                    watches[~c[1]].push(w);\n+                    goto NextClause;\n+                }\n+            }') | LineLLMMutation(('core/Solver.cc', 28), '-            Lit blocker = i->blocker;\n-            if (value(blocker) == l_True){\n-                *j++ = *i++; continue; }\n+            Lit blocker = i->blocker;\n+            lbool val_blocker = value(blocker);\n+            if (val_blocker == l_True){\n+                *j++ = *i++; continue; }\n-            Lit     first = c[0];\n-            Watcher w     = Watcher(cr, first);\n-            if (first != blocker && value(first) == l_True){\n-                *j++ = w; continue; }\n+            Lit     first = c[0];\n+            lbool val_first = value(first);\n+            Watcher w     = Watcher(cr, first);\n+            if (first != blocker && val_first == l_True){\n+                *j++ = w; continue; }\n-            if (value(first) == l_False){\n+            if (val_first == l_False){')"
2025-03-14 11:23:43,562	[INFO]	Step: 39
2025-03-14 11:23:43,562	[INFO]	Stop Steps: 100
2025-03-14 11:23:43,887	[INFO]	1-20    COMPILE_CODE_ERROR    None (--) [2 edit(s)]  
2025-03-14 11:23:43,888	[DEBUG]	patch(1-20)="LineLLMMutation(('core/Solver.cc', 7), '-    for (i = j = 0; i < learnts.size(); i++){\n-        Clause& c = ca[learnts[i]];\n-        if (c.size() > 2 && !locked(c) && (i < learnts.size() / 2 || c.activity() < extra_lim))\n-            removeClause(learnts[i]);\n-        else\n-            learnts[j++] = learnts[i];\n-    }\n-    learnts.shrink(i - j);\n+    int learntSize = learnts.size();\n+    for (i = j = 0; i < learntSize; i++){\n+        Clause& c = ca[learnts[i]];\n+        bool removable = (c.size() > 2 && !locked(c) && ((i < learntSize/2) || (c.activity() < extra_lim)));\n+        if (removable) {\n+            removeClause(learnts[i]);\n+        } else {\n+            learnts[j++] = learnts[i];\n+        }\n+    }\n+    learnts.shrink(learnts.size() - j);') | LineLLMMutation(('core/Solver.cc', 29), '-         vec<Watcher>&  ws  = watches[p];\n-         Watcher        *i, *j, *end;\n-         num_props++;\n-\n-         for (i = j = (Watcher*)ws, end = i + ws.size();  i != end;){\n-             // Try to avoid inspecting the clause:\n-             Lit blocker = i->blocker;\n-             if (value(blocker) == l_True){\n-                 *j++ = *i++; continue; }\n-\n-             // Make sure the false literal is data[1]:\n-             CRef     cr        = i->cref;\n-             Clause&  c         = ca[cr];\n-             Lit      false_lit = ~p;\n-             if (c[0] == false_lit)\n-                 c[0] = c[1], c[1] = false_lit;\n-             assert(c[1] == false_lit);\n-             i++;\n-\n-             // If 0th watch is true, then clause is already satisfied.\n-             Lit     first = c[0];\n-             Watcher w     = Watcher(cr, first);\n-             if (first != blocker && value(first) == l_True){\n-                 *j++ = w; continue; }\n-\n-             // Look for new watch:\n-             for (int k = 2; k < c.size(); k++)\n-                 if (value(c[k]) != l_False){\n-                     c[1] = c[k]; c[k] = false_lit;\n-                     watches[~c[1]].push(w);\n-                     goto NextClause; }\n-\n-             // Did not find watch -- clause is unit under assignment:\n-             *j++ = w;\n-             if (value(first) == l_False){\n-                 confl = cr;\n-                 qhead = trail.size();\n-                 // Copy the remaining watches:\n-                 while (i < end)\n-                     *j++ = *i++;\n-             }else\n-                 uncheckedEnqueue(first, cr);\n-\n-         NextClause:;\n-         }\n-         ws.shrink(i - j);\n+         vec<Watcher>& ws = watches[p];\n+         num_props++;\n+         vec<Watcher> newWs;\n+         newWs.capacity(ws.size());\n+         for (int idx = 0; idx < ws.size(); idx++){\n+             Watcher w = ws[idx];\n+             if (value(w.blocker) == l_True){\n+                 newWs.push(w);\n+                 continue;\n+             }\n+             CRef cr = w.cref;\n+             Clause& c = ca[cr];\n+             Lit false_lit = ~p;\n+             if (c[0] == false_lit){\n+                 c[0] = c[1];\n+                 c[1] = false_lit;\n+             }\n+             Lit first = c[0];\n+             Watcher newW(cr, first);\n+             if (first != w.blocker && value(first) == l_True){\n+                 newWs.push(newW);\n+                 continue;\n+             }\n+             bool found = false;\n+             for (int k = 2; k < c.size(); k++){\n+                 if (value(c[k]) != l_False){\n+                     c[1] = c[k];\n+                     c[k] = false_lit;\n+                     watches[~c[1]].push(newW);\n+                     found = true;\n+                     break;\n+                 }\n+             }\n+             if (found){\n+                 continue;\n+             }\n+             newWs.push(newW);\n+             if (value(first) == l_False){\n+                 confl = cr;\n+                 qhead = trail.size();\n+                 for (int jdx = idx+1; jdx < ws.size(); jdx++){\n+                     newWs.push(ws[jdx]);\n+                 }\n+                 break;\n+             } else {\n+                 uncheckedEnqueue(first, cr);\n+             }\n+         }\n+         ws = newWs;')"
2025-03-14 11:23:43,888	[INFO]	Step: 40
2025-03-14 11:23:43,888	[INFO]	Stop Steps: 100
2025-03-14 11:23:59,495	[DEBUG]	EXEC>  SUCCESS 0.6871296499999999
2025-03-14 11:23:59,495	[INFO]	1-1     SUCCESS               0.69 (100.33%) [2 edit(s)]  
2025-03-14 11:23:59,495	[DEBUG]	patch(1-1)="LineLLMMutation(('core/Solver.cc', 15), '-    if (verbosity >= 2)\n-        printf("|  Garbage collection:   %12d bytes => %12d bytes             |\\n",\n-               ca.size()*ClauseAllocator::Unit_Size, to.size()*ClauseAllocator::Unit_Size);\n+    if (verbosity >= 2) {\n+        int oldSize = ca.size() * ClauseAllocator::Unit_Size;\n+        int newSize = to.size() * ClauseAllocator::Unit_Size;\n+        printf("|  Garbage collection:   %12d bytes => %12d bytes             |\\n", oldSize, newSize);\n+    }') | LineLLMMutation(('core/Solver.cc', 30), '-            Lit blocker = i->blocker;\n-            if (value(blocker) == l_True){\n-                *j++ = *i++; continue; }\n+            Lit blocker = i->blocker;\n+            lbool blocker_val = value(blocker);\n+            if (blocker_val == l_True){\n+                *j++ = *i++;\n+                continue;\n+            }')"
2025-03-14 11:23:59,496	[INFO]	Step: 41
2025-03-14 11:23:59,496	[INFO]	Stop Steps: 100
2025-03-14 11:24:15,339	[DEBUG]	EXEC>  SUCCESS 0.6989825
2025-03-14 11:24:15,340	[INFO]	1-2     SUCCESS               0.70 (102.06%) [2 edit(s)]  
2025-03-14 11:24:15,340	[DEBUG]	patch(1-2)="LineLLMMutation(('core/Solver.cc', 15), '-    if (verbosity >= 2)\n-        printf("|  Garbage collection:   %12d bytes => %12d bytes             |\\n",\n-               ca.size()*ClauseAllocator::Unit_Size, to.size()*ClauseAllocator::Unit_Size);\n+    if (verbosity >= 2) {\n+        int oldSize = ca.size() * ClauseAllocator::Unit_Size;\n+        int newSize = to.size() * ClauseAllocator::Unit_Size;\n+        printf("|  Garbage collection:   %12d bytes => %12d bytes             |\\n", oldSize, newSize);\n+    }') | LineLLMMutation(('core/Solver.cc', 31), '-            Lit     first = c[0];\n-            Watcher w     = Watcher(cr, first);\n-            if (first != blocker && value(first) == l_True){\n-                *j++ = w; continue; }\n+            Lit     first = c[0];\n+            lbool first_val = value(first);\n+            Watcher w     = Watcher(cr, first);\n+            if (first != blocker && first_val == l_True){\n+                *j++ = w;\n+                continue;\n+            }')"
2025-03-14 11:24:15,340	[INFO]	Step: 42
2025-03-14 11:24:15,340	[INFO]	Stop Steps: 100
2025-03-14 11:24:15,669	[INFO]	1-3     COMPILE_CODE_ERROR    None (--) [2 edit(s)]  
2025-03-14 11:24:15,669	[DEBUG]	patch(1-3)="LineLLMMutation(('core/Solver.cc', 15), '-    if (verbosity >= 2)\n-        printf("|  Garbage collection:   %12d bytes => %12d bytes             |\\n",\n-               ca.size()*ClauseAllocator::Unit_Size, to.size()*ClauseAllocator::Unit_Size);\n+    if (verbosity >= 2) {\n+        int oldSize = ca.size() * ClauseAllocator::Unit_Size;\n+        int newSize = to.size() * ClauseAllocator::Unit_Size;\n+        printf("|  Garbage collection:   %12d bytes => %12d bytes             |\\n", oldSize, newSize);\n+    }') | LineLLMMutation(('core/Solver.cc', 32), '-            *j++ = w;\n-            if (value(first) == l_False){\n+            *j++ = w;\n+            if (first_val == l_False){')"
2025-03-14 11:24:15,669	[INFO]	Step: 43
2025-03-14 11:24:15,669	[INFO]	Stop Steps: 100
2025-03-14 11:24:31,246	[DEBUG]	EXEC>  SUCCESS 0.68561535
2025-03-14 11:24:31,246	[INFO]	1-4     SUCCESS               0.69 (100.11%) [2 edit(s)]  
2025-03-14 11:24:31,246	[DEBUG]	patch(1-4)="LineLLMMutation(('core/Solver.cc', 4), '-    activity .push(rnd_init_act ? drand(random_seed) * 0.00001 : 0);\n+    activity.push(rnd_init_act ? drand(random_seed) * 1e-5 : 0);') | LineLLMMutation(('core/Solver.cc', 33), '-    vec<Watcher>&  ws  = watches[p];\n-    Watcher        *i, *j, *end;\n-    num_props++;\n-\n-    for (i = j = (Watcher*)ws, end = i + ws.size();  i != end;){\n-        // Try to avoid inspecting the clause:\n-        Lit blocker = i->blocker;\n-        if (value(blocker) == l_True){\n-            *j++ = *i++; continue; }\n+    vec<Watcher>&  ws  = watches[p];\n+    int wsSize = ws.size();\n+    Watcher        *i, *j, *end;\n+    num_props++;\n+\n+    for (i = j = (Watcher*)ws, end = i + wsSize;  i != end;){\n+        // Try to avoid inspecting the clause with branch prediction hint:\n+        Lit blocker = i->blocker;\n+        if (__builtin_expect(value(blocker) == l_True, 1)){\n+            *j++ = *i++; continue; }')"
2025-03-14 11:24:31,246	[INFO]	Step: 44
2025-03-14 11:24:31,246	[INFO]	Stop Steps: 100
2025-03-14 11:24:33,092	[INFO]	1-5     TEST_CODE_ERROR       None (--) [1 edit(s)]  
2025-03-14 11:24:33,092	[DEBUG]	patch(1-5)="LineLLMMutation(('core/Solver.cc', 34), "-CRef Solver::propagate()\n-{\n-    CRef    confl     = CRef_Undef;\n-    int     num_props = 0;\n-    watches.cleanAll();\n-\n-    while (qhead < trail.size()){\n-        Lit            p   = trail[qhead++];     // 'p' is enqueued fact to propagate.\n-        vec<Watcher>&  ws  = watches[p];\n-        Watcher        *i, *j, *end;\n-        num_props++;\n-\n-        for (i = j = (Watcher*)ws, end = i + ws.size();  i != end;){\n-            // Try to avoid inspecting the clause:\n-            Lit blocker = i->blocker;\n-            if (value(blocker) == l_True){\n-                *j++ = *i++; continue; }\n-\n-            // Make sure the false literal is data[1]:\n-            CRef     cr        = i->cref;\n-            Clause&  c         = ca[cr];\n-            Lit      false_lit = ~p;\n-            if (c[0] == false_lit)\n-                c[0] = c[1], c[1] = false_lit;\n-            assert(c[1] == false_lit);\n-            i++;\n-\n-            // If 0th watch is true, then clause is already satisfied.\n-            Lit     first = c[0];\n-            Watcher w     = Watcher(cr, first);\n-            if (first != blocker && value(first) == l_True){\n-                *j++ = w; continue; }\n-\n-            // Look for new watch:\n-            for (int k = 2; k < c.size(); k++)\n-                if (value(c[k]) != l_False){\n-                    c[1] = c[k]; c[k] = false_lit;\n-                    watches[~c[1]].push(w);\n-                    goto NextClause; }\n-\n-            // Did not find watch -- clause is unit under assignment:\n-            *j++ = w;\n-            if (value(first) == l_False){\n-                confl = cr;\n-                qhead = trail.size();\n-                // Copy the remaining watches:\n-                while (i < end)\n-                    *j++ = *i++;\n-            }else\n-                uncheckedEnqueue(first, cr);\n-\n-        NextClause:;\n-        }\n-        ws.shrink(i - j);\n-    }\n-    propagations += num_props;\n-    simpDB_props -= num_props;\n-\n-    return confl;\n-}\n+CRef Solver::propagate() {\n+    CRef confl = CRef_Undef;\n+    int num_props = 0;\n+    watches.cleanAll();\n+    while (qhead < trail.size()) {\n+        Lit p = trail[qhead++];\n+        vec<Watcher>& ws = watches[p];\n+        int ws_size = ws.size();\n+        for (int idx = 0; idx < ws_size; idx++) {\n+            num_props++;\n+            Watcher w = ws[idx];\n+            if (value(w.blocker) == l_True)\n+                continue;\n+            CRef cr = w.cref;\n+            Clause& c = ca[cr];\n+            Lit false_lit = ~p;\n+            if (c[0] == false_lit)\n+                std::swap(c[0], c[1]);\n+            assert(c[1] == false_lit);\n+            Lit first = c[0];\n+            if (first != w.blocker && value(first) == l_True)\n+                continue;\n+            bool found_watch = false;\n+            for (int k = 2; k < c.size(); k++) {\n+                if (value(c[k]) != l_False) {\n+                    std::swap(c[1], c[k]);\n+                    watches[~c[1]].push(Watcher(cr, c[0]));\n+                    found_watch = true;\n+                    break;\n+                }\n+            }\n+            if (!found_watch) {\n+                if (value(first) == l_False) {\n+                    confl = cr;\n+                    qhead = trail.size();\n+                    break;\n+                } else {\n+                    uncheckedEnqueue(first, cr);\n+                }\n+            }\n+        }\n+    }\n+    propagations += num_props;\n+    simpDB_props -= num_props;\n+    return confl;\n+}")"
2025-03-14 11:24:33,092	[INFO]	Step: 45
2025-03-14 11:24:33,093	[INFO]	Stop Steps: 100
2025-03-14 11:30:21,930	[INFO]	Step: 45
2025-03-14 11:30:21,930	[INFO]	Stop Steps: 100
2025-03-14 11:30:35,790	[DEBUG]	EXEC>  SUCCESS 0.6714628
2025-03-14 11:30:35,790	[INFO]	2-6     SUCCESS              *0.67 (98.04%) [1 edit(s)]  
2025-03-14 11:30:35,790	[DEBUG]	patch(2-6)="LineLLMMutation(('core/Solver.cc', 14), '-    for (int v = 0; v < nVars(); v++)\n-        for (int s = 0; s < 2; s++){\n-            Lit p = mkLit(v, s);\n-            vec<Watcher>& ws = watches[p];\n-            for (int j = 0; j < ws.size(); j++)\n-                ca.reloc(ws[j].cref, to);\n-        }\n+    for (int v = 0, nv = nVars(); v < nv; v++){\n+        for (int s = 0; s < 2; s++){\n+            Lit p = mkLit(v, s);\n+            vec<Watcher>& ws = watches[p];\n+            for (int j = 0, wsz = ws.size(); j < wsz; j++){\n+                ca.reloc(ws[j].cref, to);\n+            }\n+        }\n+    }')"

2025-03-14 11:30:35,790	[INFO]	Step: 46
2025-03-14 11:30:35,790	[INFO]	Stop Steps: 100
2025-03-14 11:30:49,724	[DEBUG]	EXEC>  SUCCESS 0.6827062499999998
2025-03-14 11:30:49,724	[INFO]	2-7     SUCCESS               0.68 (99.68%) [1 edit(s)]  
2025-03-14 11:30:49,724	[DEBUG]	patch(2-7)="LineLLMCrossover(('core/Solver.cc', 1), '-     for (int i = 0; i < clauses.size(); i++)\n-         if (!satisfied(ca[clauses[i]])){\n-             Clause& c = ca[clauses[i]];\n-             for (int j = 0; j < c.size(); j++)\n-             }\n-     }\n+     for (int i = 0, csz = clauses.size(); i < csz; i++){\n+         Clause& c = ca[clauses[i]];\n+         if (!satisfied(c)){\n+             for (int j = 0, csz2 = c.size(); j < csz2; j++){\n+             }\n+         }\n+     }')"
2025-03-14 11:30:49,724	[INFO]	Step: 47
2025-03-14 11:30:49,724	[INFO]	Stop Steps: 100
2025-03-14 11:31:05,391	[DEBUG]	EXEC>  SUCCESS 0.69015755
2025-03-14 11:31:05,392	[INFO]	2-8     SUCCESS               0.69 (100.77%) [1 edit(s)]  
2025-03-14 11:31:05,392	[DEBUG]	patch(2-8)="LineLLMCrossover(('core/Solver.cc', 8), '-             if (value(blocker) == l_True){\n-                 *j++ = *i++; continue; }\n+             if (__builtin_expect(value(blocker) == l_True, 1)) {\n+                 *j++ = *i++;\n+                 continue;\n+             }')"
2025-03-14 11:31:05,392	[INFO]	Step: 48
2025-03-14 11:31:05,392	[INFO]	Stop Steps: 100
2025-03-14 11:31:39,967	[DEBUG]	EXEC>  SUCCESS 1.63087965
2025-03-14 11:31:39,967	[INFO]	2-9     SUCCESS               1.63 (238.12%) [1 edit(s)]  
2025-03-14 11:31:39,967	[DEBUG]	patch(2-9)="LineLLMCrossover(('core/Solver.cc', 9), '-             if (learnts.size()-nAssigns() >= max_learnts)\n-                 // Reduce the set of learnt clauses:\n+             if (learnts.size() - nAssigns() >= max_learnts) {\n+                 // Reduce the set of learnt clauses:\n+             }')"
2025-03-14 11:31:39,967	[INFO]	Step: 49
2025-03-14 11:31:39,967	[INFO]	Stop Steps: 100
2025-03-14 11:31:55,598	[DEBUG]	EXEC>  SUCCESS 0.6889208
2025-03-14 11:31:55,599	[INFO]	2-10    SUCCESS               0.69 (100.59%) [1 edit(s)]  
2025-03-14 11:31:55,599	[DEBUG]	patch(2-10)="LineLLMCrossover(('core/Solver.cc', 10), '-             if (reason(x) == CRef_Undef){\n-                 assert(level(x) > 0);\n-                 out_conflict.push(~trail[i]);\n-             }else{\n-                 Clause& c = ca[reason(x)];\n-                 for (int j = 1; j < c.size(); j++)\n-                     if (level(var(c[j])) > 0)\n-                         seen[var(c[j])] = 1;\n-             }\n+             CRef rx = reason(x);\n+             if (rx == CRef_Undef){\n+                  assert(level(x) > 0);\n+                  out_conflict.push(~trail[i]);\n+             } else {\n+                  Clause& c = ca[rx];\n+                  for (int j = 1, sz = c.size(); j < sz; j++)\n+                      if (level(var(c[j])) > 0)\n+                          seen[var(c[j])] = 1;\n+             }')"
2025-03-14 11:31:55,599	[INFO]	Step: 50
2025-03-14 11:31:55,599	[INFO]	Stop Steps: 100
2025-03-14 11:32:09,326	[DEBUG]	EXEC>  SUCCESS 0.6720850500000001
2025-03-14 11:32:09,327	[INFO]	2-11    SUCCESS               0.67 (98.13%) [1 edit(s)]  
2025-03-14 11:32:09,327	[DEBUG]	patch(2-11)="LineLLMCrossover(('core/Solver.cc', 11), '-             Lit blocker = i->blocker;\n-             if (__builtin_expect(value(blocker) == l_True, 1)) {\n-                 *j++ = *i++;\n-                 continue;\n-             }\n-             Lit first = c[0];\n-             if (first != blocker && value(first) == l_True){\n+             Lit blocker = i->blocker;\n+             lbool val_blocker = value(blocker);\n+             if (__builtin_expect(val_blocker == l_True, 1)) {\n+                 *j++ = *i++;\n+                 continue;\n+             }\n+             Lit first = c[0];\n+             lbool val_first = value(first);\n+             if (first != blocker && val_first == l_True){')"
2025-03-14 11:32:09,327	[INFO]	Step: 51
2025-03-14 11:32:09,327	[INFO]	Stop Steps: 100
2025-03-14 11:32:23,275	[DEBUG]	EXEC>  SUCCESS 0.6832971999999999
2025-03-14 11:32:23,275	[INFO]	2-12    SUCCESS               0.68 (99.77%) [1 edit(s)]  
2025-03-14 11:32:23,275	[DEBUG]	patch(2-12)="LineLLMCrossover(('core/Solver.cc', 12), '-     for (int i = 0; i < clauses.size(); i++)\n-         if (!satisfied(ca[clauses[i]])){\n-             Clause& c = ca[clauses[i]];\n-             if (!satisfied(c))\n-                 for (int j = 0; j < c.size(); j++)\n-                     if (value(c[j]) != l_False)\n-                         mapVar(var(c[j]), map, max);\n-         }\n+     for (int i = 0, csz = clauses.size(); i < csz; i++){\n+         Clause& c = ca[clauses[i]];\n+         if (!satisfied(c)){\n+             for (int j = 0, csz2 = c.size(); j < csz2; j++){\n+                 if (value(c[j]) != l_False)\n+                     mapVar(var(c[j]), map, max);\n+             }\n+         }\n+     }')"
2025-03-14 11:32:23,275	[INFO]	Step: 52
2025-03-14 11:32:23,276	[INFO]	Stop Steps: 100
2025-03-14 11:32:38,842	[DEBUG]	EXEC>  SUCCESS 0.6847690000000001
2025-03-14 11:32:38,843	[INFO]	2-13    SUCCESS               0.68 (99.98%) [1 edit(s)]  
2025-03-14 11:32:38,843	[DEBUG]	patch(2-13)="LineLLMCrossover(('core/Solver.cc', 13), '-         if (drand(random_seed) < random_var_freq && !order_heap.empty()){\n+         if (__builtin_expect(drand(random_seed) < random_var_freq, 0) && !order_heap.empty()){')"
2025-03-14 11:32:38,843	[INFO]	Step: 53
2025-03-14 11:32:38,843	[INFO]	Stop Steps: 100
2025-03-14 11:32:54,595	[DEBUG]	EXEC>  SUCCESS 0.6943613
2025-03-14 11:32:54,596	[INFO]	2-14    SUCCESS               0.69 (101.38%) [1 edit(s)]  
2025-03-14 11:32:54,596	[DEBUG]	patch(2-14)="LineLLMCrossover(('core/Solver.cc', 14), '-             for (int i = 1; i < c.size(); i++){\n+             for (int i = 1, cs = c.size(); i < cs; i++) {')"
2025-03-14 11:32:54,596	[INFO]	Step: 54
2025-03-14 11:32:54,596	[INFO]	Stop Steps: 100
2025-03-14 11:33:10,422	[DEBUG]	EXEC>  SUCCESS 0.69815385
2025-03-14 11:33:10,422	[INFO]	2-15    SUCCESS               0.70 (101.94%) [1 edit(s)]  
2025-03-14 11:33:10,422	[DEBUG]	patch(2-15)="LineLLMCrossover(('core/Solver.cc', 15), '-     for (Var v = 0; v < nVars(); v++)\n-         if (decision[v] && value(v) == l_Undef)\n-             vs.push(v);\n+     int nv = nVars();\n+     for (Var v = 0; v < nv; v++)\n+         if (decision[v] && value(v) == l_Undef)\n+             vs.push(v);')"
2025-03-14 11:33:10,422	[INFO]	Step: 55
2025-03-14 11:33:10,422	[INFO]	Stop Steps: 100
2025-03-14 11:33:26,163	[DEBUG]	EXEC>  SUCCESS 0.694225
2025-03-14 11:33:26,164	[INFO]	2-16    SUCCESS               0.69 (101.36%) [2 edit(s)]  
2025-03-14 11:33:26,164	[DEBUG]	patch(2-16)="LineLLMMutation(('core/Solver.cc', 14), '-    for (int v = 0; v < nVars(); v++)\n-        for (int s = 0; s < 2; s++){\n-            Lit p = mkLit(v, s);\n-            vec<Watcher>& ws = watches[p];\n-            for (int j = 0; j < ws.size(); j++)\n-                ca.reloc(ws[j].cref, to);\n-        }\n+    for (int v = 0, nv = nVars(); v < nv; v++){\n+        for (int s = 0; s < 2; s++){\n+            Lit p = mkLit(v, s);\n+            vec<Watcher>& ws = watches[p];\n+            for (int j = 0, wsz = ws.size(); j < wsz; j++){\n+                ca.reloc(ws[j].cref, to);\n+            }\n+        }\n+    }') | LineLLMMutation(('core/Solver.cc', 35), '- for (int k = 2; k < c.size(); k++)\n-     if (value(c[k]) != l_False){\n-         c[1] = c[k]; c[k] = false_lit;\n-         watches[~c[1]].push(w);\n-         goto NextClause; }\n+ for (int k = 2; k < c.size(); k++) {\n+     lbool val = value(c[k]);\n+     if (val != l_False) {\n+         c[1] = c[k];\n+         c[k] = false_lit;\n+         watches[~c[1]].push(w);\n+         goto NextClause;\n+     }\n+ }')"
2025-03-14 11:33:26,164	[INFO]	Step: 56
2025-03-14 11:33:26,164	[INFO]	Stop Steps: 100
2025-03-14 11:33:28,023	[INFO]	2-17    TEST_CODE_ERROR       None (--) [2 edit(s)]  
2025-03-14 11:33:28,023	[DEBUG]	patch(2-17)="LineLLMCrossover(('core/Solver.cc', 1), '-     for (int i = 0; i < clauses.size(); i++)\n-         if (!satisfied(ca[clauses[i]])){\n-             Clause& c = ca[clauses[i]];\n-             for (int j = 0; j < c.size(); j++)\n-             }\n-     }\n+     for (int i = 0, csz = clauses.size(); i < csz; i++){\n+         Clause& c = ca[clauses[i]];\n+         if (!satisfied(c)){\n+             for (int j = 0, csz2 = c.size(); j < csz2; j++){\n+             }\n+         }\n+     }') | LineLLMMutation(('core/Solver.cc', 36), '-        Watcher        *i, *j, *end;\n-        num_props++;\n-\n-        for (i = j = (Watcher*)ws, end = i + ws.size();  i != end;){\n-            // Try to avoid inspecting the clause:\n-            Lit blocker = i->blocker;\n-            if (value(blocker) == l_True){\n-                *j++ = *i++; continue; }\n-\n-            // Make sure the false literal is data[1]:\n-            CRef     cr        = i->cref;\n-            Clause&  c         = ca[cr];\n-            Lit      false_lit = ~p;\n-            if (c[0] == false_lit)\n-                c[0] = c[1], c[1] = false_lit;\n-            assert(c[1] == false_lit);\n-            i++;\n-\n-            // If 0th watch is true, then clause is already satisfied.\n-            Lit     first = c[0];\n-            Watcher w     = Watcher(cr, first);\n-            if (first != blocker && value(first) == l_True){\n-                *j++ = w; continue; }\n-\n-            // Look for new watch:\n-            for (int k = 2; k < c.size(); k++)\n-                if (value(c[k]) != l_False){\n-                    c[1] = c[k]; c[k] = false_lit;\n-                    watches[~c[1]].push(w);\n-                    goto NextClause; }\n-\n-            // Did not find watch -- clause is unit under assignment:\n-            *j++ = w;\n-            if (value(first) == l_False){\n-                confl = cr;\n-                qhead = trail.size();\n-                // Copy the remaining watches:\n-                while (i < end)\n-                    *j++ = *i++;\n-            }else\n-                uncheckedEnqueue(first, cr);\n-\n-        NextClause:;\n-        }\n-        ws.shrink(i - j);\n+        num_props++;\n+        int ws_size = ws.size();\n+        int j_idx = 0;\n+        for (int idx = 0; idx < ws_size; idx++){\n+            Watcher w = ws[idx];\n+            if (value(w.blocker) == l_True){\n+                ws[j_idx++] = w;\n+                continue;\n+            }\n+            CRef cr = w.cref;\n+            Clause& c = ca[cr];\n+            Lit false_lit = ~p;\n+            if (c[0] == false_lit){\n+                Lit tmp = c[0];\n+                c[0] = c[1];\n+                c[1] = tmp;\n+            }\n+            assert(c[1] == false_lit);\n+            Lit first = c[0];\n+            if (first != w.blocker && value(first) == l_True){\n+                ws[j_idx++] = Watcher(cr, first);\n+                continue;\n+            }\n+            bool found = false;\n+            for (int k = 2; k < c.size(); k++){\n+                if (value(c[k]) != l_False){\n+                    c[1] = c[k];\n+                    c[k] = false_lit;\n+                    watches[~c[1]].push(Watcher(cr, c[0]));\n+                    found = true;\n+                    break;\n+                }\n+            }\n+            ws[j_idx++] = Watcher(cr, c[0]);\n+            if (!found && value(first) == l_False){\n+                confl = cr;\n+                qhead = trail.size();\n+                for (int l = idx + 1; l < ws_size; l++){\n+                    ws[j_idx++] = ws[l];\n+                }\n+                break;\n+            } else if (!found){\n+                uncheckedEnqueue(first, cr);\n+            }\n+        }\n+        ws.shrink(ws_size - j_idx);')"
2025-03-14 11:33:28,023	[INFO]	Step: 57
2025-03-14 11:33:28,023	[INFO]	Stop Steps: 100
2025-03-14 11:33:28,353	[INFO]	2-18    COMPILE_CODE_ERROR    None (--) [3 edit(s)]  
2025-03-14 11:33:28,353	[DEBUG]	patch(2-18)="LineLLMMutation(('core/Solver.cc', 14), '-    for (int v = 0; v < nVars(); v++)\n-        for (int s = 0; s < 2; s++){\n-            Lit p = mkLit(v, s);\n-            vec<Watcher>& ws = watches[p];\n-            for (int j = 0; j < ws.size(); j++)\n-                ca.reloc(ws[j].cref, to);\n-        }\n+    for (int v = 0, nv = nVars(); v < nv; v++){\n+        for (int s = 0; s < 2; s++){\n+            Lit p = mkLit(v, s);\n+            vec<Watcher>& ws = watches[p];\n+            for (int j = 0, wsz = ws.size(); j < wsz; j++){\n+                ca.reloc(ws[j].cref, to);\n+            }\n+        }\n+    }') | LineLLMMutation(('core/Solver.cc', 21), '-        for (i = j = (Watcher*)ws, end = i + ws.size();  i != end;){\n-            // Try to avoid inspecting the clause:\n-            Lit blocker = i->blocker;\n-            if (value(blocker) == l_True){\n-                *j++ = *i++;\n-                continue; }\n-\n-            // Make sure the false literal is data[1]:\n-            CRef     cr        = i->cref;\n-            Clause&  c         = ca[cr];\n-            Lit      false_lit = ~p;\n-            if (c[0] == false_lit)\n-                c[0] = c[1], c[1] = false_lit;\n-            assert(c[1] == false_lit);\n-            i++;\n-\n-            // If 0th watch is true, then clause is already satisfied.\n-            Lit     first = c[0];\n-            Watcher w     = Watcher(cr, first);\n-            if (first != blocker && value(first) == l_True){\n-                *j++ = w; continue; }\n-\n-            // Look for new watch:\n-            for (int k = 2; k < c.size(); k++)\n-                if (value(c[k]) != l_False){\n-                    c[1] = c[k]; c[k] = false_lit;\n-                    watches[~c[1]].push(w);\n-                    goto NextClause; }\n-\n-            // Did not find watch -- clause is unit under assignment:\n-            *j++ = w;\n-            if (value(first) == l_False){\n-                confl = cr;\n-                qhead = trail.size();\n-                // Copy the remaining watches:\n-                while (i < end)\n-                    *j++ = *i++;\n-            }else\n-                uncheckedEnqueue(first, cr);\n-\n-        NextClause:;\n-        }\n-        ws.shrink(i - j);\n+        {\n+            int m = ws.size();\n+            int new_size = 0;\n+            for (int k_idx = 0; k_idx < m; k_idx++) {\n+                Watcher w = ws[k_idx];\n+                if (value(w.blocker) == l_True) {\n+                    ws[new_size++] = w;\n+                    continue;\n+                }\n+                CRef cr = w.cref;\n+                Clause& c = ca[cr];\n+                Lit false_lit = ~p;\n+                if (c[0] == false_lit)\n+                    std::swap(c[0], c[1]);\n+                assert(c[1] == false_lit);\n+                if (c[0] != w.blocker && value(c[0]) == l_True) {\n+                    ws[new_size++] = Watcher(cr, c[0]);\n+                    continue;\n+                }\n+                bool found = false;\n+                for (int k2 = 2; k2 < c.size(); k2++) {\n+                    if (value(c[k2]) != l_False) {\n+                        c[1] = c[k2];\n+                        c[k2] = false_lit;\n+                        watches[~c[1]].push(Watcher(cr, c[0]));\n+                        found = true;\n+                        break;\n+                    }\n+                }\n+                if (!found) {\n+                    ws[new_size++] = w;\n+                    if (value(c[0]) == l_False) {\n+                        confl = cr;\n+                        qhead = trail.size();\n+                        for (int k3 = k_idx + 1; k3 < m; k3++)\n+                            ws[new_size++] = ws[k3];\n+                        break;\n+                    } else {\n+                        uncheckedEnqueue(c[0], cr);\n+                    }\n+                }\n+            }\n+            ws.shrink(new_size);\n+        }') | LineLLMMutation(('core/Solver.cc', 37), '-            Lit blocker = i->blocker;\n-            if (value(blocker) == l_True){\n-                *j++ = *i++; continue; }\n+            Lit blocker = i->blocker;\n+            lbool val_blocker = value(blocker);\n+            if (val_blocker == l_True){\n+                *j++ = *i++; continue; }\n-            Lit first = c[0];\n-            Watcher w     = Watcher(cr, first);\n-            if (first != blocker && value(first) == l_True){\n-                *j++ = w; continue; }\n+            Lit first = c[0];\n+            lbool val_first = value(first);\n+            Watcher w     = Watcher(cr, first);\n+            if (first != blocker && val_first == l_True){\n+                *j++ = w; continue; }\n-            if (value(first) == l_False){\n-                confl = cr;\n-                qhead = trail.size();\n-                // Copy the remaining watches:\n-                while (i < end)\n-                    *j++ = *i++;\n-            }else\n-                uncheckedEnqueue(first, cr);\n+            if (val_first == l_False){\n+                confl = cr;\n+                qhead = trail.size();\n+                while (i < end)\n+                    *j++ = *i++;\n+            }else\n+                uncheckedEnqueue(first, cr);')"
2025-03-14 11:33:28,353	[INFO]	Step: 58
2025-03-14 11:33:28,353	[INFO]	Stop Steps: 100
2025-03-14 11:33:43,951	[DEBUG]	EXEC>  SUCCESS 0.6867922
2025-03-14 11:33:43,952	[INFO]	2-19    SUCCESS               0.69 (100.28%) [2 edit(s)]  
2025-03-14 11:33:43,952	[DEBUG]	patch(2-19)="LineLLMMutation(('core/Solver.cc', 6), '-    double  F = 1.0 / nVars();\n-    for (int i = 0; i <= decisionLevel(); i++){\n-        int beg = i == 0 ? 0 : trail_lim[i - 1];\n-        int end = i == decisionLevel() ? trail.size() : trail_lim[i];\n-        progress += pow(F, i) * (end - beg);\n-    }\n-    return progress / nVars();\n+    int totalVars = nVars();\n+    double F = 1.0 / totalVars;\n+    for (int i = 0; i <= decisionLevel(); i++){\n+        int beg = (i == 0) ? 0 : trail_lim[i - 1];\n+        int end = (i == decisionLevel()) ? trail.size() : trail_lim[i];\n+        progress += std::pow(F, i) * (end - beg);\n+    }\n+    return progress / totalVars;') | LineLLMMutation(('core/Solver.cc', 38), '-            for (int k = 2; k < c.size(); k++)\n+            int sizeC = c.size();\n+            for (int k = 2; k < sizeC; k++)')"
2025-03-14 11:33:43,952	[INFO]	Step: 59
2025-03-14 11:33:43,952	[INFO]	Stop Steps: 100
2025-03-14 11:33:59,485	[DEBUG]	EXEC>  SUCCESS 0.6833447500000001
2025-03-14 11:33:59,485	[INFO]	2-20    SUCCESS               0.68 (99.77%) [3 edit(s)]  
2025-03-14 11:33:59,485	[DEBUG]	patch(2-20)="LineLLMMutation(('core/Solver.cc', 17), '-            if (learnts.size()-nAssigns() >= max_learnts)\n-                // Reduce the set of learnt clauses:\n-                reduceDB();\n+            if (learnts.size() - nAssigns() >= max_learnts) {\n+                reduceDB();\n+            }') | LineLLMMutation(('core/Solver.cc', 27), '-            Lit blocker = i->blocker;\n-            if (value(blocker) == l_True){\n-                *j++ = *i++; continue; }\n+            Lit blocker = i->blocker;\n+            if (__builtin_expect(value(blocker) == l_True, 1)) {\n+                *j++ = *i++;\n+                continue;\n+            }') | LineLLMMutation(('core/Solver.cc', 39), '-        for (i = j = (Watcher*)ws, end = i + ws.size();  i != end;){\n+        int ws_size = ws.size();\n+        for (i = j = (Watcher*)ws, end = i + ws_size;  i != end;){')"
2025-03-14 11:33:59,486	[INFO]	Step: 60
2025-03-14 11:33:59,486	[INFO]	Stop Steps: 100
2025-03-14 11:34:14,925	[DEBUG]	EXEC>  SUCCESS 0.6792127499999999
2025-03-14 11:34:14,926	[INFO]	2-1     SUCCESS               0.68 (99.17%) [2 edit(s)]  
2025-03-14 11:34:14,926	[DEBUG]	patch(2-1)="LineLLMCrossover(('core/Solver.cc', 0), '-             if (reason(x) == CRef_Undef){\n-                 assert(level(x) > 0);\n-                 out_conflict.push(~trail[i]);\n-             }else{\n-                 Clause& c = ca[reason(x)];\n-                 for (int j = 1; j < c.size(); j++)\n-                     if (level(var(c[j])) > 0)\n-                         seen[var(c[j])] = 1;\n-             }\n+             CRef rx = reason(x);\n+             if (rx == CRef_Undef){\n+                     assert(level(x) > 0);\n+                     out_conflict.push(~trail[i]);\n+                 } else {\n+                     Clause& c = ca[rx];\n+                     for (int j = 1, sz = c.size(); j < sz; j++)\n+                         if (level(var(c[j])) > 0)\n+                             seen[var(c[j])] = 1;\n+                 }') | LineLLMMutation(('core/Solver.cc', 40), '-         Lit blocker = i->blocker;\n-         if (value(blocker) == l_True){\n+         Lit blocker = i->blocker;\n+         lbool val_blocker = value(blocker);\n+         if (val_blocker == l_True){\n-             Lit first = c[0];\n-             Watcher w     = Watcher(cr, first);\n-             if (first != blocker && value(first) == l_True){\n+             Lit first = c[0];\n+             lbool val_first = value(first);\n+             Watcher w     = Watcher(cr, first);\n+             if (first != blocker && val_first == l_True){')"
2025-03-14 11:34:14,926	[INFO]	Step: 61
2025-03-14 11:34:14,926	[INFO]	Stop Steps: 100
2025-03-14 11:34:16,648	[INFO]	2-2     TEST_CODE_ERROR       None (--) [3 edit(s)]  
2025-03-14 11:34:16,648	[DEBUG]	patch(2-2)="LineLLMMutation(('core/Solver.cc', 2), '-            for (int k = 2; k < c.size(); k++)\n-                if (value(c[k]) != l_False){\n-                    c[1] = c[k]; c[k] = false_lit;\n-                    watches[~c[1]].push(w);\n-                    goto NextClause; }\n+            for (int k = 2, cs = c.size(); k < cs; k++) {\n+                if (value(c[k]) != l_False) {\n+                    c[1] = c[k];\n+                    c[k] = false_lit;\n+                    watches[~c[1]].push(w);\n+                    goto NextClause;\n+                }\n+            }') | LineLLMMutation(('core/Solver.cc', 28), '-            Lit blocker = i->blocker;\n-            if (value(blocker) == l_True){\n-                *j++ = *i++; continue; }\n+            Lit blocker = i->blocker;\n+            lbool val_blocker = value(blocker);\n+            if (val_blocker == l_True){\n+                *j++ = *i++; continue; }\n-            Lit     first = c[0];\n-            Watcher w     = Watcher(cr, first);\n-            if (first != blocker && value(first) == l_True){\n-                *j++ = w; continue; }\n+            Lit     first = c[0];\n+            lbool val_first = value(first);\n+            Watcher w     = Watcher(cr, first);\n+            if (first != blocker && val_first == l_True){\n+                *j++ = w; continue; }\n-            if (value(first) == l_False){\n+            if (val_first == l_False){') | LineLLMMutation(('core/Solver.cc', 41), '-        Watcher        *i, *j, *end;\n-        num_props++;\n-\n-        for (i = j = (Watcher*)ws, end = i + ws.size();  i != end;){\n-            // Try to avoid inspecting the clause:\n-            Lit blocker = i->blocker;\n-            lbool val_blocker = value(blocker);\n-            if (val_blocker == l_True){\n-                *j++ = *i++; continue; }\n-\n-            // Make sure the false literal is data[1]:\n-            CRef     cr        = i->cref;\n-            Clause&  c         = ca[cr];\n-            Lit      false_lit = ~p;\n-            if (c[0] == false_lit)\n-                c[0] = c[1], c[1] = false_lit;\n-            assert(c[1] == false_lit);\n-            i++;\n-\n-            // If 0th watch is true, then clause is already satisfied.\n-            Lit     first = c[0];\n-            lbool val_first = value(first);\n-            Watcher w     = Watcher(cr, first);\n-            if (first != blocker && val_first == l_True){\n-                *j++ = w; continue; }\n-\n-            // Look for new watch:\n-            for (int k = 2, cs = c.size(); k < cs; k++) {\n-                if (value(c[k]) != l_False) {\n-                    c[1] = c[k];\n-                    c[k] = false_lit;\n-                    watches[~c[1]].push(w);\n-                    goto NextClause;\n-                }\n-            }\n-\n-            // Did not find watch -- clause is unit under assignment:\n-            *j++ = w;\n-            if (val_first == l_False){\n-                confl = cr;\n-                qhead = trail.size();\n-                // Copy the remaining watches:\n-                while (i < end)\n-                    *j++ = *i++;\n-            }else\n-                uncheckedEnqueue(first, cr);\n-\n-        NextClause:;\n-        }\n-        ws.shrink(i - j);\n+        num_props++;\n+        int ws_size = ws.size();\n+        int newIdx = 0;\n+        for (int idx = 0; idx < ws_size; idx++){\n+            Watcher cur = ws[idx];\n+            // Try to avoid inspecting the clause:\n+            lbool val_blocker = value(cur.blocker);\n+            if (val_blocker == l_True){\n+                ws[newIdx++] = cur;\n+                continue;\n+            }\n+\n+            CRef cr = cur.cref;\n+            Clause& c = ca[cr];\n+            Lit false_lit = ~p;\n+            if (c[0] == false_lit){\n+                c[0] = c[1];\n+                c[1] = false_lit;\n+            }\n+            assert(c[1] == false_lit);\n+\n+            lbool val_first = value(c[0]);\n+            Watcher newWatcher(cr, c[0]);\n+            if (c[0] != cur.blocker && val_first == l_True){\n+                ws[newIdx++] = newWatcher;\n+                continue;\n+            }\n+\n+            bool foundWatch = false;\n+            for (int k = 2, cs = c.size(); k < cs; k++){\n+                if (value(c[k]) != l_False){\n+                    c[1] = c[k];\n+                    c[k] = false_lit;\n+                    watches[~c[1]].push(newWatcher);\n+                    foundWatch = true;\n+                    break;\n+                }\n+            }\n+\n+            if (foundWatch){\n+                ws[newIdx++] = newWatcher;\n+                continue;\n+            }\n+\n+            ws[newIdx++] = newWatcher;\n+            if (val_first == l_False){\n+                confl = cr;\n+                qhead = trail.size();\n+                for (int idx2 = idx+1; idx2 < ws_size; idx2++){\n+                    ws[newIdx++] = ws[idx2];\n+                }\n+                break;\n+            } else {\n+                uncheckedEnqueue(c[0], cr);\n+            }\n+        }\n+        ws.shrink(newIdx);')"
2025-03-14 11:34:16,648	[INFO]	Step: 62
2025-03-14 11:34:16,648	[INFO]	Stop Steps: 100
2025-03-14 11:34:16,971	[INFO]	2-3     COMPILE_CODE_ERROR    None (--) [3 edit(s)]  
2025-03-14 11:34:16,971	[DEBUG]	patch(2-3)="LineLLMMutation(('core/Solver.cc', 13), '-    for (int i = 0; i < clauses.size(); i++)\n-        if (!satisfied(ca[clauses[i]])){\n-            Clause& c = ca[clauses[i]];\n-            for (int j = 0; j < c.size(); j++)\n-                if (value(c[j]) != l_False)\n-                    mapVar(var(c[j]), map, max);\n-        }\n+    for (int i = 0, csz = clauses.size(); i < csz; i++){\n+        Clause& c = ca[clauses[i]];\n+        if (!satisfied(c)){\n+            for (int j = 0, csz2 = c.size(); j < csz2; j++){\n+                if (value(c[j]) != l_False)\n+                    mapVar(var(c[j]), map, max);\n+            }\n+        }\n+    }') | LineLLMMutation(('core/Solver.cc', 25), "- CRef Solver::propagate()\n- {\n-     CRef    confl     = CRef_Undef;\n-     int     num_props = 0;\n-     watches.cleanAll();\n-\n-     while (qhead < trail.size()){\n-         Lit            p   = trail[qhead++];     // 'p' is enqueued fact to propagate.\n-         vec<Watcher>&  ws  = watches[p];\n-         Watcher        *i, *j, *end;\n-         num_props++;\n-\n-         for (i = j = (Watcher*)ws, end = i + ws.size();  i != end;){\n-             // Try to avoid inspecting the clause:\n-             Lit blocker = i->blocker;\n-             if (value(blocker) == l_True){\n-                 *j++ = *i++;\n-                 continue;\n-             }\n-\n-             // Make sure the false literal is data[1]:\n-             CRef     cr        = i->cref;\n-             Clause&  c         = ca[cr];\n-             Lit      false_lit = ~p;\n-             if (c[0] == false_lit) {\n-                 c[0] = c[1];\n-                 c[1] = false_lit;\n-             }\n-             assert(c[1] == false_lit);\n-             i++;\n-\n-             // If 0th watch is true, then clause is already satisfied.\n-             Lit     first = c[0];\n-             Watcher w     = Watcher(cr, first);\n-             if (first != blocker && value(first) == l_True){\n-                 *j++ = w;\n-                 continue;\n-             }\n-\n-             // Look for new watch:\n-             for (int k = 2; k < c.size(); k++)\n-                 if (value(c[k]) != l_False){\n-                     c[1] = c[k];\n-                     c[k] = false_lit;\n-                     watches[~c[1]].push(w);\n-                     goto NextClause;\n-                 }\n-\n-             // Did not find watch -- clause is unit under assignment:\n-             *j++ = w;\n-             if (value(first) == l_False){\n-                 confl = cr;\n-                 qhead = trail.size();\n-                 // Copy the remaining watches:\n-                 while (i < end)\n-                     *j++ = *i++;\n-             }else\n-                 uncheckedEnqueue(first, cr);\n-\n-         NextClause:;\n-         }\n-         ws.shrink(i - j);\n-     }\n-     propagations += num_props;\n-     simpDB_props -= num_props;\n-\n-     return confl;\n- }\n+ CRef Solver::propagate() {\n+     CRef confl = CRef_Undef;\n+     int num_props = 0;\n+     watches.cleanAll();\n+     while (qhead < trail.size()) {\n+         Lit p = trail[qhead++];  // 'p' is enqueued fact to propagate.\n+         vec<Watcher>& ws = watches[p];\n+         Watcher *i, *j, *end;\n+         num_props++;\n+         for (i = j = (Watcher*)ws, end = i + ws.size(); i != end; ) {\n+             // Cache the blocker value to avoid repeated evaluations.\n+             Lit blocker = i->blocker;\n+             lbool blockerVal = value(blocker);\n+             if (blockerVal == l_True) {\n+                 *j++ = *i++;\n+                 continue;\n+             }\n+             CRef cr = i->cref;\n+             Clause& c = ca[cr];\n+             Lit false_lit = ~p;\n+             if (c[0] == false_lit) {\n+                 c[0] = c[1];\n+                 c[1] = false_lit;\n+             }\n+             assert(c[1] == false_lit);\n+             i++;\n+             Lit first = c[0];\n+             lbool firstVal = value(first);\n+             Watcher w = Watcher(cr, first);\n+             if (first != blocker && firstVal == l_True) {\n+                 *j++ = w;\n+                 continue;\n+             }\n+             bool found_new = false;\n+             for (int k = 2; k < c.size(); k++) {\n+                 if (value(c[k]) != l_False) {\n+                     c[1] = c[k];\n+                     c[k] = false_lit;\n+                     watches[~c[1]].push(w);\n+                     found_new = true;\n+                     break;\n+                 }\n+             }\n+             if (found_new)\n+                 continue;\n+             *j++ = w;\n+             if (firstVal == l_False) {\n+                 confl = cr;\n+                 qhead = trail.size();\n+                 while (i < end)\n+                     *j++ = *i++;\n+             } else {\n+                 uncheckedEnqueue(first, cr);\n+             }\n+         }\n+         ws.shrink(i - j);\n+     }\n+     propagations += num_props;\n+     simpDB_props -= num_props;\n+     return confl;\n+ }") | LineLLMMutation(('core/Solver.cc', 42), '-        Watcher        *i, *j, *end;\n-        num_props++;\n-\n-        for (i = j = (Watcher*)ws, end = i + ws.size();  i != end;){\n-            // Try to avoid inspecting the clause:\n-            Lit blocker = i->blocker;\n-            if (value(blocker) == l_True){\n-                *j++ = *i++; continue; }\n-\n-            // Make sure the false literal is data[1]:\n-            CRef     cr        = i->cref;\n-            Clause&  c         = ca[cr];\n-            Lit      false_lit = ~p;\n-            if (c[0] == false_lit)\n-                c[0] = c[1], c[1] = false_lit;\n-            assert(c[1] == false_lit);\n-            i++;\n-\n-            // If 0th watch is true, then clause is already satisfied.\n-            Lit     first = c[0];\n-            Watcher w     = Watcher(cr, first);\n-            if (first != blocker && value(first) == l_True){\n-                *j++ = w; continue; }\n-\n-            // Look for new watch:\n-            for (int k = 2; k < c.size(); k++)\n-                if (value(c[k]) != l_False){\n-                    c[1] = c[k]; c[k] = false_lit;\n-                    watches[~c[1]].push(w);\n-                    goto NextClause; }\n-\n-            // Did not find watch -- clause is unit under assignment:\n-            *j++ = w;\n-            if (value(first) == l_False){\n-                confl = cr;\n-                qhead = trail.size();\n-                // Copy the remaining watches:\n-                while (i < end)\n-                    *j++ = *i++;\n-            }else\n-                uncheckedEnqueue(first, cr);\n-\n-        NextClause:;\n-        }\n-        ws.shrink(i - j);\n+        num_props++;\n+        vec<Watcher> newWs;\n+        for (int idx = 0, wsSize = ws.size(); idx < wsSize; idx++){\n+            Watcher w = ws[idx];\n+            Lit blocker = w.blocker;\n+            if (value(blocker) == l_True){\n+                newWs.push(w);\n+                continue;\n+            }\n+            CRef cr = w.cref;\n+            Clause& c = ca[cr];\n+            Lit false_lit = ~p;\n+            if (c[0] == false_lit){\n+                Lit tmp = c[0];\n+                c[0] = c[1];\n+                c[1] = false_lit;\n+            }\n+            assert(c[1] == false_lit);\n+            Lit first = c[0];\n+            Watcher newW(cr, first);\n+            if (first != blocker && value(first) == l_True){\n+                newWs.push(newW);\n+                continue;\n+            }\n+            bool updated = false;\n+            for (int k = 2; k < c.size(); k++){\n+                if (value(c[k]) != l_False){\n+                    c[1] = c[k];\n+                    c[k] = false_lit;\n+                    watches[~c[1]].push(newW);\n+                    updated = true;\n+                    break;\n+                }\n+            }\n+            if (updated){\n+                newWs.push(newW);\n+                continue;\n+            }\n+            newWs.push(newW);\n+            if (value(first) == l_False){\n+                confl = cr;\n+                for (int j = idx+1; j < wsSize; j++){\n+                    newWs.push(ws[j]);\n+                }\n+                break;\n+            } else {\n+                uncheckedEnqueue(first, cr);\n+            }\n+        }\n+        ws = newWs;')"
2025-03-14 11:34:16,971	[INFO]	Step: 63
2025-03-14 11:34:16,972	[INFO]	Stop Steps: 100
2025-03-14 11:34:17,300	[INFO]	2-4     COMPILE_CODE_ERROR    None (--) [3 edit(s)]  
2025-03-14 11:34:17,300	[DEBUG]	patch(2-4)="LineLLMMutation(('core/Solver.cc', 4), '-    activity .push(rnd_init_act ? drand(random_seed) * 0.00001 : 0);\n+    activity.push(rnd_init_act ? drand(random_seed) * 1e-5 : 0);') | LineLLMMutation(('core/Solver.cc', 33), '-    vec<Watcher>&  ws  = watches[p];\n-    Watcher        *i, *j, *end;\n-    num_props++;\n-\n-    for (i = j = (Watcher*)ws, end = i + ws.size();  i != end;){\n-        // Try to avoid inspecting the clause:\n-        Lit blocker = i->blocker;\n-        if (value(blocker) == l_True){\n-            *j++ = *i++; continue; }\n+    vec<Watcher>&  ws  = watches[p];\n+    int wsSize = ws.size();\n+    Watcher        *i, *j, *end;\n+    num_props++;\n+\n+    for (i = j = (Watcher*)ws, end = i + wsSize;  i != end;){\n+        // Try to avoid inspecting the clause with branch prediction hint:\n+        Lit blocker = i->blocker;\n+        if (__builtin_expect(value(blocker) == l_True, 1)){\n+            *j++ = *i++; continue; }') | LineLLMMutation(('core/Solver.cc', 43), '-    for (i = j = (Watcher*)ws, end = i + wsSize;  i != end;){\n-        // Try to avoid inspecting the clause with branch prediction hint:\n-        Lit blocker = i->blocker;\n-        if (__builtin_expect(value(blocker) == l_True, 1)){\n-            *j++ = *i++; continue; }\n+    for (i = j = (Watcher*)ws, end = i + wsSize; i != end; ){\n+        Watcher curr = *i;\n+        lbool blocker_val = value(curr.blocker);\n+        if (__builtin_expect(blocker_val == l_True, 1)){\n+            *j++ = curr;\n+            i++;\n+            continue;\n+        }')"
2025-03-14 11:34:17,300	[INFO]	Step: 64
2025-03-14 11:34:17,300	[INFO]	Stop Steps: 100
2025-03-14 11:34:33,020	[DEBUG]	EXEC>  SUCCESS 0.6930612
2025-03-14 11:34:33,021	[INFO]	2-5     SUCCESS               0.69 (101.19%) [3 edit(s)]  
2025-03-14 11:34:33,021	[DEBUG]	patch(2-5)="LineLLMMutation(('core/Solver.cc', 11), '-                if (reason(x) == CRef_Undef){\n-                    assert(level(x) > 0);\n-                    out_conflict.push(~trail[i]);\n-                }else{\n-                    Clause& c = ca[reason(x)];\n-                    for (int j = 1; j < c.size(); j++)\n-                        if (level(var(c[j])) > 0)\n-                            seen[var(c[j])] = 1;\n-                }\n+                CRef rx = reason(x);\n+                if (rx == CRef_Undef){\n+                    assert(level(x) > 0);\n+                    out_conflict.push(~trail[i]);\n+                } else {\n+                    Clause& c = ca[rx];\n+                    for (int j = 1, sz = c.size(); j < sz; j++)\n+                        if (level(var(c[j])) > 0)\n+                            seen[var(c[j])] = 1;\n+                }') | LineLLMMutation(('core/Solver.cc', 24), '-            for (int k = 2; k < c.size(); k++)\n-                if (value(c[k]) != l_False){\n-                    c[1] = c[k]; c[k] = false_lit;\n-                    watches[~c[1]].push(w);\n-                    goto NextClause; }\n-            *j++ = w;\n-            if (value(first) == l_False){\n-                confl = cr;\n-                qhead = trail.size();\n-                // Copy the remaining watches:\n-                while (i < end)\n-                    *j++ = *i++;\n-            }else\n-                uncheckedEnqueue(first, cr);\n+            {\n+                bool foundWatch = false;\n+                int sz = c.size();\n+                for (int k = 2; k < sz; k++){\n+                    lbool val_ck = value(c[k]);\n+                    if (val_ck != l_False){\n+                        c[1] = c[k];\n+                        c[k] = false_lit;\n+                        watches[~c[1]].push(w);\n+                        foundWatch = true;\n+                        break;\n+                    }\n+                }\n+                if(foundWatch){\n+                    *j++ = w;\n+                    goto NextClause;\n+                }\n+            }\n+            *j++ = w;\n+            lbool firstVal = value(first);\n+            if (firstVal == l_False){\n+                confl = cr;\n+                qhead = trail.size();\n+                while (i < end)\n+                    *j++ = *i++;\n+            } else {\n+                uncheckedEnqueue(first, cr);\n+           >') | LineLLMMutation(('core/Solver.cc', 44), '-            Lit blocker = i->blocker;\n-            if (value(blocker) == l_True){\n-                *j++ = *i++; continue; }\n+            Lit blocker = i->blocker;\n+            lbool blocker_val = value(blocker);\n+            if (blocker_val == l_True){\n+                *j++ = *i++; continue; }')"
2025-03-14 11:34:33,021	[INFO]	Step: 65
2025-03-14 11:34:33,021	[INFO]	Stop Steps: 100
2025-03-14 11:34:48,563	[DEBUG]	EXEC>  SUCCESS 0.6842295499999999
2025-03-14 11:34:48,564	[INFO]	2-6     SUCCESS               0.68 (99.90%) [3 edit(s)]  
2025-03-14 11:34:48,564	[DEBUG]	patch(2-6)="LineLLMMutation(('core/Solver.cc', 11), '-                if (reason(x) == CRef_Undef){\n-                    assert(level(x) > 0);\n-                    out_conflict.push(~trail[i]);\n-                }else{\n-                    Clause& c = ca[reason(x)];\n-                    for (int j = 1; j < c.size(); j++)\n-                        if (level(var(c[j])) > 0)\n-                            seen[var(c[j])] = 1;\n-                }\n+                CRef rx = reason(x);\n+                if (rx == CRef_Undef){\n+                    assert(level(x) > 0);\n+                    out_conflict.push(~trail[i]);\n+                } else {\n+                    Clause& c = ca[rx];\n+                    for (int j = 1, sz = c.size(); j < sz; j++)\n+                        if (level(var(c[j])) > 0)\n+                            seen[var(c[j])] = 1;\n+                }') | LineLLMMutation(('core/Solver.cc', 24), '-            for (int k = 2; k < c.size(); k++)\n-                if (value(c[k]) != l_False){\n-                    c[1] = c[k]; c[k] = false_lit;\n-                    watches[~c[1]].push(w);\n-                    goto NextClause; }\n-            *j++ = w;\n-            if (value(first) == l_False){\n-                confl = cr;\n-                qhead = trail.size();\n-                // Copy the remaining watches:\n-                while (i < end)\n-                    *j++ = *i++;\n-            }else\n-                uncheckedEnqueue(first, cr);\n+            {\n+                bool foundWatch = false;\n+                int sz = c.size();\n+                for (int k = 2; k < sz; k++){\n+                    lbool val_ck = value(c[k]);\n+                    if (val_ck != l_False){\n+                        c[1] = c[k];\n+                        c[k] = false_lit;\n+                        watches[~c[1]].push(w);\n+                        foundWatch = true;\n+                        break;\n+                    }\n+                }\n+                if(foundWatch){\n+                    *j++ = w;\n+                    goto NextClause;\n+                }\n+            }\n+            *j++ = w;\n+            lbool firstVal = value(first);\n+            if (firstVal == l_False){\n+                confl = cr;\n+                qhead = trail.size();\n+                while (i < end)\n+                    *j++ = *i++;\n+            } else {\n+                uncheckedEnqueue(first, cr);\n+           >') | LineLLMMutation(('core/Solver.cc', 45), '-            Lit     first = c[0];\n-            Watcher w     = Watcher(cr, first);\n-            if (first != blocker && value(first) == l_True){\n-                *j++ = w; continue; }\n+            Lit     first = c[0];\n+            lbool first_val = value(first);\n+            Watcher w     = Watcher(cr, first);\n+            if (first != blocker && first_val == l_True){\n+                *j++ = w; continue; }')"
2025-03-14 11:34:48,564	[INFO]	Step: 66
2025-03-14 11:34:48,564	[INFO]	Stop Steps: 100
2025-03-14 11:35:04,143	[DEBUG]	EXEC>  SUCCESS 0.6860811
2025-03-14 11:35:04,143	[INFO]	2-7     SUCCESS               0.69 (100.17%) [3 edit(s)]  
2025-03-14 11:35:04,143	[DEBUG]	patch(2-7)="LineLLMMutation(('core/Solver.cc', 15), '-    if (verbosity >= 2)\n-        printf("|  Garbage collection:   %12d bytes => %12d bytes             |\\n",\n-               ca.size()*ClauseAllocator::Unit_Size, to.size()*ClauseAllocator::Unit_Size);\n+    if (verbosity >= 2) {\n+        int oldSize = ca.size() * ClauseAllocator::Unit_Size;\n+        int newSize = to.size() * ClauseAllocator::Unit_Size;\n+        printf("|  Garbage collection:   %12d bytes => %12d bytes             |\\n", oldSize, newSize);\n+    }') | LineLLMMutation(('core/Solver.cc', 30), '-            Lit blocker = i->blocker;\n-            if (value(blocker) == l_True){\n-                *j++ = *i++; continue; }\n+            Lit blocker = i->blocker;\n+            lbool blocker_val = value(blocker);\n+            if (blocker_val == l_True){\n+                *j++ = *i++;\n+                continue;\n+            }') | LineLLMMutation(('core/Solver.cc', 46), '-            Lit     first = c[0];\n-            Watcher w     = Watcher(cr, first);\n-            if (first != blocker && value(first) == l_True){\n-                *j++ = w; continue; }\n+            Lit     first = c[0];\n+            lbool   first_val = value(first);\n+            Watcher w     = Watcher(cr, first);\n+            if (first != blocker && first_val == l_True){\n+                *j++ = w; continue; }')"
2025-03-14 11:35:04,143	[INFO]	Step: 67
2025-03-14 11:35:04,143	[INFO]	Stop Steps: 100
2025-03-14 11:35:19,690	[DEBUG]	EXEC>  SUCCESS 0.6838548999999999
2025-03-14 11:35:19,691	[INFO]	2-8     SUCCESS               0.68 (99.85%) [3 edit(s)]  
2025-03-14 11:35:19,691	[DEBUG]	patch(2-8)="LineLLMMutation(('core/Solver.cc', 3), '-        for (int j = (p == lit_Undef) ? 0 : 1; j < c.size(); j++){\n-            Lit q = c[j];\n-            if (!seen[var(q)] && level(var(q)) > 0){\n-                varBumpActivity(var(q));\n-                seen[var(q)] = 1;\n-                if (level(var(q)) >= decisionLevel())\n-                    pathC++;\n-                else\n-                    out_learnt.push(q);\n-            }\n-        }\n+        int startIndex = (p == lit_Undef) ? 0 : 1;\n+        for (int j = startIndex, sz = c.size(); j < sz; j++){\n+            Lit q = c[j];\n+            int vq = var(q);\n+            if (!seen[vq] && level(vq) > 0){\n+                varBumpActivity(vq);\n+                seen[vq] = 1;\n+                if (level(vq) >= decisionLevel())\n+                    pathC++;\n+                else\n+                    out_learnt.push(q);\n+            }\n+        }') | LineLLMMutation(('core/Solver.cc', 23), '-            Lit blocker = i->blocker;\n-            if (value(blocker) == l_True){\n-                *j++ = *i++; continue; }\n+            Lit blocker = i->blocker;\n+            lbool blocker_val = value(blocker);\n+            if (blocker_val == l_True){\n+                *j++ = *i++;\n+                continue;\n+            }') | LineLLMMutation(('core/Solver.cc', 47), '-    double  F = 1.0 / nVars();\n-\n-    for (int i = 0; i <= decisionLevel(); i++){\n-        int beg = i == 0 ? 0 : trail_lim[i - 1];\n-        int end = i == decisionLevel() ? trail.size() : trail_lim[i];\n-        progress += pow(F, i) * (end - beg);\n-    }\n+    double  F = 1.0 / nVars();\n+    double mult = 1.0;\n+    for (int i = 0; i <= decisionLevel(); i++){\n+        int beg = (i == 0) ? 0 : trail_lim[i - 1];\n+        int end = (i == decisionLevel()) ? trail.size() : trail_lim[i];\n+        progress += mult * (end - beg);\n+        mult *= F;\n+    }')"
2025-03-14 11:35:19,691	[INFO]	Step: 68
2025-03-14 11:35:19,691	[INFO]	Stop Steps: 100
2025-03-14 11:35:33,564	[DEBUG]	EXEC>  SUCCESS 0.6797246
2025-03-14 11:35:33,565	[INFO]	2-9     SUCCESS               0.68 (99.25%) [1 edit(s)]  
2025-03-14 11:35:33,565	[DEBUG]	patch(2-9)="LineLLMMutation(('core/Solver.cc', 48), '-         for (i = j = (Watcher*)ws, end = i + ws.size();  i != end;){\n-             // Try to avoid inspecting the clause:\n-             Lit blocker = i->blocker;\n-             if (value(blocker) == l_True){\n-                 *j++ = *i++;\n-                 continue;\n-             }\n-             CRef     cr        = i->cref;\n-             Clause&  c         = ca[cr];\n-             Lit      false_lit = ~p;\n-             if (c[0] == false_lit)\n-                 c[0] = c[1], c[1] = false_lit;\n-             assert(c[1] == false_lit);\n-             i++;\n-             Lit     first = c[0];\n-             Watcher w     = Watcher(cr, first);\n-             if (first != blocker && value(first) == l_True){\n-                 *j++ = w;\n-                 continue;\n-             }\n-             for (int k = 2; k < c.size(); k++)\n-                 if (value(c[k]) != l_False){\n-                     c[1] = c[k];\n-                     c[k] = false_lit;\n-                     watches[~c[1]].push(w);\n-                     goto NextClause;\n-                 }\n-             *j++ = w;\n-             if (value(first) == l_False){\n-                 confl = cr;\n-                 qhead = trail.size();\n-                 while (i < end)\n-                     *j++ = *i++;\n-             }else\n-                 uncheckedEnqueue(first, cr);\n-         NextClause:\n-             ;\n-         }\n+         for (i = j = (Watcher*)ws, end = i + ws.size(); i != end; ){\n+             Lit blocker = i->blocker;\n+             lbool vb = value(blocker);\n+             if (vb == l_True) {\n+                 *j++ = *i++;\n+                 continue;\n+             }\n+             CRef cr = i->cref;\n+             Clause& c = ca[cr];\n+             Lit false_lit = ~p;\n+             if (c[0] == false_lit) {\n+                 c[0] = c[1];\n+                 c[1] = false_lit;\n+             }\n+             assert(c[1] == false_lit);\n+             i++;\n+             Lit first = c[0];\n+             Watcher w(cr, first);\n+             lbool vf = value(first);\n+             if (first != blocker && vf == l_True) {\n+                 *j++ = w;\n+                 continue;\n+             }\n+             bool foundWatch = false;\n+             for (int k = 2; k < c.size(); k++){\n+                 lbool vck = value(c[k]);\n+                 if (vck != l_False) {\n+                     c[1] = c[k];\n+                     c[k] = false_lit;\n+                     watches[~c[1]].push(w);\n+                     foundWatch = true;\n+                     break;\n+                 }\n+             }\n+             if (foundWatch) {\n+                 *j++ = w;\n+             } else {\n+                 *j++ = w;\n+                 if (vf == l_False) {\n+                     confl = cr;\n+                     qhead = trail.size();\n+                     while (i < end)\n+                         *j++ = *i++;\n+                 } else {\n+                     uncheckedEnqueue(first, cr);\n+                 }\n+             }\n+         }')"
2025-03-14 11:35:33,565	[INFO]	Step: 69
2025-03-14 11:35:33,565	[INFO]	Stop Steps: 100
2025-03-14 11:40:14,015	[INFO]	Step: 69
2025-03-14 11:40:14,016	[INFO]	Stop Steps: 100
2025-03-14 11:40:27,722	[DEBUG]	EXEC>  SUCCESS 0.6716562500000001
2025-03-14 11:40:27,723	[INFO]	3-10    SUCCESS              +0.67 (98.07%) [1 edit(s)]  
2025-03-14 11:40:27,723	[DEBUG]	patch(3-10)="LineLLMMutation(('core/Solver.cc', 14), '-    for (int v = 0; v < nVars(); v++)\n-        for (int s = 0; s < 2; s++){\n-            Lit p = mkLit(v, s);\n-            vec<Watcher>& ws = watches[p];\n-            for (int j = 0; j < ws.size(); j++)\n-                ca.reloc(ws[j].cref, to);\n-        }\n+    for (int v = 0, nv = nVars(); v < nv; v++){\n+        for (int s = 0; s < 2; s++){\n+            Lit p = mkLit(v, s);\n+            vec<Watcher>& ws = watches[p];\n+            for (int j = 0, wsz = ws.size(); j < wsz; j++){\n+                ca.reloc(ws[j].cref, to);\n+            }\n+        }\n+    }')"
2025-03-14 11:40:27,723	[INFO]	Step: 70
2025-03-14 11:40:27,723	[INFO]	Stop Steps: 100
2025-03-14 11:40:41,430	[DEBUG]	EXEC>  SUCCESS 0.67173555
2025-03-14 11:40:41,431	[INFO]	3-11    SUCCESS               0.67 (98.08%) [1 edit(s)]  
2025-03-14 11:40:41,431	[DEBUG]	patch(3-11)="LineLLMCrossover(('core/Solver.cc', 11), '-             Lit blocker = i->blocker;\n-             if (__builtin_expect(value(blocker) == l_True, 1)) {\n-                 *j++ = *i++;\n-                 continue;\n-             }\n-             Lit first = c[0];\n-             if (first != blocker && value(first) == l_True){\n+             Lit blocker = i->blocker;\n+             lbool val_blocker = value(blocker);\n+             if (__builtin_expect(val_blocker == l_True, 1)) {\n+                 *j++ = *i++;\n+                 continue;\n+             }\n+             Lit first = c[0];\n+             lbool val_first = value(first);\n+             if (first != blocker && val_first == l_True){')"
2025-03-14 11:40:41,431	[INFO]	Step: 71
2025-03-14 11:40:41,431	[INFO]	Stop Steps: 100
2025-03-14 11:40:55,291	[DEBUG]	EXEC>  SUCCESS 0.6794241
2025-03-14 11:40:55,292	[INFO]	3-12    SUCCESS               0.68 (99.20%) [1 edit(s)]  
2025-03-14 11:40:55,292	[DEBUG]	patch(3-12)="LineLLMCrossover(('core/Solver.cc', 16), '-             if (reason(var(analyze_stack.last())) == CRef_Undef) {\n-                 assert(level(analyze_stack.last()) > 0);\n-                 out_conflict.push(~trail[i]);\n-             } else {\n-                 Clause& c = ca[reason(var(analyze_stack.last()))];\n-                 for (int j = 1; j < c.size(); j++)\n-                     if (level(var(c[j])) > 0)\n-                         seen[var(c[j])] = 1;\n-             }\n+             CRef rx = reason(var(analyze_stack.last()));\n+             if (rx == CRef_Undef) {\n+                 assert(level(analyze_stack.last()) > 0);\n+                 out_conflict.push(~trail[i]);\n+             } else {\n+                 Clause& c = ca[rx];\n+                 for (int j = 1, sz = c.size(); j < sz; j++)\n+                     if (level(var(c[j])) > 0)\n+                         seen[var(c[j])] = 1;\n+             }')"
2025-03-14 11:40:55,292	[INFO]	Step: 72
2025-03-14 11:40:55,292	[INFO]	Stop Steps: 100
2025-03-14 11:41:09,143	[DEBUG]	EXEC>  SUCCESS 0.6783611
2025-03-14 11:41:09,144	[INFO]	3-13    SUCCESS               0.68 (99.05%) [1 edit(s)]  
2025-03-14 11:41:09,144	[DEBUG]	patch(3-13)="LineLLMCrossover(('core/Solver.cc', 17), '-         for (i = j = (Watcher*)ws, end = i + ws.size();  i != end;){\n-             if (value(blocker) == l_True){\n-                 *j++ = *i++; continue; }\n+         int ws_size = ws.size();\n+         for (i = j = (Watcher*)ws, end = i + ws_size;  i != end;){\n+             if (__builtin_expect(value(blocker) == l_True, 1)) {\n+                 *j++ = *i++;\n+                 continue;')"
2025-03-14 11:41:09,144	[INFO]	Step: 73
2025-03-14 11:41:09,144	[INFO]	Stop Steps: 100
2025-03-14 11:41:24,870	[DEBUG]	EXEC>  SUCCESS 0.6929714499999999
2025-03-14 11:41:24,871	[INFO]	3-14    SUCCESS               0.69 (101.18%) [1 edit(s)]  
2025-03-14 11:41:24,871	[DEBUG]	patch(3-14)="LineLLMCrossover(('core/Solver.cc', 18), '-         int beg = i == 0 ? 0 : trail_lim[i - 1];\n-         int end = i == decisionLevel() ? trail.size() : trail_lim[i];\n-         progress += pow(F, i) * (end - beg);\n+         int beg = (i == 0) ? 0 : trail_lim[i - 1];\n+         int end = (i == decisionLevel()) ? trail.size() : trail_lim[i];\n+         double mult = 1.0;\n+         progress += mult * (end - beg);\n+         mult *= F;')"
2025-03-14 11:41:24,871	[INFO]	Step: 74
2025-03-14 11:41:24,871	[INFO]	Stop Steps: 100
2025-03-14 11:41:42,857	[DEBUG]	EXEC>  SUCCESS 0.78251715
2025-03-14 11:41:42,857	[INFO]	3-15    SUCCESS               0.78 (114.25%) [1 edit(s)]  
2025-03-14 11:41:42,857	[DEBUG]	patch(3-15)="LineLLMCrossover(('core/Solver.cc', 19), '-             if (learnts.size()-nAssigns() >= max_learnts)\n-                 // Reduce the set of learnt clauses:\n-                 reduceDB();\n+             if (learnts.size() - nAssigns() >= max_learnts) {\n+                 reduceDB();\n+             }')"
2025-03-14 11:41:42,857	[INFO]	Step: 75
2025-03-14 11:41:42,857	[INFO]	Stop Steps: 100
2025-03-14 11:41:58,702	[DEBUG]	EXEC>  SUCCESS 0.6970234000000001
2025-03-14 11:41:58,703	[INFO]	3-16    SUCCESS               0.70 (101.77%) [1 edit(s)]  
2025-03-14 11:41:58,703	[DEBUG]	patch(3-16)="LineLLMCrossover(('core/Solver.cc', 20), '-             if (value(blocker) == l_True){\n-                 *j++ = *i++; continue; }\n+             lbool blocker_val = value(blocker);\n+             if (blocker_val == l_True){\n+                 *j++ = *i++;\n+                 continue; }')"
2025-03-14 11:41:58,703	[INFO]	Step: 76
2025-03-14 11:41:58,703	[INFO]	Stop Steps: 100
2025-03-14 11:42:14,320	[DEBUG]	EXEC>  SUCCESS 0.68730055
2025-03-14 11:42:14,321	[INFO]	3-17    SUCCESS               0.69 (100.35%) [1 edit(s)]  
2025-03-14 11:42:14,321	[DEBUG]	patch(3-17)="LineLLMCrossover(('core/Solver.cc', 21), '-     if (drand(random_seed) < random_var_freq && !order_heap.empty()){\n+     if (__builtin_expect(drand(random_seed) < random_var_freq, 0) && !order_heap.empty()){')"
2025-03-14 11:42:14,321	[INFO]	Step: 77
2025-03-14 11:42:14,321	[INFO]	Stop Steps: 100
2025-03-14 11:42:29,984	[DEBUG]	EXEC>  SUCCESS 0.6895766
2025-03-14 11:42:29,984	[INFO]	3-18    SUCCESS               0.69 (100.68%) [1 edit(s)]  
2025-03-14 11:42:29,985	[DEBUG]	patch(3-18)="LineLLMCrossover(('core/Solver.cc', 22), '-             if (phase_saving > 1 || (phase_saving == 1) && c > trail_lim.last())\n-                 polarity[x] = sign(trail[c]);\n+             if (__builtin_expect((phase_saving > 1 || (phase_saving == 1 && c > trail_lim.last())), 1))\n+                 polarity[x] = sign(trail[c]);')"
2025-03-14 11:42:29,985	[INFO]	Step: 78
2025-03-14 11:42:29,985	[INFO]	Stop Steps: 100
2025-03-14 11:42:45,684	[DEBUG]	EXEC>  SUCCESS 0.69101615
2025-03-14 11:42:45,684	[INFO]	3-19    SUCCESS               0.69 (100.89%) [1 edit(s)]  
2025-03-14 11:42:45,684	[DEBUG]	patch(3-19)="LineLLMCrossover(('core/Solver.cc', 23), '-     for (Var v = 0; v < nVars(); v++)\n-         if (decision[v] && value(v) == l_Undef)\n-             vs.push(v);\n+     for (Var v = 0, nv = nVars(); v < nv; v++)\n+         if (decision[v] && value(v) == l_Undef)\n+             vs.push(v);')"
2025-03-14 11:42:45,684	[INFO]	Step: 79
2025-03-14 11:42:45,685	[INFO]	Stop Steps: 100
2025-03-14 11:42:59,529	[DEBUG]	EXEC>  SUCCESS 0.6782375
2025-03-14 11:42:59,529	[INFO]	3-20    SUCCESS               0.68 (99.03%) [2 edit(s)]  
2025-03-14 11:42:59,529	[DEBUG]	patch(3-20)="LineLLMMutation(('core/Solver.cc', 14), '-    for (int v = 0; v < nVars(); v++)\n-        for (int s = 0; s < 2; s++){\n-            Lit p = mkLit(v, s);\n-            vec<Watcher>& ws = watches[p];\n-            for (int j = 0; j < ws.size(); j++)\n-                ca.reloc(ws[j].cref, to);\n-        }\n+    for (int v = 0, nv = nVars(); v < nv; v++){\n+        for (int s = 0; s < 2; s++){\n+            Lit p = mkLit(v, s);\n+            vec<Watcher>& ws = watches[p];\n+            for (int j = 0, wsz = ws.size(); j < wsz; j++){\n+                ca.reloc(ws[j].cref, to);\n+            }\n+        }\n+    }') | LineLLMMutation(('core/Solver.cc', 49), '-        Watcher        *i, *j, *end;\n-        num_props++;\n-        for (i = j = (Watcher*)ws, end = i + ws.size();  i != end;){\n-            // Try to avoid inspecting the clause:\n-            Lit blocker = i->blocker;\n-            if (value(blocker) == l_True){\n-                *j++ = *i++; continue; }\n-\n-            // Make sure the false literal is data[1]:\n-            CRef     cr        = i->cref;\n-            Clause&  c         = ca[cr];\n-            Lit      false_lit = ~p;\n-            if (c[0] == false_lit)\n-                c[0] = c[1], c[1] = false_lit;\n-            assert(c[1] == false_lit);\n-            i++;\n-\n-            // If 0th watch is true, then clause is already satisfied.\n-            Lit     first = c[0];\n-            Watcher w     = Watcher(cr, first);\n-            if (first != blocker && value(first) == l_True){\n-                *j++ = w; continue; }\n-\n-            // Look for new watch:\n-            for (int k = 2; k < c.size(); k++)\n-                if (value(c[k]) != l_False){\n-                    c[1] = c[k]; c[k] = false_lit;\n-                    watches[~c[1]].push(w);\n-                    goto NextClause; }\n-\n-            // Did not find watch -- clause is unit under assignment:\n-            *j++ = w;\n-            if (value(first) == l_False){\n-                confl = cr;\n-                qhead = trail.size();\n-                // Copy the remaining watches:\n-                while (i < end)\n-                    *j++ = *i++;\n-            }else\n-                uncheckedEnqueue(first, cr);\n-\n-        NextClause:;\n-        }\n-        ws.shrink(i - j);\n+        int wsSize = ws.size();\n+        int writeIdx = 0;\n+        num_props++;\n+        for (int idx = 0; idx < wsSize; idx++) {\n+            Watcher cur = ws[idx];\n+            if (value(cur.blocker) == l_True) {\n+                ws[writeIdx++] = cur;\n+                continue;\n+            }\n+            CRef cr = cur.cref;\n+            Clause& c = ca[cr];\n+            Lit false_lit = ~p;\n+            if (c[0] == false_lit) {\n+                std::swap(c[0], c[1]);\n+            }\n+            Lit first = c[0];\n+            if (first != cur.blocker && value(first) == l_True) {\n+                ws[writeIdx++] = Watcher(cr, first);\n+                continue;\n+            }\n+            int cSize = c.size();\n+            bool found = false;\n+            for (int k = 2; k < cSize; k++) {\n+                if (value(c[k]) != l_False) {\n+                    c[1] = c[k];\n+                    c[k] = false_lit;\n+                    watches[~c[1]].push(Watcher(cr, c[0]));\n+                    found = true;\n+                    break;\n+                }\n+            }\n+            if (!found) {\n+                ws[writeIdx++] = cur;\n+                if (value(first) == l_False) {\n+                    confl = cr;\n+                    qhead = trail.size();\n+                    for (int rem = idx + 1; rem < wsSize; rem++) {\n+                        ws[writeIdx++] = ws[rem];\n+                    }\n+                    break;\n+                } else {\n+                    uncheckedEnqueue(first, cr);\n+                }\n+            }\n+        }\n+        ws.shrink(wsSize - writeIdx);')"
2025-03-14 11:42:59,529	[INFO]	Step: 80
2025-03-14 11:42:59,530	[INFO]	Stop Steps: 100
2025-03-14 11:43:14,998	[DEBUG]	EXEC>  SUCCESS 0.68024015
2025-03-14 11:43:14,998	[INFO]	3-1     SUCCESS               0.68 (99.32%) [2 edit(s)]  
2025-03-14 11:43:14,998	[DEBUG]	patch(3-1)="LineLLMCrossover(('core/Solver.cc', 11), '-             Lit blocker = i->blocker;\n-             if (__builtin_expect(value(blocker) == l_True, 1)) {\n-                 *j++ = *i++;\n-                 continue;\n-             }\n-             Lit first = c[0];\n-             if (first != blocker && value(first) == l_True){\n+             Lit blocker = i->blocker;\n+             lbool val_blocker = value(blocker);\n+             if (__builtin_expect(val_blocker == l_True, 1)) {\n+                 *j++ = *i++;\n+                 continue;\n+             }\n+             Lit first = c[0];\n+             lbool val_first = value(first);\n+             if (first != blocker && val_first == l_True){') | LineLLMMutation(('core/Solver.cc', 50), '-            Lit     first = c[0];\n-            Watcher w     = Watcher(cr, first);\n-            if (first != blocker && value(first) == l_True){\n+            Lit     first = c[0];\n+            bool firstIsTrue = (value(first) == l_True);\n+            Watcher w     = Watcher(cr, first);\n+            if (first != blocker && firstIsTrue){')"
2025-03-14 11:43:14,998	[INFO]	Step: 81
2025-03-14 11:43:14,998	[INFO]	Stop Steps: 100
2025-03-14 11:43:16,831	[INFO]	3-2     TEST_CODE_ERROR       None (--) [3 edit(s)]  
2025-03-14 11:43:16,831	[DEBUG]	patch(3-2)="LineLLMCrossover(('core/Solver.cc', 0), '-             if (reason(x) == CRef_Undef){\n-                 assert(level(x) > 0);\n-                 out_conflict.push(~trail[i]);\n-             }else{\n-                 Clause& c = ca[reason(x)];\n-                 for (int j = 1; j < c.size(); j++)\n-                     if (level(var(c[j])) > 0)\n-                         seen[var(c[j])] = 1;\n-             }\n+             CRef rx = reason(x);\n+             if (rx == CRef_Undef){\n+                     assert(level(x) > 0);\n+                     out_conflict.push(~trail[i]);\n+                 } else {\n+                     Clause& c = ca[rx];\n+                     for (int j = 1, sz = c.size(); j < sz; j++)\n+                         if (level(var(c[j])) > 0)\n+                             seen[var(c[j])] = 1;\n+                 }') | LineLLMMutation(('core/Solver.cc', 40), '-         Lit blocker = i->blocker;\n-         if (value(blocker) == l_True){\n+         Lit blocker = i->blocker;\n+         lbool val_blocker = value(blocker);\n+         if (val_blocker == l_True){\n-             Lit first = c[0];\n-             Watcher w     = Watcher(cr, first);\n-             if (first != blocker && value(first) == l_True){\n+             Lit first = c[0];\n+             lbool val_first = value(first);\n+             Watcher w     = Watcher(cr, first);\n+             if (first != blocker && val_first == l_True){') | LineLLMMutation(('core/Solver.cc', 51), '-        Watcher        *i, *j, *end;\n-        num_props++;\n-\n-        for (i = j = (Watcher*)ws, end = i + ws.size();  i != end;){\n-            // Try to avoid inspecting the clause:\n-         Lit blocker = i->blocker;\n-         lbool val_blocker = value(blocker);\n-         if (val_blocker == l_True){\n-                *j++ = *i++; continue; }\n-\n-            // Make sure the false literal is data[1]:\n-            CRef     cr        = i->cref;\n-            Clause&  c         = ca[cr];\n-            Lit      false_lit = ~p;\n-            if (c[0] == false_lit)\n-                c[0] = c[1], c[1] = false_lit;\n-            assert(c[1] == false_lit);\n-            i++;\n-\n-            // If 0th watch is true, then clause is already satisfied.\n-            Lit     first = c[0];\n-            Watcher w     = Watcher(cr, first);\n-            if (first != blocker && value(first) == l_True){\n-                *j++ = w; continue; }\n-\n-            // Look for new watch:\n-            for (int k = 2; k < c.size(); k++)\n-                if (value(c[k]) != l_False){\n-                    c[1] = c[k]; c[k] = false_lit;\n-                    watches[~c[1]].push(w);\n-                    goto NextClause; }\n-\n-            // Did not find watch -- clause is unit under assignment:\n-            *j++ = w;\n-            if (value(first) == l_False){\n-                confl = cr;\n-                qhead = trail.size();\n-                // Copy the remaining watches:\n-                while (i < end)\n-                    *j++ = *i++;\n-            }else\n-                uncheckedEnqueue(first, cr);\n-\n-        NextClause:;\n-        }\n-        ws.shrink(i - j);\n+        int wsSize = ws.size();\n+        int validCount = 0;\n+        num_props++;\n+        for (int idx = 0; idx < wsSize; idx++){\n+            Watcher current = ws[idx];\n+            Lit blocker = current.blocker;\n+            if (value(blocker) == l_True){\n+                ws[validCount++] = current;\n+                continue;\n+            }\n+            CRef cr = current.cref;\n+            Clause& c = ca[cr];\n+            Lit false_lit = ~p;\n+            if (c[0] == false_lit) {\n+                std::swap(c[0], c[1]);\n+                c[1] = false_lit;\n+            }\n+            assert(c[1] == false_lit);\n+            Lit first = c[0];\n+            Watcher wNew(cr, first);\n+            if (first != blocker && value(first) == l_True){\n+                ws[validCount++] = wNew;\n+                continue;\n+            }\n+            bool foundWatch = false;\n+            for (int k = 2; k < c.size(); k++){\n+                if (value(c[k]) != l_False) {\n+                    c[1] = c[k];\n+                    c[k] = false_lit;\n+                    watches[~c[1]].push(wNew);\n+                    foundWatch = true;\n+                    break;\n+                }\n+            }\n+            if (!foundWatch) {\n+                ws[validCount++] = wNew;\n+                if (value(first) == l_False){\n+                    confl = cr;\n+                    qhead = trail.size();\n+                    for (int j = idx+1; j < wsSize; j++){\n+                        ws[validCount++] = ws[j];\n+                    }\n+                    break;\n+                } else {\n+                    uncheckedEnqueue(first, cr);\n+                }\n+            }\n+        }\n+        ws.shrink(validCount);')"
2025-03-14 11:43:16,831	[INFO]	Step: 82
2025-03-14 11:43:16,831	[INFO]	Stop Steps: 100
2025-03-14 11:43:32,659	[DEBUG]	EXEC>  SUCCESS 0.6979694000000001
2025-03-14 11:43:32,659	[INFO]	3-3     SUCCESS               0.70 (101.91%) [2 edit(s)]  
2025-03-14 11:43:32,659	[DEBUG]	patch(3-3)="LineLLMMutation(('core/Solver.cc', 48), '-         for (i = j = (Watcher*)ws, end = i + ws.size();  i != end;){\n-             // Try to avoid inspecting the clause:\n-             Lit blocker = i->blocker;\n-             if (value(blocker) == l_True){\n-                 *j++ = *i++;\n-                 continue;\n-             }\n-             CRef     cr        = i->cref;\n-             Clause&  c         = ca[cr];\n-             Lit      false_lit = ~p;\n-             if (c[0] == false_lit)\n-                 c[0] = c[1], c[1] = false_lit;\n-             assert(c[1] == false_lit);\n-             i++;\n-             Lit     first = c[0];\n-             Watcher w     = Watcher(cr, first);\n-             if (first != blocker && value(first) == l_True){\n-                 *j++ = w;\n-                 continue;\n-             }\n-             for (int k = 2; k < c.size(); k++)\n-                 if (value(c[k]) != l_False){\n-                     c[1] = c[k];\n-                     c[k] = false_lit;\n-                     watches[~c[1]].push(w);\n-                     goto NextClause;\n-                 }\n-             *j++ = w;\n-             if (value(first) == l_False){\n-                 confl = cr;\n-                 qhead = trail.size();\n-                 while (i < end)\n-                     *j++ = *i++;\n-             }else\n-                 uncheckedEnqueue(first, cr);\n-         NextClause:\n-             ;\n-         }\n+         for (i = j = (Watcher*)ws, end = i + ws.size(); i != end; ){\n+             Lit blocker = i->blocker;\n+             lbool vb = value(blocker);\n+             if (vb == l_True) {\n+                 *j++ = *i++;\n+                 continue;\n+             }\n+             CRef cr = i->cref;\n+             Clause& c = ca[cr];\n+             Lit false_lit = ~p;\n+             if (c[0] == false_lit) {\n+                 c[0] = c[1];\n+                 c[1] = false_lit;\n+             }\n+             assert(c[1] == false_lit);\n+             i++;\n+             Lit first = c[0];\n+             Watcher w(cr, first);\n+             lbool vf = value(first);\n+             if (first != blocker && vf == l_True) {\n+                 *j++ = w;\n+                 continue;\n+             }\n+             bool foundWatch = false;\n+             for (int k = 2; k < c.size(); k++){\n+                 lbool vck = value(c[k]);\n+                 if (vck != l_False) {\n+                     c[1] = c[k];\n+                     c[k] = false_lit;\n+                     watches[~c[1]].push(w);\n+                     foundWatch = true;\n+                     break;\n+                 }\n+             }\n+             if (foundWatch) {\n+                 *j++ = w;\n+             } else {\n+                 *j++ = w;\n+                 if (vf == l_False) {\n+                     confl = cr;\n+                     qhead = trail.size();\n+                     while (i < end)\n+                         *j++ = *i++;\n+                 } else {\n+                     uncheckedEnqueue(first, cr);\n+                 }\n+             }\n+         }') | LineLLMMutation(('core/Solver.cc', 52), '-        for (i = j = (Watcher*)ws, end = i + ws.size();  i != end;){\n+        const int ws_size = ws.size();\n+        for (i = j = (Watcher*)ws, end = i + ws_size;  i != end;){\n-            Lit blocker = i->blocker;\n-            if (value(blocker) == l_True){\n-                *j++ = *i++; continue; }\n+            const Lit blocker = i->blocker;\n+            const lbool blocker_val = value(blocker);\n+            if (blocker_val == l_True){\n+                *j++ = *i++; continue; }')"
2025-03-14 11:43:32,660	[INFO]	Step: 83
2025-03-14 11:43:32,660	[INFO]	Stop Steps: 100
2025-03-14 11:43:48,489	[DEBUG]	EXEC>  SUCCESS 0.6978926999999999
2025-03-14 11:43:48,490	[INFO]	3-4     SUCCESS               0.70 (101.90%) [2 edit(s)]  
2025-03-14 11:43:48,490	[DEBUG]	patch(3-4)="LineLLMCrossover(('core/Solver.cc', 1), '-     for (int i = 0; i < clauses.size(); i++)\n-         if (!satisfied(ca[clauses[i]])){\n-             Clause& c = ca[clauses[i]];\n-             for (int j = 0; j < c.size(); j++)\n-             }\n-     }\n+     for (int i = 0, csz = clauses.size(); i < csz; i++){\n+         Clause& c = ca[clauses[i]];\n+         if (!satisfied(c)){\n+             for (int j = 0, csz2 = c.size(); j < csz2; j++){\n+             }\n+         }\n+     }') | LineLLMMutation(('core/Solver.cc', 53), '-            Lit blocker = i->blocker;\n-            if (value(blocker) == l_True){\n+            Lit blocker = i->blocker;\n+            lbool valBlocker = value(blocker);\n+            if (valBlocker == l_True){')"
2025-03-14 11:43:48,490	[INFO]	Step: 84
2025-03-14 11:43:48,490	[INFO]	Stop Steps: 100
2025-03-14 11:44:04,371	[DEBUG]	EXEC>  SUCCESS 0.7004282500000001
2025-03-14 11:44:04,372	[INFO]	3-5     SUCCESS               0.70 (102.27%) [2 edit(s)]  
2025-03-14 11:44:04,372	[DEBUG]	patch(3-5)="LineLLMCrossover(('core/Solver.cc', 12), '-     for (int i = 0; i < clauses.size(); i++)\n-         if (!satisfied(ca[clauses[i]])){\n-             Clause& c = ca[clauses[i]];\n-             if (!satisfied(c))\n-                 for (int j = 0; j < c.size(); j++)\n-                     if (value(c[j]) != l_False)\n-                         mapVar(var(c[j]), map, max);\n-         }\n+     for (int i = 0, csz = clauses.size(); i < csz; i++){\n+         Clause& c = ca[clauses[i]];\n+         if (!satisfied(c)){\n+             for (int j = 0, csz2 = c.size(); j < csz2; j++){\n+                 if (value(c[j]) != l_False)\n+                     mapVar(var(c[j]), map, max);\n+             }\n+         }\n+     }') | LineLLMMutation(('core/Solver.cc', 54), '-        double  progress = 0;\n-        double  F = 1.0 / nVars();\n-\n-        for (int i = 0; i <= decisionLevel(); i++){\n-            int beg = i == 0 ? 0 : trail_lim[i - 1];\n-            int end = i == decisionLevel() ? trail.size() : trail_lim[i];\n-            progress += pow(F, i) * (end - beg);\n-        }\n-\n-        return progress / nVars();\n+        double progress = 0;\n+        double F = 1.0 / nVars();\n+        double multiplier = 1.0;\n+        for (int i = 0; i <= decisionLevel(); i++){\n+            int beg = (i == 0) ? 0 : trail_lim[i - 1];\n+            int end = (i == decisionLevel()) ? trail.size() : trail_lim[i];\n+            progress += multiplier * (end - beg);\n+            multiplier *= F;\n+        }\n+        return progress / nVars();')"
2025-03-14 11:44:04,372	[INFO]	Step: 85
2025-03-14 11:44:04,372	[INFO]	Stop Steps: 100
2025-03-14 11:44:06,187	[INFO]	3-6     TEST_CODE_ERROR       None (--) [4 edit(s)]  
2025-03-14 11:44:06,187	[DEBUG]	patch(3-6)="LineLLMMutation(('core/Solver.cc', 17), '-            if (learnts.size()-nAssigns() >= max_learnts)\n-                // Reduce the set of learnt clauses:\n-                reduceDB();\n+            if (learnts.size() - nAssigns() >= max_learnts) {\n+                reduceDB();\n+            }') | LineLLMMutation(('core/Solver.cc', 27), '-            Lit blocker = i->blocker;\n-            if (value(blocker) == l_True){\n-                *j++ = *i++; continue; }\n+            Lit blocker = i->blocker;\n+            if (__builtin_expect(value(blocker) == l_True, 1)) {\n+                *j++ = *i++;\n+                continue;\n+            }') | LineLLMMutation(('core/Solver.cc', 39), '-        for (i = j = (Watcher*)ws, end = i + ws.size();  i != end;){\n+        int ws_size = ws.size();\n+        for (i = j = (Watcher*)ws, end = i + ws_size;  i != end;){') | LineLLMMutation(('core/Solver.cc', 55), '-        for (i = j = (Watcher*)ws, end = i + ws_size;  i != end;){\n-            // Try to avoid inspecting the clause:\n-            Lit blocker = i->blocker;\n-            if (__builtin_expect(value(blocker) == l_True, 1)) {\n-                *j++ = *i++;\n-                continue;\n-            }\n-\n-            // Make sure the false literal is data[1]:\n-            CRef     cr        = i->cref;\n-            Clause&  c         = ca[cr];\n-            Lit      false_lit = ~p;\n-            if (c[0] == false_lit)\n-                c[0] = c[1], c[1] = false_lit;\n-            assert(c[1] == false_lit);\n-            i++;\n-\n-            // If 0th watch is true, then clause is already satisfied.\n-            Lit     first = c[0];\n-            Watcher w     = Watcher(cr, first);\n-            if (first != blocker && value(first) == l_True){\n-                *j++ = w; continue; }\n-\n-            // Look for new watch:\n-            for (int k = 2; k < c.size(); k++)\n-                if (value(c[k]) != l_False){\n-                    c[1] = c[k]; c[k] = false_lit;\n-                    watches[~c[1]].push(w);\n-                    goto NextClause; }\n-\n-            // Did not find watch -- clause is unit under assignment:\n-            *j++ = w;\n-            if (value(first) == l_False){\n-                confl = cr;\n-                qhead = trail.size();\n-                // Copy the remaining watches:\n-                while (i < end)\n-                    *j++ = *i++;\n-            }else\n-                uncheckedEnqueue(first, cr);\n-\n-        NextClause:;\n-        }\n-        ws.shrink(i - j);\n+    {\n+        int nw = 0;\n+        int ws_end = ws.size();\n+        for (int idx = 0; idx < ws_end; idx++) {\n+            Watcher current = ws[idx];\n+            // Try to avoid inspecting the clause:\n+            if (value(current.blocker) == l_True) {\n+                ws[nw++] = current;\n+                continue;\n+            }\n+            CRef cr = current.cref;\n+            Clause& c = ca[cr];\n+            Lit false_lit = ~p;\n+            if (c[0] == false_lit)\n+                std::swap(c[0], c[1]);\n+            // If 0th watch is true, then clause is already satisfied.\n+            Lit first = c[0];\n+            if (first != current.blocker && value(first) == l_True) {\n+                ws[nw++] = Watcher(cr, first);\n+                continue;\n+            }\n+            // Look for new watch:\n+            bool found = false;\n+            for (int k = 2; k < c.size(); k++) {\n+                if (value(c[k]) != l_False) {\n+                    c[1] = c[k];\n+                    c[k] = false_lit;\n+                    watches[~c[1]].push(Watcher(cr, c[0]));\n+                    found = true;\n+                    break;\n+                }\n+            }\n+            ws[nw++] = Watcher(cr, c[0]);\n+            if (!found) {\n+                if (value(first) == l_False) {\n+                    confl = cr;\n+                    qhead = trail.size();\n+                    for (int jdx = idx + 1; jdx < ws_end; jdx++)\n+                        ws[nw++] = ws[jdx];\n+                    break;\n+                }\n+                else {\n+                    uncheckedEnqueue(first, cr);\n+                }\n+            }\n+        }\n+        ws.shrink(ws.size() - nw);\n+    }')"
2025-03-14 11:44:06,187	[INFO]	Step: 86
2025-03-14 11:44:06,188	[INFO]	Stop Steps: 100
2025-03-14 11:44:21,879	[DEBUG]	EXEC>  SUCCESS 0.69203265
2025-03-14 11:44:21,880	[INFO]	3-7     SUCCESS               0.69 (101.04%) [4 edit(s)]  
2025-03-14 11:44:21,880	[DEBUG]	patch(3-7)="LineLLMMutation(('core/Solver.cc', 3), '-        for (int j = (p == lit_Undef) ? 0 : 1; j < c.size(); j++){\n-            Lit q = c[j];\n-            if (!seen[var(q)] && level(var(q)) > 0){\n-                varBumpActivity(var(q));\n-                seen[var(q)] = 1;\n-                if (level(var(q)) >= decisionLevel())\n-                    pathC++;\n-                else\n-                    out_learnt.push(q);\n-            }\n-        }\n+        int startIndex = (p == lit_Undef) ? 0 : 1;\n+        for (int j = startIndex, sz = c.size(); j < sz; j++){\n+            Lit q = c[j];\n+            int vq = var(q);\n+            if (!seen[vq] && level(vq) > 0){\n+                varBumpActivity(vq);\n+                seen[vq] = 1;\n+                if (level(vq) >= decisionLevel())\n+                    pathC++;\n+                else\n+                    out_learnt.push(q);\n+            }\n+        }') | LineLLMMutation(('core/Solver.cc', 23), '-            Lit blocker = i->blocker;\n-            if (value(blocker) == l_True){\n-                *j++ = *i++; continue; }\n+            Lit blocker = i->blocker;\n+            lbool blocker_val = value(blocker);\n+            if (blocker_val == l_True){\n+                *j++ = *i++;\n+                continue;\n+            }') | LineLLMMutation(('core/Solver.cc', 47), '-    double  F = 1.0 / nVars();\n-\n-    for (int i = 0; i <= decisionLevel(); i++){\n-        int beg = i == 0 ? 0 : trail_lim[i - 1];\n-        int end = i == decisionLevel() ? trail.size() : trail_lim[i];\n-        progress += pow(F, i) * (end - beg);\n-    }\n+    double  F = 1.0 / nVars();\n+    double mult = 1.0;\n+    for (int i = 0; i <= decisionLevel(); i++){\n+        int beg = (i == 0) ? 0 : trail_lim[i - 1];\n+        int end = (i == decisionLevel()) ? trail.size() : trail_lim[i];\n+        progress += mult * (end - beg);\n+        mult *= F;\n+    }') | LineLLMMutation(('core/Solver.cc', 56), '-            // If 0th watch is true, then clause is already satisfied.\n-            Lit     first = c[0];\n-            Watcher w     = Watcher(cr, first);\n-            if (first != blocker && value(first) == l_True){\n-                *j++ = w; continue; }\n-            // Look for new watch:\n-            for (int k = 2; k < c.size(); k++)\n-                if (value(c[k]) != l_False){\n-                    c[1] = c[k]; c[k] = false_lit;\n-                    watches[~c[1]].push(w);\n-                    goto NextClause; }\n+            // If 0th watch is true, then clause is already satisfied.\n+            Lit first = c[0];\n+            lbool first_val = value(first);\n+            Watcher w = Watcher(cr, first);\n+            if (first != blocker && first_val == l_True) {\n+                *j++ = w;\n+                continue;\n+            }\n+            // Look for new watch:\n+            for (int k = 2; k < c.size(); k++){\n+                lbool candidate_val = value(c[k]);\n+                if (candidate_val != l_False){\n+                    c[1] = c[k];\n+                    c[k] = false_lit;\n+                    watches[~c[1]].push(w);\n+                    goto NextClause;\n+                }\n+            }')"
2025-03-14 11:44:21,880	[INFO]	Step: 87
2025-03-14 11:44:21,880	[INFO]	Stop Steps: 100
2025-03-14 11:44:22,217	[INFO]	3-8     COMPILE_CODE_ERROR    None (--) [4 edit(s)]  
2025-03-14 11:44:22,217	[DEBUG]	patch(3-8)="LineLLMMutation(('core/Solver.cc', 11), '-                if (reason(x) == CRef_Undef){\n-                    assert(level(x) > 0);\n-                    out_conflict.push(~trail[i]);\n-                }else{\n-                    Clause& c = ca[reason(x)];\n-                    for (int j = 1; j < c.size(); j++)\n-                        if (level(var(c[j])) > 0)\n-                            seen[var(c[j])] = 1;\n-                }\n+                CRef rx = reason(x);\n+                if (rx == CRef_Undef){\n+                    assert(level(x) > 0);\n+                    out_conflict.push(~trail[i]);\n+                } else {\n+                    Clause& c = ca[rx];\n+                    for (int j = 1, sz = c.size(); j < sz; j++)\n+                        if (level(var(c[j])) > 0)\n+                            seen[var(c[j])] = 1;\n+                }') | LineLLMMutation(('core/Solver.cc', 24), '-            for (int k = 2; k < c.size(); k++)\n-                if (value(c[k]) != l_False){\n-                    c[1] = c[k]; c[k] = false_lit;\n-                    watches[~c[1]].push(w);\n-                    goto NextClause; }\n-            *j++ = w;\n-            if (value(first) == l_False){\n-                confl = cr;\n-                qhead = trail.size();\n-                // Copy the remaining watches:\n-                while (i < end)\n-                    *j++ = *i++;\n-            }else\n-                uncheckedEnqueue(first, cr);\n+            {\n+                bool foundWatch = false;\n+                int sz = c.size();\n+                for (int k = 2; k < sz; k++){\n+                    lbool val_ck = value(c[k]);\n+                    if (val_ck != l_False){\n+                        c[1] = c[k];\n+                        c[k] = false_lit;\n+                        watches[~c[1]].push(w);\n+                        foundWatch = true;\n+                        break;\n+                    }\n+                }\n+                if(foundWatch){\n+                    *j++ = w;\n+                    goto NextClause;\n+                }\n+            }\n+            *j++ = w;\n+            lbool firstVal = value(first);\n+            if (firstVal == l_False){\n+                confl = cr;\n+                qhead = trail.size();\n+                while (i < end)\n+                    *j++ = *i++;\n+            } else {\n+                uncheckedEnqueue(first, cr);\n+           >') | LineLLMMutation(('core/Solver.cc', 45), '-            Lit     first = c[0];\n-            Watcher w     = Watcher(cr, first);\n-            if (first != blocker && value(first) == l_True){\n-                *j++ = w; continue; }\n+            Lit     first = c[0];\n+            lbool first_val = value(first);\n+            Watcher w     = Watcher(cr, first);\n+            if (first != blocker && first_val == l_True){\n+                *j++ = w; continue; }') | LineLLMMutation(('core/Solver.cc', 57), "-CRef Solver::propagate()\n-{\n-    CRef    confl     = CRef_Undef;\n-    int     num_props = 0;\n-    watches.cleanAll();\n-\n-    while (qhead < trail.size()){\n-        Lit            p   = trail[qhead++];     // 'p' is enqueued fact to propagate.\n-        vec<Watcher>&  ws  = watches[p];\n-        Watcher        *i, *j, *end;\n-        num_props++;\n-\n-        for (i = j = (Watcher*)ws, end = i + ws.size();  i != end;){\n-            // Try to avoid inspecting the clause:\n-            Lit blocker = i->blocker;\n-            if (value(blocker) == l_True){\n-                *j++ = *i++; continue; }\n-\n-            // Make sure the false literal is data[1]:\n-            CRef     cr        = i->cref;\n-            Clause&  c         = ca[cr];\n-            Lit      false_lit = ~p;\n-            if (c[0] == false_lit)\n-                c[0] = c[1], c[1] = false_lit;\n-            assert(c[1] == false_lit);\n-            i++;\n-\n-            // If 0th watch is true, then clause is already satisfied.\n-            Lit     first = c[0];\n-            lbool first_val = value(first);\n-            Watcher w     = Watcher(cr, first);\n-            if (first != blocker && first_val == l_True){\n-                *j++ = w; continue; }\n-\n-            // Look for new watch:\n-            for (int k = 2; k < c.size(); k++)\n-                if (value(c[k]) != l_False){\n-                    c[1] = c[k]; c[k] = false_lit;\n-                    watches[~c[1]].push(w);\n-                    goto NextClause; }\n-\n-            // Did not find watch -- clause is unit under assignment:\n-            *j++ = w;\n-            if (value(first) == l_False){\n-                confl = cr;\n-                qhead = trail.size();\n-                // Copy the remaining watches:\n-                while (i < end)\n-                    *j++ = *i++;\n-            }else\n-                uncheckedEnqueue(first, cr);\n-\n-        NextClause:;\n-        }\n-        ws.shrink(i - j);\n-    }\n-    propagations += num_props;\n-    simpDB_props -= num_props;\n-\n-    return confl;\n-}\n+CRef Solver::propagate() {\n+    CRef confl = CRef_Undef;\n+    int num_props = 0;\n+    watches.cleanAll();\n+    int trail_size = trail.size();\n+    while (qhead < trail_size) {\n+        Lit p = trail[qhead++];\n+        vec<Watcher>& ws_mod = watches[p];\n+        Watcher *i = ws_mod.begin(), *j = ws_mod.begin(), *end = ws_mod.end();\n+        num_props++;\n+        for (; i != end; ) {\n+            Lit blocker = i->blocker;\n+            lbool blocker_val = value(blocker);\n+            if (blocker_val == l_True) {\n+                *j++ = *i++;\n+                continue;\n+            }\n+            CRef cr = i->cref;\n+            Clause& c = ca[cr];\n+            Lit false_lit = ~p;\n+            if (c[0] == false_lit) {\n+                c[0] = c[1];\n+                c[1] = false_lit;\n+            }\n+            assert(c[1] == false_lit);\n+            i++;\n+            Lit first = c[0];\n+            lbool first_val = value(first);\n+            Watcher w(cr, first);\n+            if (first != blocker && first_val == l_True) {\n+                *j++ = w;\n+                continue;\n+            }\n+            bool found_watch = false;\n+            for (int k = 2; k < c.size(); k++) {\n+                if (value(c[k]) != l_False) {\n+                    c[1] = c[k];\n+                    c[k] = false_lit;\n+                    watches[~c[1]].push(w);\n+                    found_watch = true;\n+                    break;\n+                }\n+            }\n+            if (found_watch)\n+                continue;\n+            *j++ = w;\n+            if (value(first) == l_False) {\n+                confl = cr;\n+                qhead = trail_size;\n+                while (i < end)\n+                    *j++ = *i++;\n+            } else {\n+                uncheckedEnqueue(first, cr);\n+            }\n+        }\n+        ws_mod.shrink(i - j);\n+        trail_size = trail.size();\n+    }\n+    propagations += num_props;\n+    simpDB_props -= num_props;\n+    return confl;\n+}")"
2025-03-14 11:44:22,217	[INFO]	Step: 88
2025-03-14 11:44:22,217	[INFO]	Stop Steps: 100
2025-03-14 11:44:22,564	[INFO]	3-9     COMPILE_CODE_ERROR    None (--) [2 edit(s)]  
2025-03-14 11:44:22,565	[DEBUG]	patch(3-9)="LineLLMCrossover(('core/Solver.cc', 13), '-         if (drand(random_seed) < random_var_freq && !order_heap.empty()){\n+         if (__builtin_expect(drand(random_seed) < random_var_freq, 0) && !order_heap.empty()){') | LineLLMMutation(('core/Solver.cc', 58), "-        Lit            p   = trail[qhead++];     // 'p' is enqueued fact to propagate.\n+        Lit            p   = trail[qhead++];     // 'p' is enqueued fact to propagate.\n+      const Lit falseLit = ~p;\n-            CRef     cr        = i->cref;\n-            Clause&  c         = ca[cr];\n-            Lit      false_lit = ~p;\n-            if (c[0] == false_lit)\n-                c[0] = c[1], c[1] = false_lit;\n+            CRef     cr        = i->cref;\n+            Clause&  c         = ca[cr];\n+            // Using cached false literal: falseLit\n+            if (c[0] == falseLit)\n+                c[0] = c[1], c[1] = falseLit;\n-                    c[1] = c[k]; c[k] = false_lit;\n+                    c[1] = c[k]; c[k] = falseLit;")"
2025-03-14 11:44:22,565	[INFO]	Step: 89
2025-03-14 11:44:22,565	[INFO]	Stop Steps: 100
2025-03-14 11:44:38,025	[DEBUG]	EXEC>  SUCCESS 0.6802028
2025-03-14 11:44:38,026	[INFO]	3-10    SUCCESS               0.68 (99.31%) [4 edit(s)]  
2025-03-14 11:44:38,026	[DEBUG]	patch(3-10)="LineLLMMutation(('core/Solver.cc', 15), '-    if (verbosity >= 2)\n-        printf("|  Garbage collection:   %12d bytes => %12d bytes             |\\n",\n-               ca.size()*ClauseAllocator::Unit_Size, to.size()*ClauseAllocator::Unit_Size);\n+    if (verbosity >= 2) {\n+        int oldSize = ca.size() * ClauseAllocator::Unit_Size;\n+        int newSize = to.size() * ClauseAllocator::Unit_Size;\n+        printf("|  Garbage collection:   %12d bytes => %12d bytes             |\\n", oldSize, newSize);\n+    }') | LineLLMMutation(('core/Solver.cc', 30), '-            Lit blocker = i->blocker;\n-            if (value(blocker) == l_True){\n-                *j++ = *i++; continue; }\n+            Lit blocker = i->blocker;\n+            lbool blocker_val = value(blocker);\n+            if (blocker_val == l_True){\n+                *j++ = *i++;\n+                continue;\n+            }') | LineLLMMutation(('core/Solver.cc', 46), '-            Lit     first = c[0];\n-            Watcher w     = Watcher(cr, first);\n-            if (first != blocker && value(first) == l_True){\n-                *j++ = w; continue; }\n+            Lit     first = c[0];\n+            lbool   first_val = value(first);\n+            Watcher w     = Watcher(cr, first);\n+            if (first != blocker && first_val == l_True){\n+                *j++ = w; continue; }') | LineLLMMutation(('core/Solver.cc', 59), '-        Watcher        *i, *j, *end;\n+        Watcher * __restrict i, * __restrict j, * __restrict end;')"
2025-03-14 11:44:38,026	[INFO]	Step: 90
2025-03-14 11:44:38,026	[INFO]	Stop Steps: 100
2025-03-14 11:44:53,859	[DEBUG]	EXEC>  SUCCESS 0.6976213
2025-03-14 11:44:53,860	[INFO]	3-11    SUCCESS               0.70 (101.86%) [3 edit(s)]  
2025-03-14 11:44:53,860	[DEBUG]	patch(3-11)="LineLLMMutation(('core/Solver.cc', 6), '-    double  F = 1.0 / nVars();\n-    for (int i = 0; i <= decisionLevel(); i++){\n-        int beg = i == 0 ? 0 : trail_lim[i - 1];\n-        int end = i == decisionLevel() ? trail.size() : trail_lim[i];\n-        progress += pow(F, i) * (end - beg);\n-    }\n-    return progress / nVars();\n+    int totalVars = nVars();\n+    double F = 1.0 / totalVars;\n+    for (int i = 0; i <= decisionLevel(); i++){\n+        int beg = (i == 0) ? 0 : trail_lim[i - 1];\n+        int end = (i == decisionLevel()) ? trail.size() : trail_lim[i];\n+        progress += std::pow(F, i) * (end - beg);\n+    }\n+    return progress / totalVars;') | LineLLMMutation(('core/Solver.cc', 38), '-            for (int k = 2; k < c.size(); k++)\n+            int sizeC = c.size();\n+            for (int k = 2; k < sizeC; k++)') | LineLLMMutation(('core/Solver.cc', 60), '-            Lit blocker = i->blocker;\n-            if (value(blocker) == l_True){\n+            Lit blocker = i->blocker; lbool blockerVal = value(blocker);\n+            if (blockerVal == l_True){')"
2025-03-14 11:44:53,860	[INFO]	Step: 91
2025-03-14 11:44:53,860	[INFO]	Stop Steps: 100
2025-03-14 11:45:09,623	[DEBUG]	EXEC>  SUCCESS 0.6950028999999999
2025-03-14 11:45:09,624	[INFO]	3-12    SUCCESS               0.70 (101.48%) [1 edit(s)]  
2025-03-14 11:45:09,624	[DEBUG]	patch(3-12)="LineLLMMutation(('core/Solver.cc', 61), '-            Lit blocker = i->blocker;\n-            if (value(blocker) == l_True){\n-                *j++ = *i++; continue; }\n+            Lit blocker = i->blocker;\n+            lbool blockerVal = value(blocker);\n+            if (blockerVal == l_True){\n+                *j++ = *i++; continue; }\n-            Lit     first = c[0];\n-            Watcher w     = Watcher(cr, first);\n-            if (first != blocker && value(first) == l_True){\n-                *j++ = w; continue; }\n+            Lit     first = c[0];\n+            lbool firstVal = value(first);\n+            Watcher w     = Watcher(cr, first);\n+            if (first != blocker && firstVal == l_True){\n+                *j++ = w; continue; }')"
2025-03-14 11:45:09,624	[INFO]	Step: 92
2025-03-14 11:45:09,624	[INFO]	Stop Steps: 100
2025-03-14 11:49:59,065	[INFO]	Step: 92
2025-03-14 11:49:59,065	[INFO]	Stop Steps: 100
2025-03-14 11:50:13,126	[DEBUG]	EXEC>  SUCCESS 0.68891535
2025-03-14 11:50:13,127	[INFO]	4-13    SUCCESS              +0.69 (100.59%) [1 edit(s)]  
2025-03-14 11:50:13,127	[DEBUG]	patch(4-13)="LineLLMMutation(('core/Solver.cc', 14), '-    for (int v = 0; v < nVars(); v++)\n-        for (int s = 0; s < 2; s++){\n-            Lit p = mkLit(v, s);\n-            vec<Watcher>& ws = watches[p];\n-            for (int j = 0; j < ws.size(); j++)\n-                ca.reloc(ws[j].cref, to);\n-        }\n+    for (int v = 0, nv = nVars(); v < nv; v++){\n+        for (int s = 0; s < 2; s++){\n+            Lit p = mkLit(v, s);\n+            vec<Watcher>& ws = watches[p];\n+            for (int j = 0, wsz = ws.size(); j < wsz; j++){\n+                ca.reloc(ws[j].cref, to);\n+            }\n+        }\n+    }')"
2025-03-14 11:50:13,127	[INFO]	Step: 93
2025-03-14 11:50:13,127	[INFO]	Stop Steps: 100
2025-03-14 11:50:27,011	[DEBUG]	EXEC>  SUCCESS 0.6798493999999999
2025-03-14 11:50:27,011	[INFO]	4-14    SUCCESS              +0.68 (99.26%) [1 edit(s)]  
2025-03-14 11:50:27,011	[DEBUG]	patch(4-14)="LineLLMCrossover(('core/Solver.cc', 11), '-             Lit blocker = i->blocker;\n-             if (__builtin_expect(value(blocker) == l_True, 1)) {\n-                 *j++ = *i++;\n-                 continue;\n-             }\n-             Lit first = c[0];\n-             if (first != blocker && value(first) == l_True){\n+             Lit blocker = i->blocker;\n+             lbool val_blocker = value(blocker);\n+             if (__builtin_expect(val_blocker == l_True, 1)) {\n+                 *j++ = *i++;\n+                 continue;\n+             }\n+             Lit first = c[0];\n+             lbool val_first = value(first);\n+             if (first != blocker && val_first == l_True){')"
2025-03-14 11:50:27,011	[INFO]	Step: 94
2025-03-14 11:50:27,011	[INFO]	Stop Steps: 100
2025-03-14 11:50:42,713	[DEBUG]	EXEC>  SUCCESS 0.6918740499999999
2025-03-14 11:50:42,714	[INFO]	4-15    SUCCESS               0.69 (101.02%) [1 edit(s)]  
2025-03-14 11:50:42,714	[DEBUG]	patch(4-15)="LineLLMCrossover(('core/Solver.cc', 24), '-     if (drand(random_seed) < random_var_freq && !order_heap.empty()){\n+     if (__builtin_expect(drand(random_seed) < random_var_freq, 0) && !order_heap.empty()){')"
2025-03-14 11:50:42,714	[INFO]	Step: 95
2025-03-14 11:50:42,714	[INFO]	Stop Steps: 100
2025-03-14 11:50:58,444	[DEBUG]	EXEC>  SUCCESS 0.6931199
2025-03-14 11:50:58,444	[INFO]	4-16    SUCCESS               0.69 (101.20%) [1 edit(s)]  
2025-03-14 11:50:58,445	[DEBUG]	patch(4-16)="LineLLMCrossover(('core/Solver.cc', 25), '-         Watcher        *i, *j, *end;\n+         Watcher * __restrict i, * __restrict j, * __restrict end;')"
2025-03-14 11:50:58,445	[INFO]	Step: 96
2025-03-14 11:50:58,445	[INFO]	Stop Steps: 100
2025-03-14 11:51:12,366	[DEBUG]	EXEC>  SUCCESS 0.68203545
2025-03-14 11:51:12,367	[INFO]	4-17    SUCCESS               0.68 (99.58%) [1 edit(s)]  
2025-03-14 11:51:12,367	[DEBUG]	patch(4-17)="LineLLMCrossover(('core/Solver.cc', 26), '-             if (value(blocker) == l_True){\n-                 *j++ = *i++; continue;\n+             lbool blocker_val = value(blocker);\n+             if (blocker_val == l_True){\n+                 *j++ = *i++;\n+                 continue;\n+             }')"
2025-03-14 11:51:12,367	[INFO]	Step: 97
2025-03-14 11:51:12,367	[INFO]	Stop Steps: 100
2025-03-14 11:51:28,014	[DEBUG]	EXEC>  SUCCESS 0.6889126500000001
2025-03-14 11:51:28,015	[INFO]	4-18    SUCCESS               0.69 (100.59%) [1 edit(s)]  
2025-03-14 11:51:28,015	[DEBUG]	patch(4-18)="LineLLMCrossover(('core/Solver.cc', 27), '-             if (first != blocker && value(first) == l_True){\n+             lbool first_val = value(first);\n+             if (first != blocker && first_val == l_True){')"
2025-03-14 11:51:28,015	[INFO]	Step: 98
2025-03-14 11:51:28,015	[INFO]	Stop Steps: 100
2025-03-14 11:51:43,556	[DEBUG]	EXEC>  SUCCESS 0.68410535
2025-03-14 11:51:43,557	[INFO]	4-19    SUCCESS               0.68 (99.88%) [1 edit(s)]  
2025-03-14 11:51:43,557	[DEBUG]	patch(4-19)="LineLLMCrossover(('core/Solver.cc', 28), '-             if (first != blocker && value(first) == l_True){\n+             bool firstIsTrue = (value(first) == l_True);\n+             if (first != blocker && firstIsTrue){')"
2025-03-14 11:51:43,557	[INFO]	Step: 99
2025-03-14 11:51:43,557	[INFO]	Stop Steps: 100
2025-03-14 11:51:59,342	[DEBUG]	EXEC>  SUCCESS 0.69566655
2025-03-14 11:51:59,343	[INFO]	4-20    SUCCESS               0.70 (101.57%) [1 edit(s)]  
2025-03-14 11:51:59,343	[DEBUG]	patch(4-20)="LineLLMCrossover(('core/Solver.cc', 29), '-     if (verbosity >= 2)\n-         printf("|  Garbage collection:   %12d bytes => %12d bytes             |\\n",\n-                ca.size()*ClauseAllocator::Unit_Size, to.size()*ClauseAllocator::Unit_Size);\n+     if (verbosity >= 2) {\n+         int oldSize = ca.size() * ClauseAllocator::Unit_Size;\n+         int newSize = to.size() * ClauseAllocator::Unit_Size;\n+         printf("|  Garbage collection:   %12d bytes => %12d bytes             |\\n", oldSize, newSize);\n+     }')"
2025-03-14 11:51:59,343	[INFO]	Step: 100
2025-03-14 11:51:59,343	[INFO]	Stop Steps: 100
2025-03-14 11:51:59,343	[INFO]	(Abstract Algorithm) Stopping Condition: step budget
2025-03-14 11:51:59,344	[INFO]	Step: 100
2025-03-14 11:51:59,344	[INFO]	Stop Steps: 100
2025-03-14 11:51:59,363	[INFO]	~~~~ END ~~~~
2025-03-14 11:51:59,363	[INFO]	Best patch step: 45
2025-03-14 11:51:59,365	[INFO]	
2025-03-14 11:51:59,365	[INFO]	==== REPORT ====
2025-03-14 11:51:59,365	[INFO]	Termination: step budget
2025-03-14 11:51:59,365	[INFO]	Log file: /home/luke/magpie/_magpie_logs/minisat_1741950407.log
2025-03-14 11:51:59,365	[INFO]	Patch file: _magpie_logs/minisat_1741950407.patch
2025-03-14 11:51:59,365	[INFO]	Diff file: _magpie_logs/minisat_1741950407.diff
2025-03-14 11:51:59,365	[INFO]	Reference fitness: 0.68
2025-03-14 11:51:59,365	[INFO]	Best fitness: 0.67
2025-03-14 11:51:59,365	[INFO]	
2025-03-14 11:51:59,366	[INFO]	==== BEST PATCH ====
LineLLMMutation(('core/Solver.cc', 14), '-    for (int v = 0; v < nVars(); v++)\n-        for (int s = 0; s < 2; s++){\n-            Lit p = mkLit(v, s);\n-            vec<Watcher>& ws = watches[p];\n-            for (int j = 0; j < ws.size(); j++)\n-                ca.reloc(ws[j].cref, to);\n-        }\n+    for (int v = 0, nv = nVars(); v < nv; v++){\n+        for (int s = 0; s < 2; s++){\n+            Lit p = mkLit(v, s);\n+            vec<Watcher>& ws = watches[p];\n+            for (int j = 0, wsz = ws.size(); j < wsz; j++){\n+                ca.reloc(ws[j].cref, to);\n+            }\n+        }\n+    }')
2025-03-14 11:51:59,366	[INFO]	
2025-03-14 11:51:59,366	[INFO]	==== DIFF ====

