2025-03-13 23:12:53,006	[DEBUG]	==== CONFIG ====
[magpie]
import = 
seed = 4566541547554746
log_dir = _magpie_logs
work_dir = _magpie_work
local_original_copy = True
local_original_name = __original__
output_encoding = ascii
edit_retries = 10
default_timeout = 100
default_lengthout = 1e6
diff_method = unified
trust_local_filesystem = True
run_timeout = 100

[magpie.log]
color_output = True
format_info = {counter:<7} {status:<20} {best}{fitness} ({ratio}) [{size}] {cached} {log}
format_debug = patch({counter})="{patch}"{diffifbest}
format_fitness = {:.2f}
format_ratio = {:.2%%}
format_patchif = 
	 --> {patch}
format_diffif = 
	{diff}

[software]
path = dataset/minisat
target_files = 
	core/Solver.cc
software = BasicSoftware
model_rules = 
	*.params : ParamFileConfigModel
	*.xml : SrcmlModel
	* : LineModel
model_config = 
	*.params : [paramconfig]
	*.xml : [srcml]
init_cmd = bash init.sh
init_timeout = 60
init_lengthout = -1
setup_cmd = bash compile.sh
setup_timeout = 
setup_lengthout = 
compile_cmd = bash compile.sh
compile_timeout = 
compile_lengthout = 
test_cmd = bash test.sh
test_timeout = 
test_lengthout = 
run_cmd = bash run_fixed.sh
run_timeout = 
run_lengthout = 
batch_timeout = 
batch_lengthout = 
batch_bin_fitness_strategy = aggregate
batch_fitness_strategy = sum
fitness = time
retries = 1

[srcml]
rename = 
	stmt: break continue decl_stmt do expr_stmt for goto if return switch while
	number: literal_number
focus = block stmt operator_comp operator_arith number
internodes = block
process_pseudo_blocks = True
process_literals = True
process_operators = True

[paramconfig]
timing = test run
cli_prefix = --
cli_glue = =
cli_boolean = show
cli_boolean_prefix_true = 
cli_boolean_prefix_false = no-
cli_none = hide
silent_prefix = @
silent_suffix = $

[search]
protocol = BasicProtocol
algorithm = GeneticProgrammingLLM
possible_edits = 
	LineLLMMutation
	LineLLMCrossover
llm_prob = 1.0
warmup = 3
warmup_strategy = last
max_steps = 100
max_time = 20000
target_fitness = 
cache_maxsize = 100
cache_keep = 0.2
batch_instances = 
batch_shuffle = True
batch_bin_shuffle = False
batch_sample_size = 1

[search.ls]
delete_prob = 0.5
max_neighbours = 
when_trapped = continue
accept_fail = False
tabu_length = 10

[search.gp]
pop_size = 20
delete_prob = 0.0
offspring_elitism = 0.1
offspring_crossover = 0.4
offspring_mutation = 0.6
uniform_rate = 0.5
batch_reset = False
llm_type = baseline
reflection = 

[search.minify]
do_cleanup = True
do_rebuild = True
do_simplify = True
round_robin_limit = 3


2025-03-13 23:12:53,006	[DEBUG]	
2025-03-13 23:12:53,006	[INFO]	==== SEARCH: GeneticProgrammingLLM ====
2025-03-13 23:12:53,007	[INFO]	~~~~ WARMUP ~~~~
2025-03-13 23:13:07,102	[DEBUG]	EXEC>  SUCCESS 0.6831305
2025-03-13 23:13:07,103	[INFO]	WARM    SUCCESS               0.68 (--) [0 edit(s)]  
2025-03-13 23:13:20,878	[DEBUG]	EXEC>  SUCCESS 0.6744020000000001
2025-03-13 23:13:20,879	[INFO]	WARM    SUCCESS               0.67 (--) [0 edit(s)]  
2025-03-13 23:13:34,714	[DEBUG]	EXEC>  SUCCESS 0.6778430000000001
2025-03-13 23:13:34,714	[INFO]	WARM    SUCCESS               0.68 (--) [0 edit(s)]  
2025-03-13 23:13:34,714	[INFO]	REF     SUCCESS               0.68 (--) [0 edit(s)]  
2025-03-13 23:13:34,716	[INFO]	
2025-03-13 23:13:34,716	[INFO]	~~~~ START ~~~~
2025-03-13 23:14:46,069	[DEBUG]	EXEC>  SUCCESS 0.6835421500000001
2025-03-13 23:14:46,069	[INFO]	0-1     SUCCESS              +0.68 (100.84%) [1 edit(s)]  
2025-03-13 23:14:46,070	[DEBUG]	patch(0-1)="LineLLMMutation(('core/Solver.cc', 0), '-            if (value(blocker) == l_True){\n-                *j++ = *i++; continue; }\n+            if (__builtin_expect(value(blocker) == l_True, 1)){\n+                *j++ = *i++; continue; }')"
2025-03-13 23:15:00,909	[DEBUG]	EXEC>  SUCCESS 0.6779409500000001
2025-03-13 23:15:00,910	[INFO]	0-2     SUCCESS              +0.68 (100.01%) [1 edit(s)]  
2025-03-13 23:15:00,910	[DEBUG]	patch(0-2)="LineLLMMutation(('core/Solver.cc', 1), '-    double progress = 0;\n-    double F = 1.0 / nVars();\n-    for (int i = 0; i <= decisionLevel(); i++){\n-        int beg = i == 0 ? 0 : trail_lim[i - 1];\n-        int end = i == decisionLevel() ? trail.size() : trail_lim[i];\n-        progress += pow(F, i) * (end - beg);\n-    }\n-    return progress / nVars();\n+    double progress = 0;\n+    double F = 1.0 / nVars();\n+    double powerF = 1.0;\n+    for (int i = 0; i <= decisionLevel(); i++){\n+        int beg = (i == 0 ? 0 : trail_lim[i - 1]);\n+        int end = (i == decisionLevel() ? trail.size() : trail_lim[i]);\n+        progress += powerF * (end - beg);\n+        powerF *= F;\n+    }\n+    return progress / nVars();')"
2025-03-13 23:15:17,538	[DEBUG]	EXEC>  SUCCESS 0.6875460999999999
2025-03-13 23:15:17,539	[INFO]	0-3     SUCCESS               0.69 (101.43%) [1 edit(s)]  
2025-03-13 23:15:17,539	[DEBUG]	patch(0-3)="LineLLMMutation(('core/Solver.cc', 2), '-    activity .push(rnd_init_act ? drand(random_seed) * 0.00001 : 0);\n+    const double initFactor = 0.00001;\n+    activity.push(rnd_init_act ? drand(random_seed) * initFactor : 0);')"
2025-03-13 23:15:32,462	[DEBUG]	EXEC>  SUCCESS 0.6820269999999999
2025-03-13 23:15:32,463	[INFO]	0-4     SUCCESS               0.68 (100.62%) [1 edit(s)]  
2025-03-13 23:15:32,463	[DEBUG]	patch(0-4)="LineLLMMutation(('core/Solver.cc', 3), '-        for (int j = (p == lit_Undef) ? 0 : 1; j < c.size(); j++){\n-            Lit q = c[j];\n-            if (!seen[var(q)] && level(var(q)) > 0){\n-                varBumpActivity(var(q));\n-                seen[var(q)] = 1;\n-                if (level(var(q)) >= decisionLevel())\n-                    pathC++;\n-                else\n-                    out_learnt.push(q);\n-            }\n-        }\n+        int start_j = (p == lit_Undef) ? 0 : 1;\n+        if(c.size() > start_j){\n+            Lit q0 = c[start_j];\n+            if (!seen[var(q0)] && level(var(q0)) > 0){\n+                varBumpActivity(var(q0));\n+                seen[var(q0)] = 1;\n+                if (level(var(q0)) >= decisionLevel())\n+                    pathC++;\n+                else\n+                    out_learnt.push(q0);\n+            }\n+        }\n+        for (int j = start_j+1; j < c.size(); j++){\n+            Lit q = c[j];\n+            if (!seen[var(q)] && level(var(q)) > 0){\n+                varBumpActivity(var(q));\n+                seen[var(q)] = 1;\n+                if (level(var(q)) >= decisionLevel())\n+                    pathC++;\n+                else\n+                    out_learnt.push(q);\n+            }\n+        }')"
2025-03-13 23:15:33,788	[INFO]	0-5     COMPILE_CODE_ERROR    None (--) [1 edit(s)]  
2025-03-13 23:15:33,789	[DEBUG]	patch(0-5)="LineLLMMutation(('core/Solver.cc', 4), '-    analyze_stack.clear(); analyze_stack.push(p);\n+    analyze_stack.clear(); analyze_stack.reserve(16); analyze_stack.push(p);')"
2025-03-13 23:15:50,308	[DEBUG]	EXEC>  SUCCESS 0.6830328
2025-03-13 23:15:50,309	[INFO]	0-6     SUCCESS               0.68 (100.77%) [1 edit(s)]  
2025-03-13 23:15:50,309	[DEBUG]	patch(0-6)="LineLLMMutation(('core/Solver.cc', 5), '-    for (int c = trail.size()-1; c >= trail_lim[level]; c--){\n-            Var      x  = var(trail[c]);\n-            assigns [x] = l_Undef;\n-            if (phase_saving > 1 || (phase_saving == 1) && c > trail_lim.last())\n-                polarity[x] = sign(trail[c]);\n-            insertVarOrder(x); }\n+    int tSize = trail.size();\n+    int lim = trail_lim[level];\n+    for (int c = tSize - 1; c >= lim; c--){\n+            Var x = var(trail[c]);\n+            assigns[x] = l_Undef;\n+            if (phase_saving > 1 || (phase_saving == 1 && c > trail_lim.last()))\n+                polarity[x] = sign(trail[c]);\n+            insertVarOrder(x);\n+    }')"
2025-03-13 23:16:07,094	[DEBUG]	EXEC>  SUCCESS 0.69535575
2025-03-13 23:16:07,095	[INFO]	0-7     SUCCESS               0.70 (102.58%) [1 edit(s)]  
2025-03-13 23:16:07,095	[DEBUG]	patch(0-7)="LineLLMMutation(('core/Solver.cc', 6), '-    sort(ps);\n-    Lit p; int i, j;\n-    for (i = j = 0, p = lit_Undef; i < ps.size(); i++)\n-        if (value(ps[i]) == l_True || ps[i] == ~p)\n-            return true;\n-        else if (value(ps[i]) != l_False && ps[i] != p)\n-            ps[j++] = p = ps[i];\n-    ps.shrink(i - j);\n+    sort(ps);\n+    int j = 0;\n+    for (int i = 0; i < ps.size(); i++){\n+        if (i == 0 || ps[i] != ps[i-1])\n+            ps[j++] = ps[i];\n+    }\n+    ps.shrink(ps.size() - j);\n+    for (int i = 0; i < ps.size(); i++){\n+        if (value(ps[i]) == l_True)\n+            return true;\n+    }')"
2025-03-13 23:16:23,932	[DEBUG]	EXEC>  SUCCESS 0.6989483
2025-03-13 23:16:23,932	[INFO]	0-8     SUCCESS               0.70 (103.11%) [1 edit(s)]  
2025-03-13 23:16:23,933	[DEBUG]	patch(0-8)="LineLLMMutation(('core/Solver.cc', 7), '-    while (next == var_Undef || value(next) != l_Undef || !decision[next])\n-        if (order_heap.empty()){\n-            next = var_Undef;\n-            break;\n-        }else\n-            next = order_heap.removeMin();\n+    do {\n+        if (order_heap.empty()){\n+            next = var_Undef;\n+            break;\n+        }\n+        next = order_heap.removeMin();\n+    } while (next == var_Undef || value(next) != l_Undef || !decision[next]);')"
2025-03-13 23:16:40,771	[DEBUG]	EXEC>  SUCCESS 0.6981134499999999
2025-03-13 23:16:40,772	[INFO]	0-9     SUCCESS               0.70 (102.99%) [1 edit(s)]  
2025-03-13 23:16:40,772	[DEBUG]	patch(0-9)="LineLLMMutation(('core/Solver.cc', 8), '-    for (i = j = 0; i < learnts.size(); i++){\n-        Clause& c = ca[learnts[i]];\n-        if (c.size() > 2 && !locked(c) && (i < learnts.size() / 2 || c.activity() < extra_lim))\n-            removeClause(learnts[i]);\n-        else\n-            learnts[j++] = learnts[i];\n-    }\n-    learnts.shrink(i - j);\n+    for (i = j = 0; i < learnts.size(); i++){\n+        Clause& c = ca[learnts[i]];\n+        if (c.size() <= 2 || locked(c) || (i >= learnts.size() / 2 && c.activity() >= extra_lim))\n+            learnts[j++] = learnts[i];\n+        else\n+            removeClause(learnts[i]);\n+    }\n+    learnts.shrink(learnts.size() - j);')"
2025-03-13 23:16:57,415	[DEBUG]	EXEC>  SUCCESS 0.68811345
2025-03-13 23:16:57,416	[INFO]	0-10    SUCCESS               0.69 (101.52%) [1 edit(s)]  
2025-03-13 23:16:57,416	[DEBUG]	patch(0-10)="LineLLMMutation(('core/Solver.cc', 9), '-    if (!ok || propagate() != CRef_Undef)\n-        return ok = false;\n+    CRef res = propagate();\n+    if (!ok || res != CRef_Undef)\n+        return ok = false;')"
2025-03-13 23:17:14,060	[DEBUG]	EXEC>  SUCCESS 0.6894757
2025-03-13 23:17:14,061	[INFO]	0-11    SUCCESS               0.69 (101.72%) [1 edit(s)]  
2025-03-13 23:17:14,061	[DEBUG]	patch(0-11)="LineLLMMutation(('core/Solver.cc', 10), '-    assert(value(p) == l_Undef);\n-    assigns[var(p)] = lbool(!sign(p));\n-    vardata[var(p)] = mkVarData(from, decisionLevel());\n-    trail.push_(p);\n+    assigns[var(p)] = lbool(!sign(p));\n+    vardata[var(p)] = mkVarData(from, decisionLevel());\n+    trail.push_(p);')"
2025-03-13 23:17:30,599	[DEBUG]	EXEC>  SUCCESS 0.6845981999999999
2025-03-13 23:17:30,599	[INFO]	0-12    SUCCESS               0.68 (101.00%) [1 edit(s)]  
2025-03-13 23:17:30,599	[DEBUG]	patch(0-12)="LineLLMMutation(('core/Solver.cc', 11), '-    for (int i = trail.size()-1; i >= trail_lim[0]; i--){\n-        Var x = var(trail[i]);\n-        if (seen[x]){\n-            if (reason(x) == CRef_Undef){\n-                assert(level(x) > 0);\n-                out_conflict.push(~trail[i]);\n-            }else{\n-                Clause& c = ca[reason(x)];\n-                for (int j = 1; j < c.size(); j++)\n-                    if (level(var(c[j])) > 0)\n-                        seen[var(c[j])] = 1;\n-            }\n-            seen[x] = 0;\n-        }\n-    }\n+    for (int i = 0; i < analyze_toclear.size(); i++){\n+        seen[var(analyze_toclear[i])] = 0;\n+    }')"
2025-03-13 23:17:45,364	[DEBUG]	EXEC>  SUCCESS 0.67423935
2025-03-13 23:17:45,365	[INFO]	0-13    SUCCESS              *0.67 (99.47%) [1 edit(s)]  
2025-03-13 23:17:45,365	[DEBUG]	patch(0-13)="LineLLMMutation(('core/Solver.cc', 12), '-    for (int j = 0; j < c.size(); j++)\n-        if (value(c[j]) != l_False)\n-            fprintf(f, "%s%d ", sign(c[j]) ? "-" : "", mapVar(var(c[j]), map, max)+1);\n+    for (int j = 0; j < c.size(); j++) {\n+        if (value(c[j]) != l_False) {\n+            Var mapped = mapVar(var(c[j]), map, max);\n+            fprintf(f, "%s%d ", sign(c[j]) ? "-" : "", mapped+1);\n+        }\n+    }')"

2025-03-13 23:18:00,188	[DEBUG]	EXEC>  SUCCESS 0.6773545999999999
2025-03-13 23:18:00,189	[INFO]	0-14    SUCCESS               0.68 (99.93%) [1 edit(s)]  
2025-03-13 23:18:00,189	[DEBUG]	patch(0-14)="LineLLMMutation(('core/Solver.cc', 13), '-    ClauseAllocator to(ca.size() - ca.wasted());\n-    relocAll(to);\n+    ClauseAllocator to(ca.size() - ca.wasted());\n+    this->relocAll(to);')"
2025-03-13 23:18:16,904	[DEBUG]	EXEC>  SUCCESS 0.6927324
2025-03-13 23:18:16,905	[INFO]	0-15    SUCCESS               0.69 (102.20%) [1 edit(s)]  
2025-03-13 23:18:16,905	[DEBUG]	patch(0-15)="LineLLMMutation(('core/Solver.cc', 14), '-        CRef confl = propagate();\n-        if (confl != CRef_Undef){\n-            // CONFLICT\n-            conflicts++; conflictC++;\n-            if (decisionLevel() == 0) return l_False;\n+        CRef confl = propagate();\n+        if (confl != CRef_Undef){\n+            conflicts++; conflictC++;\n+            if (decisionLevel() == 0)\n+                return l_False;')"
2025-03-13 23:18:33,544	[DEBUG]	EXEC>  SUCCESS 0.6884419
2025-03-13 23:18:33,545	[INFO]	0-16    SUCCESS               0.69 (101.56%) [1 edit(s)]  
2025-03-13 23:18:33,545	[DEBUG]	patch(0-16)="LineLLMMutation(('core/Solver.cc', 15), '-    for (size = 1, seq = 0; size < x+1; seq++, size = 2*size+1);\n+    for (size = 1, seq = 0; size < x + 1; seq++, size = (size << 1) + 1);')"
2025-03-13 23:18:50,131	[DEBUG]	EXEC>  SUCCESS 0.6860285
2025-03-13 23:18:50,132	[INFO]	0-17    SUCCESS               0.69 (101.21%) [1 edit(s)]  
2025-03-13 23:18:50,132	[DEBUG]	patch(0-17)="LineLLMMutation(('core/Solver.cc', 16), '-    watches[~c[0]].push(Watcher(cr, c[1]));\n-    watches[~c[1]].push(Watcher(cr, c[0]));\n+    for (int k = 0; k < 2; k++){\n+        Lit lit = (k == 0 ? ~c[0] : ~c[1]);\n+        Lit blocker = (k == 0 ? c[1] : c[0]);\n+        watches[lit].push(Watcher(cr, blocker));\n+    }')"
2025-03-13 23:19:06,681	[DEBUG]	EXEC>  SUCCESS 0.68415105
2025-03-13 23:19:06,682	[INFO]	0-18    SUCCESS               0.68 (100.93%) [1 edit(s)]  
2025-03-13 23:19:06,682	[DEBUG]	patch(0-18)="LineLLMMutation(('core/Solver.cc', 17), '-    for (i = j = 0; i < cs.size(); i++){\n-        Clause& c = ca[cs[i]];\n-        if (satisfied(c))\n-            removeClause(cs[i]);\n-        else\n-            cs[j++] = cs[i];\n-    }\n-    cs.shrink(i - j);\n+    int sz = cs.size();\n+    for (i = j = 0; i < sz; i++){\n+        Clause& c = ca[cs[i]];\n+        if (satisfied(c))\n+            removeClause(cs[i]);\n+        else\n+            cs[j++] = cs[i];\n+    }\n+    cs.shrink(sz - j);')"
2025-03-13 23:19:08,007	[INFO]	0-19    COMPILE_CODE_ERROR    None (--) [1 edit(s)]  
2025-03-13 23:19:08,007	[DEBUG]	patch(0-19)="LineLLMMutation(('core/Solver.cc', 18), '-    vec<Var> vs;\n-    for (Var v = 0; v < nVars(); v++)\n-        if (decision[v] && value(v) == l_Undef)\n-            vs.push(v);\n+    vec<Var> vs;\n+    vs.reserve(nVars());\n+    for (Var v = 0; v < nVars(); v++){\n+        if (decision[v] && value(v) == l_Undef)\n+            vs.push(v);\n+    }')"
2025-03-13 23:19:24,567	[DEBUG]	EXEC>  SUCCESS 0.685066
2025-03-13 23:19:24,568	[INFO]	0-20    SUCCESS               0.69 (101.07%) [1 edit(s)]  
2025-03-13 23:19:24,568	[DEBUG]	patch(0-20)="LineLLMMutation(('core/Solver.cc', 19), '-            if (!seen[var(q)] && level(var(q)) > 0){\n-                varBumpActivity(var(q));\n-                seen[var(q)] = 1;\n-                if (level(var(q)) >= decisionLevel())\n-                    pathC++;\n-                else\n-                    out_learnt.push(q);\n-            }\n+            if (!seen[var(q)] && level(var(q)) > 0){\n+                int idx = var(q);\n+                varBumpActivity(idx);\n+                seen[idx] = 1;\n+                if (level(idx) >= decisionLevel())\n+                    pathC++;\n+                else\n+                    out_learnt.push(q);\n+            }')"
2025-03-13 23:19:25,569	[INFO]	Step: 20
2025-03-13 23:19:25,569	[INFO]	Stop Steps: 100
2025-03-13 23:22:58,870	[INFO]	Step: 20
2025-03-13 23:22:58,870	[INFO]	Stop Steps: 100
2025-03-13 23:23:12,649	[DEBUG]	EXEC>  SUCCESS 0.67462285
2025-03-13 23:23:12,650	[INFO]	1-1     SUCCESS              +0.67 (99.52%) [1 edit(s)]  
2025-03-13 23:23:12,650	[DEBUG]	patch(1-1)="LineLLMMutation(('core/Solver.cc', 12), '-    for (int j = 0; j < c.size(); j++)\n-        if (value(c[j]) != l_False)\n-            fprintf(f, "%s%d ", sign(c[j]) ? "-" : "", mapVar(var(c[j]), map, max)+1);\n+    for (int j = 0; j < c.size(); j++) {\n+        if (value(c[j]) != l_False) {\n+            Var mapped = mapVar(var(c[j]), map, max);\n+            fprintf(f, "%s%d ", sign(c[j]) ? "-" : "", mapped+1);\n+        }\n+    }')"
2025-03-13 23:23:12,650	[INFO]	Step: 21
2025-03-13 23:23:12,650	[INFO]	Stop Steps: 100
2025-03-13 23:23:26,596	[DEBUG]	EXEC>  SUCCESS 0.6835125
2025-03-13 23:23:26,597	[INFO]	1-2     SUCCESS               0.68 (100.84%) [1 edit(s)]  
2025-03-13 23:23:26,597	[DEBUG]	patch(1-2)="LineLLMMutation(('core/Solver.cc', 13), '-    ClauseAllocator to(ca.size() - ca.wasted());\n-    relocAll(to);\n+    ClauseAllocator to(ca.size() - ca.wasted());\n+    this->relocAll(to);')"
2025-03-13 23:23:26,597	[INFO]	Step: 22
2025-03-13 23:23:26,597	[INFO]	Stop Steps: 100
2025-03-13 23:23:42,140	[DEBUG]	EXEC>  SUCCESS 0.6845288
2025-03-13 23:23:42,141	[INFO]	1-3     SUCCESS               0.68 (100.99%) [1 edit(s)]  
2025-03-13 23:23:42,141	[DEBUG]	patch(1-3)="LineLLMCrossover(('core/Solver.cc', 0), '- for (int c = trail.size()-1; c >= trail_lim[level]; c--){\n-     Var      x  = var(trail[c]);\n-     assigns [x] = l_Undef;\n-     if (phase_saving > 1 || (phase_saving == 1) && c > trail_lim.last())\n-         insertVarOrder(x); }\n+ int tSize = trail.size();\n+ int lim = trail_lim[level];\n+ for (int c = tSize - 1; c >= lim; c--){\n+     Var x = var(trail[c]);\n+     assigns[x] = l_Undef;\n+     if (phase_saving > 1 || (phase_saving == 1 && c > trail_lim.last()))\n+         insertVarOrder(x);\n+ }\n- if (value(blocker) == l_True){\n+ if (__builtin_expect(value(blocker) == l_True, 1)){')"
2025-03-13 23:23:42,141	[INFO]	Step: 23
2025-03-13 23:23:42,141	[INFO]	Stop Steps: 100
2025-03-13 23:23:57,702	[DEBUG]	EXEC>  SUCCESS 0.6845901
2025-03-13 23:23:57,703	[INFO]	1-4     SUCCESS               0.68 (101.00%) [1 edit(s)]  
2025-03-13 23:23:57,703	[DEBUG]	patch(1-4)="LineLLMCrossover(('core/Solver.cc', 1), '- for (i = j = 0; i < cs.size(); i++){\n+ int sz = cs.size();\n+ for (i = j = 0; i < sz; i++){\n- cs.shrink(i - j);\n+ cs.shrink(sz - j);')"
2025-03-13 23:23:57,703	[INFO]	Step: 24
2025-03-13 23:23:57,703	[INFO]	Stop Steps: 100
2025-03-13 23:24:13,281	[DEBUG]	EXEC>  SUCCESS 0.6863788999999999
2025-03-13 23:24:13,282	[INFO]	1-5     SUCCESS               0.69 (101.26%) [1 edit(s)]  
2025-03-13 23:24:13,282	[DEBUG]	patch(1-5)="LineLLMCrossover(('core/Solver.cc', 2), '- for (int i = trail.size()-1; i >= trail_lim[0]; i--){\n-     Var x = var(trail[i]);\n-     if (seen[x]){\n-         if (reason(x) == CRef_Undef){\n-             assert(level(x) > 0);\n-             out_conflict.push(~trail[i]);\n-         }else{\n-             Clause& c = ca[reason(x)];\n-             for (int j = 1; j < c.size(); j++)\n-                 if (level(var(c[j])) > 0)\n-                     seen[var(c[j])] = 1;\n-         }\n-         seen[x] = 0;\n-     }\n- }\n+ for (int i = 0; i < analyze_toclear.size(); i++){\n+     seen[var(analyze_toclear[i])] = 0;\n+ }')"
2025-03-13 23:24:13,282	[INFO]	Step: 25
2025-03-13 23:24:13,282	[INFO]	Stop Steps: 100
2025-03-13 23:24:28,737	[DEBUG]	EXEC>  SUCCESS 0.6796876000000001
2025-03-13 23:24:28,738	[INFO]	1-6     SUCCESS               0.68 (100.27%) [1 edit(s)]  
2025-03-13 23:24:28,738	[DEBUG]	patch(1-6)="LineLLMCrossover(('core/Solver.cc', 3), '- for (int c = trail.size()-1; c >= trail_lim[level]; c--){\n-     Var      x  = var(trail[c]);\n-     assigns [x] = l_Undef;\n-     if (phase_saving > 1 || (phase_saving == 1) && c > trail_lim.last())\n-         insertVarOrder(x); }\n+ int tSize = trail.size();\n+ int lim = trail_lim[level];\n+ for (int c = tSize - 1; c >= lim; c--){\n+     Var x = var(trail[c]);\n+     assigns[x] = l_Undef;\n+     if (phase_saving > 1 || (phase_saving == 1 && c > trail_lim.last()))\n+         insertVarOrder(x);\n+ }\n- for (i = j = 0; i < cs.size(); i++){\n+ int sz = cs.size();\n+ for (i = j = 0; i < sz; i++){\n- cs.shrink(i - j);\n+ cs.shrink(sz - j);')"
2025-03-13 23:24:28,738	[INFO]	Step: 26
2025-03-13 23:24:28,738	[INFO]	Stop Steps: 100
2025-03-13 23:24:44,177	[DEBUG]	EXEC>  SUCCESS 0.67881455
2025-03-13 23:24:44,178	[INFO]	1-7     SUCCESS               0.68 (100.14%) [1 edit(s)]  
2025-03-13 23:24:44,178	[DEBUG]	patch(1-7)="LineLLMCrossover(('core/Solver.cc', 4), '- if (value(blocker) == l_True){\n+ if (__builtin_expect(value(blocker) == l_True, 1)){\n- for (int i = trail.size()-1; i >= trail_lim[0]; i--){\n-     Var x = var(trail[i]);\n-     if (seen[x]){\n-         if (reason(x) == CRef_Undef){\n-             assert(level(x) > 0);\n-             out_conflict.push(~trail[i]);\n-         }else{\n-             Clause& c = ca[reason(x)];\n-             for (int j = 1; j < c.size(); j++)\n-                 if (level(var(c[j])) > 0)\n-                     seen[var(c[j])] = 1;\n-         }\n-         seen[x] = 0;\n-     }\n- }\n+ for (int i = 0; i < analyze_toclear.size(); i++){\n+     seen[var(analyze_toclear[i])] = 0;\n+ }')"
2025-03-13 23:24:44,178	[INFO]	Step: 27
2025-03-13 23:24:44,178	[INFO]	Stop Steps: 100
2025-03-13 23:24:59,828	[DEBUG]	EXEC>  SUCCESS 0.6887975
2025-03-13 23:24:59,828	[INFO]	1-8     SUCCESS               0.69 (101.62%) [1 edit(s)]  
2025-03-13 23:24:59,828	[DEBUG]	patch(1-8)="LineLLMCrossover(('core/Solver.cc', 5), '- for (int c = trail.size()-1; c >= trail_lim[level]; c--){\n-     Var      x  = var(trail[c]);\n-     assigns [x] = l_Undef;\n-     if (phase_saving > 1 || (phase_saving == 1) && c > trail_lim.last())\n-         insertVarOrder(x); }\n+ int tSize = trail.size();\n+ int lim = trail_lim[level];\n+ for (int c = tSize - 1; c >= lim; c--){\n+     Var x = var(trail[c]);\n+     assigns[x] = l_Undef;\n+     if (phase_saving > 1 || (phase_saving == 1 && c > trail_lim.last()))\n+         insertVarOrder(x);\n+ }\n- if (value(blocker) == l_True){\n+ if (__builtin_expect(value(blocker) == l_True, 1)){\n- for (i = j = 0; i < cs.size(); i++){\n+ int sz = cs.size();\n+ for (i = j = 0; i < sz; i++){\n- cs.shrink(i - j);\n+ cs.shrink(sz - j);')"
2025-03-13 23:24:59,829	[INFO]	Step: 28
2025-03-13 23:24:59,829	[INFO]	Stop Steps: 100
2025-03-13 23:25:15,357	[DEBUG]	EXEC>  SUCCESS 0.6848442
2025-03-13 23:25:15,357	[INFO]	1-9     SUCCESS               0.68 (101.03%) [1 edit(s)]  
2025-03-13 23:25:15,357	[DEBUG]	patch(1-9)="LineLLMCrossover(('core/Solver.cc', 6), '- for (int c = trail.size()-1; c >= trail_lim[level]; c--){\n-     Var      x  = var(trail[c]);\n-     assigns [x] = l_Undef;\n-     if (phase_saving > 1 || (phase_saving == 1) && c > trail_lim.last())\n-         insertVarOrder(x); }\n+ int tSize = trail.size();\n+ int lim = trail_lim[level];\n+ for (int c = tSize - 1; c >= lim; c--){\n+     Var x = var(trail[c]);\n+     assigns[x] = l_Undef;\n+     if (phase_saving > 1 || (phase_saving == 1 && c > trail_lim.last()))\n+         insertVarOrder(x);\n+ }\n- for (int i = trail.size()-1; i >= trail_lim[0]; i--){\n-     Var x = var(trail[i]);\n-     if (seen[x]){\n-         if (reason(x) == CRef_Undef){\n-             assert(level(x) > 0);\n-             out_conflict.push(~trail[i]);\n-         }else{\n-             Clause& c = ca[reason(x)];\n-             for (int j = 1; j < c.size(); j++)\n-                 if (level(var(c[j])) > 0)\n-                     seen[var(c[j])] = 1;\n-         }\n-         seen[x] = 0;\n-     }\n- }\n+ for (int i = 0; i < analyze_toclear.size(); i++){\n+     seen[var(analyze_toclear[i])] = 0;\n+ }')"
2025-03-13 23:25:15,357	[INFO]	Step: 29
2025-03-13 23:25:15,357	[INFO]	Stop Steps: 100
2025-03-13 23:25:31,396	[DEBUG]	EXEC>  SUCCESS 0.7091238
2025-03-13 23:25:31,396	[INFO]	1-10    SUCCESS               0.71 (104.61%) [1 edit(s)]  
2025-03-13 23:25:31,396	[DEBUG]	patch(1-10)="LineLLMCrossover(('core/Solver.cc', 7), '- if (value(blocker) == l_True){\n+ if (__builtin_expect(value(blocker) == l_True, 1)){\n- for (i = j = 0; i < cs.size(); i++){\n+ int sz = cs.size();\n+ for (i = j = 0; i < sz; i++){\n- cs.shrink(i - j);\n+ cs.shrink(sz - j);\n- for (int i = trail.size()-1; i >= trail_lim[0]; i--){\n-     Var x = var(trail[i]);\n-     if (seen[x]){\n-         if (reason(x) == CRef_Undef){\n-             assert(level(x) > 0);\n-             out_conflict.push(~trail[i]);\n-         }else{\n-             Clause& c = ca[reason(x)];\n-             for (int j = 1; j < c.size(); j++)\n-                 if (level(var(c[j])) > 0)\n-                     seen[var(c[j])] = 1;\n-         }\n-         seen[x] = 0;\n-     }\n- }\n+ for (int i = 0; i < analyze_toclear.size(); i++){\n+     seen[var(analyze_toclear[i])] = 0;\n+ }')"
2025-03-13 23:25:31,396	[INFO]	Step: 30
2025-03-13 23:25:31,396	[INFO]	Stop Steps: 100
2025-03-13 23:25:47,148	[DEBUG]	EXEC>  SUCCESS 0.69408505
2025-03-13 23:25:47,149	[INFO]	1-11    SUCCESS               0.69 (102.40%) [2 edit(s)]  
2025-03-13 23:25:47,149	[DEBUG]	patch(1-11)="LineLLMMutation(('core/Solver.cc', 12), '-    for (int j = 0; j < c.size(); j++)\n-        if (value(c[j]) != l_False)\n-            fprintf(f, "%s%d ", sign(c[j]) ? "-" : "", mapVar(var(c[j]), map, max)+1);\n+    for (int j = 0; j < c.size(); j++) {\n+        if (value(c[j]) != l_False) {\n+            Var mapped = mapVar(var(c[j]), map, max);\n+            fprintf(f, "%s%d ", sign(c[j]) ? "-" : "", mapped+1);\n+        }\n+    }') | LineLLMMutation(('core/Solver.cc', 20), '-    for (int i = 0; i <= decisionLevel(); i++){\n-        int beg = i == 0 ? 0 : trail_lim[i - 1];\n-        int end = i == decisionLevel() ? trail.size() : trail_lim[i];\n-        progress += pow(F, i) * (end - beg);\n-    }\n+    double factor = 1.0;\n+    for (int i = 0; i <= decisionLevel(); i++){\n+        int beg = (i == 0 ? 0 : trail_lim[i - 1]);\n+        int end = (i == decisionLevel() ? trail.size() : trail_lim[i]);\n+        progress += factor * (end - beg);\n+        factor *= F;\n+    }')"
2025-03-13 23:25:47,149	[INFO]	Step: 31
2025-03-13 23:25:47,149	[INFO]	Stop Steps: 100
2025-03-13 23:26:02,925	[DEBUG]	EXEC>  SUCCESS 0.6950029000000001
2025-03-13 23:26:02,926	[INFO]	1-12    SUCCESS               0.70 (102.53%) [2 edit(s)]  
2025-03-13 23:26:02,926	[DEBUG]	patch(1-12)="LineLLMMutation(('core/Solver.cc', 13), '-    ClauseAllocator to(ca.size() - ca.wasted());\n-    relocAll(to);\n+    ClauseAllocator to(ca.size() - ca.wasted());\n+    this->relocAll(to);') | LineLLMMutation(('core/Solver.cc', 21), '-            Lit     first = c[0];\n-            Watcher w     = Watcher(cr, first);\n-            if (first != blocker && value(first) == l_True){\n-                *j++ = w; continue; }\n+            Lit     first = c[0];\n+            const lbool first_val = value(first);\n+            Watcher w     = Watcher(cr, first);\n+            if (first != blocker && first_val == l_True){\n+                *j++ = w; continue; }\n-            for (int k = 2; k < c.size(); k++)\n-                if (value(c[k]) != l_False){\n-                    c[1] = c[k]; c[k] = false_lit;\n-                    watches[~c[1]].push(w);\n-                    goto NextClause; }\n+            for (int k = 2; k < c.size(); k++){\n+                const lbool val_ck = value(c[k]);\n+                if (val_ck != l_False){\n+                    c[1] = c[k];\n+                    c[k] = false_lit;\n+                    watches[~c[1]].push(w);\n+                    goto NextClause;\n+                }\n+            }')"
2025-03-13 23:26:02,926	[INFO]	Step: 32
2025-03-13 23:26:02,926	[INFO]	Stop Steps: 100
2025-03-13 23:26:16,814	[DEBUG]	EXEC>  SUCCESS 0.6801958499999999
2025-03-13 23:26:16,815	[INFO]	1-13    SUCCESS               0.68 (100.35%) [2 edit(s)]  
2025-03-13 23:26:16,815	[DEBUG]	patch(1-13)="LineLLMMutation(('core/Solver.cc', 1), '-    double progress = 0;\n-    double F = 1.0 / nVars();\n-    for (int i = 0; i <= decisionLevel(); i++){\n-        int beg = i == 0 ? 0 : trail_lim[i - 1];\n-        int end = i == decisionLevel() ? trail.size() : trail_lim[i];\n-        progress += pow(F, i) * (end - beg);\n-    }\n-    return progress / nVars();\n+    double progress = 0;\n+    double F = 1.0 / nVars();\n+    double powerF = 1.0;\n+    for (int i = 0; i <= decisionLevel(); i++){\n+        int beg = (i == 0 ? 0 : trail_lim[i - 1]);\n+        int end = (i == decisionLevel() ? trail.size() : trail_lim[i]);\n+        progress += powerF * (end - beg);\n+        powerF *= F;\n+    }\n+    return progress / nVars();') | LineLLMMutation(('core/Solver.cc', 22), "- CRef Solver::propagate()\n- {\n-     CRef    confl     = CRef_Undef;\n-     int     num_props = 0;\n-     watches.cleanAll();\n-\n-     while (qhead < trail.size()){\n-         Lit            p   = trail[qhead++];     // 'p' is enqueued fact to propagate.\n-         vec<Watcher>&  ws  = watches[p];\n-         Watcher        *i, *j, *end;\n-         num_props++;\n-\n-         for (i = j = (Watcher*)ws, end = i + ws.size();  i != end;){\n-             // Try to avoid inspecting the clause:\n-             Lit blocker = i->blocker;\n-             if (value(blocker) == l_True){\n-                 *j++ = *i++; continue; }\n-\n-             // Make sure the false literal is data[1]:\n-             CRef     cr        = i->cref;\n-             Clause&  c         = ca[cr];\n-             Lit      false_lit = ~p;\n-             if (c[0] == false_lit)\n-                 c[0] = c[1], c[1] = false_lit;\n-             assert(c[1] == false_lit);\n-             i++;\n-\n-             // If 0th watch is true, then clause is already satisfied.\n-             Lit     first = c[0];\n-             Watcher w     = Watcher(cr, first);\n-             if (first != blocker && value(first) == l_True){\n-                 *j++ = w; continue; }\n-\n-             // Look for new watch:\n-             for (int k = 2; k < c.size(); k++)\n-                 if (value(c[k]) != l_False){\n-                     c[1] = c[k]; c[k] = false_lit;\n-                     watches[~c[1]].push(w);\n-                     goto NextClause; }\n-\n-             // Did not find watch -- clause is unit under assignment:\n-             *j++ = w;\n-             if (value(first) == l_False){\n-                 confl = cr;\n-                 qhead = trail.size();\n-                 // Copy the remaining watches:\n-                 while (i < end)\n-                     *j++ = *i++;\n-             }else\n-                 uncheckedEnqueue(first, cr);\n-\n-         NextClause:;\n-         }\n-         ws.shrink(i - j);\n-     }\n-     propagations += num_props;\n-     simpDB_props -= num_props;\n-     return confl;\n- }\n+ CRef Solver::propagate()\n+ {\n+     CRef confl = CRef_Undef;\n+     int num_props = 0;\n+     watches.cleanAll();\n+     while(qhead < trail.size()){\n+         Lit p = trail[qhead++];\n+         vec<Watcher>& ws = watches[p];\n+         Watcher* i = (Watcher*)ws.begin();\n+         Watcher* j = i;\n+         Watcher* end = i + ws.size();\n+         num_props++;\n+         for(; i < end; i++){\n+             Lit blocker = i->blocker;\n+             if(value(blocker) == l_True){\n+                 *j++ = *i;\n+                 continue;\n+             }\n+             CRef cr = i->cref;\n+             Clause& c = ca[cr];\n+             Lit false_lit = ~p;\n+             if(c[0] == false_lit){\n+                 c[0] = c[1];\n+                 c[1] = false_lit;\n+             }\n+             assert(c[1] == false_lit);\n+             Lit first = c[0];\n+             if(first != blocker && value(first) == l_True){\n+                 *j++ = Watcher(cr, first);\n+                 continue;\n+             }\n+             bool found = false;\n+             for(int k = 2; k < c.size(); k++){\n+                 if(value(c[k]) != l_False){\n+                     c[1] = c[k];\n+                     c[k] = false_lit;\n+                     watches[~c[1]].push(Watcher(cr, c[0]));\n+                     found = true;\n+                     break;\n+                 }\n+             }\n+             *j++ = Watcher(cr, c[0]);\n+             if(found)\n+                 continue;\n+             if(value(first) == l_False){\n+                 confl = cr;\n+                 qhead = trail.size();\n+                 while(i+1 < end){\n+                     i++;\n+                     *j++ = *i;\n+                 }\n+                 break;\n+             } else {\n+                 uncheckedEnqueue(first, cr);\n+             }\n+         }\n+         ws.shrink((int)(j - (Watcher*)ws.begin()));\n+     }\n+     propagations += num_props;\n+     simpDB_props -= num_props;\n+     return confl;\n+ }")"
2025-03-13 23:26:16,815	[INFO]	Step: 33
2025-03-13 23:26:16,815	[INFO]	Stop Steps: 100
2025-03-13 23:26:18,537	[INFO]	1-14    TEST_CODE_ERROR       None (--) [2 edit(s)]  
2025-03-13 23:26:18,537	[DEBUG]	patch(1-14)="LineLLMMutation(('core/Solver.cc', 3), '-        for (int j = (p == lit_Undef) ? 0 : 1; j < c.size(); j++){\n-            Lit q = c[j];\n-            if (!seen[var(q)] && level(var(q)) > 0){\n-                varBumpActivity(var(q));\n-                seen[var(q)] = 1;\n-                if (level(var(q)) >= decisionLevel())\n-                    pathC++;\n-                else\n-                    out_learnt.push(q);\n-            }\n-        }\n+        int start_j = (p == lit_Undef) ? 0 : 1;\n+        if(c.size() > start_j){\n+            Lit q0 = c[start_j];\n+            if (!seen[var(q0)] && level(var(q0)) > 0){\n+                varBumpActivity(var(q0));\n+                seen[var(q0)] = 1;\n+                if (level(var(q0)) >= decisionLevel())\n+                    pathC++;\n+                else\n+                    out_learnt.push(q0);\n+            }\n+        }\n+        for (int j = start_j+1; j < c.size(); j++){\n+            Lit q = c[j];\n+            if (!seen[var(q)] && level(var(q)) > 0){\n+                varBumpActivity(var(q));\n+                seen[var(q)] = 1;\n+                if (level(var(q)) >= decisionLevel())\n+                    pathC++;\n+                else\n+                    out_learnt.push(q);\n+            }\n+        }') | LineLLMMutation(('core/Solver.cc', 23), '-        for (i = j = (Watcher*)ws, end = i + ws.size();  i != end;){\n-            // Try to avoid inspecting the clause:\n-            Lit blocker = i->blocker;\n-            if (value(blocker) == l_True){\n-                *j++ = *i++; continue; }\n-\n-            // Make sure the false literal is data[1]:\n-            CRef     cr        = i->cref;\n-            Clause&  c         = ca[cr];\n-            Lit      false_lit = ~p;\n-            if (c[0] == false_lit)\n-                c[0] = c[1], c[1] = false_lit;\n-            assert(c[1] == false_lit);\n-            i++;\n-\n-            // If 0th watch is true, then clause is already satisfied.\n-            Lit     first = c[0];\n-            Watcher w     = Watcher(cr, first);\n-            if (first != blocker && value(first) == l_True){\n-                *j++ = w; continue; }\n-\n-            // Look for new watch:\n-            for (int k = 2; k < c.size(); k++)\n-                if (value(c[k]) != l_False){\n-                    c[1] = c[k]; c[k] = false_lit;\n-                    watches[~c[1]].push(w);\n-                    goto NextClause; }\n-\n-            // Did not find watch -- clause is unit under assignment:\n-            *j++ = w;\n-            if (value(first) == l_False){\n-                confl = cr;\n-                qhead = trail.size();\n-                // Copy the remaining watches:\n-                while (i < end)\n-                    *j++ = *i++;\n-            }else\n-                uncheckedEnqueue(first, cr);\n-\n-        NextClause:;\n-        }\n-        ws.shrink(i - j);\n+        for (i = j = (Watcher*)ws, end = i + ws.size(); i != end; ){\n+            Watcher curr = *i;\n+            if (value(curr.blocker) == l_True) {\n+                *j++ = curr;\n+                i++;\n+                continue;\n+            }\n+            CRef cr = curr.cref;\n+            Clause& c = ca[cr];\n+            Lit false_lit = ~p;\n+            if (c[0] == false_lit) {\n+                c[0] = c[1];\n+                c[1] = false_lit;\n+            }\n+            if (value(c[0]) == l_True) {\n+                *j++ = Watcher(cr, c[0]);\n+                i++;\n+                continue;\n+            }\n+            bool found = false;\n+            for (int k = 2; k < c.size(); k++) {\n+                if (value(c[k]) != l_False) {\n+                    c[1] = c[k];\n+                    c[k] = false_lit;\n+                    watches[~c[1]].push(Watcher(cr, c[0]));\n+                    found = true;\n+                    break;\n+                }\n+            }\n+            if (!found) {\n+                if (value(c[0]) == l_False) {\n+                    confl = cr;\n+                    qhead = trail.size();\n+                    while (i < end)\n+                        *j++ = *i++;\n+                    break;\n+                } else {\n+                    uncheckedEnqueue(c[0], cr);\n+                }\n+            }\n+            i++;\n+        }\n+        ws.shrink(i - j);')"
2025-03-13 23:26:18,537	[INFO]	Step: 34
2025-03-13 23:26:18,537	[INFO]	Stop Steps: 100
2025-03-13 23:26:34,017	[DEBUG]	EXEC>  SUCCESS 0.6804122
2025-03-13 23:26:34,018	[INFO]	1-15    SUCCESS               0.68 (100.38%) [2 edit(s)]  
2025-03-13 23:26:34,018	[DEBUG]	patch(1-15)="LineLLMMutation(('core/Solver.cc', 5), '-    for (int c = trail.size()-1; c >= trail_lim[level]; c--){\n-            Var      x  = var(trail[c]);\n-            assigns [x] = l_Undef;\n-            if (phase_saving > 1 || (phase_saving == 1) && c > trail_lim.last())\n-                polarity[x] = sign(trail[c]);\n-            insertVarOrder(x); }\n+    int tSize = trail.size();\n+    int lim = trail_lim[level];\n+    for (int c = tSize - 1; c >= lim; c--){\n+            Var x = var(trail[c]);\n+            assigns[x] = l_Undef;\n+            if (phase_saving > 1 || (phase_saving == 1 && c > trail_lim.last()))\n+                polarity[x] = sign(trail[c]);\n+            insertVarOrder(x);\n+    }') | LineLLMMutation(('core/Solver.cc', 24), "- CRef Solver::propagate()\n- {\n-     CRef    confl     = CRef_Undef;\n-     int     num_props = 0;\n-     watches.cleanAll();\n-\n-     while (qhead < trail.size()){\n-         Lit            p   = trail[qhead++];     // 'p' is enqueued fact to propagate.\n-         vec<Watcher>&  ws  = watches[p];\n-         Watcher        *i, *j, *end;\n-         num_props++;\n-\n-         for (i = j = (Watcher*)ws, end = i + ws.size();  i != end;){\n-             // Try to avoid inspecting the clause:\n-             Lit blocker = i->blocker;\n-             if (value(blocker) == l_True){\n-                 *j++ = *i++; continue; }\n-\n-             // Make sure the false literal is data[1]:\n-             CRef     cr        = i->cref;\n-             Clause&  c         = ca[cr];\n-             Lit      false_lit = ~p;\n-             if (c[0] == false_lit)\n-                 c[0] = c[1], c[1] = false_lit;\n-             assert(c[1] == false_lit);\n-             i++;\n-\n-             // If 0th watch is true, then clause is already satisfied.\n-             Lit     first = c[0];\n-             Watcher w     = Watcher(cr, first);\n-             if (first != blocker && value(first) == l_True){\n-                 *j++ = w; continue; }\n-\n-             // Look for new watch:\n-             for (int k = 2; k < c.size(); k++)\n-                 if (value(c[k]) != l_False){\n-                     c[1] = c[k]; c[k] = false_lit;\n-                     watches[~c[1]].push(w);\n-                     goto NextClause; }\n-\n-             // Did not find watch -- clause is unit under assignment:\n-             *j++ = w;\n-             if (value(first) == l_False){\n-                 confl = cr;\n-                 qhead = trail.size();\n-                 // Copy the remaining watches:\n-                 while (i < end)\n-                     *j++ = *i++;\n-             }else\n-                 uncheckedEnqueue(first, cr);\n-\n-         NextClause:;\n-         }\n-         ws.shrink(i - j);\n-     }\n-     propagations += num_props;\n-     simpDB_props -= num_props;\n-\n-     return confl;\n- }\n+ CRef Solver::propagate() {\n+     CRef confl = CRef_Undef;\n+     int num_props = 0;\n+     watches.cleanAll();\n+     while (qhead < trail.size()) {\n+         Lit p = trail[qhead++];\n+         vec<Watcher>& ws = watches[p];\n+         Watcher *i, *j, *end;\n+         num_props++;\n+         for (i = j = (Watcher*)ws, end = i + ws.size(); i != end; ) {\n+             Lit blocker = i->blocker;\n+             if (value(blocker) == l_True) {\n+                 *j++ = *i++;\n+                 continue;\n+             }\n+             CRef cr = i->cref;\n+             Clause& c = ca[cr];\n+             Lit false_lit = ~p;\n+             if (c[0] == false_lit) {\n+                 c[0] = c[1];\n+                 c[1] = false_lit;\n+             }\n+             assert(c[1] == false_lit);\n+             i++;\n+             Lit first = c[0];\n+             lbool val_first = value(first);\n+             Watcher w(cr, first);\n+             if (first != blocker && val_first == l_True) {\n+                 *j++ = w;\n+                 continue;\n+             }\n+             bool watch_found = false;\n+             for (int k = 2; k < c.size(); k++) {\n+                 lbool val_k = value(c[k]);\n+                 if (val_k != l_False) {\n+                     c[1] = c[k];\n+                     c[k] = false_lit;\n+                     watches[~c[1]].push(w);\n+                     watch_found = true;\n+                     break;\n+                 }\n+             }\n+             if (watch_found) {\n+                 // Proceed to next clause\n+             } else {\n+                 *j++ = w;\n+                 if (val_first == l_False) {\n+                     confl = cr;\n+                     qhead = trail.size();\n+                     while (i < end)\n+                         *j++ = *i++;\n+                 } else {\n+                     uncheckedEnqueue(first, cr);\n+                 }\n+             }\n+         }\n+         ws.shrink(i - j);\n+     }\n+     propagations += num_props;\n+     simpDB_props -= num_props;\n+     return confl;\n+ }")"
2025-03-13 23:26:34,018	[INFO]	Step: 35
2025-03-13 23:26:34,018	[INFO]	Stop Steps: 100
2025-03-13 23:26:49,640	[DEBUG]	EXEC>  SUCCESS 0.6872079999999999
2025-03-13 23:26:49,641	[INFO]	1-16    SUCCESS               0.69 (101.38%) [2 edit(s)]  
2025-03-13 23:26:49,641	[DEBUG]	patch(1-16)="LineLLMMutation(('core/Solver.cc', 0), '-            if (value(blocker) == l_True){\n-                *j++ = *i++; continue; }\n+            if (__builtin_expect(value(blocker) == l_True, 1)){\n+                *j++ = *i++; continue; }') | LineLLMMutation(('core/Solver.cc', 25), '-       Lit blocker = i->blocker;\n-       if (__builtin_expect(value(blocker) == l_True, 1)){\n-           *j++ = *i++; continue; }\n+       Lit blocker = i->blocker;\n+       lbool valBlocker = value(blocker);\n+       if (__builtin_expect(valBlocker == l_True, 1)){\n+           *j++ = *i++; continue; }\n-           Lit     first = c[0];\n-           Watcher w     = Watcher(cr, first);\n-           if (first != blocker && value(first) == l_True){\n-               *j++ = w; continue; }\n+           Lit     first = c[0];\n+           lbool valFirst = value(first);\n+           Watcher w     = Watcher(cr, first);\n+           if (first != blocker && valFirst == l_True){\n+               *j++ = w; continue; }')"
2025-03-13 23:26:49,641	[INFO]	Step: 36
2025-03-13 23:26:49,641	[INFO]	Stop Steps: 100
2025-03-13 23:27:05,126	[DEBUG]	EXEC>  SUCCESS 0.68042095
2025-03-13 23:27:05,126	[INFO]	1-17    SUCCESS               0.68 (100.38%) [2 edit(s)]  
2025-03-13 23:27:05,126	[DEBUG]	patch(1-17)="LineLLMMutation(('core/Solver.cc', 17), '-    for (i = j = 0; i < cs.size(); i++){\n-        Clause& c = ca[cs[i]];\n-        if (satisfied(c))\n-            removeClause(cs[i]);\n-        else\n-            cs[j++] = cs[i];\n-    }\n-    cs.shrink(i - j);\n+    int sz = cs.size();\n+    for (i = j = 0; i < sz; i++){\n+        Clause& c = ca[cs[i]];\n+        if (satisfied(c))\n+            removeClause(cs[i]);\n+        else\n+            cs[j++] = cs[i];\n+    }\n+    cs.shrink(sz - j);') | LineLLMMutation(('core/Solver.cc', 26), '-        for (i = j = (Watcher*)ws, end = i + ws.size();  i != end;){\n+        const int ws_size = ws.size();\n+        for (i = j = (Watcher*)ws, end = i + ws_size;  i != end;){')"
2025-03-13 23:27:05,127	[INFO]	Step: 37
2025-03-13 23:27:05,127	[INFO]	Stop Steps: 100
2025-03-13 23:27:05,454	[INFO]	1-18    COMPILE_CODE_ERROR    None (--) [2 edit(s)]  
2025-03-13 23:27:05,454	[DEBUG]	patch(1-18)="LineLLMMutation(('core/Solver.cc', 11), '-    for (int i = trail.size()-1; i >= trail_lim[0]; i--){\n-        Var x = var(trail[i]);\n-        if (seen[x]){\n-            if (reason(x) == CRef_Undef){\n-                assert(level(x) > 0);\n-                out_conflict.push(~trail[i]);\n-            }else{\n-                Clause& c = ca[reason(x)];\n-                for (int j = 1; j < c.size(); j++)\n-                    if (level(var(c[j])) > 0)\n-                        seen[var(c[j])] = 1;\n-            }\n-            seen[x] = 0;\n-        }\n-    }\n+    for (int i = 0; i < analyze_toclear.size(); i++){\n+        seen[var(analyze_toclear[i])] = 0;\n+    }') | LineLLMMutation(('core/Solver.cc', 27), '-        vec<Watcher>&  ws  = watches[p];\n-        Watcher        *i, *j, *end;\n-        num_props++;\n-\n-        for (i = j = (Watcher*)ws, end = i + ws.size();  i != end;){\n-            // Try to avoid inspecting the clause:\n-            Lit blocker = i->blocker;\n-            if (value(blocker) == l_True){\n-                *j++ = *i++; continue; }\n-\n-            // Make sure the false literal is data[1]:\n-            CRef     cr        = i->cref;\n-            Clause&  c         = ca[cr];\n-            Lit      false_lit = ~p;\n-            if (c[0] == false_lit)\n-                c[0] = c[1], c[1] = false_lit;\n-            assert(c[1] == false_lit);\n-            i++;\n-\n-            // If 0th watch is true, then clause is already satisfied.\n-            Lit     first = c[0];\n-            Watcher w     = Watcher(cr, first);\n-            if (first != blocker && value(first) == l_True){\n-                *j++ = w; continue; }\n-\n-            // Look for new watch:\n-            for (int k = 2; k < c.size(); k++)\n-                if (value(c[k]) != l_False){\n-                    c[1] = c[k]; c[k] = false_lit;\n-                    watches[~c[1]].push(w);\n-                    goto NextClause; }\n-\n-            // Did not find watch -- clause is unit under assignment:\n-            *j++ = w;\n-            if (value(first) == l_False){\n-                confl = cr;\n-                qhead = trail.size();\n-                // Copy the remaining watches:\n-                while (i < end)\n-                    *j++ = *i++;\n-            }else\n-                uncheckedEnqueue(first, cr);\n-\n-        NextClause:;\n-        }\n-        ws.shrink(i - j);\n+        vec<Watcher>& ws = watches[p];\n+        vec<Watcher> new_ws;\n+        for (int idx = 0, wsSize = ws.size(); idx < wsSize; ++idx) {\n+            Watcher w = ws[idx];\n+            Lit blocker = w.blocker;\n+            if (value(blocker) == l_True) {\n+                new_ws.push(w);\n+                continue;\n+            }\n+            CRef cr = w.cref;\n+            Clause& c = ca[cr];\n+            Lit false_lit = ~p;\n+            if (c[0] == false_lit) {\n+                std::swap(c[0], c[1]);\n+            }\n+            Lit first = c[0];\n+            if (first != blocker && value(first) == l_True) {\n+                new_ws.push(Watcher(cr, first));\n+                continue;\n+            }\n+            bool foundNewWatch = false;\n+            for (int k = 2; k < c.size(); k++) {\n+                if (value(c[k]) != l_False) {\n+                    c[1] = c[k];\n+                    c[k] = false_lit;\n+                    watches[~c[1]].push(Watcher(cr, c[0]));\n+                    new_ws.push(Watcher(cr, c[0]));\n+                    foundNewWatch = true;\n+                    break;\n+                }\n+            }\n+            if (!foundNewWatch) {\n+                new_ws.push(Watcher(cr, c[0]));\n+                if (value(first) == l_False) {\n+                    confl = cr;\n+                    qhead = trail.size();\n+                } else {\n+                    uncheckedEnqueue(first, cr);\n+                }\n+            }\n+        }\n+        ws = new_ws;')"
2025-03-13 23:27:05,454	[INFO]	Step: 38
2025-03-13 23:27:05,454	[INFO]	Stop Steps: 100
2025-03-13 23:27:21,195	[DEBUG]	EXEC>  SUCCESS 0.69338705
2025-03-13 23:27:21,196	[INFO]	1-19    SUCCESS               0.69 (102.29%) [2 edit(s)]  
2025-03-13 23:27:21,196	[DEBUG]	patch(1-19)="LineLLMMutation(('core/Solver.cc', 19), '-            if (!seen[var(q)] && level(var(q)) > 0){\n-                varBumpActivity(var(q));\n-                seen[var(q)] = 1;\n-                if (level(var(q)) >= decisionLevel())\n-                    pathC++;\n-                else\n-                    out_learnt.push(q);\n-            }\n+            if (!seen[var(q)] && level(var(q)) > 0){\n+                int idx = var(q);\n+                varBumpActivity(idx);\n+                seen[idx] = 1;\n+                if (level(idx) >= decisionLevel())\n+                    pathC++;\n+                else\n+                    out_learnt.push(q);\n+            }') | LineLLMMutation(('core/Solver.cc', 28), '-Lit Solver::pickBranchLit()\n-{\n-    Var next = var_Undef;\n-\n-    // Random decision:\n-    if (drand(random_seed) < random_var_freq && !order_heap.empty()){\n-        next = order_heap[irand(random_seed,order_heap.size())];\n-        if (value(next) == l_Undef && decision[next])\n-            rnd_decisions++; }\n-\n-    // Activity based decision:\n-    while (next == var_Undef || value(next) != l_Undef || !decision[next])\n-        if (order_heap.empty()){\n-            next = var_Undef;\n-            break;\n-        }else\n-            next = order_heap.removeMin();\n-\n-    return next == var_Undef ? lit_Undef : mkLit(next, rnd_pol ? drand(random_seed) < 0.5 : polarity[next]);\n-}\n+Lit Solver::pickBranchLit()\n+{\n+    Var next = var_Undef;\n+    if (drand(random_seed) < random_var_freq && !order_heap.empty()){\n+        next = order_heap[irand(random_seed, order_heap.size())];\n+        if (!(value(next) == l_Undef && decision[next]))\n+            next = var_Undef;\n+        else\n+            rnd_decisions++;\n+    }\n+    while (true) {\n+        if (next != var_Undef && value(next) == l_Undef && decision[next])\n+            break;\n+        if (order_heap.empty()){\n+            next = var_Undef;\n+            break;\n+        }\n+        next = order_heap.removeMin();\n+    }\n+    return next == var_Undef ? lit_Undef : mkLit(next, rnd_pol ? (drand(random_seed) < 0.5) : polarity[next]);\n+}')"
2025-03-13 23:27:21,196	[INFO]	Step: 39
2025-03-13 23:27:21,196	[INFO]	Stop Steps: 100
2025-03-13 23:27:23,050	[INFO]	1-20    TEST_CODE_ERROR       None (--) [2 edit(s)]  
2025-03-13 23:27:23,051	[DEBUG]	patch(1-20)="LineLLMMutation(('core/Solver.cc', 16), '-    watches[~c[0]].push(Watcher(cr, c[1]));\n-    watches[~c[1]].push(Watcher(cr, c[0]));\n+    for (int k = 0; k < 2; k++){\n+        Lit lit = (k == 0 ? ~c[0] : ~c[1]);\n+        Lit blocker = (k == 0 ? c[1] : c[0]);\n+        watches[lit].push(Watcher(cr, blocker));\n+    }') | LineLLMMutation(('core/Solver.cc', 29), "- CRef Solver::propagate()\n- {\n-     CRef    confl     = CRef_Undef;\n-     int     num_props = 0;\n-     watches.cleanAll();\n-\n-     while (qhead < trail.size()){\n-         Lit            p   = trail[qhead++];     // 'p' is enqueued fact to propagate.\n-         vec<Watcher>&  ws  = watches[p];\n-         Watcher        *i, *j, *end;\n-         num_props++;\n-\n-         for (i = j = (Watcher*)ws, end = i + ws.size();  i != end;){\n-             // Try to avoid inspecting the clause:\n-             Lit blocker = i->blocker;\n-             if (value(blocker) == l_True){\n-                 *j++ = *i++; continue; }\n-\n-             // Make sure the false literal is data[1]:\n-             CRef     cr        = i->cref;\n-             Clause&  c         = ca[cr];\n-             Lit      false_lit = ~p;\n-             if (c[0] == false_lit)\n-                 c[0] = c[1], c[1] = false_lit;\n-             assert(c[1] == false_lit);\n-             i++;\n-\n-             // If 0th watch is true, then clause is already satisfied.\n-             Lit     first = c[0];\n-             Watcher w     = Watcher(cr, first);\n-             if (first != blocker && value(first) == l_True){\n-                 *j++ = w; continue; }\n-\n-             // Look for new watch:\n-             for (int k = 2; k < c.size(); k++)\n-                 if (value(c[k]) != l_False){\n-                     c[1] = c[k]; c[k] = false_lit;\n-                     watches[~c[1]].push(w);\n-                     goto NextClause; }\n-\n-             // Did not find watch -- clause is unit under assignment:\n-             *j++ = w;\n-             if (value(first) == l_False){\n-                 confl = cr;\n-                 qhead = trail.size();\n-                 // Copy the remaining watches:\n-                 while (i < end)\n-                     *j++ = *i++;\n-             }else\n-                 uncheckedEnqueue(first, cr);\n-\n-         NextClause:;\n-         }\n-         ws.shrink(i - j);\n-     }\n-     propagations += num_props;\n-     simpDB_props -= num_props;\n-\n-     return confl;\n- }\n+ CRef Solver::propagate()\n+ {\n+     CRef confl = CRef_Undef;\n+     int num_props = 0;\n+     watches.cleanAll();\n+\n+     while(qhead < trail.size()){\n+         Lit p = trail[qhead++];\n+         vec<Watcher>& ws = watches[p];\n+         Watcher *i = (Watcher*)ws, *j = i, *end = i + ws.size();\n+         num_props++;\n+         for(; i != end; ){\n+             Lit blocker = i->blocker;\n+             lbool val_blocker = value(blocker);\n+             if(val_blocker == l_True){\n+                 *j++ = *i++;\n+                 continue;\n+             }\n+             CRef cr = i->cref;\n+             Clause& c = ca[cr];\n+             Lit false_lit = ~p;\n+             if(c[0] == false_lit){\n+                 std::swap(c[0], c[1]);\n+             }\n+             assert(c[1] == false_lit);\n+             i++;\n+             Lit first = c[0];\n+             Watcher w(cr, first);\n+             if(first != blocker && value(first) == l_True){\n+                 *j++ = w;\n+                 continue;\n+             }\n+             bool found_watch = false;\n+             for(int k = 2; k < c.size(); k++){\n+                 if(value(c[k]) != l_False){\n+                     c[1] = c[k];\n+                     c[k] = false_lit;\n+                     watches[~c[1]].push(Watcher(cr, c[0]));\n+                     found_watch = true;\n+                     break;\n+                 }\n+             }\n+             *j++ = w;\n+             if(!found_watch && value(first) == l_False){\n+                 confl = cr;\n+                 qhead = trail.size();\n+                 while(i < end)\n+                     *j++ = *i++;\n+             }\n+             else if(!found_watch){\n+                 uncheckedEnqueue(first, cr);\n+             }\n+         }\n+         ws.shrink((int)(i - j));\n+     }\n+     propagations += num_props;\n+     simpDB_props -= num_props;\n+     return confl;\n+ }")"
2025-03-13 23:27:23,051	[INFO]	Step: 40
2025-03-13 23:27:23,051	[INFO]	Stop Steps: 100
2025-03-13 23:27:38,839	[DEBUG]	EXEC>  SUCCESS 0.69562505
2025-03-13 23:27:38,840	[INFO]	1-1     SUCCESS               0.70 (102.62%) [2 edit(s)]  
2025-03-13 23:27:38,840	[DEBUG]	patch(1-1)="LineLLMMutation(('core/Solver.cc', 2), '-    activity .push(rnd_init_act ? drand(random_seed) * 0.00001 : 0);\n+    const double initFactor = 0.00001;\n+    activity.push(rnd_init_act ? drand(random_seed) * initFactor : 0);') | LineLLMMutation(('core/Solver.cc', 30), '-        vec<Watcher>&  ws  = watches[p];\n-        Watcher        *i, *j, *end;\n-        for (i = j = (Watcher*)ws, end = i + ws.size();  i != end;){\n+        vec<Watcher>&  ws  = watches[p]; int ws_size = ws.size();\n+        Watcher        *i, *j, *end;\n+        for (i = j = (Watcher*)ws, end = i + ws_size;  i != end;){')"
2025-03-13 23:27:38,840	[INFO]	Step: 41
2025-03-13 23:27:38,840	[INFO]	Stop Steps: 100
2025-03-13 23:27:54,583	[DEBUG]	EXEC>  SUCCESS 0.6934176
2025-03-13 23:27:54,584	[INFO]	1-2     SUCCESS               0.69 (102.30%) [2 edit(s)]  
2025-03-13 23:27:54,584	[DEBUG]	patch(1-2)="LineLLMMutation(('core/Solver.cc', 9), '-    if (!ok || propagate() != CRef_Undef)\n-        return ok = false;\n+    CRef res = propagate();\n+    if (!ok || res != CRef_Undef)\n+        return ok = false;') | LineLLMMutation(('core/Solver.cc', 31), '-            // Look for new watch:\n-            for (int k = 2; k < c.size(); k++)\n-                if (value(c[k]) != l_False){\n-                    c[1] = c[k]; c[k] = false_lit;\n-                    watches[~c[1]].push(w);\n-                    goto NextClause; }\n+            // Look for new watch:\n+            int sz = c.size();\n+            for (int k = 2; k < sz; k++)\n+                if (value(c[k]) != l_False){\n+                    c[1] = c[k]; c[k] = false_lit;\n+                    watches[~c[1]].push(w);\n+                    goto NextClause; }')"
2025-03-13 23:27:54,584	[INFO]	Step: 42
2025-03-13 23:27:54,584	[INFO]	Stop Steps: 100
2025-03-13 23:28:10,223	[DEBUG]	EXEC>  SUCCESS 0.68713615
2025-03-13 23:28:10,223	[INFO]	1-3     SUCCESS               0.69 (101.37%) [1 edit(s)]  
2025-03-13 23:28:10,223	[DEBUG]	patch(1-3)="LineLLMMutation(('core/Solver.cc', 32), '- double Solver::progressEstimate() const\n- {\n-     double  progress = 0;\n-     double  F = 1.0 / nVars();\n-\n-     for (int i = 0; i <= decisionLevel(); i++){\n-         int beg = i == 0 ? 0 : trail_lim[i - 1];\n-         int end = i == decisionLevel() ? trail.size() : trail_lim[i];\n-         progress += pow(F, i) * (end - beg);\n-     }\n-\n-     return progress / nVars();\n- }\n+ double Solver::progressEstimate() const\n+ {\n+     double progress = 0;\n+     double F = 1.0 / nVars();\n+     double multiplier = 1.0;\n+     for (int i = 0; i <= decisionLevel(); i++){\n+         int beg = i == 0 ? 0 : trail_lim[i - 1];\n+         int end = i == decisionLevel() ? trail.size() : trail_lim[i];\n+         progress += multiplier * (end - beg);\n+         multiplier *= F;\n+     }\n+     return progress / nVars();\n+ }')"
2025-03-13 23:28:10,224	[INFO]	Step: 43
2025-03-13 23:28:10,224	[INFO]	Stop Steps: 100
2025-03-13 23:33:01,325	[INFO]	Step: 43
2025-03-13 23:33:01,325	[INFO]	Stop Steps: 100
2025-03-13 23:33:15,097	[DEBUG]	EXEC>  SUCCESS 0.67468255
2025-03-13 23:33:15,097	[INFO]	2-4     SUCCESS              +0.67 (99.53%) [1 edit(s)]  
2025-03-13 23:33:15,097	[DEBUG]	patch(2-4)="LineLLMMutation(('core/Solver.cc', 12), '-    for (int j = 0; j < c.size(); j++)\n-        if (value(c[j]) != l_False)\n-            fprintf(f, "%s%d ", sign(c[j]) ? "-" : "", mapVar(var(c[j]), map, max)+1);\n+    for (int j = 0; j < c.size(); j++) {\n+        if (value(c[j]) != l_False) {\n+            Var mapped = mapVar(var(c[j]), map, max);\n+            fprintf(f, "%s%d ", sign(c[j]) ? "-" : "", mapped+1);\n+        }\n+    }')"
2025-03-13 23:33:15,097	[INFO]	Step: 44
2025-03-13 23:33:15,098	[INFO]	Stop Steps: 100
2025-03-13 23:33:30,547	[DEBUG]	EXEC>  SUCCESS 0.6796695500000001
2025-03-13 23:33:30,548	[INFO]	2-5     SUCCESS               0.68 (100.27%) [1 edit(s)]  
2025-03-13 23:33:30,548	[DEBUG]	patch(2-5)="LineLLMCrossover(('core/Solver.cc', 4), '- if (value(blocker) == l_True){\n+ if (__builtin_expect(value(blocker) == l_True, 1)){\n- for (int i = trail.size()-1; i >= trail_lim[0]; i--){\n-     Var x = var(trail[i]);\n-     if (seen[x]){\n-         if (reason(x) == CRef_Undef){\n-             assert(level(x) > 0);\n-             out_conflict.push(~trail[i]);\n-         }else{\n-             Clause& c = ca[reason(x)];\n-             for (int j = 1; j < c.size(); j++)\n-                 if (level(var(c[j])) > 0)\n-                     seen[var(c[j])] = 1;\n-         }\n-         seen[x] = 0;\n-     }\n- }\n+ for (int i = 0; i < analyze_toclear.size(); i++){\n+     seen[var(analyze_toclear[i])] = 0;\n+ }')"
2025-03-13 23:33:30,548	[INFO]	Step: 45
2025-03-13 23:33:30,548	[INFO]	Stop Steps: 100
2025-03-13 23:33:46,034	[DEBUG]	EXEC>  SUCCESS 0.6806965500000001
2025-03-13 23:33:46,035	[INFO]	2-6     SUCCESS               0.68 (100.42%) [1 edit(s)]  
2025-03-13 23:33:46,035	[DEBUG]	patch(2-6)="LineLLMCrossover(('core/Solver.cc', 8), '-             if (value(blocker) == l_True){\n+             if (__builtin_expect(value(blocker) == l_True, 1)){')"
2025-03-13 23:33:46,035	[INFO]	Step: 46
2025-03-13 23:33:46,035	[INFO]	Stop Steps: 100
2025-03-13 23:34:01,825	[DEBUG]	EXEC>  SUCCESS 0.69612905
2025-03-13 23:34:01,826	[INFO]	2-7     SUCCESS               0.70 (102.70%) [1 edit(s)]  
2025-03-13 23:34:01,826	[DEBUG]	patch(2-7)="LineLLMCrossover(('core/Solver.cc', 9), '-     for (i = j = 0; i < cs.size(); i++){\n+     int sz = cs.size();\n+     for (i = j = 0; i < sz; i++){\n-     cs.shrink(i - j);\n+     cs.shrink(sz - j);')"
2025-03-13 23:34:01,826	[INFO]	Step: 47
2025-03-13 23:34:01,826	[INFO]	Stop Steps: 100
2025-03-13 23:34:17,394	[DEBUG]	EXEC>  SUCCESS 0.68505265
2025-03-13 23:34:17,394	[INFO]	2-8     SUCCESS               0.69 (101.06%) [1 edit(s)]  
2025-03-13 23:34:17,394	[DEBUG]	patch(2-8)="LineLLMCrossover(('core/Solver.cc', 10), '-         for (int c = trail.size()-1; c >= trail_lim[level]; c--){\n-             Var      x  = var(trail[c]);\n-             assigns [x] = l_Undef;\n-             if (phase_saving > 1 || (phase_saving == 1) && c > trail_lim.last())\n-                 polarity[x] = sign(trail[c]);\n-             insertVarOrder(x); }\n+     int tSize = trail.size();\n+     int lim = trail_lim[level];\n+     for (int c = tSize - 1; c >= lim; c--){\n+             Var x = var(trail[c]);\n+             assigns[x] = l_Undef;\n+             if (phase_saving > 1 || (phase_saving == 1 && c > trail_lim.last()))\n+                 polarity[x] = sign(trail[c]);\n+             insertVarOrder(x);\n+     }')"
2025-03-13 23:34:17,394	[INFO]	Step: 48
2025-03-13 23:34:17,394	[INFO]	Stop Steps: 100
2025-03-13 23:34:33,066	[DEBUG]	EXEC>  SUCCESS 0.6895204500000001
2025-03-13 23:34:33,067	[INFO]	2-9     SUCCESS               0.69 (101.72%) [1 edit(s)]  
2025-03-13 23:34:33,067	[DEBUG]	patch(2-9)="LineLLMCrossover(('core/Solver.cc', 11), '-         for (i = j = (Watcher*)ws, end = i + ws.size();  i != end;){\n+         const int ws_size = ws.size();\n+         for (i = j = (Watcher*)ws, end = i + ws_size;  i != end;){')"
2025-03-13 23:34:33,067	[INFO]	Step: 49
2025-03-13 23:34:33,067	[INFO]	Stop Steps: 100
2025-03-13 23:34:48,806	[DEBUG]	EXEC>  SUCCESS 0.6941977500000001
2025-03-13 23:34:48,807	[INFO]	2-10    SUCCESS               0.69 (102.41%) [1 edit(s)]  
2025-03-13 23:34:48,807	[DEBUG]	patch(2-10)="LineLLMCrossover(('core/Solver.cc', 12), '-     for (int i = trail.size()-1; i >= trail_lim[0]; i--){\n-         Var x = var(trail[i]);\n-         if (seen[x]){\n-             if (reason(x) == CRef_Undef){\n-                 assert(level(x) > 0);\n-                 out_conflict.push(~trail[i]);\n-             }else{\n-                 Clause& c = ca[reason(x)];\n-                 for (int j = 1; j < c.size(); j++)\n-                     if (level(var(c[j])) > 0)\n-                         seen[var(c[j])] = 1;\n-             }\n-             seen[x] = 0;\n-         }\n-     }\n+     for (int i = 0; i < analyze_toclear.size(); i++){\n+         seen[var(analyze_toclear[i])] = 0;\n+     }')"
2025-03-13 23:34:48,807	[INFO]	Step: 50
2025-03-13 23:34:48,807	[INFO]	Stop Steps: 100
2025-03-13 23:35:04,535	[DEBUG]	EXEC>  SUCCESS 0.6924175
2025-03-13 23:35:04,536	[INFO]	2-11    SUCCESS               0.69 (102.15%) [1 edit(s)]  
2025-03-13 23:35:04,536	[DEBUG]	patch(2-11)="LineLLMCrossover(('core/Solver.cc', 13), '-             for (int k = 2; k < c.size(); k++)\n-                 if (value(c[k]) != l_False){\n-                     c[1] = c[k]; c[k] = false_lit;\n-                     watches[~c[1]].push(w);\n-                     goto NextClause; }\n+             bool found = false;\n+             for (int k = 2; k < c.size(); k++) {\n+                 if (value(c[k]) != l_False) {\n+                     c[1] = c[k];\n+                     c[k] = false_lit;\n+                     watches[~c[1]].push(w);\n+                     found = true;\n+                     break;\n+                 }\n+             }\n+             if (found) {\n+                 goto NextClause;\n+             }')"
2025-03-13 23:35:04,536	[INFO]	Step: 51
2025-03-13 23:35:04,536	[INFO]	Stop Steps: 100
2025-03-13 23:35:04,935	[INFO]	2-12    COMPILE_CODE_ERROR    None (--) [1 edit(s)]  
2025-03-13 23:35:04,935	[DEBUG]	patch(2-12)="LineLLMCrossover(('core/Solver.cc', 14), '-         progress += pow(F, i) * (end - beg);\n+         progress += exp(i * logF) * (end - beg);\n-     }\n+     }\n+     // Precompute logF for efficiency\n+     double logF = log(F);')"
2025-03-13 23:35:04,936	[INFO]	Step: 52
2025-03-13 23:35:04,936	[INFO]	Stop Steps: 100
2025-03-13 23:35:05,266	[INFO]	2-13    COMPILE_CODE_ERROR    None (--) [1 edit(s)]  
2025-03-13 23:35:05,266	[DEBUG]	patch(2-13)="LineLLMCrossover(('core/Solver.cc', 15), '-         fprintf(f, "%s%d ", sign(c[i]) ? "-" : "", mapVar(var(c[i]), map, max)+1);\n+         int mapped = mapVar(var(c[i]), map, max) + 1;\n+         fprintf(f, "%s%d ", sign(c[i]) ? "-" : "", mapped);')"
2025-03-13 23:35:05,266	[INFO]	Step: 53
2025-03-13 23:35:05,266	[INFO]	Stop Steps: 100
2025-03-13 23:35:05,592	[INFO]	2-14    COMPILE_CODE_ERROR    None (--) [2 edit(s)]  
2025-03-13 23:35:05,592	[DEBUG]	patch(2-14)="LineLLMMutation(('core/Solver.cc', 12), '-    for (int j = 0; j < c.size(); j++)\n-        if (value(c[j]) != l_False)\n-            fprintf(f, "%s%d ", sign(c[j]) ? "-" : "", mapVar(var(c[j]), map, max)+1);\n+    for (int j = 0; j < c.size(); j++) {\n+        if (value(c[j]) != l_False) {\n+            Var mapped = mapVar(var(c[j]), map, max);\n+            fprintf(f, "%s%d ", sign(c[j]) ? "-" : "", mapped+1);\n+        }\n+    }') | LineLLMMutation(('core/Solver.cc', 33), '-    vec<Watcher>&  ws  = watches[p];\n-    Watcher        *i, *j, *end;\n-    num_props++;\n-\n-    for (i = j = (Watcher*)ws, end = i + ws.size();  i != end;){\n-        // Try to avoid inspecting the clause:\n-        Lit blocker = i->blocker;\n-        if (value(blocker) == l_True){\n-            *j++ = *i++; continue; }\n-\n-        // Make sure the false literal is data[1]:\n-        CRef     cr        = i->cref;\n-        Clause&  c         = ca[cr];\n-        Lit      false_lit = ~p;\n-        if (c[0] == false_lit)\n-            c[0] = c[1], c[1] = false_lit;\n-        assert(c[1] == false_lit);\n-        i++;\n-\n-        // If 0th watch is true, then clause is already satisfied.\n-        Lit     first = c[0];\n-        Watcher w     = Watcher(cr, first);\n-        if (first != blocker && value(first) == l_True){\n-            *j++ = w; continue; }\n-\n-        // Look for new watch:\n-        for (int k = 2; k < c.size(); k++)\n-            if (value(c[k]) != l_False){\n-                    c[1] = c[k]; c[k] = false_lit;\n-                    watches[~c[1]].push(w);\n-                    goto NextClause; }\n-\n-        // Did not find watch -- clause is unit under assignment:\n-        *j++ = w;\n-        if (value(first) == l_False){\n-                confl = cr;\n-                qhead = trail.size();\n-                // Copy the remaining watches:\n-                while (i < end)\n-                    *j++ = *i++;\n-        }else\n-                uncheckedEnqueue(first, cr);\n-\n-    NextClause:;\n-    }\n-    ws.shrink(i - j);\n+    num_props++;\n+    int wsSize = ws.size();\n+    vec<Watcher> new_watchers;\n+    new_watchers.reserve(wsSize);\n+    for (int idx = 0; idx < wsSize; idx++){\n+        Watcher w = ws[idx];\n+        Lit blocker = w.blocker;\n+        if (value(blocker) == l_True){\n+            new_watchers.push(w);\n+            continue;\n+        }\n+        CRef cr = w.cref;\n+        Clause& c = ca[cr];\n+        Lit false_lit = ~p;\n+        if (c[0] == false_lit) {\n+            Lit temp = c[0];\n+            c[0] = c[1];\n+            c[1] = temp;\n+        }\n+        assert(c[1] == false_lit);\n+        Lit first = c[0];\n+        if (first != blocker && value(first) == l_True){\n+            new_watchers.push(Watcher(cr, first));\n+            continue;\n+        }\n+        bool found = false;\n+        for (int k = 2; k < c.size(); k++){\n+            if (value(c[k]) != l_False) {\n+                c[1] = c[k];\n+                c[k] = false_lit;\n+                watches[~c[1]].push(Watcher(cr, c[1]));\n+                new_watchers.push(Watcher(cr, c[1]));\n+                found = true;\n+                break;\n+            }\n+        }\n+        if (!found){\n+            new_watchers.push(Watcher(cr, c[0]));\n+            if (value(first) == l_False){\n+                confl = cr;\n+                for (int j = idx+1; j < wsSize; j++){\n+                    new_watchers.push(ws[j]);\n+                }\n+                break;\n+            } else {\n+                uncheckedEnqueue(first, cr);\n+            }\n+        }\n+    }\n+    ws = new_watchers;')"
2025-03-13 23:35:05,592	[INFO]	Step: 54
2025-03-13 23:35:05,592	[INFO]	Stop Steps: 100
2025-03-13 23:35:21,590	[DEBUG]	EXEC>  SUCCESS 0.7070133
2025-03-13 23:35:21,591	[INFO]	2-15    SUCCESS               0.71 (104.30%) [2 edit(s)]  
2025-03-13 23:35:21,591	[DEBUG]	patch(2-15)="LineLLMCrossover(('core/Solver.cc', 4), '- if (value(blocker) == l_True){\n+ if (__builtin_expect(value(blocker) == l_True, 1)){\n- for (int i = trail.size()-1; i >= trail_lim[0]; i--){\n-     Var x = var(trail[i]);\n-     if (seen[x]){\n-         if (reason(x) == CRef_Undef){\n-             assert(level(x) > 0);\n-             out_conflict.push(~trail[i]);\n-         }else{\n-             Clause& c = ca[reason(x)];\n-             for (int j = 1; j < c.size(); j++)\n-                 if (level(var(c[j])) > 0)\n-                     seen[var(c[j])] = 1;\n-         }\n-         seen[x] = 0;\n-     }\n- }\n+ for (int i = 0; i < analyze_toclear.size(); i++){\n+     seen[var(analyze_toclear[i])] = 0;\n+ }') | LineLLMMutation(('core/Solver.cc', 34), '-        vec<Watcher>&  ws  = watches[p];\n+        vec<Watcher>&  ws  = watches[p];\n+        Lit falseLit = ~p;\n-            Lit      false_lit = ~p;\n+            Lit      false_lit = falseLit;')"
2025-03-13 23:35:21,591	[INFO]	Step: 55
2025-03-13 23:35:21,591	[INFO]	Stop Steps: 100
2025-03-13 23:35:36,980	[DEBUG]	EXEC>  SUCCESS 0.6758971
2025-03-13 23:35:36,980	[INFO]	2-16    SUCCESS               0.68 (99.71%) [2 edit(s)]  
2025-03-13 23:35:36,980	[DEBUG]	patch(2-16)="LineLLMCrossover(('core/Solver.cc', 3), '- for (int c = trail.size()-1; c >= trail_lim[level]; c--){\n-     Var      x  = var(trail[c]);\n-     assigns [x] = l_Undef;\n-     if (phase_saving > 1 || (phase_saving == 1) && c > trail_lim.last())\n-         insertVarOrder(x); }\n+ int tSize = trail.size();\n+ int lim = trail_lim[level];\n+ for (int c = tSize - 1; c >= lim; c--){\n+     Var x = var(trail[c]);\n+     assigns[x] = l_Undef;\n+     if (phase_saving > 1 || (phase_saving == 1 && c > trail_lim.last()))\n+         insertVarOrder(x);\n+ }\n- for (i = j = 0; i < cs.size(); i++){\n+ int sz = cs.size();\n+ for (i = j = 0; i < sz; i++){\n- cs.shrink(i - j);\n+ cs.shrink(sz - j);') | LineLLMMutation(('core/Solver.cc', 35), '-            for (i = j = (Watcher*)ws, end = i + ws.size();  i != end;){\n-                // Try to avoid inspecting the clause:\n-                Lit blocker = i->blocker;\n-                if (value(blocker) == l_True){\n-                    *j++ = *i++;\n-                    continue; }\n-\n-                // Make sure the false literal is data[1]:\n-                CRef     cr        = i->cref;\n-                Clause&  c         = ca[cr];\n-                Lit      false_lit = ~p;\n-                if (c[0] == false_lit)\n-                    c[0] = c[1], c[1] = false_lit;\n-                assert(c[1] == false_lit);\n-                i++;\n-\n-                // If 0th watch is true, then clause is already satisfied.\n-                Lit     first = c[0];\n-                Watcher w     = Watcher(cr, first);\n-                if (first != blocker && value(first) == l_True){\n-                    *j++ = w; continue; }\n-\n-                // Look for new watch:\n-                for (int k = 2; k < c.size(); k++)\n-                    if (value(c[k]) != l_False){\n-                        c[1] = c[k]; c[k] = false_lit;\n-                        watches[~c[1]].push(w);\n-                        goto NextClause; }\n-\n-                // Did not find watch -- clause is unit under assignment:\n-                *j++ = w;\n-                if (value(first) == l_False){\n-                    confl = cr;\n-                    qhead = trail.size();\n-                    // Copy the remaining watches:\n-                    while (i < end)\n-                        *j++ = *i++;\n-                }else\n-                    uncheckedEnqueue(first, cr);\n-            NextClause:;\n-            }\n-            ws.shrink(i - j);\n+            {\n+                vec<Watcher> new_ws;\n+                for (int idx = 0; idx < ws.size(); ++idx) {\n+                    Watcher curr = ws[idx];\n+                    Lit blocker = curr.blocker;\n+                    if (value(blocker) == l_True) {\n+                        new_ws.push(curr);\n+                        continue;\n+                    }\n+                    CRef cr = curr.cref;\n+                    Clause& c = ca[cr];\n+                    Lit false_lit = ~p;\n+                    if (c[0] == false_lit)\n+                        std::swap(c[0], c[1]);\n+                    assert(c[1] == false_lit);\n+                    Lit first = c[0];\n+                    if (first != blocker && value(first) == l_True) {\n+                        new_ws.push(Watcher(cr, first));\n+                        continue;\n+                    }\n+                    bool found = false;\n+                    for (int k = 2; k < c.size(); ++k) {\n+                        if (value(c[k]) != l_False) {\n+                            c[1] = c[k]; c[k] = false_lit;\n+                            watches[~c[1]].push(Watcher(cr, c[0]));\n+                            found = true;\n+                            break;\n+                        }\n+                    }\n+                    if (found)\n+                        continue;\n+                    if (value(first) == l_False) {\n+                        confl = cr;\n+                        qhead = trail.size();\n+                        for (; idx < ws.size(); ++idx)\n+                            new_ws.push(ws[idx]);\n+                        break;\n+                    } else {\n+                        uncheckedEnqueue(first, cr);\n+                    }\n+                }\n+                ws = new_ws;\n+            }')"
2025-03-13 23:35:36,980	[INFO]	Step: 56
2025-03-13 23:35:36,980	[INFO]	Stop Steps: 100
2025-03-13 23:35:50,751	[DEBUG]	EXEC>  SUCCESS 0.6742083
2025-03-13 23:35:50,752	[INFO]	2-17    SUCCESS              *0.67 (99.46%) [3 edit(s)]  
2025-03-13 23:35:50,752	[DEBUG]	patch(2-17)="LineLLMMutation(('core/Solver.cc', 1), '-    double progress = 0;\n-    double F = 1.0 / nVars();\n-    for (int i = 0; i <= decisionLevel(); i++){\n-        int beg = i == 0 ? 0 : trail_lim[i - 1];\n-        int end = i == decisionLevel() ? trail.size() : trail_lim[i];\n-        progress += pow(F, i) * (end - beg);\n-    }\n-    return progress / nVars();\n+    double progress = 0;\n+    double F = 1.0 / nVars();\n+    double powerF = 1.0;\n+    for (int i = 0; i <= decisionLevel(); i++){\n+        int beg = (i == 0 ? 0 : trail_lim[i - 1]);\n+        int end = (i == decisionLevel() ? trail.size() : trail_lim[i]);\n+        progress += powerF * (end - beg);\n+        powerF *= F;\n+    }\n+    return progress / nVars();') | LineLLMMutation(('core/Solver.cc', 22), "- CRef Solver::propagate()\n- {\n-     CRef    confl     = CRef_Undef;\n-     int     num_props = 0;\n-     watches.cleanAll();\n-\n-     while (qhead < trail.size()){\n-         Lit            p   = trail[qhead++];     // 'p' is enqueued fact to propagate.\n-         vec<Watcher>&  ws  = watches[p];\n-         Watcher        *i, *j, *end;\n-         num_props++;\n-\n-         for (i = j = (Watcher*)ws, end = i + ws.size();  i != end;){\n-             // Try to avoid inspecting the clause:\n-             Lit blocker = i->blocker;\n-             if (value(blocker) == l_True){\n-                 *j++ = *i++; continue; }\n-\n-             // Make sure the false literal is data[1]:\n-             CRef     cr        = i->cref;\n-             Clause&  c         = ca[cr];\n-             Lit      false_lit = ~p;\n-             if (c[0] == false_lit)\n-                 c[0] = c[1], c[1] = false_lit;\n-             assert(c[1] == false_lit);\n-             i++;\n-\n-             // If 0th watch is true, then clause is already satisfied.\n-             Lit     first = c[0];\n-             Watcher w     = Watcher(cr, first);\n-             if (first != blocker && value(first) == l_True){\n-                 *j++ = w; continue; }\n-\n-             // Look for new watch:\n-             for (int k = 2; k < c.size(); k++)\n-                 if (value(c[k]) != l_False){\n-                     c[1] = c[k]; c[k] = false_lit;\n-                     watches[~c[1]].push(w);\n-                     goto NextClause; }\n-\n-             // Did not find watch -- clause is unit under assignment:\n-             *j++ = w;\n-             if (value(first) == l_False){\n-                 confl = cr;\n-                 qhead = trail.size();\n-                 // Copy the remaining watches:\n-                 while (i < end)\n-                     *j++ = *i++;\n-             }else\n-                 uncheckedEnqueue(first, cr);\n-\n-         NextClause:;\n-         }\n-         ws.shrink(i - j);\n-     }\n-     propagations += num_props;\n-     simpDB_props -= num_props;\n-     return confl;\n- }\n+ CRef Solver::propagate()\n+ {\n+     CRef confl = CRef_Undef;\n+     int num_props = 0;\n+     watches.cleanAll();\n+     while(qhead < trail.size()){\n+         Lit p = trail[qhead++];\n+         vec<Watcher>& ws = watches[p];\n+         Watcher* i = (Watcher*)ws.begin();\n+         Watcher* j = i;\n+         Watcher* end = i + ws.size();\n+         num_props++;\n+         for(; i < end; i++){\n+             Lit blocker = i->blocker;\n+             if(value(blocker) == l_True){\n+                 *j++ = *i;\n+                 continue;\n+             }\n+             CRef cr = i->cref;\n+             Clause& c = ca[cr];\n+             Lit false_lit = ~p;\n+             if(c[0] == false_lit){\n+                 c[0] = c[1];\n+                 c[1] = false_lit;\n+             }\n+             assert(c[1] == false_lit);\n+             Lit first = c[0];\n+             if(first != blocker && value(first) == l_True){\n+                 *j++ = Watcher(cr, first);\n+                 continue;\n+             }\n+             bool found = false;\n+             for(int k = 2; k < c.size(); k++){\n+                 if(value(c[k]) != l_False){\n+                     c[1] = c[k];\n+                     c[k] = false_lit;\n+                     watches[~c[1]].push(Watcher(cr, c[0]));\n+                     found = true;\n+                     break;\n+                 }\n+             }\n+             *j++ = Watcher(cr, c[0]);\n+             if(found)\n+                 continue;\n+             if(value(first) == l_False){\n+                 confl = cr;\n+                 qhead = trail.size();\n+                 while(i+1 < end){\n+                     i++;\n+                     *j++ = *i;\n+                 }\n+                 break;\n+             } else {\n+                 uncheckedEnqueue(first, cr);\n+             }\n+         }\n+         ws.shrink((int)(j - (Watcher*)ws.begin()));\n+     }\n+     propagations += num_props;\n+     simpDB_props -= num_props;\n+     return confl;\n+ }") | LineLLMMutation(('core/Solver.cc', 36), '-    for (i = j = (Watcher*)ws, end = i + ws.size();  i != end;){\n-        // Try to avoid inspecting the clause:\n-        Lit blocker = i->blocker;\n-        if (value(blocker) == l_True){\n-            *j++ = *i++;\n-            continue;\n-        }\n-        // Make sure the false literal is data[1]:\n-        CRef     cr        = i->cref;\n-        Clause&  c         = ca[cr];\n-        Lit      false_lit = ~p;\n-        if (c[0] == false_lit)\n-            c[0] = c[1], c[1] = false_lit;\n-        assert(c[1] == false_lit);\n-        i++;\n-        // If 0th watch is true, then clause is already satisfied.\n-        Lit     first = c[0];\n-        Watcher w     = Watcher(cr, first);\n-        if (first != blocker && value(first) == l_True){\n-            *j++ = w;\n-            continue;\n-        }\n-        // Look for new watch:\n-        for (int k = 2; k < c.size(); k++)\n-            if (value(c[k]) != l_False){\n-                c[1] = c[k];\n-                c[k] = false_lit;\n-                watches[~c[1]].push(w);\n-                goto NextClause;\n-            }\n-        // Did not find watch -- clause is unit under assignment:\n-        *j++ = w;\n-        if (value(first) == l_False){\n-            confl = cr;\n-            qhead = trail.size();\n-            // Copy the remaining watches:\n-            while (i < end)\n-                *j++ = *i++;\n-        }else\n-            uncheckedEnqueue(first, cr);\n-NextClause:;\n-    }\n+    for (i = j = (Watcher*)ws, end = i + ws.size(); i != end; ){\n+        Lit blocker = i->blocker;\n+        bool blocker_val = (value(blocker) == l_True);\n+        if (blocker_val){\n+            *j++ = *i++;\n+            continue;\n+        }\n+        CRef cr = i->cref;\n+        Clause& c = ca[cr];\n+        Lit false_lit = ~p;\n+        if (c[0] == false_lit){\n+            c[0] = c[1];\n+            c[1] = false_lit;\n+        }\n+        assert(c[1] == false_lit);\n+        i++;\n+        Lit first = c[0];\n+        bool first_val = (value(first) == l_True);\n+        Watcher w(cr, first);\n+        if (first != blocker && first_val){\n+            *j++ = w;\n+            continue;\n+        }\n+        for (int k = 2; k < c.size(); k++){\n+            if (value(c[k]) != l_False){\n+                c[1] = c[k];\n+                c[k] = false_lit;\n+                watches[~c[1]].push(w);\n+                goto NextClause;\n+            }\n+        }\n+        *j++ = w;\n+        if (!first_val){\n+            confl = cr;\n+            qhead = trail.size();\n+            while(i < end)\n+                *j++ = *i++;\n+        } else {\n+            uncheckedEnqueue(first, cr);\n+        }\n+NextClause:\n+        ;\n+    }')"

2025-03-13 23:35:50,752	[INFO]	Step: 57
2025-03-13 23:35:50,752	[INFO]	Stop Steps: 100
2025-03-13 23:36:06,285	[DEBUG]	EXEC>  SUCCESS 0.6830238500000001
2025-03-13 23:36:06,286	[INFO]	2-18    SUCCESS               0.68 (100.76%) [3 edit(s)]  
2025-03-13 23:36:06,286	[DEBUG]	patch(2-18)="LineLLMMutation(('core/Solver.cc', 5), '-    for (int c = trail.size()-1; c >= trail_lim[level]; c--){\n-            Var      x  = var(trail[c]);\n-            assigns [x] = l_Undef;\n-            if (phase_saving > 1 || (phase_saving == 1) && c > trail_lim.last())\n-                polarity[x] = sign(trail[c]);\n-            insertVarOrder(x); }\n+    int tSize = trail.size();\n+    int lim = trail_lim[level];\n+    for (int c = tSize - 1; c >= lim; c--){\n+            Var x = var(trail[c]);\n+            assigns[x] = l_Undef;\n+            if (phase_saving > 1 || (phase_saving == 1 && c > trail_lim.last()))\n+                polarity[x] = sign(trail[c]);\n+            insertVarOrder(x);\n+    }') | LineLLMMutation(('core/Solver.cc', 24), "- CRef Solver::propagate()\n- {\n-     CRef    confl     = CRef_Undef;\n-     int     num_props = 0;\n-     watches.cleanAll();\n-\n-     while (qhead < trail.size()){\n-         Lit            p   = trail[qhead++];     // 'p' is enqueued fact to propagate.\n-         vec<Watcher>&  ws  = watches[p];\n-         Watcher        *i, *j, *end;\n-         num_props++;\n-\n-         for (i = j = (Watcher*)ws, end = i + ws.size();  i != end;){\n-             // Try to avoid inspecting the clause:\n-             Lit blocker = i->blocker;\n-             if (value(blocker) == l_True){\n-                 *j++ = *i++; continue; }\n-\n-             // Make sure the false literal is data[1]:\n-             CRef     cr        = i->cref;\n-             Clause&  c         = ca[cr];\n-             Lit      false_lit = ~p;\n-             if (c[0] == false_lit)\n-                 c[0] = c[1], c[1] = false_lit;\n-             assert(c[1] == false_lit);\n-             i++;\n-\n-             // If 0th watch is true, then clause is already satisfied.\n-             Lit     first = c[0];\n-             Watcher w     = Watcher(cr, first);\n-             if (first != blocker && value(first) == l_True){\n-                 *j++ = w; continue; }\n-\n-             // Look for new watch:\n-             for (int k = 2; k < c.size(); k++)\n-                 if (value(c[k]) != l_False){\n-                     c[1] = c[k]; c[k] = false_lit;\n-                     watches[~c[1]].push(w);\n-                     goto NextClause; }\n-\n-             // Did not find watch -- clause is unit under assignment:\n-             *j++ = w;\n-             if (value(first) == l_False){\n-                 confl = cr;\n-                 qhead = trail.size();\n-                 // Copy the remaining watches:\n-                 while (i < end)\n-                     *j++ = *i++;\n-             }else\n-                 uncheckedEnqueue(first, cr);\n-\n-         NextClause:;\n-         }\n-         ws.shrink(i - j);\n-     }\n-     propagations += num_props;\n-     simpDB_props -= num_props;\n-\n-     return confl;\n- }\n+ CRef Solver::propagate() {\n+     CRef confl = CRef_Undef;\n+     int num_props = 0;\n+     watches.cleanAll();\n+     while (qhead < trail.size()) {\n+         Lit p = trail[qhead++];\n+         vec<Watcher>& ws = watches[p];\n+         Watcher *i, *j, *end;\n+         num_props++;\n+         for (i = j = (Watcher*)ws, end = i + ws.size(); i != end; ) {\n+             Lit blocker = i->blocker;\n+             if (value(blocker) == l_True) {\n+                 *j++ = *i++;\n+                 continue;\n+             }\n+             CRef cr = i->cref;\n+             Clause& c = ca[cr];\n+             Lit false_lit = ~p;\n+             if (c[0] == false_lit) {\n+                 c[0] = c[1];\n+                 c[1] = false_lit;\n+             }\n+             assert(c[1] == false_lit);\n+             i++;\n+             Lit first = c[0];\n+             lbool val_first = value(first);\n+             Watcher w(cr, first);\n+             if (first != blocker && val_first == l_True) {\n+                 *j++ = w;\n+                 continue;\n+             }\n+             bool watch_found = false;\n+             for (int k = 2; k < c.size(); k++) {\n+                 lbool val_k = value(c[k]);\n+                 if (val_k != l_False) {\n+                     c[1] = c[k];\n+                     c[k] = false_lit;\n+                     watches[~c[1]].push(w);\n+                     watch_found = true;\n+                     break;\n+                 }\n+             }\n+             if (watch_found) {\n+                 // Proceed to next clause\n+             } else {\n+                 *j++ = w;\n+                 if (val_first == l_False) {\n+                     confl = cr;\n+                     qhead = trail.size();\n+                     while (i < end)\n+                         *j++ = *i++;\n+                 } else {\n+                     uncheckedEnqueue(first, cr);\n+                 }\n+             }\n+         }\n+         ws.shrink(i - j);\n+     }\n+     propagations += num_props;\n+     simpDB_props -= num_props;\n+     return confl;\n+ }") | LineLLMMutation(('core/Solver.cc', 37), '-         for (i = j = (Watcher*)ws, end = i + ws.size(); i != end; ) {\n-             Lit blocker = i->blocker;\n-             if (value(blocker) == l_True) {\n-                 *j++ = *i++;\n-                 continue;\n-             }\n-             CRef cr = i->cref;\n-             Clause& c = ca[cr];\n-             Lit false_lit = ~p;\n-             if (c[0] == false_lit) {\n+         Lit false_lit = ~p;\n+         for (i = j = (Watcher*)ws, end = i + ws.size(); i != end; ) {\n+             Lit blocker = i->blocker;\n+             if (value(blocker) == l_True) {\n+                 *j++ = *i++;\n+                 continue;\n+             }\n+             CRef cr = i->cref;\n+             Clause& c = ca[cr];\n+             if (c[0] == false_lit) {')"
2025-03-13 23:36:06,286	[INFO]	Step: 58
2025-03-13 23:36:06,286	[INFO]	Stop Steps: 100
2025-03-13 23:36:21,698	[DEBUG]	EXEC>  SUCCESS 0.67770695
2025-03-13 23:36:21,698	[INFO]	2-19    SUCCESS               0.68 (99.98%) [3 edit(s)]  
2025-03-13 23:36:21,699	[DEBUG]	patch(2-19)="LineLLMMutation(('core/Solver.cc', 17), '-    for (i = j = 0; i < cs.size(); i++){\n-        Clause& c = ca[cs[i]];\n-        if (satisfied(c))\n-            removeClause(cs[i]);\n-        else\n-            cs[j++] = cs[i];\n-    }\n-    cs.shrink(i - j);\n+    int sz = cs.size();\n+    for (i = j = 0; i < sz; i++){\n+        Clause& c = ca[cs[i]];\n+        if (satisfied(c))\n+            removeClause(cs[i]);\n+        else\n+            cs[j++] = cs[i];\n+    }\n+    cs.shrink(sz - j);') | LineLLMMutation(('core/Solver.cc', 26), '-        for (i = j = (Watcher*)ws, end = i + ws.size();  i != end;){\n+        const int ws_size = ws.size();\n+        for (i = j = (Watcher*)ws, end = i + ws_size;  i != end;){') | LineLLMMutation(('core/Solver.cc', 38), '-double Solver::progressEstimate() const\n-{\n-    double  progress = 0;\n-    double  F = 1.0 / nVars();\n-\n-    for (int i = 0; i <= decisionLevel(); i++){\n-        int beg = i == 0 ? 0 : trail_lim[i - 1];\n-        int end = i == decisionLevel() ? trail.size() : trail_lim[i];\n-        progress += pow(F, i) * (end - beg);\n-    }\n-\n-    return progress / nVars();\n-}\n+double Solver::progressEstimate() const\n+{\n+    double progress = 0;\n+    double F = 1.0 / nVars();\n+    double factor = 1.0;\n+    for (int i = 0; i <= decisionLevel(); i++){\n+        int beg = (i == 0 ? 0 : trail_lim[i - 1]);\n+        int end = (i == decisionLevel() ? trail.size() : trail_lim[i]);\n+        progress += factor * (end - beg);\n+        factor *= F;\n+    }\n+    return progress / nVars();\n+}')"
2025-03-13 23:36:21,699	[INFO]	Step: 59
2025-03-13 23:36:21,699	[INFO]	Stop Steps: 100
2025-03-13 23:36:35,548	[DEBUG]	EXEC>  SUCCESS 0.6785951
2025-03-13 23:36:35,549	[INFO]	2-20    SUCCESS               0.68 (100.11%) [2 edit(s)]  
2025-03-13 23:36:35,549	[DEBUG]	patch(2-20)="LineLLMMutation(('core/Solver.cc', 13), '-    ClauseAllocator to(ca.size() - ca.wasted());\n-    relocAll(to);\n+    ClauseAllocator to(ca.size() - ca.wasted());\n+    this->relocAll(to);') | LineLLMMutation(('core/Solver.cc', 39), '-        for (i = j = (Watcher*)ws, end = i + ws.size();  i != end;){\n-            Lit blocker = i->blocker;\n-            if (value(blocker) == l_True){\n-                *j++ = *i++; continue; }\n-\n-            // Make sure the false literal is data[1]:\n-            CRef     cr        = i->cref;\n-            Clause&  c         = ca[cr];\n-            Lit      false_lit = ~p;\n-            if (c[0] == false_lit)\n-                c[0] = c[1], c[1] = false_lit;\n-            assert(c[1] == false_lit);\n-            i++;\n-\n-            // If 0th watch is true, then clause is already satisfied.\n-            Lit     first = c[0];\n-            Watcher w     = Watcher(cr, first);\n-            if (first != blocker && value(first) == l_True){\n-                *j++ = w; continue; }\n-\n-            // Look for new watch:\n-            for (int k = 2; k < c.size(); k++)\n-                if (value(c[k]) != l_False){\n-                    c[1] = c[k]; c[k] = false_lit;\n-                    watches[~c[1]].push(w);\n-                    goto NextClause; }\n-\n-            // Did not find watch -- clause is unit under assignment:\n-            *j++ = w;\n-            if (value(first) == l_False){\n-                confl = cr;\n-                qhead = trail.size();\n-                // Copy the remaining watches:\n-                while (i < end)\n-                    *j++ = *i++;\n-            }else\n-                uncheckedEnqueue(first, cr);\n-\n-        NextClause:;\n-        }\n+        {\n+            int ws_size = ws.size();\n+            int j_idx = 0;\n+            for (int idx = 0; idx < ws_size; idx++){\n+                Watcher cur = ws[idx];\n+                if (value(cur.blocker) == l_True){\n+                    ws[j_idx++] = cur;\n+                    continue;\n+                }\n+                CRef cr = cur.cref;\n+                Clause& c = ca[cr];\n+                Lit false_lit = ~p;\n+                if (c[0] == false_lit){\n+                    c[0] = c[1];\n+                    c[1] = false_lit;\n+                }\n+                Lit first = c[0];\n+                Watcher w(cr, first);\n+                if (first != cur.blocker && value(first) == l_True){\n+                    ws[j_idx++] = w;\n+                    continue;\n+                }\n+                bool found_watch = false;\n+                for (int k = 2; k < c.size(); k++){\n+                    if (value(c[k]) != l_False){\n+                        c[1] = c[k];\n+                        c[k] = false_lit;\n+                        watches[~c[1]].push(w);\n+                        found_watch = true;\n+                        break;\n+                    }\n+                }\n+                if (found_watch){\n+                    ws[j_idx++] = w;\n+                    continue;\n+                }\n+                ws[j_idx++] = w;\n+                if (value(first) == l_False){\n+                    confl = cr;\n+                    qhead = trail.size();\n+                    for (int r = idx + 1; r < ws_size; r++){\n+                        ws[j_idx++] = ws[r];\n+                    }\n+                    break;\n+                } else {\n+                    uncheckedEnqueue(first, cr);\n+                }\n+            }\n+            ws.shrink(ws_size - j_idx);\n+        }')"
2025-03-13 23:36:35,549	[INFO]	Step: 60
2025-03-13 23:36:35,549	[INFO]	Stop Steps: 100
2025-03-13 23:36:36,070	[INFO]	2-1     COMPILE_CODE_ERROR    None (--) [2 edit(s)]  
2025-03-13 23:36:36,070	[DEBUG]	patch(2-1)="LineLLMCrossover(('core/Solver.cc', 0), '- for (int c = trail.size()-1; c >= trail_lim[level]; c--){\n-     Var      x  = var(trail[c]);\n-     assigns [x] = l_Undef;\n-     if (phase_saving > 1 || (phase_saving == 1) && c > trail_lim.last())\n-         insertVarOrder(x); }\n+ int tSize = trail.size();\n+ int lim = trail_lim[level];\n+ for (int c = tSize - 1; c >= lim; c--){\n+     Var x = var(trail[c]);\n+     assigns[x] = l_Undef;\n+     if (phase_saving > 1 || (phase_saving == 1 && c > trail_lim.last()))\n+         insertVarOrder(x);\n+ }\n- if (value(blocker) == l_True){\n+ if (__builtin_expect(value(blocker) == l_True, 1)){') | LineLLMMutation(('core/Solver.cc', 40), '- #include <math.h>\n+ #include <math.h>\n+ #include <algorithm>\n-     sort(learnts, reduceDB_lt(ca));\n+     std::nth_element(learnts, learnts + learnts.size()/2, learnts + learnts.size(), reduceDB_lt(ca));')"
2025-03-13 23:36:36,071	[INFO]	Step: 61
2025-03-13 23:36:36,071	[INFO]	Stop Steps: 100
2025-03-13 23:36:51,538	[DEBUG]	EXEC>  SUCCESS 0.68032715
2025-03-13 23:36:51,539	[INFO]	2-2     SUCCESS               0.68 (100.37%) [2 edit(s)]  
2025-03-13 23:36:51,539	[DEBUG]	patch(2-2)="LineLLMCrossover(('core/Solver.cc', 1), '- for (i = j = 0; i < cs.size(); i++){\n+ int sz = cs.size();\n+ for (i = j = 0; i < sz; i++){\n- cs.shrink(i - j);\n+ cs.shrink(sz - j);') | LineLLMMutation(('core/Solver.cc', 41), '- {\n-     int pathC = 0;\n-     Lit p     = lit_Undef;\n+ {\n+     int currLevel = decisionLevel();\n+     int pathC = 0;\n+     Lit p     = lit_Undef;\n-                 if (level(var(q)) >= decisionLevel())\n+                 if (level(var(q)) >= currLevel)')"
2025-03-13 23:36:51,539	[INFO]	Step: 62
2025-03-13 23:36:51,539	[INFO]	Stop Steps: 100
2025-03-13 23:37:07,642	[DEBUG]	EXEC>  SUCCESS 0.7088977999999999
2025-03-13 23:37:07,643	[INFO]	2-3     SUCCESS               0.71 (104.58%) [2 edit(s)]  
2025-03-13 23:37:07,643	[DEBUG]	patch(2-3)="LineLLMCrossover(('core/Solver.cc', 6), '- for (int c = trail.size()-1; c >= trail_lim[level]; c--){\n-     Var      x  = var(trail[c]);\n-     assigns [x] = l_Undef;\n-     if (phase_saving > 1 || (phase_saving == 1) && c > trail_lim.last())\n-         insertVarOrder(x); }\n+ int tSize = trail.size();\n+ int lim = trail_lim[level];\n+ for (int c = tSize - 1; c >= lim; c--){\n+     Var x = var(trail[c]);\n+     assigns[x] = l_Undef;\n+     if (phase_saving > 1 || (phase_saving == 1 && c > trail_lim.last()))\n+         insertVarOrder(x);\n+ }\n- for (int i = trail.size()-1; i >= trail_lim[0]; i--){\n-     Var x = var(trail[i]);\n-     if (seen[x]){\n-         if (reason(x) == CRef_Undef){\n-             assert(level(x) > 0);\n-             out_conflict.push(~trail[i]);\n-         }else{\n-             Clause& c = ca[reason(x)];\n-             for (int j = 1; j < c.size(); j++)\n-                 if (level(var(c[j])) > 0)\n-                     seen[var(c[j])] = 1;\n-         }\n-         seen[x] = 0;\n-     }\n- }\n+ for (int i = 0; i < analyze_toclear.size(); i++){\n+     seen[var(analyze_toclear[i])] = 0;\n+ }') | LineLLMMutation(('core/Solver.cc', 42), '-#include "mtl/Sort.h"\n+#include "mtl/Sort.h"\n+#include <cstring>\n-                while (i < end)\n-                    *j++ = *i++;\n+                { int count = end - i;\n+                  memcpy((void*)j, (void*)i, count * sizeof(Watcher));\n+                  j += count; i = end;\n+                }')"
2025-03-13 23:37:07,643	[INFO]	Step: 63
2025-03-13 23:37:07,643	[INFO]	Stop Steps: 100
2025-03-13 23:37:09,353	[INFO]	2-4     TEST_CODE_ERROR       None (--) [2 edit(s)]  
2025-03-13 23:37:09,353	[DEBUG]	patch(2-4)="LineLLMCrossover(('core/Solver.cc', 2), '- for (int i = trail.size()-1; i >= trail_lim[0]; i--){\n-     Var x = var(trail[i]);\n-     if (seen[x]){\n-         if (reason(x) == CRef_Undef){\n-             assert(level(x) > 0);\n-             out_conflict.push(~trail[i]);\n-         }else{\n-             Clause& c = ca[reason(x)];\n-             for (int j = 1; j < c.size(); j++)\n-                 if (level(var(c[j])) > 0)\n-                     seen[var(c[j])] = 1;\n-         }\n-         seen[x] = 0;\n-     }\n- }\n+ for (int i = 0; i < analyze_toclear.size(); i++){\n+     seen[var(analyze_toclear[i])] = 0;\n+ }') | LineLLMMutation(('core/Solver.cc', 43), '-        for (i = j = (Watcher*)ws, end = i + ws.size();  i != end;){\n-            // Try to avoid inspecting the clause:\n-            Lit blocker = i->blocker;\n-            if (value(blocker) == l_True){\n-                *j++ = *i++; continue; }\n-\n-            // Make sure the false literal is data[1]:\n-            CRef     cr        = i->cref;\n-            Clause&  c         = ca[cr];\n-            Lit      false_lit = ~p;\n-            if (c[0] == false_lit)\n-                c[0] = c[1], c[1] = false_lit;\n-            assert(c[1] == false_lit);\n-            i++;\n-\n-            // If 0th watch is true, then clause is already satisfied.\n-            Lit     first = c[0];\n-            Watcher w     = Watcher(cr, first);\n-            if (first != blocker && value(first) == l_True){\n-                *j++ = w; continue; }\n-\n-            // Look for new watch:\n-            for (int k = 2; k < c.size(); k++)\n-                if (value(c[k]) != l_False){\n-                    c[1] = c[k]; c[k] = false_lit;\n-                    watches[~c[1]].push(w);\n-                    goto NextClause; }\n-\n-            // Did not find watch -- clause is unit under assignment:\n-            *j++ = w;\n-            if (value(first) == l_False){\n-                confl = cr;\n-                qhead = trail.size();\n-                // Copy the remaining watches:\n-                while (i < end)\n-                    *j++ = *i++;\n-            }else\n-                uncheckedEnqueue(first, cr);\n-\n-        NextClause:;\n-        }\n-        ws.shrink(i - j);\n+        {\n+            int new_index = 0;\n+            int ws_size = ws.size();\n+            for (int idx = 0; idx < ws_size; idx++){\n+                Watcher cur = ws[idx];\n+                if (value(cur.blocker) == l_True) {\n+                    ws[new_index++] = cur;\n+                    continue;\n+                }\n+                CRef cr = cur.cref;\n+                Clause& c = ca[cr];\n+                Lit false_lit = ~p;\n+                if (c[0] == false_lit) {\n+                    c[0] = c[1];\n+                    c[1] = false_lit;\n+                }\n+                Lit first = c[0];\n+                if (first != cur.blocker && value(first) == l_True) {\n+                    ws[new_index++] = Watcher(cr, first);\n+                    continue;\n+                }\n+                bool found = false;\n+                for (int k = 2; k < c.size(); k++){\n+                    if (value(c[k]) != l_False){\n+                        c[1] = c[k];\n+                        c[k] = false_lit;\n+                        watches[~c[1]].push(Watcher(cr, c[0]));\n+                        found = true;\n+                        break;\n+                    }\n+                }\n+                if (found) {\n+                    ws[new_index++] = Watcher(cr, c[0]);\n+                    continue;\n+                }\n+                ws[new_index++] = Watcher(cr, c[0]);\n+                if (value(first) == l_False) {\n+                    confl = cr;\n+                    qhead = trail.size();\n+                    for (int j = idx + 1; j < ws_size; j++){\n+                        ws[new_index++] = ws[j];\n+                    }\n+                    break;\n+                } else {\n+                    uncheckedEnqueue(first, cr);\n+                }\n+            }\n+            ws.shrink(new_index);\n+        }')"
2025-03-13 23:37:09,353	[INFO]	Step: 64
2025-03-13 23:37:09,353	[INFO]	Stop Steps: 100
2025-03-13 23:37:09,678	[INFO]	2-5     COMPILE_CODE_ERROR    None (--) [2 edit(s)]  
2025-03-13 23:37:09,678	[DEBUG]	patch(2-5)="LineLLMMutation(('core/Solver.cc', 32), '- double Solver::progressEstimate() const\n- {\n-     double  progress = 0;\n-     double  F = 1.0 / nVars();\n-\n-     for (int i = 0; i <= decisionLevel(); i++){\n-         int beg = i == 0 ? 0 : trail_lim[i - 1];\n-         int end = i == decisionLevel() ? trail.size() : trail_lim[i];\n-         progress += pow(F, i) * (end - beg);\n-     }\n-\n-     return progress / nVars();\n- }\n+ double Solver::progressEstimate() const\n+ {\n+     double progress = 0;\n+     double F = 1.0 / nVars();\n+     double multiplier = 1.0;\n+     for (int i = 0; i <= decisionLevel(); i++){\n+         int beg = i == 0 ? 0 : trail_lim[i - 1];\n+         int end = i == decisionLevel() ? trail.size() : trail_lim[i];\n+         progress += multiplier * (end - beg);\n+         multiplier *= F;\n+     }\n+     return progress / nVars();\n+ }') | LineLLMMutation(('core/Solver.cc', 44), '-        vec<Watcher>&  ws  = watches[p];\n-        Watcher        *i, *j, *end;\n-        num_props++;\n-\n-        for (i = j = (Watcher*)ws, end = i + ws.size();  i != end;){\n-            // Try to avoid inspecting the clause:\n-            Lit blocker = i->blocker;\n-            if (value(blocker) == l_True){\n-                *j++ = *i++; continue; }\n-\n-            // Make sure the false literal is data[1]:\n-            CRef     cr        = i->cref;\n-            Clause&  c         = ca[cr];\n-            Lit      false_lit = ~p;\n-            if (c[0] == false_lit)\n-                c[0] = c[1], c[1] = false_lit;\n-            assert(c[1] == false_lit);\n-            i++;\n-\n-            // If 0th watch is true, then clause is already satisfied.\n-            Lit     first = c[0];\n-            Watcher w     = Watcher(cr, first);\n-            if (first != blocker && value(first) == l_True){\n-                *j++ = w; continue; }\n-\n-            // Look for new watch:\n-            for (int k = 2; k < c.size(); k++)\n-                if (value(c[k]) != l_False){\n-                    c[1] = c[k]; c[k] = false_lit;\n-                    watches[~c[1]].push(w);\n-                    goto NextClause; }\n-\n-            // Did not find watch -- clause is unit under assignment:\n-            *j++ = w;\n-            if (value(first) == l_False){\n-                confl = cr;\n-                qhead = trail.size();\n-                // Copy the remaining watches:\n-                while (i < end)\n-                    *j++ = *i++;\n-            }else\n-                uncheckedEnqueue(first, cr);\n-\n-        NextClause:;\n-        }\n-        ws.shrink(i - j);\n+        vec<Watcher>& ws = watches[p];\n+        num_props++;\n+        vec<Watcher> newWs;\n+        for (int k = 0, wSize = ws.size(); k < wSize; k++) {\n+            Watcher w = ws[k];\n+            if (value(w.blocker) == l_True) {\n+                newWs.push(w);\n+                continue;\n+            }\n+            CRef cr = w.cref;\n+            Clause& c = ca[cr];\n+            Lit false_lit = ~p;\n+            if (c[0] == false_lit) {\n+                c[0] = c[1];\n+                c[1] = false_lit;\n+            }\n+            Lit first = c[0];\n+            if (first != w.blocker && value(first) == l_True) {\n+                newWs.push(w);\n+                continue;\n+            }\n+            bool foundNewWatch = false;\n+            for (int m = 2, cSize = c.size(); m < cSize; m++) {\n+                if (value(c[m]) != l_False) {\n+                    c[1] = c[m];\n+                    c[m] = false_lit;\n+                    w.blocker = c[1];\n+                    watches[~c[1]].push(w);\n+                    foundNewWatch = true;\n+                    break;\n+                }\n+            }\n+            newWs.push(w);\n+            if (!foundNewWatch) {\n+                if (value(first) == l_False)\n+                    return cr;\n+                else\n+                    uncheckedEnqueue(first, cr);\n+            }\n+        }\n+        ws = newWs;')"
2025-03-13 23:37:09,678	[INFO]	Step: 65
2025-03-13 23:37:09,678	[INFO]	Stop Steps: 100
2025-03-13 23:37:25,230	[DEBUG]	EXEC>  SUCCESS 0.6845139999999998
2025-03-13 23:37:25,230	[INFO]	2-6     SUCCESS               0.68 (100.98%) [1 edit(s)]  
2025-03-13 23:37:25,230	[DEBUG]	patch(2-6)="LineLLMMutation(('core/Solver.cc', 45), '-        Watcher        *i, *j, *end;\n+        Watcher        *i, *j, *end;\n+        Lit false_lit = ~p;\n-            Lit      false_lit = ~p;\n+')"
2025-03-13 23:37:25,230	[INFO]	Step: 66
2025-03-13 23:37:25,230	[INFO]	Stop Steps: 100
2025-03-13 23:41:31,218	[INFO]	Step: 66
2025-03-13 23:41:31,218	[INFO]	Stop Steps: 100
2025-03-13 23:41:45,267	[DEBUG]	EXEC>  SUCCESS 0.6884737500000001
2025-03-13 23:41:45,267	[INFO]	3-7     SUCCESS              +0.69 (101.57%) [3 edit(s)]  
2025-03-13 23:41:45,267	[DEBUG]	patch(3-7)="LineLLMMutation(('core/Solver.cc', 1), '-    double progress = 0;\n-    double F = 1.0 / nVars();\n-    for (int i = 0; i <= decisionLevel(); i++){\n-        int beg = i == 0 ? 0 : trail_lim[i - 1];\n-        int end = i == decisionLevel() ? trail.size() : trail_lim[i];\n-        progress += pow(F, i) * (end - beg);\n-    }\n-    return progress / nVars();\n+    double progress = 0;\n+    double F = 1.0 / nVars();\n+    double powerF = 1.0;\n+    for (int i = 0; i <= decisionLevel(); i++){\n+        int beg = (i == 0 ? 0 : trail_lim[i - 1]);\n+        int end = (i == decisionLevel() ? trail.size() : trail_lim[i]);\n+        progress += powerF * (end - beg);\n+        powerF *= F;\n+    }\n+    return progress / nVars();') | LineLLMMutation(('core/Solver.cc', 22), "- CRef Solver::propagate()\n- {\n-     CRef    confl     = CRef_Undef;\n-     int     num_props = 0;\n-     watches.cleanAll();\n-\n-     while (qhead < trail.size()){\n-         Lit            p   = trail[qhead++];     // 'p' is enqueued fact to propagate.\n-         vec<Watcher>&  ws  = watches[p];\n-         Watcher        *i, *j, *end;\n-         num_props++;\n-\n-         for (i = j = (Watcher*)ws, end = i + ws.size();  i != end;){\n-             // Try to avoid inspecting the clause:\n-             Lit blocker = i->blocker;\n-             if (value(blocker) == l_True){\n-                 *j++ = *i++; continue; }\n-\n-             // Make sure the false literal is data[1]:\n-             CRef     cr        = i->cref;\n-             Clause&  c         = ca[cr];\n-             Lit      false_lit = ~p;\n-             if (c[0] == false_lit)\n-                 c[0] = c[1], c[1] = false_lit;\n-             assert(c[1] == false_lit);\n-             i++;\n-\n-             // If 0th watch is true, then clause is already satisfied.\n-             Lit     first = c[0];\n-             Watcher w     = Watcher(cr, first);\n-             if (first != blocker && value(first) == l_True){\n-                 *j++ = w; continue; }\n-\n-             // Look for new watch:\n-             for (int k = 2; k < c.size(); k++)\n-                 if (value(c[k]) != l_False){\n-                     c[1] = c[k]; c[k] = false_lit;\n-                     watches[~c[1]].push(w);\n-                     goto NextClause; }\n-\n-             // Did not find watch -- clause is unit under assignment:\n-             *j++ = w;\n-             if (value(first) == l_False){\n-                 confl = cr;\n-                 qhead = trail.size();\n-                 // Copy the remaining watches:\n-                 while (i < end)\n-                     *j++ = *i++;\n-             }else\n-                 uncheckedEnqueue(first, cr);\n-\n-         NextClause:;\n-         }\n-         ws.shrink(i - j);\n-     }\n-     propagations += num_props;\n-     simpDB_props -= num_props;\n-     return confl;\n- }\n+ CRef Solver::propagate()\n+ {\n+     CRef confl = CRef_Undef;\n+     int num_props = 0;\n+     watches.cleanAll();\n+     while(qhead < trail.size()){\n+         Lit p = trail[qhead++];\n+         vec<Watcher>& ws = watches[p];\n+         Watcher* i = (Watcher*)ws.begin();\n+         Watcher* j = i;\n+         Watcher* end = i + ws.size();\n+         num_props++;\n+         for(; i < end; i++){\n+             Lit blocker = i->blocker;\n+             if(value(blocker) == l_True){\n+                 *j++ = *i;\n+                 continue;\n+             }\n+             CRef cr = i->cref;\n+             Clause& c = ca[cr];\n+             Lit false_lit = ~p;\n+             if(c[0] == false_lit){\n+                 c[0] = c[1];\n+                 c[1] = false_lit;\n+             }\n+             assert(c[1] == false_lit);\n+             Lit first = c[0];\n+             if(first != blocker && value(first) == l_True){\n+                 *j++ = Watcher(cr, first);\n+                 continue;\n+             }\n+             bool found = false;\n+             for(int k = 2; k < c.size(); k++){\n+                 if(value(c[k]) != l_False){\n+                     c[1] = c[k];\n+                     c[k] = false_lit;\n+                     watches[~c[1]].push(Watcher(cr, c[0]));\n+                     found = true;\n+                     break;\n+                 }\n+             }\n+             *j++ = Watcher(cr, c[0]);\n+             if(found)\n+                 continue;\n+             if(value(first) == l_False){\n+                 confl = cr;\n+                 qhead = trail.size();\n+                 while(i+1 < end){\n+                     i++;\n+                     *j++ = *i;\n+                 }\n+                 break;\n+             } else {\n+                 uncheckedEnqueue(first, cr);\n+             }\n+         }\n+         ws.shrink((int)(j - (Watcher*)ws.begin()));\n+     }\n+     propagations += num_props;\n+     simpDB_props -= num_props;\n+     return confl;\n+ }") | LineLLMMutation(('core/Solver.cc', 36), '-    for (i = j = (Watcher*)ws, end = i + ws.size();  i != end;){\n-        // Try to avoid inspecting the clause:\n-        Lit blocker = i->blocker;\n-        if (value(blocker) == l_True){\n-            *j++ = *i++;\n-            continue;\n-        }\n-        // Make sure the false literal is data[1]:\n-        CRef     cr        = i->cref;\n-        Clause&  c         = ca[cr];\n-        Lit      false_lit = ~p;\n-        if (c[0] == false_lit)\n-            c[0] = c[1], c[1] = false_lit;\n-        assert(c[1] == false_lit);\n-        i++;\n-        // If 0th watch is true, then clause is already satisfied.\n-        Lit     first = c[0];\n-        Watcher w     = Watcher(cr, first);\n-        if (first != blocker && value(first) == l_True){\n-            *j++ = w;\n-            continue;\n-        }\n-        // Look for new watch:\n-        for (int k = 2; k < c.size(); k++)\n-            if (value(c[k]) != l_False){\n-                c[1] = c[k];\n-                c[k] = false_lit;\n-                watches[~c[1]].push(w);\n-                goto NextClause;\n-            }\n-        // Did not find watch -- clause is unit under assignment:\n-        *j++ = w;\n-        if (value(first) == l_False){\n-            confl = cr;\n-            qhead = trail.size();\n-            // Copy the remaining watches:\n-            while (i < end)\n-                *j++ = *i++;\n-        }else\n-            uncheckedEnqueue(first, cr);\n-NextClause:;\n-    }\n+    for (i = j = (Watcher*)ws, end = i + ws.size(); i != end; ){\n+        Lit blocker = i->blocker;\n+        bool blocker_val = (value(blocker) == l_True);\n+        if (blocker_val){\n+            *j++ = *i++;\n+            continue;\n+        }\n+        CRef cr = i->cref;\n+        Clause& c = ca[cr];\n+        Lit false_lit = ~p;\n+        if (c[0] == false_lit){\n+            c[0] = c[1];\n+            c[1] = false_lit;\n+        }\n+        assert(c[1] == false_lit);\n+        i++;\n+        Lit first = c[0];\n+        bool first_val = (value(first) == l_True);\n+        Watcher w(cr, first);\n+        if (first != blocker && first_val){\n+            *j++ = w;\n+            continue;\n+        }\n+        for (int k = 2; k < c.size(); k++){\n+            if (value(c[k]) != l_False){\n+                c[1] = c[k];\n+                c[k] = false_lit;\n+                watches[~c[1]].push(w);\n+                goto NextClause;\n+            }\n+        }\n+        *j++ = w;\n+        if (!first_val){\n+            confl = cr;\n+            qhead = trail.size();\n+            while(i < end)\n+                *j++ = *i++;\n+        } else {\n+            uncheckedEnqueue(first, cr);\n+        }\n+NextClause:\n+        ;\n+    }')"
2025-03-13 23:41:45,267	[INFO]	Step: 67
2025-03-13 23:41:45,268	[INFO]	Stop Steps: 100
2025-03-13 23:41:59,094	[DEBUG]	EXEC>  SUCCESS 0.67749135
2025-03-13 23:41:59,095	[INFO]	3-8     SUCCESS              +0.68 (99.95%) [1 edit(s)]  
2025-03-13 23:41:59,095	[DEBUG]	patch(3-8)="LineLLMMutation(('core/Solver.cc', 12), '-    for (int j = 0; j < c.size(); j++)\n-        if (value(c[j]) != l_False)\n-            fprintf(f, "%s%d ", sign(c[j]) ? "-" : "", mapVar(var(c[j]), map, max)+1);\n+    for (int j = 0; j < c.size(); j++) {\n+        if (value(c[j]) != l_False) {\n+            Var mapped = mapVar(var(c[j]), map, max);\n+            fprintf(f, "%s%d ", sign(c[j]) ? "-" : "", mapped+1);\n+        }\n+    }')"
2025-03-13 23:41:59,095	[INFO]	Step: 68
2025-03-13 23:41:59,095	[INFO]	Stop Steps: 100
2025-03-13 23:42:14,470	[DEBUG]	EXEC>  SUCCESS 0.6752833500000001
2025-03-13 23:42:14,471	[INFO]	3-9     SUCCESS              +0.68 (99.62%) [1 edit(s)]  
2025-03-13 23:42:14,471	[DEBUG]	patch(3-9)="LineLLMCrossover(('core/Solver.cc', 16), '- for (i = j = 0; i < cs.size(); i++){\n+ int sz = cs.size();\n+ for (i = j = 0; i < sz; i++){\n- cs.shrink(i - j);\n+ cs.shrink(sz - j);')"
2025-03-13 23:42:14,471	[INFO]	Step: 69
2025-03-13 23:42:14,471	[INFO]	Stop Steps: 100
2025-03-13 23:42:30,145	[DEBUG]	EXEC>  SUCCESS 0.6901679
2025-03-13 23:42:30,146	[INFO]	3-10    SUCCESS               0.69 (101.82%) [1 edit(s)]  
2025-03-13 23:42:30,146	[DEBUG]	patch(3-10)="LineLLMCrossover(('core/Solver.cc', 17), '- for (i = j = (Watcher*)ws, end = i + ws.size();  i != end;){\n+ const int ws_size = ws.size();\n+ for (i = j = (Watcher*)ws, end = i + ws_size;  i != end;){')"
2025-03-13 23:42:30,146	[INFO]	Step: 70
2025-03-13 23:42:30,146	[INFO]	Stop Steps: 100
2025-03-13 23:42:45,849	[DEBUG]	EXEC>  SUCCESS 0.6919342
2025-03-13 23:42:45,850	[INFO]	3-11    SUCCESS               0.69 (102.08%) [1 edit(s)]  
2025-03-13 23:42:45,850	[DEBUG]	patch(3-11)="LineLLMCrossover(('core/Solver.cc', 18), '- double  progress = 0;\n- double  F = 1.0 / nVars();\n+ double progress = 0;\n+ double F = 1.0 / nVars();\n+ double factor = 1.0;\n-         int beg = i == 0 ? 0 : trail_lim[i - 1];\n-         int end = i == decisionLevel() ? trail.size() : trail_lim[i];\n-         progress += pow(F, i) * (end - beg);\n+         int beg = (i == 0 ? 0 : trail_lim[i - 1]);\n+         int end = (i == decisionLevel() ? trail.size() : trail_lim[i]);\n+         progress += factor * (end - beg);\n+         factor *= F;')"
2025-03-13 23:42:45,850	[INFO]	Step: 71
2025-03-13 23:42:45,850	[INFO]	Stop Steps: 100
2025-03-13 23:43:01,680	[DEBUG]	EXEC>  SUCCESS 0.69852665
2025-03-13 23:43:01,681	[INFO]	3-12    SUCCESS               0.70 (103.05%) [1 edit(s)]  
2025-03-13 23:43:01,681	[DEBUG]	patch(3-12)="LineLLMCrossover(('core/Solver.cc', 19), '-     for (int i = trail.size()-1; i >= trail_lim[0]; i--){\n-         Var x = var(trail[i]);\n-         if (seen[x]){\n-             if (reason(x) == CRef_Undef){\n-                 assert(level(x) > 0);\n-                 out_conflict.push(~trail[i]);\n-             }else{\n-                 Clause& c = ca[reason(x)];\n-                 for (int j = 1; j < c.size(); j++)\n-                     if (level(var(c[j])) > 0)\n-                         seen[var(c[j])] = 1;\n-             }\n-             seen[x] = 0;\n-         }\n-     }\n+     for (int i = 0; i < analyze_toclear.size(); i++){\n+         seen[var(analyze_toclear[i])] = 0;\n+     }')"
2025-03-13 23:43:01,681	[INFO]	Step: 72
2025-03-13 23:43:01,681	[INFO]	Stop Steps: 100
2025-03-13 23:43:17,249	[DEBUG]	EXEC>  SUCCESS 0.6851337000000001
2025-03-13 23:43:17,250	[INFO]	3-13    SUCCESS               0.69 (101.08%) [1 edit(s)]  
2025-03-13 23:43:17,250	[DEBUG]	patch(3-13)="LineLLMCrossover(('core/Solver.cc', 20), '-             if (value(blocker) == l_True){\n+             if (__builtin_expect(value(blocker) == l_True, 1)){')"
2025-03-13 23:43:17,250	[INFO]	Step: 73
2025-03-13 23:43:17,250	[INFO]	Stop Steps: 100
2025-03-13 23:43:32,909	[DEBUG]	EXEC>  SUCCESS 0.6898831
2025-03-13 23:43:32,910	[INFO]	3-14    SUCCESS               0.69 (101.78%) [1 edit(s)]  
2025-03-13 23:43:32,910	[DEBUG]	patch(3-14)="LineLLMCrossover(('core/Solver.cc', 21), '- {\n-     int pathC = 0;\n+ {\n+     int currLevel = decisionLevel();\n+     int pathC = 0;\n-                 if (level(var(q)) >= decisionLevel())\n-                     pathC++;\n+                 if (level(var(q)) >= currLevel)\n+                     pathC++;')"
2025-03-13 23:43:32,910	[INFO]	Step: 74
2025-03-13 23:43:32,910	[INFO]	Stop Steps: 100
2025-03-13 23:43:48,568	[DEBUG]	EXEC>  SUCCESS 0.6894421
2025-03-13 23:43:48,569	[INFO]	3-15    SUCCESS               0.69 (101.71%) [1 edit(s)]  
2025-03-13 23:43:48,569	[DEBUG]	patch(3-15)="LineLLMCrossover(('core/Solver.cc', 22), '-     if (drand(random_seed) < random_var_freq && !order_heap.empty()){\n+     if (__builtin_expect(drand(random_seed) < random_var_freq, 0) && !order_heap.empty()){')"
2025-03-13 23:43:48,569	[INFO]	Step: 75
2025-03-13 23:43:48,569	[INFO]	Stop Steps: 100
2025-03-13 23:44:04,293	[DEBUG]	EXEC>  SUCCESS 0.69255055
2025-03-13 23:44:04,293	[INFO]	3-16    SUCCESS               0.69 (102.17%) [1 edit(s)]  
2025-03-13 23:44:04,294	[DEBUG]	patch(3-16)="LineLLMCrossover(('core/Solver.cc', 23), '-     if (verbosity >= 2)\n+     if (__builtin_expect(verbosity >= 2, 0))')"
2025-03-13 23:44:04,294	[INFO]	Step: 76
2025-03-13 23:44:04,294	[INFO]	Stop Steps: 100
2025-03-13 23:44:20,088	[DEBUG]	EXEC>  SUCCESS 0.69677675
2025-03-13 23:44:20,089	[INFO]	3-17    SUCCESS               0.70 (102.79%) [4 edit(s)]  
2025-03-13 23:44:20,089	[DEBUG]	patch(3-17)="LineLLMMutation(('core/Solver.cc', 1), '-    double progress = 0;\n-    double F = 1.0 / nVars();\n-    for (int i = 0; i <= decisionLevel(); i++){\n-        int beg = i == 0 ? 0 : trail_lim[i - 1];\n-        int end = i == decisionLevel() ? trail.size() : trail_lim[i];\n-        progress += pow(F, i) * (end - beg);\n-    }\n-    return progress / nVars();\n+    double progress = 0;\n+    double F = 1.0 / nVars();\n+    double powerF = 1.0;\n+    for (int i = 0; i <= decisionLevel(); i++){\n+        int beg = (i == 0 ? 0 : trail_lim[i - 1]);\n+        int end = (i == decisionLevel() ? trail.size() : trail_lim[i]);\n+        progress += powerF * (end - beg);\n+        powerF *= F;\n+    }\n+    return progress / nVars();') | LineLLMMutation(('core/Solver.cc', 22), "- CRef Solver::propagate()\n- {\n-     CRef    confl     = CRef_Undef;\n-     int     num_props = 0;\n-     watches.cleanAll();\n-\n-     while (qhead < trail.size()){\n-         Lit            p   = trail[qhead++];     // 'p' is enqueued fact to propagate.\n-         vec<Watcher>&  ws  = watches[p];\n-         Watcher        *i, *j, *end;\n-         num_props++;\n-\n-         for (i = j = (Watcher*)ws, end = i + ws.size();  i != end;){\n-             // Try to avoid inspecting the clause:\n-             Lit blocker = i->blocker;\n-             if (value(blocker) == l_True){\n-                 *j++ = *i++; continue; }\n-\n-             // Make sure the false literal is data[1]:\n-             CRef     cr        = i->cref;\n-             Clause&  c         = ca[cr];\n-             Lit      false_lit = ~p;\n-             if (c[0] == false_lit)\n-                 c[0] = c[1], c[1] = false_lit;\n-             assert(c[1] == false_lit);\n-             i++;\n-\n-             // If 0th watch is true, then clause is already satisfied.\n-             Lit     first = c[0];\n-             Watcher w     = Watcher(cr, first);\n-             if (first != blocker && value(first) == l_True){\n-                 *j++ = w; continue; }\n-\n-             // Look for new watch:\n-             for (int k = 2; k < c.size(); k++)\n-                 if (value(c[k]) != l_False){\n-                     c[1] = c[k]; c[k] = false_lit;\n-                     watches[~c[1]].push(w);\n-                     goto NextClause; }\n-\n-             // Did not find watch -- clause is unit under assignment:\n-             *j++ = w;\n-             if (value(first) == l_False){\n-                 confl = cr;\n-                 qhead = trail.size();\n-                 // Copy the remaining watches:\n-                 while (i < end)\n-                     *j++ = *i++;\n-             }else\n-                 uncheckedEnqueue(first, cr);\n-\n-         NextClause:;\n-         }\n-         ws.shrink(i - j);\n-     }\n-     propagations += num_props;\n-     simpDB_props -= num_props;\n-     return confl;\n- }\n+ CRef Solver::propagate()\n+ {\n+     CRef confl = CRef_Undef;\n+     int num_props = 0;\n+     watches.cleanAll();\n+     while(qhead < trail.size()){\n+         Lit p = trail[qhead++];\n+         vec<Watcher>& ws = watches[p];\n+         Watcher* i = (Watcher*)ws.begin();\n+         Watcher* j = i;\n+         Watcher* end = i + ws.size();\n+         num_props++;\n+         for(; i < end; i++){\n+             Lit blocker = i->blocker;\n+             if(value(blocker) == l_True){\n+                 *j++ = *i;\n+                 continue;\n+             }\n+             CRef cr = i->cref;\n+             Clause& c = ca[cr];\n+             Lit false_lit = ~p;\n+             if(c[0] == false_lit){\n+                 c[0] = c[1];\n+                 c[1] = false_lit;\n+             }\n+             assert(c[1] == false_lit);\n+             Lit first = c[0];\n+             if(first != blocker && value(first) == l_True){\n+                 *j++ = Watcher(cr, first);\n+                 continue;\n+             }\n+             bool found = false;\n+             for(int k = 2; k < c.size(); k++){\n+                 if(value(c[k]) != l_False){\n+                     c[1] = c[k];\n+                     c[k] = false_lit;\n+                     watches[~c[1]].push(Watcher(cr, c[0]));\n+                     found = true;\n+                     break;\n+                 }\n+             }\n+             *j++ = Watcher(cr, c[0]);\n+             if(found)\n+                 continue;\n+             if(value(first) == l_False){\n+                 confl = cr;\n+                 qhead = trail.size();\n+                 while(i+1 < end){\n+                     i++;\n+                     *j++ = *i;\n+                 }\n+                 break;\n+             } else {\n+                 uncheckedEnqueue(first, cr);\n+             }\n+         }\n+         ws.shrink((int)(j - (Watcher*)ws.begin()));\n+     }\n+     propagations += num_props;\n+     simpDB_props -= num_props;\n+     return confl;\n+ }") | LineLLMMutation(('core/Solver.cc', 36), '-    for (i = j = (Watcher*)ws, end = i + ws.size();  i != end;){\n-        // Try to avoid inspecting the clause:\n-        Lit blocker = i->blocker;\n-        if (value(blocker) == l_True){\n-            *j++ = *i++;\n-            continue;\n-        }\n-        // Make sure the false literal is data[1]:\n-        CRef     cr        = i->cref;\n-        Clause&  c         = ca[cr];\n-        Lit      false_lit = ~p;\n-        if (c[0] == false_lit)\n-            c[0] = c[1], c[1] = false_lit;\n-        assert(c[1] == false_lit);\n-        i++;\n-        // If 0th watch is true, then clause is already satisfied.\n-        Lit     first = c[0];\n-        Watcher w     = Watcher(cr, first);\n-        if (first != blocker && value(first) == l_True){\n-            *j++ = w;\n-            continue;\n-        }\n-        // Look for new watch:\n-        for (int k = 2; k < c.size(); k++)\n-            if (value(c[k]) != l_False){\n-                c[1] = c[k];\n-                c[k] = false_lit;\n-                watches[~c[1]].push(w);\n-                goto NextClause;\n-            }\n-        // Did not find watch -- clause is unit under assignment:\n-        *j++ = w;\n-        if (value(first) == l_False){\n-            confl = cr;\n-            qhead = trail.size();\n-            // Copy the remaining watches:\n-            while (i < end)\n-                *j++ = *i++;\n-        }else\n-            uncheckedEnqueue(first, cr);\n-NextClause:;\n-    }\n+    for (i = j = (Watcher*)ws, end = i + ws.size(); i != end; ){\n+        Lit blocker = i->blocker;\n+        bool blocker_val = (value(blocker) == l_True);\n+        if (blocker_val){\n+            *j++ = *i++;\n+            continue;\n+        }\n+        CRef cr = i->cref;\n+        Clause& c = ca[cr];\n+        Lit false_lit = ~p;\n+        if (c[0] == false_lit){\n+            c[0] = c[1];\n+            c[1] = false_lit;\n+        }\n+        assert(c[1] == false_lit);\n+        i++;\n+        Lit first = c[0];\n+        bool first_val = (value(first) == l_True);\n+        Watcher w(cr, first);\n+        if (first != blocker && first_val){\n+            *j++ = w;\n+            continue;\n+        }\n+        for (int k = 2; k < c.size(); k++){\n+            if (value(c[k]) != l_False){\n+                c[1] = c[k];\n+                c[k] = false_lit;\n+                watches[~c[1]].push(w);\n+                goto NextClause;\n+            }\n+        }\n+        *j++ = w;\n+        if (!first_val){\n+            confl = cr;\n+            qhead = trail.size();\n+            while(i < end)\n+                *j++ = *i++;\n+        } else {\n+            uncheckedEnqueue(first, cr);\n+        }\n+NextClause:\n+        ;\n+    }') | LineLLMMutation(('core/Solver.cc', 46), '-            if (value(blocker) == l_True){\n+            if (__builtin_expect(value(blocker) == l_True, 1)) {\n-            if (value(first) == l_False){\n+            if (__builtin_expect(value(first) == l_False, 0)) {')"
2025-03-13 23:44:20,089	[INFO]	Step: 77
2025-03-13 23:44:20,089	[INFO]	Stop Steps: 100
2025-03-13 23:44:35,668	[DEBUG]	EXEC>  SUCCESS 0.6853707499999999
2025-03-13 23:44:35,669	[INFO]	3-18    SUCCESS               0.69 (101.11%) [2 edit(s)]  
2025-03-13 23:44:35,669	[DEBUG]	patch(3-18)="LineLLMMutation(('core/Solver.cc', 12), '-    for (int j = 0; j < c.size(); j++)\n-        if (value(c[j]) != l_False)\n-            fprintf(f, "%s%d ", sign(c[j]) ? "-" : "", mapVar(var(c[j]), map, max)+1);\n+    for (int j = 0; j < c.size(); j++) {\n+        if (value(c[j]) != l_False) {\n+            Var mapped = mapVar(var(c[j]), map, max);\n+            fprintf(f, "%s%d ", sign(c[j]) ? "-" : "", mapped+1);\n+        }\n+    }') | LineLLMMutation(('core/Solver.cc', 47), '-            // Look for new watch:\n-            for (int k = 2; k < c.size(); k++)\n-                if (value(c[k]) != l_False){\n-                    c[1] = c[k]; c[k] = false_lit;\n-                    watches[~c[1]].push(w);\n-                    goto NextClause; }\n+            // Look for new watch (optimized by caching clause size)\n+            const int cs = c.size();\n+            for (int k = 2; k < cs; k++){\n+                if (value(c[k]) != l_False){\n+                    c[1] = c[k];\n+                    c[k] = false_lit;\n+                    watches[~c[1]].push(w);\n+                    goto NextClause;\n+                }\n+            }')"
2025-03-13 23:44:35,669	[INFO]	Step: 78
2025-03-13 23:44:35,669	[INFO]	Stop Steps: 100
2025-03-13 23:44:37,503	[INFO]	3-19    TEST_CODE_ERROR       None (--) [3 edit(s)]  
2025-03-13 23:44:37,503	[DEBUG]	patch(3-19)="LineLLMCrossover(('core/Solver.cc', 3), '- for (int c = trail.size()-1; c >= trail_lim[level]; c--){\n-     Var      x  = var(trail[c]);\n-     assigns [x] = l_Undef;\n-     if (phase_saving > 1 || (phase_saving == 1) && c > trail_lim.last())\n-         insertVarOrder(x); }\n+ int tSize = trail.size();\n+ int lim = trail_lim[level];\n+ for (int c = tSize - 1; c >= lim; c--){\n+     Var x = var(trail[c]);\n+     assigns[x] = l_Undef;\n+     if (phase_saving > 1 || (phase_saving == 1 && c > trail_lim.last()))\n+         insertVarOrder(x);\n+ }\n- for (i = j = 0; i < cs.size(); i++){\n+ int sz = cs.size();\n+ for (i = j = 0; i < sz; i++){\n- cs.shrink(i - j);\n+ cs.shrink(sz - j);') | LineLLMMutation(('core/Solver.cc', 35), '-            for (i = j = (Watcher*)ws, end = i + ws.size();  i != end;){\n-                // Try to avoid inspecting the clause:\n-                Lit blocker = i->blocker;\n-                if (value(blocker) == l_True){\n-                    *j++ = *i++;\n-                    continue; }\n-\n-                // Make sure the false literal is data[1]:\n-                CRef     cr        = i->cref;\n-                Clause&  c         = ca[cr];\n-                Lit      false_lit = ~p;\n-                if (c[0] == false_lit)\n-                    c[0] = c[1], c[1] = false_lit;\n-                assert(c[1] == false_lit);\n-                i++;\n-\n-                // If 0th watch is true, then clause is already satisfied.\n-                Lit     first = c[0];\n-                Watcher w     = Watcher(cr, first);\n-                if (first != blocker && value(first) == l_True){\n-                    *j++ = w; continue; }\n-\n-                // Look for new watch:\n-                for (int k = 2; k < c.size(); k++)\n-                    if (value(c[k]) != l_False){\n-                        c[1] = c[k]; c[k] = false_lit;\n-                        watches[~c[1]].push(w);\n-                        goto NextClause; }\n-\n-                // Did not find watch -- clause is unit under assignment:\n-                *j++ = w;\n-                if (value(first) == l_False){\n-                    confl = cr;\n-                    qhead = trail.size();\n-                    // Copy the remaining watches:\n-                    while (i < end)\n-                        *j++ = *i++;\n-                }else\n-                    uncheckedEnqueue(first, cr);\n-            NextClause:;\n-            }\n-            ws.shrink(i - j);\n+            {\n+                vec<Watcher> new_ws;\n+                for (int idx = 0; idx < ws.size(); ++idx) {\n+                    Watcher curr = ws[idx];\n+                    Lit blocker = curr.blocker;\n+                    if (value(blocker) == l_True) {\n+                        new_ws.push(curr);\n+                        continue;\n+                    }\n+                    CRef cr = curr.cref;\n+                    Clause& c = ca[cr];\n+                    Lit false_lit = ~p;\n+                    if (c[0] == false_lit)\n+                        std::swap(c[0], c[1]);\n+                    assert(c[1] == false_lit);\n+                    Lit first = c[0];\n+                    if (first != blocker && value(first) == l_True) {\n+                        new_ws.push(Watcher(cr, first));\n+                        continue;\n+                    }\n+                    bool found = false;\n+                    for (int k = 2; k < c.size(); ++k) {\n+                        if (value(c[k]) != l_False) {\n+                            c[1] = c[k]; c[k] = false_lit;\n+                            watches[~c[1]].push(Watcher(cr, c[0]));\n+                            found = true;\n+                            break;\n+                        }\n+                    }\n+                    if (found)\n+                        continue;\n+                    if (value(first) == l_False) {\n+                        confl = cr;\n+                        qhead = trail.size();\n+                        for (; idx < ws.size(); ++idx)\n+                            new_ws.push(ws[idx]);\n+                        break;\n+                    } else {\n+                        uncheckedEnqueue(first, cr);\n+                    }\n+                }\n+                ws = new_ws;\n+            }') | LineLLMMutation(('core/Solver.cc', 48), "-CRef Solver::propagate()\n-{\n-    CRef    confl     = CRef_Undef;\n-    int     num_props = 0;\n-    watches.cleanAll();\n-\n-    while (qhead < trail.size()){\n-        Lit            p   = trail[qhead++];     // 'p' is enqueued fact to propagate.\n-        vec<Watcher>&  ws  = watches[p];\n-        Watcher        *i, *j, *end;\n-        num_props++;\n-\n-        for (i = j = (Watcher*)ws, end = i + ws.size();  i != end;){\n-            // Try to avoid inspecting the clause:\n-            Lit blocker = i->blocker;\n-            if (value(blocker) == l_True){\n-                *j++ = *i++; continue; }\n-\n-            // Make sure the false literal is data[1]:\n-            CRef     cr        = i->cref;\n-            Clause&  c         = ca[cr];\n-            Lit      false_lit = ~p;\n-            if (c[0] == false_lit)\n-                c[0] = c[1], c[1] = false_lit;\n-            assert(c[1] == false_lit);\n-            i++;\n-\n-            // If 0th watch is true, then clause is already satisfied.\n-            Lit     first = c[0];\n-            Watcher w     = Watcher(cr, first);\n-            if (first != blocker && value(first) == l_True){\n-                *j++ = w; continue; }\n-\n-            // Look for new watch:\n-            for (int k = 2; k < c.size(); k++)\n-                if (value(c[k]) != l_False){\n-                    c[1] = c[k]; c[k] = false_lit;\n-                    watches[~c[1]].push(w);\n-                    goto NextClause; }\n-\n-            // Did not find watch -- clause is unit under assignment:\n-            *j++ = w;\n-            if (value(first) == l_False){\n-                confl = cr;\n-                qhead = trail.size();\n-                // Copy the remaining watches:\n-                while (i < end)\n-                    *j++ = *i++;\n-            }else\n-                uncheckedEnqueue(first, cr);\n-\n-        NextClause:;\n-        }\n-        ws.shrink(i - j);\n-    }\n-    propagations += num_props;\n-    simpDB_props -= num_props;\n-\n-    return confl;\n-}\n+CRef Solver::propagate() {\n+    CRef confl = CRef_Undef;\n+    int num_props = 0;\n+    watches.cleanAll();\n+    const int trailSize = trail.size();\n+    while (qhead < trailSize) {\n+        Lit p = trail[qhead++];\n+        vec<Watcher>& ws = watches[p];\n+        Watcher *i, *j, *end;\n+        num_props++;\n+        for (i = j = (Watcher*)ws, end = i + ws.size(); i != end;) {\n+            Lit blocker = i->blocker;\n+            const lbool blockerVal = value(blocker);\n+            if (blockerVal == l_True) {\n+                *j++ = *i++;\n+                continue;\n+            }\n+            CRef cr = i->cref;\n+            Clause& c = ca[cr];\n+            Lit false_lit = ~p;\n+            if (c[0] == false_lit) {\n+                c[0] = c[1];\n+                c[1] = false_lit;\n+            }\n+            assert(c[1] == false_lit);\n+            i++;\n+            Lit first = c[0];\n+            const lbool firstVal = value(first);\n+            Watcher w = Watcher(cr, first);\n+            if (first != blocker && firstVal == l_True) {\n+                *j++ = w;\n+                continue;\n+            }\n+            bool foundWatch = false;\n+            int sz = c.size();\n+            for (int k = 2; k < sz; k++) {\n+                if (value(c[k]) != l_False) {\n+                    c[1] = c[k];\n+                    c[k] = false_lit;\n+                    watches[~c[1]].push(w);\n+                    foundWatch = true;\n+                    break;\n+                }\n+            }\n+            if (foundWatch)\n+                continue;\n+            *j++ = w;\n+            if (firstVal == l_False) {\n+                confl = cr;\n+                qhead = trailSize;\n+                while (i < end)\n+                    *j++ = *i++;\n+            } else {\n+                uncheckedEnqueue(first, cr);\n+            }\n+        }\n+        ws.shrink(i - j);\n+    }\n+    propagations += num_props;\n+    simpDB_props -= num_props;\n+    return confl;\n+}")"
2025-03-13 23:44:37,503	[INFO]	Step: 79
2025-03-13 23:44:37,503	[INFO]	Stop Steps: 100
2025-03-13 23:44:53,040	[DEBUG]	EXEC>  SUCCESS 0.6835511500000001
2025-03-13 23:44:53,041	[INFO]	3-20    SUCCESS               0.68 (100.84%) [4 edit(s)]  
2025-03-13 23:44:53,041	[DEBUG]	patch(3-20)="LineLLMMutation(('core/Solver.cc', 17), '-    for (i = j = 0; i < cs.size(); i++){\n-        Clause& c = ca[cs[i]];\n-        if (satisfied(c))\n-            removeClause(cs[i]);\n-        else\n-            cs[j++] = cs[i];\n-    }\n-    cs.shrink(i - j);\n+    int sz = cs.size();\n+    for (i = j = 0; i < sz; i++){\n+        Clause& c = ca[cs[i]];\n+        if (satisfied(c))\n+            removeClause(cs[i]);\n+        else\n+            cs[j++] = cs[i];\n+    }\n+    cs.shrink(sz - j);') | LineLLMMutation(('core/Solver.cc', 26), '-        for (i = j = (Watcher*)ws, end = i + ws.size();  i != end;){\n+        const int ws_size = ws.size();\n+        for (i = j = (Watcher*)ws, end = i + ws_size;  i != end;){') | LineLLMMutation(('core/Solver.cc', 38), '-double Solver::progressEstimate() const\n-{\n-    double  progress = 0;\n-    double  F = 1.0 / nVars();\n-\n-    for (int i = 0; i <= decisionLevel(); i++){\n-        int beg = i == 0 ? 0 : trail_lim[i - 1];\n-        int end = i == decisionLevel() ? trail.size() : trail_lim[i];\n-        progress += pow(F, i) * (end - beg);\n-    }\n-\n-    return progress / nVars();\n-}\n+double Solver::progressEstimate() const\n+{\n+    double progress = 0;\n+    double F = 1.0 / nVars();\n+    double factor = 1.0;\n+    for (int i = 0; i <= decisionLevel(); i++){\n+        int beg = (i == 0 ? 0 : trail_lim[i - 1]);\n+        int end = (i == decisionLevel() ? trail.size() : trail_lim[i]);\n+        progress += factor * (end - beg);\n+        factor *= F;\n+    }\n+    return progress / nVars();\n+}') | LineLLMMutation(('core/Solver.cc', 49), '-            Lit blocker = i->blocker;\n-            if (value(blocker) == l_True){\n-                *j++ = *i++; continue; }\n+            Lit blocker = i->blocker;\n+            lbool blocker_val = value(blocker);\n+            if (blocker_val == l_True){\n+                *j++ = *i++;\n+                continue;\n+            }\n-            Lit     first = c[0];\n-            Watcher w     = Watcher(cr, first);\n-            if (first != blocker && value(first) == l_True){\n-                *j++ = w; continue; }\n+            Lit     first = c[0];\n+            lbool first_val = value(first);\n+            Watcher w     = Watcher(cr, first);\n+            if (first != blocker && first_val == l_True){\n+                *j++ = w;\n+                continue;\n+            }\n-            if (value(first) == l_False){\n-                confl = cr;\n-                qhead = trail.size();\n-                // Copy the remaining watches:\n-                while (i < end)\n-                    *j++ = *i++;\n-            }else\n-                uncheckedEnqueue(first, cr);\n+            if (first_val == l_False){\n+                confl = cr;\n+                qhead = trail.size();\n+                while (i < end)\n+                    *j++ = *i++;\n+            }else\n+                uncheckedEnqueue(first, cr);')"
2025-03-13 23:44:53,041	[INFO]	Step: 80
2025-03-13 23:44:53,041	[INFO]	Stop Steps: 100
2025-03-13 23:45:08,816	[DEBUG]	EXEC>  SUCCESS 0.69085135
2025-03-13 23:45:08,817	[INFO]	3-1     SUCCESS               0.69 (101.92%) [3 edit(s)]  
2025-03-13 23:45:08,817	[DEBUG]	patch(3-1)="LineLLMMutation(('core/Solver.cc', 13), '-    ClauseAllocator to(ca.size() - ca.wasted());\n-    relocAll(to);\n+    ClauseAllocator to(ca.size() - ca.wasted());\n+    this->relocAll(to);') | LineLLMMutation(('core/Solver.cc', 39), '-        for (i = j = (Watcher*)ws, end = i + ws.size();  i != end;){\n-            Lit blocker = i->blocker;\n-            if (value(blocker) == l_True){\n-                *j++ = *i++; continue; }\n-\n-            // Make sure the false literal is data[1]:\n-            CRef     cr        = i->cref;\n-            Clause&  c         = ca[cr];\n-            Lit      false_lit = ~p;\n-            if (c[0] == false_lit)\n-                c[0] = c[1], c[1] = false_lit;\n-            assert(c[1] == false_lit);\n-            i++;\n-\n-            // If 0th watch is true, then clause is already satisfied.\n-            Lit     first = c[0];\n-            Watcher w     = Watcher(cr, first);\n-            if (first != blocker && value(first) == l_True){\n-                *j++ = w; continue; }\n-\n-            // Look for new watch:\n-            for (int k = 2; k < c.size(); k++)\n-                if (value(c[k]) != l_False){\n-                    c[1] = c[k]; c[k] = false_lit;\n-                    watches[~c[1]].push(w);\n-                    goto NextClause; }\n-\n-            // Did not find watch -- clause is unit under assignment:\n-            *j++ = w;\n-            if (value(first) == l_False){\n-                confl = cr;\n-                qhead = trail.size();\n-                // Copy the remaining watches:\n-                while (i < end)\n-                    *j++ = *i++;\n-            }else\n-                uncheckedEnqueue(first, cr);\n-\n-        NextClause:;\n-        }\n+        {\n+            int ws_size = ws.size();\n+            int j_idx = 0;\n+            for (int idx = 0; idx < ws_size; idx++){\n+                Watcher cur = ws[idx];\n+                if (value(cur.blocker) == l_True){\n+                    ws[j_idx++] = cur;\n+                    continue;\n+                }\n+                CRef cr = cur.cref;\n+                Clause& c = ca[cr];\n+                Lit false_lit = ~p;\n+                if (c[0] == false_lit){\n+                    c[0] = c[1];\n+                    c[1] = false_lit;\n+                }\n+                Lit first = c[0];\n+                Watcher w(cr, first);\n+                if (first != cur.blocker && value(first) == l_True){\n+                    ws[j_idx++] = w;\n+                    continue;\n+                }\n+                bool found_watch = false;\n+                for (int k = 2; k < c.size(); k++){\n+                    if (value(c[k]) != l_False){\n+                        c[1] = c[k];\n+                        c[k] = false_lit;\n+                        watches[~c[1]].push(w);\n+                        found_watch = true;\n+                        break;\n+                    }\n+                }\n+                if (found_watch){\n+                    ws[j_idx++] = w;\n+                    continue;\n+                }\n+                ws[j_idx++] = w;\n+                if (value(first) == l_False){\n+                    confl = cr;\n+                    qhead = trail.size();\n+                    for (int r = idx + 1; r < ws_size; r++){\n+                        ws[j_idx++] = ws[r];\n+                    }\n+                    break;\n+                } else {\n+                    uncheckedEnqueue(first, cr);\n+                }\n+            }\n+            ws.shrink(ws_size - j_idx);\n+        }') | LineLLMMutation(('core/Solver.cc', 50), '-         num_props++;\n-\n-         for (i = j = (Watcher*)ws, end = i + ws.size();  i != end;){\n-             // Try to avoid inspecting the clause:\n-             Lit blocker = i->blocker;\n-             if (value(blocker) == l_True){\n-                 *j++ = *i++; continue; }\n+         num_props++;\n+         Lit false_lit = ~p;\n+         for (i = j = (Watcher*)ws, end = i + ws.size();  i != end;){\n+             // Try to avoid inspecting the clause:\n+             Lit blocker = i->blocker;\n+             if (value(blocker) == l_True){\n+                 *j++ = *i++; continue; }\n-             CRef     cr        = i->cref;\n-             Clause&  c         = ca[cr];\n-             Lit      false_lit = ~p;\n+             CRef     cr        = i->cref;\n+             Clause&  c         = ca[cr];')"
2025-03-13 23:45:08,817	[INFO]	Step: 81
2025-03-13 23:45:08,817	[INFO]	Stop Steps: 100
2025-03-13 23:45:24,269	[DEBUG]	EXEC>  SUCCESS 0.6803826000000001
2025-03-13 23:45:24,270	[INFO]	3-2     SUCCESS               0.68 (100.37%) [2 edit(s)]  
2025-03-13 23:45:24,270	[DEBUG]	patch(3-2)="LineLLMCrossover(('core/Solver.cc', 4), '- if (value(blocker) == l_True){\n+ if (__builtin_expect(value(blocker) == l_True, 1)){\n- for (int i = trail.size()-1; i >= trail_lim[0]; i--){\n-     Var x = var(trail[i]);\n-     if (seen[x]){\n-         if (reason(x) == CRef_Undef){\n-             assert(level(x) > 0);\n-             out_conflict.push(~trail[i]);\n-         }else{\n-             Clause& c = ca[reason(x)];\n-             for (int j = 1; j < c.size(); j++)\n-                 if (level(var(c[j])) > 0)\n-                     seen[var(c[j])] = 1;\n-         }\n-         seen[x] = 0;\n-     }\n- }\n+ for (int i = 0; i < analyze_toclear.size(); i++){\n+     seen[var(analyze_toclear[i])] = 0;\n+ }') | LineLLMMutation(('core/Solver.cc', 51), '- double Solver::progressEstimate() const\n- {\n-     double  progress = 0;\n-     double  F = 1.0 / nVars();\n-\n-     for (int i = 0; i <= decisionLevel(); i++){\n-         int beg = i == 0 ? 0 : trail_lim[i - 1];\n-         int end = i == decisionLevel() ? trail.size() : trail_lim[i];\n-         progress += pow(F, i) * (end - beg);\n-     }\n-\n-     return progress / nVars();\n- }\n+ double Solver::progressEstimate() const\n+ {\n+     double progress = 0;\n+     double F = 1.0 / nVars();\n+     double multiplier = 1.0;\n+\n+     for (int i = 0; i <= decisionLevel(); i++){\n+         int beg = (i == 0) ? 0 : trail_lim[i - 1];\n+         int end = (i == decisionLevel()) ? trail.size() : trail_lim[i];\n+         progress += multiplier * (end - beg);\n+         multiplier *= F;\n+     }\n+\n+     return progress / nVars();\n+ }')"
2025-03-13 23:45:24,270	[INFO]	Step: 82
2025-03-13 23:45:24,270	[INFO]	Stop Steps: 100
2025-03-13 23:45:39,939	[DEBUG]	EXEC>  SUCCESS 0.6901063000000001
2025-03-13 23:45:39,940	[INFO]	3-3     SUCCESS               0.69 (101.81%) [3 edit(s)]  
2025-03-13 23:45:39,940	[DEBUG]	patch(3-3)="LineLLMCrossover(('core/Solver.cc', 1), '- for (i = j = 0; i < cs.size(); i++){\n+ int sz = cs.size();\n+ for (i = j = 0; i < sz; i++){\n- cs.shrink(i - j);\n+ cs.shrink(sz - j);') | LineLLMMutation(('core/Solver.cc', 41), '- {\n-     int pathC = 0;\n-     Lit p     = lit_Undef;\n+ {\n+     int currLevel = decisionLevel();\n+     int pathC = 0;\n+     Lit p     = lit_Undef;\n-                 if (level(var(q)) >= decisionLevel())\n+                 if (level(var(q)) >= currLevel)') | LineLLMMutation(('core/Solver.cc', 52), '-        for (i = j = (Watcher*)ws, end = i + ws.size();  i != end;){\n-            // Try to avoid inspecting the clause:\n-            Lit blocker = i->blocker;\n-            if (value(blocker) == l_True){\n-                *j++ = *i++; continue; }\n-            // Make sure the false literal is data[1]:\n-            CRef     cr        = i->cref;\n-            Clause&  c         = ca[cr];\n-            Lit      false_lit = ~p;\n-            if (c[0] == false_lit)\n-                c[0] = c[1], c[1] = false_lit;\n-            assert(c[1] == false_lit);\n-            i++;\n-            // If 0th watch is true, then clause is already satisfied.\n-            Lit     first = c[0];\n-            Watcher w     = Watcher(cr, first);\n-            if (first != blocker && value(first) == l_True){\n-                *j++ = w; continue; }\n-            // Look for new watch:\n-            for (int k = 2; k < c.size(); k++)\n-                if (value(c[k]) != l_False){\n-                    c[1] = c[k]; c[k] = false_lit;\n-                    watches[~c[1]].push(w);\n-                    goto NextClause; }\n-            // Did not find watch -- clause is unit under assignment:\n-            *j++ = w;\n-            if (value(first) == l_False){\n-                confl = cr;\n-                qhead = trail.size();\n-                // Copy the remaining watches:\n-                while (i < end)\n-                    *j++ = *i++;\n-            }else\n-                uncheckedEnqueue(first, cr);\n-        NextClause:;\n-        }\n-        ws.shrink(i - j);\n+        {\n+            int wsSize = ws.size();\n+            int newSize = 0;\n+            for (int idx = 0; idx < wsSize; idx++){\n+                Watcher w = ws[idx];\n+                if (value(w.blocker) == l_True){\n+                    ws[newSize++] = w;\n+                    continue;\n+                }\n+                CRef cr = w.cref;\n+                Clause& c = ca[cr];\n+                Lit false_lit = ~p;\n+                if (c[0] == false_lit)\n+                    c[0] = c[1], c[1] = false_lit;\n+                Lit first = c[0];\n+                if (first != w.blocker && value(first) == l_True){\n+                    ws[newSize++] = Watcher(cr, first);\n+                    continue;\n+                }\n+                bool found = false;\n+                for (int k = 2; k < c.size(); k++){\n+                    if (value(c[k]) != l_False){\n+                        c[1] = c[k];\n+                        c[k] = false_lit;\n+                        watches[~c[1]].push(Watcher(cr, c[0]));\n+                        found = true;\n+                        break;\n+                    }\n+                }\n+                if (found) {\n+                    continue;\n+                }\n+                ws[newSize++] = Watcher(cr, first);\n+                if (value(first) == l_False){\n+                    confl = cr;\n+                    qhead = trail.size();\n+                    for (int rem = idx+1; rem < wsSize; rem++){\n+                        ws[newSize++] = ws[rem];\n+                    }\n+                    break;\n+                } else {\n+                    uncheckedEnqueue(first, cr);\n+                }\n+            }\n+            ws.resize(newSize);\n+        }')"
2025-03-13 23:45:39,940	[INFO]	Step: 83
2025-03-13 23:45:39,940	[INFO]	Stop Steps: 100
2025-03-13 23:45:51,900	[DEBUG]	EXEC>  SUCCESS 0.5044335
2025-03-13 23:45:51,900	[INFO]	3-4     SUCCESS              *0.50 (74.42%) [2 edit(s)]  
2025-03-13 23:45:51,900	[DEBUG]	patch(3-4)="LineLLMCrossover(('core/Solver.cc', 8), '-             if (value(blocker) == l_True){\n+             if (__builtin_expect(value(blocker) == l_True, 1)){') | LineLLMMutation(('core/Solver.cc', 53), '-        for (i = j = (Watcher*)ws, end = i + ws.size();  i != end;){\n+        int ws_size = ws.size();\n+        Watcher* begin_ptr = (Watcher*)ws;\n+        Watcher* end_ptr = begin_ptr + ws_size;\n+        for (i = j = begin_ptr; i != end_ptr;){')"

2025-03-13 23:45:51,901	[INFO]	Step: 84
2025-03-13 23:45:51,901	[INFO]	Stop Steps: 100
2025-03-13 23:46:07,615	[DEBUG]	EXEC>  SUCCESS 0.68979975
2025-03-13 23:46:07,615	[INFO]	3-5     SUCCESS               0.69 (101.76%) [4 edit(s)]  
2025-03-13 23:46:07,615	[DEBUG]	patch(3-5)="LineLLMMutation(('core/Solver.cc', 5), '-    for (int c = trail.size()-1; c >= trail_lim[level]; c--){\n-            Var      x  = var(trail[c]);\n-            assigns [x] = l_Undef;\n-            if (phase_saving > 1 || (phase_saving == 1) && c > trail_lim.last())\n-                polarity[x] = sign(trail[c]);\n-            insertVarOrder(x); }\n+    int tSize = trail.size();\n+    int lim = trail_lim[level];\n+    for (int c = tSize - 1; c >= lim; c--){\n+            Var x = var(trail[c]);\n+            assigns[x] = l_Undef;\n+            if (phase_saving > 1 || (phase_saving == 1 && c > trail_lim.last()))\n+                polarity[x] = sign(trail[c]);\n+            insertVarOrder(x);\n+    }') | LineLLMMutation(('core/Solver.cc', 24), "- CRef Solver::propagate()\n- {\n-     CRef    confl     = CRef_Undef;\n-     int     num_props = 0;\n-     watches.cleanAll();\n-\n-     while (qhead < trail.size()){\n-         Lit            p   = trail[qhead++];     // 'p' is enqueued fact to propagate.\n-         vec<Watcher>&  ws  = watches[p];\n-         Watcher        *i, *j, *end;\n-         num_props++;\n-\n-         for (i = j = (Watcher*)ws, end = i + ws.size();  i != end;){\n-             // Try to avoid inspecting the clause:\n-             Lit blocker = i->blocker;\n-             if (value(blocker) == l_True){\n-                 *j++ = *i++; continue; }\n-\n-             // Make sure the false literal is data[1]:\n-             CRef     cr        = i->cref;\n-             Clause&  c         = ca[cr];\n-             Lit      false_lit = ~p;\n-             if (c[0] == false_lit)\n-                 c[0] = c[1], c[1] = false_lit;\n-             assert(c[1] == false_lit);\n-             i++;\n-\n-             // If 0th watch is true, then clause is already satisfied.\n-             Lit     first = c[0];\n-             Watcher w     = Watcher(cr, first);\n-             if (first != blocker && value(first) == l_True){\n-                 *j++ = w; continue; }\n-\n-             // Look for new watch:\n-             for (int k = 2; k < c.size(); k++)\n-                 if (value(c[k]) != l_False){\n-                     c[1] = c[k]; c[k] = false_lit;\n-                     watches[~c[1]].push(w);\n-                     goto NextClause; }\n-\n-             // Did not find watch -- clause is unit under assignment:\n-             *j++ = w;\n-             if (value(first) == l_False){\n-                 confl = cr;\n-                 qhead = trail.size();\n-                 // Copy the remaining watches:\n-                 while (i < end)\n-                     *j++ = *i++;\n-             }else\n-                 uncheckedEnqueue(first, cr);\n-\n-         NextClause:;\n-         }\n-         ws.shrink(i - j);\n-     }\n-     propagations += num_props;\n-     simpDB_props -= num_props;\n-\n-     return confl;\n- }\n+ CRef Solver::propagate() {\n+     CRef confl = CRef_Undef;\n+     int num_props = 0;\n+     watches.cleanAll();\n+     while (qhead < trail.size()) {\n+         Lit p = trail[qhead++];\n+         vec<Watcher>& ws = watches[p];\n+         Watcher *i, *j, *end;\n+         num_props++;\n+         for (i = j = (Watcher*)ws, end = i + ws.size(); i != end; ) {\n+             Lit blocker = i->blocker;\n+             if (value(blocker) == l_True) {\n+                 *j++ = *i++;\n+                 continue;\n+             }\n+             CRef cr = i->cref;\n+             Clause& c = ca[cr];\n+             Lit false_lit = ~p;\n+             if (c[0] == false_lit) {\n+                 c[0] = c[1];\n+                 c[1] = false_lit;\n+             }\n+             assert(c[1] == false_lit);\n+             i++;\n+             Lit first = c[0];\n+             lbool val_first = value(first);\n+             Watcher w(cr, first);\n+             if (first != blocker && val_first == l_True) {\n+                 *j++ = w;\n+                 continue;\n+             }\n+             bool watch_found = false;\n+             for (int k = 2; k < c.size(); k++) {\n+                 lbool val_k = value(c[k]);\n+                 if (val_k != l_False) {\n+                     c[1] = c[k];\n+                     c[k] = false_lit;\n+                     watches[~c[1]].push(w);\n+                     watch_found = true;\n+                     break;\n+                 }\n+             }\n+             if (watch_found) {\n+                 // Proceed to next clause\n+             } else {\n+                 *j++ = w;\n+                 if (val_first == l_False) {\n+                     confl = cr;\n+                     qhead = trail.size();\n+                     while (i < end)\n+                         *j++ = *i++;\n+                 } else {\n+                     uncheckedEnqueue(first, cr);\n+                 }\n+             }\n+         }\n+         ws.shrink(i - j);\n+     }\n+     propagations += num_props;\n+     simpDB_props -= num_props;\n+     return confl;\n+ }") | LineLLMMutation(('core/Solver.cc', 37), '-         for (i = j = (Watcher*)ws, end = i + ws.size(); i != end; ) {\n-             Lit blocker = i->blocker;\n-             if (value(blocker) == l_True) {\n-                 *j++ = *i++;\n-                 continue;\n-             }\n-             CRef cr = i->cref;\n-             Clause& c = ca[cr];\n-             Lit false_lit = ~p;\n-             if (c[0] == false_lit) {\n+         Lit false_lit = ~p;\n+         for (i = j = (Watcher*)ws, end = i + ws.size(); i != end; ) {\n+             Lit blocker = i->blocker;\n+             if (value(blocker) == l_True) {\n+                 *j++ = *i++;\n+                 continue;\n+             }\n+             CRef cr = i->cref;\n+             Clause& c = ca[cr];\n+             if (c[0] == false_lit) {') | LineLLMMutation(('core/Solver.cc', 54), '-         for (i = j = (Watcher*)ws, end = i + ws.size(); i != end; ) {\n-             Lit blocker = i->blocker;\n-             if (value(blocker) == l_True) {\n-                 *j++ = *i++;\n-                 continue;\n-             }\n-             CRef cr = i->cref;\n-             Clause& c = ca[cr];\n-             if (c[0] == false_lit) {\n-                 c[0] = c[1];\n-                 c[1] = false_lit;\n-             }\n-             assert(c[1] == false_lit);\n-             i++;\n-             Lit first = c[0];\n-             lbool val_first = value(first);\n-             Watcher w(cr, first);\n-             if (first != blocker && val_first == l_True) {\n-                 *j++ = w;\n-                 continue;\n-             }\n-             bool watch_found = false;\n-             for (int k = 2; k < c.size(); k++) {\n-                 lbool val_k = value(c[k]);\n-                 if (val_k != l_False) {\n-                     c[1] = c[k];\n-                     c[k] = false_lit;\n-                     watches[~c[1]].push(w);\n-                     watch_found = true;\n-                     break;\n-                 }\n-             }\n-             if (watch_found) {\n-                 // Proceed to next clause\n-             } else {\n-                 *j++ = w;\n-                 if (val_first == l_False) {\n-                     confl = cr;\n-                     qhead = trail.size();\n-                     while (i < end)\n-                         *j++ = *i++;\n-                 } else {\n-                     uncheckedEnqueue(first, cr);\n-                 }\n-             }\n-         }\n-         ws.shrink(i - j);\n+         for (i = j = (Watcher*)ws, end = i + ws.size(); i != end; ) {\n+             Lit blocker = i->blocker;\n+             if (value(blocker) == l_True) {\n+                 *j++ = *i++;\n+                 continue;\n+             }\n+             CRef cr = i->cref;\n+             Clause& c = ca[cr];\n+             if (c[0] == false_lit) {\n+                 c[0] = c[1];\n+                 c[1] = false_lit;\n+             }\n+             assert(c[1] == false_lit);\n+             i++;\n+             Lit first = c[0];\n+             lbool val_first = value(first);\n+             Watcher w(cr, first);\n+             if (first != blocker && val_first == l_True) {\n+                 *j++ = w;\n+                 continue;\n+             }\n+             bool watch_found = false;\n+             const int cs = c.size();\n+             for (int k = 2; k < cs; k++) {\n+                 lbool val_k = value(c[k]);\n+                 if (val_k != l_False) {\n+                     c[1] = c[k];\n+                     c[k] = false_lit;\n+                     watches[~c[1]].push(w);\n+                     watch_found = true;\n+                     break;\n+                 }\n+             }\n+             if (!watch_found) {\n+                 *j++ = w;\n+                 if (val_first == l_False) {\n+                     confl = cr;\n+                     qhead = trail.size();\n+                     while (i < end)\n+                         *j++ = *i++;\n+                 } else {\n+                     uncheckedEnqueue(first, cr);\n+                 }\n+             }\n+         }\n+         ws.shrink(i - j);')"
2025-03-13 23:46:07,616	[INFO]	Step: 85
2025-03-13 23:46:07,616	[INFO]	Stop Steps: 100
2025-03-13 23:46:23,354	[DEBUG]	EXEC>  SUCCESS 0.67900595
2025-03-13 23:46:23,355	[INFO]	3-6     SUCCESS               0.68 (100.17%) [2 edit(s)]  
2025-03-13 23:46:23,355	[DEBUG]	patch(3-6)="LineLLMMutation(('core/Solver.cc', 45), '-        Watcher        *i, *j, *end;\n+        Watcher        *i, *j, *end;\n+        Lit false_lit = ~p;\n-            Lit      false_lit = ~p;\n+') | LineLLMMutation(('core/Solver.cc', 55), '-#include "mtl/Sort.h"\n+#include "mtl/Sort.h"\n+#include <algorithm>\n-    sort(learnts, reduceDB_lt(ca));\n+    std::nth_element(&learnts[0], &learnts[0] + learnts.size()/2, &learnts[0] + learnts.size(), reduceDB_lt(ca));')"
2025-03-13 23:46:23,355	[INFO]	Step: 86
2025-03-13 23:46:23,355	[INFO]	Stop Steps: 100
2025-03-13 23:46:25,181	[INFO]	3-7     TEST_CODE_ERROR       None (--) [2 edit(s)]  
2025-03-13 23:46:25,181	[DEBUG]	patch(3-7)="LineLLMCrossover(('core/Solver.cc', 10), '-         for (int c = trail.size()-1; c >= trail_lim[level]; c--){\n-             Var      x  = var(trail[c]);\n-             assigns [x] = l_Undef;\n-             if (phase_saving > 1 || (phase_saving == 1) && c > trail_lim.last())\n-                 polarity[x] = sign(trail[c]);\n-             insertVarOrder(x); }\n+     int tSize = trail.size();\n+     int lim = trail_lim[level];\n+     for (int c = tSize - 1; c >= lim; c--){\n+             Var x = var(trail[c]);\n+             assigns[x] = l_Undef;\n+             if (phase_saving > 1 || (phase_saving == 1 && c > trail_lim.last()))\n+                 polarity[x] = sign(trail[c]);\n+             insertVarOrder(x);\n+     }') | LineLLMMutation(('core/Solver.cc', 56), "- CRef Solver::propagate()\n- {\n-     CRef    confl     = CRef_Undef;\n-     int     num_props = 0;\n-     watches.cleanAll();\n-\n-     while (qhead < trail.size()){\n-         Lit            p   = trail[qhead++];     // 'p' is enqueued fact to propagate.\n-         vec<Watcher>&  ws  = watches[p];\n-         Watcher        *i, *j, *end;\n-         num_props++;\n-\n-         for (i = j = (Watcher*)ws, end = i + ws.size();  i != end;){\n-             // Try to avoid inspecting the clause:\n-             Lit blocker = i->blocker;\n-             if (value(blocker) == l_True){\n-                 *j++ = *i++; continue; }\n-\n-             // Make sure the false literal is data[1]:\n-             CRef     cr        = i->cref;\n-             Clause&  c         = ca[cr];\n-             Lit      false_lit = ~p;\n-             if (c[0] == false_lit)\n-                 c[0] = c[1], c[1] = false_lit;\n-             assert(c[1] == false_lit);\n-             i++;\n-\n-             // If 0th watch is true, then clause is already satisfied.\n-             Lit     first = c[0];\n-             Watcher w     = Watcher(cr, first);\n-             if (first != blocker && value(first) == l_True){\n-                 *j++ = w; continue; }\n-\n-             // Look for new watch:\n-             for (int k = 2; k < c.size(); k++)\n-                 if (value(c[k]) != l_False){\n-                     c[1] = c[k]; c[k] = false_lit;\n-                     watches[~c[1]].push(w);\n-                     goto NextClause; }\n-\n-             // Did not find watch -- clause is unit under assignment:\n-             *j++ = w;\n-             if (value(first) == l_False){\n-                 confl = cr;\n-                 qhead = trail.size();\n-                 // Copy the remaining watches:\n-                 while (i < end)\n-                     *j++ = *i++;\n-             }else\n-                 uncheckedEnqueue(first, cr);\n-\n-         NextClause:;\n-         }\n-         ws.shrink(i - j);\n-     }\n-     propagations += num_props;\n-     simpDB_props -= num_props;\n-\n-     return confl;\n- }\n+ CRef Solver::propagate() {\n+     CRef confl = CRef_Undef;\n+     int num_props = 0;\n+     watches.cleanAll();\n+\n+     while (qhead < trail.size()){\n+         Lit p = trail[qhead++];\n+         vec<Watcher>& ws = watches[p];\n+         int wsSize = ws.size();\n+         for (int idx = 0; idx < wsSize; idx++){\n+             num_props++;\n+             Watcher curr = ws[idx];\n+             if (value(curr.blocker) == l_True)\n+                 continue;\n+             CRef cr = curr.cref;\n+             Clause& c = ca[cr];\n+             Lit false_lit = ~p;\n+             if (c[0] == false_lit) {\n+                 std::swap(c[0], c[1]);\n+                 c[1] = false_lit;\n+             }\n+             if (value(c[0]) == l_True)\n+                 continue;\n+             bool foundNew = false;\n+             for (int k = 2; k < c.size(); k++){\n+                 if (value(c[k]) != l_False){\n+                     c[1] = c[k];\n+                     c[k] = false_lit;\n+                     watches[~c[1]].push(Watcher(cr, c[0]));\n+                     foundNew = true;\n+                     break;\n+                 }\n+             }\n+             if (!foundNew) {\n+                 if (value(c[0]) == l_False) {\n+                     confl = cr;\n+                     idx = wsSize;\n+                     break;\n+                 } else {\n+                     uncheckedEnqueue(c[0], cr);\n+                 }\n+             }\n+         }\n+     }\n+     propagations += num_props;\n+     simpDB_props -= num_props;\n+     return confl;\n+ }")"
2025-03-13 23:46:25,182	[INFO]	Step: 87
2025-03-13 23:46:25,182	[INFO]	Stop Steps: 100
2025-03-13 23:46:27,133	[INFO]	3-8     TEST_CODE_ERROR       None (--) [2 edit(s)]  
2025-03-13 23:46:27,133	[DEBUG]	patch(3-8)="LineLLMCrossover(('core/Solver.cc', 11), '-         for (i = j = (Watcher*)ws, end = i + ws.size();  i != end;){\n+         const int ws_size = ws.size();\n+         for (i = j = (Watcher*)ws, end = i + ws_size;  i != end;){') | LineLLMMutation(('core/Solver.cc', 57), '-         const int ws_size = ws.size();\n-         for (i = j = (Watcher*)ws, end = i + ws_size;  i != end;){\n-            // Try to avoid inspecting the clause:\n-            Lit blocker = i->blocker;\n-            if (value(blocker) == l_True){\n-                *j++ = *i++; continue; }\n-\n-            // Make sure the false literal is data[1]:\n-            CRef     cr        = i->cref;\n-            Clause&  c         = ca[cr];\n-            Lit      false_lit = ~p;\n-            if (c[0] == false_lit)\n-                c[0] = c[1], c[1] = false_lit;\n-            assert(c[1] == false_lit);\n-            i++;\n-\n-            // If 0th watch is true, then clause is already satisfied.\n-            Lit     first = c[0];\n-            Watcher w     = Watcher(cr, first);\n-            if (first != blocker && value(first) == l_True){\n-                *j++ = w; continue; }\n-\n-            // Look for new watch:\n-            for (int k = 2; k < c.size(); k++)\n-                if (value(c[k]) != l_False){\n-                    c[1] = c[k]; c[k] = false_lit;\n-                    watches[~c[1]].push(w);\n-                    goto NextClause; }\n-\n-            // Did not find watch -- clause is unit under assignment:\n-            *j++ = w;\n-            if (value(first) == l_False){\n-                confl = cr;\n-                qhead = trail.size();\n-                // Copy the remaining watches:\n-                while (i < end)\n-                    *j++ = *i++;\n-            }else\n-                uncheckedEnqueue(first, cr);\n-\n-        NextClause:;\n-         }\n-         ws.shrink(i - j);\n+         {\n+             int n = ws.size();\n+             int new_index = 0;\n+             for (int k = 0; k < n; k++){\n+                 Watcher orig = ws[k];\n+                 Lit blocker = orig.blocker;\n+                 if (value(blocker) == l_True){\n+                     ws[new_index++] = orig;\n+                     continue;\n+                 }\n+                 CRef cr = orig.cref;\n+                 Clause& c = ca[cr];\n+                 Lit false_lit = ~p;\n+                 if (c[0] == false_lit){\n+                     c[0] = c[1];\n+                     c[1] = false_lit;\n+                 }\n+                 assert(c[1] == false_lit);\n+                 Lit first = c[0];\n+                 Watcher w = Watcher(cr, first);\n+                 if (first != blocker && value(first) == l_True){\n+                     ws[new_index++] = w;\n+                     continue;\n+                 }\n+                 bool found = false;\n+                 for (int j = 2; j < c.size(); j++){\n+                     if (value(c[j]) != l_False){\n+                         c[1] = c[j];\n+                         c[j] = false_lit;\n+                         watches[~c[1]].push(w);\n+                         found = true;\n+                         break;\n+                     }\n+                 }\n+                 if (!found){\n+                     ws[new_index++] = w;\n+                     if (value(first) == l_False){\n+                         confl = cr;\n+                         qhead = trail.size();\n+                         for (int j = k+1; j < n; j++){\n+                             ws[new_index++] = ws[j];\n+                         }\n+                         break;\n+                     } else {\n+                         uncheckedEnqueue(first, cr);\n+                     }\n+                 }\n+             }\n+             ws.shrink(new_index);\n+         }')"
2025-03-13 23:46:27,133	[INFO]	Step: 88
2025-03-13 23:46:27,133	[INFO]	Stop Steps: 100
2025-03-13 23:46:40,942	[DEBUG]	EXEC>  SUCCESS 0.6761261000000001
2025-03-13 23:46:40,942	[INFO]	3-9     SUCCESS               0.68 (99.75%) [1 edit(s)]  
2025-03-13 23:46:40,942	[DEBUG]	patch(3-9)="LineLLMMutation(('core/Solver.cc', 58), "-CRef Solver::propagate()\n-{\n-    CRef    confl     = CRef_Undef;\n-    int     num_props = 0;\n-    watches.cleanAll();\n-\n-    while (qhead < trail.size()){\n-        Lit            p   = trail[qhead++];     // 'p' is enqueued fact to propagate.\n-        vec<Watcher>&  ws  = watches[p];\n-        Watcher        *i, *j, *end;\n-        num_props++;\n-\n-        for (i = j = (Watcher*)ws, end = i + ws.size();  i != end;){\n-            // Try to avoid inspecting the clause:\n-            Lit blocker = i->blocker;\n-            if (value(blocker) == l_True){\n-                *j++ = *i++;\n-                continue;\n-            }\n-\n-            // Make sure the false literal is data[1]:\n-            CRef     cr        = i->cref;\n-            Clause&  c         = ca[cr];\n-            Lit      false_lit = ~p;\n-            if (c[0] == false_lit)\n-                c[0] = c[1], c[1] = false_lit;\n-            assert(c[1] == false_lit);\n-            i++;\n-\n-            // If 0th watch is true, then clause is already satisfied.\n-            Lit     first = c[0];\n-            Watcher w     = Watcher(cr, first);\n-            if (first != blocker && value(first) == l_True){\n-                *j++ = w;\n-                continue;\n-            }\n-\n-            // Look for new watch:\n-            for (int k = 2; k < c.size(); k++)\n-                if (value(c[k]) != l_False){\n-                    c[1] = c[k]; c[k] = false_lit;\n-                    watches[~c[1]].push(w);\n-                    goto NextClause;\n-                }\n-\n-            // Did not find watch -- clause is unit under assignment:\n-            *j++ = w;\n-            if (value(first) == l_False){\n-                confl = cr;\n-                qhead = trail.size();\n-                // Copy the remaining watches:\n-                while (i < end)\n-                    *j++ = *i++;\n-            }else\n-                uncheckedEnqueue(first, cr);\n-\n-        NextClause:;\n-        }\n-        ws.shrink(i - j);\n-    }\n-    propagations += num_props;\n-    simpDB_props -= num_props;\n-    return confl;\n-}\n+CRef Solver::propagate()\n+{\n+    CRef confl = CRef_Undef;\n+    int num_props = 0;\n+    watches.cleanAll();\n+\n+    while (qhead < trail.size()){\n+        Lit p = trail[qhead++];\n+        vec<Watcher>& ws = watches[p];\n+        vec<Watcher> new_ws;\n+        new_ws.reserve(ws.size());\n+\n+        for (int idx = 0; idx < ws.size(); idx++){\n+            Watcher curr = ws[idx];\n+            if (value(curr.blocker) == l_True){\n+                new_ws.push(curr);\n+                continue;\n+            }\n+\n+            CRef cr = curr.cref;\n+            Clause& c = ca[cr];\n+            Lit false_lit = ~p;\n+            if (c[0] == false_lit)\n+                std::swap(c[0], c[1]);\n+\n+            if (c[0] != curr.blocker && value(c[0]) == l_True){\n+                new_ws.push(Watcher(cr, c[0]));\n+                continue;\n+            }\n+\n+            bool found = false;\n+            for (int k = 2; k < c.size(); k++){\n+                if (value(c[k]) != l_False){\n+                    c[1] = c[k];\n+                    c[k] = false_lit;\n+                    watches[~c[1]].push(Watcher(cr, c[0]));\n+                    new_ws.push(Watcher(cr, c[0]));\n+                    found = true;\n+                    break;\n+                }\n+            }\n+\n+            if (!found){\n+                if (value(c[0]) == l_False){\n+                    new_ws.push(Watcher(cr, c[0]));\n+                    confl = cr;\n+                    qhead = trail.size();\n+                    break;\n+                } else {\n+                    uncheckedEnqueue(c[0], cr);\n+                    new_ws.push(Watcher(cr, c[0]));\n+                }\n+            }\n+        }\n+\n+        ws = new_ws;\n+        num_props++;\n+    }\n+\n+    propagations += num_props;\n+    simpDB_props -= num_props;\n+    return confl;\n+}")"
2025-03-13 23:46:40,942	[INFO]	Step: 89
2025-03-13 23:46:40,942	[INFO]	Stop Steps: 100
2025-03-13 23:52:55,207	[INFO]	Step: 89
2025-03-13 23:52:55,207	[INFO]	Stop Steps: 100
2025-03-13 23:53:07,161	[DEBUG]	EXEC>  SUCCESS 0.50393685
2025-03-13 23:53:07,161	[INFO]	4-10    SUCCESS              *0.50 (74.34%) [2 edit(s)]  
2025-03-13 23:53:07,162	[DEBUG]	patch(4-10)="LineLLMCrossover(('core/Solver.cc', 8), '-             if (value(blocker) == l_True){\n+             if (__builtin_expect(value(blocker) == l_True, 1)){') | LineLLMMutation(('core/Solver.cc', 53), '-        for (i = j = (Watcher*)ws, end = i + ws.size();  i != end;){\n+        int ws_size = ws.size();\n+        Watcher* begin_ptr = (Watcher*)ws;\n+        Watcher* end_ptr = begin_ptr + ws_size;\n+        for (i = j = begin_ptr; i != end_ptr;){')"

2025-03-13 23:53:07,162	[INFO]	Step: 90
2025-03-13 23:53:07,162	[INFO]	Stop Steps: 100
2025-03-13 23:53:22,579	[DEBUG]	EXEC>  SUCCESS 0.67740645
2025-03-13 23:53:22,580	[INFO]	4-11    SUCCESS               0.68 (99.94%) [1 edit(s)]  
2025-03-13 23:53:22,580	[DEBUG]	patch(4-11)="LineLLMCrossover(('core/Solver.cc', 16), '- for (i = j = 0; i < cs.size(); i++){\n+ int sz = cs.size();\n+ for (i = j = 0; i < sz; i++){\n- cs.shrink(i - j);\n+ cs.shrink(sz - j);')"
2025-03-13 23:53:22,580	[INFO]	Step: 91
2025-03-13 23:53:22,580	[INFO]	Stop Steps: 100
2025-03-13 23:53:34,546	[DEBUG]	EXEC>  SUCCESS 0.50446735
2025-03-13 23:53:34,547	[INFO]	4-12    SUCCESS               0.50 (74.42%) [1 edit(s)]  
2025-03-13 23:53:34,547	[DEBUG]	patch(4-12)="LineLLMCrossover(('core/Solver.cc', 24), '-         for (i = j = (Watcher*)ws, end = i + ws.size();  i != end;){\n+         int ws_size = ws.size();\n+         Watcher* begin_ptr = (Watcher*)ws;\n+         Watcher* end_ptr = begin_ptr + ws_size;\n+         for (i = j = begin_ptr; i != end_ptr;){\n-             if (value(blocker) == l_True){\n+             if (__builtin_expect(value(blocker) == l_True, 1)){')"
2025-03-13 23:53:34,547	[INFO]	Step: 92
2025-03-13 23:53:34,547	[INFO]	Stop Steps: 100
2025-03-13 23:53:49,878	[DEBUG]	EXEC>  SUCCESS 0.6727034000000001
2025-03-13 23:53:49,887	[INFO]	4-13    SUCCESS               0.67 (99.24%) [1 edit(s)]  
2025-03-13 23:53:49,887	[DEBUG]	patch(4-13)="LineLLMCrossover(('core/Solver.cc', 25), '-     for (i = j = 0; i < cs.size(); i++){\n+     int sz = cs.size();\n+     for (i = j = 0; i < sz; i++){\n-     cs.shrink(i - j);\n+     cs.shrink(sz - j);')"
2025-03-13 23:53:49,888	[INFO]	Step: 93
2025-03-13 23:53:49,888	[INFO]	Stop Steps: 100
2025-03-13 23:53:50,411	[INFO]	4-14    COMPILE_CODE_ERROR    None (--) [1 edit(s)]  
2025-03-13 23:53:50,412	[DEBUG]	patch(4-14)="LineLLMCrossover(('core/Solver.cc', 26), '-#include "mtl/Sort.h"\n+ #include <algorithm>\n-         sort(learnts, reduceDB_lt(ca));\n+         std::nth_element(&learnts[0], &learnts[0] + learnts.size()/2, &learnts[0] + learnts.size(), reduceDB_lt(ca));\n-             Lit      false_lit = ~p;\n+             Lit false_lit = ~p;')"
2025-03-13 23:53:50,412	[INFO]	Step: 94
2025-03-13 23:53:50,412	[INFO]	Stop Steps: 100
2025-03-13 23:54:06,423	[DEBUG]	EXEC>  SUCCESS 0.70329705
2025-03-13 23:54:06,424	[INFO]	4-15    SUCCESS               0.70 (103.76%) [1 edit(s)]  
2025-03-13 23:54:06,424	[DEBUG]	patch(4-15)="LineLLMCrossover(('core/Solver.cc', 27), '-         for (int i = trail.size()-1; i >= trail_lim[0]; i--){\n-             Var x = var(trail[i]);\n-             if (seen[x]){\n-                 if (reason(x) == CRef_Undef){\n-                     assert(level(x) > 0);\n-                     out_conflict.push(~trail[i]);\n-                 }else{\n-                     Clause& c = ca[reason(x)];\n-                     for (int j = 1; j < c.size(); j++)\n-                         if (level(var(c[j])) > 0)\n-                             seen[var(c[j])] = 1;\n-                 }\n-                 seen[x] = 0;\n-             }\n-         }\n+         for (int i = 0; i < analyze_toclear.size(); i++){\n+             seen[var(analyze_toclear[i])] = 0;\n+         }')"
2025-03-13 23:54:06,424	[INFO]	Step: 95
2025-03-13 23:54:06,424	[INFO]	Stop Steps: 100
2025-03-13 23:54:22,156	[DEBUG]	EXEC>  SUCCESS 0.6933912
2025-03-13 23:54:22,156	[INFO]	4-16    SUCCESS               0.69 (102.29%) [1 edit(s)]  
2025-03-13 23:54:22,157	[DEBUG]	patch(4-16)="LineLLMCrossover(('core/Solver.cc', 28), '-         double  progress = 0;\n+         double progress = 0;\n-         double  F = 1.0 / nVars();\n+         double F = 1.0 / nVars();\n+         double multiplier = 1.0;\n-         for (int i = 0; i <= decisionLevel(); i++){\n-             int beg = i == 0 ? 0 : trail_lim[i - 1];\n-             int end = i == decisionLevel() ? trail.size() : trail_lim[i];\n-             progress += pow(F, i) * (end - beg);\n-         }\n+         for (int i = 0; i <= decisionLevel(); i++){\n+             int beg = (i == 0) ? 0 : trail_lim[i - 1];\n+             int end = (i == decisionLevel()) ? trail.size() : trail_lim[i];\n+             progress += multiplier * (end - beg);\n+             multiplier *= F;\n+         }\n-         return progress / nVars();\n+         return progress / nVars();')"
2025-03-13 23:54:22,157	[INFO]	Step: 96
2025-03-13 23:54:22,157	[INFO]	Stop Steps: 100
2025-03-13 23:54:38,247	[DEBUG]	EXEC>  SUCCESS 0.7109665
2025-03-13 23:54:38,247	[INFO]	4-17    SUCCESS               0.71 (104.89%) [1 edit(s)]  
2025-03-13 23:54:38,247	[DEBUG]	patch(4-17)="LineLLMCrossover(('core/Solver.cc', 29), '-             if (first != blocker && value(first) == l_True){\n-                 *j++ = w; continue; }\n+             lbool first_val = value(first);\n+             if (first != blocker && first_val == l_True){\n+                 *j++ = w;\n+                 continue; }\n-             if (value(first) == l_False){\n+             if (first_val == l_False){')"
2025-03-13 23:54:38,247	[INFO]	Step: 97
2025-03-13 23:54:38,247	[INFO]	Stop Steps: 100
2025-03-13 23:54:53,895	[DEBUG]	EXEC>  SUCCESS 0.6884999
2025-03-13 23:54:53,896	[INFO]	4-18    SUCCESS               0.69 (101.57%) [1 edit(s)]  
2025-03-13 23:54:53,896	[DEBUG]	patch(4-18)="LineLLMCrossover(('core/Solver.cc', 30), '-             Lit blocker = i->blocker;\n-             if (value(blocker) == l_True){\n+             Lit blocker = i->blocker;\n+             lbool blocker_val = value(blocker);\n+             if (blocker_val == l_True){')"
2025-03-13 23:54:53,896	[INFO]	Step: 98
2025-03-13 23:54:53,896	[INFO]	Stop Steps: 100
2025-03-13 23:55:09,624	[DEBUG]	EXEC>  SUCCESS 0.69313195
2025-03-13 23:55:09,625	[INFO]	4-19    SUCCESS               0.69 (102.26%) [1 edit(s)]  
2025-03-13 23:55:09,625	[DEBUG]	patch(4-19)="LineLLMCrossover(('core/Solver.cc', 31), '-             CRef     cr        = i->cref;\n-             Clause&  c         = ca[cr];\n-             Lit      false_lit = ~p;\n+             CRef     cr        = i->cref;\n+             Clause&  c         = ca[cr];\n+             const Lit false_lit = ~p;')"
2025-03-13 23:55:09,625	[INFO]	Step: 99
2025-03-13 23:55:09,625	[INFO]	Stop Steps: 100
2025-03-13 23:55:09,951	[INFO]	4-20    COMPILE_CODE_ERROR    None (--) [3 edit(s)]  
2025-03-13 23:55:09,951	[DEBUG]	patch(4-20)="LineLLMCrossover(('core/Solver.cc', 8), '-             if (value(blocker) == l_True){\n+             if (__builtin_expect(value(blocker) == l_True, 1)){') | LineLLMMutation(('core/Solver.cc', 53), '-        for (i = j = (Watcher*)ws, end = i + ws.size();  i != end;){\n+        int ws_size = ws.size();\n+        Watcher* begin_ptr = (Watcher*)ws;\n+        Watcher* end_ptr = begin_ptr + ws_size;\n+        for (i = j = begin_ptr; i != end_ptr;){') | LineLLMMutation(('core/Solver.cc', 59), '-        Watcher        *i, *j, *end;\n-        num_props++;\n-\n-        int ws_size = ws.size();\n-        Watcher* begin_ptr = (Watcher*)ws;\n-        Watcher* end_ptr = begin_ptr + ws_size;\n-        for (i = j = begin_ptr; i != end_ptr;){\n-            // Try to avoid inspecting the clause:\n-            Lit blocker = i->blocker;\n-             if (__builtin_expect(value(blocker) == l_True, 1)){\n-                *j++ = *i++; continue; }\n-\n-            // Make sure the false literal is data[1]:\n-            CRef     cr        = i->cref;\n-            Clause&  c         = ca[cr];\n-            Lit      false_lit = ~p;\n-            if (c[0] == false_lit)\n-                c[0] = c[1], c[1] = false_lit;\n-            assert(c[1] == false_lit);\n-            i++;\n-\n-            // If 0th watch is true, then clause is already satisfied.\n-            Lit     first = c[0];\n-            Watcher w     = Watcher(cr, first);\n-            if (first != blocker && value(first) == l_True){\n-                *j++ = w; continue; }\n-\n-            // Look for new watch:\n-            for (int k = 2; k < c.size(); k++)\n-                if (value(c[k]) != l_False){\n-                    c[1] = c[k]; c[k] = false_lit;\n-                    watches[~c[1]].push(w);\n-                    goto NextClause; }\n-\n-            // Did not find watch -- clause is unit under assignment:\n-            *j++ = w;\n-            if (value(first) == l_False){\n-                confl = cr;\n-                qhead = trail.size();\n-                // Copy the remaining watches:\n-                while (i < end)\n-                    *j++ = *i++;\n-            }else\n-                uncheckedEnqueue(first, cr);\n-\n-        NextClause:;\n-        }\n-        ws.shrink(i - j);\n+        num_props++;\n+        vec<Watcher> new_ws;\n+        for (int k = 0; k < ws.size(); k++) {\n+            Watcher w = ws[k];\n+            Lit blocker = w.blocker;\n+            if (__builtin_expect(value(blocker) == l_True, 1)) {\n+                new_ws.push(w);\n+                continue;\n+            }\n+            CRef cr = w.cref;\n+            Clause& c = ca[cr];\n+            Lit false_lit = ~p;\n+            if (c[0] == false_lit) {\n+                c[0] = c[1];\n+                c[1] = false_lit;\n+            }\n+            Lit first = c[0];\n+            if (first != blocker && value(first) == l_True) {\n+                new_ws.push(Watcher(cr, first));\n+                continue;\n+            }\n+            bool found = false;\n+            for (int m = 2; m < c.size(); m++) {\n+                if (value(c[m]) != l_False) {\n+                    c[1] = c[m];\n+                    c[m] = false_lit;\n+                    watches[~c[1]].push(Watcher(cr, c[0]));\n+                    found = true;\n+                    break;\n+                }\n+            }\n+            if (!found) {\n+                new_ws.push(Watcher(cr, c[0]));\n+                if (value(first) == l_False) {\n+                    confl = cr;\n+                    qhead = trail.size();\n+                    break;\n+                } else {\n+                    uncheckedEnqueue(first, cr);\n+                }\n+            }\n+        }\n+        ws = new_ws;')"
2025-03-13 23:55:09,951	[INFO]	Step: 100
2025-03-13 23:55:09,951	[INFO]	Stop Steps: 100
2025-03-13 23:55:09,951	[INFO]	(Abstract Algorithm) Stopping Condition: step budget
2025-03-13 23:55:09,951	[INFO]	Step: 100
2025-03-13 23:55:09,951	[INFO]	Stop Steps: 100
2025-03-13 23:55:09,969	[INFO]	~~~~ END ~~~~
2025-03-13 23:55:09,969	[INFO]	Best patch step: 89
2025-03-13 23:55:09,971	[INFO]	
2025-03-13 23:55:09,971	[INFO]	==== REPORT ====
2025-03-13 23:55:09,971	[INFO]	Termination: step budget
2025-03-13 23:55:09,971	[INFO]	Log file: /home/luke/magpie/_magpie_logs/minisat_1741907572.log
2025-03-13 23:55:09,971	[INFO]	Patch file: _magpie_logs/minisat_1741907572.patch
2025-03-13 23:55:09,971	[INFO]	Diff file: _magpie_logs/minisat_1741907572.diff
2025-03-13 23:55:09,971	[INFO]	Reference fitness: 0.68
2025-03-13 23:55:09,972	[INFO]	Best fitness: 0.50
2025-03-13 23:55:09,972	[INFO]	
2025-03-13 23:55:09,972	[INFO]	==== BEST PATCH ====
LineLLMCrossover(('core/Solver.cc', 8), '-             if (value(blocker) == l_True){\n+             if (__builtin_expect(value(blocker) == l_True, 1)){') + LineLLMMutation(('core/Solver.cc', 53), '-        for (i = j = (Watcher*)ws, end = i + ws.size();  i != end;){\n+        int ws_size = ws.size();\n+        Watcher* begin_ptr = (Watcher*)ws;\n+        Watcher* end_ptr = begin_ptr + ws_size;\n+        for (i = j = begin_ptr; i != end_ptr;){')
2025-03-13 23:55:09,972	[INFO]	
2025-03-13 23:55:09,973	[INFO]	==== DIFF ====

