2025-03-15 22:38:04,950	[DEBUG]	==== CONFIG ====
[magpie]
import = 
seed = 6807036617860620
log_dir = _magpie_logs
work_dir = _magpie_work
local_original_copy = True
local_original_name = __original__
output_encoding = ascii
edit_retries = 10
default_timeout = 100
default_lengthout = 1e6
diff_method = unified
trust_local_filesystem = True
run_timeout = 100

[magpie.log]
color_output = True
format_info = {counter:<7} {status:<20} {best}{fitness} ({ratio}) [{size}] {cached} {log}
format_debug = patch({counter})="{patch}"{diffifbest}
format_fitness = {:.2f}
format_ratio = {:.2%%}
format_patchif = 
	 --> {patch}
format_diffif = 
	{diff}

[software]
path = dataset/minisat
target_files = 
	core/Solver.cc
software = BasicSoftware
model_rules = 
	*.params : ParamFileConfigModel
	*.xml : SrcmlModel
	* : LineModel
model_config = 
	*.params : [paramconfig]
	*.xml : [srcml]
init_cmd = bash init.sh
init_timeout = 60
init_lengthout = -1
setup_cmd = bash compile.sh
setup_timeout = 
setup_lengthout = 
compile_cmd = bash compile.sh
compile_timeout = 
compile_lengthout = 
test_cmd = bash test.sh
test_timeout = 
test_lengthout = 
run_cmd = bash run_fixed.sh
run_timeout = 
run_lengthout = 
batch_timeout = 
batch_lengthout = 
batch_bin_fitness_strategy = aggregate
batch_fitness_strategy = sum
fitness = time
retries = 1

[srcml]
rename = 
	stmt: break continue decl_stmt do expr_stmt for goto if return switch while
	number: literal_number
focus = block stmt operator_comp operator_arith number
internodes = block
process_pseudo_blocks = True
process_literals = True
process_operators = True

[paramconfig]
timing = test run
cli_prefix = --
cli_glue = =
cli_boolean = show
cli_boolean_prefix_true = 
cli_boolean_prefix_false = no-
cli_none = hide
silent_prefix = @
silent_suffix = $

[search]
protocol = BasicProtocol
algorithm = GeneticProgrammingLLM
possible_edits = 
	LineLLMMutation
	LineLLMCrossover
llm_prob = 1.0
warmup = 3
warmup_strategy = last
max_steps = 100
max_time = 20000
target_fitness = 
cache_maxsize = 100
cache_keep = 0.2
batch_instances = 
batch_shuffle = True
batch_bin_shuffle = False
batch_sample_size = 1

[search.ls]
delete_prob = 0.5
max_neighbours = 
when_trapped = continue
accept_fail = False
tabu_length = 10

[search.gp]
pop_size = 20
delete_prob = 0.0
offspring_elitism = 0.1
offspring_crossover = 0.4
offspring_mutation = 0.6
uniform_rate = 0.5
batch_reset = False
llm_type = baseline
reflection = SUCCESSFUL

[search.minify]
do_cleanup = True
do_rebuild = True
do_simplify = True
round_robin_limit = 3


2025-03-15 22:38:04,950	[DEBUG]	
2025-03-15 22:38:04,950	[INFO]	==== SEARCH: GeneticProgrammingLLM ====
2025-03-15 22:38:04,951	[INFO]	~~~~ WARMUP ~~~~
2025-03-15 22:38:18,962	[DEBUG]	EXEC>  SUCCESS 0.6804031500000001
2025-03-15 22:38:18,962	[INFO]	WARM    SUCCESS               0.68 (--) [0 edit(s)]  
2025-03-15 22:38:32,938	[DEBUG]	EXEC>  SUCCESS 0.6843082
2025-03-15 22:38:32,938	[INFO]	WARM    SUCCESS               0.68 (--) [0 edit(s)]  
2025-03-15 22:38:46,888	[DEBUG]	EXEC>  SUCCESS 0.6834543
2025-03-15 22:38:46,888	[INFO]	WARM    SUCCESS               0.68 (--) [0 edit(s)]  
2025-03-15 22:38:46,888	[INFO]	REF     SUCCESS               0.68 (--) [0 edit(s)]  
2025-03-15 22:38:46,890	[INFO]	
2025-03-15 22:38:46,890	[INFO]	~~~~ START ~~~~
2025-03-15 22:39:53,822	[DEBUG]	EXEC>  SUCCESS 0.69047655
2025-03-15 22:39:58,497	[INFO]	0-1     SUCCESS              +0.69 (101.03%) [1 edit(s)]  
2025-03-15 22:39:58,497	[DEBUG]	patch(0-1)="LineLLMMutation(('core/Solver.cc', 0), '-#include <math.h>\n+#include <cmath>')"
2025-03-15 22:40:13,278	[DEBUG]	EXEC>  SUCCESS 0.67545835
2025-03-15 22:40:18,379	[INFO]	0-2     SUCCESS              *0.68 (98.83%) [1 edit(s)]  
2025-03-15 22:40:18,379	[DEBUG]	patch(0-2)="LineLLMMutation(('core/Solver.cc', 1), '-    double progress = 0;\n-    double F = 1.0 / nVars();\n-    for (int i = 0; i <= decisionLevel(); i++){\n-        int beg = i == 0 ? 0 : trail_lim[i - 1];\n-        int end = i == decisionLevel() ? trail.size() : trail_lim[i];\n-        progress += pow(F, i) * (end - beg);\n-    }\n-    return progress / nVars();\n+    double progress = 0;\n+    double F = 1.0 / nVars();\n+    double multiplier = 1.0;\n+    for (int i = 0; i <= decisionLevel(); i++){\n+        int beg = i == 0 ? 0 : trail_lim[i - 1];\n+        int end = i == decisionLevel() ? trail.size() : trail_lim[i];\n+        progress += multiplier * (end - beg);\n+        multiplier *= F;\n+    }\n+    return progress / nVars();')"

2025-03-15 22:40:22,976	[INFO]	0-3     COMPILE_CODE_ERROR    None (--) [1 edit(s)]  
2025-03-15 22:40:22,976	[DEBUG]	patch(0-3)="LineLLMMutation(('core/Solver.cc', 2), '-        for (i = j = (Watcher*)ws, end = i + ws.size();  i != end;){\n+        Watcher* i = ws.data();\n+        Watcher* j = i;\n+        Watcher* end = ws.data() + ws.size();\n+        for (; i != end;){')"
2025-03-15 22:40:38,140	[DEBUG]	EXEC>  SUCCESS 0.6941436500000001
2025-03-15 22:40:43,986	[INFO]	0-4     SUCCESS               0.69 (101.56%) [1 edit(s)]  
2025-03-15 22:40:43,986	[DEBUG]	patch(0-4)="LineLLMMutation(('core/Solver.cc', 3), '-            Lit q = c[j];\n-            if (!seen[var(q)] && level(var(q)) > 0){\n-                varBumpActivity(var(q));\n-                seen[var(q)] = 1;\n-                if (level(var(q)) >= decisionLevel())\n-                    pathC++;\n-                else\n-                    out_learnt.push(q);\n-            }\n+            Lit q = c[j];\n+            int vq = var(q);\n+            if (!seen[vq] && level(vq) > 0){\n+                varBumpActivity(vq);\n+                seen[vq] = 1;\n+                if (level(vq) >= decisionLevel())\n+                    pathC++;\n+                else\n+                    out_learnt.push(q);\n+            }')"
2025-03-15 22:41:00,668	[DEBUG]	EXEC>  SUCCESS 0.6915581000000002
2025-03-15 22:41:07,655	[INFO]	0-5     SUCCESS               0.69 (101.19%) [1 edit(s)]  
2025-03-15 22:41:07,655	[DEBUG]	patch(0-5)="LineLLMMutation(('core/Solver.cc', 4), '-    activity .push(rnd_init_act ? drand(random_seed) * 0.00001 : 0);\n+    activity .push(0);')"
2025-03-15 22:41:22,620	[DEBUG]	EXEC>  SUCCESS 0.6843144999999999
2025-03-15 22:41:28,078	[INFO]	0-6     SUCCESS               0.68 (100.13%) [1 edit(s)]  
2025-03-15 22:41:28,078	[DEBUG]	patch(0-6)="LineLLMMutation(('core/Solver.cc', 5), '-    Var next = var_Undef;\n-    if (drand(random_seed) < random_var_freq && !order_heap.empty()){\n-        next = order_heap[irand(random_seed,order_heap.size())];\n-        if (value(next) == l_Undef && decision[next])\n-            rnd_decisions++; }\n-    while (next == var_Undef || value(next) != l_Undef || !decision[next])\n-        if (order_heap.empty()){\n-            next = var_Undef;\n-            break;\n-        }else\n-            next = order_heap.removeMin();\n+    Var next = var_Undef;\n+    while (!order_heap.empty()){\n+        if (drand(random_seed) < random_var_freq){\n+            next = order_heap[irand(random_seed,order_heap.size())];\n+            if (value(next) == l_Undef && decision[next]) {\n+                rnd_decisions++;\n+                break;\n+            }\n+        }\n+        next = order_heap.removeMin();\n+        if (value(next) == l_Undef && decision[next])\n+            break;\n+        next = var_Undef;\n+    }')"
2025-03-15 22:41:33,863	[INFO]	0-7     COMPILE_CODE_ERROR    None (--) [1 edit(s)]  
2025-03-15 22:41:33,863	[DEBUG]	patch(0-7)="LineLLMMutation(('core/Solver.cc', 6), '-                printf("| %9d | %7d %8d %8d | %8d %8d %6.0f | %6.3f %% |\\n",\n-                           (int)conflicts,\n-                           (int)dec_vars - (trail_lim.size() == 0 ? trail.size() : trail_lim[0]), nClauses(), (int)clauses_literals,\n-                           (int)max_learnts, nLearnts(), (double)learnts_literals/nLearnts(), progressEstimate()*100);\n+                // Removed verbose printing for optimization')"
2025-03-15 22:41:38,659	[INFO]	0-8     COMPILE_CODE_ERROR    None (--) [1 edit(s)]  
2025-03-15 22:41:38,660	[DEBUG]	patch(0-8)="LineLLMMutation(('core/Solver.cc', 7), '-    sort(learnts, reduceDB_lt(ca));\n+    std::nth_element(learnts.begin(), learnts.begin() + learnts.size()/2, learnts.end(), reduceDB_lt(ca));')"
2025-03-15 22:41:55,180	[DEBUG]	EXEC>  SUCCESS 0.68340055
2025-03-15 22:41:58,936	[INFO]	0-9     SUCCESS               0.68 (99.99%) [1 edit(s)]  
2025-03-15 22:41:58,936	[DEBUG]	patch(0-9)="LineLLMMutation(('core/Solver.cc', 8), '-    if (nAssigns() == simpDB_assigns || (simpDB_props > 0))\n-        return true;\n+    if (nAssigns() == simpDB_assigns)\n+        return true;')"
2025-03-15 22:42:15,358	[DEBUG]	EXEC>  SUCCESS 0.67801095
2025-03-15 22:42:20,184	[INFO]	0-10    SUCCESS               0.68 (99.20%) [1 edit(s)]  
2025-03-15 22:42:20,185	[DEBUG]	patch(0-10)="LineLLMMutation(('core/Solver.cc', 9), '-    for (int i = trail.size()-1; i >= trail_lim[0]; i--){\n+    int tl0 = trail_lim[0];\n+    for (int i = trail.size()-1; i >= tl0; i--){')"
2025-03-15 22:42:37,009	[DEBUG]	EXEC>  SUCCESS 0.6982318999999999
2025-03-15 22:42:42,190	[INFO]	0-11    SUCCESS               0.70 (102.16%) [1 edit(s)]  
2025-03-15 22:42:42,190	[DEBUG]	patch(0-11)="LineLLMMutation(('core/Solver.cc', 10), '-    if (verbosity >= 2)\n-        printf("|  Garbage collection:   %12d bytes => %12d bytes             |\\n",\n-               ca.size()*ClauseAllocator::Unit_Size, to.size()*ClauseAllocator::Unit_Size);\n+    if (verbosity >= 3)\n+        printf("|  Garbage collection:   %12d bytes => %12d bytes             |\\n",\n+               ca.size()*ClauseAllocator::Unit_Size, to.size()*ClauseAllocator::Unit_Size);')"
2025-03-15 22:42:47,479	[INFO]	0-12    COMPILE_CODE_ERROR    None (--) [1 edit(s)]  
2025-03-15 22:42:47,479	[DEBUG]	patch(0-12)="LineLLMMutation(('core/Solver.cc', 11), '-    trail    .capacity(v+1);\n+    trail    .reserve(v+1);')"
2025-03-15 22:43:02,520	[DEBUG]	EXEC>  SUCCESS 0.6878508
2025-03-15 22:43:08,683	[INFO]	0-13    SUCCESS               0.69 (100.64%) [1 edit(s)]  
2025-03-15 22:43:08,683	[DEBUG]	patch(0-13)="LineLLMMutation(('core/Solver.cc', 12), '-    if (c.learnt()) learnts_literals += c.size();\n-    else            clauses_literals += c.size();\n+    (c.learnt() ? learnts_literals : clauses_literals) += c.size();')"
2025-03-15 22:43:23,410	[DEBUG]	EXEC>  SUCCESS 0.6723957500000001
2025-03-15 22:43:27,390	[INFO]	0-14    SUCCESS              *0.67 (98.38%) [1 edit(s)]  
2025-03-15 22:43:27,390	[DEBUG]	patch(0-14)="LineLLMMutation(('core/Solver.cc', 13), '-    if (c.learnt()) learnts_literals -= c.size();\n-    else            clauses_literals -= c.size();\n+    (c.learnt() ? learnts_literals : clauses_literals) -= c.size();')"

2025-03-15 22:43:43,956	[DEBUG]	EXEC>  SUCCESS 0.6852280499999999
2025-03-15 22:43:49,028	[INFO]	0-15    SUCCESS               0.69 (100.26%) [1 edit(s)]  
2025-03-15 22:43:49,028	[DEBUG]	patch(0-15)="LineLLMMutation(('core/Solver.cc', 14), '-    if (drand(random_seed) < random_var_freq && !order_heap.empty()){\n+    double randVal = drand(random_seed);\n+    if (randVal < random_var_freq && !order_heap.empty()){')"
2025-03-15 22:44:03,763	[DEBUG]	EXEC>  SUCCESS 0.6729801999999999
2025-03-15 22:44:07,028	[INFO]	0-16    SUCCESS               0.67 (98.47%) [1 edit(s)]  
2025-03-15 22:44:07,028	[DEBUG]	patch(0-16)="LineLLMMutation(('core/Solver.cc', 15), '-    while (qhead < trail.size()){\n-        Lit            p   = trail[qhead++];\n+    for (int local_qhead = qhead; local_qhead < trail.size(); local_qhead++){\n+        Lit            p   = trail[local_qhead];\n-    }\n-    propagations += num_props;\n-    simpDB_props -= num_props;\n-    return confl;\n+    }\n+    qhead = trail.size();\n+    propagations += num_props;\n+    simpDB_props -= num_props;\n+    return confl;')"
2025-03-15 22:44:23,466	[DEBUG]	EXEC>  SUCCESS 0.67939255
2025-03-15 22:44:27,096	[INFO]	0-17    SUCCESS               0.68 (99.41%) [1 edit(s)]  
2025-03-15 22:44:27,096	[DEBUG]	patch(0-17)="LineLLMMutation(('core/Solver.cc', 16), '-        while (!seen[var(trail[index--])]);\n+        while (!seen[var(trail[index])]) index--;\n+        index--;')"
2025-03-15 22:44:43,494	[DEBUG]	EXEC>  SUCCESS 0.67739045
2025-03-15 22:44:47,319	[INFO]	0-18    SUCCESS               0.68 (99.11%) [1 edit(s)]  
2025-03-15 22:44:47,319	[DEBUG]	patch(0-18)="LineLLMMutation(('core/Solver.cc', 17), '-    checkGarbage();\n+    // Removed immediate garbage check for performance')"
2025-03-15 22:44:51,784	[INFO]	0-19    COMPILE_CODE_ERROR    None (--) [1 edit(s)]  
2025-03-15 22:44:51,784	[DEBUG]	patch(0-19)="LineLLMMutation(('core/Solver.cc', 18), '-        trail.shrink(trail.size() - trail_lim[level]);\n+        trail.resize(trail_lim[level]);')"
2025-03-15 22:44:56,452	[INFO]	0-20    COMPILE_CODE_ERROR    None (--) [1 edit(s)]  
2025-03-15 22:44:56,452	[DEBUG]	patch(0-20)="LineLLMMutation(('core/Solver.cc', 19), '-        model.growTo(nVars());\n+        model.resize(nVars());')"
2025-03-15 22:44:57,452	[INFO]	Step: 20
2025-03-15 22:44:57,452	[INFO]	Stop Steps: 100
2025-03-15 22:50:00,809	[INFO]	Step: 20
2025-03-15 22:50:00,809	[INFO]	Stop Steps: 100
2025-03-15 22:50:14,494	[DEBUG]	EXEC>  SUCCESS 0.6705767
2025-03-15 22:50:19,369	[INFO]	1-1     SUCCESS              *0.67 (98.12%) [1 edit(s)]  
2025-03-15 22:50:19,369	[DEBUG]	patch(1-1)="LineLLMMutation(('core/Solver.cc', 13), '-    if (c.learnt()) learnts_literals -= c.size();\n-    else            clauses_literals -= c.size();\n+    (c.learnt() ? learnts_literals : clauses_literals) -= c.size();')"

2025-03-15 22:50:19,369	[INFO]	Step: 21
2025-03-15 22:50:19,369	[INFO]	Stop Steps: 100
2025-03-15 22:50:33,124	[DEBUG]	EXEC>  SUCCESS 0.67381025
2025-03-15 22:50:39,274	[INFO]	1-2     SUCCESS               0.67 (98.59%) [1 edit(s)]  
2025-03-15 22:50:39,274	[DEBUG]	patch(1-2)="LineLLMMutation(('core/Solver.cc', 15), '-    while (qhead < trail.size()){\n-        Lit            p   = trail[qhead++];\n+    for (int local_qhead = qhead; local_qhead < trail.size(); local_qhead++){\n+        Lit            p   = trail[local_qhead];\n-    }\n-    propagations += num_props;\n-    simpDB_props -= num_props;\n-    return confl;\n+    }\n+    qhead = trail.size();\n+    propagations += num_props;\n+    simpDB_props -= num_props;\n+    return confl;')"
2025-03-15 22:50:39,274	[INFO]	Step: 22
2025-03-15 22:50:39,274	[INFO]	Stop Steps: 100
2025-03-15 22:50:54,921	[DEBUG]	EXEC>  SUCCESS 0.6884925
2025-03-15 22:51:03,920	[INFO]	1-3     SUCCESS               0.69 (100.74%) [1 edit(s)]  
2025-03-15 22:51:03,920	[DEBUG]	patch(1-3)="LineLLMCrossover(('core/Solver.cc', 0), '-     checkGarbage();\n+     // Removed immediate garbage check for performance\n-     if (nAssigns() == simpDB_assigns || (simpDB_props > 0))\n+     if (nAssigns() == simpDB_assigns)\n-     checkGarbage();\n+     // Removed immediate garbage check for performance')"
2025-03-15 22:51:03,920	[INFO]	Step: 23
2025-03-15 22:51:03,920	[INFO]	Stop Steps: 100
2025-03-15 22:51:19,291	[DEBUG]	EXEC>  SUCCESS 0.67513475
2025-03-15 22:51:29,576	[INFO]	1-4     SUCCESS               0.68 (98.78%) [1 edit(s)]  
2025-03-15 22:51:29,576	[DEBUG]	patch(1-4)="LineLLMCrossover(('core/Solver.cc', 1), '-     for (int i = trail.size()-1; i >= trail_lim[0]; i--){\n+     int tl0 = trail_lim[0];\n+     for (int i = trail.size()-1; i >= tl0; i--){\n-         while (!seen[var(trail[index--])]);\n+         while (!seen[var(trail[index])]) index--;\n+         index--;')"
2025-03-15 22:51:29,576	[INFO]	Step: 24
2025-03-15 22:51:29,576	[INFO]	Stop Steps: 100
2025-03-15 22:51:45,389	[DEBUG]	EXEC>  SUCCESS 0.6916468499999999
2025-03-15 22:51:55,456	[INFO]	1-5     SUCCESS               0.69 (101.20%) [1 edit(s)]  
2025-03-15 22:51:55,456	[DEBUG]	patch(1-5)="LineLLMCrossover(('core/Solver.cc', 2), '-     if (nAssigns() == simpDB_assigns || (simpDB_props > 0))\n+     if (nAssigns() == simpDB_assigns)\n-     for (int i = trail.size()-1; i >= trail_lim[0]; i--){\n+     int tl0 = trail_lim[0];\n+     for (int i = trail.size()-1; i >= tl0; i--){')"
2025-03-15 22:51:55,456	[INFO]	Step: 25
2025-03-15 22:51:55,456	[INFO]	Stop Steps: 100
2025-03-15 22:52:10,625	[DEBUG]	EXEC>  SUCCESS 0.66505095
2025-03-15 22:52:16,942	[INFO]	1-6     SUCCESS              *0.67 (97.31%) [1 edit(s)]  
2025-03-15 22:52:16,943	[DEBUG]	patch(1-6)="LineLLMCrossover(('core/Solver.cc', 3), '-         while (!seen[var(trail[index--])]);\n+         while (!seen[var(trail[index])]) index--;\n+         index--;\n-     checkGarbage();\n+     // Removed immediate garbage check for performance')"

2025-03-15 22:52:16,943	[INFO]	Step: 26
2025-03-15 22:52:16,943	[INFO]	Stop Steps: 100
2025-03-15 22:52:32,661	[DEBUG]	EXEC>  SUCCESS 0.69332565
2025-03-15 22:52:46,921	[INFO]	1-7     SUCCESS               0.69 (101.44%) [1 edit(s)]  
2025-03-15 22:52:46,922	[DEBUG]	patch(1-7)="LineLLMCrossover(('core/Solver.cc', 4), '-     for (int i = trail.size()-1; i >= trail_lim[0]; i--){\n+     int tl0 = trail_lim[0];\n+     for (int i = trail.size()-1; i >= tl0; i--){')"
2025-03-15 22:52:46,922	[INFO]	Step: 27
2025-03-15 22:52:46,922	[INFO]	Stop Steps: 100
2025-03-15 22:53:02,537	[DEBUG]	EXEC>  SUCCESS 0.6882788999999999
2025-03-15 22:53:14,256	[INFO]	1-8     SUCCESS               0.69 (100.71%) [1 edit(s)]  
2025-03-15 22:53:14,256	[DEBUG]	patch(1-8)="LineLLMCrossover(('core/Solver.cc', 5), '-     if (nAssigns() == simpDB_assigns || (simpDB_props > 0))\n+     if (nAssigns() == simpDB_assigns)')"
2025-03-15 22:53:14,256	[INFO]	Step: 28
2025-03-15 22:53:14,256	[INFO]	Stop Steps: 100
2025-03-15 22:53:29,796	[DEBUG]	EXEC>  SUCCESS 0.68371315
2025-03-15 22:53:39,769	[INFO]	1-9     SUCCESS               0.68 (100.04%) [1 edit(s)]  
2025-03-15 22:53:39,769	[DEBUG]	patch(1-9)="LineLLMCrossover(('core/Solver.cc', 6), '-     for (int i = trail.size()-1; i >= trail_lim[0]; i--){\n+     int tl0 = trail_lim[0];\n+     for (int i = trail.size()-1; i >= tl0; i--){\n-         while (!seen[var(trail[index--])]);\n+         while (!seen[var(trail[index])]) index--;\n+         index--;')"
2025-03-15 22:53:39,769	[INFO]	Step: 29
2025-03-15 22:53:39,769	[INFO]	Stop Steps: 100
2025-03-15 22:53:55,145	[DEBUG]	EXEC>  SUCCESS 0.67578545
2025-03-15 22:54:09,350	[INFO]	1-10    SUCCESS               0.68 (98.88%) [1 edit(s)]  
2025-03-15 22:54:09,350	[DEBUG]	patch(1-10)="LineLLMCrossover(('core/Solver.cc', 7), '-     checkGarbage();\n+     // Removed immediate garbage check for performance\n-     if (nAssigns() == simpDB_assigns || (simpDB_props > 0))\n+     if (nAssigns() == simpDB_assigns)\n-     checkGarbage();\n+     // Removed immediate garbage check for performance\n-     for (int i = trail.size()-1; i >= trail_lim[0]; i--){\n+     int tl0 = trail_lim[0];\n+     for (int i = trail.size()-1; i >= tl0; i--){\n-         while (!seen[var(trail[index--])]);\n+         while (!seen[var(trail[index])]) index--;\n+         index--;')"
2025-03-15 22:54:09,350	[INFO]	Step: 30
2025-03-15 22:54:09,350	[INFO]	Stop Steps: 100
2025-03-15 22:54:16,013	[INFO]	1-11    TEST_CODE_ERROR       None (--) [2 edit(s)]  
2025-03-15 22:54:16,013	[DEBUG]	patch(1-11)="LineLLMMutation(('core/Solver.cc', 13), '-    if (c.learnt()) learnts_literals -= c.size();\n-    else            clauses_literals -= c.size();\n+    (c.learnt() ? learnts_literals : clauses_literals) -= c.size();') | LineLLMMutation(('core/Solver.cc', 20), '-        vec<Watcher>&  ws  = watches[p];\n-        Watcher        *i, *j, *end;\n-        num_props++;\n-\n-        for (i = j = (Watcher*)ws, end = i + ws.size();  i != end;){\n-            // Try to avoid inspecting the clause:\n-            Lit blocker = i->blocker;\n-            if (value(blocker) == l_True){\n-                *j++ = *i++; continue; }\n-\n-            // Make sure the false literal is data[1]:\n-            CRef     cr        = i->cref;\n-            Clause&  c         = ca[cr];\n-            Lit      false_lit = ~p;\n-            if (c[0] == false_lit)\n-                c[0] = c[1], c[1] = false_lit;\n-            assert(c[1] == false_lit);\n-            i++;\n-\n-            // If 0th watch is true, then clause is already satisfied.\n-            Lit     first = c[0];\n-            Watcher w     = Watcher(cr, first);\n-            if (first != blocker && value(first) == l_True){\n-                *j++ = w; continue; }\n-\n-            // Look for new watch:\n-            for (int k = 2; k < c.size(); k++)\n-                if (value(c[k]) != l_False){\n-                    c[1] = c[k]; c[k] = false_lit;\n-                    watches[~c[1]].push(w);\n-                    goto NextClause; }\n-\n-            // Did not find watch -- clause is unit under assignment:\n-            *j++ = w;\n-            if (value(first) == l_False){\n-                confl = cr;\n-                qhead = trail.size();\n-                // Copy the remaining watches:\n-                while (i < end)\n-                    *j++ = *i++;\n-            }else\n-                uncheckedEnqueue(first, cr);\n-\n-        NextClause:;\n-        }\n-        ws.shrink(i - j);\n+        vec<Watcher>& ws = watches[p];\n+        num_props++;\n+        int ws_size = ws.size();\n+        for (int idx = 0; idx < ws_size; idx++) {\n+            Watcher curr = ws[idx];\n+            if (value(curr.blocker) == l_True)\n+                continue;\n+            CRef cr = curr.cref;\n+            Clause& c = ca[cr];\n+            Lit false_lit = ~p;\n+            if (c[0] == false_lit) {\n+                c[0] = c[1];\n+                c[1] = false_lit;\n+            }\n+            Lit first = c[0];\n+            if (first != curr.blocker && value(first) == l_True)\n+                continue;\n+            bool found_watch = false;\n+            for (int k = 2; k < c.size(); k++) {\n+                if (value(c[k]) != l_False) {\n+                    c[1] = c[k];\n+                    c[k] = false_lit;\n+                    watches[~c[1]].push(Watcher(cr, c[0]));\n+                    found_watch = true;\n+                    break;\n+                }\n+            }\n+            if (!found_watch) {\n+                if (value(first) == l_False) {\n+                    confl = cr;\n+                    qhead = trail.size();\n+                    break;\n+                } else {\n+                    uncheckedEnqueue(first, cr);\n+                }\n+            }\n+        }')"
2025-03-15 22:54:16,013	[INFO]	Step: 31
2025-03-15 22:54:16,013	[INFO]	Stop Steps: 100
2025-03-15 22:54:30,296	[DEBUG]	EXEC>  SUCCESS 0.69951775
2025-03-15 22:54:35,599	[INFO]	1-12    SUCCESS               0.70 (102.35%) [2 edit(s)]  
2025-03-15 22:54:35,599	[DEBUG]	patch(1-12)="LineLLMMutation(('core/Solver.cc', 15), '-    while (qhead < trail.size()){\n-        Lit            p   = trail[qhead++];\n+    for (int local_qhead = qhead; local_qhead < trail.size(); local_qhead++){\n+        Lit            p   = trail[local_qhead];\n-    }\n-    propagations += num_props;\n-    simpDB_props -= num_props;\n-    return confl;\n+    }\n+    qhead = trail.size();\n+    propagations += num_props;\n+    simpDB_props -= num_props;\n+    return confl;') | LineLLMMutation(('core/Solver.cc', 21), '-        for (i = j = (Watcher*)ws, end = i + ws.size();  i != end;){\n-            // Try to avoid inspecting the clause:\n-            Lit blocker = i->blocker;\n-            if (value(blocker) == l_True){\n-                *j++ = *i++; continue; }\n-\n-            // Make sure the false literal is data[1]:\n-            CRef     cr        = i->cref;\n-            Clause&  c         = ca[cr];\n-            Lit      false_lit = ~p;\n-            if (c[0] == false_lit)\n-                c[0] = c[1], c[1] = false_lit;\n-            i++;\n-\n-            // If 0th watch is true, then clause is already satisfied.\n-            Lit     first = c[0];\n-            Watcher w     = Watcher(cr, first);\n-            if (first != blocker && value(first) == l_True){\n-                *j++ = w; continue; }\n-\n-            // Look for new watch:\n-            for (int k = 2; k < c.size(); k++)\n-                if (value(c[k]) != l_False){\n-                    c[1] = c[k]; c[k] = false_lit;\n-                    watches[~c[1]].push(w);\n-                    goto NextClause; }\n-\n-            // Did not find watch -- clause is unit under assignment:\n-            *j++ = w;\n-            if (value(first) == l_False){\n-                confl = cr;\n-                qhead = trail.size();\n-                // Copy the remaining watches:\n-                while (i < end)\n-                    *j++ = *i++;\n-            }else\n-                uncheckedEnqueue(first, cr);\n-\n-        NextClause:;\n-        }\n-        ws.shrink(i - j);\n+        {\n+            int ws_size = ws.size();\n+            vec<Watcher> new_ws;\n+            for (int idx = 0; idx < ws_size; idx++){\n+                Watcher cur = ws[idx];\n+                if (value(cur.blocker) == l_True){\n+                    new_ws.push(cur);\n+                    continue;\n+                }\n+                CRef cr = cur.cref;\n+                Clause& c = ca[cr];\n+                Lit false_lit = ~p;\n+                if (c[0] == false_lit){\n+                    c[0] = c[1];\n+                    c[1] = false_lit;\n+                }\n+                Watcher new_w(cr, c[0]);\n+                if (c[0] != cur.blocker && value(c[0]) == l_True){\n+                    new_ws.push(new_w);\n+                    continue;\n+                }\n+                bool found = false;\n+                for (int k = 2; k < c.size(); k++){\n+                    if (value(c[k]) != l_False){\n+                        c[1] = c[k];\n+                        c[k] = false_lit;\n+                        watches[~c[1]].push(new_w);\n+                        new_ws.push(new_w);\n+                        found = true;\n+                        break;\n+                    }\n+                }\n+                if (!found){\n+                    new_ws.push(new_w);\n+                    if (value(c[0]) == l_False){\n+                        confl = cr;\n+                        qhead = trail.size();\n+                        for (int jdx = idx + 1; jdx < ws_size; jdx++){\n+                            new_ws.push(ws[jdx]);\n+                        }\n+                        break;\n+                    } else {\n+                        uncheckedEnqueue(c[0], cr);\n+                    }\n+                }\n+            }\n+            ws = new_ws;\n+        }')"
2025-03-15 22:54:35,599	[INFO]	Step: 32
2025-03-15 22:54:35,599	[INFO]	Stop Steps: 100
2025-03-15 22:54:51,415	[DEBUG]	EXEC>  SUCCESS 0.68799525
2025-03-15 22:54:57,471	[INFO]	1-13    SUCCESS               0.69 (100.66%) [2 edit(s)]  
2025-03-15 22:54:57,471	[DEBUG]	patch(1-13)="LineLLMMutation(('core/Solver.cc', 1), '-    double progress = 0;\n-    double F = 1.0 / nVars();\n-    for (int i = 0; i <= decisionLevel(); i++){\n-        int beg = i == 0 ? 0 : trail_lim[i - 1];\n-        int end = i == decisionLevel() ? trail.size() : trail_lim[i];\n-        progress += pow(F, i) * (end - beg);\n-    }\n-    return progress / nVars();\n+    double progress = 0;\n+    double F = 1.0 / nVars();\n+    double multiplier = 1.0;\n+    for (int i = 0; i <= decisionLevel(); i++){\n+        int beg = i == 0 ? 0 : trail_lim[i - 1];\n+        int end = i == decisionLevel() ? trail.size() : trail_lim[i];\n+        progress += multiplier * (end - beg);\n+        multiplier *= F;\n+    }\n+    return progress / nVars();') | LineLLMMutation(('core/Solver.cc', 22), '-#include "mtl/Sort.h"\n+#include "mtl/Sort.h"\n+#include <algorithm>\n-   while (qhead < trail.size()){\n-       Lit            p   = trail[qhead++];     // \'p\' is enqueued fact to propagate.\n-       vec<Watcher>&  ws  = watches[p];\n-       Watcher        *i, *j, *end;\n-       num_props++;\n-\n-       for (i = j = (Watcher*)ws, end = i + ws.size();  i != end;){\n-           // Try to avoid inspecting the clause:\n-           Lit blocker = i->blocker;\n-           if (value(blocker) == l_True){\n-               *j++ = *i++;\n-               continue;\n-           }\n-           CRef     cr        = i->cref;\n-           Clause&  c         = ca[cr];\n-           Lit      false_lit = ~p;\n-           if (c[0] == false_lit)\n-               c[0] = c[1], c[1] = false_lit;\n-           assert(c[1] == false_lit);\n-           i++;\n-           Lit     first = c[0];\n-           Watcher w     = Watcher(cr, first);\n-           if (first != blocker && value(first) == l_True){\n-               *j++ = w;\n-               continue;\n-           }\n-           for (int k = 2; k < c.size(); k++)\n-               if (value(c[k]) != l_False){\n-                   c[1] = c[k];\n-                   c[k] = false_lit;\n-                   watches[~c[1]].push(w);\n-                   goto NextClause;\n-               }\n-           *j++ = w;\n-           if (value(first) == l_False){\n-               confl = cr;\n-               qhead = trail.size();\n-               while (i < end)\n-                   *j++ = *i++;\n-           }else\n-               uncheckedEnqueue(first, cr);\n-       NextClause:;\n-       }\n-       ws.shrink(i - j);\n-   }\n+   while (qhead < trail.size()){\n+       Lit p = trail[qhead++];\n+       vec<Watcher>& ws = watches[p];\n+       int keepIdx = 0;\n+       num_props++;\n+       for (int idx = 0; idx < ws.size(); idx++){\n+           Watcher w = ws[idx];\n+           if (value(w.blocker) == l_True){\n+               ws[keepIdx++] = w;\n+               continue;\n+           }\n+           CRef cr = w.cref;\n+           Clause& c = ca[cr];\n+           Lit false_lit = ~p;\n+           if (c[0] == false_lit)\n+               std::swap(c[0], c[1]);\n+           assert(c[1] == false_lit);\n+           Lit first = c[0];\n+           if (first != w.blocker && value(first) == l_True){\n+               ws[keepIdx++] = Watcher(cr, first);\n+               continue;\n+           }\n+           bool updated = false;\n+           for (int k = 2; k < c.size(); k++){\n+               if (value(c[k]) != l_False){\n+                   c[1] = c[k];\n+                   c[k] = false_lit;\n+                   watches[~c[1]].push(Watcher(cr, c[0]));\n+                   updated = true;\n+                   break;\n+               }\n+           }\n+           if (updated){\n+               ws[keepIdx++] = Watcher(cr, c[0]);\n+               continue;\n+           }\n+           if (value(first) == l_False){\n+               confl = cr;\n+               for (int j = idx; j < ws.size(); j++){\n+                   ws[keepIdx++] = ws[j];\n+               }\n+               break;\n+           } else {\n+               uncheckedEnqueue(first, cr);\n+               ws[keepIdx++] = Watcher(cr, c[0]);\n+           }\n+       }\n+       ws.shrink(keepIdx);\n+   }')"
2025-03-15 22:54:57,471	[INFO]	Step: 33
2025-03-15 22:54:57,471	[INFO]	Stop Steps: 100
2025-03-15 22:55:02,464	[INFO]	1-14    COMPILE_CODE_ERROR    None (--) [2 edit(s)]  
2025-03-15 22:55:02,464	[DEBUG]	patch(1-14)="LineLLMMutation(('core/Solver.cc', 17), '-    checkGarbage();\n+    // Removed immediate garbage check for performance') | LineLLMMutation(('core/Solver.cc', 23), "-    while (qhead < trail.size()){\n-        Lit            p   = trail[qhead++];     // 'p' is enqueued fact to propagate.\n-        vec<Watcher>&  ws  = watches[p];\n-        Watcher        *i, *j, *end;\n-        num_props++;\n-\n-        for (i = j = (Watcher*)ws, end = i + ws.size();  i != end;){\n-            // Try to avoid inspecting the clause:\n-            Lit blocker = i->blocker;\n-            if (value(blocker) == l_True){\n-                *j++ = *i++; continue; }\n-\n-            // Make sure the false literal is data[1]:\n-            CRef     cr        = i->cref;\n-            Clause&  c         = ca[cr];\n-            Lit      false_lit = ~p;\n-            if (c[0] == false_lit)\n-                c[0] = c[1], c[1] = false_lit;\n-            assert(c[1] == false_lit);\n-            i++;\n-\n-            // If 0th watch is true, then clause is already satisfied.\n-            Lit     first = c[0];\n-            Watcher w     = Watcher(cr, first);\n-            if (first != blocker && value(first) == l_True){\n-                *j++ = w; continue; }\n-\n-            // Look for new watch:\n-            for (int k = 2; k < c.size(); k++)\n-                if (value(c[k]) != l_False){\n-                    c[1] = c[k]; c[k] = false_lit;\n-                    watches[~c[1]].push(w);\n-                    goto NextClause; }\n-\n-            // Did not find watch -- clause is unit under assignment:\n-            *j++ = w;\n-            if (value(first) == l_False){\n-                confl = cr;\n-                qhead = trail.size();\n-                // Copy the remaining watches:\n-                while (i < end)\n-                    *j++ = *i++;\n-            }else\n-                uncheckedEnqueue(first, cr);\n-\n-        NextClause:;\n-        }\n-        ws.shrink(i - j);\n-    }\n+    while (qhead < trail.size()){\n+        Lit p = trail[qhead++];\n+        vec<Watcher>& ws = watches[p];\n+        num_props++;\n+        vec<Watcher> new_ws;\n+        new_ws.reserve(ws.size());\n+        for (int idx = 0; idx < ws.size(); idx++){\n+            Watcher current = ws[idx];\n+            Lit blocker = current.blocker;\n+            if (value(blocker) == l_True){\n+                new_ws.push(current);\n+                continue;\n+            }\n+            CRef cr = current.cref;\n+            Clause& c = ca[cr];\n+            Lit false_lit = ~p;\n+            if (c[0] == false_lit){\n+                c[0] = c[1];\n+                c[1] = false_lit;\n+            }\n+            assert(c[1] == false_lit);\n+            Lit first = c[0];\n+            Watcher new_watch = Watcher(cr, first);\n+            if (first != blocker && value(first) == l_True){\n+                new_ws.push(new_watch);\n+                continue;\n+            }\n+            bool found = false;\n+            for (int k = 2; k < c.size(); k++){\n+                if (value(c[k]) != l_False){\n+                    c[1] = c[k];\n+                    c[k] = false_lit;\n+                    watches[~c[1]].push(new_watch);\n+                    found = true;\n+                    break;\n+                }\n+            }\n+            if (found)\n+                continue;\n+            new_ws.push(new_watch);\n+            if (value(first) == l_False){\n+                confl = cr;\n+                qhead = trail.size();\n+                for (int m = idx+1; m < ws.size(); m++){\n+                    new_ws.push(ws[m]);\n+                }\n+                break;\n+            } else {\n+                uncheckedEnqueue(first, cr);\n+            }\n+        }\n+        ws = new_ws;\n+    }")"
2025-03-15 22:55:02,464	[INFO]	Step: 34
2025-03-15 22:55:02,464	[INFO]	Stop Steps: 100
2025-03-15 22:55:18,109	[DEBUG]	EXEC>  SUCCESS 0.6895101
2025-03-15 22:55:22,955	[INFO]	1-15    SUCCESS               0.69 (100.89%) [2 edit(s)]  
2025-03-15 22:55:22,956	[DEBUG]	patch(1-15)="LineLLMMutation(('core/Solver.cc', 9), '-    for (int i = trail.size()-1; i >= trail_lim[0]; i--){\n+    int tl0 = trail_lim[0];\n+    for (int i = trail.size()-1; i >= tl0; i--){') | LineLLMMutation(('core/Solver.cc', 24), '-                for (int k = 2; k < c.size(); k++){\n-                    if (value(c[k]) != l_False){\n-                        c[1] = c[k]; c[k] = false_lit;\n-                        watches[~c[1]].push(w);\n-                        goto NextClause; }\n-                }\n+                for (int k = 2; k < c.size(); k++){\n+                    lbool val = value(c[k]);\n+                    if (val != l_False){\n+                        c[1] = c[k]; c[k] = false_lit;\n+                        watches[~c[1]].push(w);\n+                        goto NextClause;\n+                    }\n+                }')"
2025-03-15 22:55:22,956	[INFO]	Step: 35
2025-03-15 22:55:22,956	[INFO]	Stop Steps: 100
2025-03-15 22:55:38,439	[DEBUG]	EXEC>  SUCCESS 0.6809285
2025-03-15 22:55:43,166	[INFO]	1-16    SUCCESS               0.68 (99.63%) [2 edit(s)]  
2025-03-15 22:55:43,166	[DEBUG]	patch(1-16)="LineLLMMutation(('core/Solver.cc', 16), '-        while (!seen[var(trail[index--])]);\n+        while (!seen[var(trail[index])]) index--;\n+        index--;') | LineLLMMutation(('core/Solver.cc', 25), '-        for (i = j = (Watcher*)ws, end = i + ws.size();  i != end;){\n-            Lit blocker = i->blocker;\n-            if (value(blocker) == l_True){\n-                *j++ = *i++; continue; }\n-\n-            CRef     cr        = i->cref;\n-            Clause&  c         = ca[cr];\n-            Lit      false_lit = ~p;\n-            if (c[0] == false_lit)\n-                c[0] = c[1], c[1] = false_lit;\n-            assert(c[1] == false_lit);\n-            i++;\n-\n-            Lit     first = c[0];\n-            Watcher w     = Watcher(cr, first);\n-            if (first != blocker && value(first) == l_True){\n-                *j++ = w; continue; }\n-\n-            for (int k = 2; k < c.size(); k++)\n-                if (value(c[k]) != l_False){\n-                    c[1] = c[k]; c[k] = false_lit;\n-                    watches[~c[1]].push(w);\n-                    goto NextClause; }\n-\n-            *j++ = w;\n-            if (value(first) == l_False){\n-                confl = cr;\n-                qhead = trail.size();\n-                while (i < end)\n-                    *j++ = *i++;\n-            }else\n-                uncheckedEnqueue(first, cr);\n-\n-        NextClause:;\n-        }\n-        ws.shrink(i - j);\n+        for (size_t idx = 0, wsize = ws.size(); idx < wsize; idx++){\n+            Watcher curr = ws[idx];\n+            Lit blocker = curr.blocker;\n+            if (value(blocker) == l_True)\n+                continue;\n+            CRef cr = curr.cref;\n+            Clause& c = ca[cr];\n+            Lit false_lit = ~p;\n+            if (c[0] == false_lit){\n+                std::swap(c[0], c[1]);\n+                c[1] = false_lit;\n+            }\n+            assert(c[1] == false_lit);\n+            Lit first = c[0];\n+            if (first != blocker && value(first) == l_True)\n+                continue;\n+            bool found = false;\n+            for (int k = 2; k < c.size(); k++){\n+                if (value(c[k]) != l_False){\n+                    c[1] = c[k];\n+                    c[k] = false_lit;\n+                    watches[~c[1]].push(Watcher(cr, c[0]));\n+                    found = true;\n+                    break;\n+                }\n+            }\n+            if (!found){\n+                if (value(first) == l_False){\n+                    confl = cr;\n+                    qhead = trail.size();\n+                    break;\n+                } else {\n+                    uncheckedEnqueue(first, cr);\n+                }\n+            }\n+        }\n+        if (confl != CRef_Undef)\n+            ws.resize(0);')"
2025-03-15 22:55:43,166	[INFO]	Step: 36
2025-03-15 22:55:43,166	[INFO]	Stop Steps: 100
2025-03-15 22:55:58,878	[DEBUG]	EXEC>  SUCCESS 0.69318425
2025-03-15 22:56:02,545	[INFO]	1-17    SUCCESS               0.69 (101.42%) [2 edit(s)]  
2025-03-15 22:56:02,545	[DEBUG]	patch(1-17)="LineLLMMutation(('core/Solver.cc', 8), '-    if (nAssigns() == simpDB_assigns || (simpDB_props > 0))\n-        return true;\n+    if (nAssigns() == simpDB_assigns)\n+        return true;') | LineLLMMutation(('core/Solver.cc', 26), '-        if (value(blocker) == l_True){\n+        if (__builtin_expect(value(blocker) == l_True, 1)){\n-            *j++ = *i++; continue; }\n+            *j++ = *i++; continue; }\n-            if (first != blocker && value(first) == l_True){\n+            if (first != blocker && __builtin_expect(value(first) == l_True, 1)){\n-            for (int k = 2; k < c.size(); k++)\n-                if (value(c[k]) != l_False){\n+            for (int k = 2; k < c.size(); k++)\n+                if (__builtin_expect(value(c[k]) != l_False, 1)){')"
2025-03-15 22:56:02,545	[INFO]	Step: 37
2025-03-15 22:56:02,545	[INFO]	Stop Steps: 100
2025-03-15 22:56:18,134	[DEBUG]	EXEC>  SUCCESS 0.6868066500000001
2025-03-15 22:56:22,585	[INFO]	1-18    SUCCESS               0.69 (100.49%) [2 edit(s)]  
2025-03-15 22:56:22,586	[DEBUG]	patch(1-18)="LineLLMMutation(('core/Solver.cc', 5), '-    Var next = var_Undef;\n-    if (drand(random_seed) < random_var_freq && !order_heap.empty()){\n-        next = order_heap[irand(random_seed,order_heap.size())];\n-        if (value(next) == l_Undef && decision[next])\n-            rnd_decisions++; }\n-    while (next == var_Undef || value(next) != l_Undef || !decision[next])\n-        if (order_heap.empty()){\n-            next = var_Undef;\n-            break;\n-        }else\n-            next = order_heap.removeMin();\n+    Var next = var_Undef;\n+    while (!order_heap.empty()){\n+        if (drand(random_seed) < random_var_freq){\n+            next = order_heap[irand(random_seed,order_heap.size())];\n+            if (value(next) == l_Undef && decision[next]) {\n+                rnd_decisions++;\n+                break;\n+            }\n+        }\n+        next = order_heap.removeMin();\n+        if (value(next) == l_Undef && decision[next])\n+            break;\n+        next = var_Undef;\n+    }') | LineLLMMutation(('core/Solver.cc', 27), '-        vec<Watcher>&  ws  = watches[p];\n+        vec<Watcher>&  ws  = watches[p];\n+        if(ws.size() == 0) continue;')"
2025-03-15 22:56:22,586	[INFO]	Step: 38
2025-03-15 22:56:22,586	[INFO]	Stop Steps: 100
2025-03-15 22:56:38,188	[DEBUG]	EXEC>  SUCCESS 0.6867675
2025-03-15 22:56:43,874	[INFO]	1-19    SUCCESS               0.69 (100.48%) [2 edit(s)]  
2025-03-15 22:56:43,874	[DEBUG]	patch(1-19)="LineLLMMutation(('core/Solver.cc', 14), '-    if (drand(random_seed) < random_var_freq && !order_heap.empty()){\n+    double randVal = drand(random_seed);\n+    if (randVal < random_var_freq && !order_heap.empty()){') | LineLLMMutation(('core/Solver.cc', 28), '-    for (i = j = (Watcher*)ws, end = i + ws.size();  i != end;){\n-        Lit blocker = i->blocker;\n-        if (value(blocker) == l_True){\n-            *j++ = *i++;\n-            continue;\n-        }\n-        CRef     cr        = i->cref;\n-        Clause&  c         = ca[cr];\n-        Lit      false_lit = ~p;\n-        if (c[0] == false_lit)\n-            c[0] = c[1], c[1] = false_lit;\n-        assert(c[1] == false_lit);\n-        i++;\n-        // If 0th watch is true, then clause is already satisfied.\n-        Lit     first = c[0];\n-        Watcher w     = Watcher(cr, first);\n-        if (first != blocker && value(first) == l_True){\n-            *j++ = w; continue;\n-        }\n-        // Look for new watch:\n-        for (int k = 2; k < c.size(); k++)\n-            if (value(c[k]) != l_False){\n-                c[1] = c[k]; c[k] = false_lit;\n-                watches[~c[1]].push(w);\n-                goto NextClause;\n-            }\n-        // Did not find watch -- clause is unit under assignment:\n-        *j++ = w;\n-        if (value(first) == l_False){\n-            confl = cr;\n-            qhead = trail.size();\n-            while (i < end)\n-                *j++ = *i++;\n-        }else\n-            uncheckedEnqueue(first, cr);\n-    NextClause:;\n-    }\n+    for (i = j = (Watcher*)ws, end = i + ws.size(); i != end; ){\n+        Lit blocker = i->blocker;\n+        lbool val_blocker = value(blocker);\n+        if (val_blocker == l_True){\n+            *j++ = *i++;\n+            continue;\n+        }\n+        CRef cr = i->cref;\n+        Clause& c = ca[cr];\n+        Lit false_lit = ~p;\n+        if (c[0] == false_lit) {\n+            c[0] = c[1];\n+            c[1] = false_lit;\n+        }\n+        assert(c[1] == false_lit);\n+        i++;\n+        // If 0th watch is true, then clause is already satisfied.\n+        Lit first = c[0];\n+        lbool val_first = value(first);\n+        Watcher w = Watcher(cr, first);\n+        if (first != blocker && val_first == l_True){\n+            *j++ = w;\n+            continue;\n+        }\n+        // Look for new watch:\n+        bool watch_updated = false;\n+        for (int k = 2; k < c.size(); k++){\n+            lbool val_ck = value(c[k]);\n+            if (val_ck != l_False){\n+                c[1] = c[k];\n+                c[k] = false_lit;\n+                watches[~c[1]].push(w);\n+                watch_updated = true;\n+                break;\n+            }\n+        }\n+        if (watch_updated){\n+            // Equivalent to goto NextClause;\n+        } else {\n+            // Did not find watch -- clause is unit under assignment:\n+            *j++ = w;\n+            if (val_first == l_False){\n+                confl = cr;\n+                qhead = trail.size();\n+                while (i < end)\n+                    *j++ = *i++;\n+            } else {\n+                uncheckedEnqueue(first, cr);\n+            }\n+        }\n+    }')"
2025-03-15 22:56:43,874	[INFO]	Step: 39
2025-03-15 22:56:43,874	[INFO]	Stop Steps: 100
2025-03-15 22:56:59,367	[DEBUG]	EXEC>  SUCCESS 0.68151965
2025-03-15 22:57:04,193	[INFO]	1-20    SUCCESS               0.68 (99.72%) [2 edit(s)]  
2025-03-15 22:57:04,193	[DEBUG]	patch(1-20)="LineLLMMutation(('core/Solver.cc', 12), '-    if (c.learnt()) learnts_literals += c.size();\n-    else            clauses_literals += c.size();\n+    (c.learnt() ? learnts_literals : clauses_literals) += c.size();') | LineLLMMutation(('core/Solver.cc', 29), '-            // If 0th watch is true, then clause is already satisfied.\n-            Lit     first = c[0];\n-            Watcher w     = Watcher(cr, first);\n-            if (first != blocker && value(first) == l_True){\n-                *j++ = w; continue; }\n+            // If 0th watch is true, then clause is already satisfied.\n+            Lit first = c[0];\n+            Watcher w = Watcher(cr, first);\n+            bool firstTrue = (value(first) == l_True);\n+            if (first != blocker && firstTrue){\n+                *j++ = w; continue; }\n-            // Look for new watch:\n-            for (int k = 2; k < c.size(); k++)\n-                if (value(c[k]) != l_False){\n-                    c[1] = c[k]; c[k] = false_lit;\n-                    watches[~c[1]].push(w);\n-                    goto NextClause; }\n+            // Look for new watch:\n+            int cs = c.size();\n+            for (int k = 2; k < cs; k++){\n+                if (value(c[k]) != l_False){\n+                    c[1] = c[k];\n+                    c[k] = false_lit;\n+                    watches[~c[1]].push(w);\n+                    goto NextClause;\n+                }\n+            }')"
2025-03-15 22:57:04,193	[INFO]	Step: 40
2025-03-15 22:57:04,193	[INFO]	Stop Steps: 100
2025-03-15 22:57:10,237	[INFO]	1-1     TEST_CODE_ERROR       None (--) [2 edit(s)]  
2025-03-15 22:57:10,237	[DEBUG]	patch(1-1)="LineLLMMutation(('core/Solver.cc', 0), '-#include <math.h>\n+#include <cmath>') | LineLLMMutation(('core/Solver.cc', 30), "-CRef Solver::propagate()\n-{\n-    CRef    confl     = CRef_Undef;\n-    int     num_props = 0;\n-    watches.cleanAll();\n-\n-    while (qhead < trail.size()){\n-        Lit            p   = trail[qhead++];     // 'p' is enqueued fact to propagate.\n-        vec<Watcher>&  ws  = watches[p];\n-        Watcher        *i, *j, *end;\n-        num_props++;\n-\n-        for (i = j = (Watcher*)ws, end = i + ws.size();  i != end;){\n-            // Try to avoid inspecting the clause:\n-            Lit blocker = i->blocker;\n-            if (value(blocker) == l_True){\n-                *j++ = *i++; continue; }\n-\n-            // Make sure the false literal is data[1]:\n-            CRef     cr        = i->cref;\n-            Clause&  c         = ca[cr];\n-            Lit      false_lit = ~p;\n-            if (c[0] == false_lit)\n-                c[0] = c[1], c[1] = false_lit;\n-            assert(c[1] == false_lit);\n-            i++;\n-\n-            // If 0th watch is true, then clause is already satisfied.\n-            Lit     first = c[0];\n-            Watcher w     = Watcher(cr, first);\n-            if (first != blocker && value(first) == l_True){\n-                *j++ = w; continue; }\n-\n-            // Look for new watch:\n-            for (int k = 2; k < c.size(); k++)\n-                if (value(c[k]) != l_False){\n-                    c[1] = c[k]; c[k] = false_lit;\n-                    watches[~c[1]].push(w);\n-                    goto NextClause; }\n-\n-            // Did not find watch -- clause is unit under assignment:\n-            *j++ = w;\n-            if (value(first) == l_False){\n-                confl = cr;\n-                qhead = trail.size();\n-                // Copy the remaining watches:\n-                while (i < end)\n-                    *j++ = *i++;\n-            }else\n-                uncheckedEnqueue(first, cr);\n-\n-        NextClause:;\n-        }\n-        ws.shrink(i - j);\n-    }\n-    propagations += num_props;\n-    simpDB_props -= num_props;\n-\n-    return confl;\n-}\n+CRef Solver::propagate()\n+{\n+    CRef confl = CRef_Undef;\n+    int num_props = 0;\n+    watches.cleanAll();\n+    while(qhead < trail.size()){\n+        Lit p = trail[qhead++];\n+        vec<Watcher>& ws = watches[p];\n+        num_props++;\n+        for (int i = 0; i < ws.size(); i++){\n+            Watcher &w = ws[i];\n+            Lit blocker = w.blocker;\n+            if (value(blocker) == l_True)\n+                continue;\n+            CRef cr = w.cref;\n+            Clause &c = ca[cr];\n+            Lit false_lit = ~p;\n+            if (c[0] == false_lit)\n+                std::swap(c[0], c[1]);\n+            if (value(c[0]) == l_True)\n+                continue;\n+            bool found = false;\n+            for (int k = 2; k < c.size(); k++){\n+                if (value(c[k]) != l_False){\n+                    std::swap(c[1], c[k]);\n+                    watches[~c[1]].push(w);\n+                    found = true;\n+                    break;\n+                }\n+            }\n+            if (!found) {\n+                if (value(c[0]) == l_False) {\n+                    confl = cr;\n+                    qhead = trail.size();\n+                    break;\n+                } else {\n+                    uncheckedEnqueue(c[0], cr);\n+                }\n+            }\n+        }\n+        ws.clear();\n+        if (confl != CRef_Undef)\n+            break;\n+    }\n+    propagations += num_props;\n+    simpDB_props -= num_props;\n+    return confl;\n+}")"
2025-03-15 22:57:10,237	[INFO]	Step: 41
2025-03-15 22:57:10,237	[INFO]	Stop Steps: 100
2025-03-15 22:57:25,770	[DEBUG]	EXEC>  SUCCESS 0.6838194000000001
2025-03-15 22:57:30,144	[INFO]	1-2     SUCCESS               0.68 (100.05%) [2 edit(s)]  
2025-03-15 22:57:30,144	[DEBUG]	patch(1-2)="LineLLMMutation(('core/Solver.cc', 4), '-    activity .push(rnd_init_act ? drand(random_seed) * 0.00001 : 0);\n+    activity .push(0);') | LineLLMMutation(('core/Solver.cc', 31), '-        num_props++;\n-        for (i = j = (Watcher*)ws, end = i + ws.size();  i != end;){\n-            // Try to avoid inspecting the clause:\n-            Lit blocker = i->blocker;\n-            if (value(blocker) == l_True){\n-                *j++ = *i++; continue; }\n-            // Make sure the false literal is data[1]:\n-            CRef     cr        = i->cref;\n-            Clause&  c         = ca[cr];\n-            Lit      false_lit = ~p;\n-            if (c[0] == false_lit)\n-                c[0] = c[1], c[1] = false_lit;\n+        num_props++;\n+        Lit false_lit = ~p;\n+        for (i = j = (Watcher*)ws, end = i + ws.size();  i != end;){\n+            // Try to avoid inspecting the clause:\n+            Lit blocker = i->blocker;\n+            if (value(blocker) == l_True){\n+                *j++ = *i++; continue; }\n+            // Make sure the false literal is data[1]:\n+            CRef     cr        = i->cref;\n+            Clause&  c         = ca[cr];\n+            if (c[0] == false_lit)\n+                c[0] = c[1], c[1] = false_lit;')"
2025-03-15 22:57:30,144	[INFO]	Step: 42
2025-03-15 22:57:30,144	[INFO]	Stop Steps: 100
2025-03-15 22:57:39,788	[INFO]	1-3     TEST_CODE_ERROR       None (--) [1 edit(s)]  
2025-03-15 22:57:39,788	[DEBUG]	patch(1-3)="LineLLMMutation(('core/Solver.cc', 32), '-    for (i = j = (Watcher*)ws, end = i + ws.size();  i != end;){\n-        // Try to avoid inspecting the clause:\n-        Lit blocker = i->blocker;\n-        if (value(blocker) == l_True){\n-            *j++ = *i++; continue; }\n-\n-        // Make sure the false literal is data[1]:\n-        CRef     cr        = i->cref;\n-        Clause&  c         = ca[cr];\n-        Lit      false_lit = ~p;\n-        if (c[0] == false_lit)\n-            c[0] = c[1], c[1] = false_lit;\n-        assert(c[1] == false_lit);\n-        i++;\n-\n-        // If 0th watch is true, then clause is already satisfied.\n-        Lit     first = c[0];\n-        Watcher w     = Watcher(cr, first);\n-        if (first != blocker && value(first) == l_True){\n-            *j++ = w; continue; }\n-\n-        // Look for new watch:\n-        for (int k = 2; k < c.size(); k++)\n-            if (value(c[k]) != l_False){\n-                c[1] = c[k]; c[k] = false_lit;\n-                watches[~c[1]].push(w);\n-                goto NextClause; }\n-\n-        // Did not find watch -- clause is unit under assignment:\n-        *j++ = w;\n-        if (value(first) == l_False){\n-            confl = cr;\n-            qhead = trail.size();\n-            // Copy the remaining watches:\n-            while (i < end)\n-                *j++ = *i++;\n-        }else\n-            uncheckedEnqueue(first, cr);\n-\n-    NextClause:;\n-    }\n+    for (i = j = (Watcher*)ws, end = i + ws.size(); i + 1 < end; ){\n+        {\n+            Watcher* cur = i;\n+            if (value(cur->blocker) == l_True) {\n+                *j++ = *cur;\n+            } else {\n+                CRef cr = cur->cref;\n+                Clause& c = ca[cr];\n+                Lit false_lit = ~p;\n+                if (c[0] == false_lit) {\n+                    c[0] = c[1]; c[1] = false_lit;\n+                }\n+                assert(c[1] == false_lit);\n+                Lit first = c[0];\n+                Watcher w = Watcher(cr, first);\n+                if (!(first != cur->blocker && value(first) == l_True)) {\n+                    bool found = false;\n+                    for (int k = 2; k < c.size(); k++) {\n+                        if (value(c[k]) != l_False) {\n+                            c[1] = c[k]; c[k] = false_lit;\n+                            watches[~c[1]].push(w);\n+                            found = true;\n+                            break;\n+                        }\n+                    }\n+                    if (!found) {\n+                        *j++ = w;\n+                        if (value(first) == l_False) {\n+                            confl = cr;\n+                            qhead = trail.size();\n+                            while (i < end) { *j++ = *i++; }\n+                            break;\n+                        } else {\n+                            uncheckedEnqueue(first, cr);\n+                        }\n+                    }\n+                } else {\n+                    *j++ = Watcher(cur->cref, c[0]);\n+                }\n+            }\n+        }\n+        {\n+            Watcher* cur = i + 1;\n+            if (value(cur->blocker) == l_True) {\n+                *j++ = *cur;\n+            } else {\n+                CRef cr = cur->cref;\n+                Clause& c = ca[cr];\n+                Lit false_lit = ~p;\n+                if (c[0] == false_lit) {\n+                    c[0] = c[1]; c[1] = false_lit;\n+                }\n+                assert(c[1] == false_lit);\n+                Lit first = c[0];\n+                Watcher w = Watcher(cr, first);\n+                if (!(first != cur->blocker && value(first) == l_True)) {\n+                    bool found = false;\n+                    for (int k = 2; k < c.size(); k++) {\n+                        if (value(c[k]) != l_False) {\n+                            c[1] = c[k]; c[k] = false_lit;\n+                            watches[~c[1]].push(w);\n+                            found = true;\n+                            break;\n+                        }\n+                    }\n+                    if (!found) {\n+                        *j++ = w;\n+                        if (value(first) == l_False) {\n+                            confl = cr;\n+                            qhead = trail.size();\n+                            while (i < end) { *j++ = *i++; }\n+                            break;\n+                        } else {\n+                            uncheckedEnqueue(first, cr);\n+                        }\n+                    }\n+                } else {\n+                    *j++ = Watcher(cur->cref, c[0]);\n+                }\n+            }\n+        }\n+        i += 2;\n+    }\n+    if (i < end) {\n+        Watcher* cur = i;\n+        if (value(cur->blocker) == l_True) {\n+            *j++ = *cur;\n+        } else {\n+            CRef cr = cur->cref;\n+            Clause& c = ca[cr];\n+            Lit false_lit = ~p;\n+            if (c[0] == false_lit) {\n+                c[0] = c[1]; c[1] = false_lit;\n+            }\n+            assert(c[1] == false_lit);\n+            Lit first = c[0];\n+            Watcher w = Watcher(cr, first);\n+            if (!(first != cur->blocker && value(first) == l_True)) {\n+                bool found = false;\n+                for (int k = 2; k < c.size(); k++) {\n+                    if (value(c[k]) != l_False) {\n+                        c[1] = c[k]; c[k] = false_lit;\n+                        watches[~c[1]].push(w);\n+                        found = true;\n+                        break;\n+                    }\n+                }\n+                if (!found) {\n+                    *j++ = w;\n+                    if (value(first) == l_False) {\n+                        confl = cr;\n+                        qhead = trail.size();\n+                        while (cur < end) { *j++ = *cur++; }\n+                    } else {\n+                        uncheckedEnqueue(first, cr);\n+                    }\n+                }\n+            } else {\n+                *j++ = Watcher(cur->cref, c[0]);\n+            }\n+        }\n+    }')"
2025-03-15 22:57:39,788	[INFO]	Step: 43
2025-03-15 22:57:39,788	[INFO]	Stop Steps: 100
2025-03-15 23:03:24,718	[INFO]	Step: 43
2025-03-15 23:03:24,718	[INFO]	Stop Steps: 100
2025-03-15 23:03:40,156	[DEBUG]	EXEC>  SUCCESS 0.6777642
2025-03-15 23:03:49,205	[INFO]	2-4     SUCCESS              +0.68 (99.17%) [1 edit(s)]  
2025-03-15 23:03:49,205	[DEBUG]	patch(2-4)="LineLLMCrossover(('core/Solver.cc', 3), '-         while (!seen[var(trail[index--])]);\n+         while (!seen[var(trail[index])]) index--;\n+         index--;\n-     checkGarbage();\n+     // Removed immediate garbage check for performance')"
2025-03-15 23:03:49,205	[INFO]	Step: 44
2025-03-15 23:03:49,205	[INFO]	Stop Steps: 100
2025-03-15 23:04:03,025	[DEBUG]	EXEC>  SUCCESS 0.6767403
2025-03-15 23:04:06,900	[INFO]	2-5     SUCCESS              +0.68 (99.02%) [1 edit(s)]  
2025-03-15 23:04:06,900	[DEBUG]	patch(2-5)="LineLLMMutation(('core/Solver.cc', 13), '-    if (c.learnt()) learnts_literals -= c.size();\n-    else            clauses_literals -= c.size();\n+    (c.learnt() ? learnts_literals : clauses_literals) -= c.size();')"
2025-03-15 23:04:06,900	[INFO]	Step: 45
2025-03-15 23:04:06,900	[INFO]	Stop Steps: 100
2025-03-15 23:04:22,147	[DEBUG]	EXEC>  SUCCESS 0.66908195
2025-03-15 23:04:33,963	[INFO]	2-6     SUCCESS              +0.67 (97.90%) [1 edit(s)]  
2025-03-15 23:04:33,964	[DEBUG]	patch(2-6)="LineLLMCrossover(('core/Solver.cc', 8), '-         while (!seen[var(trail[index--])]);\n+          while (!seen[var(trail[index])]) index--;\n+          index--;\n-     checkGarbage();\n+      // Removed immediate garbage check for performance\n-     checkGarbage();\n+      // Removed immediate garbage check for performance')"
2025-03-15 23:04:33,964	[INFO]	Step: 46
2025-03-15 23:04:33,964	[INFO]	Stop Steps: 100
2025-03-15 23:04:49,331	[DEBUG]	EXEC>  SUCCESS 0.67590765
2025-03-15 23:05:02,335	[INFO]	2-7     SUCCESS               0.68 (98.90%) [1 edit(s)]  
2025-03-15 23:05:02,336	[DEBUG]	patch(2-7)="LineLLMCrossover(('core/Solver.cc', 9), '-         while (!seen[var(trail[index--])]);\n+          while (!seen[var(trail[index])]) index--;\n+          index--;\n-     for (int i = trail.size()-1; i >= trail_lim[0]; i--){\n+     int tl0 = trail_lim[0];\n+     for (int i = trail.size()-1; i >= tl0; i--){')"
2025-03-15 23:05:02,336	[INFO]	Step: 47
2025-03-15 23:05:02,336	[INFO]	Stop Steps: 100
2025-03-15 23:05:17,800	[DEBUG]	EXEC>  SUCCESS 0.6793570499999999
2025-03-15 23:05:29,482	[INFO]	2-8     SUCCESS               0.68 (99.40%) [1 edit(s)]  
2025-03-15 23:05:29,483	[DEBUG]	patch(2-8)="LineLLMCrossover(('core/Solver.cc', 10), '-         while (!seen[var(trail[index--])]);\n+          while (!seen[var(trail[index])]) index--;\n+          index--;\n-     for (int i = trail.size()-1; i >= trail_lim[0]; i--){\n+     int tl0 = trail_lim[0];\n+     for (int i = trail.size()-1; i >= tl0; i--){\n-     if (nAssigns() == simpDB_assigns || (simpDB_props > 0))\n+     if (nAssigns() == simpDB_assigns)\n-     checkGarbage();\n+      // Removed immediate garbage check for performance\n-     checkGarbage();\n+      // Removed immediate garbage check for performance')"
2025-03-15 23:05:29,483	[INFO]	Step: 48
2025-03-15 23:05:29,483	[INFO]	Stop Steps: 100
2025-03-15 23:05:44,786	[DEBUG]	EXEC>  SUCCESS 0.67180875
2025-03-15 23:05:57,230	[INFO]	2-9     SUCCESS               0.67 (98.30%) [1 edit(s)]  
2025-03-15 23:05:57,230	[DEBUG]	patch(2-9)="LineLLMCrossover(('core/Solver.cc', 11), '-         while (!seen[var(trail[index--])]);\n+          while (!seen[var(trail[index])]) index--;\n+          index--;')"
2025-03-15 23:05:57,230	[INFO]	Step: 49
2025-03-15 23:05:57,230	[INFO]	Stop Steps: 100
2025-03-15 23:06:13,114	[DEBUG]	EXEC>  SUCCESS 0.7016185500000001
2025-03-15 23:06:23,666	[INFO]	2-10    SUCCESS               0.70 (102.66%) [1 edit(s)]  
2025-03-15 23:06:23,666	[DEBUG]	patch(2-10)="LineLLMCrossover(('core/Solver.cc', 12), '-             Lit     first = c[0];\n+             Lit first = c[0];\n-             Watcher w     = Watcher(cr, first);\n+             Watcher w = Watcher(cr, first);\n+             bool firstTrue = (value(first) == l_True);\n-             if (first != blocker && value(first) == l_True){\n+             if (first != blocker && firstTrue){\n-             for (int k = 2; k < c.size(); k++)\n+             int cs = c.size();\n+             for (int k = 2; k < cs; k++){\n-                     c[1] = c[k]; c[k] = false_lit;\n+                     c[1] = c[k];\n+                     c[k] = false_lit;\n-                     goto NextClause; }\n+                     goto NextClause;\n+                 }\n+             }')"
2025-03-15 23:06:23,666	[INFO]	Step: 50
2025-03-15 23:06:23,666	[INFO]	Stop Steps: 100
2025-03-15 23:06:39,213	[DEBUG]	EXEC>  SUCCESS 0.6844542
2025-03-15 23:06:50,207	[INFO]	2-11    SUCCESS               0.68 (100.15%) [1 edit(s)]  
2025-03-15 23:06:50,207	[DEBUG]	patch(2-11)="LineLLMCrossover(('core/Solver.cc', 13), '-         while (!seen[var(trail[index--])]);\n+          while (!seen[var(trail[index])]) index--;\n+          index--;\n-     for (int i = trail.size()-1; i >= trail_lim[0]; i--){\n+     int tl0 = trail_lim[0];\n+     for (int i = trail.size()-1; i >= tl0; i--){')"
2025-03-15 23:06:50,207	[INFO]	Step: 51
2025-03-15 23:06:50,207	[INFO]	Stop Steps: 100
2025-03-15 23:07:05,596	[DEBUG]	EXEC>  SUCCESS 0.6766576500000001
2025-03-15 23:07:19,480	[INFO]	2-12    SUCCESS               0.68 (99.01%) [1 edit(s)]  
2025-03-15 23:07:19,480	[DEBUG]	patch(2-12)="LineLLMCrossover(('core/Solver.cc', 14), '-         while (!seen[var(trail[index--])]);\n+          while (!seen[var(trail[index])]) index--;\n+          index--;\n-     for (int i = trail.size()-1; i >= trail_lim[0]; i--){\n+     int tl0 = trail_lim[0];\n+     for (int i = trail.size()-1; i >= tl0; i--){\n-             Lit     first = c[0];\n+             Lit first = c[0];\n-             Watcher w     = Watcher(cr, first);\n+             Watcher w = Watcher(cr, first);\n+             bool firstTrue = (value(first) == l_True);\n-             if (first != blocker && value(first) == l_True){\n+             if (first != blocker && firstTrue){\n-             for (int k = 2; k < c.size(); k++)\n+             int cs = c.size();\n+             for (int k = 2; k < cs; k++){\n-                     c[1] = c[k]; c[k] = false_lit;\n+                     c[1] = c[k];\n+                     c[k] = false_lit;\n-                     goto NextClause; }\n+                     goto NextClause;\n+                 }\n+             }')"
2025-03-15 23:07:19,481	[INFO]	Step: 52
2025-03-15 23:07:19,481	[INFO]	Stop Steps: 100
2025-03-15 23:07:26,677	[INFO]	2-13    COMPILE_CODE_ERROR    None (--) [1 edit(s)]  
2025-03-15 23:07:26,677	[DEBUG]	patch(2-13)="LineLLMCrossover(('core/Solver.cc', 15), '-             trail    .capacity(v+1);\n+             trail.reserve(v+1);')"
2025-03-15 23:07:26,677	[INFO]	Step: 53
2025-03-15 23:07:26,677	[INFO]	Stop Steps: 100
2025-03-15 23:07:34,688	[INFO]	2-14    TEST_CODE_ERROR       None (--) [2 edit(s)]  
2025-03-15 23:07:34,688	[DEBUG]	patch(2-14)="LineLLMCrossover(('core/Solver.cc', 3), '-         while (!seen[var(trail[index--])]);\n+         while (!seen[var(trail[index])]) index--;\n+         index--;\n-     checkGarbage();\n+     // Removed immediate garbage check for performance') | LineLLMMutation(('core/Solver.cc', 33), '-        for (i = j = (Watcher*)ws, end = i + ws.size();  i != end;){\n-            // Try to avoid inspecting the clause:\n-            Lit blocker = i->blocker;\n-            if (value(blocker) == l_True){\n-                *j++ = *i++; continue; }\n-\n-            // Make sure the false literal is data[1]:\n-            CRef     cr        = i->cref;\n-            Clause&  c         = ca[cr];\n-            Lit      false_lit = ~p;\n-            if (c[0] == false_lit)\n-                c[0] = c[1], c[1] = false_lit;\n-            assert(c[1] == false_lit);\n-            i++;\n-\n-            // If 0th watch is true, then clause is already satisfied.\n-            Lit     first = c[0];\n-            Watcher w     = Watcher(cr, first);\n-            if (first != blocker && value(first) == l_True){\n-                *j++ = w; continue; }\n-\n-            // Look for new watch:\n-            for (int k = 2; k < c.size(); k++)\n-                if (value(c[k]) != l_False){\n-                    c[1] = c[k]; c[k] = false_lit;\n-                    watches[~c[1]].push(w);\n-                    goto NextClause; }\n-\n-            // Did not find watch -- clause is unit under assignment:\n-            *j++ = w;\n-            if (value(first) == l_False){\n-                confl = cr;\n-                qhead = trail.size();\n-                // Copy the remaining watches:\n-                while (i < end)\n-                    *j++ = *i++;\n-            }else\n-                uncheckedEnqueue(first, cr);\n-\n-        NextClause:;\n-        }\n+        for (i = j = (Watcher*)ws, end = i + ws.size(); i != end; ){\n+            const Lit blocker = i->blocker;\n+            const lbool blockerVal = value(blocker);\n+            if (blockerVal == l_True){\n+                *j++ = *i++;\n+                continue;\n+            }\n+\n+            CRef cr = i->cref;\n+            Clause& c = ca[cr];\n+            const Lit false_lit = ~p;\n+            if (c[0] == false_lit){\n+                c[0] = c[1];\n+                c[1] = false_lit;\n+            }\n+            assert(c[1] == false_lit);\n+            i++;\n+\n+            const Lit first = c[0];\n+            Watcher newWatcher(cr, first);\n+            if (first != blocker && value(first) == l_True){\n+                *j++ = newWatcher;\n+                continue;\n+            }\n+\n+            bool newWatchFound = false;\n+            for (int k = 2; k < c.size(); k++){\n+                if (value(c[k]) != l_False){\n+                    c[1] = c[k];\n+                    c[k] = false_lit;\n+                    watches[~c[1]].push(Watcher(cr, c[0]));\n+                    newWatchFound = true;\n+                    break;\n+                }\n+            }\n+            if (newWatchFound){\n+                *j++ = newWatcher;\n+                continue;\n+            }\n+\n+            *j++ = newWatcher;\n+            if (value(first) == l_False){\n+                confl = cr;\n+                qhead = trail.size();\n+                while (i < end)\n+                    *j++ = *i++;\n+            } else {\n+                uncheckedEnqueue(first, cr);\n+            }\n+        }')"
2025-03-15 23:07:34,688	[INFO]	Step: 54
2025-03-15 23:07:34,688	[INFO]	Stop Steps: 100
2025-03-15 23:07:50,390	[DEBUG]	EXEC>  SUCCESS 0.6921120500000001
2025-03-15 23:07:57,578	[INFO]	2-15    SUCCESS               0.69 (101.27%) [2 edit(s)]  
2025-03-15 23:07:57,578	[DEBUG]	patch(2-15)="LineLLMMutation(('core/Solver.cc', 13), '-    if (c.learnt()) learnts_literals -= c.size();\n-    else            clauses_literals -= c.size();\n+    (c.learnt() ? learnts_literals : clauses_literals) -= c.size();') | LineLLMMutation(('core/Solver.cc', 34), '-            Lit     first = c[0];\n-            Watcher w     = Watcher(cr, first);\n-            if (first != blocker && value(first) == l_True){\n-                *j++ = w; continue; }\n+            Lit     first = c[0];\n+            lbool   val_first = value(first);\n+            Watcher w     = Watcher(cr, first);\n+            if (first != blocker && val_first == l_True){\n+                *j++ = w; continue; }\n-            if (value(first) == l_False){\n+            if (val_first == l_False){')"
2025-03-15 23:07:57,578	[INFO]	Step: 55
2025-03-15 23:07:57,578	[INFO]	Stop Steps: 100
2025-03-15 23:08:13,184	[DEBUG]	EXEC>  SUCCESS 0.6875310499999999
2025-03-15 23:08:18,430	[INFO]	2-16    SUCCESS               0.69 (100.60%) [2 edit(s)]  
2025-03-15 23:08:18,430	[DEBUG]	patch(2-16)="LineLLMMutation(('core/Solver.cc', 15), '-    while (qhead < trail.size()){\n-        Lit            p   = trail[qhead++];\n+    for (int local_qhead = qhead; local_qhead < trail.size(); local_qhead++){\n+        Lit            p   = trail[local_qhead];\n-    }\n-    propagations += num_props;\n-    simpDB_props -= num_props;\n-    return confl;\n+    }\n+    qhead = trail.size();\n+    propagations += num_props;\n+    simpDB_props -= num_props;\n+    return confl;') | LineLLMMutation(('core/Solver.cc', 35), '-            Lit blocker = i->blocker;\n-            if (value(blocker) == l_True){\n-                *j++ = *i++; continue; }\n+            Lit blocker = i->blocker;\n+            lbool blocker_val = value(blocker);\n+            if (blocker_val == l_True) {\n+                *j++ = *i++;\n+                continue;\n+            }')"
2025-03-15 23:08:18,430	[INFO]	Step: 56
2025-03-15 23:08:18,430	[INFO]	Stop Steps: 100
2025-03-15 23:08:34,183	[DEBUG]	EXEC>  SUCCESS 0.6949505500000001
2025-03-15 23:08:39,451	[INFO]	2-17    SUCCESS               0.69 (101.68%) [2 edit(s)]  
2025-03-15 23:08:39,451	[DEBUG]	patch(2-17)="LineLLMCrossover(('core/Solver.cc', 1), '-     for (int i = trail.size()-1; i >= trail_lim[0]; i--){\n+     int tl0 = trail_lim[0];\n+     for (int i = trail.size()-1; i >= tl0; i--){\n-         while (!seen[var(trail[index--])]);\n+         while (!seen[var(trail[index])]) index--;\n+         index--;') | LineLLMMutation(('core/Solver.cc', 36), '-            for (int k = 2; k < c.size(); k++)\n-                if (value(c[k]) != l_False){\n-                    c[1] = c[k]; c[k] = false_lit;\n-                    watches[~c[1]].push(w);\n-                    goto NextClause; }\n+            int cs = c.size();\n+            for (int k = 2; k < cs; k++)\n+                if (value(c[k]) != l_False){\n+                    c[1] = c[k]; c[k] = false_lit;\n+                    watches[~c[1]].push(w);\n+                    goto NextClause; }')"
2025-03-15 23:08:39,451	[INFO]	Step: 57
2025-03-15 23:08:39,452	[INFO]	Stop Steps: 100
2025-03-15 23:08:55,097	[DEBUG]	EXEC>  SUCCESS 0.68803265
2025-03-15 23:09:01,136	[INFO]	2-18    SUCCESS               0.69 (100.67%) [2 edit(s)]  
2025-03-15 23:09:01,136	[DEBUG]	patch(2-18)="LineLLMCrossover(('core/Solver.cc', 7), '-     checkGarbage();\n+     // Removed immediate garbage check for performance\n-     if (nAssigns() == simpDB_assigns || (simpDB_props > 0))\n+     if (nAssigns() == simpDB_assigns)\n-     checkGarbage();\n+     // Removed immediate garbage check for performance\n-     for (int i = trail.size()-1; i >= trail_lim[0]; i--){\n+     int tl0 = trail_lim[0];\n+     for (int i = trail.size()-1; i >= tl0; i--){\n-         while (!seen[var(trail[index--])]);\n+         while (!seen[var(trail[index])]) index--;\n+         index--;') | LineLLMMutation(('core/Solver.cc', 37), '-            for (int k = 2; k < c.size(); k++)\n-                if (value(c[k]) != l_False){\n-                    c[1] = c[k]; c[k] = false_lit;\n-                    watches[~c[1]].push(w);\n-                    goto NextClause; }\n+            const int cSize = c.size();\n+            for (int k = 2; k < cSize; k++){\n+                Lit litCandidate = c[k];\n+                if (value(litCandidate) != l_False){\n+                    c[1] = litCandidate;\n+                    c[k] = false_lit;\n+                    watches[~c[1]].push(w);\n+                    goto NextClause;\n+                }\n+            }')"
2025-03-15 23:09:01,136	[INFO]	Step: 58
2025-03-15 23:09:01,136	[INFO]	Stop Steps: 100
2025-03-15 23:09:16,555	[DEBUG]	EXEC>  SUCCESS 0.67783815
2025-03-15 23:09:19,950	[INFO]	2-19    SUCCESS               0.68 (99.18%) [3 edit(s)]  
2025-03-15 23:09:19,950	[DEBUG]	patch(2-19)="LineLLMMutation(('core/Solver.cc', 16), '-        while (!seen[var(trail[index--])]);\n+        while (!seen[var(trail[index])]) index--;\n+        index--;') | LineLLMMutation(('core/Solver.cc', 25), '-        for (i = j = (Watcher*)ws, end = i + ws.size();  i != end;){\n-            Lit blocker = i->blocker;\n-            if (value(blocker) == l_True){\n-                *j++ = *i++; continue; }\n-\n-            CRef     cr        = i->cref;\n-            Clause&  c         = ca[cr];\n-            Lit      false_lit = ~p;\n-            if (c[0] == false_lit)\n-                c[0] = c[1], c[1] = false_lit;\n-            assert(c[1] == false_lit);\n-            i++;\n-\n-            Lit     first = c[0];\n-            Watcher w     = Watcher(cr, first);\n-            if (first != blocker && value(first) == l_True){\n-                *j++ = w; continue; }\n-\n-            for (int k = 2; k < c.size(); k++)\n-                if (value(c[k]) != l_False){\n-                    c[1] = c[k]; c[k] = false_lit;\n-                    watches[~c[1]].push(w);\n-                    goto NextClause; }\n-\n-            *j++ = w;\n-            if (value(first) == l_False){\n-                confl = cr;\n-                qhead = trail.size();\n-                while (i < end)\n-                    *j++ = *i++;\n-            }else\n-                uncheckedEnqueue(first, cr);\n-\n-        NextClause:;\n-        }\n-        ws.shrink(i - j);\n+        for (size_t idx = 0, wsize = ws.size(); idx < wsize; idx++){\n+            Watcher curr = ws[idx];\n+            Lit blocker = curr.blocker;\n+            if (value(blocker) == l_True)\n+                continue;\n+            CRef cr = curr.cref;\n+            Clause& c = ca[cr];\n+            Lit false_lit = ~p;\n+            if (c[0] == false_lit){\n+                std::swap(c[0], c[1]);\n+                c[1] = false_lit;\n+            }\n+            assert(c[1] == false_lit);\n+            Lit first = c[0];\n+            if (first != blocker && value(first) == l_True)\n+                continue;\n+            bool found = false;\n+            for (int k = 2; k < c.size(); k++){\n+                if (value(c[k]) != l_False){\n+                    c[1] = c[k];\n+                    c[k] = false_lit;\n+                    watches[~c[1]].push(Watcher(cr, c[0]));\n+                    found = true;\n+                    break;\n+                }\n+            }\n+            if (!found){\n+                if (value(first) == l_False){\n+                    confl = cr;\n+                    qhead = trail.size();\n+                    break;\n+                } else {\n+                    uncheckedEnqueue(first, cr);\n+                }\n+            }\n+        }\n+        if (confl != CRef_Undef)\n+            ws.resize(0);') | LineLLMMutation(('core/Solver.cc', 38), '-            for (int k = 2; k < c.size(); k++)\n-                if (value(c[k]) != l_False){\n-                    c[1] = c[k]; c[k] = false_lit;\n-                    watches[~c[1]].push(w);\n-                    goto NextClause; }\n+            const int sz = c.size();\n+            for (int k = 2; k < sz; k++){\n+                if (value(c[k]) != l_False){\n+                    c[1] = c[k];\n+                    c[k] = false_lit;\n+                    watches[~c[1]].push(w);\n+                    goto NextClause;\n+                }\n+            }')"
2025-03-15 23:09:19,950	[INFO]	Step: 59
2025-03-15 23:09:19,950	[INFO]	Stop Steps: 100
2025-03-15 23:09:24,105	[INFO]	2-20    COMPILE_CODE_ERROR    None (--) [3 edit(s)]  
2025-03-15 23:09:24,105	[DEBUG]	patch(2-20)="LineLLMMutation(('core/Solver.cc', 12), '-    if (c.learnt()) learnts_literals += c.size();\n-    else            clauses_literals += c.size();\n+    (c.learnt() ? learnts_literals : clauses_literals) += c.size();') | LineLLMMutation(('core/Solver.cc', 29), '-            // If 0th watch is true, then clause is already satisfied.\n-            Lit     first = c[0];\n-            Watcher w     = Watcher(cr, first);\n-            if (first != blocker && value(first) == l_True){\n-                *j++ = w; continue; }\n+            // If 0th watch is true, then clause is already satisfied.\n+            Lit first = c[0];\n+            Watcher w = Watcher(cr, first);\n+            bool firstTrue = (value(first) == l_True);\n+            if (first != blocker && firstTrue){\n+                *j++ = w; continue; }\n-            // Look for new watch:\n-            for (int k = 2; k < c.size(); k++)\n-                if (value(c[k]) != l_False){\n-                    c[1] = c[k]; c[k] = false_lit;\n-                    watches[~c[1]].push(w);\n-                    goto NextClause; }\n+            // Look for new watch:\n+            int cs = c.size();\n+            for (int k = 2; k < cs; k++){\n+                if (value(c[k]) != l_False){\n+                    c[1] = c[k];\n+                    c[k] = false_lit;\n+                    watches[~c[1]].push(w);\n+                    goto NextClause;\n+                }\n+            }') | LineLLMMutation(('core/Solver.cc', 39), '+ #include <algorithm>\n-            int cs = c.size();\n-            for (int k = 2; k < cs; k++){\n-                if (value(c[k]) != l_False){\n-                    c[1] = c[k];\n-                    c[k] = false_lit;\n-                    watches[~c[1]].push(w);\n-                    goto NextClause;\n-                }\n-            }\n+            int cs = c.size();\n+            for (int k = 2; k < cs; k++){\n+                Lit lit_k = c[k];\n+                if (value(lit_k) != l_False){\n+                    std::swap(c[1], c[k]);\n+                    watches[~c[1]].push(w);\n+                    goto NextClause;\n+                }\n+            }')"
2025-03-15 23:09:24,105	[INFO]	Step: 60
2025-03-15 23:09:24,105	[INFO]	Stop Steps: 100
2025-03-15 23:09:39,416	[DEBUG]	EXEC>  SUCCESS 0.67272605
2025-03-15 23:09:43,095	[INFO]	2-1     SUCCESS               0.67 (98.43%) [2 edit(s)]  
2025-03-15 23:09:43,095	[DEBUG]	patch(2-1)="LineLLMCrossover(('core/Solver.cc', 6), '-     for (int i = trail.size()-1; i >= trail_lim[0]; i--){\n+     int tl0 = trail_lim[0];\n+     for (int i = trail.size()-1; i >= tl0; i--){\n-         while (!seen[var(trail[index--])]);\n+         while (!seen[var(trail[index])]) index--;\n+         index--;') | LineLLMMutation(('core/Solver.cc', 40), '-            Lit     first = c[0];\n-            Watcher w     = Watcher(cr, first);\n-            if (first != blocker && value(first) == l_True){\n-                *j++ = w; continue; }\n+            Lit     first = c[0];\n+            lbool   val_first = value(first);\n+            Watcher w     = Watcher(cr, first);\n+            if (first != blocker && val_first == l_True){\n+                *j++ = w; continue; }\n-            for (int k = 2; k < c.size(); k++)\n-                if (value(c[k]) != l_False){\n-                    c[1] = c[k]; c[k] = false_lit;\n-                    watches[~c[1]].push(w);\n-                    goto NextClause; }\n+            int clause_size = c.size();\n+            for (int k = 2; k < clause_size; k++){\n+                if (value(c[k]) != l_False){\n+                    c[1] = c[k];\n+                    c[k] = false_lit;\n+                    watches[~c[1]].push(w);\n+                    goto NextClause;\n+                }\n+            }\n-            *j++ = w;\n-            if (value(first) == l_False){\n-                confl = cr;\n-                qhead = trail.size();\n-                // Copy the remaining watches:\n-                while (i < end)\n-                    *j++ = *i++;\n-            }else\n-                uncheckedEnqueue(first, cr);\n+            *j++ = w;\n+            if (val_first == l_False){\n+                confl = cr;\n+                qhead = trail.size();\n+                while (i < end)\n+                    *j++ = *i++;\n+            }else\n+                uncheckedEnqueue(first, cr);')"
2025-03-15 23:09:43,095	[INFO]	Step: 61
2025-03-15 23:09:43,095	[INFO]	Stop Steps: 100
2025-03-15 23:09:58,736	[DEBUG]	EXEC>  SUCCESS 0.6893287
2025-03-15 23:10:04,737	[INFO]	2-2     SUCCESS               0.69 (100.86%) [3 edit(s)]  
2025-03-15 23:10:04,737	[DEBUG]	patch(2-2)="LineLLMMutation(('core/Solver.cc', 4), '-    activity .push(rnd_init_act ? drand(random_seed) * 0.00001 : 0);\n+    activity .push(0);') | LineLLMMutation(('core/Solver.cc', 31), '-        num_props++;\n-        for (i = j = (Watcher*)ws, end = i + ws.size();  i != end;){\n-            // Try to avoid inspecting the clause:\n-            Lit blocker = i->blocker;\n-            if (value(blocker) == l_True){\n-                *j++ = *i++; continue; }\n-            // Make sure the false literal is data[1]:\n-            CRef     cr        = i->cref;\n-            Clause&  c         = ca[cr];\n-            Lit      false_lit = ~p;\n-            if (c[0] == false_lit)\n-                c[0] = c[1], c[1] = false_lit;\n+        num_props++;\n+        Lit false_lit = ~p;\n+        for (i = j = (Watcher*)ws, end = i + ws.size();  i != end;){\n+            // Try to avoid inspecting the clause:\n+            Lit blocker = i->blocker;\n+            if (value(blocker) == l_True){\n+                *j++ = *i++; continue; }\n+            // Make sure the false literal is data[1]:\n+            CRef     cr        = i->cref;\n+            Clause&  c         = ca[cr];\n+            if (c[0] == false_lit)\n+                c[0] = c[1], c[1] = false_lit;') | LineLLMMutation(('core/Solver.cc', 41), '-    Watcher        *i, *j, *end;\n-    num_props++;\n-    for (i = j = (Watcher*)ws, end = i + ws.size();  i != end;){\n-        Lit blocker = i->blocker;\n-        if (value(blocker) == l_True){\n-            *j++ = *i++; continue; }\n+    Watcher        *i, *j, *end;\n+    num_props++;\n+    int wsSize = ws.size();\n+    for (i = j = (Watcher*)ws, end = i + wsSize;  i != end;){\n+        lbool blockerVal = value(i->blocker);\n+        if (blockerVal == l_True){\n+            *j++ = *i++; continue; }')"
2025-03-15 23:10:04,737	[INFO]	Step: 62
2025-03-15 23:10:04,737	[INFO]	Stop Steps: 100
2025-03-15 23:10:20,283	[DEBUG]	EXEC>  SUCCESS 0.6845584
2025-03-15 23:10:23,953	[INFO]	2-3     SUCCESS               0.68 (100.16%) [3 edit(s)]  
2025-03-15 23:10:23,954	[DEBUG]	patch(2-3)="LineLLMMutation(('core/Solver.cc', 14), '-    if (drand(random_seed) < random_var_freq && !order_heap.empty()){\n+    double randVal = drand(random_seed);\n+    if (randVal < random_var_freq && !order_heap.empty()){') | LineLLMMutation(('core/Solver.cc', 28), '-    for (i = j = (Watcher*)ws, end = i + ws.size();  i != end;){\n-        Lit blocker = i->blocker;\n-        if (value(blocker) == l_True){\n-            *j++ = *i++;\n-            continue;\n-        }\n-        CRef     cr        = i->cref;\n-        Clause&  c         = ca[cr];\n-        Lit      false_lit = ~p;\n-        if (c[0] == false_lit)\n-            c[0] = c[1], c[1] = false_lit;\n-        assert(c[1] == false_lit);\n-        i++;\n-        // If 0th watch is true, then clause is already satisfied.\n-        Lit     first = c[0];\n-        Watcher w     = Watcher(cr, first);\n-        if (first != blocker && value(first) == l_True){\n-            *j++ = w; continue;\n-        }\n-        // Look for new watch:\n-        for (int k = 2; k < c.size(); k++)\n-            if (value(c[k]) != l_False){\n-                c[1] = c[k]; c[k] = false_lit;\n-                watches[~c[1]].push(w);\n-                goto NextClause;\n-            }\n-        // Did not find watch -- clause is unit under assignment:\n-        *j++ = w;\n-        if (value(first) == l_False){\n-            confl = cr;\n-            qhead = trail.size();\n-            while (i < end)\n-                *j++ = *i++;\n-        }else\n-            uncheckedEnqueue(first, cr);\n-    NextClause:;\n-    }\n+    for (i = j = (Watcher*)ws, end = i + ws.size(); i != end; ){\n+        Lit blocker = i->blocker;\n+        lbool val_blocker = value(blocker);\n+        if (val_blocker == l_True){\n+            *j++ = *i++;\n+            continue;\n+        }\n+        CRef cr = i->cref;\n+        Clause& c = ca[cr];\n+        Lit false_lit = ~p;\n+        if (c[0] == false_lit) {\n+            c[0] = c[1];\n+            c[1] = false_lit;\n+        }\n+        assert(c[1] == false_lit);\n+        i++;\n+        // If 0th watch is true, then clause is already satisfied.\n+        Lit first = c[0];\n+        lbool val_first = value(first);\n+        Watcher w = Watcher(cr, first);\n+        if (first != blocker && val_first == l_True){\n+            *j++ = w;\n+            continue;\n+        }\n+        // Look for new watch:\n+        bool watch_updated = false;\n+        for (int k = 2; k < c.size(); k++){\n+            lbool val_ck = value(c[k]);\n+            if (val_ck != l_False){\n+                c[1] = c[k];\n+                c[k] = false_lit;\n+                watches[~c[1]].push(w);\n+                watch_updated = true;\n+                break;\n+            }\n+        }\n+        if (watch_updated){\n+            // Equivalent to goto NextClause;\n+        } else {\n+            // Did not find watch -- clause is unit under assignment:\n+            *j++ = w;\n+            if (val_first == l_False){\n+                confl = cr;\n+                qhead = trail.size();\n+                while (i < end)\n+                    *j++ = *i++;\n+            } else {\n+                uncheckedEnqueue(first, cr);\n+            }\n+        }\n+    }') | LineLLMMutation(('core/Solver.cc', 42), '-            Lit blocker = i->blocker;\n-            if (value(blocker) == l_True){\n-                *j++ = *i++; continue; }\n+            Lit blocker = i->blocker;\n+            lbool blocker_val = value(blocker);\n+            if (blocker_val == l_True){\n+                *j++ = *i++;\n+                continue;\n+            }\n-            Lit     first = c[0];\n-            Watcher w     = Watcher(cr, first);\n-            if (first != blocker && value(first) == l_True){\n-                *j++ = w; continue; }\n+            Lit     first = c[0];\n+            Watcher w     = Watcher(cr, first);\n+            if (first != blocker) {\n+                lbool first_val = value(first);\n+                if (first_val == l_True){\n+                    *j++ = w;\n+                    continue;\n+                }\n+            }')"
2025-03-15 23:10:23,954	[INFO]	Step: 63
2025-03-15 23:10:23,954	[INFO]	Stop Steps: 100
2025-03-15 23:10:34,252	[INFO]	2-4     COMPILE_CODE_ERROR    None (--) [3 edit(s)]  
2025-03-15 23:10:34,252	[DEBUG]	patch(2-4)="LineLLMMutation(('core/Solver.cc', 5), '-    Var next = var_Undef;\n-    if (drand(random_seed) < random_var_freq && !order_heap.empty()){\n-        next = order_heap[irand(random_seed,order_heap.size())];\n-        if (value(next) == l_Undef && decision[next])\n-            rnd_decisions++; }\n-    while (next == var_Undef || value(next) != l_Undef || !decision[next])\n-        if (order_heap.empty()){\n-            next = var_Undef;\n-            break;\n-        }else\n-            next = order_heap.removeMin();\n+    Var next = var_Undef;\n+    while (!order_heap.empty()){\n+        if (drand(random_seed) < random_var_freq){\n+            next = order_heap[irand(random_seed,order_heap.size())];\n+            if (value(next) == l_Undef && decision[next]) {\n+                rnd_decisions++;\n+                break;\n+            }\n+        }\n+        next = order_heap.removeMin();\n+        if (value(next) == l_Undef && decision[next])\n+            break;\n+        next = var_Undef;\n+    }') | LineLLMMutation(('core/Solver.cc', 27), '-        vec<Watcher>&  ws  = watches[p];\n+        vec<Watcher>&  ws  = watches[p];\n+        if(ws.size() == 0) continue;') | LineLLMMutation(('core/Solver.cc', 43), '-        Watcher        *i, *j, *end;\n-        num_props++;\n-\n-        for (i = j = (Watcher*)ws, end = i + ws.size();  i != end;){\n-            // Try to avoid inspecting the clause:\n-            Lit blocker = i->blocker;\n-            if (value(blocker) == l_True){\n-                *j++ = *i++; continue; }\n-\n-            // Make sure the false literal is data[1]:\n-            CRef     cr        = i->cref;\n-            Clause&  c         = ca[cr];\n-            Lit      false_lit = ~p;\n-            if (c[0] == false_lit)\n-                c[0] = c[1], c[1] = false_lit;\n-            assert(c[1] == false_lit);\n-            i++;\n-\n-            // If 0th watch is true, then clause is already satisfied.\n-            Lit     first = c[0];\n-            Watcher w     = Watcher(cr, first);\n-            if (first != blocker && value(first) == l_True){\n-                *j++ = w; continue; }\n-\n-            // Look for new watch:\n-            for (int k = 2; k < c.size(); k++)\n-                if (value(c[k]) != l_False){\n-                    c[1] = c[k]; c[k] = false_lit;\n-                    watches[~c[1]].push(w);\n-                    goto NextClause; }\n-\n-            // Did not find watch -- clause is unit under assignment:\n-            *j++ = w;\n-            if (value(first) == l_False){\n-                confl = cr;\n-                qhead = trail.size();\n-                // Copy the remaining watches:\n-                while (i < end)\n-                    *j++ = *i++;\n-            }else\n-                uncheckedEnqueue(first, cr);\n-\n-        NextClause:;\n-        }\n-        ws.shrink(i - j);\n+        num_props++;\n+        for (int n = 0, wsSize = ws.size(); n < wsSize; n++){\n+            Watcher w = ws[n];\n+            Lit blocker = w.blocker;\n+            if (value(blocker) == l_True)\n+                continue;\n+            CRef cr = w.cref;\n+            Clause& c = ca[cr];\n+            Lit false_lit = ~p;\n+            if (c[0] == false_lit) {\n+                std::swap(c[0], c[1]);\n+                c[1] = false_lit;\n+            }\n+            Lit first = c[0];\n+            if (first != blocker && value(first) == l_True)\n+                continue;\n+            bool found = false;\n+            for (int k = 2; k < c.size(); k++){\n+                if (value(c[k]) != l_False) {\n+                    c[1] = c[k];\n+                    c[k] = false_lit;\n+                    watches[~c[1]].push(w);\n+                    found = true;\n+                    break;\n+                }\n+            }\n+            if (!found) {\n+                if (value(first) == l_False) {\n+                    confl = cr;\n+                    qhead = trail.size();\n+                    break;\n+                }\n+                else\n+                    uncheckedEnqueue(first, cr);\n+            }\n+        }\n+        if (qhead < trail.size()){\n+            vec<Watcher> newWs;\n+            for (int n = 0, wsSize = ws.size(); n < wsSize; n++){\n+                Watcher w = ws[n];\n+                if (value(w.blocker) != l_True)\n+                    newWs.push(w);\n+            }\n+            ws = newWs;\n+        }')"
2025-03-15 23:10:34,252	[INFO]	Step: 64
2025-03-15 23:10:34,252	[INFO]	Stop Steps: 100
2025-03-15 23:10:50,214	[DEBUG]	EXEC>  SUCCESS 0.6959263
2025-03-15 23:10:55,673	[INFO]	2-5     SUCCESS               0.70 (101.82%) [3 edit(s)]  
2025-03-15 23:10:55,674	[DEBUG]	patch(2-5)="LineLLMMutation(('core/Solver.cc', 1), '-    double progress = 0;\n-    double F = 1.0 / nVars();\n-    for (int i = 0; i <= decisionLevel(); i++){\n-        int beg = i == 0 ? 0 : trail_lim[i - 1];\n-        int end = i == decisionLevel() ? trail.size() : trail_lim[i];\n-        progress += pow(F, i) * (end - beg);\n-    }\n-    return progress / nVars();\n+    double progress = 0;\n+    double F = 1.0 / nVars();\n+    double multiplier = 1.0;\n+    for (int i = 0; i <= decisionLevel(); i++){\n+        int beg = i == 0 ? 0 : trail_lim[i - 1];\n+        int end = i == decisionLevel() ? trail.size() : trail_lim[i];\n+        progress += multiplier * (end - beg);\n+        multiplier *= F;\n+    }\n+    return progress / nVars();') | LineLLMMutation(('core/Solver.cc', 22), '-#include "mtl/Sort.h"\n+#include "mtl/Sort.h"\n+#include <algorithm>\n-   while (qhead < trail.size()){\n-       Lit            p   = trail[qhead++];     // \'p\' is enqueued fact to propagate.\n-       vec<Watcher>&  ws  = watches[p];\n-       Watcher        *i, *j, *end;\n-       num_props++;\n-\n-       for (i = j = (Watcher*)ws, end = i + ws.size();  i != end;){\n-           // Try to avoid inspecting the clause:\n-           Lit blocker = i->blocker;\n-           if (value(blocker) == l_True){\n-               *j++ = *i++;\n-               continue;\n-           }\n-           CRef     cr        = i->cref;\n-           Clause&  c         = ca[cr];\n-           Lit      false_lit = ~p;\n-           if (c[0] == false_lit)\n-               c[0] = c[1], c[1] = false_lit;\n-           assert(c[1] == false_lit);\n-           i++;\n-           Lit     first = c[0];\n-           Watcher w     = Watcher(cr, first);\n-           if (first != blocker && value(first) == l_True){\n-               *j++ = w;\n-               continue;\n-           }\n-           for (int k = 2; k < c.size(); k++)\n-               if (value(c[k]) != l_False){\n-                   c[1] = c[k];\n-                   c[k] = false_lit;\n-                   watches[~c[1]].push(w);\n-                   goto NextClause;\n-               }\n-           *j++ = w;\n-           if (value(first) == l_False){\n-               confl = cr;\n-               qhead = trail.size();\n-               while (i < end)\n-                   *j++ = *i++;\n-           }else\n-               uncheckedEnqueue(first, cr);\n-       NextClause:;\n-       }\n-       ws.shrink(i - j);\n-   }\n+   while (qhead < trail.size()){\n+       Lit p = trail[qhead++];\n+       vec<Watcher>& ws = watches[p];\n+       int keepIdx = 0;\n+       num_props++;\n+       for (int idx = 0; idx < ws.size(); idx++){\n+           Watcher w = ws[idx];\n+           if (value(w.blocker) == l_True){\n+               ws[keepIdx++] = w;\n+               continue;\n+           }\n+           CRef cr = w.cref;\n+           Clause& c = ca[cr];\n+           Lit false_lit = ~p;\n+           if (c[0] == false_lit)\n+               std::swap(c[0], c[1]);\n+           assert(c[1] == false_lit);\n+           Lit first = c[0];\n+           if (first != w.blocker && value(first) == l_True){\n+               ws[keepIdx++] = Watcher(cr, first);\n+               continue;\n+           }\n+           bool updated = false;\n+           for (int k = 2; k < c.size(); k++){\n+               if (value(c[k]) != l_False){\n+                   c[1] = c[k];\n+                   c[k] = false_lit;\n+                   watches[~c[1]].push(Watcher(cr, c[0]));\n+                   updated = true;\n+                   break;\n+               }\n+           }\n+           if (updated){\n+               ws[keepIdx++] = Watcher(cr, c[0]);\n+               continue;\n+           }\n+           if (value(first) == l_False){\n+               confl = cr;\n+               for (int j = idx; j < ws.size(); j++){\n+                   ws[keepIdx++] = ws[j];\n+               }\n+               break;\n+           } else {\n+               uncheckedEnqueue(first, cr);\n+               ws[keepIdx++] = Watcher(cr, c[0]);\n+           }\n+       }\n+       ws.shrink(keepIdx);\n+   }') | LineLLMMutation(('core/Solver.cc', 44), '-            Watcher        *i, *j, *end;\n-            num_props++;\n-            for (i = j = (Watcher*)ws, end = i + ws.size();  i != end;){\n-                // Try to avoid inspecting the clause:\n-                Lit blocker = i->blocker;\n-                if (value(blocker) == l_True){\n-                    *j++ = *i++; continue; }\n-\n-                // Make sure the false literal is data[1]:\n-                CRef     cr        = i->cref;\n-                Clause&  c         = ca[cr];\n-                Lit      false_lit = ~p;\n-                if (c[0] == false_lit)\n-                    c[0] = c[1], c[1] = false_lit;\n-                assert(c[1] == false_lit);\n-                i++;\n-\n-                // If 0th watch is true, then clause is already satisfied.\n-                Lit     first = c[0];\n-                Watcher w     = Watcher(cr, first);\n-                if (first != blocker && value(first) == l_True){\n-                    *j++ = w; continue; }\n-\n-                // Look for new watch:\n-                for (int k = 2; k < c.size(); k++)\n-                    if (value(c[k]) != l_False){\n-                        c[1] = c[k]; c[k] = false_lit;\n-                        watches[~c[1]].push(w);\n-                        goto NextClause; }\n-\n-                // Did not find watch -- clause is unit under assignment:\n-                *j++ = w;\n-                if (value(first) == l_False){\n-                    confl = cr;\n-                    qhead = trail.size();\n-                    // Copy the remaining watches:\n-                    while (i < end)\n-                        *j++ = *i++;\n-                }else\n-                    uncheckedEnqueue(first, cr);\n-\n-            NextClause:;\n-            }\n-            ws.shrink(i - j);\n+            num_props++;\n+            int newIndex = 0;\n+            int wsSize = ws.size();\n+            for (int idx = 0; idx < wsSize; idx++){\n+                Watcher current = ws[idx];\n+                if (value(current.blocker) == l_True){\n+                    ws[newIndex++] = current;\n+                    continue;\n+                }\n+                CRef cr = current.cref;\n+                Clause &c = ca[cr];\n+                Lit false_lit = ~p;\n+                if (c[0] == false_lit){\n+                    std::swap(c[0], c[1]);\n+                    c[1] = false_lit;\n+                }\n+                Lit first = c[0];\n+                Watcher newW(cr, first);\n+                if (first != current.blocker && value(first) == l_True){\n+                    ws[newIndex++] = newW;\n+                    continue;\n+                }\n+                bool found = false;\n+                for (int k = 2, cSize = c.size(); k < cSize; k++){\n+                    if (value(c[k]) != l_False){\n+                        c[1] = c[k];\n+                        c[k] = false_lit;\n+                        watches[~c[1]].push(newW);\n+                        found = true;\n+                        break;\n+                    }\n+                }\n+                if (!found){\n+                    ws[newIndex++] = newW;\n+                    if (value(first) == l_False){\n+                        confl = cr;\n+                        qhead = trail.size();\n+                        for (int j = idx + 1; j < wsSize; j++){\n+                            ws[newIndex++] = ws[j];\n+                        }\n+                        break;\n+                    } else {\n+                        uncheckedEnqueue(first, cr);\n+                    }\n+                }\n+            }\n+            ws.shrink(wsSize - newIndex);')"
2025-03-15 23:10:55,674	[INFO]	Step: 65
2025-03-15 23:10:55,674	[INFO]	Stop Steps: 100
2025-03-15 23:11:11,355	[DEBUG]	EXEC>  SUCCESS 0.69158855
2025-03-15 23:11:18,168	[INFO]	2-6     SUCCESS               0.69 (101.19%) [1 edit(s)]  
2025-03-15 23:11:18,168	[DEBUG]	patch(2-6)="LineLLMMutation(('core/Solver.cc', 45), '-            Lit     first = c[0];\n-            Watcher w     = Watcher(cr, first);\n-            if (first != blocker && value(first) == l_True){\n-                *j++ = w; continue; }\n+            Lit     first = c[0];\n+            Watcher w     = Watcher(cr, first);\n+            lbool first_val = value(first);\n+            if (first != blocker && first_val == l_True){\n+                *j++ = w; continue; }\n-            *j++ = w;\n-            if (value(first) == l_False){\n-                confl = cr;\n-                qhead = trail.size();\n-                // Copy the remaining watches:\n-                while (i < end)\n-                    *j++ = *i++;\n-            }else\n-                uncheckedEnqueue(first, cr);\n+            *j++ = w;\n+            if (first_val == l_False){\n+                confl = cr;\n+                qhead = trail.size();\n+                while (i < end)\n+                    *j++ = *i++;\n+            }else\n+                uncheckedEnqueue(first, cr);')"
2025-03-15 23:11:18,168	[INFO]	Step: 66
2025-03-15 23:11:18,168	[INFO]	Stop Steps: 100
2025-03-15 23:17:13,005	[INFO]	Step: 66
2025-03-15 23:17:13,006	[INFO]	Stop Steps: 100
2025-03-15 23:17:28,288	[DEBUG]	EXEC>  SUCCESS 0.6717684
2025-03-15 23:17:38,532	[INFO]	3-7     SUCCESS              +0.67 (98.29%) [1 edit(s)]  
2025-03-15 23:17:38,532	[DEBUG]	patch(3-7)="LineLLMCrossover(('core/Solver.cc', 8), '-         while (!seen[var(trail[index--])]);\n+          while (!seen[var(trail[index])]) index--;\n+          index--;\n-     checkGarbage();\n+      // Removed immediate garbage check for performance\n-     checkGarbage();\n+      // Removed immediate garbage check for performance')"
2025-03-15 23:17:38,532	[INFO]	Step: 67
2025-03-15 23:17:38,532	[INFO]	Stop Steps: 100
2025-03-15 23:17:53,869	[DEBUG]	EXEC>  SUCCESS 0.67411215
2025-03-15 23:18:00,574	[INFO]	3-8     SUCCESS               0.67 (98.63%) [1 edit(s)]  
2025-03-15 23:18:00,574	[DEBUG]	patch(3-8)="LineLLMCrossover(('core/Solver.cc', 11), '-         while (!seen[var(trail[index--])]);\n+          while (!seen[var(trail[index])]) index--;\n+          index--;')"
2025-03-15 23:18:00,574	[INFO]	Step: 68
2025-03-15 23:18:00,574	[INFO]	Stop Steps: 100
2025-03-15 23:18:15,789	[DEBUG]	EXEC>  SUCCESS 0.6669689499999999
2025-03-15 23:18:22,330	[INFO]	3-9     SUCCESS              +0.67 (97.59%) [1 edit(s)]  
2025-03-15 23:18:22,331	[DEBUG]	patch(3-9)="LineLLMCrossover(('core/Solver.cc', 16), '-         while (!seen[var(trail[index--])]);\n+          while (!seen[var(trail[index])]) index--;\n+          index--;\n-     checkGarbage();\n+      // Removed immediate garbage check for performance\n-     checkGarbage();\n+      // Removed immediate garbage check for performance')"
2025-03-15 23:18:22,331	[INFO]	Step: 69
2025-03-15 23:18:22,331	[INFO]	Stop Steps: 100
2025-03-15 23:18:37,637	[DEBUG]	EXEC>  SUCCESS 0.67249565
2025-03-15 23:18:43,771	[INFO]	3-10    SUCCESS               0.67 (98.40%) [1 edit(s)]  
2025-03-15 23:18:43,771	[DEBUG]	patch(3-10)="LineLLMCrossover(('core/Solver.cc', 17), '-         while (!seen[var(trail[index--])]);\n+          while (!seen[var(trail[index])]) index--;\n+          index--;')"
2025-03-15 23:18:43,771	[INFO]	Step: 70
2025-03-15 23:18:43,771	[INFO]	Stop Steps: 100
2025-03-15 23:18:50,177	[INFO]	3-11    COMPILE_CODE_ERROR    None (--) [1 edit(s)]  
2025-03-15 23:18:50,177	[DEBUG]	patch(3-11)="LineLLMCrossover(('core/Solver.cc', 18), '-     for (int i = trail.size()-1; i >= trail_lim[0]; i--){\n+      int tl0 = trail_lim[0];\n+      for (int i = trail.size()-1; i >= tl0; i--){\n-             if (first != blocker && value(first) == l_True){\n+             lbool   val_first = value(first);\n+             if (first != blocker && val_first == l_True){\n-             for (int k = 2; k < c.size(); k++)\n+             int clause_size = c.size();\n+             for (int k = 2; k < clause_size; k++){\n-                     c[1] = c[k]; c[k] = false_lit;\n+                     c[1] = c[k];\n+                     c[k] = false_lit;\n-                     goto NextClause; }\n+                     goto NextClause;\n+                 }')"
2025-03-15 23:18:50,177	[INFO]	Step: 71
2025-03-15 23:18:50,177	[INFO]	Stop Steps: 100
2025-03-15 23:19:05,495	[DEBUG]	EXEC>  SUCCESS 0.673199
2025-03-15 23:19:12,747	[INFO]	3-12    SUCCESS               0.67 (98.50%) [1 edit(s)]  
2025-03-15 23:19:12,747	[DEBUG]	patch(3-12)="LineLLMCrossover(('core/Solver.cc', 19), '-         while (!seen[var(trail[index--])]);\n+          while (!seen[var(trail[index])]) index--;\n+          index--;\n-     for (int i = trail.size()-1; i >= trail_lim[0]; i--){\n+      int tl0 = trail_lim[0];\n+      for (int i = trail.size()-1; i >= tl0; i--){')"
2025-03-15 23:19:12,747	[INFO]	Step: 72
2025-03-15 23:19:12,747	[INFO]	Stop Steps: 100
2025-03-15 23:19:18,157	[INFO]	3-13    COMPILE_CODE_ERROR    None (--) [1 edit(s)]  
2025-03-15 23:19:18,157	[DEBUG]	patch(3-13)="LineLLMCrossover(('core/Solver.cc', 20), '-             Lit     first = c[0];\n+             Lit first = c[0];\n-             Watcher w     = Watcher(cr, first);\n+             Watcher w = Watcher(cr, first);\n+              bool firstTrue = (value(first) == l_True);\n-             if (first != blocker && value(first) == l_True){\n+             if (first != blocker && firstTrue){\n-             for (int k = 2; k < c.size(); k++)\n+              int cs = c.size();\n+             for (int k = 2; k < cs; k++){\n-                     c[1] = c[k]; c[k] = false_lit;\n+                     c[1] = c[k];\n+                     c[k] = false_lit;\n-                     goto NextClause; }\n+                     goto NextClause;\n+                  }')"
2025-03-15 23:19:18,157	[INFO]	Step: 73
2025-03-15 23:19:18,157	[INFO]	Stop Steps: 100
2025-03-15 23:19:33,369	[DEBUG]	EXEC>  SUCCESS 0.6665623
2025-03-15 23:19:38,864	[INFO]	3-14    SUCCESS              +0.67 (97.53%) [1 edit(s)]  
2025-03-15 23:19:38,864	[DEBUG]	patch(3-14)="LineLLMCrossover(('core/Solver.cc', 21), '-         while (!seen[var(trail[index--])]);\n+          while (!seen[var(trail[index])]) index--;\n+          index--;\n-     checkGarbage();\n+      // Removed immediate garbage check for performance\n-     checkGarbage();\n+      // Removed immediate garbage check for performance')"
2025-03-15 23:19:38,864	[INFO]	Step: 74
2025-03-15 23:19:38,864	[INFO]	Stop Steps: 100
2025-03-15 23:19:44,248	[INFO]	3-15    COMPILE_CODE_ERROR    None (--) [1 edit(s)]  
2025-03-15 23:19:44,248	[DEBUG]	patch(3-15)="LineLLMCrossover(('core/Solver.cc', 22), '-         while (!seen[var(trail[index--])]);\n+         while (!seen[var(trail[index])]) index--;\n+         index--;\n-             for (int k = 2; k < c.size(); k++)\n+             const int sz = c.size();\n+             for (int k = 2; k < sz; k++){\n-                     c[1] = c[k]; c[k] = false_lit;\n+                     c[1] = c[k];\n+                     c[k] = false_lit;\n-                     goto NextClause; }\n+                     goto NextClause;\n+                 }')"
2025-03-15 23:19:44,248	[INFO]	Step: 75
2025-03-15 23:19:44,248	[INFO]	Stop Steps: 100
2025-03-15 23:19:59,617	[DEBUG]	EXEC>  SUCCESS 0.6757605999999999
2025-03-15 23:20:07,319	[INFO]	3-16    SUCCESS               0.68 (98.87%) [1 edit(s)]  
2025-03-15 23:20:07,320	[DEBUG]	patch(3-16)="LineLLMCrossover(('core/Solver.cc', 23), '-         while (!seen[var(trail[index--])]);\n+          while (!seen[var(trail[index])]) index--;\n+          index--;\n-             if (first != blocker && value(first) == l_True){\n+              bool firstTrue = (value(first) == l_True);\n+             if (first != blocker && firstTrue){')"
2025-03-15 23:20:07,320	[INFO]	Step: 76
2025-03-15 23:20:07,320	[INFO]	Stop Steps: 100
2025-03-15 23:20:22,575	[DEBUG]	EXEC>  SUCCESS 0.6693194
2025-03-15 23:20:29,234	[INFO]	3-17    SUCCESS               0.67 (97.93%) [2 edit(s)]  
2025-03-15 23:20:29,234	[DEBUG]	patch(3-17)="LineLLMCrossover(('core/Solver.cc', 8), '-         while (!seen[var(trail[index--])]);\n+          while (!seen[var(trail[index])]) index--;\n+          index--;\n-     checkGarbage();\n+      // Removed immediate garbage check for performance\n-     checkGarbage();\n+      // Removed immediate garbage check for performance') | LineLLMMutation(('core/Solver.cc', 46), '-            Lit blocker = i->blocker;\n-            if (value(blocker) == l_True){\n-                *j++ = *i++; continue; }\n+            Lit blocker = i->blocker;\n+            bool blockerTrue = (value(blocker) == l_True);\n+            if (blockerTrue){\n+                *j++ = *i++; continue; }\n-            Lit     first = c[0];\n-            Watcher w     = Watcher(cr, first);\n-            if (first != blocker && value(first) == l_True){\n-                *j++ = w; continue; }\n+            Lit     first = c[0];\n+            bool firstTrue = (value(first) == l_True);\n+            Watcher w     = Watcher(cr, first);\n+            if (first != blocker && firstTrue){\n+                *j++ = w; continue; }\n-            *j++ = w;\n-            if (value(first) == l_False){\n-                confl = cr;\n-                qhead = trail.size();\n-                while (i < end)\n-                    *j++ = *i++;\n-            }else\n-                uncheckedEnqueue(first, cr);\n+            *j++ = w;\n+            if (!firstTrue){\n+                confl = cr;\n+                qhead = trail.size();\n+                while (i < end)\n+                    *j++ = *i++;\n+            }else\n+                uncheckedEnqueue(first, cr);')"
2025-03-15 23:20:29,235	[INFO]	Step: 77
2025-03-15 23:20:29,235	[INFO]	Stop Steps: 100
2025-03-15 23:20:44,938	[DEBUG]	EXEC>  SUCCESS 0.69154505
2025-03-15 23:20:49,915	[INFO]	3-18    SUCCESS               0.69 (101.18%) [2 edit(s)]  
2025-03-15 23:20:49,915	[DEBUG]	patch(3-18)="LineLLMCrossover(('core/Solver.cc', 11), '-         while (!seen[var(trail[index--])]);\n+          while (!seen[var(trail[index])]) index--;\n+          index--;') | LineLLMMutation(('core/Solver.cc', 47), '-            // Look for new watch:\n-            for (int k = 2; k < c.size(); k++)\n-                if (value(c[k]) != l_False){\n-                    c[1] = c[k]; c[k] = false_lit;\n-                    watches[~c[1]].push(w);\n-                    goto NextClause; }\n-        NextClause:;\n+            // Look for new watch:\n+            { bool found = false;\n+              for (int k = 2; k < c.size(); k++){\n+                  if (value(c[k]) != l_False){\n+                      c[1] = c[k]; c[k] = false_lit;\n+                      watches[~c[1]].push(w);\n+                      found = true;\n+                      break;\n+                  }\n+              }\n+              if(found){ *j++ = w; continue; }\n+            }')"
2025-03-15 23:20:49,915	[INFO]	Step: 78
2025-03-15 23:20:49,915	[INFO]	Stop Steps: 100
2025-03-15 23:20:53,738	[INFO]	3-19    COMPILE_CODE_ERROR    None (--) [3 edit(s)]  
2025-03-15 23:20:53,739	[DEBUG]	patch(3-19)="LineLLMCrossover(('core/Solver.cc', 6), '-     for (int i = trail.size()-1; i >= trail_lim[0]; i--){\n+     int tl0 = trail_lim[0];\n+     for (int i = trail.size()-1; i >= tl0; i--){\n-         while (!seen[var(trail[index--])]);\n+         while (!seen[var(trail[index])]) index--;\n+         index--;') | LineLLMMutation(('core/Solver.cc', 40), '-            Lit     first = c[0];\n-            Watcher w     = Watcher(cr, first);\n-            if (first != blocker && value(first) == l_True){\n-                *j++ = w; continue; }\n+            Lit     first = c[0];\n+            lbool   val_first = value(first);\n+            Watcher w     = Watcher(cr, first);\n+            if (first != blocker && val_first == l_True){\n+                *j++ = w; continue; }\n-            for (int k = 2; k < c.size(); k++)\n-                if (value(c[k]) != l_False){\n-                    c[1] = c[k]; c[k] = false_lit;\n-                    watches[~c[1]].push(w);\n-                    goto NextClause; }\n+            int clause_size = c.size();\n+            for (int k = 2; k < clause_size; k++){\n+                if (value(c[k]) != l_False){\n+                    c[1] = c[k];\n+                    c[k] = false_lit;\n+                    watches[~c[1]].push(w);\n+                    goto NextClause;\n+                }\n+            }\n-            *j++ = w;\n-            if (value(first) == l_False){\n-                confl = cr;\n-                qhead = trail.size();\n-                // Copy the remaining watches:\n-                while (i < end)\n-                    *j++ = *i++;\n-            }else\n-                uncheckedEnqueue(first, cr);\n+            *j++ = w;\n+            if (val_first == l_False){\n+                confl = cr;\n+                qhead = trail.size();\n+                while (i < end)\n+                    *j++ = *i++;\n+            }else\n+                uncheckedEnqueue(first, cr);') | LineLLMMutation(('core/Solver.cc', 48), '-            Lit     first = c[0];\n-            lbool   val_first = value(first);\n-            Watcher w     = Watcher(cr, first);\n-            if (first != blocker && val_first == l_True){\n-                *j++ = w; continue; }\n+            Lit first = c[0];\n+            if (value(first) == l_True){\n+                *j++ = Watcher(cr, first);\n+                continue;\n+            }')"
2025-03-15 23:20:53,739	[INFO]	Step: 79
2025-03-15 23:20:53,739	[INFO]	Stop Steps: 100
2025-03-15 23:21:09,570	[DEBUG]	EXEC>  SUCCESS 0.6986341999999999
2025-03-15 23:21:15,514	[INFO]	3-20    SUCCESS               0.70 (102.22%) [2 edit(s)]  
2025-03-15 23:21:15,515	[DEBUG]	patch(3-20)="LineLLMCrossover(('core/Solver.cc', 9), '-         while (!seen[var(trail[index--])]);\n+          while (!seen[var(trail[index])]) index--;\n+          index--;\n-     for (int i = trail.size()-1; i >= trail_lim[0]; i--){\n+     int tl0 = trail_lim[0];\n+     for (int i = trail.size()-1; i >= tl0; i--){') | LineLLMMutation(('core/Solver.cc', 49), '-        vec<Watcher>&  ws  = watches[p];\n+        vec<Watcher>&  ws  = watches[p];\n+            const Lit false_lit = ~p;\n-            Lit blocker = i->blocker;\n-            if (value(blocker) == l_True){\n-                *j++ = *i++; continue; }\n+            Lit blocker = i->blocker;\n+            lbool blockerVal = value(blocker);\n+            if (blockerVal == l_True){\n+                *j++ = *i++;\n+                continue;\n+            }\n-            CRef     cr        = i->cref;\n-            Clause&  c         = ca[cr];\n-            Lit      false_lit = ~p;\n+            CRef     cr        = i->cref;\n+            Clause&  c         = ca[cr];')"
2025-03-15 23:21:15,515	[INFO]	Step: 80
2025-03-15 23:21:15,515	[INFO]	Stop Steps: 100
2025-03-15 23:21:21,065	[INFO]	3-1     TEST_CODE_ERROR       None (--) [2 edit(s)]  
2025-03-15 23:21:21,065	[DEBUG]	patch(3-1)="LineLLMCrossover(('core/Solver.cc', 14), '-         while (!seen[var(trail[index--])]);\n+          while (!seen[var(trail[index])]) index--;\n+          index--;\n-     for (int i = trail.size()-1; i >= trail_lim[0]; i--){\n+     int tl0 = trail_lim[0];\n+     for (int i = trail.size()-1; i >= tl0; i--){\n-             Lit     first = c[0];\n+             Lit first = c[0];\n-             Watcher w     = Watcher(cr, first);\n+             Watcher w = Watcher(cr, first);\n+             bool firstTrue = (value(first) == l_True);\n-             if (first != blocker && value(first) == l_True){\n+             if (first != blocker && firstTrue){\n-             for (int k = 2; k < c.size(); k++)\n+             int cs = c.size();\n+             for (int k = 2; k < cs; k++){\n-                     c[1] = c[k]; c[k] = false_lit;\n+                     c[1] = c[k];\n+                     c[k] = false_lit;\n-                     goto NextClause; }\n+                     goto NextClause;\n+                 }\n+             }') | LineLLMMutation(('core/Solver.cc', 50), "-    while (qhead < trail.size()){\n-        Lit            p   = trail[qhead++];     // 'p' is enqueued fact to propagate.\n-        vec<Watcher>&  ws  = watches[p];\n-        Watcher        *i, *j, *end;\n-        num_props++;\n-\n-        for (i = j = (Watcher*)ws, end = i + ws.size();  i != end;){\n-            // Try to avoid inspecting the clause:\n-            Lit blocker = i->blocker;\n-            if (value(blocker) == l_True){\n-                *j++ = *i++; continue; }\n-\n-            // Make sure the false literal is data[1]:\n-            CRef     cr        = i->cref;\n-            Clause&  c         = ca[cr];\n-            Lit      false_lit = ~p;\n-            if (c[0] == false_lit)\n-                c[0] = c[1], c[1] = false_lit;\n-            assert(c[1] == false_lit);\n-            i++;\n-\n-            // If 0th watch is true, then clause is already satisfied.\n-             Lit first = c[0];\n-             Watcher w = Watcher(cr, first);\n-             bool firstTrue = (value(first) == l_True);\n-             if (first != blocker && firstTrue){\n-                *j++ = w; continue; }\n-\n-            // Look for new watch:\n-             int cs = c.size();\n-             for (int k = 2; k < cs; k++){\n-                if (value(c[k]) != l_False){\n-                     c[1] = c[k];\n-                     c[k] = false_lit;\n-                    watches[~c[1]].push(w);\n-                     goto NextClause;\n-                 }\n-             }\n-\n-            // Did not find watch -- clause is unit under assignment:\n-            *j++ = w;\n-            if (value(first) == l_False){\n-                confl = cr;\n-                qhead = trail.size();\n-                // Copy the remaining watches:\n-                while (i < end)\n-                    *j++ = *i++;\n-            }else\n-                uncheckedEnqueue(first, cr);\n-\n-        NextClause:;\n-        }\n-        ws.shrink(i - j);\n-    }\n+    while (qhead < trail.size()){\n+        Lit p = trail[qhead++];\n+        vec<Watcher>& ws = watches[p];\n+        int write_idx = 0;\n+        num_props++;\n+        for (int idx = 0; idx < ws.size(); idx++){\n+            Watcher cur = ws[idx];\n+            Lit blocker = cur.blocker;\n+            if (value(blocker) == l_True){\n+                ws[write_idx++] = cur;\n+                continue;\n+            }\n+            CRef cr = cur.cref;\n+            Clause& c = ca[cr];\n+            Lit false_lit = ~p;\n+            if (c[0] == false_lit){\n+                std::swap(c[0], c[1]);\n+                c[1] = false_lit;\n+            }\n+            Watcher w(cr, c[0]);\n+            if (c[0] != blocker && value(c[0]) == l_True){\n+                ws[write_idx++] = w;\n+                continue;\n+            }\n+            bool found_new_watch = false;\n+            int cs = c.size();\n+            for (int k = 2; k < cs; k++){\n+                if (value(c[k]) != l_False){\n+                    c[1] = c[k];\n+                    c[k] = false_lit;\n+                    watches[~c[1]].push(w);\n+                    found_new_watch = true;\n+                    break;\n+                }\n+            }\n+            if (found_new_watch){\n+                continue;\n+            }\n+            ws[write_idx++] = w;\n+            if (value(c[0]) == l_False){\n+                confl = cr;\n+                for (int k = idx+1; k < ws.size(); k++){\n+                    ws[write_idx++] = ws[k];\n+                }\n+                break;\n+            } else {\n+                uncheckedEnqueue(c[0], cr);\n+            }\n+        }\n+        ws.shrink(write_idx);\n+    }")"
2025-03-15 23:21:21,065	[INFO]	Step: 81
2025-03-15 23:21:21,065	[INFO]	Stop Steps: 100
2025-03-15 23:21:34,962	[DEBUG]	EXEC>  SUCCESS 0.68082325
2025-03-15 23:21:42,125	[INFO]	3-2     SUCCESS               0.68 (99.62%) [2 edit(s)]  
2025-03-15 23:21:42,125	[DEBUG]	patch(3-2)="LineLLMMutation(('core/Solver.cc', 13), '-    if (c.learnt()) learnts_literals -= c.size();\n-    else            clauses_literals -= c.size();\n+    (c.learnt() ? learnts_literals : clauses_literals) -= c.size();') | LineLLMMutation(('core/Solver.cc', 51), '-        Watcher        *i, *j, *end;\n-        for (i = j = (Watcher*)ws, end = i + ws.size();  i != end;){\n-            // Try to avoid inspecting the clause:\n-            Lit blocker = i->blocker;\n-            if (value(blocker) == l_True){\n-                *j++ = *i++; continue; }\n-\n-            // Make sure the false literal is data[1]:\n-            CRef     cr        = i->cref;\n-            Clause&  c         = ca[cr];\n-            Lit      false_lit = ~p;\n-            if (c[0] == false_lit)\n-                c[0] = c[1], c[1] = false_lit;\n-            assert(c[1] == false_lit);\n-            i++;\n-\n-            // If 0th watch is true, then clause is already satisfied.\n-            Lit     first = c[0];\n-            Watcher w     = Watcher(cr, first);\n-            if (first != blocker && value(first) == l_True){\n-                *j++ = w; continue; }\n-\n-            // Look for new watch:\n-            for (int k = 2; k < c.size(); k++)\n-                if (value(c[k]) != l_False){\n-                    c[1] = c[k]; c[k] = false_lit;\n-                    watches[~c[1]].push(w);\n-                    goto NextClause; }\n-\n-            // Did not find watch -- clause is unit under assignment:\n-            *j++ = w;\n-            if (value(first) == l_False){\n-                confl = cr;\n-                qhead = trail.size();\n-                // Copy the remaining watches:\n-                while (i < end)\n-                    *j++ = *i++;\n-            }else\n-                uncheckedEnqueue(first, cr);\n-\n-        NextClause:;\n-        }\n-        ws.shrink(i - j);\n+        int ws_size = ws.size();\n+        int new_size = 0;\n+        for (int k = 0; k < ws_size; k++){\n+            Watcher w = ws[k];\n+            Lit blocker = w.blocker;\n+            if (value(blocker) == l_True){\n+                ws[new_size++] = w;\n+                continue;\n+            }\n+            CRef cr = w.cref;\n+            Clause& c = ca[cr];\n+            Lit false_lit = ~p;\n+            if (c[0] == false_lit)\n+                std::swap(c[0], c[1]);\n+            assert(c[1] == false_lit);\n+            Lit first = c[0];\n+            if (first != blocker && value(first) == l_True){\n+                ws[new_size++] = Watcher(cr, first);\n+                continue;\n+            }\n+            bool found = false;\n+            for (int k2 = 2; k2 < c.size(); k2++){\n+                if (value(c[k2]) != l_False){\n+                    c[1] = c[k2];\n+                    c[k2] = false_lit;\n+                    watches[~c[1]].push(Watcher(cr, c[0]));\n+                    found = true;\n+                    break;\n+                }\n+            }\n+            if (found){\n+                continue;\n+            } else {\n+                ws[new_size++] = Watcher(cr, c[0]);\n+                if (value(first) == l_False){\n+                    confl = cr;\n+                    qhead = trail.size();\n+                    for (int m = k+1; m < ws_size; m++){\n+                        ws[new_size++] = ws[m];\n+                    }\n+                    break;\n+                } else {\n+                    uncheckedEnqueue(first, cr);\n+                }\n+            }\n+        }\n+        ws.shrink(new_size);')"
2025-03-15 23:21:42,125	[INFO]	Step: 82
2025-03-15 23:21:42,125	[INFO]	Stop Steps: 100
2025-03-15 23:21:47,041	[INFO]	3-3     TEST_CODE_ERROR       None (--) [2 edit(s)]  
2025-03-15 23:21:47,041	[DEBUG]	patch(3-3)="LineLLMCrossover(('core/Solver.cc', 3), '-         while (!seen[var(trail[index--])]);\n+         while (!seen[var(trail[index])]) index--;\n+         index--;\n-     checkGarbage();\n+     // Removed immediate garbage check for performance') | LineLLMMutation(('core/Solver.cc', 52), '-            // Look for new watch:\n-            for (int k = 2; k < c.size(); k++)\n-                if (value(c[k]) != l_False){\n-                    c[1] = c[k]; c[k] = false_lit;\n-                    watches[~c[1]].push(w);\n-                    goto NextClause; }\n+            // Look for new watch optimized with a while-loop and early exit\n+            {\n+                int sz = c.size();\n+                int k = 2;\n+                bool found = false;\n+                while (k < sz) {\n+                    if (value(c[k]) != l_False) {\n+                        c[1] = c[k];\n+                        c[k] = false_lit;\n+                        watches[~c[1]].push(w);\n+                        found = true;\n+                        break;\n+                    }\n+                    ++k;\n+                }\n+                if (found) {\n+                    *j++ = w;\n+                    goto NextClause;\n+                }\n+            }')"
2025-03-15 23:21:47,041	[INFO]	Step: 83
2025-03-15 23:21:47,041	[INFO]	Stop Steps: 100
2025-03-15 23:22:02,657	[DEBUG]	EXEC>  SUCCESS 0.6873893499999999
2025-03-15 23:22:09,978	[INFO]	3-4     SUCCESS               0.69 (100.58%) [4 edit(s)]  
2025-03-15 23:22:09,978	[DEBUG]	patch(3-4)="LineLLMMutation(('core/Solver.cc', 16), '-        while (!seen[var(trail[index--])]);\n+        while (!seen[var(trail[index])]) index--;\n+        index--;') | LineLLMMutation(('core/Solver.cc', 25), '-        for (i = j = (Watcher*)ws, end = i + ws.size();  i != end;){\n-            Lit blocker = i->blocker;\n-            if (value(blocker) == l_True){\n-                *j++ = *i++; continue; }\n-\n-            CRef     cr        = i->cref;\n-            Clause&  c         = ca[cr];\n-            Lit      false_lit = ~p;\n-            if (c[0] == false_lit)\n-                c[0] = c[1], c[1] = false_lit;\n-            assert(c[1] == false_lit);\n-            i++;\n-\n-            Lit     first = c[0];\n-            Watcher w     = Watcher(cr, first);\n-            if (first != blocker && value(first) == l_True){\n-                *j++ = w; continue; }\n-\n-            for (int k = 2; k < c.size(); k++)\n-                if (value(c[k]) != l_False){\n-                    c[1] = c[k]; c[k] = false_lit;\n-                    watches[~c[1]].push(w);\n-                    goto NextClause; }\n-\n-            *j++ = w;\n-            if (value(first) == l_False){\n-                confl = cr;\n-                qhead = trail.size();\n-                while (i < end)\n-                    *j++ = *i++;\n-            }else\n-                uncheckedEnqueue(first, cr);\n-\n-        NextClause:;\n-        }\n-        ws.shrink(i - j);\n+        for (size_t idx = 0, wsize = ws.size(); idx < wsize; idx++){\n+            Watcher curr = ws[idx];\n+            Lit blocker = curr.blocker;\n+            if (value(blocker) == l_True)\n+                continue;\n+            CRef cr = curr.cref;\n+            Clause& c = ca[cr];\n+            Lit false_lit = ~p;\n+            if (c[0] == false_lit){\n+                std::swap(c[0], c[1]);\n+                c[1] = false_lit;\n+            }\n+            assert(c[1] == false_lit);\n+            Lit first = c[0];\n+            if (first != blocker && value(first) == l_True)\n+                continue;\n+            bool found = false;\n+            for (int k = 2; k < c.size(); k++){\n+                if (value(c[k]) != l_False){\n+                    c[1] = c[k];\n+                    c[k] = false_lit;\n+                    watches[~c[1]].push(Watcher(cr, c[0]));\n+                    found = true;\n+                    break;\n+                }\n+            }\n+            if (!found){\n+                if (value(first) == l_False){\n+                    confl = cr;\n+                    qhead = trail.size();\n+                    break;\n+                } else {\n+                    uncheckedEnqueue(first, cr);\n+                }\n+            }\n+        }\n+        if (confl != CRef_Undef)\n+            ws.resize(0);') | LineLLMMutation(('core/Solver.cc', 38), '-            for (int k = 2; k < c.size(); k++)\n-                if (value(c[k]) != l_False){\n-                    c[1] = c[k]; c[k] = false_lit;\n-                    watches[~c[1]].push(w);\n-                    goto NextClause; }\n+            const int sz = c.size();\n+            for (int k = 2; k < sz; k++){\n+                if (value(c[k]) != l_False){\n+                    c[1] = c[k];\n+                    c[k] = false_lit;\n+                    watches[~c[1]].push(w);\n+                    goto NextClause;\n+                }\n+            }') | LineLLMMutation(('core/Solver.cc', 53), '-            const int sz = c.size();\n-            for (int k = 2; k < sz; k++){\n-                if (value(c[k]) != l_False){\n-                    c[1] = c[k];\n-                    c[k] = false_lit;\n-                    watches[~c[1]].push(w);\n-                    goto NextClause;\n-                }\n-            }\n-            // Did not find watch -- clause is unit under assignment:\n-            *j++ = w;\n-            if (value(first) == l_False){\n-                confl = cr;\n-                qhead = trail.size();\n-                // Copy the remaining watches:\n-                while (i < end)\n-                    *j++ = *i++;\n-            }else\n-                uncheckedEnqueue(first, cr);\n+            const int sz = c.size();\n+            bool found = false;\n+            for (int k = 2; k < sz; k++){\n+                if (value(c[k]) != l_False){\n+                    c[1] = c[k];\n+                    c[k] = false_lit;\n+                    watches[~c[1]].push(w);\n+                    found = true;\n+                    break;\n+                }\n+            }\n+            if(found){\n+                *j++ = w;\n+                continue;\n+            }\n+            *j++ = w;\n+            if (value(first) == l_False){\n+                confl = cr;\n+                qhead = trail.size();\n+                while(i < end)\n+                    *j++ = *i++;\n+            } else {\n+                uncheckedEnqueue(first, cr);\n+            }')"
2025-03-15 23:22:09,978	[INFO]	Step: 84
2025-03-15 23:22:09,978	[INFO]	Stop Steps: 100
2025-03-15 23:22:25,513	[DEBUG]	EXEC>  SUCCESS 0.6829356499999999
2025-03-15 23:22:32,954	[INFO]	3-5     SUCCESS               0.68 (99.92%) [2 edit(s)]  
2025-03-15 23:22:32,954	[DEBUG]	patch(3-5)="LineLLMCrossover(('core/Solver.cc', 10), '-         while (!seen[var(trail[index--])]);\n+          while (!seen[var(trail[index])]) index--;\n+          index--;\n-     for (int i = trail.size()-1; i >= trail_lim[0]; i--){\n+     int tl0 = trail_lim[0];\n+     for (int i = trail.size()-1; i >= tl0; i--){\n-     if (nAssigns() == simpDB_assigns || (simpDB_props > 0))\n+     if (nAssigns() == simpDB_assigns)\n-     checkGarbage();\n+      // Removed immediate garbage check for performance\n-     checkGarbage();\n+      // Removed immediate garbage check for performance') | LineLLMMutation(('core/Solver.cc', 54), '-            for (int k = 2; k < c.size(); k++)\n-                if (value(c[k]) != l_False){\n-                    c[1] = c[k]; c[k] = false_lit;\n-                    watches[~c[1]].push(w);\n-                    goto NextClause; }\n+            {\n+                int sz = c.size();\n+                for (int k = 2; k < sz; k++){\n+                    Lit candidate = c[k];\n+                    lbool candidate_val = value(candidate);\n+                    if (candidate_val != l_False){\n+                        c[1] = candidate;\n+                        c[k] = false_lit;\n+                        watches[~candidate].push(w);\n+                        goto NextClause;\n+                    }\n+                }\n+            }')"
2025-03-15 23:22:32,954	[INFO]	Step: 85
2025-03-15 23:22:32,954	[INFO]	Stop Steps: 100
2025-03-15 23:22:38,210	[INFO]	3-6     TEST_CODE_ERROR       None (--) [2 edit(s)]  
2025-03-15 23:22:38,210	[DEBUG]	patch(3-6)="LineLLMCrossover(('core/Solver.cc', 13), '-         while (!seen[var(trail[index--])]);\n+          while (!seen[var(trail[index])]) index--;\n+          index--;\n-     for (int i = trail.size()-1; i >= trail_lim[0]; i--){\n+     int tl0 = trail_lim[0];\n+     for (int i = trail.size()-1; i >= tl0; i--){') | LineLLMMutation(('core/Solver.cc', 55), "-CRef Solver::propagate()\n-{\n-    CRef    confl     = CRef_Undef;\n-    int     num_props = 0;\n-    watches.cleanAll();\n-\n-    while (qhead < trail.size()){\n-        Lit            p   = trail[qhead++];     // 'p' is enqueued fact to propagate.\n-        vec<Watcher>&  ws  = watches[p];\n-        Watcher        *i, *j, *end;\n-        num_props++;\n-\n-        for (i = j = (Watcher*)ws, end = i + ws.size();  i != end;){\n-            // Try to avoid inspecting the clause:\n-            Lit blocker = i->blocker;\n-            if (value(blocker) == l_True){\n-                *j++ = *i++; continue; }\n-\n-            // Make sure the false literal is data[1]:\n-            CRef     cr        = i->cref;\n-            Clause&  c         = ca[cr];\n-            Lit      false_lit = ~p;\n-            if (c[0] == false_lit)\n-                c[0] = c[1], c[1] = false_lit;\n-            assert(c[1] == false_lit);\n-            i++;\n-\n-            // If 0th watch is true, then clause is already satisfied.\n-            Lit     first = c[0];\n-            Watcher w     = Watcher(cr, first);\n-            if (first != blocker && value(first) == l_True){\n-                *j++ = w; continue; }\n-\n-            // Look for new watch:\n-            for (int k = 2; k < c.size(); k++)\n-                if (value(c[k]) != l_False){\n-                    c[1] = c[k]; c[k] = false_lit;\n-                    watches[~c[1]].push(w);\n-                    goto NextClause; }\n-\n-            // Did not find watch -- clause is unit under assignment:\n-            *j++ = w;\n-            if (value(first) == l_False){\n-                confl = cr;\n-                qhead = trail.size();\n-                // Copy the remaining watches:\n-                while (i < end)\n-                    *j++ = *i++;\n-            }else\n-                uncheckedEnqueue(first, cr);\n-\n-        NextClause:;\n-        }\n-        ws.shrink(i - j);\n-    }\n-    propagations += num_props;\n-    simpDB_props -= num_props;\n-\n-    return confl;\n-}\n+CRef Solver::propagate()\n+{\n+    CRef confl = CRef_Undef;\n+    int num_props = 0;\n+    watches.cleanAll();\n+\n+    while(qhead < trail.size()){\n+        Lit p = trail[qhead++];\n+        vec<Watcher>& ws = watches[p];\n+        int ws_size = ws.size();\n+        int newIdx = 0;\n+        num_props++;\n+\n+        for (int idx = 0; idx < ws_size; idx++){\n+            Watcher curr = ws[idx];\n+            Lit blocker = curr.blocker;\n+            if(value(blocker) == l_True){\n+                ws[newIdx++] = curr;\n+                continue;\n+            }\n+\n+            CRef cr = curr.cref;\n+            Clause& c = ca[cr];\n+            Lit false_lit = ~p;\n+            if(c[0] == false_lit){\n+                c[0] = c[1];\n+                c[1] = false_lit;\n+            }\n+            assert(c[1] == false_lit);\n+\n+            Lit first = c[0];\n+            if(first != blocker && value(first) == l_True){\n+                ws[newIdx++] = Watcher(cr, first);\n+                continue;\n+            }\n+\n+            bool found_watch = false;\n+            for (int k = 2; k < c.size(); k++){\n+                if(value(c[k]) != l_False){\n+                    c[1] = c[k];\n+                    c[k] = false_lit;\n+                    watches[~c[1]].push(Watcher(cr, c[0]));\n+                    found_watch = true;\n+                    break;\n+                }\n+            }\n+\n+            ws[newIdx++] = Watcher(cr, c[0]);\n+            if(!found_watch && value(first) == l_False){\n+                confl = cr;\n+                for (int j = idx+1; j < ws_size; j++){\n+                    ws[newIdx++] = ws[j];\n+                }\n+                ws.shrink(newIdx);\n+                goto EXIT_LOOP;\n+            } else if(!found_watch){\n+                uncheckedEnqueue(first, cr);\n+            }\n+        }\n+        ws.shrink(newIdx);\n+    }\n+EXIT_LOOP:\n+    propagations += num_props;\n+    simpDB_props -= num_props;\n+    return confl;\n+}")"
2025-03-15 23:22:38,210	[INFO]	Step: 86
2025-03-15 23:22:38,210	[INFO]	Stop Steps: 100
2025-03-15 23:22:45,066	[INFO]	3-7     TEST_CODE_ERROR       None (--) [4 edit(s)]  
2025-03-15 23:22:45,066	[DEBUG]	patch(3-7)="LineLLMMutation(('core/Solver.cc', 14), '-    if (drand(random_seed) < random_var_freq && !order_heap.empty()){\n+    double randVal = drand(random_seed);\n+    if (randVal < random_var_freq && !order_heap.empty()){') | LineLLMMutation(('core/Solver.cc', 28), '-    for (i = j = (Watcher*)ws, end = i + ws.size();  i != end;){\n-        Lit blocker = i->blocker;\n-        if (value(blocker) == l_True){\n-            *j++ = *i++;\n-            continue;\n-        }\n-        CRef     cr        = i->cref;\n-        Clause&  c         = ca[cr];\n-        Lit      false_lit = ~p;\n-        if (c[0] == false_lit)\n-            c[0] = c[1], c[1] = false_lit;\n-        assert(c[1] == false_lit);\n-        i++;\n-        // If 0th watch is true, then clause is already satisfied.\n-        Lit     first = c[0];\n-        Watcher w     = Watcher(cr, first);\n-        if (first != blocker && value(first) == l_True){\n-            *j++ = w; continue;\n-        }\n-        // Look for new watch:\n-        for (int k = 2; k < c.size(); k++)\n-            if (value(c[k]) != l_False){\n-                c[1] = c[k]; c[k] = false_lit;\n-                watches[~c[1]].push(w);\n-                goto NextClause;\n-            }\n-        // Did not find watch -- clause is unit under assignment:\n-        *j++ = w;\n-        if (value(first) == l_False){\n-            confl = cr;\n-            qhead = trail.size();\n-            while (i < end)\n-                *j++ = *i++;\n-        }else\n-            uncheckedEnqueue(first, cr);\n-    NextClause:;\n-    }\n+    for (i = j = (Watcher*)ws, end = i + ws.size(); i != end; ){\n+        Lit blocker = i->blocker;\n+        lbool val_blocker = value(blocker);\n+        if (val_blocker == l_True){\n+            *j++ = *i++;\n+            continue;\n+        }\n+        CRef cr = i->cref;\n+        Clause& c = ca[cr];\n+        Lit false_lit = ~p;\n+        if (c[0] == false_lit) {\n+            c[0] = c[1];\n+            c[1] = false_lit;\n+        }\n+        assert(c[1] == false_lit);\n+        i++;\n+        // If 0th watch is true, then clause is already satisfied.\n+        Lit first = c[0];\n+        lbool val_first = value(first);\n+        Watcher w = Watcher(cr, first);\n+        if (first != blocker && val_first == l_True){\n+            *j++ = w;\n+            continue;\n+        }\n+        // Look for new watch:\n+        bool watch_updated = false;\n+        for (int k = 2; k < c.size(); k++){\n+            lbool val_ck = value(c[k]);\n+            if (val_ck != l_False){\n+                c[1] = c[k];\n+                c[k] = false_lit;\n+                watches[~c[1]].push(w);\n+                watch_updated = true;\n+                break;\n+            }\n+        }\n+        if (watch_updated){\n+            // Equivalent to goto NextClause;\n+        } else {\n+            // Did not find watch -- clause is unit under assignment:\n+            *j++ = w;\n+            if (val_first == l_False){\n+                confl = cr;\n+                qhead = trail.size();\n+                while (i < end)\n+                    *j++ = *i++;\n+            } else {\n+                uncheckedEnqueue(first, cr);\n+            }\n+        }\n+    }') | LineLLMMutation(('core/Solver.cc', 42), '-            Lit blocker = i->blocker;\n-            if (value(blocker) == l_True){\n-                *j++ = *i++; continue; }\n+            Lit blocker = i->blocker;\n+            lbool blocker_val = value(blocker);\n+            if (blocker_val == l_True){\n+                *j++ = *i++;\n+                continue;\n+            }\n-            Lit     first = c[0];\n-            Watcher w     = Watcher(cr, first);\n-            if (first != blocker && value(first) == l_True){\n-                *j++ = w; continue; }\n+            Lit     first = c[0];\n+            Watcher w     = Watcher(cr, first);\n+            if (first != blocker) {\n+                lbool first_val = value(first);\n+                if (first_val == l_True){\n+                    *j++ = w;\n+                    continue;\n+                }\n+            }') | LineLLMMutation(('core/Solver.cc', 56), "-   while (qhead < trail.size()){\n-       Lit            p   = trail[qhead++];     // 'p' is enqueued fact to propagate.\n-       vec<Watcher>&  ws  = watches[p];\n-       Watcher        *i, *j, *end;\n-       num_props++;\n-\n-       for (i = j = (Watcher*)ws, end = i + ws.size();  i != end;){\n-           // Try to avoid inspecting the clause:\n-           Lit blocker = i->blocker;\n-           lbool blocker_val = value(blocker);\n-           if (blocker_val == l_True){\n-               *j++ = *i++;\n-               continue;\n-           }\n-\n-           // Make sure the false literal is data[1]:\n-           CRef     cr        = i->cref;\n-           Clause&  c         = ca[cr];\n-           Lit      false_lit = ~p;\n-           if (c[0] == false_lit)\n-               c[0] = c[1], c[1] = false_lit;\n-           assert(c[1] == false_lit);\n-           i++;\n-\n-           // If 0th watch is true, then clause is already satisfied.\n-           Lit     first = c[0];\n-           Watcher w     = Watcher(cr, first);\n-           if (first != blocker) {\n-               lbool first_val = value(first);\n-               if (first_val == l_True){\n-                   *j++ = w;\n-                   continue;\n-               }\n-           }\n-\n-           // Look for new watch:\n-           for (int k = 2; k < c.size(); k++)\n-               if (value(c[k]) != l_False){\n-                   c[1] = c[k]; c[k] = false_lit;\n-                   watches[~c[1]].push(w);\n-                   goto NextClause; }\n-\n-           // Did not find watch -- clause is unit under assignment:\n-           *j++ = w;\n-           if (value(first) == l_False){\n-               confl = cr;\n-               qhead = trail.size();\n-               // Copy the remaining watches:\n-               while (i < end)\n-                   *j++ = *i++;\n-           }else\n-               uncheckedEnqueue(first, cr);\n-\n-       NextClause:;\n-       }\n-       ws.shrink(i - j);\n-   }\n+   while (qhead < trail.size()){\n+       Lit p = trail[qhead++];\n+       vec<Watcher>& ws = watches[p];\n+       int wsSize = ws.size();\n+       if (wsSize == 0) continue;\n+       num_props++;\n+       int newSize = 0;\n+       Lit false_lit = ~p;\n+       for (int idx = 0; idx < wsSize; idx++){\n+           Watcher w = ws[idx];\n+           Lit blocker = w.blocker;\n+           lbool blocker_val = value(blocker);\n+           if (blocker_val == l_True) {\n+               ws[newSize++] = w;\n+               continue;\n+           }\n+           CRef cr = w.cref;\n+           Clause& c = ca[cr];\n+           if (c[0] == false_lit)\n+               std::swap(c[0], c[1]);\n+           Lit first = c[0];\n+           if (first != blocker && value(first) == l_True) {\n+               ws[newSize++] = Watcher(cr, first);\n+               continue;\n+           }\n+           bool found = false;\n+           for (int k = 2; k < c.size(); k++){\n+               if (value(c[k]) != l_False){\n+                   c[1] = c[k];\n+                   c[k] = false_lit;\n+                   watches[~c[1]].push(Watcher(cr, c[1]));\n+                   found = true;\n+                   break;\n+               }\n+           }\n+           if (!found){\n+               ws[newSize++] = Watcher(cr, first);\n+               if (value(first) == l_False){\n+                   confl = cr;\n+                   qhead = trail.size();\n+                   for (int j = idx + 1; j < wsSize; j++){\n+                       ws[newSize++] = ws[j];\n+                   }\n+                   break;\n+               } else {\n+                   uncheckedEnqueue(first, cr);\n+               }\n+           }\n+       }\n+       ws.shrink(newSize);\n+   }")"
2025-03-15 23:22:45,066	[INFO]	Step: 87
2025-03-15 23:22:45,066	[INFO]	Stop Steps: 100
2025-03-15 23:23:01,552	[DEBUG]	EXEC>  SUCCESS 0.6867938499999999
2025-03-15 23:23:06,167	[INFO]	3-8     SUCCESS               0.69 (100.49%) [3 edit(s)]  
2025-03-15 23:23:06,167	[DEBUG]	patch(3-8)="LineLLMMutation(('core/Solver.cc', 15), '-    while (qhead < trail.size()){\n-        Lit            p   = trail[qhead++];\n+    for (int local_qhead = qhead; local_qhead < trail.size(); local_qhead++){\n+        Lit            p   = trail[local_qhead];\n-    }\n-    propagations += num_props;\n-    simpDB_props -= num_props;\n-    return confl;\n+    }\n+    qhead = trail.size();\n+    propagations += num_props;\n+    simpDB_props -= num_props;\n+    return confl;') | LineLLMMutation(('core/Solver.cc', 35), '-            Lit blocker = i->blocker;\n-            if (value(blocker) == l_True){\n-                *j++ = *i++; continue; }\n+            Lit blocker = i->blocker;\n+            lbool blocker_val = value(blocker);\n+            if (blocker_val == l_True) {\n+                *j++ = *i++;\n+                continue;\n+            }') | LineLLMMutation(('core/Solver.cc', 57), '-            Lit            blocker = i->blocker;\n-            lbool blocker_val = value(blocker);\n-            if (blocker_val == l_True) {\n-                *j++ = *i++;\n-                continue;\n-            }\n+            const Lit blocker = i->blocker;\n+            const lbool blocker_val = value(blocker);\n+            if (blocker_val == l_True) { *j++ = *i++; continue; }\n-            CRef     cr        = i->cref;\n-            Clause&  c         = ca[cr];\n-            Lit      false_lit = ~p;\n-            if (c[0] == false_lit)\n-                c[0] = c[1], c[1] = false_lit;\n-            assert(c[1] == false_lit);\n-            i++;\n-\n-            Lit     first = c[0];\n-            Watcher w     = Watcher(cr, first);\n-            if (first != blocker && value(first) == l_True){\n-                *j++ = w; continue; }\n+            const CRef cr = i->cref;\n+            Clause& c = ca[cr];\n+            const Lit false_lit = ~p;\n+            if (c[0] == false_lit) { std::swap(c[0], c[1]); c[1] = false_lit; }\n+            assert(c[1] == false_lit);\n+            i++;\n+            const Lit first = c[0];\n+            const lbool val_first = value(first);\n+            if (first != blocker && val_first == l_True) { *j++ = Watcher(cr, first); continue; }\n-            for (int k = 2; k < c.size(); k++)\n-                if (value(c[k]) != l_False){\n-                    c[1] = c[k]; c[k] = false_lit;\n-                    watches[~c[1]].push(w);\n-                    goto NextClause; }\n+            for (int k = 2; k < c.size(); k++) {\n+                const lbool val_ck = value(c[k]);\n+                if (val_ck != l_False) {\n+                    c[1] = c[k];\n+                    c[k] = false_lit;\n+                    watches[~c[1]].push(Watcher(cr, first));\n+                    goto NextClause;\n+                }\n+            }')"
2025-03-15 23:23:06,167	[INFO]	Step: 88
2025-03-15 23:23:06,167	[INFO]	Stop Steps: 100
2025-03-15 23:23:10,847	[INFO]	3-9     COMPILE_CODE_ERROR    None (--) [1 edit(s)]  
2025-03-15 23:23:10,847	[DEBUG]	patch(3-9)="LineLLMMutation(('core/Solver.cc', 58), "-    while (qhead < trail.size()){\n-        Lit            p   = trail[qhead++];     // 'p' is enqueued fact to propagate.\n-        vec<Watcher>&  ws  = watches[p];\n-        Watcher        *i, *j, *end;\n-        num_props++;\n-\n-        for (i = j = (Watcher*)ws, end = i + ws.size();  i != end;){\n-            // Try to avoid inspecting the clause:\n-            Lit blocker = i->blocker;\n-            if (value(blocker) == l_True){\n-                *j++ = *i++; continue; }\n-\n-            // Make sure the false literal is data[1]:\n-            CRef     cr        = i->cref;\n-            Clause&  c         = ca[cr];\n-            Lit      false_lit = ~p;\n-            if (c[0] == false_lit)\n-                c[0] = c[1], c[1] = false_lit;\n-            assert(c[1] == false_lit);\n-            i++;\n-\n-            // If 0th watch is true, then clause is already satisfied.\n-            Lit     first = c[0];\n-            Watcher w     = Watcher(cr, first);\n-            if (first != blocker && value(first) == l_True){\n-                *j++ = w; continue; }\n-\n-            // Look for new watch:\n-            for (int k = 2; k < c.size(); k++)\n-                if (value(c[k]) != l_False){\n-                    c[1] = c[k]; c[k] = false_lit;\n-                    watches[~c[1]].push(w);\n-                    goto NextClause; }\n-\n-            // Did not find watch -- clause is unit under assignment:\n-            *j++ = w;\n-            if (value(first) == l_False){\n-                confl = cr;\n-                qhead = trail.size();\n-                // Copy the remaining watches:\n-                while (i < end)\n-                    *j++ = *i++;\n-            }else\n-                uncheckedEnqueue(first, cr);\n-\n-        NextClause:;\n-        }\n-        ws.shrink(i - j);\n-    }\n+    while (qhead < trail.size()){\n+        Lit p = trail[qhead++];\n+        vec<Watcher>& ws = watches[p];\n+        num_props++;\n+        Watcher* wData = ws.data();\n+        int ws_size = ws.size();\n+        for (int idx = 0; idx < ws_size; idx++){\n+            Watcher curWatcher = wData[idx];\n+            if (value(curWatcher.blocker) == l_True)\n+                continue;\n+            CRef cr = curWatcher.cref;\n+            Clause& c = ca[cr];\n+            Lit false_lit = ~p;\n+            if (c[0] == false_lit)\n+                std::swap(c[0], c[1]);\n+            Lit first = c[0];\n+            if (first != curWatcher.blocker && value(first) == l_True)\n+                continue;\n+            bool found = false;\n+            for (int k = 2; k < c.size(); k++){\n+                if (value(c[k]) != l_False){\n+                    c[1] = c[k];\n+                    c[k] = false_lit;\n+                    watches[~c[1]].push(curWatcher);\n+                    found = true;\n+                    break;\n+                }\n+            }\n+            if (!found){\n+                if (value(first) == l_False){\n+                    confl = cr;\n+                    qhead = trail.size();\n+                    break;\n+                } else\n+                    uncheckedEnqueue(first, cr);\n+            }\n+        }\n+    }")"
2025-03-15 23:23:10,847	[INFO]	Step: 89
2025-03-15 23:23:10,847	[INFO]	Stop Steps: 100
2025-03-15 23:29:10,679	[INFO]	Step: 89
2025-03-15 23:29:10,679	[INFO]	Stop Steps: 100
2025-03-15 23:29:25,857	[DEBUG]	EXEC>  SUCCESS 0.6653708500000001
2025-03-15 23:29:34,231	[INFO]	4-10    SUCCESS              +0.67 (97.35%) [1 edit(s)]  
2025-03-15 23:29:34,231	[DEBUG]	patch(4-10)="LineLLMCrossover(('core/Solver.cc', 21), '-         while (!seen[var(trail[index--])]);\n+          while (!seen[var(trail[index])]) index--;\n+          index--;\n-     checkGarbage();\n+      // Removed immediate garbage check for performance\n-     checkGarbage();\n+      // Removed immediate garbage check for performance')"
2025-03-15 23:29:34,231	[INFO]	Step: 90
2025-03-15 23:29:34,231	[INFO]	Stop Steps: 100
2025-03-15 23:29:49,427	[DEBUG]	EXEC>  SUCCESS 0.66545
2025-03-15 23:30:03,363	[INFO]	4-11    SUCCESS               0.67 (97.37%) [1 edit(s)]  
2025-03-15 23:30:03,363	[DEBUG]	patch(4-11)="LineLLMCrossover(('core/Solver.cc', 16), '-         while (!seen[var(trail[index--])]);\n+          while (!seen[var(trail[index])]) index--;\n+          index--;\n-     checkGarbage();\n+      // Removed immediate garbage check for performance\n-     checkGarbage();\n+      // Removed immediate garbage check for performance')"
2025-03-15 23:30:03,363	[INFO]	Step: 91
2025-03-15 23:30:03,363	[INFO]	Stop Steps: 100
2025-03-15 23:30:11,587	[INFO]	4-12    TEST_CODE_ERROR       None (--) [1 edit(s)]  
2025-03-15 23:30:11,587	[DEBUG]	patch(4-12)="LineLLMCrossover(('core/Solver.cc', 24), '-         while (!seen[var(trail[index--])]);\n+           while (!seen[var(trail[index])]) index--;\n-         checkGarbage();\n+       // Removed immediate garbage check for performance\n-         checkGarbage();\n+       // Removed immediate garbage check for performance')"
2025-03-15 23:30:11,587	[INFO]	Step: 92
2025-03-15 23:30:11,587	[INFO]	Stop Steps: 100
2025-03-15 23:30:18,481	[INFO]	4-13    COMPILE_CODE_ERROR    None (--) [1 edit(s)]  
2025-03-15 23:30:18,481	[DEBUG]	patch(4-13)="LineLLMCrossover(('core/Solver.cc', 25), '-         while (!seen[var(trail[index--])]);\n+           while (!seen[var(trail[index])]) index--;\n-         if (value(blocker) == l_True){\n+             bool blockerTrue = (value(blocker) == l_True);\n-         if (first != blocker && value(first) == l_True){\n+             bool firstTrue = (value(first) == l_True);\n-         checkGarbage();\n+       // Removed immediate garbage check for performance\n-         checkGarbage();\n+       // Removed immediate garbage check for performance')"
2025-03-15 23:30:18,481	[INFO]	Step: 93
2025-03-15 23:30:18,481	[INFO]	Stop Steps: 100
2025-03-15 23:30:25,977	[INFO]	4-14    TEST_CODE_ERROR       None (--) [1 edit(s)]  
2025-03-15 23:30:25,977	[DEBUG]	patch(4-14)="LineLLMCrossover(('core/Solver.cc', 26), '-         while (!seen[var(trail[index--])]);\n+           while (!seen[var(trail[index])]) index--;\n-     for (int i = trail.size()-1; i >= trail_lim[0]; i--){\n+       int tl0 = trail_lim[0];\n+       for (int i = trail.size()-1; i >= tl0; i--){')"
2025-03-15 23:30:25,977	[INFO]	Step: 94
2025-03-15 23:30:25,977	[INFO]	Stop Steps: 100
2025-03-15 23:30:31,845	[INFO]	4-15    TEST_CODE_ERROR       None (--) [1 edit(s)]  
2025-03-15 23:30:31,845	[DEBUG]	patch(4-15)="LineLLMCrossover(('core/Solver.cc', 27), '-         while (!seen[var(trail[index--])]);\n+           while (!seen[var(trail[index])]) index--;\n- (Implicitly, a new line is added:)\n- (Implicitly, index-- is inserted)\n+           index--;')"
2025-03-15 23:30:31,845	[INFO]	Step: 95
2025-03-15 23:30:31,845	[INFO]	Stop Steps: 100
2025-03-15 23:30:39,121	[INFO]	4-16    TEST_CODE_ERROR       None (--) [1 edit(s)]  
2025-03-15 23:30:39,121	[DEBUG]	patch(4-16)="LineLLMCrossover(('core/Solver.cc', 28), '-         while (!seen[var(trail[index--])]);\n+           while (!seen[var(trail[index])]) index--;\n-             if (first != blocker && value(first) == l_True){\n+               bool firstTrue = (value(first) == l_True);\n+              if (first != blocker && firstTrue){')"
2025-03-15 23:30:39,121	[INFO]	Step: 96
2025-03-15 23:30:39,121	[INFO]	Stop Steps: 100
2025-03-15 23:30:48,185	[INFO]	4-17    COMPILE_CODE_ERROR    None (--) [1 edit(s)]  
2025-03-15 23:30:48,185	[DEBUG]	patch(4-17)="LineLLMCrossover(('core/Solver.cc', 29), '-         while (!seen[var(trail[index--])]);\n+           while (!seen[var(trail[index])]) index--;\n-         if (value(blocker) == l_True){\n+             bool blockerTrue = (value(blocker) == l_True);\n-         if (first != blocker && value(first) == l_True){\n+             bool firstTrue = (value(first) == l_True);\n-         checkGarbage();\n+       // Removed immediate garbage check for performance\n-         checkGarbage();\n+       // Removed immediate garbage check for performance')"
2025-03-15 23:30:48,185	[INFO]	Step: 97
2025-03-15 23:30:48,185	[INFO]	Stop Steps: 100
2025-03-15 23:30:57,702	[INFO]	4-18    TEST_CODE_ERROR       None (--) [1 edit(s)]  
2025-03-15 23:30:57,702	[DEBUG]	patch(4-18)="LineLLMCrossover(('core/Solver.cc', 30), '-         while (!seen[var(trail[index--])]);\n+           while (!seen[var(trail[index])]) index--;\n- (Implicitly, a new line is added:)\n- (Implicitly, index-- is inserted)\n+           index--;')"
2025-03-15 23:30:57,702	[INFO]	Step: 98
2025-03-15 23:30:57,702	[INFO]	Stop Steps: 100
2025-03-15 23:31:05,949	[INFO]	4-19    TEST_CODE_ERROR       None (--) [1 edit(s)]  
2025-03-15 23:31:05,949	[DEBUG]	patch(4-19)="LineLLMCrossover(('core/Solver.cc', 31), '-         while (!seen[var(trail[index--])]);\n+           while (!seen[var(trail[index])]) index--;\n-         if (value(blocker) == l_True){\n+            bool blockerFast = (value(blocker) == l_True);\n+            if (blockerFast){\n-             if (first != blocker && value(first) == l_True){\n+               bool firstTrue = (value(first) == l_True);\n+              if (first != blocker && firstTrue){')"
2025-03-15 23:31:05,949	[INFO]	Step: 99
2025-03-15 23:31:05,949	[INFO]	Stop Steps: 100
2025-03-15 23:31:21,226	[DEBUG]	EXEC>  SUCCESS 0.6700934000000001
2025-03-15 23:31:25,774	[INFO]	4-20    SUCCESS               0.67 (98.05%) [2 edit(s)]  
2025-03-15 23:31:25,774	[DEBUG]	patch(4-20)="LineLLMCrossover(('core/Solver.cc', 21), '-         while (!seen[var(trail[index--])]);\n+          while (!seen[var(trail[index])]) index--;\n+          index--;\n-     checkGarbage();\n+      // Removed immediate garbage check for performance\n-     checkGarbage();\n+      // Removed immediate garbage check for performance') | LineLLMMutation(('core/Solver.cc', 59), "- CRef Solver::propagate()\n- {\n-     CRef    confl     = CRef_Undef;\n-     int     num_props = 0;\n-     watches.cleanAll();\n-\n-     while (qhead < trail.size()){\n-         Lit            p   = trail[qhead++];     // 'p' is enqueued fact to propagate.\n-         vec<Watcher>&  ws  = watches[p];\n-         Watcher        *i, *j, *end;\n-         num_props++;\n-\n-         for (i = j = (Watcher*)ws, end = i + ws.size();  i != end;){\n-             // Try to avoid inspecting the clause:\n-             Lit blocker = i->blocker;\n-             if (value(blocker) == l_True){\n-                 *j++ = *i++;\n-                 continue; }\n-\n-             // Make sure the false literal is data[1]:\n-             CRef     cr        = i->cref;\n-             Clause&  c         = ca[cr];\n-             Lit      false_lit = ~p;\n-             if (c[0] == false_lit)\n-                 c[0] = c[1], c[1] = false_lit;\n-             assert(c[1] == false_lit);\n-             i++;\n-\n-             // If 0th watch is true, then clause is already satisfied.\n-             Lit     first = c[0];\n-             Watcher w     = Watcher(cr, first);\n-             if (first != blocker && value(first) == l_True){\n-                 *j++ = w; continue; }\n-\n-             // Look for new watch:\n-             for (int k = 2; k < c.size(); k++)\n-                 if (value(c[k]) != l_False){\n-                     c[1] = c[k]; c[k] = false_lit;\n-                     watches[~c[1]].push(w);\n-                     goto NextClause; }\n-\n-             // Did not find watch -- clause is unit under assignment:\n-             *j++ = w;\n-             if (value(first) == l_False){\n-                 confl = cr;\n-                 qhead = trail.size();\n-                 // Copy the remaining watches:\n-                 while (i < end)\n-                     *j++ = *i++;\n-             }else\n-                 uncheckedEnqueue(first, cr);\n-\n-         NextClause:;\n-         }\n-         ws.shrink(i - j);\n-     }\n-     propagations += num_props;\n-     simpDB_props -= num_props;\n-\n-     return confl;\n- }\n+ CRef Solver::propagate()\n+ {\n+     CRef confl = CRef_Undef;\n+     int num_props = 0;\n+     watches.cleanAll();\n+\n+     while (qhead < trail.size()){\n+         Lit p = trail[qhead++];\n+         vec<Watcher>& ws = watches[p];\n+         Watcher* i = (Watcher*)ws;\n+         Watcher* j = i;\n+         Watcher* end = i + ws.size();\n+         num_props++;\n+\n+         for (; i != end; ){\n+             Lit blocker = i->blocker;\n+             lbool valBlocker = assigns[var(blocker)];\n+             if (valBlocker == l_True){\n+                 *j++ = *i++;\n+                 continue;\n+             }\n+\n+             CRef cr = i->cref;\n+             Clause& c = ca[cr];\n+             Lit false_lit = ~p;\n+             if (c[0] == false_lit){\n+                 c[0] = c[1];\n+                 c[1] = false_lit;\n+             }\n+             assert(c[1] == false_lit);\n+             i++;\n+\n+             Lit first = c[0];\n+             lbool valFirst = assigns[var(first)];\n+             Watcher w(cr, first);\n+             if ((first != blocker) && (valFirst == l_True)){\n+                 *j++ = w;\n+                 continue;\n+             }\n+\n+             bool foundWatch = false;\n+             for (int k = 2; k < c.size(); k++){\n+                 lbool val_k = assigns[var(c[k])];\n+                 if (val_k != l_False){\n+                     c[1] = c[k];\n+                     c[k] = false_lit;\n+                     watches[~c[1]].push(w);\n+                     foundWatch = true;\n+                     break;\n+                 }\n+             }\n+             if (foundWatch){\n+                 *j++ = w;\n+                 continue;\n+             }\n+\n+             *j++ = w;\n+             if (assigns[var(first)] == l_False){\n+                 confl = cr;\n+                 qhead = trail.size();\n+                 while (i < end)\n+                     *j++ = *i++;\n+             } else {\n+                 uncheckedEnqueue(first, cr);\n+             }\n+         }\n+         ws.shrink((int)(j - (Watcher*)ws));\n+     }\n+     propagations += num_props;\n+     simpDB_props -= num_props;\n+     return confl;\n+ }")"
2025-03-15 23:31:25,774	[INFO]	Step: 100
2025-03-15 23:31:25,775	[INFO]	Stop Steps: 100
2025-03-15 23:31:25,775	[INFO]	(Abstract Algorithm) Stopping Condition: step budget
2025-03-15 23:31:25,775	[INFO]	Step: 100
2025-03-15 23:31:25,775	[INFO]	Stop Steps: 100
2025-03-15 23:31:25,789	[INFO]	~~~~ END ~~~~
2025-03-15 23:31:25,790	[INFO]	Best patch step: 25
2025-03-15 23:31:25,791	[INFO]	
2025-03-15 23:31:25,791	[INFO]	==== REPORT ====
2025-03-15 23:31:25,791	[INFO]	Termination: step budget
2025-03-15 23:31:25,791	[INFO]	Log file: /home/luke/magpie/_magpie_logs/minisat_1742078284.log
2025-03-15 23:31:25,791	[INFO]	Patch file: _magpie_logs/minisat_1742078284.patch
2025-03-15 23:31:25,791	[INFO]	Diff file: _magpie_logs/minisat_1742078284.diff
2025-03-15 23:31:25,791	[INFO]	Reference fitness: 0.68
2025-03-15 23:31:25,791	[INFO]	Best fitness: 0.67
2025-03-15 23:31:25,792	[INFO]	
2025-03-15 23:31:25,792	[INFO]	==== BEST PATCH ====
LineLLMCrossover(('core/Solver.cc', 3), '-         while (!seen[var(trail[index--])]);\n+         while (!seen[var(trail[index])]) index--;\n+         index--;\n-     checkGarbage();\n+     // Removed immediate garbage check for performance')
2025-03-15 23:31:25,792	[INFO]	
2025-03-15 23:31:25,792	[INFO]	==== DIFF ====

