2025-03-13 23:55:12,353	[DEBUG]	==== CONFIG ====
[magpie]
import = 
seed = 3126134317762625
log_dir = _magpie_logs
work_dir = _magpie_work
local_original_copy = True
local_original_name = __original__
output_encoding = ascii
edit_retries = 10
default_timeout = 100
default_lengthout = 1e6
diff_method = unified
trust_local_filesystem = True
run_timeout = 100

[magpie.log]
color_output = True
format_info = {counter:<7} {status:<20} {best}{fitness} ({ratio}) [{size}] {cached} {log}
format_debug = patch({counter})="{patch}"{diffifbest}
format_fitness = {:.2f}
format_ratio = {:.2%%}
format_patchif = 
	 --> {patch}
format_diffif = 
	{diff}

[software]
path = dataset/minisat
target_files = 
	core/Solver.cc
software = BasicSoftware
model_rules = 
	*.params : ParamFileConfigModel
	*.xml : SrcmlModel
	* : LineModel
model_config = 
	*.params : [paramconfig]
	*.xml : [srcml]
init_cmd = bash init.sh
init_timeout = 60
init_lengthout = -1
setup_cmd = bash compile.sh
setup_timeout = 
setup_lengthout = 
compile_cmd = bash compile.sh
compile_timeout = 
compile_lengthout = 
test_cmd = bash test.sh
test_timeout = 
test_lengthout = 
run_cmd = bash run_fixed.sh
run_timeout = 
run_lengthout = 
batch_timeout = 
batch_lengthout = 
batch_bin_fitness_strategy = aggregate
batch_fitness_strategy = sum
fitness = time
retries = 1

[srcml]
rename = 
	stmt: break continue decl_stmt do expr_stmt for goto if return switch while
	number: literal_number
focus = block stmt operator_comp operator_arith number
internodes = block
process_pseudo_blocks = True
process_literals = True
process_operators = True

[paramconfig]
timing = test run
cli_prefix = --
cli_glue = =
cli_boolean = show
cli_boolean_prefix_true = 
cli_boolean_prefix_false = no-
cli_none = hide
silent_prefix = @
silent_suffix = $

[search]
protocol = BasicProtocol
algorithm = GeneticProgrammingLLM
possible_edits = 
	LineLLMMutation
	LineLLMCrossover
llm_prob = 1.0
warmup = 3
warmup_strategy = last
max_steps = 100
max_time = 20000
target_fitness = 
cache_maxsize = 100
cache_keep = 0.2
batch_instances = 
batch_shuffle = True
batch_bin_shuffle = False
batch_sample_size = 1

[search.ls]
delete_prob = 0.5
max_neighbours = 
when_trapped = continue
accept_fail = False
tabu_length = 10

[search.gp]
pop_size = 20
delete_prob = 0.0
offspring_elitism = 0.1
offspring_crossover = 0.4
offspring_mutation = 0.6
uniform_rate = 0.5
batch_reset = False
llm_type = baseline
reflection = SUCCESSFUL

[search.minify]
do_cleanup = True
do_rebuild = True
do_simplify = True
round_robin_limit = 3


2025-03-13 23:55:12,354	[DEBUG]	
2025-03-13 23:55:12,354	[INFO]	==== SEARCH: GeneticProgrammingLLM ====
2025-03-13 23:55:12,354	[INFO]	~~~~ WARMUP ~~~~
2025-03-13 23:55:26,388	[DEBUG]	EXEC>  SUCCESS 0.67864535
2025-03-13 23:55:26,389	[INFO]	WARM    SUCCESS               0.68 (--) [0 edit(s)]  
2025-03-13 23:55:40,124	[DEBUG]	EXEC>  SUCCESS 0.67303565
2025-03-13 23:55:40,124	[INFO]	WARM    SUCCESS               0.67 (--) [0 edit(s)]  
2025-03-13 23:55:54,259	[DEBUG]	EXEC>  SUCCESS 0.69268505
2025-03-13 23:55:54,259	[INFO]	WARM    SUCCESS               0.69 (--) [0 edit(s)]  
2025-03-13 23:55:54,259	[INFO]	REF     SUCCESS               0.69 (--) [0 edit(s)]  
2025-03-13 23:55:54,261	[INFO]	
2025-03-13 23:55:54,261	[INFO]	~~~~ START ~~~~
2025-03-13 23:57:17,706	[DEBUG]	EXEC>  SUCCESS 0.6866500999999999
2025-03-13 23:57:23,678	[INFO]	0-1     SUCCESS              *0.69 (99.13%) [1 edit(s)]  
2025-03-13 23:57:23,678	[DEBUG]	patch(0-1)="LineLLMMutation(('core/Solver.cc', 0), '-    for (int i = 0; i <= decisionLevel(); i++){\n-        int beg = i == 0 ? 0 : trail_lim[i - 1];\n-        int end = i == decisionLevel() ? trail.size() : trail_lim[i];\n-        progress += pow(F, i) * (end - beg);\n-    }\n+    double p = 1.0;\n+    for (int i = 0; i <= decisionLevel(); i++){\n+        int beg = (i == 0) ? 0 : trail_lim[i - 1];\n+        int end = (i == decisionLevel()) ? trail.size() : trail_lim[i];\n+        progress += p * (end - beg);\n+        p *= F;\n+    }')"

2025-03-13 23:57:40,729	[DEBUG]	EXEC>  SUCCESS 0.7093130999999999
2025-03-13 23:57:49,084	[INFO]	0-2     SUCCESS               0.71 (102.40%) [1 edit(s)]  
2025-03-13 23:57:49,084	[DEBUG]	patch(0-2)="LineLLMMutation(('core/Solver.cc', 1), '-            Lit blocker = i->blocker;\n-            if (value(blocker) == l_True){\n+            Lit blocker = i->blocker; lbool blocker_val = value(blocker);\n+            if (blocker_val == l_True){')"
2025-03-13 23:58:04,037	[DEBUG]	EXEC>  SUCCESS 0.6835719499999999
2025-03-13 23:58:10,719	[INFO]	0-3     SUCCESS              *0.68 (98.68%) [1 edit(s)]  
2025-03-13 23:58:10,719	[DEBUG]	patch(0-3)="LineLLMMutation(('core/Solver.cc', 2), '-    for (int j = 0; j < analyze_toclear.size(); j++) seen[var(analyze_toclear[j])] = 0;\n+    std::fill(analyze_toclear.begin(), analyze_toclear.end(), 0);')"

2025-03-13 23:58:27,490	[DEBUG]	EXEC>  SUCCESS 0.68646505
2025-03-13 23:58:32,616	[INFO]	0-4     SUCCESS               0.69 (99.10%) [1 edit(s)]  
2025-03-13 23:58:32,616	[DEBUG]	patch(0-4)="LineLLMMutation(('core/Solver.cc', 3), '-#include "mtl/Sort.h"\n+//#include "mtl/Sort.h"\n+#include <algorithm>\n+#include "mtl/Sort.h"')"
2025-03-13 23:58:39,776	[INFO]	0-5     TEST_CODE_ERROR       None (--) [1 edit(s)]  
2025-03-13 23:58:39,776	[DEBUG]	patch(0-5)="LineLLMMutation(('core/Solver.cc', 4), '-    trail    .capacity(v+1);\n+')"
2025-03-13 23:58:56,661	[DEBUG]	EXEC>  SUCCESS 0.7013931
2025-03-13 23:59:03,500	[INFO]	0-6     SUCCESS               0.70 (101.26%) [1 edit(s)]  
2025-03-13 23:59:03,500	[DEBUG]	patch(0-6)="LineLLMMutation(('core/Solver.cc', 5), '-    bool operator () (CRef x, CRef y) {\n-        return ca[x].size() > 2 && (ca[y].size() == 2 || ca[x].activity() < ca[y].activity()); }\n+    bool operator () (CRef x, CRef y) {\n+        int sizeX = ca[x].size(), sizeY = ca[y].size();\n+        if(sizeX == 2 || sizeY == 2) return sizeX > sizeY;\n+        return ca[x].activity() < ca[y].activity();\n+    }')"
2025-03-13 23:59:20,202	[DEBUG]	EXEC>  SUCCESS 0.6916785
2025-03-13 23:59:24,996	[INFO]	0-7     SUCCESS               0.69 (99.85%) [1 edit(s)]  
2025-03-13 23:59:24,996	[DEBUG]	patch(0-7)="LineLLMMutation(('core/Solver.cc', 6), '-    for (i = j = 0, p = lit_Undef; i < ps.size(); i++)\n-        if (value(ps[i]) == l_True || ps[i] == ~p)\n-            return true;\n-        else if (value(ps[i]) != l_False && ps[i] != p)\n-            ps[j++] = p = ps[i];\n+    for (i = j = 0, p = lit_Undef; i < ps.size(); i++){\n+        lbool val = value(ps[i]);\n+        if (val == l_True || ps[i] == ~p)\n+            return true;\n+        else if (val != l_False && ps[i] != p)\n+            ps[j++] = p = ps[i];\n+    }')"
2025-03-13 23:59:41,292	[DEBUG]	EXEC>  SUCCESS 0.67159105
2025-03-13 23:59:47,470	[INFO]	0-8     SUCCESS              *0.67 (96.95%) [1 edit(s)]  
2025-03-13 23:59:47,471	[DEBUG]	patch(0-8)="LineLLMMutation(('core/Solver.cc', 7), '-    watches[~c[0]].push(Watcher(cr, c[1]));\n-    watches[~c[1]].push(Watcher(cr, c[0]));\n+    Lit neg0 = ~c[0], neg1 = ~c[1];\n+    watches[neg0].push(Watcher(cr, c[1]));\n+    watches[neg1].push(Watcher(cr, c[0]));')"

2025-03-14 00:00:02,276	[DEBUG]	EXEC>  SUCCESS 0.6762373
2025-03-14 00:00:08,891	[INFO]	0-9     SUCCESS               0.68 (97.63%) [1 edit(s)]  
2025-03-14 00:00:08,891	[DEBUG]	patch(0-9)="LineLLMMutation(('core/Solver.cc', 8), '-    if (strict){\n-        remove(watches[~c[0]], Watcher(cr, c[1]));\n-        remove(watches[~c[1]], Watcher(cr, c[0]));\n-    }else{\n-        watches.smudge(~c[0]);\n-        watches.smudge(~c[1]);\n-    }\n+    Lit neg0 = ~c[0], neg1 = ~c[1];\n+    if (strict){\n+        remove(watches[neg0], Watcher(cr, c[1]));\n+        remove(watches[neg1], Watcher(cr, c[0]));\n+    } else {\n+        watches.smudge(neg0);\n+        watches.smudge(neg1);\n+    }')"
2025-03-14 00:00:25,587	[DEBUG]	EXEC>  SUCCESS 0.6909732500000001
2025-03-14 00:00:32,384	[INFO]	0-10    SUCCESS               0.69 (99.75%) [1 edit(s)]  
2025-03-14 00:00:32,384	[DEBUG]	patch(0-10)="LineLLMMutation(('core/Solver.cc', 9), '-    for (int c = trail.size()-1; c >= trail_lim[level]; c--){\n-        Var      x  = var(trail[c]);\n-        assigns [x] = l_Undef;\n-        if (phase_saving > 1 || (phase_saving == 1) && c > trail_lim.last())\n-            polarity[x] = sign(trail[c]);\n-        insertVarOrder(x); }\n+    for (int idx = trail.size()-1; idx >= trail_lim[level]; idx--){\n+        Var x = var(trail[idx]);\n+        assigns[x] = l_Undef;\n+        if (phase_saving > 1 || (phase_saving == 1 && idx > trail_lim.last()))\n+            polarity[x] = sign(trail[idx]);\n+        insertVarOrder(x);\n+    }')"
2025-03-14 00:00:49,133	[DEBUG]	EXEC>  SUCCESS 0.6931276
2025-03-14 00:00:57,159	[INFO]	0-11    SUCCESS               0.69 (100.06%) [1 edit(s)]  
2025-03-14 00:00:57,159	[DEBUG]	patch(0-11)="LineLLMMutation(('core/Solver.cc', 10), '-    while (next == var_Undef || value(next) != l_Undef || !decision[next])\n-        if (order_heap.empty()){\n-            next = var_Undef;\n-            break;\n-        }else\n-            next = order_heap.removeMin();\n+    while (true) {\n+        if (next != var_Undef && value(next) == l_Undef && decision[next])\n+            break;\n+        if (order_heap.empty()){\n+            next = var_Undef;\n+            break;\n+        }\n+        next = order_heap.removeMin();\n+    }')"
2025-03-14 00:01:14,402	[DEBUG]	EXEC>  SUCCESS 0.7170905499999998
2025-03-14 00:01:20,655	[INFO]	0-12    SUCCESS               0.72 (103.52%) [1 edit(s)]  
2025-03-14 00:01:20,655	[DEBUG]	patch(0-12)="LineLLMMutation(('core/Solver.cc', 11), '-    if (drand(random_seed) < random_var_freq && !order_heap.empty()){\n+    double rand_val = drand(random_seed);\n+    if (rand_val < random_var_freq && !order_heap.empty()){')"
2025-03-14 00:01:37,309	[DEBUG]	EXEC>  SUCCESS 0.688091
2025-03-14 00:01:42,180	[INFO]	0-13    SUCCESS               0.69 (99.34%) [1 edit(s)]  
2025-03-14 00:01:42,180	[DEBUG]	patch(0-13)="LineLLMMutation(('core/Solver.cc', 12), '-                if (verbosity >= 1)\n-                    printf("| %9d | %7d %8d %8d | %8d %8d %6.0f | %6.3f %% |\\n",\n-                           (int)conflicts,\n-                           (int)dec_vars - (trail_lim.size() == 0 ? trail.size() : trail_lim[0]), nClauses(), (int)clauses_literals,\n-                           (int)max_learnts, nLearnts(), (double)learnts_literals/nLearnts(), progressEstimate()*100);\n+                if (verbosity >= 1) {\n+                    int current_dec_vars = dec_vars - (trail_lim.size() == 0 ? trail.size() : trail_lim[0]);\n+                    printf("| %9d | %7d %8d %8d | %8d %8d %6.0f | %6.3f %% |\\n",\n+                           (int)conflicts,\n+                           current_dec_vars, nClauses(), (int)clauses_literals,\n+                           (int)max_learnts, nLearnts(), (double)learnts_literals/nLearnts(), progressEstimate()*100);\n+                }')"
2025-03-14 00:01:58,930	[DEBUG]	EXEC>  SUCCESS 0.6921616500000001
2025-03-14 00:02:02,579	[INFO]	0-14    SUCCESS               0.69 (99.92%) [1 edit(s)]  
2025-03-14 00:02:02,579	[DEBUG]	patch(0-14)="LineLLMMutation(('core/Solver.cc', 13), '-    model.clear();\n-    conflict.clear();\n-    if (!ok) return l_False;\n+    if (!ok) return l_False;\n+    model.clear();\n+    conflict.clear();')"
2025-03-14 00:02:17,534	[DEBUG]	EXEC>  SUCCESS 0.68188535
2025-03-14 00:02:20,733	[INFO]	0-15    SUCCESS               0.68 (98.44%) [1 edit(s)]  
2025-03-14 00:02:20,733	[DEBUG]	patch(0-15)="LineLLMMutation(('core/Solver.cc', 14), '-    for (int j = 0; j < c.size(); j++)\n-        if (value(c[j]) != l_False)\n-            fprintf(f, "%s%d ", sign(c[j]) ? "-" : "", mapVar(var(c[j]), map, max)+1);\n+    for (int j = 0; j < c.size(); j++){\n+        if (value(c[j]) != l_False){\n+            Var mapped = mapVar(var(c[j]), map, max);\n+            fprintf(f, "%s%d ", sign(c[j]) ? "-" : "", mapped+1);\n+        }\n+    }')"
2025-03-14 00:02:35,868	[DEBUG]	EXEC>  SUCCESS 0.6923222000000001
2025-03-14 00:02:45,997	[INFO]	0-16    SUCCESS               0.69 (99.95%) [1 edit(s)]  
2025-03-14 00:02:45,998	[DEBUG]	patch(0-16)="LineLLMMutation(('core/Solver.cc', 15), '-    for (int v = 0; v < nVars(); v++)\n-        for (int s = 0; s < 2; s++){\n-            Lit p = mkLit(v, s);\n-            vec<Watcher>& ws = watches[p];\n-            for (int j = 0; j < ws.size(); j++)\n-                ca.reloc(ws[j].cref, to);\n-        }\n+    for (int v = 0; v < nVars(); v++){\n+        for (int s = 0; s < 2; s++){\n+            Lit p = mkLit(v, s);\n+            vec<Watcher>& ws = watches[p];\n+            for (int j = 0; j < ws.size(); j++){\n+                ca.reloc(ws[j].cref, to);\n+            }\n+        }\n+    }')"
2025-03-14 00:03:00,814	[DEBUG]	EXEC>  SUCCESS 0.6765627500000001
2025-03-14 00:03:04,948	[INFO]	0-17    SUCCESS               0.68 (97.67%) [1 edit(s)]  
2025-03-14 00:03:04,948	[DEBUG]	patch(0-17)="LineLLMMutation(('core/Solver.cc', 16), '-    void Solver::garbageCollect()\n-    {\n-        ClauseAllocator to(ca.size() - ca.wasted());\n-        relocAll(to);\n-        if (verbosity >= 2)\n-            printf("|  Garbage collection:   %12d bytes => %12d bytes             |\\n",\n-                   ca.size()*ClauseAllocator::Unit_Size, to.size()*ClauseAllocator::Unit_Size);\n-        to.moveTo(ca);\n-    }\n+    void Solver::garbageCollect()\n+    {\n+        if(ca.wasted() < (ca.size() >> 2)) return;\n+        ClauseAllocator to(ca.size() - ca.wasted());\n+        relocAll(to);\n+        if (verbosity >= 2)\n+            printf("|  Garbage collection:   %12d bytes => %12d bytes             |\\n",\n+                   ca.size()*ClauseAllocator::Unit_Size, to.size()*ClauseAllocator::Unit_Size);\n+        to.moveTo(ca);\n+    }')"
2025-03-14 00:03:21,748	[DEBUG]	EXEC>  SUCCESS 0.6951038500000001
2025-03-14 00:03:31,311	[INFO]	0-18    SUCCESS               0.70 (100.35%) [1 edit(s)]  
2025-03-14 00:03:31,311	[DEBUG]	patch(0-18)="LineLLMMutation(('core/Solver.cc', 17), '-    while (status == l_Undef){\n-        double rest_base = luby_restart ? luby(restart_inc, curr_restarts) : pow(restart_inc, curr_restarts);\n-        status = search(rest_base * restart_first);\n-        if (!withinBudget()) break;\n-        curr_restarts++;\n-    }\n+    while (status == l_Undef && withinBudget()){\n+        double rest_base = luby_restart ? luby(restart_inc, curr_restarts) : pow(restart_inc, curr_restarts);\n+        status = search(rest_base * restart_first);\n+        curr_restarts++;\n+    }')"
2025-03-14 00:03:48,221	[DEBUG]	EXEC>  SUCCESS 0.7016569
2025-03-14 00:03:54,717	[INFO]	0-19    SUCCESS               0.70 (101.30%) [1 edit(s)]  
2025-03-14 00:03:54,717	[DEBUG]	patch(0-19)="LineLLMMutation(('core/Solver.cc', 18), '-                    for (int j = top; j < analyze_toclear.size(); j++)\n-                        seen[var(analyze_toclear[j])] = 0;\n+                    for (int j = top, sz = analyze_toclear.size(); j < sz; j++)\n+                        seen[var(analyze_toclear[j])] = 0;')"
2025-03-14 00:04:11,683	[DEBUG]	EXEC>  SUCCESS 0.7049962
2025-03-14 00:04:17,256	[INFO]	0-20    SUCCESS               0.70 (101.78%) [1 edit(s)]  
2025-03-14 00:04:17,256	[DEBUG]	patch(0-20)="LineLLMMutation(('core/Solver.cc', 19), '-    for (int i = trail.size()-1; i >= trail_lim[0]; i--){\n-        Var x = var(trail[i]);\n-        if (seen[x]){\n-            if (reason(x) == CRef_Undef){\n-                assert(level(x) > 0);\n-                out_conflict.push(~trail[i]);\n-            }else{\n-                Clause& c = ca[reason(x)];\n-                for (int j = 1; j < c.size(); j++)\n-                    if (level(var(c[j])) > 0)\n-                        seen[var(c[j])] = 1;\n-            }\n-            seen[x] = 0;\n-        }\n-    }\n+    for (int i = (int)trail.size()-1; i >= (int)trail_lim[0]; i--){\n+        Var x = var(trail[i]);\n+        if (seen[x]){\n+            if (reason(x) == CRef_Undef){\n+                assert(level(x) > 0);\n+                out_conflict.push(~trail[i]);\n+            } else {\n+                Clause& c = ca[reason(x)];\n+                for (int j = 1; j < c.size(); j++){\n+                    if (level(var(c[j])) > 0)\n+                        seen[var(c[j])] = 1;\n+                }\n+            }\n+            seen[x] = 0;\n+        }\n+    }')"
2025-03-14 00:04:18,256	[INFO]	Step: 20
2025-03-14 00:04:18,256	[INFO]	Stop Steps: 100
2025-03-14 00:10:21,525	[INFO]	Step: 20
2025-03-14 00:10:21,525	[INFO]	Stop Steps: 100
2025-03-14 00:10:36,846	[DEBUG]	EXEC>  SUCCESS 0.673156
2025-03-14 00:10:42,449	[INFO]	1-1     SUCCESS              +0.67 (97.18%) [1 edit(s)]  
2025-03-14 00:10:42,449	[DEBUG]	patch(1-1)="LineLLMMutation(('core/Solver.cc', 7), '-    watches[~c[0]].push(Watcher(cr, c[1]));\n-    watches[~c[1]].push(Watcher(cr, c[0]));\n+    Lit neg0 = ~c[0], neg1 = ~c[1];\n+    watches[neg0].push(Watcher(cr, c[1]));\n+    watches[neg1].push(Watcher(cr, c[0]));')"
2025-03-14 00:10:42,449	[INFO]	Step: 21
2025-03-14 00:10:42,449	[INFO]	Stop Steps: 100
2025-03-14 00:10:56,581	[DEBUG]	EXEC>  SUCCESS 0.69235495
2025-03-14 00:11:01,004	[INFO]	1-2     SUCCESS               0.69 (99.95%) [1 edit(s)]  
2025-03-14 00:11:01,005	[DEBUG]	patch(1-2)="LineLLMMutation(('core/Solver.cc', 8), '-    if (strict){\n-        remove(watches[~c[0]], Watcher(cr, c[1]));\n-        remove(watches[~c[1]], Watcher(cr, c[0]));\n-    }else{\n-        watches.smudge(~c[0]);\n-        watches.smudge(~c[1]);\n-    }\n+    Lit neg0 = ~c[0], neg1 = ~c[1];\n+    if (strict){\n+        remove(watches[neg0], Watcher(cr, c[1]));\n+        remove(watches[neg1], Watcher(cr, c[0]));\n+    } else {\n+        watches.smudge(neg0);\n+        watches.smudge(neg1);\n+    }')"
2025-03-14 00:11:01,005	[INFO]	Step: 22
2025-03-14 00:11:01,005	[INFO]	Stop Steps: 100
2025-03-14 00:11:16,771	[DEBUG]	EXEC>  SUCCESS 0.69499055
2025-03-14 00:11:30,822	[INFO]	1-3     SUCCESS               0.69 (100.33%) [1 edit(s)]  
2025-03-14 00:11:30,822	[DEBUG]	patch(1-3)="LineLLMCrossover(('core/Solver.cc', 0), '-     watches[~c[0]].push(Watcher(cr, c[1]));\n-     watches[~c[1]].push(Watcher(cr, c[0]));\n+     Lit neg0 = ~c[0], neg1 = ~c[1];\n+     watches[neg0].push(Watcher(cr, c[1]));\n+     watches[neg1].push(Watcher(cr, c[0]));')"
2025-03-14 00:11:30,822	[INFO]	Step: 23
2025-03-14 00:11:30,822	[INFO]	Stop Steps: 100
2025-03-14 00:11:40,977	[INFO]	1-4     COMPILE_CODE_ERROR    None (--) [1 edit(s)]  
2025-03-14 00:11:40,977	[DEBUG]	patch(1-4)="LineLLMCrossover(('core/Solver.cc', 1), '-#include "mtl/Sort.h"\n+//#include "mtl/Sort.h"\n+#include <algorithm>')"
2025-03-14 00:11:40,977	[INFO]	Step: 24
2025-03-14 00:11:40,977	[INFO]	Stop Steps: 100
2025-03-14 00:11:56,725	[DEBUG]	EXEC>  SUCCESS 0.69343455
2025-03-14 00:12:19,281	[INFO]	1-5     SUCCESS               0.69 (100.11%) [1 edit(s)]  
2025-03-14 00:12:19,281	[DEBUG]	patch(1-5)="LineLLMCrossover(('core/Solver.cc', 2), '+    double p = 1.0;\n-        int beg = i == 0 ? 0 : trail_lim[i - 1];\n-        int end = i == decisionLevel() ? trail.size() : trail_lim[i];\n-        progress += pow(F, i) * (end - beg);\n+        int beg = (i == 0) ? 0 : trail_lim[i - 1];\n+        int end = (i == decisionLevel()) ? trail.size() : trail_lim[i];\n+        progress += p * (end - beg);\n+        p *= F;')"
2025-03-14 00:12:19,281	[INFO]	Step: 25
2025-03-14 00:12:19,281	[INFO]	Stop Steps: 100
2025-03-14 00:12:33,277	[DEBUG]	EXEC>  SUCCESS 0.6854381500000001
2025-03-14 00:12:49,709	[INFO]	1-6     SUCCESS               0.69 (98.95%) [1 edit(s)]  
2025-03-14 00:12:49,709	[DEBUG]	patch(1-6)="LineLLMCrossover(('core/Solver.cc', 3), '-                if (verbosity >= 1)\n-                            (int)dec_vars - (trail_lim.size() == 0 ? trail.size() : trail_lim[0]), nClauses(), (int)clauses_literals,\n+                if (verbosity >= 1) {\n+                    int current_dec_vars = dec_vars - (trail_lim.size() == 0 ? trail.size() : trail_lim[0]);\n+                            current_dec_vars, nClauses(), (int)clauses_literals,\n+                }')"
2025-03-14 00:12:49,709	[INFO]	Step: 26
2025-03-14 00:12:49,709	[INFO]	Stop Steps: 100
2025-03-14 00:12:59,502	[INFO]	1-7     COMPILE_CODE_ERROR    None (--) [1 edit(s)]  
2025-03-14 00:12:59,503	[DEBUG]	patch(1-7)="LineLLMCrossover(('core/Solver.cc', 4), '--- AttachClause modification:\n-     watches[~c[0]].push(Watcher(cr, c[1]));\n-     watches[~c[1]].push(Watcher(cr, c[0]));\n+     Lit neg0 = ~c[0], neg1 = ~c[1];\n+     watches[neg0].push(Watcher(cr, c[1]));\n+     watches[neg1].push(Watcher(cr, c[0]));\n--- progressEstimate modification:\n+    double p = 1.0;\n-        int beg = i == 0 ? 0 : trail_lim[i - 1];\n-        int end = i == decisionLevel() ? trail.size() : trail_lim[i];\n-        progress += pow(F, i) * (end - beg);\n+        int beg = (i == 0) ? 0 : trail_lim[i - 1];\n+        int end = (i == decisionLevel()) ? trail.size() : trail_lim[i];\n+        progress += p * (end - beg);\n+        p *= F;')"
2025-03-14 00:12:59,503	[INFO]	Step: 27
2025-03-14 00:12:59,503	[INFO]	Stop Steps: 100
2025-03-14 00:13:13,358	[DEBUG]	EXEC>  SUCCESS 0.67891495
2025-03-14 00:13:22,775	[INFO]	1-8     SUCCESS               0.68 (98.01%) [1 edit(s)]  
2025-03-14 00:13:22,775	[DEBUG]	patch(1-8)="LineLLMCrossover(('core/Solver.cc', 5), '--- Header update:\n-#include "mtl/Sort.h"\n+//#include "mtl/Sort.h"\n+#include <algorithm>\n--- Printing block update:\n-                if (verbosity >= 1)\n-                            (int)dec_vars - (trail_lim.size() == 0 ? trail.size() : trail_lim[0]), nClauses(), (int)clauses_literals,\n+                if (verbosity >= 1) {\n+                    int current_dec_vars = dec_vars - (trail_lim.size() == 0 ? trail.size() : trail_lim[0]);\n+                            current_dec_vars, nClauses(), (int)clauses_literals,\n+                }')"
2025-03-14 00:13:22,775	[INFO]	Step: 28
2025-03-14 00:13:22,775	[INFO]	Stop Steps: 100
2025-03-14 00:13:38,460	[DEBUG]	EXEC>  SUCCESS 0.6905648
2025-03-14 00:13:50,201	[INFO]	1-9     SUCCESS               0.69 (99.69%) [1 edit(s)]  
2025-03-14 00:13:50,201	[DEBUG]	patch(1-9)="LineLLMCrossover(('core/Solver.cc', 6), '-         watches.smudge(~c[0]);\n-         watches.smudge(~c[1]);\n+         for (int i = 0; i < 2; i++) { watches.smudge(~c[i]); }')"
2025-03-14 00:13:50,201	[INFO]	Step: 29
2025-03-14 00:13:50,201	[INFO]	Stop Steps: 100
2025-03-14 00:14:05,650	[DEBUG]	EXEC>  SUCCESS 0.6788582
2025-03-14 00:14:21,668	[INFO]	1-10    SUCCESS               0.68 (98.00%) [1 edit(s)]  
2025-03-14 00:14:21,668	[DEBUG]	patch(1-10)="LineLLMCrossover(('core/Solver.cc', 7), "-    while (qhead < trail.size()){\n-        Lit            p   = trail[qhead++];     // 'p' is enqueued fact to propagate.\n+    for(; qhead < trail.size(); qhead++){\n+        Lit            p   = trail[qhead];")"
2025-03-14 00:14:21,668	[INFO]	Step: 30
2025-03-14 00:14:21,668	[INFO]	Stop Steps: 100
2025-03-14 00:14:34,473	[INFO]	1-11    TEST_CODE_ERROR       None (--) [2 edit(s)]  
2025-03-14 00:14:34,473	[DEBUG]	patch(1-11)="LineLLMMutation(('core/Solver.cc', 7), '-    watches[~c[0]].push(Watcher(cr, c[1]));\n-    watches[~c[1]].push(Watcher(cr, c[0]));\n+    Lit neg0 = ~c[0], neg1 = ~c[1];\n+    watches[neg0].push(Watcher(cr, c[1]));\n+    watches[neg1].push(Watcher(cr, c[0]));') | LineLLMMutation(('core/Solver.cc', 20), '-            // Look for new watch:\n-            for (int k = 2; k < c.size(); k++)\n-                if (value(c[k]) != l_False){\n-                    c[1] = c[k]; c[k] = false_lit;\n-                    watches[~c[1]].push(w);\n-                    goto NextClause; }\n+            // Look for new watch optimized without goto\n+            {\n+                bool foundWatch = false;\n+                for (int k = 2; k < c.size(); k++) {\n+                    if (value(c[k]) != l_False) {\n+                        c[1] = c[k];\n+                        c[k] = false_lit;\n+                        watches[~c[1]].push(w);\n+                        foundWatch = true;\n+                        break;\n+                    }\n+                }\n+                if (foundWatch) {\n+                    *j++ = w;\n+                    continue;\n+                }\n+            }')"
2025-03-14 00:14:34,474	[INFO]	Step: 31
2025-03-14 00:14:34,474	[INFO]	Stop Steps: 100
2025-03-14 00:14:48,217	[DEBUG]	EXEC>  SUCCESS 0.6729670000000001
2025-03-14 00:14:53,167	[INFO]	1-12    SUCCESS              +0.67 (97.15%) [2 edit(s)]  
2025-03-14 00:14:53,167	[DEBUG]	patch(1-12)="LineLLMMutation(('core/Solver.cc', 8), '-    if (strict){\n-        remove(watches[~c[0]], Watcher(cr, c[1]));\n-        remove(watches[~c[1]], Watcher(cr, c[0]));\n-    }else{\n-        watches.smudge(~c[0]);\n-        watches.smudge(~c[1]);\n-    }\n+    Lit neg0 = ~c[0], neg1 = ~c[1];\n+    if (strict){\n+        remove(watches[neg0], Watcher(cr, c[1]));\n+        remove(watches[neg1], Watcher(cr, c[0]));\n+    } else {\n+        watches.smudge(neg0);\n+        watches.smudge(neg1);\n+    }') | LineLLMMutation(('core/Solver.cc', 21), '-        Watcher        *i, *j, *end;\n-        for (i = j = (Watcher*)ws, end = i + ws.size();  i != end;){\n-            // Try to avoid inspecting the clause:\n-            Lit blocker = i->blocker;\n-            if (value(blocker) == l_True){\n-                *j++ = *i++;\n-                continue; }\n-\n-            // Make sure the false literal is data[1]:\n-            CRef     cr        = i->cref;\n-            Clause&  c         = ca[cr];\n-            Lit      false_lit = ~p;\n-            if (c[0] == false_lit)\n-                c[0] = c[1], c[1] = false_lit;\n-            assert(c[1] == false_lit);\n-            i++;\n-\n-            // If 0th watch is true, then clause is already satisfied.\n-            Lit     first = c[0];\n-            Watcher w     = Watcher(cr, first);\n-            if (first != blocker && value(first) == l_True){\n-                *j++ = w; continue; }\n-\n-            // Look for new watch:\n-            for (int k = 2; k < c.size(); k++)\n-                if (value(c[k]) != l_False){\n-                    c[1] = c[k]; c[k] = false_lit;\n-                    watches[~c[1]].push(w);\n-                    goto NextClause; }\n-\n-            // Did not find watch -- clause is unit under assignment:\n-            *j++ = w;\n-            if (value(first) == l_False){\n-                confl = cr;\n-                qhead = trail.size();\n-                // Copy the remaining watches:\n-                while (i < end)\n-                    *j++ = *i++;\n-            }else\n-                uncheckedEnqueue(first, cr);\n-\n-        NextClause:;\n-        }\n-        ws.shrink(i - j);\n+        vec<Watcher> new_ws;\n+        new_ws.capacity(ws.size());\n+        for (int idx = 0, wsSize = ws.size(); idx < wsSize; idx++){\n+            Watcher w = ws[idx];\n+            Lit blocker = w.blocker;\n+            if (value(blocker) == l_True){\n+                new_ws.push(w);\n+                continue;\n+            }\n+            CRef cr = w.cref;\n+            Clause& c = ca[cr];\n+            Lit false_lit = ~p;\n+            if (c[0] == false_lit)\n+                swap(c[0], c[1]);\n+            if (c[0] != w.blocker && value(c[0]) == l_True){\n+                new_ws.push(Watcher(cr, c[0]));\n+                continue;\n+            }\n+            bool found = false;\n+            for (int k = 2; k < c.size(); k++){\n+                if (value(c[k]) != l_False){\n+                    swap(c[1], c[k]);\n+                    watches[~c[1]].push(Watcher(cr, c[1]));\n+                    new_ws.push(Watcher(cr, c[0]));\n+                    found = true;\n+                    break;\n+                }\n+            }\n+            if (!found){\n+                new_ws.push(Watcher(cr, c[0]));\n+                if (value(c[0]) == l_False){\n+                    confl = cr;\n+                    qhead = trail.size();\n+                    break;\n+                }else{\n+                    uncheckedEnqueue(c[0], cr);\n+                }\n+            }\n+        }\n+        ws.moveFrom(new_ws);')"
2025-03-14 00:14:53,167	[INFO]	Step: 32
2025-03-14 00:14:53,167	[INFO]	Stop Steps: 100
2025-03-14 00:15:09,066	[DEBUG]	EXEC>  SUCCESS 0.7008219500000001
2025-03-14 00:15:15,898	[INFO]	1-13    SUCCESS               0.70 (101.17%) [2 edit(s)]  
2025-03-14 00:15:15,898	[DEBUG]	patch(1-13)="LineLLMMutation(('core/Solver.cc', 16), '-    void Solver::garbageCollect()\n-    {\n-        ClauseAllocator to(ca.size() - ca.wasted());\n-        relocAll(to);\n-        if (verbosity >= 2)\n-            printf("|  Garbage collection:   %12d bytes => %12d bytes             |\\n",\n-                   ca.size()*ClauseAllocator::Unit_Size, to.size()*ClauseAllocator::Unit_Size);\n-        to.moveTo(ca);\n-    }\n+    void Solver::garbageCollect()\n+    {\n+        if(ca.wasted() < (ca.size() >> 2)) return;\n+        ClauseAllocator to(ca.size() - ca.wasted());\n+        relocAll(to);\n+        if (verbosity >= 2)\n+            printf("|  Garbage collection:   %12d bytes => %12d bytes             |\\n",\n+                   ca.size()*ClauseAllocator::Unit_Size, to.size()*ClauseAllocator::Unit_Size);\n+        to.moveTo(ca);\n+    }') | LineLLMMutation(('core/Solver.cc', 22), '-            for (int k = 2; k < c.size(); k++)\n-                if (value(c[k]) != l_False){\n-                    c[1] = c[k]; c[k] = false_lit;\n-                    watches[~c[1]].push(w);\n-                    goto NextClause; }\n+            int k = 2;\n+            while (k < c.size()){\n+                lbool val = value(c[k]);\n+                if (val != l_False){\n+                    c[1] = c[k]; c[k] = false_lit;\n+                    watches[~c[1]].push(w);\n+                    goto NextClause;\n+                }\n+                k++;\n+            }')"
2025-03-14 00:15:15,898	[INFO]	Step: 33
2025-03-14 00:15:15,898	[INFO]	Stop Steps: 100
2025-03-14 00:15:19,784	[INFO]	1-14    COMPILE_CODE_ERROR    None (--) [2 edit(s)]  
2025-03-14 00:15:19,784	[DEBUG]	patch(1-14)="LineLLMMutation(('core/Solver.cc', 14), '-    for (int j = 0; j < c.size(); j++)\n-        if (value(c[j]) != l_False)\n-            fprintf(f, "%s%d ", sign(c[j]) ? "-" : "", mapVar(var(c[j]), map, max)+1);\n+    for (int j = 0; j < c.size(); j++){\n+        if (value(c[j]) != l_False){\n+            Var mapped = mapVar(var(c[j]), map, max);\n+            fprintf(f, "%s%d ", sign(c[j]) ? "-" : "", mapped+1);\n+        }\n+    }') | LineLLMMutation(('core/Solver.cc', 23), '-            if (value(blocker) == l_True){\n+            lbool val_blocker = value(blocker);\n+            if (val_blocker == l_True){\n-            Lit      first = c[0];\n-            Watcher w     = Watcher(cr, first);\n-            if (first != blocker && value(first) == l_True){\n+            Lit      first = c[0];\n+            lbool val_first = value(first);\n+            Watcher w     = Watcher(cr, first);\n+            if (first != blocker && val_first == l_True){\n-            for (int k = 2; k < c.size(); k++)\n-                if (value(c[k]) != l_False){\n-                    c[1] = c[k]; c[k] = false_lit;\n-                    watches[~c[1]].push(w);\n-                    goto NextClause; }\n+            int sz = c.size();\n+            for (int k = 2; k < sz; k++){\n+                if (value(c[k]) != l_False){\n+                    c[1] = c[k];\n+                    c[k] = false_lit;\n+                    watches[~c[1]].push(w);\n+                    goto NextClause;\n+                }\n+            }\n-            if (value(first) == l_False){\n+            if (val_first == l_False){')"
2025-03-14 00:15:19,784	[INFO]	Step: 34
2025-03-14 00:15:19,784	[INFO]	Stop Steps: 100
2025-03-14 00:15:36,050	[DEBUG]	EXEC>  SUCCESS 0.71914155
2025-03-14 00:15:45,110	[INFO]	1-15    SUCCESS               0.72 (103.82%) [2 edit(s)]  
2025-03-14 00:15:45,110	[DEBUG]	patch(1-15)="LineLLMMutation(('core/Solver.cc', 2), '-    for (int j = 0; j < analyze_toclear.size(); j++) seen[var(analyze_toclear[j])] = 0;\n+    std::fill(analyze_toclear.begin(), analyze_toclear.end(), 0);') | LineLLMMutation(('core/Solver.cc', 24), '-    vec<Watcher>&  ws  = watches[p];\n-    Watcher        *i, *j, *end;\n-    num_props++;\n-\n-    for (i = j = (Watcher*)ws, end = i + ws.size();  i != end;){\n-        // Try to avoid inspecting the clause:\n-        Lit blocker = i->blocker;\n-        if (value(blocker) == l_True){\n-            *j++ = *i++; continue; }\n-\n-        // Make sure the false literal is data[1]:\n-        CRef     cr        = i->cref;\n-        Clause&  c         = ca[cr];\n-        Lit      false_lit = ~p;\n-        if (c[0] == false_lit)\n-            c[0] = c[1], c[1] = false_lit;\n-        assert(c[1] == false_lit);\n-        i++;\n-\n-        // If 0th watch is true, then clause is already satisfied.\n-        Lit     first = c[0];\n-        Watcher w     = Watcher(cr, first);\n-        if (first != blocker && value(first) == l_True){\n-            *j++ = w; continue; }\n-\n-        // Look for new watch:\n-        for (int k = 2; k < c.size(); k++)\n-            if (value(c[k]) != l_False){\n-                c[1] = c[k]; c[k] = false_lit;\n-                watches[~c[1]].push(w);\n-                goto NextClause; }\n-\n-        // Did not find watch -- clause is unit under assignment:\n-        *j++ = w;\n-        if (value(first) == l_False){\n-            confl = cr;\n-            qhead = trail.size();\n-            // Copy the remaining watches:\n-            while (i < end)\n-                *j++ = *i++;\n-        }else\n-            uncheckedEnqueue(first, cr);\n-\n-    NextClause:;\n-    }\n-    ws.shrink(i - j);\n+        vec<Watcher>& ws = watches[p];\n+        num_props++;\n+        int ws_size = ws.size();\n+        int new_pos = 0;\n+        for (int k = 0; k < ws_size; k++) {\n+            Watcher curr = ws[k];\n+            Lit blocker = curr.blocker;\n+            if (value(blocker) == l_True) {\n+                ws[new_pos++] = curr;\n+                continue;\n+            }\n+            CRef cr = curr.cref;\n+            Clause& c = ca[cr];\n+            Lit false_lit = ~p;\n+            if (c[0] == false_lit) {\n+                c[0] = c[1]; c[1] = false_lit;\n+            }\n+            Lit first = c[0];\n+            Watcher new_w(cr, first);\n+            if (first != blocker && value(first) == l_True) {\n+                ws[new_pos++] = new_w;\n+                continue;\n+            }\n+            bool found_watch = false;\n+            for (int m = 2; m < c.size(); m++) {\n+                if (value(c[m]) != l_False) {\n+                    c[1] = c[m]; c[m] = false_lit;\n+                    watches[~c[1]].push(new_w);\n+                    found_watch = true;\n+                    break;\n+                }\n+            }\n+            if (!found_watch) {\n+                ws[new_pos++] = new_w;\n+                if (value(first) == l_False) {\n+                    confl = cr;\n+                    qhead = trail.size();\n+                    for (int m = k+1; m < ws_size; m++)\n+                        ws[new_pos++] = ws[m];\n+                    break;\n+                } else {\n+                    uncheckedEnqueue(first, cr);\n+                }\n+            }\n+        }\n+        ws.shrink(ws_size - new_pos);')"
2025-03-14 00:15:45,110	[INFO]	Step: 35
2025-03-14 00:15:45,110	[INFO]	Stop Steps: 100
2025-03-14 00:16:00,942	[DEBUG]	EXEC>  SUCCESS 0.68872055
2025-03-14 00:16:09,687	[INFO]	1-16    SUCCESS               0.69 (99.43%) [2 edit(s)]  
2025-03-14 00:16:09,687	[DEBUG]	patch(1-16)="LineLLMMutation(('core/Solver.cc', 3), '-#include "mtl/Sort.h"\n+//#include "mtl/Sort.h"\n+#include <algorithm>\n+#include "mtl/Sort.h"') | LineLLMMutation(('core/Solver.cc', 25), '-        Watcher        *i, *j, *end;\n-        num_props++;\n-\n-        for (i = j = (Watcher*)ws, end = i + ws.size();  i != end;){\n-            // Try to avoid inspecting the clause:\n-            Lit blocker = i->blocker;\n-            if (value(blocker) == l_True){\n-                *j++ = *i++;\n-                continue; }\n-\n-            // Make sure the false literal is data[1]:\n-            CRef     cr        = i->cref;\n-            Clause&  c         = ca[cr];\n-            Lit      false_lit = ~p;\n-            if (c[0] == false_lit)\n-                c[0] = c[1], c[1] = false_lit;\n-            assert(c[1] == false_lit);\n-            i++;\n-\n-            // If 0th watch is true, then clause is already satisfied.\n-            Lit     first = c[0];\n-            Watcher w     = Watcher(cr, first);\n-            if (first != blocker && value(first) == l_True){\n-                *j++ = w; continue; }\n-\n-            // Look for new watch:\n-            for (int k = 2; k < c.size(); k++)\n-                if (value(c[k]) != l_False){\n-                    c[1] = c[k]; c[k] = false_lit;\n-                    watches[~c[1]].push(w);\n-                    goto NextClause; }\n-\n-            // Did not find watch -- clause is unit under assignment:\n-            *j++ = w;\n-            if (value(first) == l_False){\n-                confl = cr;\n-                qhead = trail.size();\n-                // Copy the remaining watches:\n-                while (i < end)\n-                    *j++ = *i++;\n-            }else\n-                uncheckedEnqueue(first, cr);\n-\n-        NextClause:;\n-        }\n-        ws.shrink(i - j);\n+        num_props++;\n+        int newIndex = 0;\n+        for (int wIndex = 0; wIndex < ws.size(); wIndex++){\n+            Watcher currentWatcher = ws[wIndex];\n+            Lit blocker = currentWatcher.blocker;\n+            if (value(blocker) == l_True){\n+                ws[newIndex++] = currentWatcher;\n+                continue;\n+            }\n+            CRef cr = currentWatcher.cref;\n+            Clause& c = ca[cr];\n+            Lit false_lit = ~p;\n+            if (c[0] == false_lit){\n+                std::swap(c[0], c[1]);\n+                c[1] = false_lit;\n+            }\n+            Lit first = c[0];\n+            if (first != blocker && value(first) == l_True){\n+                ws[newIndex++] = Watcher(cr, first);\n+                continue;\n+            }\n+            bool watchFound = false;\n+            for (int k = 2; k < c.size(); k++){\n+                if (value(c[k]) != l_False){\n+                    c[1] = c[k];\n+                    c[k] = false_lit;\n+                    watches[~c[1]].push(Watcher(cr, c[0]));\n+                    watchFound = true;\n+                    break;\n+                }\n+            }\n+            ws[newIndex++] = Watcher(cr, c[0]);\n+            if (watchFound)\n+                continue;\n+            if (value(first) == l_False){\n+                confl = cr;\n+                qhead = trail.size();\n+                for (int r = wIndex + 1; r < ws.size(); r++)\n+                    ws[newIndex++] = ws[r];\n+                break;\n+            } else {\n+                uncheckedEnqueue(first, cr);\n+            }\n+        }\n+        ws.shrink(newIndex);')"
2025-03-14 00:16:09,687	[INFO]	Step: 36
2025-03-14 00:16:09,687	[INFO]	Stop Steps: 100
2025-03-14 00:16:15,496	[INFO]	1-17    TEST_CODE_ERROR       None (--) [2 edit(s)]  
2025-03-14 00:16:15,497	[DEBUG]	patch(1-17)="LineLLMMutation(('core/Solver.cc', 0), '-    for (int i = 0; i <= decisionLevel(); i++){\n-        int beg = i == 0 ? 0 : trail_lim[i - 1];\n-        int end = i == decisionLevel() ? trail.size() : trail_lim[i];\n-        progress += pow(F, i) * (end - beg);\n-    }\n+    double p = 1.0;\n+    for (int i = 0; i <= decisionLevel(); i++){\n+        int beg = (i == 0) ? 0 : trail_lim[i - 1];\n+        int end = (i == decisionLevel()) ? trail.size() : trail_lim[i];\n+        progress += p * (end - beg);\n+        p *= F;\n+    }') | LineLLMMutation(('core/Solver.cc', 26), "-        while (qhead < trail.size()){\n-            Lit            p   = trail[qhead++];     // 'p' is enqueued fact to propagate.\n-            vec<Watcher>&  ws  = watches[p];\n-            Watcher        *i, *j, *end;\n-            num_props++;\n-\n-            for (i = j = (Watcher*)ws, end = i + ws.size();  i != end;){\n-                // Try to avoid inspecting the clause:\n-                Lit blocker = i->blocker;\n-                if (value(blocker) == l_True){\n-                    *j++ = *i++; continue; }\n-\n-                // Make sure the false literal is data[1]:\n-                CRef     cr        = i->cref;\n-                Clause&  c         = ca[cr];\n-                Lit      false_lit = ~p;\n-                if (c[0] == false_lit)\n-                    c[0] = c[1], c[1] = false_lit;\n-                assert(c[1] == false_lit);\n-                i++;\n-\n-                // If 0th watch is true, then clause is already satisfied.\n-                Lit     first = c[0];\n-                Watcher w     = Watcher(cr, first);\n-                if (first != blocker && value(first) == l_True){\n-                    *j++ = w; continue; }\n-\n-                // Look for new watch:\n-                for (int k = 2; k < c.size(); k++)\n-                    if (value(c[k]) != l_False){\n-                        c[1] = c[k]; c[k] = false_lit;\n-                        watches[~c[1]].push(w);\n-                        goto NextClause; }\n-\n-                // Did not find watch -- clause is unit under assignment:\n-                *j++ = w;\n-                if (value(first) == l_False){\n-                    confl = cr;\n-                    qhead = trail.size();\n-                    // Copy the remaining watches:\n-                    while (i < end)\n-                        *j++ = *i++;\n-                }else\n-                    uncheckedEnqueue(first, cr);\n-\n-            NextClause:;\n-            }\n-            ws.shrink(i - j);\n-        }\n+        while (qhead < trail.size()){\n+            Lit p = trail[qhead++];\n+            vec<Watcher>& ws = watches[p];\n+            Watcher* ws_begin = (Watcher*)ws;\n+            int ws_size = ws.size();\n+            Watcher* i = ws_begin;\n+            Watcher* j = ws_begin;\n+            Watcher* end = ws_begin + ws_size;\n+            num_props++;\n+            for (; i != end; ){\n+                Lit blocker = i->blocker;\n+                lbool blocker_value = value(blocker);\n+                if (blocker_value == l_True){\n+                    *j++ = *i++;\n+                    continue;\n+                }\n+                CRef cr = i->cref;\n+                Clause& c = ca[cr];\n+                Lit false_lit = ~p;\n+                if (c[0] == false_lit){\n+                    c[0] = c[1];\n+                    c[1] = false_lit;\n+                }\n+                assert(c[1] == false_lit);\n+                i++;\n+                Lit first = c[0];\n+                Watcher w(cr, first);\n+                if (first != blocker && value(first) == l_True){\n+                    *j++ = w;\n+                    continue;\n+                }\n+                bool found_watch = false;\n+                for (int k = 2, sz = c.size(); k < sz; k++){\n+                    if (value(c[k]) != l_False){\n+                        c[1] = c[k];\n+                        c[k] = false_lit;\n+                        watches[~c[1]].push(w);\n+                        found_watch = true;\n+                        break;\n+                    }\n+                }\n+                if (!found_watch){\n+                    *j++ = w;\n+                    if (value(first) == l_False){\n+                        confl = cr;\n+                        qhead = trail.size();\n+                        while (i < end)\n+                            *j++ = *i++;\n+                    } else {\n+                        uncheckedEnqueue(first, cr);\n+                    }\n+                }\n+            }\n+            ws.shrink((int)(j - ws_begin));\n+        }")"
2025-03-14 00:16:15,497	[INFO]	Step: 37
2025-03-14 00:16:15,497	[INFO]	Stop Steps: 100
2025-03-14 00:16:31,149	[DEBUG]	EXEC>  SUCCESS 0.6888296500000001
2025-03-14 00:16:38,504	[INFO]	1-18    SUCCESS               0.69 (99.44%) [2 edit(s)]  
2025-03-14 00:16:38,505	[DEBUG]	patch(1-18)="LineLLMMutation(('core/Solver.cc', 12), '-                if (verbosity >= 1)\n-                    printf("| %9d | %7d %8d %8d | %8d %8d %6.0f | %6.3f %% |\\n",\n-                           (int)conflicts,\n-                           (int)dec_vars - (trail_lim.size() == 0 ? trail.size() : trail_lim[0]), nClauses(), (int)clauses_literals,\n-                           (int)max_learnts, nLearnts(), (double)learnts_literals/nLearnts(), progressEstimate()*100);\n+                if (verbosity >= 1) {\n+                    int current_dec_vars = dec_vars - (trail_lim.size() == 0 ? trail.size() : trail_lim[0]);\n+                    printf("| %9d | %7d %8d %8d | %8d %8d %6.0f | %6.3f %% |\\n",\n+                           (int)conflicts,\n+                           current_dec_vars, nClauses(), (int)clauses_literals,\n+                           (int)max_learnts, nLearnts(), (double)learnts_literals/nLearnts(), progressEstimate()*100);\n+                }') | LineLLMMutation(('core/Solver.cc', 27), '-    Watcher        *i, *j, *end;\n-    for (i = j = (Watcher*)ws, end = i + ws.size();  i != end;){\n-        // Try to avoid inspecting the clause:\n-        Lit blocker = i->blocker;\n-        if (value(blocker) == l_True){\n-            *j++ = *i++; continue; }\n-\n-        // Make sure the false literal is data[1]:\n-        CRef     cr        = i->cref;\n-        Clause&  c         = ca[cr];\n-        Lit      false_lit = ~p;\n-        if (c[0] == false_lit)\n-            c[0] = c[1], c[1] = false_lit;\n-        assert(c[1] == false_lit);\n-        i++;\n-\n-        // If 0th watch is true, then clause is already satisfied.\n-        Lit     first = c[0];\n-        Watcher w     = Watcher(cr, first);\n-        if (first != blocker && value(first) == l_True){\n-            *j++ = w; continue; }\n-\n-        // Look for new watch:\n-        for (int k = 2; k < c.size(); k++)\n-            if (value(c[k]) != l_False){\n-                c[1] = c[k]; c[k] = false_lit;\n-                watches[~c[1]].push(w);\n-                goto NextClause; }\n-\n-        // Did not find watch -- clause is unit under assignment:\n-        *j++ = w;\n-        if (value(first) == l_False){\n-            confl = cr;\n-            qhead = trail.size();\n-            // Copy the remaining watches:\n-            while (i < end)\n-                *j++ = *i++;\n-        }else\n-            uncheckedEnqueue(first, cr);\n-\n-    NextClause:;\n-    }\n-    ws.shrink(i - j);\n+    int write_idx = 0;\n+    int ws_size = ws.size();\n+    for (int idx = 0; idx < ws_size; idx++){\n+        Watcher current = ws[idx];\n+        Lit blocker = current.blocker;\n+        if (value(blocker) == l_True){\n+            ws[write_idx++] = current;\n+            continue;\n+        }\n+        CRef cr = current.cref;\n+        Clause& c = ca[cr];\n+        Lit false_lit = ~p;\n+        if (c[0] == false_lit) {\n+            c[0] = c[1]; c[1] = false_lit;\n+        }\n+        assert(c[1] == false_lit);\n+        Lit first = c[0];\n+        Watcher w = Watcher(cr, first);\n+        if (first != blocker && value(first) == l_True){\n+            ws[write_idx++] = w;\n+            continue;\n+        }\n+        bool found_watch = false;\n+        for (int k = 2; k < c.size(); k++){\n+            if (value(c[k]) != l_False){\n+                c[1] = c[k]; c[k] = false_lit;\n+                watches[~c[1]].push(w);\n+                found_watch = true;\n+                break;\n+            }\n+        }\n+        if (found_watch)\n+            continue;\n+        ws[write_idx++] = w;\n+        if (value(first) == l_False){\n+            confl = cr;\n+            qhead = trail.size();\n+            for (int j = idx+1; j < ws_size; j++){\n+                ws[write_idx++] = ws[j];\n+            }\n+            break;\n+        } else {\n+            uncheckedEnqueue(first, cr);\n+        }\n+    }\n+    ws.shrink(write_idx);')"
2025-03-14 00:16:38,505	[INFO]	Step: 38
2025-03-14 00:16:38,505	[INFO]	Stop Steps: 100
2025-03-14 00:16:44,726	[INFO]	1-19    TEST_CODE_ERROR       None (--) [2 edit(s)]  
2025-03-14 00:16:44,726	[DEBUG]	patch(1-19)="LineLLMMutation(('core/Solver.cc', 9), '-    for (int c = trail.size()-1; c >= trail_lim[level]; c--){\n-        Var      x  = var(trail[c]);\n-        assigns [x] = l_Undef;\n-        if (phase_saving > 1 || (phase_saving == 1) && c > trail_lim.last())\n-            polarity[x] = sign(trail[c]);\n-        insertVarOrder(x); }\n+    for (int idx = trail.size()-1; idx >= trail_lim[level]; idx--){\n+        Var x = var(trail[idx]);\n+        assigns[x] = l_Undef;\n+        if (phase_saving > 1 || (phase_saving == 1 && idx > trail_lim.last()))\n+            polarity[x] = sign(trail[idx]);\n+        insertVarOrder(x);\n+    }') | LineLLMMutation(('core/Solver.cc', 28), '-            for (int k = 2; k < c.size(); k++)\n-                if (value(c[k]) != l_False){\n-                    c[1] = c[k]; c[k] = false_lit;\n-                    watches[~c[1]].push(w);\n-                    goto NextClause; }\n+            {\n+                bool found = false;\n+                int k = 2;\n+                for(; k < c.size(); ++k){\n+                    if (value(c[k]) != l_False){\n+                        found = true;\n+                        break;\n+                    }\n+                }\n+                if(found){\n+                    c[1] = c[k]; c[k] = false_lit;\n+                    watches[~c[1]].push(w);\n+                    *j++ = w;\n+                    continue;\n+                }\n+            }\n-            NextClause:;')"
2025-03-14 00:16:44,726	[INFO]	Step: 39
2025-03-14 00:16:44,726	[INFO]	Stop Steps: 100
2025-03-14 00:16:52,325	[INFO]	1-20    TEST_CODE_ERROR       None (--) [2 edit(s)]  
2025-03-14 00:16:52,326	[DEBUG]	patch(1-20)="LineLLMMutation(('core/Solver.cc', 6), '-    for (i = j = 0, p = lit_Undef; i < ps.size(); i++)\n-        if (value(ps[i]) == l_True || ps[i] == ~p)\n-            return true;\n-        else if (value(ps[i]) != l_False && ps[i] != p)\n-            ps[j++] = p = ps[i];\n+    for (i = j = 0, p = lit_Undef; i < ps.size(); i++){\n+        lbool val = value(ps[i]);\n+        if (val == l_True || ps[i] == ~p)\n+            return true;\n+        else if (val != l_False && ps[i] != p)\n+            ps[j++] = p = ps[i];\n+    }') | LineLLMMutation(('core/Solver.cc', 29), '-        Watcher        *i, *j, *end;\n-        num_props++;\n-\n-        for (i = j = (Watcher*)ws, end = i + ws.size();  i != end;){\n-            // Try to avoid inspecting the clause:\n-            Lit blocker = i->blocker;\n-            if (value(blocker) == l_True){\n-                *j++ = *i++; continue; }\n-\n-            // Make sure the false literal is data[1]:\n-            CRef     cr        = i->cref;\n-            Clause&  c         = ca[cr];\n-            Lit      false_lit = ~p;\n-            if (c[0] == false_lit)\n-                c[0] = c[1], c[1] = false_lit;\n-            assert(c[1] == false_lit);\n-            i++;\n-\n-            // If 0th watch is true, then clause is already satisfied.\n-            Lit     first = c[0];\n-            Watcher w     = Watcher(cr, first);\n-            if (first != blocker && value(first) == l_True){\n-                *j++ = w; continue; }\n-\n-            // Look for new watch:\n-            for (int k = 2; k < c.size(); k++)\n-                if (value(c[k]) != l_False){\n-                    c[1] = c[k]; c[k] = false_lit;\n-                    watches[~c[1]].push(w);\n-                    goto NextClause; }\n-\n-            // Did not find watch -- clause is unit under assignment:\n-            *j++ = w;\n-            if (value(first) == l_False){\n-                confl = cr;\n-                qhead = trail.size();\n-                // Copy the remaining watches:\n-                while (i < end)\n-                    *j++ = *i++;\n-            }else\n-                uncheckedEnqueue(first, cr);\n-\n-        NextClause:;\n-        }\n-        ws.shrink(i - j);\n+        num_props++;\n+        int ws_size = ws.size();\n+        int new_idx = 0;\n+        for (int idx = 0; idx < ws_size; idx++){\n+            Watcher w = ws[idx];\n+            Lit blocker = w.blocker;\n+            if (value(blocker) == l_True){\n+                ws[new_idx++] = w;\n+                continue;\n+            }\n+            CRef cr = w.cref;\n+            Clause& c = ca[cr];\n+            Lit false_lit = ~p;\n+            if (c[0] == false_lit){\n+                std::swap(c[0], c[1]);\n+                c[1] = false_lit;\n+            }\n+            Lit first = c[0];\n+            Watcher nw(cr, first);\n+            if (first != blocker && value(first) == l_True){\n+                ws[new_idx++] = nw;\n+                continue;\n+            }\n+            bool found = false;\n+            for (int k = 2; k < c.size(); k++){\n+                if (value(c[k]) != l_False){\n+                    c[1] = c[k];\n+                    c[k] = false_lit;\n+                    watches[~c[1]].push(nw);\n+                    found = true;\n+                    break;\n+                }\n+            }\n+            if (found){\n+                ws[new_idx++] = nw;\n+                continue;\n+            }\n+            ws[new_idx++] = nw;\n+            if (value(first) == l_False){\n+                confl = cr;\n+                qhead = trail.size();\n+                for (int j = idx + 1; j < ws_size; j++){\n+                    ws[new_idx++] = ws[j];\n+                }\n+                break;\n+            } else {\n+                uncheckedEnqueue(first, cr);\n+            }\n+        }\n+        ws.shrink(ws_size - new_idx);')"
2025-03-14 00:16:52,326	[INFO]	Step: 40
2025-03-14 00:16:52,326	[INFO]	Stop Steps: 100
2025-03-14 00:17:07,821	[DEBUG]	EXEC>  SUCCESS 0.6817497
2025-03-14 00:17:15,206	[INFO]	1-1     SUCCESS               0.68 (98.42%) [2 edit(s)]  
2025-03-14 00:17:15,206	[DEBUG]	patch(1-1)="LineLLMMutation(('core/Solver.cc', 13), '-    model.clear();\n-    conflict.clear();\n-    if (!ok) return l_False;\n+    if (!ok) return l_False;\n+    model.clear();\n+    conflict.clear();') | LineLLMMutation(('core/Solver.cc', 30), '-            Lit     first = c[0];\n-            Watcher w     = Watcher(cr, first);\n-            if (first != blocker && value(first) == l_True){\n+            Lit     first = c[0]; lbool first_val = value(first);\n+            Watcher w     = Watcher(cr, first);\n+            if (first != blocker && first_val == l_True){')"
2025-03-14 00:17:15,206	[INFO]	Step: 41
2025-03-14 00:17:15,206	[INFO]	Stop Steps: 100
2025-03-14 00:17:20,321	[INFO]	1-2     COMPILE_CODE_ERROR    None (--) [2 edit(s)]  
2025-03-14 00:17:20,321	[DEBUG]	patch(1-2)="LineLLMMutation(('core/Solver.cc', 13), '-    model.clear();\n-    conflict.clear();\n-    if (!ok) return l_False;\n+    if (!ok) return l_False;\n+    model.clear();\n+    conflict.clear();') | LineLLMMutation(('core/Solver.cc', 31), '-            if (value(first) == l_False){\n+            if (first_val == l_False){')"
2025-03-14 00:17:20,321	[INFO]	Step: 42
2025-03-14 00:17:20,321	[INFO]	Stop Steps: 100
2025-03-14 00:17:25,671	[INFO]	1-3     COMPILE_CODE_ERROR    None (--) [2 edit(s)]  
2025-03-14 00:17:25,671	[DEBUG]	patch(1-3)="LineLLMMutation(('core/Solver.cc', 15), '-    for (int v = 0; v < nVars(); v++)\n-        for (int s = 0; s < 2; s++){\n-            Lit p = mkLit(v, s);\n-            vec<Watcher>& ws = watches[p];\n-            for (int j = 0; j < ws.size(); j++)\n-                ca.reloc(ws[j].cref, to);\n-        }\n+    for (int v = 0; v < nVars(); v++){\n+        for (int s = 0; s < 2; s++){\n+            Lit p = mkLit(v, s);\n+            vec<Watcher>& ws = watches[p];\n+            for (int j = 0; j < ws.size(); j++){\n+                ca.reloc(ws[j].cref, to);\n+            }\n+        }\n+    }') | LineLLMMutation(('core/Solver.cc', 32), '+ #include <algorithm>\n-     sort(learnts, reduceDB_lt(ca));\n+     std::nth_element(learnts.begin(), learnts.begin() + learnts.size()/2, learnts.end(), reduceDB_lt(ca));')"
2025-03-14 00:17:25,671	[INFO]	Step: 43
2025-03-14 00:17:25,671	[INFO]	Stop Steps: 100
2025-03-14 00:17:39,704	[DEBUG]	EXEC>  SUCCESS 0.6878854999999999
2025-03-14 00:17:43,796	[INFO]	1-4     SUCCESS               0.69 (99.31%) [1 edit(s)]  
2025-03-14 00:17:43,796	[DEBUG]	patch(1-4)="LineLLMMutation(('core/Solver.cc', 33), '-        for (i = j = (Watcher*)ws, end = i + ws.size();  i != end){\n-            Lit blocker = i->blocker;\n-            if (value(blocker) == l_True){\n-                *j++ = *i++;\n-                continue;\n-            }\n-\n-            CRef     cr        = i->cref;\n-            Clause&  c         = ca[cr];\n-            Lit      false_lit = ~p;\n-            if (c[0] == false_lit)\n-                c[0] = c[1], c[1] = false_lit;\n-            assert(c[1] == false_lit);\n-            i++;\n-\n-            Lit first = c[0];\n-            Watcher w     = Watcher(cr, first);\n-            if (first != blocker && value(first) == l_True){\n-                *j++ = w;\n-                continue;\n-            }\n-\n-            for (int k = 2; k < c.size(); k++)\n-                if (value(c[k]) != l_False){\n-                    c[1] = c[k];\n-                    c[k] = false_lit;\n-                    watches[~c[1]].push(w);\n-                    goto NextClause;\n-                }\n-\n-            *j++ = w;\n-            if (value(first) == l_False){\n-                confl = cr;\n-                qhead = trail.size();\n-                while (i < end)\n-                    *j++ = *i++;\n-            }\n-            else\n-                uncheckedEnqueue(first, cr);\n-        NextClause:\n-            ;\n-        }\n+        for (i = j = (Watcher*)ws, end = i + ws.size(); i != end; ){\n+            Lit blocker = i->blocker;\n+            lbool val_blocker = value(blocker);\n+            if (val_blocker == l_True){\n+                *j++ = *i++;\n+                continue;\n+            }\n+            CRef cr = i->cref;\n+            Clause& c = ca[cr];\n+            Lit false_lit = ~p;\n+            if (c[0] == false_lit){\n+                c[0] = c[1];\n+                c[1] = false_lit;\n+            }\n+            assert(c[1] == false_lit);\n+            i++;\n+            Lit first = c[0];\n+            lbool val_first = value(first);\n+            Watcher w = Watcher(cr, first);\n+            if (first != blocker && val_first == l_True){\n+                *j++ = w;\n+                continue;\n+            }\n+            bool found = false;\n+            for (int k = 2; k < c.size(); k++){\n+                lbool val_ck = value(c[k]);\n+                if (val_ck != l_False){\n+                    c[1] = c[k];\n+                    c[k] = false_lit;\n+                    watches[~c[1]].push(w);\n+                    found = true;\n+                    break;\n+                }\n+            }\n+            if (found){\n+                *j++ = w;\n+                continue;\n+            }\n+            *j++ = w;\n+            if (value(first) == l_False){\n+                confl = cr;\n+                qhead = trail.size();\n+                while (i < end)\n+                    *j++ = *i++;\n+            }\n+            else{\n+                uncheckedEnqueue(first, cr);\n+            }\n+        }')"
2025-03-14 00:17:43,797	[INFO]	Step: 44
2025-03-14 00:17:43,797	[INFO]	Stop Steps: 100
2025-03-14 00:23:52,072	[INFO]	Step: 44
2025-03-14 00:23:52,072	[INFO]	Stop Steps: 100
2025-03-14 00:24:05,984	[DEBUG]	EXEC>  SUCCESS 0.6815921999999999
2025-03-14 00:24:12,911	[INFO]	2-5     SUCCESS              +0.68 (98.40%) [2 edit(s)]  
2025-03-14 00:24:12,911	[DEBUG]	patch(2-5)="LineLLMMutation(('core/Solver.cc', 8), '-    if (strict){\n-        remove(watches[~c[0]], Watcher(cr, c[1]));\n-        remove(watches[~c[1]], Watcher(cr, c[0]));\n-    }else{\n-        watches.smudge(~c[0]);\n-        watches.smudge(~c[1]);\n-    }\n+    Lit neg0 = ~c[0], neg1 = ~c[1];\n+    if (strict){\n+        remove(watches[neg0], Watcher(cr, c[1]));\n+        remove(watches[neg1], Watcher(cr, c[0]));\n+    } else {\n+        watches.smudge(neg0);\n+        watches.smudge(neg1);\n+    }') | LineLLMMutation(('core/Solver.cc', 21), '-        Watcher        *i, *j, *end;\n-        for (i = j = (Watcher*)ws, end = i + ws.size();  i != end;){\n-            // Try to avoid inspecting the clause:\n-            Lit blocker = i->blocker;\n-            if (value(blocker) == l_True){\n-                *j++ = *i++;\n-                continue; }\n-\n-            // Make sure the false literal is data[1]:\n-            CRef     cr        = i->cref;\n-            Clause&  c         = ca[cr];\n-            Lit      false_lit = ~p;\n-            if (c[0] == false_lit)\n-                c[0] = c[1], c[1] = false_lit;\n-            assert(c[1] == false_lit);\n-            i++;\n-\n-            // If 0th watch is true, then clause is already satisfied.\n-            Lit     first = c[0];\n-            Watcher w     = Watcher(cr, first);\n-            if (first != blocker && value(first) == l_True){\n-                *j++ = w; continue; }\n-\n-            // Look for new watch:\n-            for (int k = 2; k < c.size(); k++)\n-                if (value(c[k]) != l_False){\n-                    c[1] = c[k]; c[k] = false_lit;\n-                    watches[~c[1]].push(w);\n-                    goto NextClause; }\n-\n-            // Did not find watch -- clause is unit under assignment:\n-            *j++ = w;\n-            if (value(first) == l_False){\n-                confl = cr;\n-                qhead = trail.size();\n-                // Copy the remaining watches:\n-                while (i < end)\n-                    *j++ = *i++;\n-            }else\n-                uncheckedEnqueue(first, cr);\n-\n-        NextClause:;\n-        }\n-        ws.shrink(i - j);\n+        vec<Watcher> new_ws;\n+        new_ws.capacity(ws.size());\n+        for (int idx = 0, wsSize = ws.size(); idx < wsSize; idx++){\n+            Watcher w = ws[idx];\n+            Lit blocker = w.blocker;\n+            if (value(blocker) == l_True){\n+                new_ws.push(w);\n+                continue;\n+            }\n+            CRef cr = w.cref;\n+            Clause& c = ca[cr];\n+            Lit false_lit = ~p;\n+            if (c[0] == false_lit)\n+                swap(c[0], c[1]);\n+            if (c[0] != w.blocker && value(c[0]) == l_True){\n+                new_ws.push(Watcher(cr, c[0]));\n+                continue;\n+            }\n+            bool found = false;\n+            for (int k = 2; k < c.size(); k++){\n+                if (value(c[k]) != l_False){\n+                    swap(c[1], c[k]);\n+                    watches[~c[1]].push(Watcher(cr, c[1]));\n+                    new_ws.push(Watcher(cr, c[0]));\n+                    found = true;\n+                    break;\n+                }\n+            }\n+            if (!found){\n+                new_ws.push(Watcher(cr, c[0]));\n+                if (value(c[0]) == l_False){\n+                    confl = cr;\n+                    qhead = trail.size();\n+                    break;\n+                }else{\n+                    uncheckedEnqueue(c[0], cr);\n+                }\n+            }\n+        }\n+        ws.moveFrom(new_ws);')"
2025-03-14 00:24:12,911	[INFO]	Step: 45
2025-03-14 00:24:12,911	[INFO]	Stop Steps: 100
2025-03-14 00:24:28,516	[DEBUG]	EXEC>  SUCCESS 0.6758376500000001
2025-03-14 00:24:34,533	[INFO]	2-6     SUCCESS              +0.68 (97.57%) [1 edit(s)]  
2025-03-14 00:24:34,533	[DEBUG]	patch(2-6)="LineLLMMutation(('core/Solver.cc', 7), '-    watches[~c[0]].push(Watcher(cr, c[1]));\n-    watches[~c[1]].push(Watcher(cr, c[0]));\n+    Lit neg0 = ~c[0], neg1 = ~c[1];\n+    watches[neg0].push(Watcher(cr, c[1]));\n+    watches[neg1].push(Watcher(cr, c[0]));')"
2025-03-14 00:24:34,533	[INFO]	Step: 46
2025-03-14 00:24:34,533	[INFO]	Stop Steps: 100
2025-03-14 00:24:49,914	[DEBUG]	EXEC>  SUCCESS 0.6757173
2025-03-14 00:25:03,707	[INFO]	2-7     SUCCESS              +0.68 (97.55%) [1 edit(s)]  
2025-03-14 00:25:03,707	[DEBUG]	patch(2-7)="LineLLMCrossover(('core/Solver.cc', 8), '- watches[~c[0]].push(Watcher(cr, c[1]));\n- watches[~c[1]].push(Watcher(cr, c[0]));\n+ Lit neg0 = ~c[0], neg1 = ~c[1];\n+ watches[neg0].push(Watcher(cr, c[1]));\n+ watches[neg1].push(Watcher(cr, c[0]));')"
2025-03-14 00:25:03,707	[INFO]	Step: 47
2025-03-14 00:25:03,707	[INFO]	Stop Steps: 100
2025-03-14 00:25:19,442	[DEBUG]	EXEC>  SUCCESS 0.6935388
2025-03-14 00:25:31,859	[INFO]	2-8     SUCCESS               0.69 (100.12%) [1 edit(s)]  
2025-03-14 00:25:31,859	[DEBUG]	patch(2-8)="LineLLMCrossover(('core/Solver.cc', 9), "- while (qhead < trail.size()){\n-     Lit            p   = trail[qhead++];     // 'p' is enqueued fact to propagate.\n+ for(; qhead < trail.size(); qhead++){\n+     Lit            p   = trail[qhead];     // 'p' is enqueued fact to propagate.")"
2025-03-14 00:25:31,859	[INFO]	Step: 48
2025-03-14 00:25:31,859	[INFO]	Stop Steps: 100
2025-03-14 00:25:45,766	[DEBUG]	EXEC>  SUCCESS 0.6812502000000001
2025-03-14 00:25:57,406	[INFO]	2-9     SUCCESS               0.68 (98.35%) [1 edit(s)]  
2025-03-14 00:25:57,406	[DEBUG]	patch(2-9)="LineLLMCrossover(('core/Solver.cc', 10), '- Lit     first = c[0];\n- if (first != blocker && value(first) == l_True){\n+ Lit     first = c[0]; lbool first_val = value(first);\n+ if (first != blocker && first_val == l_True){')"
2025-03-14 00:25:57,406	[INFO]	Step: 49
2025-03-14 00:25:57,406	[INFO]	Stop Steps: 100
2025-03-14 00:26:07,250	[INFO]	2-10    COMPILE_CODE_ERROR    None (--) [1 edit(s)]  
2025-03-14 00:26:07,250	[DEBUG]	patch(2-10)="LineLLMCrossover(('core/Solver.cc', 11), '- #include "mtl/Sort.h"\n+ //#include "mtl/Sort.h"\n+ #include <algorithm>')"
2025-03-14 00:26:07,250	[INFO]	Step: 50
2025-03-14 00:26:07,251	[INFO]	Stop Steps: 100
2025-03-14 00:26:23,086	[DEBUG]	EXEC>  SUCCESS 0.6982761500000001
2025-03-14 00:26:34,390	[INFO]	2-11    SUCCESS               0.70 (100.81%) [1 edit(s)]  
2025-03-14 00:26:34,391	[DEBUG]	patch(2-11)="LineLLMCrossover(('core/Solver.cc', 12), '- for (int k = 2; k < c.size(); k++)\n+ for (int k = 2, csz = c.size(); k < csz; k++)')"
2025-03-14 00:26:34,391	[INFO]	Step: 51
2025-03-14 00:26:34,391	[INFO]	Stop Steps: 100
2025-03-14 00:26:49,944	[DEBUG]	EXEC>  SUCCESS 0.6843929000000001
2025-03-14 00:27:00,995	[INFO]	2-12    SUCCESS               0.68 (98.80%) [1 edit(s)]  
2025-03-14 00:27:00,995	[DEBUG]	patch(2-12)="LineLLMCrossover(('core/Solver.cc', 13), '- if (drand(random_seed) < random_var_freq && !order_heap.empty()){\n+ double rand_val = drand(random_seed);\n+ if (rand_val < random_var_freq && !order_heap.empty()){')"
2025-03-14 00:27:00,995	[INFO]	Step: 52
2025-03-14 00:27:00,995	[INFO]	Stop Steps: 100
2025-03-14 00:27:16,730	[DEBUG]	EXEC>  SUCCESS 0.6934257500000001
2025-03-14 00:27:28,610	[INFO]	2-13    SUCCESS               0.69 (100.11%) [1 edit(s)]  
2025-03-14 00:27:28,610	[DEBUG]	patch(2-13)="LineLLMCrossover(('core/Solver.cc', 14), '- if (c.size() > 2 && !locked(c) && (i < learnts.size() / 2 || c.activity() < extra_lim))\n+ int csz = c.size();\n+ if (csz > 2 && !locked(c) && (i < learnts.size() / 2 || c.activity() < extra_lim))')"
2025-03-14 00:27:28,610	[INFO]	Step: 53
2025-03-14 00:27:28,610	[INFO]	Stop Steps: 100
2025-03-14 00:27:35,392	[INFO]	2-14    COMPILE_CODE_ERROR    None (--) [1 edit(s)]  
2025-03-14 00:27:35,392	[DEBUG]	patch(2-14)="LineLLMCrossover(('core/Solver.cc', 15), '- vec<Watcher>&  ws  = watches[p];\n+ vec<Watcher>&  ws  = watches[p];\n+     if(ws.empty()) continue;')"
2025-03-14 00:27:35,392	[INFO]	Step: 54
2025-03-14 00:27:35,392	[INFO]	Stop Steps: 100
2025-03-14 00:27:40,706	[INFO]	2-15    COMPILE_CODE_ERROR    None (--) [3 edit(s)]  
2025-03-14 00:27:40,706	[DEBUG]	patch(2-15)="LineLLMMutation(('core/Solver.cc', 8), '-    if (strict){\n-        remove(watches[~c[0]], Watcher(cr, c[1]));\n-        remove(watches[~c[1]], Watcher(cr, c[0]));\n-    }else{\n-        watches.smudge(~c[0]);\n-        watches.smudge(~c[1]);\n-    }\n+    Lit neg0 = ~c[0], neg1 = ~c[1];\n+    if (strict){\n+        remove(watches[neg0], Watcher(cr, c[1]));\n+        remove(watches[neg1], Watcher(cr, c[0]));\n+    } else {\n+        watches.smudge(neg0);\n+        watches.smudge(neg1);\n+    }') | LineLLMMutation(('core/Solver.cc', 21), '-        Watcher        *i, *j, *end;\n-        for (i = j = (Watcher*)ws, end = i + ws.size();  i != end;){\n-            // Try to avoid inspecting the clause:\n-            Lit blocker = i->blocker;\n-            if (value(blocker) == l_True){\n-                *j++ = *i++;\n-                continue; }\n-\n-            // Make sure the false literal is data[1]:\n-            CRef     cr        = i->cref;\n-            Clause&  c         = ca[cr];\n-            Lit      false_lit = ~p;\n-            if (c[0] == false_lit)\n-                c[0] = c[1], c[1] = false_lit;\n-            assert(c[1] == false_lit);\n-            i++;\n-\n-            // If 0th watch is true, then clause is already satisfied.\n-            Lit     first = c[0];\n-            Watcher w     = Watcher(cr, first);\n-            if (first != blocker && value(first) == l_True){\n-                *j++ = w; continue; }\n-\n-            // Look for new watch:\n-            for (int k = 2; k < c.size(); k++)\n-                if (value(c[k]) != l_False){\n-                    c[1] = c[k]; c[k] = false_lit;\n-                    watches[~c[1]].push(w);\n-                    goto NextClause; }\n-\n-            // Did not find watch -- clause is unit under assignment:\n-            *j++ = w;\n-            if (value(first) == l_False){\n-                confl = cr;\n-                qhead = trail.size();\n-                // Copy the remaining watches:\n-                while (i < end)\n-                    *j++ = *i++;\n-            }else\n-                uncheckedEnqueue(first, cr);\n-\n-        NextClause:;\n-        }\n-        ws.shrink(i - j);\n+        vec<Watcher> new_ws;\n+        new_ws.capacity(ws.size());\n+        for (int idx = 0, wsSize = ws.size(); idx < wsSize; idx++){\n+            Watcher w = ws[idx];\n+            Lit blocker = w.blocker;\n+            if (value(blocker) == l_True){\n+                new_ws.push(w);\n+                continue;\n+            }\n+            CRef cr = w.cref;\n+            Clause& c = ca[cr];\n+            Lit false_lit = ~p;\n+            if (c[0] == false_lit)\n+                swap(c[0], c[1]);\n+            if (c[0] != w.blocker && value(c[0]) == l_True){\n+                new_ws.push(Watcher(cr, c[0]));\n+                continue;\n+            }\n+            bool found = false;\n+            for (int k = 2; k < c.size(); k++){\n+                if (value(c[k]) != l_False){\n+                    swap(c[1], c[k]);\n+                    watches[~c[1]].push(Watcher(cr, c[1]));\n+                    new_ws.push(Watcher(cr, c[0]));\n+                    found = true;\n+                    break;\n+                }\n+            }\n+            if (!found){\n+                new_ws.push(Watcher(cr, c[0]));\n+                if (value(c[0]) == l_False){\n+                    confl = cr;\n+                    qhead = trail.size();\n+                    break;\n+                }else{\n+                    uncheckedEnqueue(c[0], cr);\n+                }\n+            }\n+        }\n+        ws.moveFrom(new_ws);') | LineLLMMutation(('core/Solver.cc', 34), '-        Watcher        *i, *j, *end;\n-        num_props++;\n-\n-        for (i = j = (Watcher*)ws, end = i + ws.size();  i != end;){\n-            // Try to avoid inspecting the clause:\n-            Lit blocker = i->blocker;\n-            if (value(blocker) == l_True){\n-                *j++ = *i++; continue; }\n-\n-            // Make sure the false literal is data[1]:\n-            CRef     cr        = i->cref;\n-            Clause&  c         = ca[cr];\n-            Lit      false_lit = ~p;\n-            if (c[0] == false_lit)\n-                c[0] = c[1], c[1] = false_lit;\n-            assert(c[1] == false_lit);\n-            i++;\n-\n-            // If 0th watch is true, then clause is already satisfied.\n-            Lit     first = c[0];\n-            Watcher w     = Watcher(cr, first);\n-            if (first != blocker && value(first) == l_True){\n-                *j++ = w; continue; }\n-\n-            // Look for new watch:\n-            for (int k = 2; k < c.size(); k++)\n-                if (value(c[k]) != l_False){\n-                    c[1] = c[k]; c[k] = false_lit;\n-                    watches[~c[1]].push(w);\n-                    goto NextClause; }\n-\n-            // Did not find watch -- clause is unit under assignment:\n-            *j++ = w;\n-            if (value(first) == l_False){\n-                confl = cr;\n-                qhead = trail.size();\n-                // Copy the remaining watches:\n-                while (i < end)\n-                    *j++ = *i++;\n-            }else\n-                uncheckedEnqueue(first, cr);\n-\n-        NextClause:;\n-        }\n-        ws.shrink(i - j);\n+        num_props++;\n+        int ws_size = ws.size();\n+        vec<Watcher> new_ws;\n+        new_ws.reserve(ws_size);\n+        for (int idx = 0; idx < ws_size; idx++){\n+            Watcher curr = ws[idx];\n+            if (value(curr.blocker) == l_True){\n+                new_ws.push(curr);\n+                continue;\n+            }\n+            CRef cr = curr.cref;\n+            Clause& c = ca[cr];\n+            Lit false_lit = ~p;\n+            if (c[0] == false_lit) {\n+                c[0] = c[1];\n+                c[1] = false_lit;\n+            }\n+            Lit first = c[0];\n+            Watcher w(cr, first);\n+            if (first != curr.blocker && value(first) == l_True){\n+                new_ws.push(w);\n+                continue;\n+            }\n+            bool found_new = false;\n+            for (int k = 2; k < c.size(); k++){\n+                if (value(c[k]) != l_False){\n+                    c[1] = c[k];\n+                    c[k] = false_lit;\n+                    watches[~c[1]].push(w);\n+                    new_ws.push(w);\n+                    found_new = true;\n+                    break;\n+                }\n+            }\n+            if (!found_new){\n+                new_ws.push(w);\n+                if (value(first) == l_False){\n+                    confl = cr;\n+                    qhead = trail.size();\n+                    for (int j = idx+1; j < ws_size; j++){\n+                        new_ws.push(ws[j]);\n+                    }\n+                    break;\n+                } else {\n+                    uncheckedEnqueue(first, cr);\n+                }\n+            }\n+        }\n+        ws.move(new_ws);')"
2025-03-14 00:27:40,706	[INFO]	Step: 55
2025-03-14 00:27:40,706	[INFO]	Stop Steps: 100
2025-03-14 00:27:56,440	[DEBUG]	EXEC>  SUCCESS 0.6936142000000001
2025-03-14 00:28:10,039	[INFO]	2-16    SUCCESS               0.69 (100.13%) [2 edit(s)]  
2025-03-14 00:28:10,039	[DEBUG]	patch(2-16)="LineLLMMutation(('core/Solver.cc', 7), '-    watches[~c[0]].push(Watcher(cr, c[1]));\n-    watches[~c[1]].push(Watcher(cr, c[0]));\n+    Lit neg0 = ~c[0], neg1 = ~c[1];\n+    watches[neg0].push(Watcher(cr, c[1]));\n+    watches[neg1].push(Watcher(cr, c[0]));') | LineLLMMutation(('core/Solver.cc', 35), '-            if (value(blocker) == l_True){\n+            if (__builtin_expect(value(blocker) == l_True, 1)){')"
2025-03-14 00:28:10,039	[INFO]	Step: 56
2025-03-14 00:28:10,039	[INFO]	Stop Steps: 100
2025-03-14 00:28:17,337	[INFO]	2-17    TEST_CODE_ERROR       None (--) [2 edit(s)]  
2025-03-14 00:28:17,338	[DEBUG]	patch(2-17)="LineLLMCrossover(('core/Solver.cc', 7), "-    while (qhead < trail.size()){\n-        Lit            p   = trail[qhead++];     // 'p' is enqueued fact to propagate.\n+    for(; qhead < trail.size(); qhead++){\n+        Lit            p   = trail[qhead];") | LineLLMMutation(('core/Solver.cc', 36), '- CRef Solver::propagate()\n- {\n-     CRef    confl     = CRef_Undef;\n-     int     num_props = 0;\n-     watches.cleanAll();\n-\n-     for(; qhead < trail.size(); qhead++){\n-         Lit            p   = trail[qhead];\n-         vec<Watcher>&  ws  = watches[p];\n-         Watcher        *i, *j, *end;\n-         num_props++;\n-\n-         for (i = j = (Watcher*)ws, end = i + ws.size();  i != end;){\n-             // Try to avoid inspecting the clause:\n-             Lit blocker = i->blocker;\n-             if (value(blocker) == l_True){\n-                 *j++ = *i++; continue; }\n-\n-             // Make sure the false literal is data[1]:\n-             CRef     cr        = i->cref;\n-             Clause&  c         = ca[cr];\n-             Lit      false_lit = ~p;\n-             if (c[0] == false_lit)\n-                 c[0] = c[1], c[1] = false_lit;\n-             assert(c[1] == false_lit);\n-             i++;\n-\n-             // If 0th watch is true, then clause is already satisfied.\n-             Lit     first = c[0];\n-             Watcher w     = Watcher(cr, first);\n-             if (first != blocker && value(first) == l_True){\n-                 *j++ = w; continue; }\n-\n-             // Look for new watch:\n-             for (int k = 2; k < c.size(); k++)\n-                 if (value(c[k]) != l_False){\n-                     c[1] = c[k]; c[k] = false_lit;\n-                     watches[~c[1]].push(w);\n-                     goto NextClause; }\n-\n-             // Did not find watch -- clause is unit under assignment:\n-             *j++ = w;\n-             if (value(first) == l_False){\n-                 confl = cr;\n-                 qhead = trail.size();\n-                 // Copy the remaining watches:\n-                 while (i < end)\n-                     *j++ = *i++;\n-             }else\n-                 uncheckedEnqueue(first, cr);\n-\n-         NextClause:;\n-         }\n-         ws.shrink(i - j);\n-     }\n-     propagations += num_props;\n-     simpDB_props -= num_props;\n-\n-     return confl;\n- }\n+ CRef Solver::propagate()\n+ {\n+     CRef confl = CRef_Undef;\n+     int num_props = 0;\n+     watches.cleanAll();\n+     for(; qhead < trail.size(); qhead++){\n+         Lit p = trail[qhead];\n+         vec<Watcher>& ws = watches[p];\n+         Watcher *i, *j, *end;\n+         num_props++;\n+         for(i = j = (Watcher*)ws, end = i + ws.size(); i != end; ){\n+             Lit blocker = i->blocker;\n+             if (__builtin_expect(value(blocker) == l_True, 0)) {\n+                 *j++ = *i++;\n+                 continue;\n+             }\n+             CRef cr = i->cref;\n+             Clause& c = ca[cr];\n+             Lit false_lit = ~p;\n+             if (c[0] == false_lit) {\n+                 c[0] = c[1];\n+                 c[1] = false_lit;\n+             }\n+             assert(c[1] == false_lit);\n+             i++;\n+             Lit first = c[0];\n+             Watcher w(cr, first);\n+             if (first != blocker && __builtin_expect(value(first) == l_True, 0)) {\n+                 *j++ = w;\n+                 continue;\n+             }\n+             bool found = false;\n+             for (int k = 2; k < c.size(); k++){\n+                 lbool val = value(c[k]);\n+                 if (val != l_False){\n+                     c[1] = c[k];\n+                     c[k] = false_lit;\n+                     watches[~c[1]].push(w);\n+                     found = true;\n+                     break;\n+                 }\n+             }\n+             if (found) {\n+                 *j++ = w;\n+                 continue;\n+             }\n+             *j++ = w;\n+             if (__builtin_expect(value(first) == l_False, 0)) {\n+                 confl = cr;\n+                 qhead = trail.size();\n+                 while (i < end)\n+                     *j++ = *i++;\n+             } else {\n+                 uncheckedEnqueue(first, cr);\n+             }\n+         }\n+         ws.shrink(i - j);\n+     }\n+     propagations += num_props;\n+     simpDB_props -= num_props;\n+     return confl;\n+ }')"
2025-03-14 00:28:17,338	[INFO]	Step: 57
2025-03-14 00:28:17,338	[INFO]	Stop Steps: 100
2025-03-14 00:28:31,090	[DEBUG]	EXEC>  SUCCESS 0.67311715
2025-03-14 00:28:35,786	[INFO]	2-18    SUCCESS              +0.67 (97.18%) [2 edit(s)]  
2025-03-14 00:28:35,786	[DEBUG]	patch(2-18)="LineLLMCrossover(('core/Solver.cc', 5), '--- Header update:\n-#include "mtl/Sort.h"\n+//#include "mtl/Sort.h"\n+#include <algorithm>\n--- Printing block update:\n-                if (verbosity >= 1)\n-                            (int)dec_vars - (trail_lim.size() == 0 ? trail.size() : trail_lim[0]), nClauses(), (int)clauses_literals,\n+                if (verbosity >= 1) {\n+                    int current_dec_vars = dec_vars - (trail_lim.size() == 0 ? trail.size() : trail_lim[0]);\n+                            current_dec_vars, nClauses(), (int)clauses_literals,\n+                }') | LineLLMMutation(('core/Solver.cc', 37), '-         for (i = j = (Watcher*)ws, end = i + ws.size();  i != end;){\n-             Lit blocker = i->blocker;\n-             if (value(blocker) == l_True){\n-                 *j++ = *i++;\n-                 continue; }\n-\n-             CRef     cr        = i->cref;\n-             Clause&  c         = ca[cr];\n-             Lit      false_lit = ~p;\n-             if (c[0] == false_lit)\n-                 c[0] = c[1], c[1] = false_lit;\n-             assert(c[1] == false_lit);\n-             i++;\n-\n-             Lit     first = c[0];\n-             Watcher w     = Watcher(cr, first);\n-             if (first != blocker && value(first) == l_True){\n-                 *j++ = w;\n-                 continue; }\n-\n-             for (int k = 2; k < c.size(); k++)\n-                 if (value(c[k]) != l_False){\n-                     c[1] = c[k]; c[k] = false_lit;\n-                     watches[~c[1]].push(w);\n-                     goto NextClause; }\n-\n-             *j++ = w;\n-             if (value(first) == l_False){\n-                 confl = cr;\n-                 qhead = trail.size();\n-                 while (i < end)\n-                     *j++ = *i++;\n-             }else\n-                 uncheckedEnqueue(first, cr);\n-\n-         NextClause:;\n-         }\n+         for (i = j = (Watcher*)ws, end = i + ws.size(); i != end; ) {\n+             Lit blocker = i->blocker;\n+             lbool blockerVal = value(blocker);\n+             if (blockerVal == l_True) {\n+                 *j++ = *i++;\n+                 continue;\n+             }\n+             CRef cr = i->cref;\n+             Clause& c = ca[cr];\n+             Lit false_lit = ~p;\n+             if (c[0] == false_lit) {\n+                 c[0] = c[1];\n+                 c[1] = false_lit;\n+             }\n+             assert(c[1] == false_lit);\n+             i++;\n+             Lit first = c[0];\n+             Watcher w(cr, first);\n+             lbool firstVal = value(first);\n+             if (first != blocker && firstVal == l_True) {\n+                 *j++ = w;\n+                 continue;\n+             }\n+             bool found = false;\n+             for (int k = 2; k < c.size(); k++) {\n+                 if (value(c[k]) != l_False) {\n+                     c[1] = c[k];\n+                     c[k] = false_lit;\n+                     watches[~c[1]].push(w);\n+                     found = true;\n+                     break;\n+                 }\n+             }\n+             if (found) {\n+                 continue;\n+             }\n+             *j++ = w;\n+             if (firstVal == l_False) {\n+                 confl = cr;\n+                 qhead = trail.size();\n+                 while (i < end)\n+                     *j++ = *i++;\n+             } else {\n+                 uncheckedEnqueue(first, cr);\n+             }\n+         }')"
2025-03-14 00:28:35,786	[INFO]	Step: 58
2025-03-14 00:28:35,786	[INFO]	Stop Steps: 100
2025-03-14 00:28:41,853	[INFO]	2-19    TEST_CODE_ERROR       None (--) [3 edit(s)]  
2025-03-14 00:28:41,853	[DEBUG]	patch(2-19)="LineLLMMutation(('core/Solver.cc', 13), '-    model.clear();\n-    conflict.clear();\n-    if (!ok) return l_False;\n+    if (!ok) return l_False;\n+    model.clear();\n+    conflict.clear();') | LineLLMMutation(('core/Solver.cc', 30), '-            Lit     first = c[0];\n-            Watcher w     = Watcher(cr, first);\n-            if (first != blocker && value(first) == l_True){\n+            Lit     first = c[0]; lbool first_val = value(first);\n+            Watcher w     = Watcher(cr, first);\n+            if (first != blocker && first_val == l_True){') | LineLLMMutation(('core/Solver.cc', 38), "-\twhile (qhead < trail.size()){\n-\t    Lit            p   = trail[qhead++];     // 'p' is enqueued fact to propagate.\n-\t    vec<Watcher>&  ws  = watches[p];\n-\t    Watcher        *i, *j, *end;\n-\t    num_props++;\n-\n-\t    for (i = j = (Watcher*)ws, end = i + ws.size();  i != end;){\n-\t        // Try to avoid inspecting the clause:\n-\t        Lit blocker = i->blocker;\n-\t        if (value(blocker) == l_True){\n-\t            *j++ = *i++; continue; }\n-\n-\t        // Make sure the false literal is data[1]:\n-\t        CRef     cr        = i->cref;\n-\t        Clause&  c         = ca[cr];\n-\t        Lit      false_lit = ~p;\n-\t        if (c[0] == false_lit)\n-\t            c[0] = c[1], c[1] = false_lit;\n-\t        assert(c[1] == false_lit);\n-\t        i++;\n-\n-\t        // If 0th watch is true, then clause is already satisfied.\n-\t        Lit     first = c[0]; lbool first_val = value(first);\n-\t        Watcher w     = Watcher(cr, first);\n-\t        if (first != blocker && first_val == l_True){\n-\t            *j++ = w; continue; }\n-\n-\t        // Look for new watch:\n-\t        for (int k = 2; k < c.size(); k++)\n-\t            if (value(c[k]) != l_False){\n-\t                c[1] = c[k]; c[k] = false_lit;\n-\t                watches[~c[1]].push(w);\n-\t                goto NextClause; }\n-\n-\t        // Did not find watch -- clause is unit under assignment:\n-\t        *j++ = w;\n-\t        if (value(first) == l_False){\n-\t            confl = cr;\n-\t            qhead = trail.size();\n-\t            // Copy the remaining watches:\n-\t            while (i < end)\n-\t                *j++ = *i++;\n-\t        }else\n-\t            uncheckedEnqueue(first, cr);\n-\n-\t    NextClause:;\n-\t    }\n-\t    ws.shrink(i - j);\n-\t}\n+\twhile (qhead < trail.size()){\n+\t    Lit p = trail[qhead++];\n+\t    vec<Watcher>& ws = watches[p];\n+\t    int ws_size = ws.size();\n+\t    int new_index = 0;\n+\t    num_props++;\n+\t    for (int k = 0; k < ws_size; k++){\n+\t        Watcher curr = ws[k];\n+\t        Lit blocker = curr.blocker;\n+\t        if (value(blocker) == l_True){\n+\t            ws[new_index++] = curr;\n+\t            continue;\n+\t        }\n+\t        CRef cr = curr.cref;\n+\t        Clause& c = ca[cr];\n+\t        Lit false_lit = ~p;\n+\t        if (c[0] == false_lit){\n+\t            Lit tmp = c[0];\n+\t            c[0] = c[1];\n+\t            c[1] = false_lit;\n+\t        }\n+\t        Lit first = c[0];\n+\t        lbool first_val = value(first);\n+\t        Watcher newWatch(cr, first);\n+\t        if (first != blocker && first_val == l_True){\n+\t            ws[new_index++] = newWatch;\n+\t            continue;\n+\t        }\n+\t        bool found = false;\n+\t        for (int m = 2; m < c.size(); m++){\n+\t            if (value(c[m]) != l_False){\n+\t                c[1] = c[m];\n+\t                c[m] = false_lit;\n+\t                watches[~c[1]].push(newWatch);\n+\t                found = true;\n+\t                break;\n+\t            }\n+\t        }\n+\t        if (found)\n+\t            continue;\n+\t        ws[new_index++] = newWatch;\n+\t        if (value(first) == l_False){\n+\t            confl = cr;\n+\t            qhead = trail.size();\n+\t            for (int m = k+1; m < ws_size; m++){\n+\t                ws[new_index++] = ws[m];\n+\t            }\n+\t            break;\n+\t        } else {\n+\t            uncheckedEnqueue(first, cr);\n+\t        }\n+\t    }\n+\t    ws.shrink(new_index);\n+\t}")"
2025-03-14 00:28:41,853	[INFO]	Step: 59
2025-03-14 00:28:41,853	[INFO]	Stop Steps: 100
2025-03-14 00:28:46,599	[INFO]	2-20    COMPILE_CODE_ERROR    None (--) [2 edit(s)]  
2025-03-14 00:28:46,599	[DEBUG]	patch(2-20)="LineLLMCrossover(('core/Solver.cc', 3), '-                if (verbosity >= 1)\n-                            (int)dec_vars - (trail_lim.size() == 0 ? trail.size() : trail_lim[0]), nClauses(), (int)clauses_literals,\n+                if (verbosity >= 1) {\n+                    int current_dec_vars = dec_vars - (trail_lim.size() == 0 ? trail.size() : trail_lim[0]);\n+                            current_dec_vars, nClauses(), (int)clauses_literals,\n+                }') | LineLLMMutation(('core/Solver.cc', 39), '- #include <math.h>\n-\n- #include "mtl/Sort.h"\n+ #include <math.h>\n+ #include <algorithm>\n+ #include "mtl/Sort.h"\n-     sort(learnts, reduceDB_lt(ca));\n+     auto mid = learnts.size() / 2;\n+     double threshold = ca[learnts[mid]].activity();\n+     std::nth_element(learnts.begin(), learnts.begin() + mid, learnts.end(), [this](CRef x, CRef y){ return ca[x].activity() > ca[y].activity(); });\n-         if (c.size() > 2 && !locked(c) && (i < learnts.size() / 2 || c.activity() < extra_lim))\n+         if (c.size() > 2 && !locked(c) && (c.activity() < threshold || c.activity() < (cla_inc / learnts.size())))')"
2025-03-14 00:28:46,599	[INFO]	Step: 60
2025-03-14 00:28:46,599	[INFO]	Stop Steps: 100
2025-03-14 00:28:52,100	[INFO]	2-1     TEST_CODE_ERROR       None (--) [2 edit(s)]  
2025-03-14 00:28:52,100	[DEBUG]	patch(2-1)="LineLLMMutation(('core/Solver.cc', 33), '-        for (i = j = (Watcher*)ws, end = i + ws.size();  i != end){\n-            Lit blocker = i->blocker;\n-            if (value(blocker) == l_True){\n-                *j++ = *i++;\n-                continue;\n-            }\n-\n-            CRef     cr        = i->cref;\n-            Clause&  c         = ca[cr];\n-            Lit      false_lit = ~p;\n-            if (c[0] == false_lit)\n-                c[0] = c[1], c[1] = false_lit;\n-            assert(c[1] == false_lit);\n-            i++;\n-\n-            Lit first = c[0];\n-            Watcher w     = Watcher(cr, first);\n-            if (first != blocker && value(first) == l_True){\n-                *j++ = w;\n-                continue;\n-            }\n-\n-            for (int k = 2; k < c.size(); k++)\n-                if (value(c[k]) != l_False){\n-                    c[1] = c[k];\n-                    c[k] = false_lit;\n-                    watches[~c[1]].push(w);\n-                    goto NextClause;\n-                }\n-\n-            *j++ = w;\n-            if (value(first) == l_False){\n-                confl = cr;\n-                qhead = trail.size();\n-                while (i < end)\n-                    *j++ = *i++;\n-            }\n-            else\n-                uncheckedEnqueue(first, cr);\n-        NextClause:\n-            ;\n-        }\n+        for (i = j = (Watcher*)ws, end = i + ws.size(); i != end; ){\n+            Lit blocker = i->blocker;\n+            lbool val_blocker = value(blocker);\n+            if (val_blocker == l_True){\n+                *j++ = *i++;\n+                continue;\n+            }\n+            CRef cr = i->cref;\n+            Clause& c = ca[cr];\n+            Lit false_lit = ~p;\n+            if (c[0] == false_lit){\n+                c[0] = c[1];\n+                c[1] = false_lit;\n+            }\n+            assert(c[1] == false_lit);\n+            i++;\n+            Lit first = c[0];\n+            lbool val_first = value(first);\n+            Watcher w = Watcher(cr, first);\n+            if (first != blocker && val_first == l_True){\n+                *j++ = w;\n+                continue;\n+            }\n+            bool found = false;\n+            for (int k = 2; k < c.size(); k++){\n+                lbool val_ck = value(c[k]);\n+                if (val_ck != l_False){\n+                    c[1] = c[k];\n+                    c[k] = false_lit;\n+                    watches[~c[1]].push(w);\n+                    found = true;\n+                    break;\n+                }\n+            }\n+            if (found){\n+                *j++ = w;\n+                continue;\n+            }\n+            *j++ = w;\n+            if (value(first) == l_False){\n+                confl = cr;\n+                qhead = trail.size();\n+                while (i < end)\n+                    *j++ = *i++;\n+            }\n+            else{\n+                uncheckedEnqueue(first, cr);\n+            }\n+        }') | LineLLMMutation(('core/Solver.cc', 40), "-CRef Solver::propagate()\n-{\n-    CRef    confl     = CRef_Undef;\n-    int     num_props = 0;\n-    watches.cleanAll();\n-\n-    while (qhead < trail.size()){\n-        Lit            p   = trail[qhead++];     // 'p' is enqueued fact to propagate.\n-        vec<Watcher>&  ws  = watches[p];\n-        Watcher        *i, *j, *end;\n-        num_props++;\n-\n-        for (i = j = (Watcher*)ws, end = i + ws.size();  i != end;){\n-            // Try to avoid inspecting the clause:\n-            Lit blocker = i->blocker;\n-            if (value(blocker) == l_True){\n-                *j++ = *i++; continue; }\n-\n-            // Make sure the false literal is data[1]:\n-            CRef     cr        = i->cref;\n-            Clause&  c         = ca[cr];\n-            Lit      false_lit = ~p;\n-            if (c[0] == false_lit)\n-                c[0] = c[1], c[1] = false_lit;\n-            assert(c[1] == false_lit);\n-            i++;\n-\n-            // If 0th watch is true, then clause is already satisfied.\n-            Lit     first = c[0];\n-            Watcher w     = Watcher(cr, first);\n-            if (first != blocker && value(first) == l_True){\n-                *j++ = w; continue; }\n-\n-            // Look for new watch:\n-            for (int k = 2; k < c.size(); k++)\n-                if (value(c[k]) != l_False){\n-                    c[1] = c[k]; c[k] = false_lit;\n-                    watches[~c[1]].push(w);\n-                    goto NextClause; }\n-\n-            // Did not find watch -- clause is unit under assignment:\n-            *j++ = w;\n-            if (value(first) == l_False){\n-                confl = cr;\n-                qhead = trail.size();\n-                // Copy the remaining watches:\n-                while (i < end)\n-                    *j++ = *i++;\n-            }else\n-                uncheckedEnqueue(first, cr);\n-\n-        NextClause:;\n-        }\n-        ws.shrink(i - j);\n-    }\n-    propagations += num_props;\n-    simpDB_props -= num_props;\n-\n-    return confl;\n-}\n+CRef Solver::propagate()\n+{\n+    CRef confl = CRef_Undef;\n+    int num_props = 0;\n+    watches.cleanAll();\n+\n+    for (int ti = qhead; ti < (int)trail.size(); ti++){\n+        Lit p = trail[ti];\n+        vec<Watcher>& ws = watches[p];\n+        num_props++;\n+        int ws_size = ws.size();\n+        for (int wi = 0; wi < ws_size; wi++){\n+            Watcher w = ws[wi];\n+            if (value(w.blocker) == l_True)\n+                continue;\n+            CRef cr = w.cref;\n+            Clause& c = ca[cr];\n+            Lit false_lit = ~p;\n+            if (c[0] == false_lit){\n+                c[0] = c[1];\n+                c[1] = false_lit;\n+            }\n+            if (c[0] != w.blocker && value(c[0]) == l_True)\n+                continue;\n+            int k;\n+            for (k = 2; k < c.size(); k++){\n+                if (value(c[k]) != l_False){\n+                    c[1] = c[k];\n+                    c[k] = false_lit;\n+                    watches[~c[1]].push(Watcher(cr, c[0]));\n+                    break;\n+                }\n+            }\n+            if (k == c.size()){\n+                if (value(c[0]) == l_False){\n+                    confl = cr;\n+                    ti = trail.size();\n+                    break;\n+                } else {\n+                    uncheckedEnqueue(c[0], cr);\n+                }\n+            }\n+        }\n+    }\n+    qhead = trail.size();\n+    propagations += num_props;\n+    simpDB_props -= num_props;\n+    return confl;\n+}")"
2025-03-14 00:28:52,100	[INFO]	Step: 61
2025-03-14 00:28:52,100	[INFO]	Stop Steps: 100
2025-03-14 00:28:56,437	[INFO]	2-2     COMPILE_CODE_ERROR    None (--) [3 edit(s)]  
2025-03-14 00:28:56,437	[DEBUG]	patch(2-2)="LineLLMMutation(('core/Solver.cc', 3), '-#include "mtl/Sort.h"\n+//#include "mtl/Sort.h"\n+#include <algorithm>\n+#include "mtl/Sort.h"') | LineLLMMutation(('core/Solver.cc', 25), '-        Watcher        *i, *j, *end;\n-        num_props++;\n-\n-        for (i = j = (Watcher*)ws, end = i + ws.size();  i != end;){\n-            // Try to avoid inspecting the clause:\n-            Lit blocker = i->blocker;\n-            if (value(blocker) == l_True){\n-                *j++ = *i++;\n-                continue; }\n-\n-            // Make sure the false literal is data[1]:\n-            CRef     cr        = i->cref;\n-            Clause&  c         = ca[cr];\n-            Lit      false_lit = ~p;\n-            if (c[0] == false_lit)\n-                c[0] = c[1], c[1] = false_lit;\n-            assert(c[1] == false_lit);\n-            i++;\n-\n-            // If 0th watch is true, then clause is already satisfied.\n-            Lit     first = c[0];\n-            Watcher w     = Watcher(cr, first);\n-            if (first != blocker && value(first) == l_True){\n-                *j++ = w; continue; }\n-\n-            // Look for new watch:\n-            for (int k = 2; k < c.size(); k++)\n-                if (value(c[k]) != l_False){\n-                    c[1] = c[k]; c[k] = false_lit;\n-                    watches[~c[1]].push(w);\n-                    goto NextClause; }\n-\n-            // Did not find watch -- clause is unit under assignment:\n-            *j++ = w;\n-            if (value(first) == l_False){\n-                confl = cr;\n-                qhead = trail.size();\n-                // Copy the remaining watches:\n-                while (i < end)\n-                    *j++ = *i++;\n-            }else\n-                uncheckedEnqueue(first, cr);\n-\n-        NextClause:;\n-        }\n-        ws.shrink(i - j);\n+        num_props++;\n+        int newIndex = 0;\n+        for (int wIndex = 0; wIndex < ws.size(); wIndex++){\n+            Watcher currentWatcher = ws[wIndex];\n+            Lit blocker = currentWatcher.blocker;\n+            if (value(blocker) == l_True){\n+                ws[newIndex++] = currentWatcher;\n+                continue;\n+            }\n+            CRef cr = currentWatcher.cref;\n+            Clause& c = ca[cr];\n+            Lit false_lit = ~p;\n+            if (c[0] == false_lit){\n+                std::swap(c[0], c[1]);\n+                c[1] = false_lit;\n+            }\n+            Lit first = c[0];\n+            if (first != blocker && value(first) == l_True){\n+                ws[newIndex++] = Watcher(cr, first);\n+                continue;\n+            }\n+            bool watchFound = false;\n+            for (int k = 2; k < c.size(); k++){\n+                if (value(c[k]) != l_False){\n+                    c[1] = c[k];\n+                    c[k] = false_lit;\n+                    watches[~c[1]].push(Watcher(cr, c[0]));\n+                    watchFound = true;\n+                    break;\n+                }\n+            }\n+            ws[newIndex++] = Watcher(cr, c[0]);\n+            if (watchFound)\n+                continue;\n+            if (value(first) == l_False){\n+                confl = cr;\n+                qhead = trail.size();\n+                for (int r = wIndex + 1; r < ws.size(); r++)\n+                    ws[newIndex++] = ws[r];\n+                break;\n+            } else {\n+                uncheckedEnqueue(first, cr);\n+            }\n+        }\n+        ws.shrink(newIndex);') | LineLLMMutation(('core/Solver.cc', 41), '-    sort(learnts, reduceDB_lt(ca));\n+    std::nth_element(learnts.begin(), learnts.begin() + learnts.size()/2, learnts.end(), reduceDB_lt(ca));')"
2025-03-14 00:28:56,437	[INFO]	Step: 62
2025-03-14 00:28:56,437	[INFO]	Stop Steps: 100
2025-03-14 00:29:11,889	[DEBUG]	EXEC>  SUCCESS 0.6795855999999999
2025-03-14 00:29:15,832	[INFO]	2-3     SUCCESS               0.68 (98.11%) [3 edit(s)]  
2025-03-14 00:29:15,832	[DEBUG]	patch(2-3)="LineLLMMutation(('core/Solver.cc', 12), '-                if (verbosity >= 1)\n-                    printf("| %9d | %7d %8d %8d | %8d %8d %6.0f | %6.3f %% |\\n",\n-                           (int)conflicts,\n-                           (int)dec_vars - (trail_lim.size() == 0 ? trail.size() : trail_lim[0]), nClauses(), (int)clauses_literals,\n-                           (int)max_learnts, nLearnts(), (double)learnts_literals/nLearnts(), progressEstimate()*100);\n+                if (verbosity >= 1) {\n+                    int current_dec_vars = dec_vars - (trail_lim.size() == 0 ? trail.size() : trail_lim[0]);\n+                    printf("| %9d | %7d %8d %8d | %8d %8d %6.0f | %6.3f %% |\\n",\n+                           (int)conflicts,\n+                           current_dec_vars, nClauses(), (int)clauses_literals,\n+                           (int)max_learnts, nLearnts(), (double)learnts_literals/nLearnts(), progressEstimate()*100);\n+                }') | LineLLMMutation(('core/Solver.cc', 27), '-    Watcher        *i, *j, *end;\n-    for (i = j = (Watcher*)ws, end = i + ws.size();  i != end;){\n-        // Try to avoid inspecting the clause:\n-        Lit blocker = i->blocker;\n-        if (value(blocker) == l_True){\n-            *j++ = *i++; continue; }\n-\n-        // Make sure the false literal is data[1]:\n-        CRef     cr        = i->cref;\n-        Clause&  c         = ca[cr];\n-        Lit      false_lit = ~p;\n-        if (c[0] == false_lit)\n-            c[0] = c[1], c[1] = false_lit;\n-        assert(c[1] == false_lit);\n-        i++;\n-\n-        // If 0th watch is true, then clause is already satisfied.\n-        Lit     first = c[0];\n-        Watcher w     = Watcher(cr, first);\n-        if (first != blocker && value(first) == l_True){\n-            *j++ = w; continue; }\n-\n-        // Look for new watch:\n-        for (int k = 2; k < c.size(); k++)\n-            if (value(c[k]) != l_False){\n-                c[1] = c[k]; c[k] = false_lit;\n-                watches[~c[1]].push(w);\n-                goto NextClause; }\n-\n-        // Did not find watch -- clause is unit under assignment:\n-        *j++ = w;\n-        if (value(first) == l_False){\n-            confl = cr;\n-            qhead = trail.size();\n-            // Copy the remaining watches:\n-            while (i < end)\n-                *j++ = *i++;\n-        }else\n-            uncheckedEnqueue(first, cr);\n-\n-    NextClause:;\n-    }\n-    ws.shrink(i - j);\n+    int write_idx = 0;\n+    int ws_size = ws.size();\n+    for (int idx = 0; idx < ws_size; idx++){\n+        Watcher current = ws[idx];\n+        Lit blocker = current.blocker;\n+        if (value(blocker) == l_True){\n+            ws[write_idx++] = current;\n+            continue;\n+        }\n+        CRef cr = current.cref;\n+        Clause& c = ca[cr];\n+        Lit false_lit = ~p;\n+        if (c[0] == false_lit) {\n+            c[0] = c[1]; c[1] = false_lit;\n+        }\n+        assert(c[1] == false_lit);\n+        Lit first = c[0];\n+        Watcher w = Watcher(cr, first);\n+        if (first != blocker && value(first) == l_True){\n+            ws[write_idx++] = w;\n+            continue;\n+        }\n+        bool found_watch = false;\n+        for (int k = 2; k < c.size(); k++){\n+            if (value(c[k]) != l_False){\n+                c[1] = c[k]; c[k] = false_lit;\n+                watches[~c[1]].push(w);\n+                found_watch = true;\n+                break;\n+            }\n+        }\n+        if (found_watch)\n+            continue;\n+        ws[write_idx++] = w;\n+        if (value(first) == l_False){\n+            confl = cr;\n+            qhead = trail.size();\n+            for (int j = idx+1; j < ws_size; j++){\n+                ws[write_idx++] = ws[j];\n+            }\n+            break;\n+        } else {\n+            uncheckedEnqueue(first, cr);\n+        }\n+    }\n+    ws.shrink(write_idx);') | LineLLMMutation(('core/Solver.cc', 42), '-            Lit     first = c[0];\n-            Watcher w     = Watcher(cr, first);\n-            if (first != blocker && value(first) == l_True){\n-                *j++ = w; continue; }\n+            Lit     first = c[0];\n+            lbool first_val = value(first);\n+            Watcher w     = Watcher(cr, first);\n+            if (first != blocker && first_val == l_True){\n+                *j++ = w; continue; }\n-            // Look for new watch:\n-            for (int k = 2; k < c.size(); k++)\n-                if (value(c[k]) != l_False){\n-                    c[1] = c[k]; c[k] = false_lit;\n-                    watches[~c[1]].push(w);\n-                    goto NextClause; }\n+            // Look for new watch:\n+            {\n+                int sz = c.size();\n+                for (int k = 2; k < sz; ++k) {\n+                    lbool lit_val = value(c[k]);\n+                    if (lit_val != l_False) {\n+                        c[1] = c[k];\n+                        c[k] = false_lit;\n+                        watches[~c[1]].push(w);\n+                        goto NextClause;\n+                    }\n+                }\n+            }')"
2025-03-14 00:29:15,832	[INFO]	Step: 63
2025-03-14 00:29:15,833	[INFO]	Stop Steps: 100
2025-03-14 00:29:19,379	[INFO]	2-4     COMPILE_CODE_ERROR    None (--) [2 edit(s)]  
2025-03-14 00:29:19,379	[DEBUG]	patch(2-4)="LineLLMCrossover(('core/Solver.cc', 6), '-         watches.smudge(~c[0]);\n-         watches.smudge(~c[1]);\n+         for (int i = 0; i < 2; i++) { watches.smudge(~c[i]); }') | LineLLMMutation(('core/Solver.cc', 43), '-            Lit     first = c[0];\n-            Watcher w     = Watcher(cr, first);\n-            if (first != blocker && value(first) == l_True){\n-                *j++ = w; continue; }\n+            Lit     first = c[0];\n+            int val_first = value(first);\n+            Watcher w     = Watcher(cr, first);\n+            if (first != blocker && val_first == l_True){\n+                *j++ = w; continue; }\n-            for (int k = 2; k < c.size(); k++)\n-                if (value(c[k]) != l_False){\n-                    c[1] = c[k]; c[k] = false_lit;\n-                    watches[~c[1]].push(w);\n-                    goto NextClause; }\n+            int cs = c.size();\n+            for (int k = 2; k < cs; k++){\n+                if (value(c[k]) != l_False){\n+                    c[1] = c[k];\n+                    c[k] = false_lit;\n+                    watches[~c[1]].push(w);\n+                    goto NextClause;\n+                }\n+            }\n-            if (value(first) == l_False){\n+            if (val_first == l_False){')"
2025-03-14 00:29:19,379	[INFO]	Step: 64
2025-03-14 00:29:19,379	[INFO]	Stop Steps: 100
2025-03-14 00:29:33,369	[DEBUG]	EXEC>  SUCCESS 0.68551155
2025-03-14 00:29:38,190	[INFO]	2-5     SUCCESS               0.69 (98.96%) [2 edit(s)]  
2025-03-14 00:29:38,190	[DEBUG]	patch(2-5)="LineLLMMutation(('core/Solver.cc', 8), '-    if (strict){\n-        remove(watches[~c[0]], Watcher(cr, c[1]));\n-        remove(watches[~c[1]], Watcher(cr, c[0]));\n-    }else{\n-        watches.smudge(~c[0]);\n-        watches.smudge(~c[1]);\n-    }\n+    Lit neg0 = ~c[0], neg1 = ~c[1];\n+    if (strict){\n+        remove(watches[neg0], Watcher(cr, c[1]));\n+        remove(watches[neg1], Watcher(cr, c[0]));\n+    } else {\n+        watches.smudge(neg0);\n+        watches.smudge(neg1);\n+    }') | LineLLMMutation(('core/Solver.cc', 44), '-        Watcher        *i, *j, *end;\n-        num_props++;\n-        for (i = j = (Watcher*)ws, end = i + ws.size();  i != end;){\n-            // Try to avoid inspecting the clause:\n-            Lit blocker = i->blocker;\n-            if (value(blocker) == l_True){\n-                *j++ = *i++; continue; }\n-\n-            // Make sure the false literal is data[1]:\n-            CRef     cr        = i->cref;\n-            Clause&  c         = ca[cr];\n-            Lit      false_lit = ~p;\n-            if (c[0] == false_lit)\n-                c[0] = c[1], c[1] = false_lit;\n-            assert(c[1] == false_lit);\n-            i++;\n-\n-            // If 0th watch is true, then clause is already satisfied.\n-            Lit     first = c[0];\n-            Watcher w     = Watcher(cr, first);\n-            if (first != blocker && value(first) == l_True){\n-                *j++ = w; continue; }\n-\n-            // Look for new watch:\n-            for (int k = 2; k < c.size(); k++)\n-                if (value(c[k]) != l_False){\n-                    c[1] = c[k]; c[k] = false_lit;\n-                    watches[~c[1]].push(w);\n-                    goto NextClause; }\n-\n-            // Did not find watch -- clause is unit under assignment:\n-            *j++ = w;\n-            if (value(first) == l_False){\n-                confl = cr;\n-                qhead = trail.size();\n-                // Copy the remaining watches:\n-                while (i < end)\n-                    *j++ = *i++;\n-            }else\n-                uncheckedEnqueue(first, cr);\n-\n-        NextClause:;\n-        }\n-        ws.shrink(i - j);\n+        num_props++;\n+        int wIdx = 0;\n+        for (int idx = 0; idx < ws.size(); idx++) {\n+            Watcher current = ws[idx];\n+            if (value(current.blocker) == l_True) {\n+                ws[wIdx++] = current;\n+                continue;\n+            }\n+            CRef cr = current.cref;\n+            Clause& c = ca[cr];\n+            Lit false_lit = ~p;\n+            if (c[0] == false_lit) {\n+                c[0] = c[1];\n+                c[1] = false_lit;\n+            }\n+            Lit first = c[0];\n+            Watcher w(cr, first);\n+            if (first != current.blocker && value(first) == l_True) {\n+                ws[wIdx++] = w;\n+                continue;\n+            }\n+            bool found = false;\n+            for (int k = 2; k < c.size(); k++) {\n+                if (value(c[k]) != l_False) {\n+                    c[1] = c[k];\n+                    c[k] = false_lit;\n+                    watches[~c[1]].push(w);\n+                    ws[wIdx++] = w;\n+                    found = true;\n+                    break;\n+                }\n+            }\n+            if (!found) {\n+                ws[wIdx++] = w;\n+                if (value(first) == l_False) {\n+                    confl = cr;\n+                    qhead = trail.size();\n+                    for (int m = idx + 1; m < ws.size(); m++) {\n+                        ws[wIdx++] = ws[m];\n+                    }\n+                    break;\n+                } else {\n+                    uncheckedEnqueue(first, cr);\n+                }\n+            }\n+        }\n+        ws.shrink(ws.size() - wIdx);')"
2025-03-14 00:29:38,190	[INFO]	Step: 65
2025-03-14 00:29:38,190	[INFO]	Stop Steps: 100
2025-03-14 00:29:42,749	[INFO]	2-6     COMPILE_CODE_ERROR    None (--) [2 edit(s)]  
2025-03-14 00:29:42,749	[DEBUG]	patch(2-6)="LineLLMCrossover(('core/Solver.cc', 2), '+    double p = 1.0;\n-        int beg = i == 0 ? 0 : trail_lim[i - 1];\n-        int end = i == decisionLevel() ? trail.size() : trail_lim[i];\n-        progress += pow(F, i) * (end - beg);\n+        int beg = (i == 0) ? 0 : trail_lim[i - 1];\n+        int end = (i == decisionLevel()) ? trail.size() : trail_lim[i];\n+        progress += p * (end - beg);\n+        p *= F;') | LineLLMMutation(('core/Solver.cc', 45), "-CRef Solver::propagate()\n-{\n-    CRef    confl     = CRef_Undef;\n-    int     num_props = 0;\n-    watches.cleanAll();\n-\n-    while (qhead < trail.size()){\n-        Lit            p   = trail[qhead++];     // 'p' is enqueued fact to propagate.\n-        vec<Watcher>&  ws  = watches[p];\n-        Watcher        *i, *j, *end;\n-        num_props++;\n-\n-        for (i = j = (Watcher*)ws, end = i + ws.size();  i != end;){\n-            // Try to avoid inspecting the clause:\n-            Lit blocker = i->blocker;\n-            if (value(blocker) == l_True){\n-                *j++ = *i++; continue; }\n-\n-            // Make sure the false literal is data[1]:\n-            CRef     cr        = i->cref;\n-            Clause&  c         = ca[cr];\n-            Lit      false_lit = ~p;\n-            if (c[0] == false_lit)\n-                c[0] = c[1], c[1] = false_lit;\n-            assert(c[1] == false_lit);\n-            i++;\n-\n-            // If 0th watch is true, then clause is already satisfied.\n-            Lit     first = c[0];\n-            Watcher w     = Watcher(cr, first);\n-            if (first != blocker && value(first) == l_True){\n-                *j++ = w; continue; }\n-\n-            // Look for new watch:\n-            for (int k = 2; k < c.size(); k++)\n-                if (value(c[k]) != l_False){\n-                    c[1] = c[k]; c[k] = false_lit;\n-                    watches[~c[1]].push(w);\n-                    goto NextClause; }\n-\n-            // Did not find watch -- clause is unit under assignment:\n-            *j++ = w;\n-            if (value(first) == l_False){\n-                confl = cr;\n-                qhead = trail.size();\n-                // Copy the remaining watches:\n-                while (i < end)\n-                    *j++ = *i++;\n-            }else\n-                uncheckedEnqueue(first, cr);\n-\n-        NextClause:;\n-        }\n-        ws.shrink(i - j);\n-    }\n-    propagations += num_props;\n-    simpDB_props -= num_props;\n-\n-    return confl;\n-}\n+CRef Solver::propagate()\n+{\n+    CRef confl = CRef_Undef;\n+    int num_props = 0;\n+    watches.cleanAll();\n+\n+    while (qhead < trail.size()){\n+        Lit p = trail[qhead++];\n+        vec<Watcher>& ws = watches[p];\n+        vec<Watcher> new_ws;\n+        new_ws.capacity(ws.size());\n+        for (int i = 0; i < ws.size(); i++){\n+            Watcher w = ws[i];\n+            if (value(w.blocker) == l_True){\n+                new_ws.push(w);\n+                continue;\n+            }\n+            CRef cr = w.cref;\n+            Clause& c = ca[cr];\n+            Lit false_lit = ~p;\n+            if (c[0] == false_lit){\n+                Lit temp = c[0];\n+                c[0] = c[1];\n+                c[1] = temp;\n+            }\n+            Lit first = c[0];\n+            if (first != w.blocker && value(first) == l_True){\n+                new_ws.push(Watcher(cr, first));\n+                continue;\n+            }\n+            bool found_watch = false;\n+            for (int k = 2; k < c.size(); k++){\n+                if (value(c[k]) != l_False){\n+                    c[1] = c[k];\n+                    c[k] = false_lit;\n+                    watches[~c[1]].push(Watcher(cr, c[0]));\n+                    found_watch = true;\n+                    break;\n+                }\n+            }\n+            if (!found_watch){\n+                new_ws.push(Watcher(cr, c[0]));\n+                if (value(first) == l_False){\n+                    confl = cr;\n+                    for (int j = i+1; j < ws.size(); j++)\n+                        new_ws.push(ws[j]);\n+                    break;\n+                }\n+                else\n+                    uncheckedEnqueue(first, cr);\n+            }\n+        }\n+        ws.moveFrom(new_ws);\n+        num_props++;\n+        if (confl != CRef_Undef)\n+            break;\n+    }\n+    propagations += num_props;\n+    simpDB_props -= num_props;\n+    return confl;\n+}")"
2025-03-14 00:29:42,749	[INFO]	Step: 66
2025-03-14 00:29:42,749	[INFO]	Stop Steps: 100
2025-03-14 00:29:58,524	[DEBUG]	EXEC>  SUCCESS 0.6954942
2025-03-14 00:30:02,732	[INFO]	2-7     SUCCESS               0.70 (100.41%) [1 edit(s)]  
2025-03-14 00:30:02,732	[DEBUG]	patch(2-7)="LineLLMMutation(('core/Solver.cc', 46), '-            Lit blocker = i->blocker;\n-            if (value(blocker) == l_True){\n-                *j++ = *i++; continue; }\n+            Lit blocker = i->blocker;\n+            lbool val_blocker = value(blocker);\n+            if (val_blocker == l_True){\n+                *j++ = *i++;\n+                continue;\n+            }\n-            for (int k = 2; k < c.size(); k++)\n-                if (value(c[k]) != l_False){\n-                    c[1] = c[k]; c[k] = false_lit;\n-                    watches[~c[1]].push(w);\n-                    goto NextClause; }\n+            for (int k = 2, sz = c.size(); k < sz; k++){\n+                lbool val = value(c[k]);\n+                if (val != l_False){\n+                    c[1] = c[k];\n+                    c[k] = false_lit;\n+                    watches[~c[1]].push(w);\n+                    goto NextClause;\n+                }\n+            }')"
2025-03-14 00:30:02,732	[INFO]	Step: 67
2025-03-14 00:30:02,732	[INFO]	Stop Steps: 100
2025-03-14 00:35:39,231	[INFO]	Step: 67
2025-03-14 00:35:39,231	[INFO]	Stop Steps: 100
2025-03-14 00:35:52,964	[DEBUG]	EXEC>  SUCCESS 0.6729201
2025-03-14 00:35:56,257	[INFO]	3-8     SUCCESS              +0.67 (97.15%) [2 edit(s)]  
2025-03-14 00:35:56,257	[DEBUG]	patch(3-8)="LineLLMCrossover(('core/Solver.cc', 5), '--- Header update:\n-#include "mtl/Sort.h"\n+//#include "mtl/Sort.h"\n+#include <algorithm>\n--- Printing block update:\n-                if (verbosity >= 1)\n-                            (int)dec_vars - (trail_lim.size() == 0 ? trail.size() : trail_lim[0]), nClauses(), (int)clauses_literals,\n+                if (verbosity >= 1) {\n+                    int current_dec_vars = dec_vars - (trail_lim.size() == 0 ? trail.size() : trail_lim[0]);\n+                            current_dec_vars, nClauses(), (int)clauses_literals,\n+                }') | LineLLMMutation(('core/Solver.cc', 37), '-         for (i = j = (Watcher*)ws, end = i + ws.size();  i != end;){\n-             Lit blocker = i->blocker;\n-             if (value(blocker) == l_True){\n-                 *j++ = *i++;\n-                 continue; }\n-\n-             CRef     cr        = i->cref;\n-             Clause&  c         = ca[cr];\n-             Lit      false_lit = ~p;\n-             if (c[0] == false_lit)\n-                 c[0] = c[1], c[1] = false_lit;\n-             assert(c[1] == false_lit);\n-             i++;\n-\n-             Lit     first = c[0];\n-             Watcher w     = Watcher(cr, first);\n-             if (first != blocker && value(first) == l_True){\n-                 *j++ = w;\n-                 continue; }\n-\n-             for (int k = 2; k < c.size(); k++)\n-                 if (value(c[k]) != l_False){\n-                     c[1] = c[k]; c[k] = false_lit;\n-                     watches[~c[1]].push(w);\n-                     goto NextClause; }\n-\n-             *j++ = w;\n-             if (value(first) == l_False){\n-                 confl = cr;\n-                 qhead = trail.size();\n-                 while (i < end)\n-                     *j++ = *i++;\n-             }else\n-                 uncheckedEnqueue(first, cr);\n-\n-         NextClause:;\n-         }\n+         for (i = j = (Watcher*)ws, end = i + ws.size(); i != end; ) {\n+             Lit blocker = i->blocker;\n+             lbool blockerVal = value(blocker);\n+             if (blockerVal == l_True) {\n+                 *j++ = *i++;\n+                 continue;\n+             }\n+             CRef cr = i->cref;\n+             Clause& c = ca[cr];\n+             Lit false_lit = ~p;\n+             if (c[0] == false_lit) {\n+                 c[0] = c[1];\n+                 c[1] = false_lit;\n+             }\n+             assert(c[1] == false_lit);\n+             i++;\n+             Lit first = c[0];\n+             Watcher w(cr, first);\n+             lbool firstVal = value(first);\n+             if (first != blocker && firstVal == l_True) {\n+                 *j++ = w;\n+                 continue;\n+             }\n+             bool found = false;\n+             for (int k = 2; k < c.size(); k++) {\n+                 if (value(c[k]) != l_False) {\n+                     c[1] = c[k];\n+                     c[k] = false_lit;\n+                     watches[~c[1]].push(w);\n+                     found = true;\n+                     break;\n+                 }\n+             }\n+             if (found) {\n+                 continue;\n+             }\n+             *j++ = w;\n+             if (firstVal == l_False) {\n+                 confl = cr;\n+                 qhead = trail.size();\n+                 while (i < end)\n+                     *j++ = *i++;\n+             } else {\n+                 uncheckedEnqueue(first, cr);\n+             }\n+         }')"
2025-03-14 00:35:56,257	[INFO]	Step: 68
2025-03-14 00:35:56,257	[INFO]	Stop Steps: 100
2025-03-14 00:36:11,567	[DEBUG]	EXEC>  SUCCESS 0.6729155
2025-03-14 00:36:20,686	[INFO]	3-9     SUCCESS              +0.67 (97.15%) [1 edit(s)]  
2025-03-14 00:36:20,686	[DEBUG]	patch(3-9)="LineLLMCrossover(('core/Solver.cc', 8), '- watches[~c[0]].push(Watcher(cr, c[1]));\n- watches[~c[1]].push(Watcher(cr, c[0]));\n+ Lit neg0 = ~c[0], neg1 = ~c[1];\n+ watches[neg0].push(Watcher(cr, c[1]));\n+ watches[neg1].push(Watcher(cr, c[0]));')"
2025-03-14 00:36:20,686	[INFO]	Step: 69
2025-03-14 00:36:20,686	[INFO]	Stop Steps: 100
2025-03-14 00:36:36,191	[DEBUG]	EXEC>  SUCCESS 0.6819646
2025-03-14 00:36:47,876	[INFO]	3-10    SUCCESS               0.68 (98.45%) [1 edit(s)]  
2025-03-14 00:36:47,876	[DEBUG]	patch(3-10)="LineLLMCrossover(('core/Solver.cc', 16), '-     watches[~c[0]].push(Watcher(cr, c[1]));\n-     watches[~c[1]].push(Watcher(cr, c[0]));\n+     Lit neg0 = ~c[0], neg1 = ~c[1];\n+     watches[neg0].push(Watcher(cr, c[1]));\n+     watches[neg1].push(Watcher(cr, c[0]));')"
2025-03-14 00:36:47,877	[INFO]	Step: 70
2025-03-14 00:36:47,877	[INFO]	Stop Steps: 100
2025-03-14 00:37:03,521	[DEBUG]	EXEC>  SUCCESS 0.6889198999999999
2025-03-14 00:37:14,811	[INFO]	3-11    SUCCESS               0.69 (99.46%) [1 edit(s)]  
2025-03-14 00:37:14,811	[DEBUG]	patch(3-11)="LineLLMCrossover(('core/Solver.cc', 17), '-     if (drand(random_seed) < random_var_freq && !order_heap.empty()){\n+     double rand_val = drand(random_seed);\n+     if (rand_val < random_var_freq && !order_heap.empty()){')"
2025-03-14 00:37:14,811	[INFO]	Step: 71
2025-03-14 00:37:14,811	[INFO]	Stop Steps: 100
2025-03-14 00:37:30,478	[DEBUG]	EXEC>  SUCCESS 0.6901704000000001
2025-03-14 00:37:40,102	[INFO]	3-12    SUCCESS               0.69 (99.64%) [1 edit(s)]  
2025-03-14 00:37:40,102	[DEBUG]	patch(3-12)="LineLLMCrossover(('core/Solver.cc', 18), '-             if (first != blocker && value(first) == l_True){\n+             lbool first_val = value(first);\n+             if (first != blocker && first_val == l_True){\n-             for (int k = 2; k < c.size(); k++)\n-                 if (value(c[k]) != l_False){\n-                     c[1] = c[k]; c[k] = false_lit;\n-                     watches[~c[1]].push(w);\n-                     goto NextClause; }\n+             {\n+                 int sz = c.size();\n+                 for (int k = 2; k < sz; ++k) {\n+                     lbool lit_val = value(c[k]);\n+                     if (lit_val != l_False) {\n+                         c[1] = c[k];\n+                         c[k] = false_lit;\n+                         watches[~c[1]].push(w);\n+                         goto NextClause;\n+                     }\n+                 }\n+             }')"
2025-03-14 00:37:40,102	[INFO]	Step: 72
2025-03-14 00:37:40,102	[INFO]	Stop Steps: 100
2025-03-14 00:37:55,676	[DEBUG]	EXEC>  SUCCESS 0.6855644
2025-03-14 00:38:06,420	[INFO]	3-13    SUCCESS               0.69 (98.97%) [1 edit(s)]  
2025-03-14 00:38:06,421	[DEBUG]	patch(3-13)="LineLLMCrossover(('core/Solver.cc', 19), '-                 if (verbosity >= 1)\n-                     printf("| %9d | %7d %8d %8d | %8d %8d %6.0f | %6.3f %% |\\n",\n-                            (int)conflicts,\n-                            (int)dec_vars - (trail_lim.size() == 0 ? trail.size() : trail_lim[0]), nClauses(), (int)clauses_literals,\n-                            (int)max_learnts, nLearnts(), (double)learnts_literals/nLearnts(), progressEstimate()*100);\n+                 if (verbosity >= 1) {\n+                     int current_dec_vars = dec_vars - (trail_lim.size() == 0 ? trail.size() : trail_lim[0]);\n+                     printf("| %9d | %7d %8d %8d | %8d %8d %6.0f | %6.3f %% |\\n",\n+                            (int)conflicts,\n+                            current_dec_vars, nClauses(), (int)clauses_literals,\n+                            (int)max_learnts, nLearnts(), (double)learnts_literals/nLearnts(), progressEstimate()*100);\n+                 }')"
2025-03-14 00:38:06,421	[INFO]	Step: 73
2025-03-14 00:38:06,421	[INFO]	Stop Steps: 100
2025-03-14 00:38:22,227	[DEBUG]	EXEC>  SUCCESS 0.69678975
2025-03-14 00:38:35,188	[INFO]	3-14    SUCCESS               0.70 (100.59%) [1 edit(s)]  
2025-03-14 00:38:35,188	[DEBUG]	patch(3-14)="LineLLMCrossover(('core/Solver.cc', 20), '-     activity .push(rnd_init_act ? drand(random_seed) * 0.00001 : 0);\n+     activity .push(rnd_init_act ? drand(random_seed) : 0);')"
2025-03-14 00:38:35,188	[INFO]	Step: 74
2025-03-14 00:38:35,188	[INFO]	Stop Steps: 100
2025-03-14 00:38:50,588	[DEBUG]	EXEC>  SUCCESS 0.6770376
2025-03-14 00:39:00,101	[INFO]	3-15    SUCCESS               0.68 (97.74%) [1 edit(s)]  
2025-03-14 00:39:00,101	[DEBUG]	patch(3-15)="LineLLMCrossover(('core/Solver.cc', 21), '-             if (phase_saving > 1 || (phase_saving == 1) && c > trail_lim.last())\n-                 polarity[x] = sign(trail[c]);\n+             int lastTrail = trail_lim.last();\n+             if (phase_saving > 1 || (phase_saving == 1) && c > lastTrail)\n+                 polarity[x] = sign(trail[c]);')"
2025-03-14 00:39:00,101	[INFO]	Step: 75
2025-03-14 00:39:00,101	[INFO]	Stop Steps: 100
2025-03-14 00:39:15,988	[DEBUG]	EXEC>  SUCCESS 0.70054655
2025-03-14 00:39:31,379	[INFO]	3-16    SUCCESS               0.70 (101.13%) [1 edit(s)]  
2025-03-14 00:39:31,379	[DEBUG]	patch(3-16)="LineLLMCrossover(('core/Solver.cc', 22), '-     double  extra_lim = cla_inc / learnts.size();    // Remove any clause below this activity\n+     const double extra_lim = cla_inc / learnts.size();    // Remove any clause below this activity')"
2025-03-14 00:39:31,379	[INFO]	Step: 76
2025-03-14 00:39:31,379	[INFO]	Stop Steps: 100
2025-03-14 00:39:47,315	[DEBUG]	EXEC>  SUCCESS 0.7035576
2025-03-14 00:39:57,612	[INFO]	3-17    SUCCESS               0.70 (101.57%) [1 edit(s)]  
2025-03-14 00:39:57,612	[DEBUG]	patch(3-17)="LineLLMCrossover(('core/Solver.cc', 23), '-         for (int i = 0; i < nVars(); i++) model[i] = value(i);\n+         int nv = nVars();\n+         for (int i = 0; i < nv; i++) model[i] = value(i);')"
2025-03-14 00:39:57,612	[INFO]	Step: 77
2025-03-14 00:39:57,612	[INFO]	Stop Steps: 100
2025-03-14 00:40:11,384	[DEBUG]	EXEC>  SUCCESS 0.6746880000000001
2025-03-14 00:40:17,340	[INFO]	3-18    SUCCESS               0.67 (97.40%) [3 edit(s)]  
2025-03-14 00:40:17,340	[DEBUG]	patch(3-18)="LineLLMCrossover(('core/Solver.cc', 5), '--- Header update:\n-#include "mtl/Sort.h"\n+//#include "mtl/Sort.h"\n+#include <algorithm>\n--- Printing block update:\n-                if (verbosity >= 1)\n-                            (int)dec_vars - (trail_lim.size() == 0 ? trail.size() : trail_lim[0]), nClauses(), (int)clauses_literals,\n+                if (verbosity >= 1) {\n+                    int current_dec_vars = dec_vars - (trail_lim.size() == 0 ? trail.size() : trail_lim[0]);\n+                            current_dec_vars, nClauses(), (int)clauses_literals,\n+                }') | LineLLMMutation(('core/Solver.cc', 37), '-         for (i = j = (Watcher*)ws, end = i + ws.size();  i != end;){\n-             Lit blocker = i->blocker;\n-             if (value(blocker) == l_True){\n-                 *j++ = *i++;\n-                 continue; }\n-\n-             CRef     cr        = i->cref;\n-             Clause&  c         = ca[cr];\n-             Lit      false_lit = ~p;\n-             if (c[0] == false_lit)\n-                 c[0] = c[1], c[1] = false_lit;\n-             assert(c[1] == false_lit);\n-             i++;\n-\n-             Lit     first = c[0];\n-             Watcher w     = Watcher(cr, first);\n-             if (first != blocker && value(first) == l_True){\n-                 *j++ = w;\n-                 continue; }\n-\n-             for (int k = 2; k < c.size(); k++)\n-                 if (value(c[k]) != l_False){\n-                     c[1] = c[k]; c[k] = false_lit;\n-                     watches[~c[1]].push(w);\n-                     goto NextClause; }\n-\n-             *j++ = w;\n-             if (value(first) == l_False){\n-                 confl = cr;\n-                 qhead = trail.size();\n-                 while (i < end)\n-                     *j++ = *i++;\n-             }else\n-                 uncheckedEnqueue(first, cr);\n-\n-         NextClause:;\n-         }\n+         for (i = j = (Watcher*)ws, end = i + ws.size(); i != end; ) {\n+             Lit blocker = i->blocker;\n+             lbool blockerVal = value(blocker);\n+             if (blockerVal == l_True) {\n+                 *j++ = *i++;\n+                 continue;\n+             }\n+             CRef cr = i->cref;\n+             Clause& c = ca[cr];\n+             Lit false_lit = ~p;\n+             if (c[0] == false_lit) {\n+                 c[0] = c[1];\n+                 c[1] = false_lit;\n+             }\n+             assert(c[1] == false_lit);\n+             i++;\n+             Lit first = c[0];\n+             Watcher w(cr, first);\n+             lbool firstVal = value(first);\n+             if (first != blocker && firstVal == l_True) {\n+                 *j++ = w;\n+                 continue;\n+             }\n+             bool found = false;\n+             for (int k = 2; k < c.size(); k++) {\n+                 if (value(c[k]) != l_False) {\n+                     c[1] = c[k];\n+                     c[k] = false_lit;\n+                     watches[~c[1]].push(w);\n+                     found = true;\n+                     break;\n+                 }\n+             }\n+             if (found) {\n+                 continue;\n+             }\n+             *j++ = w;\n+             if (firstVal == l_False) {\n+                 confl = cr;\n+                 qhead = trail.size();\n+                 while (i < end)\n+                     *j++ = *i++;\n+             } else {\n+                 uncheckedEnqueue(first, cr);\n+             }\n+         }') | LineLLMMutation(('core/Solver.cc', 47), '-        for (i = j = (Watcher*)ws, end = i + ws.size();  i != end){\n-            Lit blocker = i->blocker;\n-            if (value(blocker) == l_True){\n-                *j++ = *i++;\n-                continue; }\n-            CRef     cr        = i->cref;\n-            Clause&  c         = ca[cr];\n-            Lit      false_lit = ~p;\n-            if (c[0] == false_lit)\n-                c[0] = c[1], c[1] = false_lit;\n-            assert(c[1] == false_lit);\n-            i++;\n-            Lit     first = c[0];\n-            Watcher w     = Watcher(cr, first);\n-            if (first != blocker && value(first) == l_True){\n-                *j++ = w; continue; }\n-            for (int k = 2; k < c.size(); k++)\n-                if (value(c[k]) != l_False){\n-                    c[1] = c[k]; c[k] = false_lit;\n-                    watches[~c[1]].push(w);\n-                    goto NextClause; }\n-            *j++ = w;\n-            if (value(first) == l_False){\n-                confl = cr;\n-                qhead = trail.size();\n-                while (i < end)\n-                    *j++ = *i++;\n-            }else\n-                uncheckedEnqueue(first, cr);\n-        NextClause:;\n-        }\n+        for (i = j = (Watcher*)ws, end = i + ws.size(); i != end; ){\n+            Lit blocker = i->blocker;\n+            auto blocker_val = value(blocker);\n+            if (blocker_val == l_True){\n+                *j++ = *i++;\n+                continue;\n+            }\n+            CRef cr = i->cref;\n+            Clause& c = ca[cr];\n+            Lit false_lit = ~p;\n+            if (c[0] == false_lit){\n+                c[0] = c[1];\n+                c[1] = false_lit;\n+            }\n+            assert(c[1] == false_lit);\n+            i++;\n+            Lit first = c[0];\n+            auto first_val = value(first);\n+            Watcher w(cr, first);\n+            if (first != blocker && first_val == l_True){\n+                *j++ = w;\n+                continue;\n+            }\n+            int csize = c.size();\n+            for (int k = 2; k < csize; k++){\n+                if (value(c[k]) != l_False){\n+                    c[1] = c[k];\n+                    c[k] = false_lit;\n+                    watches[~c[1]].push(w);\n+                    goto NextClause;\n+                }\n+            }\n+            *j++ = w;\n+            if (first_val == l_False){\n+                confl = cr;\n+                qhead = trail.size();\n+                while (i < end)\n+                    *j++ = *i++;\n+            } else {\n+                uncheckedEnqueue(first, cr);\n+            }\n+        NextClause:;\n+        }')"
2025-03-14 00:40:17,340	[INFO]	Step: 78
2025-03-14 00:40:17,340	[INFO]	Stop Steps: 100
2025-03-14 00:40:32,866	[DEBUG]	EXEC>  SUCCESS 0.6823826000000001
2025-03-14 00:40:40,562	[INFO]	3-19    SUCCESS               0.68 (98.51%) [2 edit(s)]  
2025-03-14 00:40:40,562	[DEBUG]	patch(3-19)="LineLLMCrossover(('core/Solver.cc', 8), '- watches[~c[0]].push(Watcher(cr, c[1]));\n- watches[~c[1]].push(Watcher(cr, c[0]));\n+ Lit neg0 = ~c[0], neg1 = ~c[1];\n+ watches[neg0].push(Watcher(cr, c[1]));\n+ watches[neg1].push(Watcher(cr, c[0]));') | LineLLMMutation(('core/Solver.cc', 48), '-            Lit blocker = i->blocker;\n-            if (value(blocker) == l_True){\n-                *j++ = *i++; continue; }\n+            Lit blocker = i->blocker;\n+            lbool blocker_val = value(blocker);\n+            if (blocker_val == l_True){\n+                *j++ = *i++;\n+                continue; }\n-            if (first != blocker && value(first) == l_True){\n-                *j++ = w; continue; }\n+            if (first != blocker){\n+                lbool first_val = value(first);\n+                if (first_val == l_True){\n+                    *j++ = w;\n+                    continue;\n+                }\n+            }')"
2025-03-14 00:40:40,562	[INFO]	Step: 79
2025-03-14 00:40:40,562	[INFO]	Stop Steps: 100
2025-03-14 00:40:56,300	[DEBUG]	EXEC>  SUCCESS 0.6934343500000001
2025-03-14 00:41:08,692	[INFO]	3-20    SUCCESS               0.69 (100.11%) [2 edit(s)]  
2025-03-14 00:41:08,692	[DEBUG]	patch(3-20)="LineLLMMutation(('core/Solver.cc', 7), '-    watches[~c[0]].push(Watcher(cr, c[1]));\n-    watches[~c[1]].push(Watcher(cr, c[0]));\n+    Lit neg0 = ~c[0], neg1 = ~c[1];\n+    watches[neg0].push(Watcher(cr, c[1]));\n+    watches[neg1].push(Watcher(cr, c[0]));') | LineLLMMutation(('core/Solver.cc', 49), '-         Lit     first = c[0];\n-         Watcher w     = Watcher(cr, first);\n-         if (first != blocker && value(first) == l_True){\n-             *j++ = w; continue; }\n+         Lit first = c[0];\n+         lbool first_val = value(first);\n+         Watcher w = Watcher(cr, first);\n+         if (first != blocker && first_val == l_True){\n+             *j++ = w; continue; }\n-             if (value(first) == l_False){\n+             if (first_val == l_False){')"
2025-03-14 00:41:08,692	[INFO]	Step: 80
2025-03-14 00:41:08,692	[INFO]	Stop Steps: 100
2025-03-14 00:41:24,245	[DEBUG]	EXEC>  SUCCESS 0.6847321999999999
2025-03-14 00:41:30,176	[INFO]	3-1     SUCCESS               0.68 (98.85%) [4 edit(s)]  
2025-03-14 00:41:30,176	[DEBUG]	patch(3-1)="LineLLMMutation(('core/Solver.cc', 12), '-                if (verbosity >= 1)\n-                    printf("| %9d | %7d %8d %8d | %8d %8d %6.0f | %6.3f %% |\\n",\n-                           (int)conflicts,\n-                           (int)dec_vars - (trail_lim.size() == 0 ? trail.size() : trail_lim[0]), nClauses(), (int)clauses_literals,\n-                           (int)max_learnts, nLearnts(), (double)learnts_literals/nLearnts(), progressEstimate()*100);\n+                if (verbosity >= 1) {\n+                    int current_dec_vars = dec_vars - (trail_lim.size() == 0 ? trail.size() : trail_lim[0]);\n+                    printf("| %9d | %7d %8d %8d | %8d %8d %6.0f | %6.3f %% |\\n",\n+                           (int)conflicts,\n+                           current_dec_vars, nClauses(), (int)clauses_literals,\n+                           (int)max_learnts, nLearnts(), (double)learnts_literals/nLearnts(), progressEstimate()*100);\n+                }') | LineLLMMutation(('core/Solver.cc', 27), '-    Watcher        *i, *j, *end;\n-    for (i = j = (Watcher*)ws, end = i + ws.size();  i != end;){\n-        // Try to avoid inspecting the clause:\n-        Lit blocker = i->blocker;\n-        if (value(blocker) == l_True){\n-            *j++ = *i++; continue; }\n-\n-        // Make sure the false literal is data[1]:\n-        CRef     cr        = i->cref;\n-        Clause&  c         = ca[cr];\n-        Lit      false_lit = ~p;\n-        if (c[0] == false_lit)\n-            c[0] = c[1], c[1] = false_lit;\n-        assert(c[1] == false_lit);\n-        i++;\n-\n-        // If 0th watch is true, then clause is already satisfied.\n-        Lit     first = c[0];\n-        Watcher w     = Watcher(cr, first);\n-        if (first != blocker && value(first) == l_True){\n-            *j++ = w; continue; }\n-\n-        // Look for new watch:\n-        for (int k = 2; k < c.size(); k++)\n-            if (value(c[k]) != l_False){\n-                c[1] = c[k]; c[k] = false_lit;\n-                watches[~c[1]].push(w);\n-                goto NextClause; }\n-\n-        // Did not find watch -- clause is unit under assignment:\n-        *j++ = w;\n-        if (value(first) == l_False){\n-            confl = cr;\n-            qhead = trail.size();\n-            // Copy the remaining watches:\n-            while (i < end)\n-                *j++ = *i++;\n-        }else\n-            uncheckedEnqueue(first, cr);\n-\n-    NextClause:;\n-    }\n-    ws.shrink(i - j);\n+    int write_idx = 0;\n+    int ws_size = ws.size();\n+    for (int idx = 0; idx < ws_size; idx++){\n+        Watcher current = ws[idx];\n+        Lit blocker = current.blocker;\n+        if (value(blocker) == l_True){\n+            ws[write_idx++] = current;\n+            continue;\n+        }\n+        CRef cr = current.cref;\n+        Clause& c = ca[cr];\n+        Lit false_lit = ~p;\n+        if (c[0] == false_lit) {\n+            c[0] = c[1]; c[1] = false_lit;\n+        }\n+        assert(c[1] == false_lit);\n+        Lit first = c[0];\n+        Watcher w = Watcher(cr, first);\n+        if (first != blocker && value(first) == l_True){\n+            ws[write_idx++] = w;\n+            continue;\n+        }\n+        bool found_watch = false;\n+        for (int k = 2; k < c.size(); k++){\n+            if (value(c[k]) != l_False){\n+                c[1] = c[k]; c[k] = false_lit;\n+                watches[~c[1]].push(w);\n+                found_watch = true;\n+                break;\n+            }\n+        }\n+        if (found_watch)\n+            continue;\n+        ws[write_idx++] = w;\n+        if (value(first) == l_False){\n+            confl = cr;\n+            qhead = trail.size();\n+            for (int j = idx+1; j < ws_size; j++){\n+                ws[write_idx++] = ws[j];\n+            }\n+            break;\n+        } else {\n+            uncheckedEnqueue(first, cr);\n+        }\n+    }\n+    ws.shrink(write_idx);') | LineLLMMutation(('core/Solver.cc', 42), '-            Lit     first = c[0];\n-            Watcher w     = Watcher(cr, first);\n-            if (first != blocker && value(first) == l_True){\n-                *j++ = w; continue; }\n+            Lit     first = c[0];\n+            lbool first_val = value(first);\n+            Watcher w     = Watcher(cr, first);\n+            if (first != blocker && first_val == l_True){\n+                *j++ = w; continue; }\n-            // Look for new watch:\n-            for (int k = 2; k < c.size(); k++)\n-                if (value(c[k]) != l_False){\n-                    c[1] = c[k]; c[k] = false_lit;\n-                    watches[~c[1]].push(w);\n-                    goto NextClause; }\n+            // Look for new watch:\n+            {\n+                int sz = c.size();\n+                for (int k = 2; k < sz; ++k) {\n+                    lbool lit_val = value(c[k]);\n+                    if (lit_val != l_False) {\n+                        c[1] = c[k];\n+                        c[k] = false_lit;\n+                        watches[~c[1]].push(w);\n+                        goto NextClause;\n+                    }\n+                }\n+            }') | LineLLMMutation(('core/Solver.cc', 50), '-    for (i = j = (Watcher*)ws, end = i + ws.size();  i != end;){\n+    int ws_size = ws.size();\n+    for (i = j = (Watcher*)ws, end = i + ws_size; i != end;){')"
2025-03-14 00:41:30,176	[INFO]	Step: 81
2025-03-14 00:41:30,176	[INFO]	Stop Steps: 100
2025-03-14 00:41:45,813	[DEBUG]	EXEC>  SUCCESS 0.6885028999999999
2025-03-14 00:41:52,297	[INFO]	3-2     SUCCESS               0.69 (99.40%) [2 edit(s)]  
2025-03-14 00:41:52,297	[DEBUG]	patch(3-2)="LineLLMCrossover(('core/Solver.cc', 10), '- Lit     first = c[0];\n- if (first != blocker && value(first) == l_True){\n+ Lit     first = c[0]; lbool first_val = value(first);\n+ if (first != blocker && first_val == l_True){') | LineLLMMutation(('core/Solver.cc', 51), '-            Lit blocker = i->blocker;\n-            if (value(blocker) == l_True){\n+            Lit blocker = i->blocker;\n+            lbool blocker_val = value(blocker);\n+            if (blocker_val == l_True){\n-            Lit     first = c[0];\n-            Watcher w     = Watcher(cr, first);\n-            if (first != blocker && value(first) == l_True){\n+            Lit     first = c[0];\n+            Watcher w     = Watcher(cr, first);\n+            lbool first_val = value(first);\n+            if (first != blocker && first_val == l_True){\n-            *j++ = w;\n-            if (value(first) == l_False){\n+            *j++ = w;\n+            if (first_val == l_False){')"
2025-03-14 00:41:52,297	[INFO]	Step: 82
2025-03-14 00:41:52,297	[INFO]	Stop Steps: 100
2025-03-14 00:41:58,708	[INFO]	3-3     TEST_CODE_ERROR       None (--) [3 edit(s)]  
2025-03-14 00:41:58,708	[DEBUG]	patch(3-3)="LineLLMMutation(('core/Solver.cc', 8), '-    if (strict){\n-        remove(watches[~c[0]], Watcher(cr, c[1]));\n-        remove(watches[~c[1]], Watcher(cr, c[0]));\n-    }else{\n-        watches.smudge(~c[0]);\n-        watches.smudge(~c[1]);\n-    }\n+    Lit neg0 = ~c[0], neg1 = ~c[1];\n+    if (strict){\n+        remove(watches[neg0], Watcher(cr, c[1]));\n+        remove(watches[neg1], Watcher(cr, c[0]));\n+    } else {\n+        watches.smudge(neg0);\n+        watches.smudge(neg1);\n+    }') | LineLLMMutation(('core/Solver.cc', 21), '-        Watcher        *i, *j, *end;\n-        for (i = j = (Watcher*)ws, end = i + ws.size();  i != end;){\n-            // Try to avoid inspecting the clause:\n-            Lit blocker = i->blocker;\n-            if (value(blocker) == l_True){\n-                *j++ = *i++;\n-                continue; }\n-\n-            // Make sure the false literal is data[1]:\n-            CRef     cr        = i->cref;\n-            Clause&  c         = ca[cr];\n-            Lit      false_lit = ~p;\n-            if (c[0] == false_lit)\n-                c[0] = c[1], c[1] = false_lit;\n-            assert(c[1] == false_lit);\n-            i++;\n-\n-            // If 0th watch is true, then clause is already satisfied.\n-            Lit     first = c[0];\n-            Watcher w     = Watcher(cr, first);\n-            if (first != blocker && value(first) == l_True){\n-                *j++ = w; continue; }\n-\n-            // Look for new watch:\n-            for (int k = 2; k < c.size(); k++)\n-                if (value(c[k]) != l_False){\n-                    c[1] = c[k]; c[k] = false_lit;\n-                    watches[~c[1]].push(w);\n-                    goto NextClause; }\n-\n-            // Did not find watch -- clause is unit under assignment:\n-            *j++ = w;\n-            if (value(first) == l_False){\n-                confl = cr;\n-                qhead = trail.size();\n-                // Copy the remaining watches:\n-                while (i < end)\n-                    *j++ = *i++;\n-            }else\n-                uncheckedEnqueue(first, cr);\n-\n-        NextClause:;\n-        }\n-        ws.shrink(i - j);\n+        vec<Watcher> new_ws;\n+        new_ws.capacity(ws.size());\n+        for (int idx = 0, wsSize = ws.size(); idx < wsSize; idx++){\n+            Watcher w = ws[idx];\n+            Lit blocker = w.blocker;\n+            if (value(blocker) == l_True){\n+                new_ws.push(w);\n+                continue;\n+            }\n+            CRef cr = w.cref;\n+            Clause& c = ca[cr];\n+            Lit false_lit = ~p;\n+            if (c[0] == false_lit)\n+                swap(c[0], c[1]);\n+            if (c[0] != w.blocker && value(c[0]) == l_True){\n+                new_ws.push(Watcher(cr, c[0]));\n+                continue;\n+            }\n+            bool found = false;\n+            for (int k = 2; k < c.size(); k++){\n+                if (value(c[k]) != l_False){\n+                    swap(c[1], c[k]);\n+                    watches[~c[1]].push(Watcher(cr, c[1]));\n+                    new_ws.push(Watcher(cr, c[0]));\n+                    found = true;\n+                    break;\n+                }\n+            }\n+            if (!found){\n+                new_ws.push(Watcher(cr, c[0]));\n+                if (value(c[0]) == l_False){\n+                    confl = cr;\n+                    qhead = trail.size();\n+                    break;\n+                }else{\n+                    uncheckedEnqueue(c[0], cr);\n+                }\n+            }\n+        }\n+        ws.moveFrom(new_ws);') | LineLLMMutation(('core/Solver.cc', 52), '-            for (int k = 2; k < c.size(); k++)\n-                if (value(c[k]) != l_False){\n-                    c[1] = c[k]; c[k] = false_lit;\n-                    watches[~c[1]].push(w);\n-                    goto NextClause; }\n+            {\n+                bool found = false;\n+                for (int k = 2; k < c.size(); k++) {\n+                    if (value(c[k]) != l_False) {\n+                        c[1] = c[k];\n+                        c[k] = false_lit;\n+                        watches[~c[1]].push(w);\n+                        found = true;\n+                        break;\n+                    }\n+                }\n+                if(found) {\n+                    *j++ = w;\n+                    continue;\n+                }\n+            }\n-        NextClause:;')"
2025-03-14 00:41:58,708	[INFO]	Step: 83
2025-03-14 00:41:58,708	[INFO]	Stop Steps: 100
2025-03-14 00:42:03,716	[INFO]	3-4     COMPILE_CODE_ERROR    None (--) [2 edit(s)]  
2025-03-14 00:42:03,716	[DEBUG]	patch(3-4)="LineLLMCrossover(('core/Solver.cc', 13), '- if (drand(random_seed) < random_var_freq && !order_heap.empty()){\n+ double rand_val = drand(random_seed);\n+ if (rand_val < random_var_freq && !order_heap.empty()){') | LineLLMMutation(('core/Solver.cc', 53), '-        vec<Watcher>&  ws  = watches[p];\n-        Watcher        *i, *j, *end;\n-        num_props++;\n-\n-        for (i = j = (Watcher*)ws, end = i + ws.size();  i != end;){\n-            // Try to avoid inspecting the clause:\n-            Lit blocker = i->blocker;\n-            if (value(blocker) == l_True){\n-                *j++ = *i++; continue; }\n-\n-            // Make sure the false literal is data[1]:\n-            CRef     cr        = i->cref;\n-            Clause&  c         = ca[cr];\n-            Lit      false_lit = ~p;\n-            if (c[0] == false_lit)\n-                c[0] = c[1], c[1] = false_lit;\n-            assert(c[1] == false_lit);\n-            i++;\n-\n-            // If 0th watch is true, then clause is already satisfied.\n-            Lit     first = c[0];\n-            Watcher w     = Watcher(cr, first);\n-            if (first != blocker && value(first) == l_True){\n-                *j++ = w; continue; }\n-\n-            // Look for new watch:\n-            for (int k = 2; k < c.size(); k++)\n-                if (value(c[k]) != l_False){\n-                    c[1] = c[k]; c[k] = false_lit;\n-                    watches[~c[1]].push(w);\n-                    goto NextClause; }\n-\n-            // Did not find watch -- clause is unit under assignment:\n-            *j++ = w;\n-            if (value(first) == l_False){\n-                confl = cr;\n-                qhead = trail.size();\n-                // Copy the remaining watches:\n-                while (i < end)\n-                    *j++ = *i++;\n-            }else\n-                uncheckedEnqueue(first, cr);\n-\n-        NextClause:;\n-        }\n-        ws.shrink(i - j);\n+        vec<Watcher>& ws = watches[p];\n+        num_props++;\n+        vec<Watcher> new_ws;\n+        for (int idx = 0; idx < ws.size(); idx++) {\n+            Watcher w = ws[idx];\n+            if (value(w.blocker) == l_True) {\n+                new_ws.push(w);\n+                continue;\n+            }\n+            CRef cr = w.cref;\n+            Clause& c = ca[cr];\n+            Lit false_lit = ~p;\n+            if (c[0] == false_lit) {\n+                c[0] = c[1];\n+                c[1] = false_lit;\n+            }\n+            assert(c[1] == false_lit);\n+            Lit first = c[0];\n+            Watcher neww(cr, first);\n+            if (first != w.blocker && value(first) == l_True) {\n+                new_ws.push(neww);\n+                continue;\n+            }\n+            bool found = false;\n+            for (int k = 2; k < c.size(); k++) {\n+                if (value(c[k]) != l_False) {\n+                    c[1] = c[k];\n+                    c[k] = false_lit;\n+                    watches[~c[1]].push(Watcher(cr, c[0]));\n+                    found = true;\n+                    break;\n+                }\n+            }\n+            new_ws.push(neww);\n+            if (!found && value(first) == l_False) {\n+                confl = cr;\n+                qhead = trail.size();\n+                for (int j = idx+1; j < ws.size(); j++) {\n+                    new_ws.push(ws[j]);\n+                }\n+                ws.swap(new_ws);\n+                goto skip_propagation_loop;\n+            }\n+        }\n+        ws.swap(new_ws);\n+        skip_propagation_loop: ;')"
2025-03-14 00:42:03,716	[INFO]	Step: 84
2025-03-14 00:42:03,716	[INFO]	Stop Steps: 100
2025-03-14 00:42:17,650	[DEBUG]	EXEC>  SUCCESS 0.6830251999999999
2025-03-14 00:42:21,974	[INFO]	3-5     SUCCESS               0.68 (98.61%) [3 edit(s)]  
2025-03-14 00:42:21,974	[DEBUG]	patch(3-5)="LineLLMMutation(('core/Solver.cc', 8), '-    if (strict){\n-        remove(watches[~c[0]], Watcher(cr, c[1]));\n-        remove(watches[~c[1]], Watcher(cr, c[0]));\n-    }else{\n-        watches.smudge(~c[0]);\n-        watches.smudge(~c[1]);\n-    }\n+    Lit neg0 = ~c[0], neg1 = ~c[1];\n+    if (strict){\n+        remove(watches[neg0], Watcher(cr, c[1]));\n+        remove(watches[neg1], Watcher(cr, c[0]));\n+    } else {\n+        watches.smudge(neg0);\n+        watches.smudge(neg1);\n+    }') | LineLLMMutation(('core/Solver.cc', 44), '-        Watcher        *i, *j, *end;\n-        num_props++;\n-        for (i = j = (Watcher*)ws, end = i + ws.size();  i != end;){\n-            // Try to avoid inspecting the clause:\n-            Lit blocker = i->blocker;\n-            if (value(blocker) == l_True){\n-                *j++ = *i++; continue; }\n-\n-            // Make sure the false literal is data[1]:\n-            CRef     cr        = i->cref;\n-            Clause&  c         = ca[cr];\n-            Lit      false_lit = ~p;\n-            if (c[0] == false_lit)\n-                c[0] = c[1], c[1] = false_lit;\n-            assert(c[1] == false_lit);\n-            i++;\n-\n-            // If 0th watch is true, then clause is already satisfied.\n-            Lit     first = c[0];\n-            Watcher w     = Watcher(cr, first);\n-            if (first != blocker && value(first) == l_True){\n-                *j++ = w; continue; }\n-\n-            // Look for new watch:\n-            for (int k = 2; k < c.size(); k++)\n-                if (value(c[k]) != l_False){\n-                    c[1] = c[k]; c[k] = false_lit;\n-                    watches[~c[1]].push(w);\n-                    goto NextClause; }\n-\n-            // Did not find watch -- clause is unit under assignment:\n-            *j++ = w;\n-            if (value(first) == l_False){\n-                confl = cr;\n-                qhead = trail.size();\n-                // Copy the remaining watches:\n-                while (i < end)\n-                    *j++ = *i++;\n-            }else\n-                uncheckedEnqueue(first, cr);\n-\n-        NextClause:;\n-        }\n-        ws.shrink(i - j);\n+        num_props++;\n+        int wIdx = 0;\n+        for (int idx = 0; idx < ws.size(); idx++) {\n+            Watcher current = ws[idx];\n+            if (value(current.blocker) == l_True) {\n+                ws[wIdx++] = current;\n+                continue;\n+            }\n+            CRef cr = current.cref;\n+            Clause& c = ca[cr];\n+            Lit false_lit = ~p;\n+            if (c[0] == false_lit) {\n+                c[0] = c[1];\n+                c[1] = false_lit;\n+            }\n+            Lit first = c[0];\n+            Watcher w(cr, first);\n+            if (first != current.blocker && value(first) == l_True) {\n+                ws[wIdx++] = w;\n+                continue;\n+            }\n+            bool found = false;\n+            for (int k = 2; k < c.size(); k++) {\n+                if (value(c[k]) != l_False) {\n+                    c[1] = c[k];\n+                    c[k] = false_lit;\n+                    watches[~c[1]].push(w);\n+                    ws[wIdx++] = w;\n+                    found = true;\n+                    break;\n+                }\n+            }\n+            if (!found) {\n+                ws[wIdx++] = w;\n+                if (value(first) == l_False) {\n+                    confl = cr;\n+                    qhead = trail.size();\n+                    for (int m = idx + 1; m < ws.size(); m++) {\n+                        ws[wIdx++] = ws[m];\n+                    }\n+                    break;\n+                } else {\n+                    uncheckedEnqueue(first, cr);\n+                }\n+            }\n+        }\n+        ws.shrink(ws.size() - wIdx);') | LineLLMMutation(('core/Solver.cc', 54), '-        for (i = j = (Watcher*)ws, end = i + ws.size();  i != end;){\n-            // Try to avoid inspecting the clause:\n-            Lit blocker = i->blocker;\n-            if (value(blocker) == l_True){\n-                *j++ = *i++; continue; }\n-            // Make sure the false literal is data[1]:\n-            CRef     cr        = i->cref;\n-            Clause&  c         = ca[cr];\n-            Lit      false_lit = ~p;\n-            if (c[0] == false_lit)\n-                c[0] = c[1], c[1] = false_lit;\n-            assert(c[1] == false_lit);\n-            i++;\n-            // If 0th watch is true, then clause is already satisfied.\n-            Lit     first = c[0];\n-            Watcher w     = Watcher(cr, first);\n-            if (first != blocker && value(first) == l_True){\n-                *j++ = w; continue; }\n-            // Look for new watch:\n-            for (int k = 2; k < c.size(); k++)\n-                if (value(c[k]) != l_False){\n-                    c[1] = c[k]; c[k] = false_lit;\n-                    watches[~c[1]].push(w);\n-                    goto NextClause; }\n-            // Did not find watch -- clause is unit under assignment:\n-            *j++ = w;\n-            if (value(first) == l_False){\n-                confl = cr;\n-                qhead = trail.size();\n-                // Copy the remaining watches:\n-                while (i < end)\n-                    *j++ = *i++;\n-            }else\n-                uncheckedEnqueue(first, cr);\n-        NextClause:;\n-        }\n-        ws.shrink(i - j);\n+        {\n+            int ws_size = ws.size();\n+            int new_idx = 0;\n+            for (int idx = 0; idx < ws_size; idx++) {\n+                Watcher w = ws[idx];\n+                if (value(w.blocker) == l_True) {\n+                    ws[new_idx++] = w;\n+                    continue;\n+                }\n+                CRef cr = w.cref;\n+                Clause& c = ca[cr];\n+                Lit false_lit = ~p;\n+                if (c[0] == false_lit)\n+                    std::swap(c[0], c[1]);\n+                assert(c[1] == false_lit);\n+                Lit first = c[0];\n+                if (first != w.blocker && value(first) == l_True) {\n+                    ws[new_idx++] = Watcher(cr, first);\n+                    continue;\n+                }\n+                bool found_new_watch = false;\n+                for (int k = 2; k < c.size(); k++) {\n+                    if (value(c[k]) != l_False) {\n+                        c[1] = c[k];\n+                        c[k] = false_lit;\n+                        watches[~c[1]].push(Watcher(cr, c[0]));\n+                        found_new_watch = true;\n+                        break;\n+                    }\n+                }\n+                if (found_new_watch) {\n+                    ws[new_idx++] = Watcher(cr, c[0]);\n+                } else {\n+                    ws[new_idx++] = Watcher(cr, c[0]);\n+                    if (value(first) == l_False) {\n+                        confl = cr;\n+                        qhead = trail.size();\n+                        for (int j = idx+1; j < ws_size; j++) {\n+                            ws[new_idx++] = ws[j];\n+                        }\n+                        break;\n+                    } else {\n+                        uncheckedEnqueue(first, cr);\n+                    }\n+                }\n+            }\n+            ws.shrink(ws_size - new_idx);\n+        }')"
2025-03-14 00:42:21,974	[INFO]	Step: 85
2025-03-14 00:42:21,974	[INFO]	Stop Steps: 100
2025-03-14 00:42:37,618	[DEBUG]	EXEC>  SUCCESS 0.68935275
2025-03-14 00:42:42,954	[INFO]	3-6     SUCCESS               0.69 (99.52%) [2 edit(s)]  
2025-03-14 00:42:42,954	[DEBUG]	patch(3-6)="LineLLMCrossover(('core/Solver.cc', 14), '- if (c.size() > 2 && !locked(c) && (i < learnts.size() / 2 || c.activity() < extra_lim))\n+ int csz = c.size();\n+ if (csz > 2 && !locked(c) && (i < learnts.size() / 2 || c.activity() < extra_lim))') | LineLLMMutation(('core/Solver.cc', 55), '-            for (int k = 2; k < c.size(); k++)\n+            for (int k = 2, cs = c.size(); k < cs; k++)')"
2025-03-14 00:42:42,955	[INFO]	Step: 86
2025-03-14 00:42:42,955	[INFO]	Stop Steps: 100
2025-03-14 00:42:58,365	[DEBUG]	EXEC>  SUCCESS 0.6769624499999999
2025-03-14 00:43:06,655	[INFO]	3-7     SUCCESS               0.68 (97.73%) [2 edit(s)]  
2025-03-14 00:43:06,655	[DEBUG]	patch(3-7)="LineLLMCrossover(('core/Solver.cc', 9), "- while (qhead < trail.size()){\n-     Lit            p   = trail[qhead++];     // 'p' is enqueued fact to propagate.\n+ for(; qhead < trail.size(); qhead++){\n+     Lit            p   = trail[qhead];     // 'p' is enqueued fact to propagate.") | LineLLMMutation(('core/Solver.cc', 56), '-        Watcher        *i, *j, *end;\n-        for (i = j = (Watcher*)ws, end = i + ws.size();  i != end;){\n-            // Try to avoid inspecting the clause:\n-            Lit blocker = i->blocker;\n-            if (value(blocker) == l_True){\n-                *j++ = *i++; continue; }\n-\n-            // Make sure the false literal is data[1]:\n-            CRef     cr        = i->cref;\n-            Clause&  c         = ca[cr];\n-            Lit      false_lit = ~p;\n-            if (c[0] == false_lit)\n-                c[0] = c[1], c[1] = false_lit;\n-            assert(c[1] == false_lit);\n-            i++;\n-\n-            // If 0th watch is true, then clause is already satisfied.\n-            Lit     first = c[0];\n-            Watcher w     = Watcher(cr, first);\n-            if (first != blocker && value(first) == l_True){\n-                *j++ = w; continue; }\n-\n-            // Look for new watch:\n-            for (int k = 2; k < c.size(); k++)\n-                if (value(c[k]) != l_False){\n-                    c[1] = c[k]; c[k] = false_lit;\n-                    watches[~c[1]].push(w);\n-                    goto NextClause; }\n-\n-            // Did not find watch -- clause is unit under assignment:\n-            *j++ = w;\n-            if (value(first) == l_False){\n-                confl = cr;\n-                qhead = trail.size();\n-                // Copy the remaining watches:\n-                while (i < end)\n-                    *j++ = *i++;\n-            }else\n-                uncheckedEnqueue(first, cr);\n-\n-        NextClause:;\n-        }\n-        ws.shrink(i - j);\n+        int wsSize = ws.size();\n+        int new_idx = 0;\n+        for (int idx = 0; idx < wsSize; idx++){\n+            Watcher curr = ws[idx];\n+            Lit blocker = curr.blocker;\n+            if (value(blocker) == l_True){\n+                ws[new_idx++] = curr;\n+                continue;\n+            }\n+            CRef cr = curr.cref;\n+            Clause& c = ca[cr];\n+            Lit false_lit = ~p;\n+            if (c[0] == false_lit){\n+                c[0] = c[1];\n+                c[1] = false_lit;\n+            }\n+            Lit first = c[0];\n+            if (first != blocker && value(first) == l_True){\n+                ws[new_idx++] = Watcher(cr, first);\n+                continue;\n+            }\n+            bool foundWatch = false;\n+            for (int k = 2; k < c.size(); k++){\n+                if (value(c[k]) != l_False){\n+                    c[1] = c[k];\n+                    c[k] = false_lit;\n+                    watches[~c[1]].push(Watcher(cr, c[0]));\n+                    foundWatch = true;\n+                    break;\n+                }\n+            }\n+            if (foundWatch)\n+                continue;\n+            ws[new_idx++] = Watcher(cr, first);\n+            if (value(first) == l_False){\n+                confl = cr;\n+                qhead = trail.size();\n+                for (int x = idx+1; x < wsSize; x++)\n+                    ws[new_idx++] = ws[x];\n+                break;\n+            } else {\n+                uncheckedEnqueue(first, cr);\n+            }\n+        }\n+        ws.shrink(wsSize - new_idx);')"
2025-03-14 00:43:06,655	[INFO]	Step: 87
2025-03-14 00:43:06,655	[INFO]	Stop Steps: 100
2025-03-14 00:43:22,480	[DEBUG]	EXEC>  SUCCESS 0.6985018000000001
2025-03-14 00:43:29,925	[INFO]	3-8     SUCCESS               0.70 (100.84%) [3 edit(s)]  
2025-03-14 00:43:29,925	[DEBUG]	patch(3-8)="LineLLMMutation(('core/Solver.cc', 7), '-    watches[~c[0]].push(Watcher(cr, c[1]));\n-    watches[~c[1]].push(Watcher(cr, c[0]));\n+    Lit neg0 = ~c[0], neg1 = ~c[1];\n+    watches[neg0].push(Watcher(cr, c[1]));\n+    watches[neg1].push(Watcher(cr, c[0]));') | LineLLMMutation(('core/Solver.cc', 35), '-            if (value(blocker) == l_True){\n+            if (__builtin_expect(value(blocker) == l_True, 1)){') | LineLLMMutation(('core/Solver.cc', 57), '-        for (i = j = (Watcher*)ws, end = i + ws.size();  i != end;){\n-            // Try to avoid inspecting the clause:\n-            Lit blocker = i->blocker;\n-            if (__builtin_expect(value(blocker) == l_True, 1)){\n-                *j++ = *i++; continue; }\n+        for (i = j = (Watcher*)ws, end = i + ws.size();  i != end;){\n+            // Cache blocker value to reduce function call overhead:\n+            const Lit blocker = i->blocker;\n+            const lbool blocker_val = value(blocker);\n+            if (__builtin_expect(blocker_val == l_True, 1)){\n+                *j++ = *i++;\n+                continue;\n+            }')"
2025-03-14 00:43:29,925	[INFO]	Step: 88
2025-03-14 00:43:29,925	[INFO]	Stop Steps: 100
2025-03-14 00:43:45,363	[DEBUG]	EXEC>  SUCCESS 0.6785565499999999
2025-03-14 00:43:50,593	[INFO]	3-9     SUCCESS               0.68 (97.96%) [2 edit(s)]  
2025-03-14 00:43:50,594	[DEBUG]	patch(3-9)="LineLLMMutation(('core/Solver.cc', 46), '-            Lit blocker = i->blocker;\n-            if (value(blocker) == l_True){\n-                *j++ = *i++; continue; }\n+            Lit blocker = i->blocker;\n+            lbool val_blocker = value(blocker);\n+            if (val_blocker == l_True){\n+                *j++ = *i++;\n+                continue;\n+            }\n-            for (int k = 2; k < c.size(); k++)\n-                if (value(c[k]) != l_False){\n-                    c[1] = c[k]; c[k] = false_lit;\n-                    watches[~c[1]].push(w);\n-                    goto NextClause; }\n+            for (int k = 2, sz = c.size(); k < sz; k++){\n+                lbool val = value(c[k]);\n+                if (val != l_False){\n+                    c[1] = c[k];\n+                    c[k] = false_lit;\n+                    watches[~c[1]].push(w);\n+                    goto NextClause;\n+                }\n+            }') | LineLLMMutation(('core/Solver.cc', 58), '-        if (first != blocker && value(first) == l_True){\n+        lbool firstVal = value(first);\n+        if (first != blocker && firstVal == l_True){\n-        if (value(first) == l_False){\n+        if (firstVal == l_False){')"
2025-03-14 00:43:50,594	[INFO]	Step: 89
2025-03-14 00:43:50,594	[INFO]	Stop Steps: 100
2025-03-14 00:44:06,490	[DEBUG]	EXEC>  SUCCESS 0.6987869
2025-03-14 00:44:11,424	[INFO]	3-10    SUCCESS               0.70 (100.88%) [1 edit(s)]  
2025-03-14 00:44:11,424	[DEBUG]	patch(3-10)="LineLLMMutation(('core/Solver.cc', 59), '-        for (i = j = (Watcher*)ws, end = i + ws.size();  i != end;){\n+        int ws_size = ws.size(); for (i = j = (Watcher*)ws, end = i + ws_size;  i != end;){')"
2025-03-14 00:44:11,424	[INFO]	Step: 90
2025-03-14 00:44:11,424	[INFO]	Stop Steps: 100
2025-03-14 00:48:30,624	[INFO]	Step: 90
2025-03-14 00:48:30,624	[INFO]	Stop Steps: 100
2025-03-14 00:48:45,929	[DEBUG]	EXEC>  SUCCESS 0.67235935
2025-03-14 00:48:54,275	[INFO]	4-11    SUCCESS              +0.67 (97.07%) [1 edit(s)]  
2025-03-14 00:48:54,275	[DEBUG]	patch(4-11)="LineLLMCrossover(('core/Solver.cc', 8), '- watches[~c[0]].push(Watcher(cr, c[1]));\n- watches[~c[1]].push(Watcher(cr, c[0]));\n+ Lit neg0 = ~c[0], neg1 = ~c[1];\n+ watches[neg0].push(Watcher(cr, c[1]));\n+ watches[neg1].push(Watcher(cr, c[0]));')"
2025-03-14 00:48:54,276	[INFO]	Step: 91
2025-03-14 00:48:54,276	[INFO]	Stop Steps: 100
2025-03-14 00:49:07,987	[DEBUG]	EXEC>  SUCCESS 0.6718111499999999
2025-03-14 00:49:12,187	[INFO]	4-12    SUCCESS              +0.67 (96.99%) [2 edit(s)]  
2025-03-14 00:49:12,187	[DEBUG]	patch(4-12)="LineLLMCrossover(('core/Solver.cc', 5), '--- Header update:\n-#include "mtl/Sort.h"\n+//#include "mtl/Sort.h"\n+#include <algorithm>\n--- Printing block update:\n-                if (verbosity >= 1)\n-                            (int)dec_vars - (trail_lim.size() == 0 ? trail.size() : trail_lim[0]), nClauses(), (int)clauses_literals,\n+                if (verbosity >= 1) {\n+                    int current_dec_vars = dec_vars - (trail_lim.size() == 0 ? trail.size() : trail_lim[0]);\n+                            current_dec_vars, nClauses(), (int)clauses_literals,\n+                }') | LineLLMMutation(('core/Solver.cc', 37), '-         for (i = j = (Watcher*)ws, end = i + ws.size();  i != end;){\n-             Lit blocker = i->blocker;\n-             if (value(blocker) == l_True){\n-                 *j++ = *i++;\n-                 continue; }\n-\n-             CRef     cr        = i->cref;\n-             Clause&  c         = ca[cr];\n-             Lit      false_lit = ~p;\n-             if (c[0] == false_lit)\n-                 c[0] = c[1], c[1] = false_lit;\n-             assert(c[1] == false_lit);\n-             i++;\n-\n-             Lit     first = c[0];\n-             Watcher w     = Watcher(cr, first);\n-             if (first != blocker && value(first) == l_True){\n-                 *j++ = w;\n-                 continue; }\n-\n-             for (int k = 2; k < c.size(); k++)\n-                 if (value(c[k]) != l_False){\n-                     c[1] = c[k]; c[k] = false_lit;\n-                     watches[~c[1]].push(w);\n-                     goto NextClause; }\n-\n-             *j++ = w;\n-             if (value(first) == l_False){\n-                 confl = cr;\n-                 qhead = trail.size();\n-                 while (i < end)\n-                     *j++ = *i++;\n-             }else\n-                 uncheckedEnqueue(first, cr);\n-\n-         NextClause:;\n-         }\n+         for (i = j = (Watcher*)ws, end = i + ws.size(); i != end; ) {\n+             Lit blocker = i->blocker;\n+             lbool blockerVal = value(blocker);\n+             if (blockerVal == l_True) {\n+                 *j++ = *i++;\n+                 continue;\n+             }\n+             CRef cr = i->cref;\n+             Clause& c = ca[cr];\n+             Lit false_lit = ~p;\n+             if (c[0] == false_lit) {\n+                 c[0] = c[1];\n+                 c[1] = false_lit;\n+             }\n+             assert(c[1] == false_lit);\n+             i++;\n+             Lit first = c[0];\n+             Watcher w(cr, first);\n+             lbool firstVal = value(first);\n+             if (first != blocker && firstVal == l_True) {\n+                 *j++ = w;\n+                 continue;\n+             }\n+             bool found = false;\n+             for (int k = 2; k < c.size(); k++) {\n+                 if (value(c[k]) != l_False) {\n+                     c[1] = c[k];\n+                     c[k] = false_lit;\n+                     watches[~c[1]].push(w);\n+                     found = true;\n+                     break;\n+                 }\n+             }\n+             if (found) {\n+                 continue;\n+             }\n+             *j++ = w;\n+             if (firstVal == l_False) {\n+                 confl = cr;\n+                 qhead = trail.size();\n+                 while (i < end)\n+                     *j++ = *i++;\n+             } else {\n+                 uncheckedEnqueue(first, cr);\n+             }\n+         }')"
2025-03-14 00:49:12,187	[INFO]	Step: 92
2025-03-14 00:49:12,187	[INFO]	Stop Steps: 100
2025-03-14 00:49:27,680	[DEBUG]	EXEC>  SUCCESS 0.6820212499999999
2025-03-14 00:49:41,468	[INFO]	4-13    SUCCESS               0.68 (98.46%) [1 edit(s)]  
2025-03-14 00:49:41,468	[DEBUG]	patch(4-13)="LineLLMCrossover(('core/Solver.cc', 24), '-     watches[~c[0]].push(Watcher(cr, c[1]));\n-     watches[~c[1]].push(Watcher(cr, c[0]));\n+  Lit neg0 = ~c[0], neg1 = ~c[1];\n+     watches[neg0].push(Watcher(cr, c[1]));\n+     watches[neg1].push(Watcher(cr, c[0]));')"
2025-03-14 00:49:41,468	[INFO]	Step: 93
2025-03-14 00:49:41,468	[INFO]	Stop Steps: 100
2025-03-14 00:49:57,149	[DEBUG]	EXEC>  SUCCESS 0.6904927000000001
2025-03-14 00:50:06,840	[INFO]	4-14    SUCCESS               0.69 (99.68%) [1 edit(s)]  
2025-03-14 00:50:06,840	[DEBUG]	patch(4-14)="LineLLMCrossover(('core/Solver.cc', 25), "-     while (qhead < trail.size()){\n-         Lit            p   = trail[qhead++];     // 'p' is enqueued fact to propagate.\n+     for(; qhead < trail.size(); qhead++){\n+         Lit            p   = trail[qhead];     // 'p' is enqueued fact to propagate.")"
2025-03-14 00:50:06,840	[INFO]	Step: 94
2025-03-14 00:50:06,840	[INFO]	Stop Steps: 100
2025-03-14 00:50:22,385	[DEBUG]	EXEC>  SUCCESS 0.68446375
2025-03-14 00:50:37,430	[INFO]	4-15    SUCCESS               0.68 (98.81%) [1 edit(s)]  
2025-03-14 00:50:37,430	[DEBUG]	patch(4-15)="LineLLMCrossover(('core/Solver.cc', 26), '-             if (value(blocker) == l_True){\n-                 *j++ = *i++; continue; }\n+             lbool val_blocker = value(blocker);\n+             if (val_blocker == l_True){\n+                 *j++ = *i++;\n+                 continue;\n+             }\n-             if (first != blocker && value(first) == l_True){\n+             lbool firstVal = value(first);\n+             if (first != blocker && firstVal == l_True){')"
2025-03-14 00:50:37,430	[INFO]	Step: 95
2025-03-14 00:50:37,430	[INFO]	Stop Steps: 100
2025-03-14 00:50:53,036	[DEBUG]	EXEC>  SUCCESS 0.68668765
2025-03-14 00:51:04,047	[INFO]	4-16    SUCCESS               0.69 (99.13%) [1 edit(s)]  
2025-03-14 00:51:04,047	[DEBUG]	patch(4-16)="LineLLMCrossover(('core/Solver.cc', 27), '-             if (phase_saving > 1 || (phase_saving == 1) && c > trail_lim.last())\n-                 polarity[x] = sign(trail[c]);\n+              int lastTrail = trail_lim.last();\n+              if (phase_saving > 1 || (phase_saving == 1) && c > lastTrail)\n+                  polarity[x] = sign(trail[c]);')"
2025-03-14 00:51:04,047	[INFO]	Step: 96
2025-03-14 00:51:04,047	[INFO]	Stop Steps: 100
2025-03-14 00:51:14,202	[INFO]	4-17    COMPILE_CODE_ERROR    None (--) [1 edit(s)]  
2025-03-14 00:51:14,202	[DEBUG]	patch(4-17)="LineLLMCrossover(('core/Solver.cc', 28), '-             if (value(blocker) == l_True){\n-                 *j++ = *i++; continue; }\n+             lbool blocker_val = value(blocker);\n+             if (blocker_val == l_True){\n+                 *j++ = *i++;\n+                 continue; }\n-             if (first != blocker && value(first) == l_True){\n+             if (first != blocker){\n+                 lbool first_val = value(first);\n+                 if (first_val == l_True){\n+                     *j++ = w;\n+                     continue;\n+                 }\n+             }')"
2025-03-14 00:51:14,202	[INFO]	Step: 97
2025-03-14 00:51:14,202	[INFO]	Stop Steps: 100
2025-03-14 00:51:29,694	[DEBUG]	EXEC>  SUCCESS 0.6812854999999999
2025-03-14 00:51:40,375	[INFO]	4-18    SUCCESS               0.68 (98.35%) [1 edit(s)]  
2025-03-14 00:51:40,375	[DEBUG]	patch(4-18)="LineLLMCrossover(('core/Solver.cc', 29), '-     watches[~c[0]].push(Watcher(cr, c[1]));\n-     watches[~c[1]].push(Watcher(cr, c[0]));\n+  Lit neg0 = ~c[0], neg1 = ~c[1];\n+     watches[neg0].push(Watcher(cr, c[1]));\n+     watches[neg1].push(Watcher(cr, c[0]));\n-             if (value(blocker) == l_True){\n-                 *j++ = *i++; continue; }\n+             lbool val_blocker = value(blocker);\n+             if (val_blocker == l_True){\n+                 *j++ = *i++;\n+                 continue;\n+             }')"
2025-03-14 00:51:40,375	[INFO]	Step: 98
2025-03-14 00:51:40,375	[INFO]	Stop Steps: 100
2025-03-14 00:51:55,900	[DEBUG]	EXEC>  SUCCESS 0.6823889
2025-03-14 00:52:03,270	[INFO]	4-19    SUCCESS               0.68 (98.51%) [1 edit(s)]  
2025-03-14 00:52:03,270	[DEBUG]	patch(4-19)="LineLLMCrossover(('core/Solver.cc', 30), "-     while (qhead < trail.size()){\n-         Lit            p   = trail[qhead++];     // 'p' is enqueued fact to propagate.\n+     for(; qhead < trail.size(); qhead++){\n+         Lit            p   = trail[qhead];     // 'p' is enqueued fact to propagate.\n-             if (value(blocker) == l_True){\n-                 *j++ = *i++; continue; }\n+             lbool val_blocker = value(blocker);\n+             if (val_blocker == l_True){\n+                 *j++ = *i++;\n+                 continue;\n+             }")"
2025-03-14 00:52:03,270	[INFO]	Step: 99
2025-03-14 00:52:03,270	[INFO]	Stop Steps: 100
2025-03-14 00:52:08,777	[INFO]	4-20    COMPILE_CODE_ERROR    None (--) [1 edit(s)]  
2025-03-14 00:52:08,777	[DEBUG]	patch(4-20)="LineLLMCrossover(('core/Solver.cc', 31), '-     watches[~c[0]].push(Watcher(cr, c[1]));\n-     watches[~c[1]].push(Watcher(cr, c[0]));\n+  Lit neg0 = ~c[0], neg1 = ~c[1];\n+     watches[neg0].push(Watcher(cr, c[1]));\n+     watches[neg1].push(Watcher(cr, c[0]));\n-             if (value(blocker) == l_True){\n-                 *j++ = *i++; continue; }\n+             lbool blocker_val = value(blocker);\n+             if (blocker_val == l_True){\n+                 *j++ = *i++;\n+                 continue; }\n-             if (first != blocker && value(first) == l_True){\n+             if (first != blocker){\n+                 lbool first_val = value(first);\n+                 if (first_val == l_True){\n+                     *j++ = w;\n+                     continue;\n+                 }\n+             }')"
2025-03-14 00:52:08,777	[INFO]	Step: 100
2025-03-14 00:52:08,777	[INFO]	Stop Steps: 100
2025-03-14 00:52:08,777	[INFO]	(Abstract Algorithm) Stopping Condition: step budget
2025-03-14 00:52:08,777	[INFO]	Step: 100
2025-03-14 00:52:08,777	[INFO]	Stop Steps: 100
2025-03-14 00:52:08,795	[INFO]	~~~~ END ~~~~
2025-03-14 00:52:08,795	[INFO]	Best patch step: 7
2025-03-14 00:52:08,796	[INFO]	
2025-03-14 00:52:08,796	[INFO]	==== REPORT ====
2025-03-14 00:52:08,797	[INFO]	Termination: step budget
2025-03-14 00:52:08,797	[INFO]	Log file: /home/luke/magpie/_magpie_logs/minisat_1741910112.log
2025-03-14 00:52:08,797	[INFO]	Patch file: _magpie_logs/minisat_1741910112.patch
2025-03-14 00:52:08,797	[INFO]	Diff file: _magpie_logs/minisat_1741910112.diff
2025-03-14 00:52:08,797	[INFO]	Reference fitness: 0.69
2025-03-14 00:52:08,797	[INFO]	Best fitness: 0.67
2025-03-14 00:52:08,797	[INFO]	
2025-03-14 00:52:08,798	[INFO]	==== BEST PATCH ====
LineLLMMutation(('core/Solver.cc', 7), '-    watches[~c[0]].push(Watcher(cr, c[1]));\n-    watches[~c[1]].push(Watcher(cr, c[0]));\n+    Lit neg0 = ~c[0], neg1 = ~c[1];\n+    watches[neg0].push(Watcher(cr, c[1]));\n+    watches[neg1].push(Watcher(cr, c[0]));')
2025-03-14 00:52:08,798	[INFO]	
2025-03-14 00:52:08,798	[INFO]	==== DIFF ====

