2025-01-23 18:10:50,300	[DEBUG]	==== CONFIG ====
[magpie]
import = 
seed = 8862480058892897
log_dir = _magpie_logs
work_dir = _magpie_work
local_original_copy = True
local_original_name = __original__
output_encoding = ascii
edit_retries = 10
default_timeout = 30
default_lengthout = 10000.0
diff_method = unified
trust_local_filesystem = True

[magpie.log]
color_output = True
format_info = {counter:<7} {status:<20} {best}{fitness} ({ratio}) [{size}] {cached} {log}
format_debug = patch({counter})="{patch}"{diffifbest}
format_fitness = {:.2f}
format_ratio = {:.2%%}
format_patchif = 
	 --> {patch}
format_diffif = 
	{diff}

[software]
path = dataset/magpie_dataset/train/0032
target_files = 
	source.cpp
software = BasicSoftware
model_rules = 
	*.params : ParamFileConfigModel
	*.xml : SrcmlModel
	* : LineModel
model_config = 
	*.params : [paramconfig]
	*.xml : [srcml]
init_cmd = 
init_timeout = 60
init_lengthout = -1
setup_cmd = bash setup.sh
setup_timeout = 
setup_lengthout = 
compile_cmd = bash compile.sh
compile_timeout = 
compile_lengthout = 
test_cmd = bash test.sh
test_timeout = 
test_lengthout = 
run_cmd = bash run.sh
run_timeout = 3
run_lengthout = 
batch_timeout = 
batch_lengthout = 
batch_bin_fitness_strategy = aggregate
batch_fitness_strategy = sum
fitness = time

[srcml]
rename = 
	stmt: break continue decl_stmt do expr_stmt for goto if return switch while
	number: literal_number
focus = block stmt operator_comp operator_arith number
internodes = block
process_pseudo_blocks = True
process_literals = True
process_operators = True

[paramconfig]
timing = test run
cli_prefix = --
cli_glue = =
cli_boolean = show
cli_boolean_prefix_true = 
cli_boolean_prefix_false = no-
cli_none = hide
silent_prefix = @
silent_suffix = $

[search]
protocol = BasicProtocol
algorithm = GeneticProgrammingLLM
possible_edits = 
	LineLLMMutation
	LineLLMCrossover
	LineDeletion
	LineInsertion
	LineReplacement
llm_prob = 1.0
warmup = 5
warmup_strategy = last
max_steps = 100
max_time = 20000
target_fitness = 
cache_maxsize = 100
cache_keep = 0.2
batch_instances = 
batch_shuffle = True
batch_bin_shuffle = False
batch_sample_size = 1

[search.ls]
delete_prob = 0.5
max_neighbours = 
when_trapped = continue
accept_fail = False
tabu_length = 10

[search.gp]
pop_size = 10
delete_prob = 0.0
offspring_elitism = 0.2
offspring_crossover = 0.4
offspring_mutation = 0.4
uniform_rate = 0.5
batch_reset = True

[search.minify]
do_cleanup = True
do_rebuild = True
do_simplify = True
round_robin_limit = 3


2025-01-23 18:10:50,300	[DEBUG]	
2025-01-23 18:10:50,300	[INFO]	==== SEARCH: GeneticProgrammingLLM ====
2025-01-23 18:10:50,300	[INFO]	~~~~ WARMUP ~~~~
2025-01-23 18:10:51,306	[DEBUG]	EXEC>  SUCCESS 4359763.375
2025-01-23 18:10:51,306	[INFO]	WARM    SUCCESS               4359763.38 (--) [0 edit(s)]  
2025-01-23 18:10:51,865	[DEBUG]	EXEC>  SUCCESS 3966415.8125
2025-01-23 18:10:51,865	[INFO]	WARM    SUCCESS               3966415.81 (--) [0 edit(s)]  
2025-01-23 18:10:52,442	[DEBUG]	EXEC>  SUCCESS 3990254.6875
2025-01-23 18:10:52,442	[INFO]	WARM    SUCCESS               3990254.69 (--) [0 edit(s)]  
2025-01-23 18:10:53,004	[DEBUG]	EXEC>  SUCCESS 3946731.1875
2025-01-23 18:10:53,005	[INFO]	WARM    SUCCESS               3946731.19 (--) [0 edit(s)]  
2025-01-23 18:10:53,570	[DEBUG]	EXEC>  SUCCESS 3981512.375
2025-01-23 18:10:53,570	[INFO]	WARM    SUCCESS               3981512.38 (--) [0 edit(s)]  
2025-01-23 18:10:53,570	[INFO]	REF     SUCCESS               3981512.38 (--) [0 edit(s)]  
2025-01-23 18:10:53,571	[INFO]	
2025-01-23 18:10:53,571	[INFO]	~~~~ START ~~~~
2025-01-23 18:12:33,994	[DEBUG]	EXEC>  SUCCESS 3941659.0
2025-01-23 18:12:33,994	[INFO]	0-1     SUCCESS              *3941659.00 (99.00%) [1 edit(s)]  
2025-01-23 18:12:33,994	[DEBUG]	patch(0-1)="LineLLMMutation(('source.cpp', 0), "#include<iostream>\nusing namespace std;\n\nint t[10][10], u[10][10], ans[10][10], n, flg;\n\nint compute();\nvoid dfs(int);\nvoid change(int, int);\n\nint main() {\n    cin >> n;\n    while (n--) {\n        flg = 0;\n        for (int i = 0; i < 100; i++) {\n            cin >> t[i / 10][i % 10]; // Read input into 2D array in a single loop\n            ans[i / 10][i % 10] = 0;\n        }\n        dfs(0);\n    }\n    return 0;\n}\n\nvoid dfs(int x) {\n    if (x == 10) {\n        if (compute()) {\n            for (int i = 0; i < 10; i++) {\n                for (int j = 0; j < 10; j++) {\n                    if (j) cout << ' ';\n                    cout << ans[i][j];\n                }\n                cout << endl;\n            }\n        }\n        return;\n    }\n    ans[0][x] = 0;\n    dfs(x + 1);\n    ans[0][x] = 1;\n    dfs(x + 1);\n}\n\nint compute() {\n    for (int i = 0; i < 10; i++) {\n        for (int j = 0; j < 10; j++) {\n            u[i][j] = t[i][j];\n            if (i) ans[i][j] = 0;\n        }\n    }\n    for (int i = 0; i < 10; i++) {\n        if (ans[0][i]) change(0, i);\n    }\n    for (int i = 1; i < 10; i++) {\n        for (int j = 0; j < 10; j++) {\n            if (u[i - 1][j]) {\n                ans[i][j] = 1;\n                change(i, j);\n            }\n        }\n    }\n    for (int i = 0; i < 10; i++) {\n        if (u[9][i]) return 0;\n    }\n    return 1;\n}\n\nvoid change(int y, int x) {\n    u[y][x] = !u[y][x];\n    if (y > 0) u[y - 1][x] = !u[y - 1][x];\n    if (x > 0) u[y][x - 1] = !u[y][x - 1];\n    if (y < 9) u[y + 1][x] = !u[y + 1][x];\n    if (x < 9) u[y][x + 1] = !u[y][x + 1];\n}")"

2025-01-23 18:12:35,369	[DEBUG]	EXEC>  SUCCESS 2500458.875
2025-01-23 18:12:35,370	[INFO]	0-2     SUCCESS              *2500458.88 (62.80%) [1 edit(s)]  
2025-01-23 18:12:35,370	[DEBUG]	patch(0-2)="LineLLMMutation(('source.cpp', 1), '#include <cstdio>\nusing namespace std;\n\nint t[10][10], u[10][10], ans[10][10], n, flg;\n\nint compute();\nvoid dfs(int);\nvoid change(int, int);\n\nint main() {\n    scanf("%d", &n);\n    while (n--) {\n        flg = 0;\n        for (int i = 0; i < 10; i++) {\n            for (int j = 0; j < 10; j++) {\n                scanf("%d", &t[i][j]); // Use scanf for input\n                ans[i][j] = 0;\n            }\n        }\n        dfs(0);\n    }\n    return 0;\n}\n\nvoid dfs(int x) {\n    if (x == 10) {\n        if (compute()) {\n            for (int i = 0; i < 10; i++) {\n                for (int j = 0; j < 10; j++) {\n                    if (j) printf(" ");\n                    printf("%d", ans[i][j]); // Use printf for output\n                }\n                printf("\\n");\n            }\n        }\n        return;\n    }\n    ans[0][x] = 0;\n    dfs(x + 1);\n    ans[0][x] = 1;\n    dfs(x + 1);\n}\n\nint compute() {\n    for (int i = 0; i < 10; i++) {\n        for (int j = 0; j < 10; j++) {\n            u[i][j] = t[i][j];\n            if (i) ans[i][j] = 0;\n        }\n    }\n    for (int i = 0; i < 10; i++) {\n        if (ans[0][i]) change(0, i);\n    }\n    for (int i = 1; i < 10; i++) {\n        for (int j = 0; j < 10; j++) {\n            if (u[i - 1][j]) {\n                ans[i][j] = 1;\n                change(i, j);\n            }\n        }\n    }\n    for (int i = 0; i < 10; i++) {\n        if (u[9][i]) return 0;\n    }\n    return 1;\n}\n\nvoid change(int y, int x) {\n    u[y][x] = !u[y][x];\n    if (y > 0) u[y - 1][x] = !u[y - 1][x];\n    if (x > 0) u[y][x - 1] = !u[y][x - 1];\n    if (y < 9) u[y + 1][x] = !u[y + 1][x];\n    if (x < 9) u[y][x + 1] = !u[y][x + 1];\n}')"

2025-01-23 18:12:36,752	[INFO]	0-3     TEST_CODE_ERROR       None (--) [1 edit(s)]  
2025-01-23 18:12:36,753	[DEBUG]	patch(0-3)="LineLLMMutation(('source.cpp', 2), "#include <iostream>\nusing namespace std;\n\nint t[10][10], u[10][10], ans[10][10], n, flg;\n\nint compute();\nvoid dfs(int);\nvoid change(int, int);\n\nint main() {\n    cin >> n;\n    while (n--) {\n        flg = 0;\n        for (int i = 0; i < 10; i++) {\n            for (int j = 0; j < 10; j++) {\n                cin >> t[i][j];\n                ans[i][j] = 0;\n            }\n        }\n        dfs(0);\n    }\n    return 0;\n}\n\nvoid dfs(int x) {\n    if (x == 10) {\n        if (compute()) {\n            for (int i = 0; i < 10; i++) {\n                for (int j = 0; j < 10; j++) {\n                    if (j) cout << ' ';\n                    cout << ans[i][j];\n                }\n                cout << endl;\n            }\n        }\n        return;\n    }\n    ans[0][x] = 0;\n    dfs(x + 1);\n    ans[0][x] = 1;\n    dfs(x + 1);\n}\n\nint compute() {\n    fill(&u[0][0], &u[0][0] + sizeof(u) / sizeof(int), 0); // Initialize u array in one go\n    for (int i = 0; i < 10; i++) {\n        if (ans[0][i]) change(0, i);\n    }\n    for (int i = 1; i < 10; i++) {\n        for (int j = 0; j < 10; j++) {\n            if (u[i - 1][j]) {\n                ans[i][j] = 1;\n                change(i, j);\n            }\n        }\n    }\n    for (int i = 0; i < 10; i++) {\n        if (u[9][i]) return 0;\n    }\n    return 1;\n}\n\nvoid change(int y, int x) {\n    u[y][x] = !u[y][x];\n    if (y > 0) u[y - 1][x] = !u[y - 1][x];\n    if (x > 0) u[y][x - 1] = !u[y][x - 1];\n    if (y < 9) u[y + 1][x] = !u[y + 1][x];\n    if (x < 9) u[y][x + 1] = !u[y][x + 1];\n}")"
2025-01-23 18:12:38,455	[DEBUG]	EXEC>  SUCCESS 3919336.6875
2025-01-23 18:12:38,455	[INFO]	0-4     SUCCESS               3919336.69 (98.44%) [1 edit(s)]  
2025-01-23 18:12:38,455	[DEBUG]	patch(0-4)="LineLLMMutation(('source.cpp', 3), "#include <iostream>\nusing namespace std;\n\nstatic int t[10][10], u[10][10], ans[10][10], n, flg;\n\nint compute();\nvoid dfs(int);\nvoid change(int, int);\n\nint main() {\n    cin >> n;\n    while (n--) {\n        flg = 0;\n        for (int i = 0; i < 10; i++) {\n            for (int j = 0; j < 10; j++) {\n                cin >> t[i][j];\n                ans[i][j] = 0;\n            }\n        }\n        dfs(0);\n    }\n    return 0;\n}\n\nvoid dfs(int x) {\n    if (x == 10) {\n        if (compute()) {\n            for (int i = 0; i < 10; i++) {\n                for (int j = 0; j < 10; j++) {\n                    if (j) cout << ' ';\n                    cout << ans[i][j];\n                }\n                cout << endl;\n            }\n        }\n        return;\n    }\n    ans[0][x] = 0;\n    dfs(x + 1);\n    ans[0][x] = 1;\n    dfs(x + 1);\n}\n\nint compute() {\n    for (int i = 0; i < 10; i++) {\n        for (int j = 0; j < 10; j++) {\n            u[i][j] = t[i][j];\n            if (i) ans[i][j] = 0;\n        }\n    }\n    for (int i = 0; i < 10; i++) {\n        if (ans[0][i]) change(0, i);\n    }\n    for (int i = 1; i < 10; i++) {\n        for (int j = 0; j < 10; j++) {\n            if (u[i - 1][j]) {\n                ans[i][j] = 1;\n                change(i, j);\n            }\n        }\n    }\n    for (int i = 0; i < 10; i++) {\n        if (u[9][i]) return 0;\n    }\n    return 1;\n}\n\nvoid change(int y, int x) {\n    u[y][x] = !u[y][x];\n    if (y > 0) u[y - 1][x] = !u[y - 1][x];\n    if (x > 0) u[y][x - 1] = !u[y][x - 1];\n    if (y < 9) u[y + 1][x] = !u[y + 1][x];\n    if (x < 9) u[y][x + 1] = !u[y][x + 1];\n}")"
2025-01-23 18:12:40,027	[DEBUG]	EXEC>  SUCCESS 3913506.0625
2025-01-23 18:12:40,027	[INFO]	0-5     SUCCESS               3913506.06 (98.29%) [1 edit(s)]  
2025-01-23 18:12:40,027	[DEBUG]	patch(0-5)="LineLLMMutation(('source.cpp', 4), "#include <iostream>\nusing namespace std;\n\nint t[10][10], u[10][10], ans[10][10], n, flg;\n\nint compute();\nvoid dfs(int);\nvoid change(int, int);\n\nint main() {\n    cin >> n;\n    while (n--) {\n        flg = 0;\n        for (int i = 0; i < 10; i++) {\n            for (int j = 0; j < 10; j++) {\n                cin >> t[i][j];\n                ans[i][j] = 0;\n            }\n        }\n        dfs(0);\n    }\n    return 0;\n}\n\nvoid dfs(int x) {\n    if (x == 10) {\n        if (compute()) {\n            for (int i = 0; i < 10; i++) {\n                for (int j = 0; j < 10; j++) {\n                    if (j) cout << ' ';\n                    cout << ans[i][j];\n                }\n                cout << endl;\n            }\n        }\n        return;\n    }\n    ans[0][x] = 0;\n    dfs(x + 1);\n    ans[0][x] = 1;\n    dfs(x + 1);\n}\n\nint compute() {\n    for (int i = 0; i < 10; i++) {\n        for (int j = 0; j < 10; j++) {\n            u[i][j] = t[i][j];\n            if (i) ans[i][j] = 0;\n        }\n    }\n    for (int i = 0; i < 10; i++) {\n        if (ans[0][i]) change(0, i);\n    }\n    for (int i = 1; i < 10; i++) {\n        for (int j = 0; j < 10; j++) {\n            if (u[i - 1][j]) {\n                ans[i][j] = 1;\n                change(i, j);\n            }\n        }\n    }\n    for (int i = 0; i < 10; i++) {\n        if (u[9][i]) return 0;\n    }\n    return 1;\n}\n\nvoid change(int y, int x) {\n    u[y][x] = !u[y][x];\n    if (y > 0) u[y - 1][x] = !u[y - 1][x];\n    if (x > 0) u[y][x - 1] = !u[y][x - 1];\n    if (y < 9) u[y + 1][x] = !u[y + 1][x];\n    if (x < 9) u[y][x + 1] = !u[y][x + 1];\n}")"
2025-01-23 18:12:41,594	[DEBUG]	EXEC>  SUCCESS 3925450.9375
2025-01-23 18:12:41,594	[INFO]	0-6     SUCCESS               3925450.94 (98.59%) [1 edit(s)]  
2025-01-23 18:12:41,595	[DEBUG]	patch(0-6)="LineLLMMutation(('source.cpp', 5), "#include <iostream>\nusing namespace std;\n\nint t[10][10], u[10][10], ans[100], n, flg; // Change ans to a single dimension array\n\nint compute();\nvoid dfs(int);\nvoid change(int, int);\n\nint main() {\n    cin >> n;\n    while (n--) {\n        flg = 0;\n        for (int i = 0; i < 10; i++) {\n            for (int j = 0; j < 10; j++) {\n                cin >> t[i][j];\n                ans[i * 10 + j] = 0; // Initialize 1D array\n            }\n        }\n        dfs(0);\n    }\n    return 0;\n}\n\nvoid dfs(int x) {\n    if (x == 10) {\n        if (compute()) {\n            for (int i = 0; i < 10; i++) {\n                for (int j = 0; j < 10; j++) {\n                    if (j) cout << ' ';\n                    cout << ans[i * 10 + j]; // Access 1D array\n                }\n                cout << endl;\n            }\n        }\n        return;\n    }\n    ans[x] = 0; // Store in 1D\n    dfs(x + 1);\n    ans[x] = 1; // Store in 1D\n    dfs(x + 1);\n}\n\nint compute() {\n    for (int i = 0; i < 10; i++) {\n        for (int j = 0; j < 10; j++) {\n            u[i][j] = t[i][j];\n            if (i) ans[i * 10 + j] = 0; // Access 1D array\n        }\n    }\n    for (int i = 0; i < 10; i++) {\n        if (ans[i]) change(0, i);\n    }\n    for (int i = 1; i < 10; i++) {\n        for (int j = 0; j < 10; j++) {\n            if (u[i - 1][j]) {\n                ans[i * 10 + j] = 1; // Access 1D array\n                change(i, j);\n            }\n        }\n    }\n    for (int i = 0; i < 10; i++) {\n        if (u[9][i]) return 0;\n    }\n    return 1;\n}\n\nvoid change(int y, int x) {\n    u[y][x] = !u[y][x];\n    if (y > 0) u[y - 1][x] = !u[y - 1][x];\n    if (x > 0) u[y][x - 1] = !u[y][x - 1];\n    if (y < 9) u[y + 1][x] = !u[y + 1][x];\n    if (x < 9) u[y][x + 1] = !u[y][x + 1];\n}")"
2025-01-23 18:12:43,165	[DEBUG]	EXEC>  SUCCESS 3889550.875
2025-01-23 18:12:43,165	[INFO]	0-7     SUCCESS               3889550.88 (97.69%) [1 edit(s)]  
2025-01-23 18:12:43,166	[DEBUG]	patch(0-7)="LineLLMMutation(('source.cpp', 6), '#include <iostream>\nusing namespace std;\n\nstatic int t[10][10], u[10][10], ans[100], n, flg;\n\nint compute();\nvoid dfs(int);\nvoid change(int, int);\n\nint main() {\n    scanf("%d", &n);\n    while (n--) {\n        flg = 0;\n        for (int i = 0; i < 10; i++) {\n            for (int j = 0; j < 10; j++) {\n                scanf("%d", &t[i][j]);\n                ans[i * 10 + j] = 0;\n            }\n        }\n        dfs(0);\n    }\n    return 0;\n}\n\nvoid dfs(int x) {\n    if (x == 10) {\n        if (compute()) {\n            for (int i = 0; i < 10; i++) {\n                for (int j = 0; j < 10; j++) {\n                    if (j) printf(" ");\n                    printf("%d", ans[i * 10 + j]); // Use printf for output\n                }\n                printf("\\n");\n            }\n        }\n        return;\n    }\n    ans[x] = 0;\n    dfs(x + 1);\n    ans[x] = 1;\n    dfs(x + 1);\n}\n\nint compute() {\n    for (int i = 0; i < 10; i++) {\n        for (int j = 0; j < 10; j++) {\n            u[i][j] = t[i][j];\n            if (i) ans[i * 10 + j] = 0; // Access 1D array\n        }\n    }\n    for (int i = 0; i < 10; i++) {\n        if (ans[i]) change(0, i);\n    }\n    for (int i = 1; i < 10; i++) {\n        for (int j = 0; j < 10; j++) {\n            if (u[i - 1][j]) {\n                ans[i * 10 + j] = 1; // Access 1D array\n                change(i, j);\n            }\n        }\n    }\n    for (int i = 0; i < 10; i++) {\n        if (u[9][i]) return 0;\n    }\n    return 1;\n}\n\nvoid change(int y, int x) {\n    u[y][x] = !u[y][x];\n    if (y > 0) u[y - 1][x] = !u[y - 1][x];\n    if (x > 0) u[y][x - 1] = !u[y][x - 1];\n    if (y < 9) u[y + 1][x] = !u[y + 1][x];\n    if (x < 9) u[y][x + 1] = !u[y][x + 1];\n}')"
2025-01-23 18:12:44,550	[INFO]	0-8     TEST_CODE_ERROR       None (--) [1 edit(s)]  
2025-01-23 18:12:44,550	[DEBUG]	patch(0-8)="LineLLMMutation(('source.cpp', 7), '#include <iostream>\nusing namespace std;\n\nstatic int t[10][10], u[10][10], ans[100], n, flg;\n\nint compute();\nvoid change(int, int);\n\nint main() {\n    scanf("%d", &n);\n    while (n--) {\n        flg = 0;\n        for (int i = 0; i < 10; i++) {\n            for (int j = 0; j < 10; j++) {\n                scanf("%d", &t[i][j]);\n                ans[i * 10 + j] = 0;\n            }\n        }\n        for (int x = 0; x < 10; x++) {\n            if (x == 10) {\n                if (compute()) {\n                    for (int i = 0; i < 10; i++) {\n                        for (int j = 0; j < 10; j++) {\n                            if (j) printf(" ");\n                            printf("%d", ans[i * 10 + j]);\n                        }\n                        printf("\\n");\n                    }\n                }\n            } else {\n                ans[0] = 0;\n                for (int y = 1; y < 10; y++) {\n                    ans[0] = 1;\n                }\n            }\n        }\n    }\n    return 0;\n}\n\nint compute() {\n    for (int i = 0; i < 10; i++) {\n        for (int j = 0; j < 10; j++) {\n            u[i][j] = t[i][j];\n            if (i) ans[i * 10 + j] = 0;\n        }\n    }\n    for (int i = 0; i < 10; i++) {\n        if (ans[i]) change(0, i);\n    }\n    for (int i = 1; i < 10; i++) {\n        for (int j = 0; j < 10; j++) {\n            if (u[i - 1][j]) {\n                ans[i * 10 + j] = 1;\n                change(i, j);\n            }\n        }\n    }\n    for (int i = 0; i < 10; i++) {\n        if (u[9][i]) return 0;\n    }\n    return 1;\n}\n\nvoid change(int y, int x) {\n    u[y][x] = !u[y][x];\n    if (y > 0) u[y - 1][x] = !u[y - 1][x];\n    if (x > 0) u[y][x - 1] = !u[y][x - 1];\n    if (y < 9) u[y + 1][x] = !u[y + 1][x];\n    if (x < 9) u[y][x + 1] = !u[y][x + 1];\n}')"
2025-01-23 18:12:45,895	[INFO]	0-9     TEST_CODE_ERROR       None (--) [1 edit(s)]  
2025-01-23 18:12:45,896	[DEBUG]	patch(0-9)="LineLLMMutation(('source.cpp', 8), '#include <iostream>\nusing namespace std;\n\nint compute(int t[10][10], int u[10][10], int ans[100], int n);\nvoid change(int y, int x, int u[10][10]);\n\nint main() {\n    int t[10][10], u[10][10], ans[100], n, flg;\n    scanf("%d", &n);\n    while (n--) {\n        flg = 0;\n        for (int i = 0; i < 10; i++) {\n            for (int j = 0; j < 10; j++) {\n                scanf("%d", &t[i][j]);\n                ans[i * 10 + j] = 0;\n            }\n        }\n        compute(t, u, ans, n); // Pass arrays to compute\n    }\n    return 0;\n}\n\nint compute(int t[10][10], int u[10][10], int ans[100], int n) {\n    for (int i = 0; i < 10; i++) {\n        for (int j = 0; j < 10; j++) {\n            u[i][j] = t[i][j];\n            if (i) ans[i * 10 + j] = 0;\n        }\n    }\n    for (int i = 0; i < 10; i++) {\n        if (ans[i]) change(0, i, u);\n    }\n    for (int i = 1; i < 10; i++) {\n        for (int j = 0; j < 10; j++) {\n            if (u[i - 1][j]) {\n                ans[i * 10 + j] = 1;\n                change(i, j, u);\n            }\n        }\n    }\n    for (int i = 0; i < 10; i++) {\n        if (u[9][i]) return 0;\n    }\n    return 1;\n}\n\nvoid change(int y, int x, int u[10][10]) {\n    u[y][x] = !u[y][x];\n    if (y > 0) u[y - 1][x] = !u[y - 1][x];\n    if (x > 0) u[y][x - 1] = !u[y][x - 1];\n    if (y < 9) u[y + 1][x] = !u[y + 1][x];\n    if (x < 9) u[y][x + 1] = !u[y][x + 1];\n}')"
2025-01-23 18:12:47,311	[INFO]	0-10    TEST_CODE_ERROR       None (--) [1 edit(s)]  
2025-01-23 18:12:47,311	[DEBUG]	patch(0-10)="LineLLMMutation(('source.cpp', 9), '#include <iostream>\n#include <vector>\nusing namespace std;\n\nint compute(vector<vector<int>>& t, vector<vector<int>>& u, vector<int>& ans, int n);\nvoid change(int y, int x, vector<vector<int>>& u);\n\nint main() {\n    int n;\n    scanf("%d", &n);\n    while (n--) {\n        vector<vector<int>> t(10, vector<int>(10)), u(10, vector<int>(10));\n        vector<int> ans(100, 0);\n        for (int i = 0; i < 10; i++) {\n            for (int j = 0; j < 10; j++) {\n                scanf("%d", &t[i][j]);\n            }\n        }\n        compute(t, u, ans, n);\n    }\n    return 0;\n}\n\nint compute(vector<vector<int>>& t, vector<vector<int>>& u, vector<int>& ans, int n) {\n    for (int i = 0; i < 10; i++) {\n        for (int j = 0; j < 10; j++) {\n            u[i][j] = t[i][j];\n            if (i) ans[i * 10 + j] = 0;\n        }\n    }\n    for (int i = 0; i < 10; i++) {\n        if (ans[i]) change(0, i, u);\n    }\n    for (int i = 1; i < 10; i++) {\n        for (int j = 0; j < 10; j++) {\n            if (u[i - 1][j]) {\n                ans[i * 10 + j] = 1;\n                change(i, j, u);\n            }\n        }\n    }\n    for (int i = 0; i < 10; i++) {\n        if (u[9][i]) return 0;\n    }\n    return 1;\n}\n\nvoid change(int y, int x, vector<vector<int>>& u) {\n    u[y][x] = !u[y][x];\n    if (y > 0) u[y - 1][x] = !u[y - 1][x];\n    if (x > 0) u[y][x - 1] = !u[y][x - 1];\n    if (y < 9) u[y + 1][x] = !u[y + 1][x];\n    if (x < 9) u[y][x + 1] = !u[y][x + 1];\n}')"
2025-01-23 18:12:48,312	[INFO]	Step: 10
2025-01-23 18:12:48,312	[INFO]	Stop Steps: 100
2025-01-23 18:12:50,010	[DEBUG]	EXEC>  SUCCESS 3928352.0625
2025-01-23 18:12:50,010	[INFO]	REF     SUCCESS               3928352.06 (--) [0 edit(s)]  
2025-01-23 18:12:50,010	[INFO]	Best patch: 1
2025-01-23 18:12:50,372	[DEBUG]	EXEC>  SUCCESS 2515062.3125
2025-01-23 18:12:50,373	[INFO]	BEST    SUCCESS              *2515062.31 (64.02%) [0 edit(s)]  
2025-01-23 18:12:50,373	[INFO]	Best patch step: 1
2025-01-23 18:14:32,102	[INFO]	Step: 10
2025-01-23 18:14:32,102	[INFO]	Stop Steps: 100
2025-01-23 18:14:32,596	[DEBUG]	EXEC>  SUCCESS 2470422.5
2025-01-23 18:14:32,597	[INFO]	1-1     SUCCESS              *2470422.50 (62.89%) [1 edit(s)]  
2025-01-23 18:14:32,597	[DEBUG]	patch(1-1)="LineLLMMutation(('source.cpp', 1), '#include <cstdio>\nusing namespace std;\n\nint t[10][10], u[10][10], ans[10][10], n, flg;\n\nint compute();\nvoid dfs(int);\nvoid change(int, int);\n\nint main() {\n    scanf("%d", &n);\n    while (n--) {\n        flg = 0;\n        for (int i = 0; i < 10; i++) {\n            for (int j = 0; j < 10; j++) {\n                scanf("%d", &t[i][j]); // Use scanf for input\n                ans[i][j] = 0;\n            }\n        }\n        dfs(0);\n    }\n    return 0;\n}\n\nvoid dfs(int x) {\n    if (x == 10) {\n        if (compute()) {\n            for (int i = 0; i < 10; i++) {\n                for (int j = 0; j < 10; j++) {\n                    if (j) printf(" ");\n                    printf("%d", ans[i][j]); // Use printf for output\n                }\n                printf("\\n");\n            }\n        }\n        return;\n    }\n    ans[0][x] = 0;\n    dfs(x + 1);\n    ans[0][x] = 1;\n    dfs(x + 1);\n}\n\nint compute() {\n    for (int i = 0; i < 10; i++) {\n        for (int j = 0; j < 10; j++) {\n            u[i][j] = t[i][j];\n            if (i) ans[i][j] = 0;\n        }\n    }\n    for (int i = 0; i < 10; i++) {\n        if (ans[0][i]) change(0, i);\n    }\n    for (int i = 1; i < 10; i++) {\n        for (int j = 0; j < 10; j++) {\n            if (u[i - 1][j]) {\n                ans[i][j] = 1;\n                change(i, j);\n            }\n        }\n    }\n    for (int i = 0; i < 10; i++) {\n        if (u[9][i]) return 0;\n    }\n    return 1;\n}\n\nvoid change(int y, int x) {\n    u[y][x] = !u[y][x];\n    if (y > 0) u[y - 1][x] = !u[y - 1][x];\n    if (x > 0) u[y][x - 1] = !u[y][x - 1];\n    if (y < 9) u[y + 1][x] = !u[y + 1][x];\n    if (x < 9) u[y][x + 1] = !u[y][x + 1];\n}')"

2025-01-23 18:14:32,597	[INFO]	Step: 11
2025-01-23 18:14:32,597	[INFO]	Stop Steps: 100
2025-01-23 18:14:33,165	[DEBUG]	EXEC>  SUCCESS 4142889.8125
2025-01-23 18:14:33,166	[INFO]	1-2     SUCCESS               4142889.81 (105.46%) [1 edit(s)]  
2025-01-23 18:14:33,166	[DEBUG]	patch(1-2)="LineLLMMutation(('source.cpp', 6), '#include <iostream>\nusing namespace std;\n\nstatic int t[10][10], u[10][10], ans[100], n, flg;\n\nint compute();\nvoid dfs(int);\nvoid change(int, int);\n\nint main() {\n    scanf("%d", &n);\n    while (n--) {\n        flg = 0;\n        for (int i = 0; i < 10; i++) {\n            for (int j = 0; j < 10; j++) {\n                scanf("%d", &t[i][j]);\n                ans[i * 10 + j] = 0;\n            }\n        }\n        dfs(0);\n    }\n    return 0;\n}\n\nvoid dfs(int x) {\n    if (x == 10) {\n        if (compute()) {\n            for (int i = 0; i < 10; i++) {\n                for (int j = 0; j < 10; j++) {\n                    if (j) printf(" ");\n                    printf("%d", ans[i * 10 + j]); // Use printf for output\n                }\n                printf("\\n");\n            }\n        }\n        return;\n    }\n    ans[x] = 0;\n    dfs(x + 1);\n    ans[x] = 1;\n    dfs(x + 1);\n}\n\nint compute() {\n    for (int i = 0; i < 10; i++) {\n        for (int j = 0; j < 10; j++) {\n            u[i][j] = t[i][j];\n            if (i) ans[i * 10 + j] = 0; // Access 1D array\n        }\n    }\n    for (int i = 0; i < 10; i++) {\n        if (ans[i]) change(0, i);\n    }\n    for (int i = 1; i < 10; i++) {\n        for (int j = 0; j < 10; j++) {\n            if (u[i - 1][j]) {\n                ans[i * 10 + j] = 1; // Access 1D array\n                change(i, j);\n            }\n        }\n    }\n    for (int i = 0; i < 10; i++) {\n        if (u[9][i]) return 0;\n    }\n    return 1;\n}\n\nvoid change(int y, int x) {\n    u[y][x] = !u[y][x];\n    if (y > 0) u[y - 1][x] = !u[y - 1][x];\n    if (x > 0) u[y][x - 1] = !u[y][x - 1];\n    if (y < 9) u[y + 1][x] = !u[y + 1][x];\n    if (x < 9) u[y][x + 1] = !u[y][x + 1];\n}')"
2025-01-23 18:14:33,166	[INFO]	Step: 12
2025-01-23 18:14:33,166	[INFO]	Stop Steps: 100
2025-01-23 18:14:33,537	[DEBUG]	EXEC>  SUCCESS 2497335.0625
2025-01-23 18:14:33,538	[INFO]	1-3     SUCCESS               2497335.06 (63.57%) [1 edit(s)]  
2025-01-23 18:14:33,538	[DEBUG]	patch(1-3)="LineLLMCrossover(('source.cpp', 0), '#include <cstdio>\nusing namespace std;\n\nstatic int t[10][10], u[10][10], ans[100], n, flg;\n\nint compute();\nvoid dfs(int);\nvoid change(int, int);\n\nint main() {\n    scanf("%d", &n);\n    while (n--) {\n        flg = 0;\n        for (int i = 0; i < 10; i++) {\n            for (int j = 0; j < 10; j++) {\n                scanf("%d", &t[i][j]);\n                ans[i * 10 + j] = 0; // Accessing 1D array\n            }\n        }\n        dfs(0);\n    }\n    return 0;\n}\n\nvoid dfs(int x) {\n    if (x == 10) {\n        if (compute()) {\n            for (int i = 0; i < 10; i++) {\n                for (int j = 0; j < 10; j++) {\n                    if (j) printf(" ");\n                    printf("%d", ans[i * 10 + j]); // Use printf for output\n                }\n                printf("\\n");\n            }\n        }\n        return;\n    }\n    ans[x] = 0;\n    dfs(x + 1);\n    ans[x] = 1;\n    dfs(x + 1);\n}\n\nint compute() {\n    for (int i = 0; i < 10; i++) {\n        for (int j = 0; j < 10; j++) {\n            u[i][j] = t[i][j];\n            if (i) ans[i * 10 + j] = 0; // Accessing 1D array\n        }\n    }\n    for (int i = 0; i < 10; i++) {\n        if (ans[i]) change(0, i);\n    }\n    for (int i = 1; i < 10; i++) {\n        for (int j = 0; j < 10; j++) {\n            if (u[i - 1][j]) {\n                ans[i * 10 + j] = 1; // Accessing 1D array\n                change(i, j);\n            }\n        }\n    }\n    for (int i = 0; i < 10; i++) {\n        if (u[9][i]) return 0;\n    }\n    return 1;\n}\n\nvoid change(int y, int x) {\n    u[y][x] = !u[y][x];\n    if (y > 0) u[y - 1][x] = !u[y - 1][x];\n    if (x > 0) u[y][x - 1] = !u[y][x - 1];\n    if (y < 9) u[y + 1][x] = !u[y + 1][x];\n    if (x < 9) u[y][x + 1] = !u[y][x + 1];\n}')"
2025-01-23 18:14:33,538	[INFO]	Step: 13
2025-01-23 18:14:33,538	[INFO]	Stop Steps: 100
2025-01-23 18:14:34,106	[DEBUG]	EXEC>  SUCCESS 3994801.8125
2025-01-23 18:14:34,106	[INFO]	1-4     SUCCESS               3994801.81 (101.69%) [1 edit(s)]  
2025-01-23 18:14:34,106	[DEBUG]	patch(1-4)="LineLLMCrossover(('source.cpp', 1), "#include <iostream>\nusing namespace std;\n\nstatic int t[10][10], u[10][10], ans[10][10], n, flg;\n\nint compute();\nvoid dfs(int);\nvoid change(int, int);\n\nint main() {\n    cin >> n;\n    while (n--) {\n        flg = 0;\n        for (int i = 0; i < 10; i++) {\n            for (int j = 0; j < 10; j++) {\n                cin >> t[i][j]; // Use cin for input\n                ans[i][j] = 0;\n            }\n        }\n        dfs(0);\n    }\n    return 0;\n}\n\nvoid dfs(int x) {\n    if (x == 10) {\n        if (compute()) {\n            for (int i = 0; i < 10; i++) {\n                for (int j = 0; j < 10; j++) {\n                    if (j) cout << ' ';\n                    cout << ans[i][j]; // Use cout for output\n                }\n                cout << endl;\n            }\n        }\n        return;\n    }\n    ans[0][x] = 0;\n    dfs(x + 1);\n    ans[0][x] = 1;\n    dfs(x + 1);\n}\n\nint compute() {\n    for (int i = 0; i < 10; i++) {\n        for (int j = 0; j < 10; j++) {\n            u[i][j] = t[i][j];\n            if (i) ans[i][j] = 0;\n        }\n    }\n    for (int i = 0; i < 10; i++) {\n        if (ans[0][i]) change(0, i);\n    }\n    for (int i = 1; i < 10; i++) {\n        for (int j = 0; j < 10; j++) {\n            if (u[i - 1][j]) {\n                ans[i][j] = 1;\n                change(i, j);\n            }\n        }\n    }\n    for (int i = 0; i < 10; i++) {\n        if (u[9][i]) return 0;\n    }\n    return 1;\n}\n\nvoid change(int y, int x) {\n    u[y][x] = !u[y][x];\n    if (y > 0) u[y - 1][x] = !u[y - 1][x];\n    if (x > 0) u[y][x - 1] = !u[y][x - 1];\n    if (y < 9) u[y + 1][x] = !u[y + 1][x];\n    if (x < 9) u[y][x + 1] = !u[y][x + 1];\n}")"
2025-01-23 18:14:34,107	[INFO]	Step: 14
2025-01-23 18:14:34,107	[INFO]	Stop Steps: 100
2025-01-23 18:14:34,473	[DEBUG]	EXEC>  SUCCESS 2495936.5625
2025-01-23 18:14:34,473	[INFO]	1-5     SUCCESS               2495936.56 (63.54%) [1 edit(s)]  
2025-01-23 18:14:34,473	[DEBUG]	patch(1-5)="LineLLMCrossover(('source.cpp', 2), '#include <cstdio>\nusing namespace std;\n\nint t[10][10], u[10][10], ans[10][10], n, flg;\n\nint compute();\nvoid dfs(int);\nvoid change(int, int);\n\nint main() {\n    scanf("%d", &n);\n    while (n--) {\n        flg = 0;\n        for (int i = 0; i < 10; i++) {\n            for (int j = 0; j < 10; j++) {\n                scanf("%d", &t[i][j]); // Use scanf for input\n                ans[i][j] = 0;\n            }\n        }\n        dfs(0);\n    }\n    return 0;\n}\n\nvoid dfs(int x) {\n    if (x == 10) {\n        if (compute()) {\n            for (int i = 0; i < 10; i++) {\n                for (int j = 0; j < 10; j++) {\n                    if (j) printf(" ");\n                    printf("%d", ans[i][j]); // Use printf for output\n                }\n                printf("\\n");\n            }\n        }\n        return;\n    }\n    ans[0][x] = 0;\n    dfs(x + 1);\n    ans[0][x] = 1;\n    dfs(x + 1);\n}\n\nint compute() {\n    for (int i = 0; i < 10; i++) {\n        for (int j = 0; j < 10; j++) {\n            u[i][j] = t[i][j];\n            if (i) ans[i][j] = 0;\n        }\n    }\n    for (int i = 0; i < 10; i++) {\n        if (ans[0][i]) change(0, i);\n    }\n    for (int i = 1; i < 10; i++) {\n        for (int j = 0; j < 10; j++) {\n            if (u[i - 1][j]) {\n                ans[i][j] = 1;\n                change(i, j);\n            }\n        }\n    }\n    for (int i = 0; i < 10; i++) {\n        if (u[9][i]) return 0;\n    }\n    return 1;\n}\n\nvoid change(int y, int x) {\n    u[y][x] = !u[y][x];\n    if (y > 0) u[y - 1][x] = !u[y - 1][x];\n    if (x > 0) u[y][x - 1] = !u[y][x - 1];\n    if (y < 9) u[y + 1][x] = !u[y + 1][x];\n    if (x < 9) u[y][x + 1] = !u[y][x + 1];\n}')"
2025-01-23 18:14:34,473	[INFO]	Step: 15
2025-01-23 18:14:34,474	[INFO]	Stop Steps: 100
2025-01-23 18:14:35,065	[DEBUG]	EXEC>  SUCCESS 3999549.25
2025-01-23 18:14:35,066	[INFO]	1-6     SUCCESS               3999549.25 (101.81%) [1 edit(s)]  
2025-01-23 18:14:35,066	[DEBUG]	patch(1-6)="LineLLMCrossover(('source.cpp', 3), "#include <iostream>\nusing namespace std;\n\nstatic int t[10][10], u[10][10], ans[10][10], n, flg;\n\nint compute();\nvoid dfs(int);\nvoid change(int, int);\n\nint main() {\n    cin >> n;\n    while (n--) {\n        flg = 0;\n        for (int i = 0; i < 10; i++) {\n            for (int j = 0; j < 10; j++) {\n                cin >> t[i][j]; // Use cin for input\n                ans[i][j] = 0;\n            }\n        }\n        dfs(0);\n    }\n    return 0;\n}\n\nvoid dfs(int x) {\n    if (x == 10) {\n        if (compute()) {\n            for (int i = 0; i < 10; i++) {\n                for (int j = 0; j < 10; j++) {\n                    if (j) cout << ' ';\n                    cout << ans[i][j]; // Use cout for output\n                }\n                cout << endl;\n            }\n        }\n        return;\n    }\n    ans[0][x] = 0;\n    dfs(x + 1);\n    ans[0][x] = 1;\n    dfs(x + 1);\n}\n\nint compute() {\n    for (int i = 0; i < 10; i++) {\n        for (int j = 0; j < 10; j++) {\n            u[i][j] = t[i][j];\n            if (i) ans[i][j] = 0;\n        }\n    }\n    for (int i = 0; i < 10; i++) {\n        if (ans[0][i]) change(0, i);\n    }\n    for (int i = 1; i < 10; i++) {\n        for (int j = 0; j < 10; j++) {\n            if (u[i - 1][j]) {\n                ans[i][j] = 1;\n                change(i, j);\n            }\n        }\n    }\n    for (int i = 0; i < 10; i++) {\n        if (u[9][i]) return 0;\n    }\n    return 1;\n}\n\nvoid change(int y, int x) {\n    u[y][x] = !u[y][x];\n    if (y > 0) u[y - 1][x] = !u[y - 1][x];\n    if (x > 0) u[y][x - 1] = !u[y][x - 1];\n    if (y < 9) u[y + 1][x] = !u[y + 1][x];\n    if (x < 9) u[y][x + 1] = !u[y][x + 1];\n}")"
2025-01-23 18:14:35,066	[INFO]	Step: 16
2025-01-23 18:14:35,066	[INFO]	Stop Steps: 100
2025-01-23 18:14:35,266	[INFO]	1-7     TEST_CODE_ERROR       None (--) [2 edit(s)]  
2025-01-23 18:14:35,266	[DEBUG]	patch(1-7)="LineLLMMutation(('source.cpp', 1), '#include <cstdio>\nusing namespace std;\n\nint t[10][10], u[10][10], ans[10][10], n, flg;\n\nint compute();\nvoid dfs(int);\nvoid change(int, int);\n\nint main() {\n    scanf("%d", &n);\n    while (n--) {\n        flg = 0;\n        for (int i = 0; i < 10; i++) {\n            for (int j = 0; j < 10; j++) {\n                scanf("%d", &t[i][j]); // Use scanf for input\n                ans[i][j] = 0;\n            }\n        }\n        dfs(0);\n    }\n    return 0;\n}\n\nvoid dfs(int x) {\n    if (x == 10) {\n        if (compute()) {\n            for (int i = 0; i < 10; i++) {\n                for (int j = 0; j < 10; j++) {\n                    if (j) printf(" ");\n                    printf("%d", ans[i][j]); // Use printf for output\n                }\n                printf("\\n");\n            }\n        }\n        return;\n    }\n    ans[0][x] = 0;\n    dfs(x + 1);\n    ans[0][x] = 1;\n    dfs(x + 1);\n}\n\nint compute() {\n    for (int i = 0; i < 10; i++) {\n        for (int j = 0; j < 10; j++) {\n            u[i][j] = t[i][j];\n            if (i) ans[i][j] = 0;\n        }\n    }\n    for (int i = 0; i < 10; i++) {\n        if (ans[0][i]) change(0, i);\n    }\n    for (int i = 1; i < 10; i++) {\n        for (int j = 0; j < 10; j++) {\n            if (u[i - 1][j]) {\n                ans[i][j] = 1;\n                change(i, j);\n            }\n        }\n    }\n    for (int i = 0; i < 10; i++) {\n        if (u[9][i]) return 0;\n    }\n    return 1;\n}\n\nvoid change(int y, int x) {\n    u[y][x] = !u[y][x];\n    if (y > 0) u[y - 1][x] = !u[y - 1][x];\n    if (x > 0) u[y][x - 1] = !u[y][x - 1];\n    if (y < 9) u[y + 1][x] = !u[y + 1][x];\n    if (x < 9) u[y][x + 1] = !u[y][x + 1];\n}') | LineLLMMutation(('source.cpp', 10), '#include <cstdio>\nusing namespace std;\n\nint t[10][10], u[10][10], ans[10][10], n, flg;\n\nint compute();\nvoid dfs(int);\nvoid change(int, int);\n\nint main() {\n    scanf("%d", &n);\n    while (n--) {\n        flg = 0;\n        for (int i = 0; i < 10; i++) {\n            for (int j = 0; j < 10; j++) {\n                scanf("%d", &t[i][j]);\n                ans[i][j] = 0;\n                u[i][j] = t[i][j]; // Initialize u directly here\n            }\n        }\n        dfs(0);\n    }\n    return 0;\n}\n\nvoid dfs(int x) {\n    if (x == 10) {\n        if (compute()) {\n            for (int i = 0; i < 10; i++) {\n                for (int j = 0; j < 10; j++) {\n                    if (j) printf(" ");\n                    printf("%d", ans[i][j]);\n                }\n                printf("\\n");\n            }\n        }\n        return;\n    }\n    ans[0][x] = 0;\n    dfs(x + 1);\n    ans[0][x] = 1;\n    dfs(x + 1);\n}\n\nint compute() {\n    for (int i = 0; i < 10; i++) {\n        for (int j = 0; j < 10; j++) {\n            if (i) ans[i][j] = 0; // Only reset ans if needed\n        }\n    }\n    for (int i = 0; i < 10; i++) {\n        if (ans[0][i]) change(0, i);\n    }\n    for (int i = 1; i < 10; i++) {\n        for (int j = 0; j < 10; j++) {\n            if (u[i - 1][j]) {\n                ans[i][j] = 1;\n                change(i, j);\n            }\n        }\n    }\n    for (int i = 0; i < 10; i++) {\n        if (u[9][i]) return 0;\n    }\n    return 1;\n}\n\nvoid change(int y, int x) {\n    u[y][x] = !u[y][x];\n    if (y > 0) u[y - 1][x] = !u[y - 1][x];\n    if (x > 0) u[y][x - 1] = !u[y][x - 1];\n    if (y < 9) u[y + 1][x] = !u[y + 1][x];\n    if (x < 9) u[y][x + 1] = !u[y][x + 1];\n}')"
2025-01-23 18:14:35,266	[INFO]	Step: 17
2025-01-23 18:14:35,266	[INFO]	Stop Steps: 100
2025-01-23 18:14:35,645	[INFO]	1-8     TEST_CODE_ERROR       None (--) [2 edit(s)]  
2025-01-23 18:14:35,645	[DEBUG]	patch(1-8)="LineLLMMutation(('source.cpp', 6), '#include <iostream>\nusing namespace std;\n\nstatic int t[10][10], u[10][10], ans[100], n, flg;\n\nint compute();\nvoid dfs(int);\nvoid change(int, int);\n\nint main() {\n    scanf("%d", &n);\n    while (n--) {\n        flg = 0;\n        for (int i = 0; i < 10; i++) {\n            for (int j = 0; j < 10; j++) {\n                scanf("%d", &t[i][j]);\n                ans[i * 10 + j] = 0;\n            }\n        }\n        dfs(0);\n    }\n    return 0;\n}\n\nvoid dfs(int x) {\n    if (x == 10) {\n        if (compute()) {\n            for (int i = 0; i < 10; i++) {\n                for (int j = 0; j < 10; j++) {\n                    if (j) printf(" ");\n                    printf("%d", ans[i * 10 + j]); // Use printf for output\n                }\n                printf("\\n");\n            }\n        }\n        return;\n    }\n    ans[x] = 0;\n    dfs(x + 1);\n    ans[x] = 1;\n    dfs(x + 1);\n}\n\nint compute() {\n    for (int i = 0; i < 10; i++) {\n        for (int j = 0; j < 10; j++) {\n            u[i][j] = t[i][j];\n            if (i) ans[i * 10 + j] = 0; // Access 1D array\n        }\n    }\n    for (int i = 0; i < 10; i++) {\n        if (ans[i]) change(0, i);\n    }\n    for (int i = 1; i < 10; i++) {\n        for (int j = 0; j < 10; j++) {\n            if (u[i - 1][j]) {\n                ans[i * 10 + j] = 1; // Access 1D array\n                change(i, j);\n            }\n        }\n    }\n    for (int i = 0; i < 10; i++) {\n        if (u[9][i]) return 0;\n    }\n    return 1;\n}\n\nvoid change(int y, int x) {\n    u[y][x] = !u[y][x];\n    if (y > 0) u[y - 1][x] = !u[y - 1][x];\n    if (x > 0) u[y][x - 1] = !u[y][x - 1];\n    if (y < 9) u[y + 1][x] = !u[y + 1][x];\n    if (x < 9) u[y][x + 1] = !u[y][x + 1];\n}') | LineLLMMutation(('source.cpp', 11), '#include <iostream>\nusing namespace std;\n\nstatic int t[100], u[100], ans[100], n, flg;\n\nint compute();\nvoid dfs(int);\nvoid change(int, int);\n\nint main() {\n    scanf("%d", &n);\n    while (n--) {\n        flg = 0;\n        for (int i = 0; i < 100; i++) {\n            scanf("%d", &t[i]);\n            ans[i] = 0;\n        }\n        dfs(0);\n    }\n    return 0;\n}\n\nvoid dfs(int x) {\n    if (x == 10) {\n        if (compute()) {\n            for (int i = 0; i < 10; i++) {\n                for (int j = 0; j < 10; j++) {\n                    if (j) printf(" ");\n                    printf("%d", ans[i * 10 + j]); // Use printf for output\n                }\n                printf("\\n");\n            }\n        }\n        return;\n    }\n    ans[x] = 0;\n    dfs(x + 1);\n    ans[x] = 1;\n    dfs(x + 1);\n}\n\nint compute() {\n    for (int i = 0; i < 100; i++) {\n        u[i] = t[i]; // Access 1D array\n        if (i < 10) ans[i] = 0; // Initialize only the first row\n    }\n    for (int i = 0; i < 10; i++) {\n        if (ans[i]) change(0, i);\n    }\n    for (int i = 1; i < 10; i++) {\n        for (int j = 0; j < 10; j++) {\n            if (u[(i - 1) * 10 + j]) {\n                ans[i * 10 + j] = 1; // Access 1D array\n                change(i, j);\n            }\n        }\n    }\n    for (int i = 0; i < 10; i++) {\n        if (u[90 + i]) return 0; // Check last row in 1D array\n    }\n    return 1;\n}\n\nvoid change(int y, int x) {\n    u[y * 10 + x] = !u[y * 10 + x]; // Update 1D array\n    if (y > 0) u[(y - 1) * 10 + x] = !u[(y - 1) * 10 + x];\n    if (x > 0) u[y * 10 + (x - 1)] = !u[y * 10 + (x - 1)];\n    if (y < 9) u[(y + 1) * 10 + x] = !u[(y + 1) * 10 + x];\n    if (x < 9) u[y * 10 + (x + 1)] = !u[y * 10 + (x + 1)];\n}')"
2025-01-23 18:14:35,645	[INFO]	Step: 18
2025-01-23 18:14:35,645	[INFO]	Stop Steps: 100
2025-01-23 18:14:36,073	[INFO]	1-9     TEST_CODE_ERROR       None (--) [2 edit(s)]  
2025-01-23 18:14:36,073	[DEBUG]	patch(1-9)="LineLLMMutation(('source.cpp', 4), "#include <iostream>\nusing namespace std;\n\nint t[10][10], u[10][10], ans[10][10], n, flg;\n\nint compute();\nvoid dfs(int);\nvoid change(int, int);\n\nint main() {\n    cin >> n;\n    while (n--) {\n        flg = 0;\n        for (int i = 0; i < 10; i++) {\n            for (int j = 0; j < 10; j++) {\n                cin >> t[i][j];\n                ans[i][j] = 0;\n            }\n        }\n        dfs(0);\n    }\n    return 0;\n}\n\nvoid dfs(int x) {\n    if (x == 10) {\n        if (compute()) {\n            for (int i = 0; i < 10; i++) {\n                for (int j = 0; j < 10; j++) {\n                    if (j) cout << ' ';\n                    cout << ans[i][j];\n                }\n                cout << endl;\n            }\n        }\n        return;\n    }\n    ans[0][x] = 0;\n    dfs(x + 1);\n    ans[0][x] = 1;\n    dfs(x + 1);\n}\n\nint compute() {\n    for (int i = 0; i < 10; i++) {\n        for (int j = 0; j < 10; j++) {\n            u[i][j] = t[i][j];\n            if (i) ans[i][j] = 0;\n        }\n    }\n    for (int i = 0; i < 10; i++) {\n        if (ans[0][i]) change(0, i);\n    }\n    for (int i = 1; i < 10; i++) {\n        for (int j = 0; j < 10; j++) {\n            if (u[i - 1][j]) {\n                ans[i][j] = 1;\n                change(i, j);\n            }\n        }\n    }\n    for (int i = 0; i < 10; i++) {\n        if (u[9][i]) return 0;\n    }\n    return 1;\n}\n\nvoid change(int y, int x) {\n    u[y][x] = !u[y][x];\n    if (y > 0) u[y - 1][x] = !u[y - 1][x];\n    if (x > 0) u[y][x - 1] = !u[y][x - 1];\n    if (y < 9) u[y + 1][x] = !u[y + 1][x];\n    if (x < 9) u[y][x + 1] = !u[y][x + 1];\n}") | LineLLMMutation(('source.cpp', 12), "#include <iostream>\nusing namespace std;\n\nint t[10][10], u[10][10], ans[10][10], n, flg;\n\nint compute();\nvoid dfs(int);\nvoid change(int, int);\n\nint main() {\n    cin >> n;\n    while (n--) {\n        flg = 0;\n        for (int i = 0; i < 10; i++) {\n            for (int j = 0; j < 10; j++) {\n                cin >> t[i][j];\n                ans[i][j] = 0;\n            }\n        }\n        dfs(0);\n    }\n    return 0;\n}\n\nvoid dfs(int x) {\n    if (x == 10) {\n        if (compute()) {\n            for (int i = 0; i < 10; i++) {\n                for (int j = 0; j < 10; j++) {\n                    if (j) cout << ' ';\n                    cout << ans[i][j];\n                }\n                cout << endl;\n            }\n        }\n        return;\n    }\n    ans[0][x] = 0;\n    dfs(x + 1);\n    ans[0][x] = 1;\n    dfs(x + 1);\n}\n\nint compute() {\n    // Combine initialization of u and ans\n    for (int i = 0; i < 10; i++) {\n        for (int j = 0; j < 10; j++) {\n            u[i][j] = t[i][j];\n            ans[i][j] = (i == 0) ? 0 : 1; // Initialize ans directly\n        }\n    }\n    for (int i = 0; i < 10; i++) {\n        if (ans[0][i]) change(0, i);\n    }\n    for (int i = 1; i < 10; i++) {\n        for (int j = 0; j < 10; j++) {\n            if (u[i - 1][j]) {\n                ans[i][j] = 1;\n                change(i, j);\n            }\n        }\n    }\n    for (int i = 0; i < 10; i++) {\n        if (u[9][i]) return 0;\n    }\n    return 1;\n}\n\nvoid change(int y, int x) {\n    u[y][x] = !u[y][x];\n    if (y > 0) u[y - 1][x] = !u[y - 1][x];\n    if (x > 0) u[y][x - 1] = !u[y][x - 1];\n    if (y < 9) u[y + 1][x] = !u[y + 1][x];\n    if (x < 9) u[y][x + 1] = !u[y][x + 1];\n}")"
2025-01-23 18:14:36,073	[INFO]	Step: 19
2025-01-23 18:14:36,073	[INFO]	Stop Steps: 100
2025-01-23 18:14:36,708	[INFO]	1-10    TEST_CODE_ERROR       None (--) [2 edit(s)]  
2025-01-23 18:14:36,708	[DEBUG]	patch(1-10)="LineLLMMutation(('source.cpp', 3), "#include <iostream>\nusing namespace std;\n\nstatic int t[10][10], u[10][10], ans[10][10], n, flg;\n\nint compute();\nvoid dfs(int);\nvoid change(int, int);\n\nint main() {\n    cin >> n;\n    while (n--) {\n        flg = 0;\n        for (int i = 0; i < 10; i++) {\n            for (int j = 0; j < 10; j++) {\n                cin >> t[i][j];\n                ans[i][j] = 0;\n            }\n        }\n        dfs(0);\n    }\n    return 0;\n}\n\nvoid dfs(int x) {\n    if (x == 10) {\n        if (compute()) {\n            for (int i = 0; i < 10; i++) {\n                for (int j = 0; j < 10; j++) {\n                    if (j) cout << ' ';\n                    cout << ans[i][j];\n                }\n                cout << endl;\n            }\n        }\n        return;\n    }\n    ans[0][x] = 0;\n    dfs(x + 1);\n    ans[0][x] = 1;\n    dfs(x + 1);\n}\n\nint compute() {\n    for (int i = 0; i < 10; i++) {\n        for (int j = 0; j < 10; j++) {\n            u[i][j] = t[i][j];\n            if (i) ans[i][j] = 0;\n        }\n    }\n    for (int i = 0; i < 10; i++) {\n        if (ans[0][i]) change(0, i);\n    }\n    for (int i = 1; i < 10; i++) {\n        for (int j = 0; j < 10; j++) {\n            if (u[i - 1][j]) {\n                ans[i][j] = 1;\n                change(i, j);\n            }\n        }\n    }\n    for (int i = 0; i < 10; i++) {\n        if (u[9][i]) return 0;\n    }\n    return 1;\n}\n\nvoid change(int y, int x) {\n    u[y][x] = !u[y][x];\n    if (y > 0) u[y - 1][x] = !u[y - 1][x];\n    if (x > 0) u[y][x - 1] = !u[y][x - 1];\n    if (y < 9) u[y + 1][x] = !u[y + 1][x];\n    if (x < 9) u[y][x + 1] = !u[y][x + 1];\n}") | LineLLMMutation(('source.cpp', 13), "#include <iostream>\nusing namespace std;\n\nstatic int t[10][10], u[10][10], ans[10][10], n, flg;\n\nint compute();\nvoid dfs(int);\nvoid change(int, int);\n\nint main() {\n    cin >> n;\n    while (n--) {\n        flg = 0;\n        for (int i = 0; i < 10; i++) {\n            for (int j = 0; j < 10; j++) {\n                cin >> t[i][j];\n                ans[i][j] = 0;\n            }\n        }\n        dfs(0);\n    }\n    return 0;\n}\n\nvoid dfs(int x) {\n    if (x == 10) {\n        if (compute()) {\n            for (int i = 0; i < 10; i++) {\n                for (int j = 0; j < 10; j++) {\n                    if (j) cout << ' ';\n                    cout << ans[i][j];\n                }\n                cout << endl;\n            }\n        }\n        return;\n    }\n    ans[0][x] = 0;\n    dfs(x + 1);\n    ans[0][x] = 1;\n    dfs(x + 1);\n}\n\nint compute() {\n    // Directly using the flags in ans to reduce the number of memory writes\n    for (int i = 0; i < 10; i++) {\n        for (int j = 0; j < 10; j++) {\n            u[i][j] = t[i][j];\n            ans[i][j] = (i == 0) ? 0 : ans[i][j]; // Only zero out for the first row\n        }\n    }\n    for (int i = 0; i < 10; i++) {\n        if (ans[0][i]) change(0, i);\n    }\n    for (int i = 1; i < 10; i++) {\n        for (int j = 0; j < 10; j++) {\n            if (u[i - 1][j]) {\n                ans[i][j] = 1;\n                change(i, j);\n            }\n        }\n    }\n    for (int i = 0; i < 10; i++) {\n        if (u[9][i]) return 0;\n    }\n    return 1;\n}\n\nvoid change(int y, int x) {\n    u[y][x] = !u[y][x];\n    if (y > 0) u[y - 1][x] = !u[y - 1][x];\n    if (x > 0) u[y][x - 1] = !u[y][x - 1];\n    if (y < 9) u[y + 1][x] = !u[y + 1][x];\n    if (x < 9) u[y][x + 1] = !u[y][x + 1];\n}")"
2025-01-23 18:14:36,708	[INFO]	Step: 20
2025-01-23 18:14:36,708	[INFO]	Stop Steps: 100
2025-01-23 18:14:38,404	[DEBUG]	EXEC>  SUCCESS 3907203.6875
2025-01-23 18:14:38,404	[INFO]	REF     SUCCESS               3907203.69 (--) [0 edit(s)]  
2025-01-23 18:14:38,404	[INFO]	Best patch: 1
2025-01-23 18:14:38,769	[DEBUG]	EXEC>  SUCCESS 2483200.6875
2025-01-23 18:14:38,769	[INFO]	BEST    SUCCESS              *2483200.69 (63.55%) [0 edit(s)]  
2025-01-23 18:14:38,769	[INFO]	Best patch step: 10
2025-01-23 18:16:23,846	[INFO]	Step: 20
2025-01-23 18:16:23,847	[INFO]	Stop Steps: 100
2025-01-23 18:16:24,338	[DEBUG]	EXEC>  SUCCESS 2445032.4375
2025-01-23 18:16:24,339	[INFO]	2-1     SUCCESS              *2445032.44 (62.58%) [1 edit(s)]  
2025-01-23 18:16:24,339	[DEBUG]	patch(2-1)="LineLLMMutation(('source.cpp', 1), '#include <cstdio>\nusing namespace std;\n\nint t[10][10], u[10][10], ans[10][10], n, flg;\n\nint compute();\nvoid dfs(int);\nvoid change(int, int);\n\nint main() {\n    scanf("%d", &n);\n    while (n--) {\n        flg = 0;\n        for (int i = 0; i < 10; i++) {\n            for (int j = 0; j < 10; j++) {\n                scanf("%d", &t[i][j]); // Use scanf for input\n                ans[i][j] = 0;\n            }\n        }\n        dfs(0);\n    }\n    return 0;\n}\n\nvoid dfs(int x) {\n    if (x == 10) {\n        if (compute()) {\n            for (int i = 0; i < 10; i++) {\n                for (int j = 0; j < 10; j++) {\n                    if (j) printf(" ");\n                    printf("%d", ans[i][j]); // Use printf for output\n                }\n                printf("\\n");\n            }\n        }\n        return;\n    }\n    ans[0][x] = 0;\n    dfs(x + 1);\n    ans[0][x] = 1;\n    dfs(x + 1);\n}\n\nint compute() {\n    for (int i = 0; i < 10; i++) {\n        for (int j = 0; j < 10; j++) {\n            u[i][j] = t[i][j];\n            if (i) ans[i][j] = 0;\n        }\n    }\n    for (int i = 0; i < 10; i++) {\n        if (ans[0][i]) change(0, i);\n    }\n    for (int i = 1; i < 10; i++) {\n        for (int j = 0; j < 10; j++) {\n            if (u[i - 1][j]) {\n                ans[i][j] = 1;\n                change(i, j);\n            }\n        }\n    }\n    for (int i = 0; i < 10; i++) {\n        if (u[9][i]) return 0;\n    }\n    return 1;\n}\n\nvoid change(int y, int x) {\n    u[y][x] = !u[y][x];\n    if (y > 0) u[y - 1][x] = !u[y - 1][x];\n    if (x > 0) u[y][x - 1] = !u[y][x - 1];\n    if (y < 9) u[y + 1][x] = !u[y + 1][x];\n    if (x < 9) u[y][x + 1] = !u[y][x + 1];\n}')"

2025-01-23 18:16:24,339	[INFO]	Step: 21
2025-01-23 18:16:24,339	[INFO]	Stop Steps: 100
2025-01-23 18:16:24,698	[DEBUG]	EXEC>  SUCCESS 2482379.0625
2025-01-23 18:16:24,699	[INFO]	2-2     SUCCESS               2482379.06 (63.53%) [1 edit(s)]  
2025-01-23 18:16:24,699	[DEBUG]	patch(2-2)="LineLLMCrossover(('source.cpp', 2), '#include <cstdio>\nusing namespace std;\n\nint t[10][10], u[10][10], ans[10][10], n, flg;\n\nint compute();\nvoid dfs(int);\nvoid change(int, int);\n\nint main() {\n    scanf("%d", &n);\n    while (n--) {\n        flg = 0;\n        for (int i = 0; i < 10; i++) {\n            for (int j = 0; j < 10; j++) {\n                scanf("%d", &t[i][j]); // Use scanf for input\n                ans[i][j] = 0;\n            }\n        }\n        dfs(0);\n    }\n    return 0;\n}\n\nvoid dfs(int x) {\n    if (x == 10) {\n        if (compute()) {\n            for (int i = 0; i < 10; i++) {\n                for (int j = 0; j < 10; j++) {\n                    if (j) printf(" ");\n                    printf("%d", ans[i][j]); // Use printf for output\n                }\n                printf("\\n");\n            }\n        }\n        return;\n    }\n    ans[0][x] = 0;\n    dfs(x + 1);\n    ans[0][x] = 1;\n    dfs(x + 1);\n}\n\nint compute() {\n    for (int i = 0; i < 10; i++) {\n        for (int j = 0; j < 10; j++) {\n            u[i][j] = t[i][j];\n            if (i) ans[i][j] = 0;\n        }\n    }\n    for (int i = 0; i < 10; i++) {\n        if (ans[0][i]) change(0, i);\n    }\n    for (int i = 1; i < 10; i++) {\n        for (int j = 0; j < 10; j++) {\n            if (u[i - 1][j]) {\n                ans[i][j] = 1;\n                change(i, j);\n            }\n        }\n    }\n    for (int i = 0; i < 10; i++) {\n        if (u[9][i]) return 0;\n    }\n    return 1;\n}\n\nvoid change(int y, int x) {\n    u[y][x] = !u[y][x];\n    if (y > 0) u[y - 1][x] = !u[y - 1][x];\n    if (x > 0) u[y][x - 1] = !u[y][x - 1];\n    if (y < 9) u[y + 1][x] = !u[y + 1][x];\n    if (x < 9) u[y][x + 1] = !u[y][x + 1];\n}')"
2025-01-23 18:16:24,699	[INFO]	Step: 22
2025-01-23 18:16:24,699	[INFO]	Stop Steps: 100
2025-01-23 18:16:24,929	[INFO]	2-3     COMPILE_CODE_ERROR    None (--) [1 edit(s)]  
2025-01-23 18:16:24,929	[DEBUG]	patch(2-3)="LineLLMCrossover(('source.cpp', 4), "#include <iostream>\nusing namespace std;\n\nint t[10][10], u[10][10], ans[10][10], n, flg;\n\nint compute();\nvoid dfs(int);\n\nint main() {\n    cin >> n;\n    while (n--) {\n        flg = 0;\n        for (int i = 0; i < 10; i++) {\n            for (int j = 0; j < 10; j++) {\n                cin >> t[i][j];\n                ans[i][j] = 0;\n            }\n        }\n        dfs(0);\n    }\n    return 0;\n}\n\nvoid dfs(int x) {\n    if (x == 10) {\n        if (compute()) {\n            for (int i = 0; i < 10; i++) {\n                for (int j = 0; j < 10; j++) {\n                    if (j) cout << ' ';\n                    cout << ans[i][j];\n                }\n                cout << endl;\n            }\n        }\n        return;\n    }\n    ans[0][x] = 0;\n    dfs(x + 1);\n    ans[0][x] = 1;\n    dfs(x + 1);\n}\n\nint compute() {\n    for (int i = 0; i < 10; i++) {\n        for (int j = 0; j < 10; j++) {\n            u[i][j] = t[i][j];\n            if (i) ans[i][j] = 0;\n        }\n    }\n    for (int i = 0; i < 10; i++) {\n        if (ans[0][i]) change(0, i);\n    }\n    for (int i = 1; i < 10; i++) {\n        for (int j = 0; j < 10; j++) {\n            if (u[i - 1][j]) {\n                ans[i][j] = 1;\n                change(i, j);\n            }\n        }\n    }\n    for (int i = 0; i < 10; i++) {\n        if (u[9][i]) return 0;\n    }\n    return 1;\n}\n\nvoid change(int y, int x) {\n    u[y][x] = !u[y][x];\n    if (y > 0) u[y - 1][x] = !u[y - 1][x];\n    if (x > 0) u[y][x - 1] = !u[y][x - 1];\n    if (y < 9) u[y + 1][x] = !u[y + 1][x];\n    if (x < 9) u[y][x + 1] = !u[y][x + 1];\n}")"
2025-01-23 18:16:24,929	[INFO]	Step: 23
2025-01-23 18:16:24,929	[INFO]	Stop Steps: 100
2025-01-23 18:16:24,993	[INFO]	2-4     COMPILE_CODE_ERROR    None (--) [1 edit(s)]  
2025-01-23 18:16:24,994	[DEBUG]	patch(2-4)="LineLLMCrossover(('source.cpp', 5), '#include <cstdio>\nusing namespace std;\n\nstatic int t[10][10], u[10][10], ans[100], n, flg;\n\nint compute();\nvoid dfs(int);\n\nint main() {\n    scanf("%d", &n);\n    while (n--) {\n        flg = 0;\n        for (int i = 0; i < 10; i++) {\n            for (int j = 0; j < 10; j++) {\n                scanf("%d", &t[i][j]);\n                ans[i * 10 + j] = 0;\n            }\n        }\n        dfs(0);\n    }\n    return 0;\n}\n\nvoid dfs(int x) {\n    if (x == 10) {\n        if (compute()) {\n            for (int i = 0; i < 10; i++) {\n                for (int j = 0; j < 10; j++) {\n                    if (j) printf(" ");\n                    printf("%d", ans[i * 10 + j]);\n                }\n                printf("\\n");\n            }\n        }\n        return;\n    }\n    ans[x] = 0;\n    dfs(x + 1);\n    ans[x] = 1;\n    dfs(x + 1);\n}\n\nint compute() {\n    for (int i = 0; i < 10; i++) {\n        for (int j = 0; j < 10; j++) {\n            u[i][j] = t[i][j];\n            if (i) ans[i * 10 + j] = 0;\n        }\n    }\n    for (int i = 0; i < 10; i++) {\n        if (ans[i]) change(0, i);\n    }\n    for (int i = 1; i < 10; i++) {\n        for (int j = 0; j < 10; j++) {\n            if (u[i - 1][j]) {\n                ans[i * 10 + j] = 1;\n                change(i, j);\n            }\n        }\n    }\n    for (int i = 0; i < 10; i++) {\n        if (u[9][i]) return 0;\n    }\n    return 1;\n}\n\nvoid change(int y, int x) {\n    u[y][x] = !u[y][x];\n    if (y > 0) u[y - 1][x] = !u[y - 1][x];\n    if (x > 0) u[y][x - 1] = !u[y][x - 1];\n    if (y < 9) u[y + 1][x] = !u[y + 1][x];\n    if (x < 9) u[y][x + 1] = !u[y][x + 1];\n}')"
2025-01-23 18:16:24,994	[INFO]	Step: 24
2025-01-23 18:16:24,994	[INFO]	Stop Steps: 100
2025-01-23 18:16:25,215	[INFO]	2-5     COMPILE_CODE_ERROR    None (--) [1 edit(s)]  
2025-01-23 18:16:25,216	[DEBUG]	patch(2-5)="LineLLMCrossover(('source.cpp', 6), "#include <iostream>\nusing namespace std;\n\nint t[10][10], u[10][10], ans[10][10], n, flg;\n\nint compute();\nvoid dfs(int);\n\nint main() {\n    cin >> n;\n    while (n--) {\n        flg = 0;\n        for (int i = 0; i < 10; i++) {\n            for (int j = 0; j < 10; j++) {\n                cin >> t[i][j];\n                ans[i][j] = 0;\n            }\n        }\n        dfs(0);\n    }\n    return 0;\n}\n\nvoid dfs(int x) {\n    if (x == 10) {\n        if (compute()) {\n            for (int i = 0; i < 10; i++) {\n                for (int j = 0; j < 10; j++) {\n                    if (j) cout << ' ';\n                    cout << ans[i][j];\n                }\n                cout << endl;\n            }\n        }\n        return;\n    }\n    ans[0][x] = 0;\n    dfs(x + 1);\n    ans[0][x] = 1;\n    dfs(x + 1);\n}\n\nint compute() {\n    for (int i = 0; i < 10; i++) {\n        for (int j = 0; j < 10; j++) {\n            u[i][j] = t[i][j];\n            if (i) ans[i][j] = 0;\n        }\n    }\n    for (int i = 0; i < 10; i++) {\n        if (ans[0][i]) change(0, i);\n    }\n    for (int i = 1; i < 10; i++) {\n        for (int j = 0; j < 10; j++) {\n            if (u[i - 1][j]) {\n                ans[i][j] = 1;\n                change(i, j);\n            }\n        }\n    }\n    for (int i = 0; i < 10; i++) {\n        if (u[9][i]) return 0;\n    }\n    return 1;\n}\n\nvoid change(int y, int x) {\n    u[y][x] = !u[y][x];\n    if (y > 0) u[y - 1][x] = !u[y - 1][x];\n    if (x > 0) u[y][x - 1] = !u[y][x - 1];\n    if (y < 9) u[y + 1][x] = !u[y + 1][x];\n    if (x < 9) u[y][x + 1] = !u[y][x + 1];\n}")"
2025-01-23 18:16:25,216	[INFO]	Step: 25
2025-01-23 18:16:25,216	[INFO]	Stop Steps: 100
2025-01-23 18:16:25,281	[INFO]	2-6     COMPILE_CODE_ERROR    None (--) [1 edit(s)]  
2025-01-23 18:16:25,281	[DEBUG]	patch(2-6)="LineLLMCrossover(('source.cpp', 7), '#include <cstdio>\nusing namespace std;\n\nstatic int t[10][10], u[10][10], ans[10][10], n, flg;\n\nint compute();\nvoid dfs(int);\n\nint main() {\n    scanf("%d", &n);\n    while (n--) {\n        flg = 0;\n        for (int i = 0; i < 10; i++) {\n            for (int j = 0; j < 10; j++) {\n                scanf("%d", &t[i][j]);\n                ans[i][j] = 0;\n            }\n        }\n        dfs(0);\n    }\n    return 0;\n}\n\nvoid dfs(int x) {\n    if (x == 10) {\n        if (compute()) {\n            for (int i = 0; i < 10; i++) {\n                for (int j = 0; j < 10; j++) {\n                    if (j) printf(" ");\n                    printf("%d", ans[i][j]);\n                }\n                printf("\\n");\n            }\n        }\n        return;\n    }\n    ans[0][x] = 0;\n    dfs(x + 1);\n    ans[0][x] = 1;\n    dfs(x + 1);\n}\n\nint compute() {\n    for (int i = 0; i < 10; i++) {\n        for (int j = 0; j < 10; j++) {\n            u[i][j] = t[i][j];\n            if (i) ans[i][j] = 0;\n        }\n    }\n    for (int i = 0; i < 10; i++) {\n        if (ans[0][i]) change(0, i);\n    }\n    for (int i = 1; i < 10; i++) {\n        for (int j = 0; j < 10; j++) {\n            if (u[i - 1][j]) {\n                ans[i][j] = 1;\n                change(i, j);\n            }\n        }\n    }\n    for (int i = 0; i < 10; i++) {\n        if (u[9][i]) return 0;\n    }\n    return 1;\n}\n\nvoid change(int y, int x) {\n    u[y][x] = !u[y][x];\n    if (y > 0) u[y - 1][x] = !u[y - 1][x];\n    if (x > 0) u[y][x - 1] = !u[y][x - 1];\n    if (y < 9) u[y + 1][x] = !u[y + 1][x];\n    if (x < 9) u[y][x + 1] = !u[y][x + 1];\n}')"
2025-01-23 18:16:25,281	[INFO]	Step: 26
2025-01-23 18:16:25,281	[INFO]	Stop Steps: 100
2025-01-23 18:16:25,489	[INFO]	2-7     TEST_CODE_ERROR       None (--) [2 edit(s)]  
2025-01-23 18:16:25,489	[DEBUG]	patch(2-7)="LineLLMMutation(('source.cpp', 1), '#include <cstdio>\nusing namespace std;\n\nint t[10][10], u[10][10], ans[10][10], n, flg;\n\nint compute();\nvoid dfs(int);\nvoid change(int, int);\n\nint main() {\n    scanf("%d", &n);\n    while (n--) {\n        flg = 0;\n        for (int i = 0; i < 10; i++) {\n            for (int j = 0; j < 10; j++) {\n                scanf("%d", &t[i][j]); // Use scanf for input\n                ans[i][j] = 0;\n            }\n        }\n        dfs(0);\n    }\n    return 0;\n}\n\nvoid dfs(int x) {\n    if (x == 10) {\n        if (compute()) {\n            for (int i = 0; i < 10; i++) {\n                for (int j = 0; j < 10; j++) {\n                    if (j) printf(" ");\n                    printf("%d", ans[i][j]); // Use printf for output\n                }\n                printf("\\n");\n            }\n        }\n        return;\n    }\n    ans[0][x] = 0;\n    dfs(x + 1);\n    ans[0][x] = 1;\n    dfs(x + 1);\n}\n\nint compute() {\n    for (int i = 0; i < 10; i++) {\n        for (int j = 0; j < 10; j++) {\n            u[i][j] = t[i][j];\n            if (i) ans[i][j] = 0;\n        }\n    }\n    for (int i = 0; i < 10; i++) {\n        if (ans[0][i]) change(0, i);\n    }\n    for (int i = 1; i < 10; i++) {\n        for (int j = 0; j < 10; j++) {\n            if (u[i - 1][j]) {\n                ans[i][j] = 1;\n                change(i, j);\n            }\n        }\n    }\n    for (int i = 0; i < 10; i++) {\n        if (u[9][i]) return 0;\n    }\n    return 1;\n}\n\nvoid change(int y, int x) {\n    u[y][x] = !u[y][x];\n    if (y > 0) u[y - 1][x] = !u[y - 1][x];\n    if (x > 0) u[y][x - 1] = !u[y][x - 1];\n    if (y < 9) u[y + 1][x] = !u[y + 1][x];\n    if (x < 9) u[y][x + 1] = !u[y][x + 1];\n}') | LineLLMMutation(('source.cpp', 14), '#include <cstdio>\nusing namespace std;\n\nint t[10][10], u[10][10], ans[10][10], n, flg;\n\nint compute();\nvoid dfs(int);\nvoid change(int, int);\n\nint main() {\n    scanf("%d", &n);\n    while (n--) {\n        flg = 0;\n        for (int i = 0; i < 10; i++) {\n            for (int j = 0; j < 10; j++) {\n                scanf("%d", &t[i][j]); // Use scanf for input\n                ans[i][j] = 0;\n            }\n        }\n        dfs(0);\n    }\n    return 0;\n}\n\nvoid dfs(int x) {\n    if (x == 10) {\n        if (compute()) {\n            for (int i = 0; i < 10; i++) {\n                for (int j = 0; j < 10; j++) {\n                    if (j) printf(" ");\n                    printf("%d", ans[i][j]); // Use printf for output\n                }\n                printf("\\n");\n            }\n        }\n        return;\n    }\n    ans[0][x] = 0;\n    dfs(x + 1);\n    ans[0][x] = 1;\n    dfs(x + 1);\n}\n\nint compute() {\n    for (int i = 0; i < 10; i++) {\n        for (int j = 0; j < 10; j++) {\n            u[i][j] = t[i][j];\n            ans[i][j] = 0; // Initialize ans here to avoid a redundant loop\n        }\n    }\n    for (int i = 0; i < 10; i++) {\n        if (ans[0][i]) change(0, i);\n    }\n    for (int i = 1; i < 10; i++) {\n        for (int j = 0; j < 10; j++) {\n            if (u[i - 1][j]) {\n                ans[i][j] = 1;\n                change(i, j);\n            }\n        }\n    }\n    return !u[9][0] || !u[9][1] || !u[9][2] || !u[9][3] || !u[9][4] || \n           !u[9][5] || !u[9][6] || !u[9][7] || !u[9][8] || !u[9][9]; // Simplified check\n}\n\nvoid change(int y, int x) {\n    u[y][x] = !u[y][x];\n    if (y > 0) u[y - 1][x] = !u[y - 1][x];\n    if (x > 0) u[y][x - 1] = !u[y][x - 1];\n    if (y < 9) u[y + 1][x] = !u[y + 1][x];\n    if (x < 9) u[y][x + 1] = !u[y][x + 1];\n}')"
2025-01-23 18:16:25,489	[INFO]	Step: 27
2025-01-23 18:16:25,489	[INFO]	Stop Steps: 100
2025-01-23 18:16:25,859	[DEBUG]	EXEC>  SUCCESS 2473724.4375
2025-01-23 18:16:25,860	[INFO]	2-8     SUCCESS               2473724.44 (63.31%) [2 edit(s)]  
2025-01-23 18:16:25,860	[DEBUG]	patch(2-8)="LineLLMCrossover(('source.cpp', 2), '#include <cstdio>\nusing namespace std;\n\nint t[10][10], u[10][10], ans[10][10], n, flg;\n\nint compute();\nvoid dfs(int);\nvoid change(int, int);\n\nint main() {\n    scanf("%d", &n);\n    while (n--) {\n        flg = 0;\n        for (int i = 0; i < 10; i++) {\n            for (int j = 0; j < 10; j++) {\n                scanf("%d", &t[i][j]); // Use scanf for input\n                ans[i][j] = 0;\n            }\n        }\n        dfs(0);\n    }\n    return 0;\n}\n\nvoid dfs(int x) {\n    if (x == 10) {\n        if (compute()) {\n            for (int i = 0; i < 10; i++) {\n                for (int j = 0; j < 10; j++) {\n                    if (j) printf(" ");\n                    printf("%d", ans[i][j]); // Use printf for output\n                }\n                printf("\\n");\n            }\n        }\n        return;\n    }\n    ans[0][x] = 0;\n    dfs(x + 1);\n    ans[0][x] = 1;\n    dfs(x + 1);\n}\n\nint compute() {\n    for (int i = 0; i < 10; i++) {\n        for (int j = 0; j < 10; j++) {\n            u[i][j] = t[i][j];\n            if (i) ans[i][j] = 0;\n        }\n    }\n    for (int i = 0; i < 10; i++) {\n        if (ans[0][i]) change(0, i);\n    }\n    for (int i = 1; i < 10; i++) {\n        for (int j = 0; j < 10; j++) {\n            if (u[i - 1][j]) {\n                ans[i][j] = 1;\n                change(i, j);\n            }\n        }\n    }\n    for (int i = 0; i < 10; i++) {\n        if (u[9][i]) return 0;\n    }\n    return 1;\n}\n\nvoid change(int y, int x) {\n    u[y][x] = !u[y][x];\n    if (y > 0) u[y - 1][x] = !u[y - 1][x];\n    if (x > 0) u[y][x - 1] = !u[y][x - 1];\n    if (y < 9) u[y + 1][x] = !u[y + 1][x];\n    if (x < 9) u[y][x + 1] = !u[y][x + 1];\n}') | LineLLMMutation(('source.cpp', 15), '#include <cstdio>\nusing namespace std;\n\nint t[10][10], u[10][10], ans[10][10], n, flg;\n\nint compute();\nvoid dfs(int);\nvoid change(int, int);\n\nint main() {\n    scanf("%d", &n);\n    while (n--) {\n        flg = 0;\n        for (int i = 0; i < 10; i++) {\n            for (int j = 0; j < 10; j++) {\n                scanf("%d", &t[i][j]);\n                ans[i][j] = 0;\n            }\n        }\n        dfs(0);\n    }\n    return 0;\n}\n\nvoid dfs(int x) {\n    if (x == 10) {\n        if (compute()) {\n            for (int i = 0; i < 10; i++) {\n                for (int j = 0; j < 10; j++) {\n                    if (j) printf(" ");\n                    printf("%d", ans[i][j]);\n                }\n                printf("\\n");\n            }\n        }\n        return;\n    }\n    ans[0][x] = 0;\n    dfs(x + 1);\n    ans[0][x] = 1;\n    dfs(x + 1);\n}\n\nint compute() {\n    bool hasNonZero = false;\n    for (int i = 0; i < 10; i++) {\n        for (int j = 0; j < 10; j++) {\n            u[i][j] = t[i][j]; // Directly copy t to u\n            if (i) ans[i][j] = 0;\n        }\n    }\n    for (int i = 0; i < 10; i++) {\n        if (ans[0][i]) change(0, i);\n    }\n    for (int i = 1; i < 10; i++) {\n        for (int j = 0; j < 10; j++) {\n            if (u[i - 1][j]) {\n                ans[i][j] = 1;\n                change(i, j);\n            }\n        }\n    }\n    for (int i = 0; i < 10; i++) {\n        if (u[9][i]) {\n            hasNonZero = true; // Track if any u[9][i] is non-zero\n            break; // Early exit if found\n        }\n    }\n    return !hasNonZero; // Return 1 if all are zero\n}\n\nvoid change(int y, int x) {\n    u[y][x] = !u[y][x];\n    if (y > 0) u[y - 1][x] = !u[y - 1][x];\n    if (x > 0) u[y][x - 1] = !u[y][x - 1];\n    if (y < 9) u[y + 1][x] = !u[y + 1][x];\n    if (x < 9) u[y][x + 1] = !u[y][x + 1];\n}')"
2025-01-23 18:16:25,860	[INFO]	Step: 28
2025-01-23 18:16:25,860	[INFO]	Stop Steps: 100
2025-01-23 18:16:25,924	[INFO]	2-9     COMPILE_CODE_ERROR    None (--) [2 edit(s)]  
2025-01-23 18:16:25,924	[DEBUG]	patch(2-9)="LineLLMCrossover(('source.cpp', 0), '#include <cstdio>\nusing namespace std;\n\nstatic int t[10][10], u[10][10], ans[100], n, flg;\n\nint compute();\nvoid dfs(int);\nvoid change(int, int);\n\nint main() {\n    scanf("%d", &n);\n    while (n--) {\n        flg = 0;\n        for (int i = 0; i < 10; i++) {\n            for (int j = 0; j < 10; j++) {\n                scanf("%d", &t[i][j]);\n                ans[i * 10 + j] = 0; // Accessing 1D array\n            }\n        }\n        dfs(0);\n    }\n    return 0;\n}\n\nvoid dfs(int x) {\n    if (x == 10) {\n        if (compute()) {\n            for (int i = 0; i < 10; i++) {\n                for (int j = 0; j < 10; j++) {\n                    if (j) printf(" ");\n                    printf("%d", ans[i * 10 + j]); // Use printf for output\n                }\n                printf("\\n");\n            }\n        }\n        return;\n    }\n    ans[x] = 0;\n    dfs(x + 1);\n    ans[x] = 1;\n    dfs(x + 1);\n}\n\nint compute() {\n    for (int i = 0; i < 10; i++) {\n        for (int j = 0; j < 10; j++) {\n            u[i][j] = t[i][j];\n            if (i) ans[i * 10 + j] = 0; // Accessing 1D array\n        }\n    }\n    for (int i = 0; i < 10; i++) {\n        if (ans[i]) change(0, i);\n    }\n    for (int i = 1; i < 10; i++) {\n        for (int j = 0; j < 10; j++) {\n            if (u[i - 1][j]) {\n                ans[i * 10 + j] = 1; // Accessing 1D array\n                change(i, j);\n            }\n        }\n    }\n    for (int i = 0; i < 10; i++) {\n        if (u[9][i]) return 0;\n    }\n    return 1;\n}\n\nvoid change(int y, int x) {\n    u[y][x] = !u[y][x];\n    if (y > 0) u[y - 1][x] = !u[y - 1][x];\n    if (x > 0) u[y][x - 1] = !u[y][x - 1];\n    if (y < 9) u[y + 1][x] = !u[y + 1][x];\n    if (x < 9) u[y][x + 1] = !u[y][x + 1];\n}') | LineLLMMutation(('source.cpp', 16), '#include <cstdio>\nusing namespace std;\n\nstatic int t[10][10], u[10][10], ans[100], n, flg;\n\nint compute();\nvoid dfs(int);\nvoid change(int, int);\n\nint main() {\n    scanf("%d", &n);\n    while (n--) {\n        flg = 0;\n        for (int i = 0; i < 10; i++) {\n            for (int j = 0; j < 10; j++) {\n                scanf("%d", &t[i][j]);\n                ans[i * 10 + j] = 0; // Accessing 1D array\n            }\n        }\n        dfs(0);\n    }\n    return 0;\n}\n\nvoid dfs(int x) {\n    if (x == 10) {\n        if (compute()) {\n            for (int i = 0; i < 10; i++) {\n                for (int j = 0; j < 10; j++) {\n                    if (j) printf(" ");\n                    printf("%d", ans[i * 10 + j]); // Use printf for output\n                }\n                printf("\\n");\n            }\n        }\n        return;\n    }\n    ans[x] = 0;\n    dfs(x + 1);\n    ans[x] = 1;\n    dfs(x + 1);\n}\n\nint compute() {\n    // Initialize u using memcpy for better performance\n    memcpy(u, t, sizeof(t));\n    \n    // Check and update ans in a single loop\n    for (int i = 0; i < 10; i++) {\n        if (ans[i]) {\n            change(0, i);\n        }\n        for (int j = 0; j < 10; j++) {\n            if (u[i][j] && i > 0) {\n                ans[i * 10 + j] = 1; // Accessing 1D array\n                change(i, j);\n            }\n            // Reset ans[i * 10 + j] if not used\n            if (!u[i][j]) ans[i * 10 + j] = 0; \n        }\n    }\n    \n    // Check if the last row has any active cells\n    for (int i = 0; i < 10; i++) {\n        if (u[9][i]) return 0;\n    }\n    return 1;\n}\n\nvoid change(int y, int x) {\n    u[y][x] = !u[y][x];\n    if (y > 0) u[y - 1][x] = !u[y - 1][x];\n    if (x > 0) u[y][x - 1] = !u[y][x - 1];\n    if (y < 9) u[y + 1][x] = !u[y + 1][x];\n    if (x < 9) u[y][x + 1] = !u[y][x + 1];\n}')"
2025-01-23 18:16:25,924	[INFO]	Step: 29
2025-01-23 18:16:25,924	[INFO]	Stop Steps: 100
2025-01-23 18:16:26,295	[DEBUG]	EXEC>  SUCCESS 2513051.375
2025-01-23 18:16:26,295	[INFO]	2-10    SUCCESS               2513051.38 (64.32%) [2 edit(s)]  
2025-01-23 18:16:26,295	[DEBUG]	patch(2-10)="LineLLMCrossover(('source.cpp', 1), "#include <iostream>\nusing namespace std;\n\nstatic int t[10][10], u[10][10], ans[10][10], n, flg;\n\nint compute();\nvoid dfs(int);\nvoid change(int, int);\n\nint main() {\n    cin >> n;\n    while (n--) {\n        flg = 0;\n        for (int i = 0; i < 10; i++) {\n            for (int j = 0; j < 10; j++) {\n                cin >> t[i][j]; // Use cin for input\n                ans[i][j] = 0;\n            }\n        }\n        dfs(0);\n    }\n    return 0;\n}\n\nvoid dfs(int x) {\n    if (x == 10) {\n        if (compute()) {\n            for (int i = 0; i < 10; i++) {\n                for (int j = 0; j < 10; j++) {\n                    if (j) cout << ' ';\n                    cout << ans[i][j]; // Use cout for output\n                }\n                cout << endl;\n            }\n        }\n        return;\n    }\n    ans[0][x] = 0;\n    dfs(x + 1);\n    ans[0][x] = 1;\n    dfs(x + 1);\n}\n\nint compute() {\n    for (int i = 0; i < 10; i++) {\n        for (int j = 0; j < 10; j++) {\n            u[i][j] = t[i][j];\n            if (i) ans[i][j] = 0;\n        }\n    }\n    for (int i = 0; i < 10; i++) {\n        if (ans[0][i]) change(0, i);\n    }\n    for (int i = 1; i < 10; i++) {\n        for (int j = 0; j < 10; j++) {\n            if (u[i - 1][j]) {\n                ans[i][j] = 1;\n                change(i, j);\n            }\n        }\n    }\n    for (int i = 0; i < 10; i++) {\n        if (u[9][i]) return 0;\n    }\n    return 1;\n}\n\nvoid change(int y, int x) {\n    u[y][x] = !u[y][x];\n    if (y > 0) u[y - 1][x] = !u[y - 1][x];\n    if (x > 0) u[y][x - 1] = !u[y][x - 1];\n    if (y < 9) u[y + 1][x] = !u[y + 1][x];\n    if (x < 9) u[y][x + 1] = !u[y][x + 1];\n}") | LineLLMMutation(('source.cpp', 17), '#include <cstdio>\nusing namespace std;\n\nstatic int t[10][10], u[10][10], ans[10][10], n, flg;\n\nint compute();\nvoid dfs(int);\nvoid change(int, int);\n\nint main() {\n    scanf("%d", &n);\n    while (n--) {\n        flg = 0;\n        for (int i = 0; i < 10; i++) {\n            for (int j = 0; j < 10; j++) {\n                scanf("%d", &t[i][j]); // Use scanf for input\n                ans[i][j] = 0;\n            }\n        }\n        dfs(0);\n    }\n    return 0;\n}\n\nvoid dfs(int x) {\n    if (x == 10) {\n        if (compute()) {\n            for (int i = 0; i < 10; i++) {\n                for (int j = 0; j < 10; j++) {\n                    if (j) printf(" ");\n                    printf("%d", ans[i][j]); // Use printf for output\n                }\n                printf("\\n");\n            }\n        }\n        return;\n    }\n    ans[0][x] = 0;\n    dfs(x + 1);\n    ans[0][x] = 1;\n    dfs(x + 1);\n}\n\nint compute() {\n    for (int i = 0; i < 10; i++) {\n        for (int j = 0; j < 10; j++) {\n            u[i][j] = t[i][j];\n            if (i) ans[i][j] = 0;\n        }\n    }\n    for (int i = 0; i < 10; i++) {\n        if (ans[0][i]) change(0, i);\n    }\n    for (int i = 1; i < 10; i++) {\n        for (int j = 0; j < 10; j++) {\n            if (u[i - 1][j]) {\n                ans[i][j] = 1;\n                change(i, j);\n            }\n        }\n    }\n    for (int i = 0; i < 10; i++) {\n        if (u[9][i]) return 0;\n    }\n    return 1;\n}\n\nvoid change(int y, int x) {\n    u[y][x] = !u[y][x];\n    if (y > 0) u[y - 1][x] = !u[y - 1][x];\n    if (x > 0) u[y][x - 1] = !u[y][x - 1];\n    if (y < 9) u[y + 1][x] = !u[y + 1][x];\n    if (x < 9) u[y][x + 1] = !u[y][x + 1];\n}')"
2025-01-23 18:16:26,295	[INFO]	Step: 30
2025-01-23 18:16:26,295	[INFO]	Stop Steps: 100
2025-01-23 18:16:27,873	[DEBUG]	EXEC>  SUCCESS 3903551.3125
2025-01-23 18:16:27,873	[INFO]	REF     SUCCESS               3903551.31 (--) [0 edit(s)]  
2025-01-23 18:16:27,873	[INFO]	Best patch: 1
2025-01-23 18:16:28,235	[DEBUG]	EXEC>  SUCCESS 2526495.8125
2025-01-23 18:16:28,236	[INFO]	BEST    SUCCESS              *2526495.81 (64.72%) [0 edit(s)]  
2025-01-23 18:16:28,236	[INFO]	Best patch step: 20
2025-01-23 18:18:14,958	[INFO]	Step: 30
2025-01-23 18:18:14,959	[INFO]	Stop Steps: 100
2025-01-23 18:18:15,449	[DEBUG]	EXEC>  SUCCESS 2463272.875
2025-01-23 18:18:15,450	[INFO]	3-1     SUCCESS              *2463272.88 (63.10%) [1 edit(s)]  
2025-01-23 18:18:15,450	[DEBUG]	patch(3-1)="LineLLMMutation(('source.cpp', 1), '#include <cstdio>\nusing namespace std;\n\nint t[10][10], u[10][10], ans[10][10], n, flg;\n\nint compute();\nvoid dfs(int);\nvoid change(int, int);\n\nint main() {\n    scanf("%d", &n);\n    while (n--) {\n        flg = 0;\n        for (int i = 0; i < 10; i++) {\n            for (int j = 0; j < 10; j++) {\n                scanf("%d", &t[i][j]); // Use scanf for input\n                ans[i][j] = 0;\n            }\n        }\n        dfs(0);\n    }\n    return 0;\n}\n\nvoid dfs(int x) {\n    if (x == 10) {\n        if (compute()) {\n            for (int i = 0; i < 10; i++) {\n                for (int j = 0; j < 10; j++) {\n                    if (j) printf(" ");\n                    printf("%d", ans[i][j]); // Use printf for output\n                }\n                printf("\\n");\n            }\n        }\n        return;\n    }\n    ans[0][x] = 0;\n    dfs(x + 1);\n    ans[0][x] = 1;\n    dfs(x + 1);\n}\n\nint compute() {\n    for (int i = 0; i < 10; i++) {\n        for (int j = 0; j < 10; j++) {\n            u[i][j] = t[i][j];\n            if (i) ans[i][j] = 0;\n        }\n    }\n    for (int i = 0; i < 10; i++) {\n        if (ans[0][i]) change(0, i);\n    }\n    for (int i = 1; i < 10; i++) {\n        for (int j = 0; j < 10; j++) {\n            if (u[i - 1][j]) {\n                ans[i][j] = 1;\n                change(i, j);\n            }\n        }\n    }\n    for (int i = 0; i < 10; i++) {\n        if (u[9][i]) return 0;\n    }\n    return 1;\n}\n\nvoid change(int y, int x) {\n    u[y][x] = !u[y][x];\n    if (y > 0) u[y - 1][x] = !u[y - 1][x];\n    if (x > 0) u[y][x - 1] = !u[y][x - 1];\n    if (y < 9) u[y + 1][x] = !u[y + 1][x];\n    if (x < 9) u[y][x + 1] = !u[y][x + 1];\n}')"

2025-01-23 18:18:15,450	[INFO]	Step: 31
2025-01-23 18:18:15,450	[INFO]	Stop Steps: 100
2025-01-23 18:18:15,809	[DEBUG]	EXEC>  SUCCESS 2486088.4375
2025-01-23 18:18:15,810	[INFO]	3-2     SUCCESS               2486088.44 (63.69%) [2 edit(s)]  
2025-01-23 18:18:15,810	[DEBUG]	patch(3-2)="LineLLMCrossover(('source.cpp', 2), '#include <cstdio>\nusing namespace std;\n\nint t[10][10], u[10][10], ans[10][10], n, flg;\n\nint compute();\nvoid dfs(int);\nvoid change(int, int);\n\nint main() {\n    scanf("%d", &n);\n    while (n--) {\n        flg = 0;\n        for (int i = 0; i < 10; i++) {\n            for (int j = 0; j < 10; j++) {\n                scanf("%d", &t[i][j]); // Use scanf for input\n                ans[i][j] = 0;\n            }\n        }\n        dfs(0);\n    }\n    return 0;\n}\n\nvoid dfs(int x) {\n    if (x == 10) {\n        if (compute()) {\n            for (int i = 0; i < 10; i++) {\n                for (int j = 0; j < 10; j++) {\n                    if (j) printf(" ");\n                    printf("%d", ans[i][j]); // Use printf for output\n                }\n                printf("\\n");\n            }\n        }\n        return;\n    }\n    ans[0][x] = 0;\n    dfs(x + 1);\n    ans[0][x] = 1;\n    dfs(x + 1);\n}\n\nint compute() {\n    for (int i = 0; i < 10; i++) {\n        for (int j = 0; j < 10; j++) {\n            u[i][j] = t[i][j];\n            if (i) ans[i][j] = 0;\n        }\n    }\n    for (int i = 0; i < 10; i++) {\n        if (ans[0][i]) change(0, i);\n    }\n    for (int i = 1; i < 10; i++) {\n        for (int j = 0; j < 10; j++) {\n            if (u[i - 1][j]) {\n                ans[i][j] = 1;\n                change(i, j);\n            }\n        }\n    }\n    for (int i = 0; i < 10; i++) {\n        if (u[9][i]) return 0;\n    }\n    return 1;\n}\n\nvoid change(int y, int x) {\n    u[y][x] = !u[y][x];\n    if (y > 0) u[y - 1][x] = !u[y - 1][x];\n    if (x > 0) u[y][x - 1] = !u[y][x - 1];\n    if (y < 9) u[y + 1][x] = !u[y + 1][x];\n    if (x < 9) u[y][x + 1] = !u[y][x + 1];\n}') | LineLLMMutation(('source.cpp', 15), '#include <cstdio>\nusing namespace std;\n\nint t[10][10], u[10][10], ans[10][10], n, flg;\n\nint compute();\nvoid dfs(int);\nvoid change(int, int);\n\nint main() {\n    scanf("%d", &n);\n    while (n--) {\n        flg = 0;\n        for (int i = 0; i < 10; i++) {\n            for (int j = 0; j < 10; j++) {\n                scanf("%d", &t[i][j]);\n                ans[i][j] = 0;\n            }\n        }\n        dfs(0);\n    }\n    return 0;\n}\n\nvoid dfs(int x) {\n    if (x == 10) {\n        if (compute()) {\n            for (int i = 0; i < 10; i++) {\n                for (int j = 0; j < 10; j++) {\n                    if (j) printf(" ");\n                    printf("%d", ans[i][j]);\n                }\n                printf("\\n");\n            }\n        }\n        return;\n    }\n    ans[0][x] = 0;\n    dfs(x + 1);\n    ans[0][x] = 1;\n    dfs(x + 1);\n}\n\nint compute() {\n    bool hasNonZero = false;\n    for (int i = 0; i < 10; i++) {\n        for (int j = 0; j < 10; j++) {\n            u[i][j] = t[i][j]; // Directly copy t to u\n            if (i) ans[i][j] = 0;\n        }\n    }\n    for (int i = 0; i < 10; i++) {\n        if (ans[0][i]) change(0, i);\n    }\n    for (int i = 1; i < 10; i++) {\n        for (int j = 0; j < 10; j++) {\n            if (u[i - 1][j]) {\n                ans[i][j] = 1;\n                change(i, j);\n            }\n        }\n    }\n    for (int i = 0; i < 10; i++) {\n        if (u[9][i]) {\n            hasNonZero = true; // Track if any u[9][i] is non-zero\n            break; // Early exit if found\n        }\n    }\n    return !hasNonZero; // Return 1 if all are zero\n}\n\nvoid change(int y, int x) {\n    u[y][x] = !u[y][x];\n    if (y > 0) u[y - 1][x] = !u[y - 1][x];\n    if (x > 0) u[y][x - 1] = !u[y][x - 1];\n    if (y < 9) u[y + 1][x] = !u[y + 1][x];\n    if (x < 9) u[y][x + 1] = !u[y][x + 1];\n}')"
2025-01-23 18:18:15,810	[INFO]	Step: 32
2025-01-23 18:18:15,810	[INFO]	Stop Steps: 100
2025-01-23 18:18:16,177	[DEBUG]	EXEC>  SUCCESS 2487088.0625
2025-01-23 18:18:16,177	[INFO]	3-3     SUCCESS               2487088.06 (63.71%) [1 edit(s)]  
2025-01-23 18:18:16,178	[DEBUG]	patch(3-3)="LineLLMCrossover(('source.cpp', 8), '#include <cstdio>\nusing namespace std;\n\nint t[10][10], u[10][10], ans[10][10], n, flg;\n\nint compute();\nvoid dfs(int);\nvoid change(int, int);\n\nint main() {\n    scanf("%d", &n);\n    while (n--) {\n        flg = 0;\n        for (int i = 0; i < 10; i++) {\n            for (int j = 0; j < 10; j++) {\n                scanf("%d", &t[i][j]);\n                ans[i][j] = 0;\n            }\n        }\n        dfs(0);\n    }\n    return 0;\n}\n\nvoid dfs(int x) {\n    if (x == 10) {\n        if (compute()) {\n            for (int i = 0; i < 10; i++) {\n                for (int j = 0; j < 10; j++) {\n                    if (j) printf(" ");\n                    printf("%d", ans[i][j]);\n                }\n                printf("\\n");\n            }\n        }\n        return;\n    }\n    ans[0][x] = 0;\n    dfs(x + 1);\n    ans[0][x] = 1;\n    dfs(x + 1);\n}\n\nint compute() {\n    bool hasNonZero = false;\n    for (int i = 0; i < 10; i++) {\n        for (int j = 0; j < 10; j++) {\n            u[i][j] = t[i][j];\n            if (i) ans[i][j] = 0;\n        }\n    }\n    for (int i = 0; i < 10; i++) {\n        if (ans[0][i]) change(0, i);\n    }\n    for (int i = 1; i < 10; i++) {\n        for (int j = 0; j < 10; j++) {\n            if (u[i - 1][j]) {\n                ans[i][j] = 1;\n                change(i, j);\n            }\n        }\n    }\n    for (int i = 0; i < 10; i++) {\n        if (u[9][i]) {\n            hasNonZero = true;\n            break;\n        }\n    }\n    return !hasNonZero;\n}\n\nvoid change(int y, int x) {\n    u[y][x] = !u[y][x];\n    if (y > 0) u[y - 1][x] = !u[y - 1][x];\n    if (x > 0) u[y][x - 1] = !u[y][x - 1];\n    if (y < 9) u[y + 1][x] = !u[y + 1][x];\n    if (x < 9) u[y][x + 1] = !u[y][x + 1];\n}')"
2025-01-23 18:18:16,178	[INFO]	Step: 33
2025-01-23 18:18:16,178	[INFO]	Stop Steps: 100
2025-01-23 18:18:16,554	[DEBUG]	EXEC>  SUCCESS 2453684.9375
2025-01-23 18:18:16,554	[INFO]	3-4     SUCCESS              *2453684.94 (62.86%) [1 edit(s)]  
2025-01-23 18:18:16,554	[DEBUG]	patch(3-4)="LineLLMCrossover(('source.cpp', 9), '#include <cstdio>\nusing namespace std;\n\nstatic int t[10][10], u[10][10], ans[10][10], n, flg;\n\nint compute();\nvoid dfs(int);\nvoid change(int, int);\n\nint main() {\n    scanf("%d", &n);\n    while (n--) {\n        flg = 0;\n        for (int i = 0; i < 10; i++) {\n            for (int j = 0; j < 10; j++) {\n                scanf("%d", &t[i][j]);\n                ans[i][j] = 0;\n            }\n        }\n        dfs(0);\n    }\n    return 0;\n}\n\nvoid dfs(int x) {\n    if (x == 10) {\n        if (compute()) {\n            for (int i = 0; i < 10; i++) {\n                for (int j = 0; j < 10; j++) {\n                    if (j) printf(" ");\n                    printf("%d", ans[i][j]);\n                }\n                printf("\\n");\n            }\n        }\n        return;\n    }\n    ans[0][x] = 0;\n    dfs(x + 1);\n    ans[0][x] = 1;\n    dfs(x + 1);\n}\n\nvoid change(int y, int x) {\n    u[y][x] = !u[y][x];\n    if (y > 0) u[y - 1][x] = !u[y - 1][x];\n    if (x > 0) u[y][x - 1] = !u[y][x - 1];\n    if (y < 9) u[y + 1][x] = !u[y + 1][x];\n    if (x < 9) u[y][x + 1] = !u[y][x + 1];\n}\n\nint compute() {\n    for (int i = 0; i < 10; i++) {\n        for (int j = 0; j < 10; j++) {\n            u[i][j] = t[i][j];\n            if (i) ans[i][j] = 0;\n        }\n    }\n    for (int i = 0; i < 10; i++) {\n        if (ans[0][i]) change(0, i);\n    }\n    for (int i = 1; i < 10; i++) {\n        for (int j = 0; j < 10; j++) {\n            if (u[i - 1][j]) {\n                ans[i][j] = 1;\n                change(i, j);\n            }\n        }\n    }\n    for (int i = 0; i < 10; i++) {\n        if (u[9][i]) return 0;\n    }\n    return 1;\n}')"

2025-01-23 18:18:16,554	[INFO]	Step: 34
2025-01-23 18:18:16,554	[INFO]	Stop Steps: 100
2025-01-23 18:18:16,924	[DEBUG]	EXEC>  SUCCESS 2469497.375
2025-01-23 18:18:16,924	[INFO]	3-5     SUCCESS               2469497.38 (63.26%) [1 edit(s)]  
2025-01-23 18:18:16,924	[DEBUG]	patch(3-5)="LineLLMCrossover(('source.cpp', 10), '#include <cstdio>\nusing namespace std;\n\nstatic int t[10][10], u[10][10], ans[10][10], n, flg;\n\nint compute();\nvoid dfs(int);\nvoid change(int, int);\n\nint main() {\n    scanf("%d", &n);\n    while (n--) {\n        flg = 0;\n        for (int i = 0; i < 10; i++) {\n            for (int j = 0; j < 10; j++) {\n                scanf("%d", &t[i][j]);\n                ans[i][j] = 0;\n            }\n        }\n        dfs(0);\n    }\n    return 0;\n}\n\nvoid dfs(int x) {\n    if (x == 10) {\n        if (compute()) {\n            for (int i = 0; i < 10; i++) {\n                for (int j = 0; j < 10; j++) {\n                    if (j) printf(" ");\n                    printf("%d", ans[i][j]);\n                }\n                printf("\\n");\n            }\n        }\n        return;\n    }\n    ans[0][x] = 0;\n    dfs(x + 1);\n    ans[0][x] = 1;\n    dfs(x + 1);\n}\n\nint compute() {\n    for (int i = 0; i < 10; i++) {\n        for (int j = 0; j < 10; j++) {\n            u[i][j] = t[i][j];\n            if (i) ans[i][j] = 0;\n        }\n    }\n    for (int i = 0; i < 10; i++) {\n        if (ans[0][i]) change(0, i);\n    }\n    for (int i = 1; i < 10; i++) {\n        for (int j = 0; j < 10; j++) {\n            if (u[i - 1][j]) {\n                ans[i][j] = 1;\n                change(i, j);\n            }\n        }\n    }\n    for (int i = 0; i < 10; i++) {\n        if (u[9][i]) return 0;\n    }\n    return 1;\n}\n\nvoid change(int y, int x) {\n    u[y][x] = !u[y][x];\n    if (y > 0) u[y - 1][x] = !u[y - 1][x];\n    if (x > 0) u[y][x - 1] = !u[y][x - 1];\n    if (y < 9) u[y + 1][x] = !u[y + 1][x];\n    if (x < 9) u[y][x + 1] = !u[y][x + 1];\n}')"
2025-01-23 18:18:16,924	[INFO]	Step: 35
2025-01-23 18:18:16,924	[INFO]	Stop Steps: 100
2025-01-23 18:18:17,286	[DEBUG]	EXEC>  SUCCESS 2485963.875
2025-01-23 18:18:17,286	[INFO]	3-6     SUCCESS               2485963.88 (63.68%) [1 edit(s)]  
2025-01-23 18:18:17,286	[DEBUG]	patch(3-6)="LineLLMCrossover(('source.cpp', 11), '#include <cstdio>\nusing namespace std;\n\nint t[10][10], u[10][10], ans[10][10], n, flg;\n\nint compute();\nvoid dfs(int);\nvoid change(int, int);\n\nint main() {\n    scanf("%d", &n);\n    while (n--) {\n        flg = 0;\n        for (int i = 0; i < 10; i++) {\n            for (int j = 0; j < 10; j++) {\n                scanf("%d", &t[i][j]);\n                ans[i][j] = 0;\n            }\n        }\n        dfs(0);\n    }\n    return 0;\n}\n\nvoid dfs(int x) {\n    if (x == 10) {\n        if (compute()) {\n            for (int i = 0; i < 10; i++) {\n                for (int j = 0; j < 10; j++) {\n                    if (j) printf(" ");\n                    printf("%d", ans[i][j]);\n                }\n                printf("\\n");\n            }\n        }\n        return;\n    }\n    ans[0][x] = 0;\n    dfs(x + 1);\n    ans[0][x] = 1;\n    dfs(x + 1);\n}\n\nint compute() {\n    for (int i = 0; i < 10; i++) {\n        for (int j = 0; j < 10; j++) {\n            u[i][j] = t[i][j];\n            if (i) ans[i][j] = 0;\n        }\n    }\n    for (int i = 0; i < 10; i++) {\n        if (ans[0][i]) change(0, i);\n    }\n    for (int i = 1; i < 10; i++) {\n        for (int j = 0; j < 10; j++) {\n            if (u[i - 1][j]) {\n                ans[i][j] = 1;\n                change(i, j);\n            }\n        }\n    }\n    for (int i = 0; i < 10; i++) {\n        if (u[9][i]) return 0;\n    }\n    return 1;\n}\n\nvoid change(int y, int x) {\n    u[y][x] = !u[y][x];\n    if (y > 0) u[y - 1][x] = !u[y - 1][x];\n    if (x > 0) u[y][x - 1] = !u[y][x - 1];\n    if (y < 9) u[y + 1][x] = !u[y + 1][x];\n    if (x < 9) u[y][x + 1] = !u[y][x + 1];\n}')"
2025-01-23 18:18:17,286	[INFO]	Step: 36
2025-01-23 18:18:17,286	[INFO]	Stop Steps: 100
2025-01-23 18:18:17,658	[DEBUG]	EXEC>  SUCCESS 2482008.125
2025-01-23 18:18:17,659	[INFO]	3-7     SUCCESS               2482008.12 (63.58%) [2 edit(s)]  
2025-01-23 18:18:17,659	[DEBUG]	patch(3-7)="LineLLMMutation(('source.cpp', 1), '#include <cstdio>\nusing namespace std;\n\nint t[10][10], u[10][10], ans[10][10], n, flg;\n\nint compute();\nvoid dfs(int);\nvoid change(int, int);\n\nint main() {\n    scanf("%d", &n);\n    while (n--) {\n        flg = 0;\n        for (int i = 0; i < 10; i++) {\n            for (int j = 0; j < 10; j++) {\n                scanf("%d", &t[i][j]); // Use scanf for input\n                ans[i][j] = 0;\n            }\n        }\n        dfs(0);\n    }\n    return 0;\n}\n\nvoid dfs(int x) {\n    if (x == 10) {\n        if (compute()) {\n            for (int i = 0; i < 10; i++) {\n                for (int j = 0; j < 10; j++) {\n                    if (j) printf(" ");\n                    printf("%d", ans[i][j]); // Use printf for output\n                }\n                printf("\\n");\n            }\n        }\n        return;\n    }\n    ans[0][x] = 0;\n    dfs(x + 1);\n    ans[0][x] = 1;\n    dfs(x + 1);\n}\n\nint compute() {\n    for (int i = 0; i < 10; i++) {\n        for (int j = 0; j < 10; j++) {\n            u[i][j] = t[i][j];\n            if (i) ans[i][j] = 0;\n        }\n    }\n    for (int i = 0; i < 10; i++) {\n        if (ans[0][i]) change(0, i);\n    }\n    for (int i = 1; i < 10; i++) {\n        for (int j = 0; j < 10; j++) {\n            if (u[i - 1][j]) {\n                ans[i][j] = 1;\n                change(i, j);\n            }\n        }\n    }\n    for (int i = 0; i < 10; i++) {\n        if (u[9][i]) return 0;\n    }\n    return 1;\n}\n\nvoid change(int y, int x) {\n    u[y][x] = !u[y][x];\n    if (y > 0) u[y - 1][x] = !u[y - 1][x];\n    if (x > 0) u[y][x - 1] = !u[y][x - 1];\n    if (y < 9) u[y + 1][x] = !u[y + 1][x];\n    if (x < 9) u[y][x + 1] = !u[y][x + 1];\n}') | LineLLMMutation(('source.cpp', 18), '#include <cstdio>\nusing namespace std;\n\nint t[10][10], u[10][10], ans[10][10], n, flg;\n\nint compute();\nvoid dfs(int);\nvoid change(int, int);\n\nint main() {\n    scanf("%d", &n);\n    while (n--) {\n        flg = 0;\n        for (int i = 0; i < 10; i++) {\n            for (int j = 0; j < 10; j++) {\n                scanf("%d", &t[i][j]); // Use scanf for input\n                ans[i][j] = 0;\n            }\n        }\n        dfs(0);\n    }\n    return 0;\n}\n\nvoid dfs(int x) {\n    if (x == 10) {\n        if (compute()) {\n            for (int i = 0; i < 10; i++) {\n                for (int j = 0; j < 10; j++) {\n                    if (j) printf(" ");\n                    printf("%d", ans[i][j]); // Use printf for output\n                }\n                printf("\\n");\n            }\n        }\n        return;\n    }\n    ans[0][x] = 0;\n    dfs(x + 1);\n    ans[0][x] = 1;\n    dfs(x + 1);\n}\n\nint compute() {\n    // Initialize u and check for the condition in a single loop\n    bool found = false;\n    for (int i = 0; i < 10; i++) {\n        for (int j = 0; j < 10; j++) {\n            u[i][j] = t[i][j];\n            ans[i][j] = (i == 0 && ans[0][j]) ? 1 : 0; // Initialize ans based on the first row\n        }\n    }\n\n    for (int i = 0; i < 10; i++) {\n        if (ans[0][i]) change(0, i);\n    }\n    for (int i = 1; i < 10; i++) {\n        for (int j = 0; j < 10; j++) {\n            if (u[i - 1][j]) {\n                ans[i][j] = 1;\n                change(i, j);\n            }\n        }\n    }\n    for (int i = 0; i < 10; i++) {\n        if (u[9][i]) return 0;\n    }\n    return 1;\n}\n\nvoid change(int y, int x) {\n    u[y][x] = !u[y][x];\n    if (y > 0) u[y - 1][x] = !u[y - 1][x];\n    if (x > 0) u[y][x - 1] = !u[y][x - 1];\n    if (y < 9) u[y + 1][x] = !u[y + 1][x];\n    if (x < 9) u[y][x + 1] = !u[y][x + 1];\n}')"
2025-01-23 18:18:17,659	[INFO]	Step: 37
2025-01-23 18:18:17,659	[INFO]	Stop Steps: 100
2025-01-23 18:18:18,014	[DEBUG]	EXEC>  SUCCESS 2505487.25
2025-01-23 18:18:18,015	[INFO]	3-8     SUCCESS               2505487.25 (64.18%) [3 edit(s)]  
2025-01-23 18:18:18,015	[DEBUG]	patch(3-8)="LineLLMCrossover(('source.cpp', 2), '#include <cstdio>\nusing namespace std;\n\nint t[10][10], u[10][10], ans[10][10], n, flg;\n\nint compute();\nvoid dfs(int);\nvoid change(int, int);\n\nint main() {\n    scanf("%d", &n);\n    while (n--) {\n        flg = 0;\n        for (int i = 0; i < 10; i++) {\n            for (int j = 0; j < 10; j++) {\n                scanf("%d", &t[i][j]); // Use scanf for input\n                ans[i][j] = 0;\n            }\n        }\n        dfs(0);\n    }\n    return 0;\n}\n\nvoid dfs(int x) {\n    if (x == 10) {\n        if (compute()) {\n            for (int i = 0; i < 10; i++) {\n                for (int j = 0; j < 10; j++) {\n                    if (j) printf(" ");\n                    printf("%d", ans[i][j]); // Use printf for output\n                }\n                printf("\\n");\n            }\n        }\n        return;\n    }\n    ans[0][x] = 0;\n    dfs(x + 1);\n    ans[0][x] = 1;\n    dfs(x + 1);\n}\n\nint compute() {\n    for (int i = 0; i < 10; i++) {\n        for (int j = 0; j < 10; j++) {\n            u[i][j] = t[i][j];\n            if (i) ans[i][j] = 0;\n        }\n    }\n    for (int i = 0; i < 10; i++) {\n        if (ans[0][i]) change(0, i);\n    }\n    for (int i = 1; i < 10; i++) {\n        for (int j = 0; j < 10; j++) {\n            if (u[i - 1][j]) {\n                ans[i][j] = 1;\n                change(i, j);\n            }\n        }\n    }\n    for (int i = 0; i < 10; i++) {\n        if (u[9][i]) return 0;\n    }\n    return 1;\n}\n\nvoid change(int y, int x) {\n    u[y][x] = !u[y][x];\n    if (y > 0) u[y - 1][x] = !u[y - 1][x];\n    if (x > 0) u[y][x - 1] = !u[y][x - 1];\n    if (y < 9) u[y + 1][x] = !u[y + 1][x];\n    if (x < 9) u[y][x + 1] = !u[y][x + 1];\n}') | LineLLMMutation(('source.cpp', 15), '#include <cstdio>\nusing namespace std;\n\nint t[10][10], u[10][10], ans[10][10], n, flg;\n\nint compute();\nvoid dfs(int);\nvoid change(int, int);\n\nint main() {\n    scanf("%d", &n);\n    while (n--) {\n        flg = 0;\n        for (int i = 0; i < 10; i++) {\n            for (int j = 0; j < 10; j++) {\n                scanf("%d", &t[i][j]);\n                ans[i][j] = 0;\n            }\n        }\n        dfs(0);\n    }\n    return 0;\n}\n\nvoid dfs(int x) {\n    if (x == 10) {\n        if (compute()) {\n            for (int i = 0; i < 10; i++) {\n                for (int j = 0; j < 10; j++) {\n                    if (j) printf(" ");\n                    printf("%d", ans[i][j]);\n                }\n                printf("\\n");\n            }\n        }\n        return;\n    }\n    ans[0][x] = 0;\n    dfs(x + 1);\n    ans[0][x] = 1;\n    dfs(x + 1);\n}\n\nint compute() {\n    bool hasNonZero = false;\n    for (int i = 0; i < 10; i++) {\n        for (int j = 0; j < 10; j++) {\n            u[i][j] = t[i][j]; // Directly copy t to u\n            if (i) ans[i][j] = 0;\n        }\n    }\n    for (int i = 0; i < 10; i++) {\n        if (ans[0][i]) change(0, i);\n    }\n    for (int i = 1; i < 10; i++) {\n        for (int j = 0; j < 10; j++) {\n            if (u[i - 1][j]) {\n                ans[i][j] = 1;\n                change(i, j);\n            }\n        }\n    }\n    for (int i = 0; i < 10; i++) {\n        if (u[9][i]) {\n            hasNonZero = true; // Track if any u[9][i] is non-zero\n            break; // Early exit if found\n        }\n    }\n    return !hasNonZero; // Return 1 if all are zero\n}\n\nvoid change(int y, int x) {\n    u[y][x] = !u[y][x];\n    if (y > 0) u[y - 1][x] = !u[y - 1][x];\n    if (x > 0) u[y][x - 1] = !u[y][x - 1];\n    if (y < 9) u[y + 1][x] = !u[y + 1][x];\n    if (x < 9) u[y][x + 1] = !u[y][x + 1];\n}') | LineLLMMutation(('source.cpp', 19), '#include <cstdio>\n#include <cstring> // Include for memcpy\nusing namespace std;\n\nint t[10][10], u[10][10], ans[10][10], n, flg;\n\nint compute();\nvoid dfs(int);\nvoid change(int, int);\n\nint main() {\n    scanf("%d", &n);\n    while (n--) {\n        flg = 0;\n        for (int i = 0; i < 10; i++) {\n            for (int j = 0; j < 10; j++) {\n                scanf("%d", &t[i][j]);\n                ans[i][j] = 0;\n            }\n        }\n        dfs(0);\n    }\n    return 0;\n}\n\nvoid dfs(int x) {\n    if (x == 10) {\n        if (compute()) {\n            for (int i = 0; i < 10; i++) {\n                for (int j = 0; j < 10; j++) {\n                    if (j) printf(" ");\n                    printf("%d", ans[i][j]);\n                }\n                printf("\\n");\n            }\n        }\n        return;\n    }\n    ans[0][x] = 0;\n    dfs(x + 1);\n    ans[0][x] = 1;\n    dfs(x + 1);\n}\n\nint compute() {\n    bool hasNonZero = false;\n    memcpy(u, t, sizeof(t)); // Use memcpy for faster copying of the matrix\n    for (int i = 0; i < 10; i++) {\n        if (i) ans[i][0] = 0; // This line can be optimized further, if necessary\n    }\n    for (int i = 0; i < 10; i++) {\n        if (ans[0][i]) change(0, i);\n    }\n    for (int i = 1; i < 10; i++) {\n        for (int j = 0; j < 10; j++) {\n            if (u[i - 1][j]) {\n                ans[i][j] = 1;\n                change(i, j);\n            }\n        }\n    }\n    for (int i = 0; i < 10; i++) {\n        if (u[9][i]) {\n            hasNonZero = true; // Track if any u[9][i] is non-zero\n            break; // Early exit if found\n        }\n    }\n    return !hasNonZero; // Return 1 if all are zero\n}\n\nvoid change(int y, int x) {\n    u[y][x] = !u[y][x];\n    if (y > 0) u[y - 1][x] = !u[y - 1][x];\n    if (x > 0) u[y][x - 1] = !u[y][x - 1];\n    if (y < 9) u[y + 1][x] = !u[y + 1][x];\n    if (x < 9) u[y][x + 1] = !u[y][x + 1];\n}')"
2025-01-23 18:18:18,015	[INFO]	Step: 38
2025-01-23 18:18:18,015	[INFO]	Stop Steps: 100
2025-01-23 18:18:18,212	[INFO]	3-9     TEST_CODE_ERROR       None (--) [2 edit(s)]  
2025-01-23 18:18:18,213	[DEBUG]	patch(3-9)="LineLLMCrossover(('source.cpp', 2), '#include <cstdio>\nusing namespace std;\n\nint t[10][10], u[10][10], ans[10][10], n, flg;\n\nint compute();\nvoid dfs(int);\nvoid change(int, int);\n\nint main() {\n    scanf("%d", &n);\n    while (n--) {\n        flg = 0;\n        for (int i = 0; i < 10; i++) {\n            for (int j = 0; j < 10; j++) {\n                scanf("%d", &t[i][j]); // Use scanf for input\n                ans[i][j] = 0;\n            }\n        }\n        dfs(0);\n    }\n    return 0;\n}\n\nvoid dfs(int x) {\n    if (x == 10) {\n        if (compute()) {\n            for (int i = 0; i < 10; i++) {\n                for (int j = 0; j < 10; j++) {\n                    if (j) printf(" ");\n                    printf("%d", ans[i][j]); // Use printf for output\n                }\n                printf("\\n");\n            }\n        }\n        return;\n    }\n    ans[0][x] = 0;\n    dfs(x + 1);\n    ans[0][x] = 1;\n    dfs(x + 1);\n}\n\nint compute() {\n    for (int i = 0; i < 10; i++) {\n        for (int j = 0; j < 10; j++) {\n            u[i][j] = t[i][j];\n            if (i) ans[i][j] = 0;\n        }\n    }\n    for (int i = 0; i < 10; i++) {\n        if (ans[0][i]) change(0, i);\n    }\n    for (int i = 1; i < 10; i++) {\n        for (int j = 0; j < 10; j++) {\n            if (u[i - 1][j]) {\n                ans[i][j] = 1;\n                change(i, j);\n            }\n        }\n    }\n    for (int i = 0; i < 10; i++) {\n        if (u[9][i]) return 0;\n    }\n    return 1;\n}\n\nvoid change(int y, int x) {\n    u[y][x] = !u[y][x];\n    if (y > 0) u[y - 1][x] = !u[y - 1][x];\n    if (x > 0) u[y][x - 1] = !u[y][x - 1];\n    if (y < 9) u[y + 1][x] = !u[y + 1][x];\n    if (x < 9) u[y][x + 1] = !u[y][x + 1];\n}') | LineLLMMutation(('source.cpp', 20), '#include <cstdio>\nusing namespace std;\n\nint t[10][10], u[10][10], ans[10][10], n, flg;\n\nint compute();\nvoid dfs(int);\nvoid change(int, int);\n\nint main() {\n    scanf("%d", &n);\n    while (n--) {\n        flg = 0;\n        for (int i = 0; i < 10; i++) {\n            for (int j = 0; j < 10; j++) {\n                scanf("%d", &t[i][j]); // Use scanf for input\n                ans[i][j] = 0; // Initialize ans\n                u[i][j] = t[i][j]; // Initialize u in the same loop\n            }\n        }\n        dfs(0);\n    }\n    return 0;\n}\n\nvoid dfs(int x) {\n    if (x == 10) {\n        if (compute()) {\n            for (int i = 0; i < 10; i++) {\n                for (int j = 0; j < 10; j++) {\n                    if (j) printf(" ");\n                    printf("%d", ans[i][j]); // Use printf for output\n                }\n                printf("\\n");\n            }\n        }\n        return;\n    }\n    ans[0][x] = 0;\n    dfs(x + 1);\n    ans[0][x] = 1;\n    dfs(x + 1);\n}\n\nint compute() {\n    for (int i = 0; i < 10; i++) {\n        for (int j = 0; j < 10; j++) {\n            if (i) ans[i][j] = 0; // Reset ans based on previous row\n        }\n    }\n    for (int i = 0; i < 10; i++) {\n        if (ans[0][i]) change(0, i);\n    }\n    for (int i = 1; i < 10; i++) {\n        for (int j = 0; j < 10; j++) {\n            if (u[i - 1][j]) {\n                ans[i][j] = 1;\n                change(i, j);\n            }\n        }\n    }\n    for (int i = 0; i < 10; i++) {\n        if (u[9][i]) return 0;\n    }\n    return 1;\n}\n\nvoid change(int y, int x) {\n    u[y][x] = !u[y][x];\n    if (y > 0) u[y - 1][x] = !u[y - 1][x];\n    if (x > 0) u[y][x - 1] = !u[y][x - 1];\n    if (y < 9) u[y + 1][x] = !u[y + 1][x];\n    if (x < 9) u[y][x + 1] = !u[y][x + 1];\n}')"
2025-01-23 18:18:18,213	[INFO]	Step: 39
2025-01-23 18:18:18,213	[INFO]	Stop Steps: 100
2025-01-23 18:18:18,273	[INFO]	3-10    COMPILE_CODE_ERROR    None (--) [3 edit(s)]  
2025-01-23 18:18:18,273	[DEBUG]	patch(3-10)="LineLLMCrossover(('source.cpp', 1), "#include <iostream>\nusing namespace std;\n\nstatic int t[10][10], u[10][10], ans[10][10], n, flg;\n\nint compute();\nvoid dfs(int);\nvoid change(int, int);\n\nint main() {\n    cin >> n;\n    while (n--) {\n        flg = 0;\n        for (int i = 0; i < 10; i++) {\n            for (int j = 0; j < 10; j++) {\n                cin >> t[i][j]; // Use cin for input\n                ans[i][j] = 0;\n            }\n        }\n        dfs(0);\n    }\n    return 0;\n}\n\nvoid dfs(int x) {\n    if (x == 10) {\n        if (compute()) {\n            for (int i = 0; i < 10; i++) {\n                for (int j = 0; j < 10; j++) {\n                    if (j) cout << ' ';\n                    cout << ans[i][j]; // Use cout for output\n                }\n                cout << endl;\n            }\n        }\n        return;\n    }\n    ans[0][x] = 0;\n    dfs(x + 1);\n    ans[0][x] = 1;\n    dfs(x + 1);\n}\n\nint compute() {\n    for (int i = 0; i < 10; i++) {\n        for (int j = 0; j < 10; j++) {\n            u[i][j] = t[i][j];\n            if (i) ans[i][j] = 0;\n        }\n    }\n    for (int i = 0; i < 10; i++) {\n        if (ans[0][i]) change(0, i);\n    }\n    for (int i = 1; i < 10; i++) {\n        for (int j = 0; j < 10; j++) {\n            if (u[i - 1][j]) {\n                ans[i][j] = 1;\n                change(i, j);\n            }\n        }\n    }\n    for (int i = 0; i < 10; i++) {\n        if (u[9][i]) return 0;\n    }\n    return 1;\n}\n\nvoid change(int y, int x) {\n    u[y][x] = !u[y][x];\n    if (y > 0) u[y - 1][x] = !u[y - 1][x];\n    if (x > 0) u[y][x - 1] = !u[y][x - 1];\n    if (y < 9) u[y + 1][x] = !u[y + 1][x];\n    if (x < 9) u[y][x + 1] = !u[y][x + 1];\n}") | LineLLMMutation(('source.cpp', 17), '#include <cstdio>\nusing namespace std;\n\nstatic int t[10][10], u[10][10], ans[10][10], n, flg;\n\nint compute();\nvoid dfs(int);\nvoid change(int, int);\n\nint main() {\n    scanf("%d", &n);\n    while (n--) {\n        flg = 0;\n        for (int i = 0; i < 10; i++) {\n            for (int j = 0; j < 10; j++) {\n                scanf("%d", &t[i][j]); // Use scanf for input\n                ans[i][j] = 0;\n            }\n        }\n        dfs(0);\n    }\n    return 0;\n}\n\nvoid dfs(int x) {\n    if (x == 10) {\n        if (compute()) {\n            for (int i = 0; i < 10; i++) {\n                for (int j = 0; j < 10; j++) {\n                    if (j) printf(" ");\n                    printf("%d", ans[i][j]); // Use printf for output\n                }\n                printf("\\n");\n            }\n        }\n        return;\n    }\n    ans[0][x] = 0;\n    dfs(x + 1);\n    ans[0][x] = 1;\n    dfs(x + 1);\n}\n\nint compute() {\n    for (int i = 0; i < 10; i++) {\n        for (int j = 0; j < 10; j++) {\n            u[i][j] = t[i][j];\n            if (i) ans[i][j] = 0;\n        }\n    }\n    for (int i = 0; i < 10; i++) {\n        if (ans[0][i]) change(0, i);\n    }\n    for (int i = 1; i < 10; i++) {\n        for (int j = 0; j < 10; j++) {\n            if (u[i - 1][j]) {\n                ans[i][j] = 1;\n                change(i, j);\n            }\n        }\n    }\n    for (int i = 0; i < 10; i++) {\n        if (u[9][i]) return 0;\n    }\n    return 1;\n}\n\nvoid change(int y, int x) {\n    u[y][x] = !u[y][x];\n    if (y > 0) u[y - 1][x] = !u[y - 1][x];\n    if (x > 0) u[y][x - 1] = !u[y][x - 1];\n    if (y < 9) u[y + 1][x] = !u[y + 1][x];\n    if (x < 9) u[y][x + 1] = !u[y][x + 1];\n}') | LineLLMMutation(('source.cpp', 21), '#include <cstdio>\nusing namespace std;\n\nstatic int t[10][10], ans[10][10], n, flg;\n\nint compute();\nvoid dfs(int);\nvoid change(int, int);\n\nint main() {\n    scanf("%d", &n);\n    while (n--) {\n        flg = 0;\n        for (int i = 0; i < 10; i++) {\n            for (int j = 0; j < 10; j++) {\n                scanf("%d", &t[i][j]); // Use scanf for input\n                ans[i][j] = 0;\n            }\n        }\n        dfs(0);\n    }\n    return 0;\n}\n\nvoid dfs(int x) {\n    if (x == 10) {\n        if (compute()) {\n            for (int i = 0; i < 10; i++) {\n                for (int j = 0; j < 10; j++) {\n                    if (j) printf(" ");\n                    printf("%d", ans[i][j]); // Use printf for output\n                }\n                printf("\\n");\n            }\n        }\n        return;\n    }\n    ans[0][x] = 0;\n    dfs(x + 1);\n    ans[0][x] = 1;\n    dfs(x + 1);\n}\n\nint compute() {\n    bool u[10][10] = { false }; // Use boolean array to track changes\n    for (int i = 0; i < 10; i++) {\n        for (int j = 0; j < 10; j++) {\n            if (i) ans[i][j] = 0; // Initialize only when needed\n        }\n    }\n    for (int i = 0; i < 10; i++) {\n        if (ans[0][i]) change(0, i, u); // Pass u to change\n    }\n    for (int i = 1; i < 10; i++) {\n        for (int j = 0; j < 10; j++) {\n            if (u[i - 1][j]) {\n                ans[i][j] = 1;\n                change(i, j, u); // Pass u to change\n            }\n        }\n    }\n    for (int i = 0; i < 10; i++) {\n        if (u[9][i]) return 0; // Check directly on u\n    }\n    return 1;\n}\n\nvoid change(int y, int x, bool u[10][10]) { // Modify function to take u as a parameter\n    u[y][x] = !u[y][x];\n    if (y > 0) u[y - 1][x] = !u[y - 1][x];\n    if (x > 0) u[y][x - 1] = !u[y][x - 1];\n    if (y < 9) u[y + 1][x] = !u[y + 1][x];\n    if (x < 9) u[y][x + 1] = !u[y][x + 1];\n}')"
2025-01-23 18:18:18,273	[INFO]	Step: 40
2025-01-23 18:18:18,273	[INFO]	Stop Steps: 100
2025-01-23 18:18:19,841	[DEBUG]	EXEC>  SUCCESS 3896209.0625
2025-01-23 18:18:19,841	[INFO]	REF     SUCCESS               3896209.06 (--) [0 edit(s)]  
2025-01-23 18:18:19,841	[INFO]	Best patch: 9
2025-01-23 18:18:20,211	[DEBUG]	EXEC>  SUCCESS 2475834.8125
2025-01-23 18:18:20,212	[INFO]	BEST    SUCCESS              *2475834.81 (63.54%) [0 edit(s)]  
2025-01-23 18:18:20,212	[INFO]	Best patch step: 33
2025-01-23 18:20:08,319	[INFO]	Step: 40
2025-01-23 18:20:08,319	[INFO]	Stop Steps: 100
2025-01-23 18:20:08,882	[DEBUG]	EXEC>  SUCCESS 2534525.9375
2025-01-23 18:20:08,883	[INFO]	4-1     SUCCESS              +2534525.94 (65.05%) [1 edit(s)]  
2025-01-23 18:20:08,883	[DEBUG]	patch(4-1)="LineLLMCrossover(('source.cpp', 9), '#include <cstdio>\nusing namespace std;\n\nstatic int t[10][10], u[10][10], ans[10][10], n, flg;\n\nint compute();\nvoid dfs(int);\nvoid change(int, int);\n\nint main() {\n    scanf("%d", &n);\n    while (n--) {\n        flg = 0;\n        for (int i = 0; i < 10; i++) {\n            for (int j = 0; j < 10; j++) {\n                scanf("%d", &t[i][j]);\n                ans[i][j] = 0;\n            }\n        }\n        dfs(0);\n    }\n    return 0;\n}\n\nvoid dfs(int x) {\n    if (x == 10) {\n        if (compute()) {\n            for (int i = 0; i < 10; i++) {\n                for (int j = 0; j < 10; j++) {\n                    if (j) printf(" ");\n                    printf("%d", ans[i][j]);\n                }\n                printf("\\n");\n            }\n        }\n        return;\n    }\n    ans[0][x] = 0;\n    dfs(x + 1);\n    ans[0][x] = 1;\n    dfs(x + 1);\n}\n\nvoid change(int y, int x) {\n    u[y][x] = !u[y][x];\n    if (y > 0) u[y - 1][x] = !u[y - 1][x];\n    if (x > 0) u[y][x - 1] = !u[y][x - 1];\n    if (y < 9) u[y + 1][x] = !u[y + 1][x];\n    if (x < 9) u[y][x + 1] = !u[y][x + 1];\n}\n\nint compute() {\n    for (int i = 0; i < 10; i++) {\n        for (int j = 0; j < 10; j++) {\n            u[i][j] = t[i][j];\n            if (i) ans[i][j] = 0;\n        }\n    }\n    for (int i = 0; i < 10; i++) {\n        if (ans[0][i]) change(0, i);\n    }\n    for (int i = 1; i < 10; i++) {\n        for (int j = 0; j < 10; j++) {\n            if (u[i - 1][j]) {\n                ans[i][j] = 1;\n                change(i, j);\n            }\n        }\n    }\n    for (int i = 0; i < 10; i++) {\n        if (u[9][i]) return 0;\n    }\n    return 1;\n}')"
2025-01-23 18:20:08,883	[INFO]	Step: 41
2025-01-23 18:20:08,883	[INFO]	Stop Steps: 100
2025-01-23 18:20:09,248	[DEBUG]	EXEC>  SUCCESS 2480516.5625
2025-01-23 18:20:09,248	[INFO]	4-2     SUCCESS              +2480516.56 (63.66%) [1 edit(s)]  
2025-01-23 18:20:09,249	[DEBUG]	patch(4-2)="LineLLMMutation(('source.cpp', 1), '#include <cstdio>\nusing namespace std;\n\nint t[10][10], u[10][10], ans[10][10], n, flg;\n\nint compute();\nvoid dfs(int);\nvoid change(int, int);\n\nint main() {\n    scanf("%d", &n);\n    while (n--) {\n        flg = 0;\n        for (int i = 0; i < 10; i++) {\n            for (int j = 0; j < 10; j++) {\n                scanf("%d", &t[i][j]); // Use scanf for input\n                ans[i][j] = 0;\n            }\n        }\n        dfs(0);\n    }\n    return 0;\n}\n\nvoid dfs(int x) {\n    if (x == 10) {\n        if (compute()) {\n            for (int i = 0; i < 10; i++) {\n                for (int j = 0; j < 10; j++) {\n                    if (j) printf(" ");\n                    printf("%d", ans[i][j]); // Use printf for output\n                }\n                printf("\\n");\n            }\n        }\n        return;\n    }\n    ans[0][x] = 0;\n    dfs(x + 1);\n    ans[0][x] = 1;\n    dfs(x + 1);\n}\n\nint compute() {\n    for (int i = 0; i < 10; i++) {\n        for (int j = 0; j < 10; j++) {\n            u[i][j] = t[i][j];\n            if (i) ans[i][j] = 0;\n        }\n    }\n    for (int i = 0; i < 10; i++) {\n        if (ans[0][i]) change(0, i);\n    }\n    for (int i = 1; i < 10; i++) {\n        for (int j = 0; j < 10; j++) {\n            if (u[i - 1][j]) {\n                ans[i][j] = 1;\n                change(i, j);\n            }\n        }\n    }\n    for (int i = 0; i < 10; i++) {\n        if (u[9][i]) return 0;\n    }\n    return 1;\n}\n\nvoid change(int y, int x) {\n    u[y][x] = !u[y][x];\n    if (y > 0) u[y - 1][x] = !u[y - 1][x];\n    if (x > 0) u[y][x - 1] = !u[y][x - 1];\n    if (y < 9) u[y + 1][x] = !u[y + 1][x];\n    if (x < 9) u[y][x + 1] = !u[y][x + 1];\n}')"
2025-01-23 18:20:09,249	[INFO]	Step: 42
2025-01-23 18:20:09,249	[INFO]	Stop Steps: 100
2025-01-23 18:20:09,316	[INFO]	4-3     COMPILE_CODE_ERROR    None (--) [1 edit(s)]  
2025-01-23 18:20:09,316	[DEBUG]	patch(4-3)="LineLLMCrossover(('source.cpp', 12), '#include <cstdio>\nusing namespace std;\n\nstatic int t[10][10], u[10][10], ans[10][10], n, flg;\n\nint compute();\nvoid dfs(int);\n\nint main() {\n    scanf("%d", &n);\n    while (n--) {\n        flg = 0;\n        for (int i = 0; i < 10; i++) {\n            for (int j = 0; j < 10; j++) {\n                scanf("%d", &t[i][j]);\n                ans[i][j] = 0;\n            }\n        }\n        dfs(0);\n    }\n    return 0;\n}\n\nvoid dfs(int x) {\n    if (x == 10) {\n        if (compute()) {\n            for (int i = 0; i < 10; i++) {\n                for (int j = 0; j < 10; j++) {\n                    if (j) printf(" ");\n                    printf("%d", ans[i][j]);\n                }\n                printf("\\n");\n            }\n        }\n        return;\n    }\n    ans[0][x] = 0;\n    dfs(x + 1);\n    ans[0][x] = 1;\n    dfs(x + 1);\n}\n\nint compute() {\n    // Initialize u and check for the condition in a single loop\n    bool found = false;\n    for (int i = 0; i < 10; i++) {\n        for (int j = 0; j < 10; j++) {\n            u[i][j] = t[i][j];\n            ans[i][j] = (i == 0 && ans[0][j]) ? 1 : 0; // Initialize ans based on the first row\n        }\n    }\n\n    for (int i = 0; i < 10; i++) {\n        if (ans[0][i]) change(0, i);\n    }\n    for (int i = 1; i < 10; i++) {\n        for (int j = 0; j < 10; j++) {\n            if (u[i - 1][j]) {\n                ans[i][j] = 1;\n                change(i, j);\n            }\n        }\n    }\n    for (int i = 0; i < 10; i++) {\n        if (u[9][i]) return 0;\n    }\n    return 1;\n}\n\nvoid change(int y, int x) {\n    u[y][x] = !u[y][x];\n    if (y > 0) u[y - 1][x] = !u[y - 1][x];\n    if (x > 0) u[y][x - 1] = !u[y][x - 1];\n    if (y < 9) u[y + 1][x] = !u[y + 1][x];\n    if (x < 9) u[y][x + 1] = !u[y][x + 1];\n}')"
2025-01-23 18:20:09,316	[INFO]	Step: 43
2025-01-23 18:20:09,316	[INFO]	Stop Steps: 100
2025-01-23 18:20:09,734	[DEBUG]	EXEC>  SUCCESS 2470519.375
2025-01-23 18:20:09,734	[INFO]	4-4     SUCCESS              *2470519.38 (63.41%) [1 edit(s)]  
2025-01-23 18:20:09,734	[DEBUG]	patch(4-4)="LineLLMCrossover(('source.cpp', 13), '#include <cstdio>\nusing namespace std;\n\nint t[10][10], u[10][10], ans[10][10], n, flg;\n\nint compute();\nvoid dfs(int);\nvoid change(int, int);\n\nint main() {\n    scanf("%d", &n);\n    while (n--) {\n        flg = 0;\n        for (int i = 0; i < 10; i++) {\n            for (int j = 0; j < 10; j++) {\n                scanf("%d", &t[i][j]);\n                ans[i][j] = 0;\n            }\n        }\n        dfs(0);\n    }\n    return 0;\n}\n\nvoid dfs(int x) {\n    if (x == 10) {\n        if (compute()) {\n            for (int i = 0; i < 10; i++) {\n                for (int j = 0; j < 10; j++) {\n                    if (j) printf(" ");\n                    printf("%d", ans[i][j]);\n                }\n                printf("\\n");\n            }\n        }\n        return;\n    }\n    ans[0][x] = 0;\n    dfs(x + 1);\n    ans[0][x] = 1;\n    dfs(x + 1);\n}\n\nint compute() {\n    for (int i = 0; i < 10; i++) {\n        for (int j = 0; j < 10; j++) {\n            u[i][j] = t[i][j];\n            if (i) ans[i][j] = 0;\n        }\n    }\n    for (int i = 0; i < 10; i++) {\n        if (ans[0][i]) change(0, i);\n    }\n    for (int i = 1; i < 10; i++) {\n        for (int j = 0; j < 10; j++) {\n            if (u[i - 1][j]) {\n                ans[i][j] = 1;\n                change(i, j);\n            }\n        }\n    }\n    for (int i = 0; i < 10; i++) {\n        if (u[9][i]) return 0;\n    }\n    return 1;\n}\n\nvoid change(int y, int x) {\n    u[y][x] = !u[y][x];\n    if (y > 0) u[y - 1][x] = !u[y - 1][x];\n    if (x > 0) u[y][x - 1] = !u[y][x - 1];\n    if (y < 9) u[y + 1][x] = !u[y + 1][x];\n    if (x < 9) u[y][x + 1] = !u[y][x + 1];\n}')"

2025-01-23 18:20:09,734	[INFO]	Step: 44
2025-01-23 18:20:09,734	[INFO]	Stop Steps: 100
2025-01-23 18:20:09,801	[INFO]	4-5     COMPILE_CODE_ERROR    None (--) [1 edit(s)]  
2025-01-23 18:20:09,801	[DEBUG]	patch(4-5)="LineLLMCrossover(('source.cpp', 14), '#include <cstdio>\nusing namespace std;\n\nint t[10][10], u[10][10], ans[10][10], n, flg;\n\nint compute();\nvoid dfs(int);\n\nint main() {\n    scanf("%d", &n);\n    while (n--) {\n        flg = 0;\n        for (int i = 0; i < 10; i++) {\n            for (int j = 0; j < 10; j++) {\n                scanf("%d", &t[i][j]); // Use scanf for input\n                ans[i][j] = 0;\n            }\n        }\n        dfs(0);\n    }\n    return 0;\n}\n\nvoid dfs(int x) {\n    if (x == 10) {\n        if (compute()) {\n            for (int i = 0; i < 10; i++) {\n                for (int j = 0; j < 10; j++) {\n                    if (j) printf(" ");\n                    printf("%d", ans[i][j]); // Use printf for output\n                }\n                printf("\\n");\n            }\n        }\n        return;\n    }\n    ans[0][x] = 0;\n    dfs(x + 1);\n    ans[0][x] = 1;\n    dfs(x + 1);\n}\n\nint compute() {\n    for (int i = 0; i < 10; i++) {\n        for (int j = 0; j < 10; j++) {\n            u[i][j] = t[i][j];\n            if (i) ans[i][j] = 0;\n        }\n    }\n    for (int i = 0; i < 10; i++) {\n        if (ans[0][i]) change(0, i);\n    }\n    for (int i = 1; i < 10; i++) {\n        for (int j = 0; j < 10; j++) {\n            if (u[i - 1][j]) {\n                ans[i][j] = 1;\n                change(i, j);\n            }\n        }\n    }\n    for (int i = 0; i < 10; i++) {\n        if (u[9][i]) return 0;\n    }\n    return 1;\n}\n\nvoid change(int y, int x) {\n    u[y][x] = !u[y][x];\n    if (y > 0) u[y - 1][x] = !u[y - 1][x];\n    if (x > 0) u[y][x - 1] = !u[y][x - 1];\n    if (y < 9) u[y + 1][x] = !u[y + 1][x];\n    if (x < 9) u[y][x + 1] = !u[y][x + 1];\n}')"
2025-01-23 18:20:09,801	[INFO]	Step: 45
2025-01-23 18:20:09,801	[INFO]	Stop Steps: 100
2025-01-23 18:20:09,868	[INFO]	4-6     COMPILE_CODE_ERROR    None (--) [1 edit(s)]  
2025-01-23 18:20:09,868	[DEBUG]	patch(4-6)="LineLLMCrossover(('source.cpp', 15), '#include <cstdio>\nusing namespace std;\n\nint t[10][10], u[10][10], ans[10][10], n, flg;\n\nint compute();\nvoid dfs(int);\n\nint main() {\n    scanf("%d", &n);\n    while (n--) {\n        flg = 0;\n        for (int i = 0; i < 10; i++) {\n            for (int j = 0; j < 10; j++) {\n                scanf("%d", &t[i][j]); // Use scanf for input\n                ans[i][j] = 0;\n            }\n        }\n        dfs(0);\n    }\n    return 0;\n}\n\nvoid dfs(int x) {\n    if (x == 10) {\n        if (compute()) {\n            for (int i = 0; i < 10; i++) {\n                for (int j = 0; j < 10; j++) {\n                    if (j) printf(" ");\n                    printf("%d", ans[i][j]); // Use printf for output\n                }\n                printf("\\n");\n            }\n        }\n        return;\n    }\n    ans[0][x] = 0;\n    dfs(x + 1);\n    ans[0][x] = 1;\n    dfs(x + 1);\n}\n\nint compute() {\n    for (int i = 0; i < 10; i++) {\n        for (int j = 0; j < 10; j++) {\n            u[i][j] = t[i][j];\n            if (i) ans[i][j] = 0;\n        }\n    }\n    for (int i = 0; i < 10; i++) {\n        if (ans[0][i]) change(0, i);\n    }\n    for (int i = 1; i < 10; i++) {\n        for (int j = 0; j < 10; j++) {\n            if (u[i - 1][j]) {\n                ans[i][j] = 1;\n                change(i, j);\n            }\n        }\n    }\n    for (int i = 0; i < 10; i++) {\n        if (u[9][i]) return 0;\n    }\n    return 1;\n}\n\nvoid change(int y, int x) {\n    u[y][x] = !u[y][x];\n    if (y > 0) u[y - 1][x] = !u[y - 1][x];\n    if (x > 0) u[y][x - 1] = !u[y][x - 1];\n    if (y < 9) u[y + 1][x] = !u[y + 1][x];\n    if (x < 9) u[y][x + 1] = !u[y][x + 1];\n}')"
2025-01-23 18:20:09,868	[INFO]	Step: 46
2025-01-23 18:20:09,868	[INFO]	Stop Steps: 100
2025-01-23 18:20:10,100	[INFO]	4-7     TEST_CODE_ERROR       None (--) [2 edit(s)]  
2025-01-23 18:20:10,100	[DEBUG]	patch(4-7)="LineLLMCrossover(('source.cpp', 9), '#include <cstdio>\nusing namespace std;\n\nstatic int t[10][10], u[10][10], ans[10][10], n, flg;\n\nint compute();\nvoid dfs(int);\nvoid change(int, int);\n\nint main() {\n    scanf("%d", &n);\n    while (n--) {\n        flg = 0;\n        for (int i = 0; i < 10; i++) {\n            for (int j = 0; j < 10; j++) {\n                scanf("%d", &t[i][j]);\n                ans[i][j] = 0;\n            }\n        }\n        dfs(0);\n    }\n    return 0;\n}\n\nvoid dfs(int x) {\n    if (x == 10) {\n        if (compute()) {\n            for (int i = 0; i < 10; i++) {\n                for (int j = 0; j < 10; j++) {\n                    if (j) printf(" ");\n                    printf("%d", ans[i][j]);\n                }\n                printf("\\n");\n            }\n        }\n        return;\n    }\n    ans[0][x] = 0;\n    dfs(x + 1);\n    ans[0][x] = 1;\n    dfs(x + 1);\n}\n\nvoid change(int y, int x) {\n    u[y][x] = !u[y][x];\n    if (y > 0) u[y - 1][x] = !u[y - 1][x];\n    if (x > 0) u[y][x - 1] = !u[y][x - 1];\n    if (y < 9) u[y + 1][x] = !u[y + 1][x];\n    if (x < 9) u[y][x + 1] = !u[y][x + 1];\n}\n\nint compute() {\n    for (int i = 0; i < 10; i++) {\n        for (int j = 0; j < 10; j++) {\n            u[i][j] = t[i][j];\n            if (i) ans[i][j] = 0;\n        }\n    }\n    for (int i = 0; i < 10; i++) {\n        if (ans[0][i]) change(0, i);\n    }\n    for (int i = 1; i < 10; i++) {\n        for (int j = 0; j < 10; j++) {\n            if (u[i - 1][j]) {\n                ans[i][j] = 1;\n                change(i, j);\n            }\n        }\n    }\n    for (int i = 0; i < 10; i++) {\n        if (u[9][i]) return 0;\n    }\n    return 1;\n}') | LineLLMMutation(('source.cpp', 22), '#include <cstdio>\nusing namespace std;\n\nstatic int t[10][10], u[10][10], ans[10][10], n, flg;\n\nint compute();\nvoid dfs(int);\nvoid change(int, int);\n\nint main() {\n    scanf("%d", &n);\n    while (n--) {\n        flg = 0;\n        for (int i = 0; i < 10; i++) {\n            for (int j = 0; j < 10; j++) {\n                scanf("%d", &t[i][j]);\n                ans[i][j] = 0;\n            }\n        }\n        dfs(0);\n    }\n    return 0;\n}\n\nvoid dfs(int x) {\n    if (x == 10) {\n        if (compute()) {\n            for (int i = 0; i < 10; i++) {\n                for (int j = 0; j < 10; j++) {\n                    if (j) printf(" ");\n                    printf("%d", ans[i][j]);\n                }\n                printf("\\n");\n            }\n        }\n        return;\n    }\n    ans[0][x] = 0;\n    dfs(x + 1);\n    ans[0][x] = 1;\n    dfs(x + 1);\n}\n\nvoid change(int y, int x) {\n    u[y][x] = !u[y][x];\n    if (y > 0) u[y - 1][x] = !u[y - 1][x];\n    if (x > 0) u[y][x - 1] = !u[y][x - 1];\n    if (y < 9) u[y + 1][x] = !u[y + 1][x];\n    if (x < 9) u[y][x + 1] = !u[y][x + 1];\n}\n\nint compute() {\n    for (int i = 0; i < 10; i++) {\n        for (int j = 0; j < 10; j++) {\n            u[i][j] = t[i][j];\n            ans[i][j] = (i == 0) ? 0 : ans[i][j]; // Initialize ans for non-zero rows\n        }\n    }\n    for (int i = 0; i < 10; i++) {\n        if (ans[0][i]) change(0, i);\n    }\n    for (int i = 1; i < 10; i++) {\n        for (int j = 0; j < 10; j++) {\n            if (u[i - 1][j]) {\n                ans[i][j] = 1;\n                change(i, j);\n            }\n        }\n    }\n    return !u[9][0] && !u[9][1] && !u[9][2] && !u[9][3] && !u[9][4] && !u[9][5] && !u[9][6] && !u[9][7] && !u[9][8] && !u[9][9]; // Check if the last row has all zeros\n}')"
2025-01-23 18:20:10,100	[INFO]	Step: 47
2025-01-23 18:20:10,100	[INFO]	Stop Steps: 100
2025-01-23 18:20:10,528	[DEBUG]	EXEC>  SUCCESS 2646655.5625
2025-01-23 18:20:10,528	[INFO]	4-8     SUCCESS               2646655.56 (67.93%) [2 edit(s)]  
2025-01-23 18:20:10,528	[DEBUG]	patch(4-8)="LineLLMMutation(('source.cpp', 1), '#include <cstdio>\nusing namespace std;\n\nint t[10][10], u[10][10], ans[10][10], n, flg;\n\nint compute();\nvoid dfs(int);\nvoid change(int, int);\n\nint main() {\n    scanf("%d", &n);\n    while (n--) {\n        flg = 0;\n        for (int i = 0; i < 10; i++) {\n            for (int j = 0; j < 10; j++) {\n                scanf("%d", &t[i][j]); // Use scanf for input\n                ans[i][j] = 0;\n            }\n        }\n        dfs(0);\n    }\n    return 0;\n}\n\nvoid dfs(int x) {\n    if (x == 10) {\n        if (compute()) {\n            for (int i = 0; i < 10; i++) {\n                for (int j = 0; j < 10; j++) {\n                    if (j) printf(" ");\n                    printf("%d", ans[i][j]); // Use printf for output\n                }\n                printf("\\n");\n            }\n        }\n        return;\n    }\n    ans[0][x] = 0;\n    dfs(x + 1);\n    ans[0][x] = 1;\n    dfs(x + 1);\n}\n\nint compute() {\n    for (int i = 0; i < 10; i++) {\n        for (int j = 0; j < 10; j++) {\n            u[i][j] = t[i][j];\n            if (i) ans[i][j] = 0;\n        }\n    }\n    for (int i = 0; i < 10; i++) {\n        if (ans[0][i]) change(0, i);\n    }\n    for (int i = 1; i < 10; i++) {\n        for (int j = 0; j < 10; j++) {\n            if (u[i - 1][j]) {\n                ans[i][j] = 1;\n                change(i, j);\n            }\n        }\n    }\n    for (int i = 0; i < 10; i++) {\n        if (u[9][i]) return 0;\n    }\n    return 1;\n}\n\nvoid change(int y, int x) {\n    u[y][x] = !u[y][x];\n    if (y > 0) u[y - 1][x] = !u[y - 1][x];\n    if (x > 0) u[y][x - 1] = !u[y][x - 1];\n    if (y < 9) u[y + 1][x] = !u[y + 1][x];\n    if (x < 9) u[y][x + 1] = !u[y][x + 1];\n}') | LineLLMMutation(('source.cpp', 23), '#include <cstdio>\nusing namespace std;\n\nint t[10][10], u[10][10], ans[10][10], n, flg;\n\nint compute();\nvoid dfs(int);\nvoid change(int, int);\n\nint main() {\n    scanf("%d", &n);\n    while (n--) {\n        flg = 0;\n        for (int i = 0; i < 10; i++) {\n            for (int j = 0; j < 10; j++) {\n                scanf("%d", &t[i][j]); // Use scanf for input\n                ans[i][j] = 0;\n            }\n        }\n        dfs(0);\n    }\n    return 0;\n}\n\nvoid dfs(int x) {\n    if (x == 10) {\n        if (compute()) {\n            for (int i = 0; i < 10; i++) {\n                for (int j = 0; j < 10; j++) {\n                    if (j) printf(" ");\n                    printf("%d", ans[i][j]); // Use printf for output\n                }\n                printf("\\n");\n            }\n        }\n        return;\n    }\n    ans[0][x] = 0;\n    dfs(x + 1);\n    ans[0][x] = 1;\n    dfs(x + 1);\n}\n\nint compute() {\n    for (int i = 0; i < 10; i++) {\n        for (int j = 0; j < 10; j++) {\n            u[i][j] = t[i][j];\n            if (i) ans[i][j] = 0; // Only reset ans for the first column\n        }\n    }\n    for (int i = 0; i < 10; i++) {\n        if (ans[0][i]) change(0, i);\n    }\n    for (int i = 1; i < 10; i++) {\n        for (int j = 0; j < 10; j++) {\n            if (u[i - 1][j]) {\n                ans[i][j] = 1;\n                change(i, j);\n            }\n        }\n    }\n    for (int i = 0; i < 10; i++) {\n        if (u[9][i]) return 0;\n    }\n    return 1;\n}\n\nvoid change(int y, int x) {\n    u[y][x] = !u[y][x];\n    if (y > 0) u[y - 1][x] = !u[y - 1][x];\n    if (x > 0) u[y][x - 1] = !u[y][x - 1];\n    if (y < 9) u[y + 1][x] = !u[y + 1][x];\n    if (x < 9) u[y][x + 1] = !u[y][x + 1];\n}')"
2025-01-23 18:20:10,528	[INFO]	Step: 48
2025-01-23 18:20:10,528	[INFO]	Stop Steps: 100
2025-01-23 18:20:10,805	[INFO]	4-9     TEST_CODE_ERROR       None (--) [2 edit(s)]  
2025-01-23 18:20:10,805	[DEBUG]	patch(4-9)="LineLLMCrossover(('source.cpp', 10), '#include <cstdio>\nusing namespace std;\n\nstatic int t[10][10], u[10][10], ans[10][10], n, flg;\n\nint compute();\nvoid dfs(int);\nvoid change(int, int);\n\nint main() {\n    scanf("%d", &n);\n    while (n--) {\n        flg = 0;\n        for (int i = 0; i < 10; i++) {\n            for (int j = 0; j < 10; j++) {\n                scanf("%d", &t[i][j]);\n                ans[i][j] = 0;\n            }\n        }\n        dfs(0);\n    }\n    return 0;\n}\n\nvoid dfs(int x) {\n    if (x == 10) {\n        if (compute()) {\n            for (int i = 0; i < 10; i++) {\n                for (int j = 0; j < 10; j++) {\n                    if (j) printf(" ");\n                    printf("%d", ans[i][j]);\n                }\n                printf("\\n");\n            }\n        }\n        return;\n    }\n    ans[0][x] = 0;\n    dfs(x + 1);\n    ans[0][x] = 1;\n    dfs(x + 1);\n}\n\nint compute() {\n    for (int i = 0; i < 10; i++) {\n        for (int j = 0; j < 10; j++) {\n            u[i][j] = t[i][j];\n            if (i) ans[i][j] = 0;\n        }\n    }\n    for (int i = 0; i < 10; i++) {\n        if (ans[0][i]) change(0, i);\n    }\n    for (int i = 1; i < 10; i++) {\n        for (int j = 0; j < 10; j++) {\n            if (u[i - 1][j]) {\n                ans[i][j] = 1;\n                change(i, j);\n            }\n        }\n    }\n    for (int i = 0; i < 10; i++) {\n        if (u[9][i]) return 0;\n    }\n    return 1;\n}\n\nvoid change(int y, int x) {\n    u[y][x] = !u[y][x];\n    if (y > 0) u[y - 1][x] = !u[y - 1][x];\n    if (x > 0) u[y][x - 1] = !u[y][x - 1];\n    if (y < 9) u[y + 1][x] = !u[y + 1][x];\n    if (x < 9) u[y][x + 1] = !u[y][x + 1];\n}') | LineLLMMutation(('source.cpp', 24), '#include <cstdio>\nusing namespace std;\n\nstatic int t[10][10], u[10][10], ans[10][10], n, flg;\n\nint compute();\nvoid dfs(int);\nvoid change(int, int);\n\nint main() {\n    scanf("%d", &n);\n    while (n--) {\n        flg = 0;\n        for (int i = 0; i < 10; i++) {\n            for (int j = 0; j < 10; j++) {\n                scanf("%d", &t[i][j]);\n                ans[i][j] = 0; // Initialize ans here\n            }\n        }\n        dfs(0);\n    }\n    return 0;\n}\n\nvoid dfs(int x) {\n    if (x == 10) {\n        if (compute()) {\n            for (int i = 0; i < 10; i++) {\n                for (int j = 0; j < 10; j++) {\n                    if (j) printf(" ");\n                    printf("%d", ans[i][j]);\n                }\n                printf("\\n");\n            }\n        }\n        return;\n    }\n    ans[0][x] = 0;\n    dfs(x + 1);\n    ans[0][x] = 1;\n    dfs(x + 1);\n}\n\nint compute() {\n    for (int i = 0; i < 10; i++) {\n        for (int j = 0; j < 10; j++) {\n            u[i][j] = t[i][j];\n            if (i) ans[i][j] = 0; // Removed redundant assignment of ans[i][j]\n        }\n    }\n    for (int i = 0; i < 10; i++) {\n        if (ans[0][i]) change(0, i);\n    }\n    for (int i = 1; i < 10; i++) {\n        for (int j = 0; j < 10; j++) {\n            if (u[i - 1][j]) {\n                ans[i][j] = 1;\n                change(i, j);\n            }\n        }\n    }\n    return !u[9][0] || !u[9][1] || !u[9][2] || !u[9][3] || !u[9][4] || !u[9][5] || !u[9][6] || !u[9][7] || !u[9][8] || !u[9][9];\n}\n\nvoid change(int y, int x) {\n    u[y][x] = !u[y][x];\n    if (y > 0) u[y - 1][x] = !u[y - 1][x];\n    if (x > 0) u[y][x - 1] = !u[y][x - 1];\n    if (y < 9) u[y + 1][x] = !u[y + 1][x];\n    if (x < 9) u[y][x + 1] = !u[y][x + 1];\n}')"
2025-01-23 18:20:10,805	[INFO]	Step: 49
2025-01-23 18:20:10,805	[INFO]	Stop Steps: 100
2025-01-23 18:20:11,241	[DEBUG]	EXEC>  SUCCESS 2777636.5625
2025-01-23 18:20:11,241	[INFO]	4-10    SUCCESS               2777636.56 (71.29%) [3 edit(s)]  
2025-01-23 18:20:11,241	[DEBUG]	patch(4-10)="LineLLMMutation(('source.cpp', 1), '#include <cstdio>\nusing namespace std;\n\nint t[10][10], u[10][10], ans[10][10], n, flg;\n\nint compute();\nvoid dfs(int);\nvoid change(int, int);\n\nint main() {\n    scanf("%d", &n);\n    while (n--) {\n        flg = 0;\n        for (int i = 0; i < 10; i++) {\n            for (int j = 0; j < 10; j++) {\n                scanf("%d", &t[i][j]); // Use scanf for input\n                ans[i][j] = 0;\n            }\n        }\n        dfs(0);\n    }\n    return 0;\n}\n\nvoid dfs(int x) {\n    if (x == 10) {\n        if (compute()) {\n            for (int i = 0; i < 10; i++) {\n                for (int j = 0; j < 10; j++) {\n                    if (j) printf(" ");\n                    printf("%d", ans[i][j]); // Use printf for output\n                }\n                printf("\\n");\n            }\n        }\n        return;\n    }\n    ans[0][x] = 0;\n    dfs(x + 1);\n    ans[0][x] = 1;\n    dfs(x + 1);\n}\n\nint compute() {\n    for (int i = 0; i < 10; i++) {\n        for (int j = 0; j < 10; j++) {\n            u[i][j] = t[i][j];\n            if (i) ans[i][j] = 0;\n        }\n    }\n    for (int i = 0; i < 10; i++) {\n        if (ans[0][i]) change(0, i);\n    }\n    for (int i = 1; i < 10; i++) {\n        for (int j = 0; j < 10; j++) {\n            if (u[i - 1][j]) {\n                ans[i][j] = 1;\n                change(i, j);\n            }\n        }\n    }\n    for (int i = 0; i < 10; i++) {\n        if (u[9][i]) return 0;\n    }\n    return 1;\n}\n\nvoid change(int y, int x) {\n    u[y][x] = !u[y][x];\n    if (y > 0) u[y - 1][x] = !u[y - 1][x];\n    if (x > 0) u[y][x - 1] = !u[y][x - 1];\n    if (y < 9) u[y + 1][x] = !u[y + 1][x];\n    if (x < 9) u[y][x + 1] = !u[y][x + 1];\n}') | LineLLMMutation(('source.cpp', 18), '#include <cstdio>\nusing namespace std;\n\nint t[10][10], u[10][10], ans[10][10], n, flg;\n\nint compute();\nvoid dfs(int);\nvoid change(int, int);\n\nint main() {\n    scanf("%d", &n);\n    while (n--) {\n        flg = 0;\n        for (int i = 0; i < 10; i++) {\n            for (int j = 0; j < 10; j++) {\n                scanf("%d", &t[i][j]); // Use scanf for input\n                ans[i][j] = 0;\n            }\n        }\n        dfs(0);\n    }\n    return 0;\n}\n\nvoid dfs(int x) {\n    if (x == 10) {\n        if (compute()) {\n            for (int i = 0; i < 10; i++) {\n                for (int j = 0; j < 10; j++) {\n                    if (j) printf(" ");\n                    printf("%d", ans[i][j]); // Use printf for output\n                }\n                printf("\\n");\n            }\n        }\n        return;\n    }\n    ans[0][x] = 0;\n    dfs(x + 1);\n    ans[0][x] = 1;\n    dfs(x + 1);\n}\n\nint compute() {\n    // Initialize u and check for the condition in a single loop\n    bool found = false;\n    for (int i = 0; i < 10; i++) {\n        for (int j = 0; j < 10; j++) {\n            u[i][j] = t[i][j];\n            ans[i][j] = (i == 0 && ans[0][j]) ? 1 : 0; // Initialize ans based on the first row\n        }\n    }\n\n    for (int i = 0; i < 10; i++) {\n        if (ans[0][i]) change(0, i);\n    }\n    for (int i = 1; i < 10; i++) {\n        for (int j = 0; j < 10; j++) {\n            if (u[i - 1][j]) {\n                ans[i][j] = 1;\n                change(i, j);\n            }\n        }\n    }\n    for (int i = 0; i < 10; i++) {\n        if (u[9][i]) return 0;\n    }\n    return 1;\n}\n\nvoid change(int y, int x) {\n    u[y][x] = !u[y][x];\n    if (y > 0) u[y - 1][x] = !u[y - 1][x];\n    if (x > 0) u[y][x - 1] = !u[y][x - 1];\n    if (y < 9) u[y + 1][x] = !u[y + 1][x];\n    if (x < 9) u[y][x + 1] = !u[y][x + 1];\n}') | LineLLMMutation(('source.cpp', 25), '#include <cstdio>\nusing namespace std;\n\nint t[10][10], u[10][10], ans[10][10], n, flg;\n\nint compute();\nvoid dfs(int);\nvoid change(int, int);\n\nint main() {\n    scanf("%d", &n);\n    while (n--) {\n        flg = 0;\n        for (int i = 0; i < 10; i++) {\n            for (int j = 0; j < 10; j++) {\n                scanf("%d", &t[i][j]);\n                ans[i][j] = 0;\n            }\n        }\n        dfs(0);\n    }\n    return 0;\n}\n\nvoid dfs(int x) {\n    if (x == 10) {\n        if (compute()) {\n            for (int i = 0; i < 10; i++) {\n                for (int j = 0; j < 10; j++) {\n                    if (j) printf(" ");\n                    printf("%d", ans[i][j]);\n                }\n                printf("\\n");\n            }\n        }\n        return;\n    }\n    ans[0][x] = 0;\n    dfs(x + 1);\n    ans[0][x] = 1;\n    dfs(x + 1);\n}\n\nint compute() {\n    // Combine initialization of u and ans in a single loop\n    for (int i = 0; i < 10; i++) {\n        for (int j = 0; j < 10; j++) {\n            u[i][j] = t[i][j];\n            ans[i][j] = (i == 0 && ans[0][j]) ? 1 : 0;\n        }\n    }\n\n    // Optimize the checking process in a single loop\n    bool found = false;\n    for (int i = 0; i < 10; i++) {\n        if (ans[0][i]) change(0, i);\n    }\n    for (int i = 1; i < 10; i++) {\n        for (int j = 0; j < 10; j++) {\n            if (u[i - 1][j]) {\n                ans[i][j] = 1;\n                change(i, j);\n            }\n        }\n    }\n    for (int i = 0; i < 10; i++) {\n        if (u[9][i]) return 0;\n    }\n    return 1;\n}\n\nvoid change(int y, int x) {\n    u[y][x] = !u[y][x];\n    if (y > 0) u[y - 1][x] = !u[y - 1][x];\n    if (x > 0) u[y][x - 1] = !u[y][x - 1];\n    if (y < 9) u[y + 1][x] = !u[y + 1][x];\n    if (x < 9) u[y][x + 1] = !u[y][x + 1];\n}')"
2025-01-23 18:20:11,242	[INFO]	Step: 50
2025-01-23 18:20:11,242	[INFO]	Stop Steps: 100
2025-01-23 18:20:12,912	[DEBUG]	EXEC>  SUCCESS 4591869.875
2025-01-23 18:20:12,912	[INFO]	REF     SUCCESS               4591869.88 (--) [0 edit(s)]  
2025-01-23 18:20:12,912	[INFO]	Best patch: 13
2025-01-23 18:20:13,274	[DEBUG]	EXEC>  SUCCESS 2482247.5625
2025-01-23 18:20:13,274	[INFO]	BEST    SUCCESS              *2482247.56 (54.06%) [0 edit(s)]  
2025-01-23 18:20:13,274	[INFO]	Best patch step: 43
2025-01-23 18:22:00,763	[INFO]	Step: 50
2025-01-23 18:22:00,764	[INFO]	Stop Steps: 100
2025-01-23 18:22:01,262	[DEBUG]	EXEC>  SUCCESS 2477102.9375
2025-01-23 18:22:01,263	[INFO]	5-1     SUCCESS              *2477102.94 (53.95%) [1 edit(s)]  
2025-01-23 18:22:01,263	[DEBUG]	patch(5-1)="LineLLMCrossover(('source.cpp', 13), '#include <cstdio>\nusing namespace std;\n\nint t[10][10], u[10][10], ans[10][10], n, flg;\n\nint compute();\nvoid dfs(int);\nvoid change(int, int);\n\nint main() {\n    scanf("%d", &n);\n    while (n--) {\n        flg = 0;\n        for (int i = 0; i < 10; i++) {\n            for (int j = 0; j < 10; j++) {\n                scanf("%d", &t[i][j]);\n                ans[i][j] = 0;\n            }\n        }\n        dfs(0);\n    }\n    return 0;\n}\n\nvoid dfs(int x) {\n    if (x == 10) {\n        if (compute()) {\n            for (int i = 0; i < 10; i++) {\n                for (int j = 0; j < 10; j++) {\n                    if (j) printf(" ");\n                    printf("%d", ans[i][j]);\n                }\n                printf("\\n");\n            }\n        }\n        return;\n    }\n    ans[0][x] = 0;\n    dfs(x + 1);\n    ans[0][x] = 1;\n    dfs(x + 1);\n}\n\nint compute() {\n    for (int i = 0; i < 10; i++) {\n        for (int j = 0; j < 10; j++) {\n            u[i][j] = t[i][j];\n            if (i) ans[i][j] = 0;\n        }\n    }\n    for (int i = 0; i < 10; i++) {\n        if (ans[0][i]) change(0, i);\n    }\n    for (int i = 1; i < 10; i++) {\n        for (int j = 0; j < 10; j++) {\n            if (u[i - 1][j]) {\n                ans[i][j] = 1;\n                change(i, j);\n            }\n        }\n    }\n    for (int i = 0; i < 10; i++) {\n        if (u[9][i]) return 0;\n    }\n    return 1;\n}\n\nvoid change(int y, int x) {\n    u[y][x] = !u[y][x];\n    if (y > 0) u[y - 1][x] = !u[y - 1][x];\n    if (x > 0) u[y][x - 1] = !u[y][x - 1];\n    if (y < 9) u[y + 1][x] = !u[y + 1][x];\n    if (x < 9) u[y][x + 1] = !u[y][x + 1];\n}')"

2025-01-23 18:22:01,263	[INFO]	Step: 51
2025-01-23 18:22:01,263	[INFO]	Stop Steps: 100
2025-01-23 18:22:01,625	[DEBUG]	EXEC>  SUCCESS 2536240.6875
2025-01-23 18:22:01,625	[INFO]	5-2     SUCCESS               2536240.69 (55.23%) [1 edit(s)]  
2025-01-23 18:22:01,625	[DEBUG]	patch(5-2)="LineLLMMutation(('source.cpp', 1), '#include <cstdio>\nusing namespace std;\n\nint t[10][10], u[10][10], ans[10][10], n, flg;\n\nint compute();\nvoid dfs(int);\nvoid change(int, int);\n\nint main() {\n    scanf("%d", &n);\n    while (n--) {\n        flg = 0;\n        for (int i = 0; i < 10; i++) {\n            for (int j = 0; j < 10; j++) {\n                scanf("%d", &t[i][j]); // Use scanf for input\n                ans[i][j] = 0;\n            }\n        }\n        dfs(0);\n    }\n    return 0;\n}\n\nvoid dfs(int x) {\n    if (x == 10) {\n        if (compute()) {\n            for (int i = 0; i < 10; i++) {\n                for (int j = 0; j < 10; j++) {\n                    if (j) printf(" ");\n                    printf("%d", ans[i][j]); // Use printf for output\n                }\n                printf("\\n");\n            }\n        }\n        return;\n    }\n    ans[0][x] = 0;\n    dfs(x + 1);\n    ans[0][x] = 1;\n    dfs(x + 1);\n}\n\nint compute() {\n    for (int i = 0; i < 10; i++) {\n        for (int j = 0; j < 10; j++) {\n            u[i][j] = t[i][j];\n            if (i) ans[i][j] = 0;\n        }\n    }\n    for (int i = 0; i < 10; i++) {\n        if (ans[0][i]) change(0, i);\n    }\n    for (int i = 1; i < 10; i++) {\n        for (int j = 0; j < 10; j++) {\n            if (u[i - 1][j]) {\n                ans[i][j] = 1;\n                change(i, j);\n            }\n        }\n    }\n    for (int i = 0; i < 10; i++) {\n        if (u[9][i]) return 0;\n    }\n    return 1;\n}\n\nvoid change(int y, int x) {\n    u[y][x] = !u[y][x];\n    if (y > 0) u[y - 1][x] = !u[y - 1][x];\n    if (x > 0) u[y][x - 1] = !u[y][x - 1];\n    if (y < 9) u[y + 1][x] = !u[y + 1][x];\n    if (x < 9) u[y][x + 1] = !u[y][x + 1];\n}')"
2025-01-23 18:22:01,625	[INFO]	Step: 52
2025-01-23 18:22:01,625	[INFO]	Stop Steps: 100
2025-01-23 18:22:01,996	[DEBUG]	EXEC>  SUCCESS 2487921.5625
2025-01-23 18:22:01,996	[INFO]	5-3     SUCCESS               2487921.56 (54.18%) [1 edit(s)]  
2025-01-23 18:22:01,997	[DEBUG]	patch(5-3)="LineLLMCrossover(('source.cpp', 16), '#include <cstdio>\nusing namespace std;\n\nint t[10][10], u[10][10], ans[10][10], n, flg;\n\nint compute();\nvoid dfs(int);\nvoid change(int, int);\n\nint main() {\n    scanf("%d", &n);\n    while (n--) {\n        flg = 0;\n        for (int i = 0; i < 10; i++) {\n            for (int j = 0; j < 10; j++) {\n                scanf("%d", &t[i][j]);\n                ans[i][j] = 0;\n            }\n        }\n        dfs(0);\n    }\n    return 0;\n}\n\nvoid dfs(int x) {\n    if (x == 10) {\n        if (compute()) {\n            for (int i = 0; i < 10; i++) {\n                for (int j = 0; j < 10; j++) {\n                    if (j) printf(" ");\n                    printf("%d", ans[i][j]);\n                }\n                printf("\\n");\n            }\n        }\n        return;\n    }\n    ans[0][x] = 0;\n    dfs(x + 1);\n    ans[0][x] = 1;\n    dfs(x + 1);\n}\n\nint compute() {\n    for (int i = 0; i < 10; i++) {\n        for (int j = 0; j < 10; j++) {\n            u[i][j] = t[i][j];\n            if (i) ans[i][j] = 0;\n        }\n    }\n    for (int i = 0; i < 10; i++) {\n        if (ans[0][i]) change(0, i);\n    }\n    for (int i = 1; i < 10; i++) {\n        for (int j = 0; j < 10; j++) {\n            if (u[i - 1][j]) {\n                ans[i][j] = 1;\n                change(i, j);\n            }\n        }\n    }\n    for (int i = 0; i < 10; i++) {\n        if (u[9][i]) return 0;\n    }\n    return 1;\n}\n\nvoid change(int y, int x) {\n    u[y][x] = !u[y][x];\n    if (y > 0) u[y - 1][x] = !u[y - 1][x];\n    if (x > 0) u[y][x - 1] = !u[y][x - 1];\n    if (y < 9) u[y + 1][x] = !u[y + 1][x];\n    if (x < 9) u[y][x + 1] = !u[y][x + 1];\n}')"
2025-01-23 18:22:01,997	[INFO]	Step: 53
2025-01-23 18:22:01,997	[INFO]	Stop Steps: 100
2025-01-23 18:22:02,377	[DEBUG]	EXEC>  SUCCESS 2492687.9375
2025-01-23 18:22:02,377	[INFO]	5-4     SUCCESS               2492687.94 (54.28%) [1 edit(s)]  
2025-01-23 18:22:02,377	[DEBUG]	patch(5-4)="LineLLMCrossover(('source.cpp', 17), '#include <cstdio>\nusing namespace std;\n\nstatic int t[10][10], u[10][10], ans[10][10], n, flg;\n\nint compute();\nvoid dfs(int);\nvoid change(int, int);\n\nint main() {\n    scanf("%d", &n);\n    while (n--) {\n        flg = 0;\n        for (int i = 0; i < 10; i++) {\n            for (int j = 0; j < 10; j++) {\n                scanf("%d", &t[i][j]);\n                ans[i][j] = 0;\n            }\n        }\n        dfs(0);\n    }\n    return 0;\n}\n\nvoid dfs(int x) {\n    if (x == 10) {\n        if (compute()) {\n            for (int i = 0; i < 10; i++) {\n                for (int j = 0; j < 10; j++) {\n                    if (j) printf(" ");\n                    printf("%d", ans[i][j]);\n                }\n                printf("\\n");\n            }\n        }\n        return;\n    }\n    ans[0][x] = 0;\n    dfs(x + 1);\n    ans[0][x] = 1;\n    dfs(x + 1);\n}\n\nint compute() {\n    for (int i = 0; i < 10; i++) {\n        for (int j = 0; j < 10; j++) {\n            u[i][j] = t[i][j];\n            if (i) ans[i][j] = 0;\n        }\n    }\n    for (int i = 0; i < 10; i++) {\n        if (ans[0][i]) change(0, i);\n    }\n    for (int i = 1; i < 10; i++) {\n        for (int j = 0; j < 10; j++) {\n            if (u[i - 1][j]) {\n                ans[i][j] = 1;\n                change(i, j);\n            }\n        }\n    }\n    for (int i = 0; i < 10; i++) {\n        if (u[9][i]) return 0;\n    }\n    return 1;\n}\n\nvoid change(int y, int x) {\n    u[y][x] = !u[y][x];\n    if (y > 0) u[y - 1][x] = !u[y - 1][x];\n    if (x > 0) u[y][x - 1] = !u[y][x - 1];\n    if (y < 9) u[y + 1][x] = !u[y + 1][x];\n    if (x < 9) u[y][x + 1] = !u[y][x + 1];\n}')"
2025-01-23 18:22:02,377	[INFO]	Step: 54
2025-01-23 18:22:02,377	[INFO]	Stop Steps: 100
2025-01-23 18:22:02,745	[DEBUG]	EXEC>  SUCCESS 2501574.3125
2025-01-23 18:22:02,745	[INFO]	5-5     SUCCESS               2501574.31 (54.48%) [1 edit(s)]  
2025-01-23 18:22:02,745	[DEBUG]	patch(5-5)="LineLLMCrossover(('source.cpp', 18), '#include <cstdio>\nusing namespace std;\n\nint t[10][10], u[10][10], ans[10][10], n, flg;\n\nint compute();\nvoid dfs(int);\nvoid change(int, int);\n\nint main() {\n    scanf("%d", &n);\n    while (n--) {\n        flg = 0;\n        for (int i = 0; i < 10; i++) {\n            for (int j = 0; j < 10; j++) {\n                scanf("%d", &t[i][j]);\n                ans[i][j] = 0;\n            }\n        }\n        dfs(0);\n    }\n    return 0;\n}\n\nvoid dfs(int x) {\n    if (x == 10) {\n        if (compute()) {\n            for (int i = 0; i < 10; i++) {\n                for (int j = 0; j < 10; j++) {\n                    if (j) printf(" ");\n                    printf("%d", ans[i][j]);\n                }\n                printf("\\n");\n            }\n        }\n        return;\n    }\n    ans[0][x] = 0;\n    dfs(x + 1);\n    ans[0][x] = 1;\n    dfs(x + 1);\n}\n\nint compute() {\n    for (int i = 0; i < 10; i++) {\n        for (int j = 0; j < 10; j++) {\n            u[i][j] = t[i][j];\n            if (i) ans[i][j] = 0;\n        }\n    }\n    for (int i = 0; i < 10; i++) {\n        if (ans[0][i]) change(0, i);\n    }\n    for (int i = 1; i < 10; i++) {\n        for (int j = 0; j < 10; j++) {\n            if (u[i - 1][j]) {\n                ans[i][j] = 1;\n                change(i, j);\n            }\n        }\n    }\n    for (int i = 0; i < 10; i++) {\n        if (u[9][i]) return 0;\n    }\n    return 1;\n}\n\nvoid change(int y, int x) {\n    u[y][x] = !u[y][x];\n    if (y > 0) u[y - 1][x] = !u[y - 1][x];\n    if (x > 0) u[y][x - 1] = !u[y][x - 1];\n    if (y < 9) u[y + 1][x] = !u[y + 1][x];\n    if (x < 9) u[y][x + 1] = !u[y][x + 1];\n}')"
2025-01-23 18:22:02,745	[INFO]	Step: 55
2025-01-23 18:22:02,745	[INFO]	Stop Steps: 100
2025-01-23 18:22:03,113	[DEBUG]	EXEC>  SUCCESS 2508881.25
2025-01-23 18:22:03,113	[INFO]	5-6     SUCCESS               2508881.25 (54.64%) [1 edit(s)]  
2025-01-23 18:22:03,114	[DEBUG]	patch(5-6)="LineLLMCrossover(('source.cpp', 19), '#include <cstdio>\nusing namespace std;\n\nint t[10][10], u[10][10], ans[10][10], n, flg;\n\nint compute();\nvoid dfs(int);\nvoid change(int, int);\n\nint main() {\n    scanf("%d", &n);\n    while (n--) {\n        flg = 0;\n        for (int i = 0; i < 10; i++) {\n            for (int j = 0; j < 10; j++) {\n                scanf("%d", &t[i][j]);\n                ans[i][j] = 0;\n            }\n        }\n        dfs(0);\n    }\n    return 0;\n}\n\nvoid dfs(int x) {\n    if (x == 10) {\n        if (compute()) {\n            for (int i = 0; i < 10; i++) {\n                for (int j = 0; j < 10; j++) {\n                    if (j) printf(" ");\n                    printf("%d", ans[i][j]);\n                }\n                printf("\\n");\n            }\n        }\n        return;\n    }\n    ans[0][x] = 0;\n    dfs(x + 1);\n    ans[0][x] = 1;\n    dfs(x + 1);\n}\n\nint compute() {\n    for (int i = 0; i < 10; i++) {\n        for (int j = 0; j < 10; j++) {\n            u[i][j] = t[i][j];\n            if (i) ans[i][j] = 0;\n        }\n    }\n    for (int i = 0; i < 10; i++) {\n        if (ans[0][i]) change(0, i);\n    }\n    for (int i = 1; i < 10; i++) {\n        for (int j = 0; j < 10; j++) {\n            if (u[i - 1][j]) {\n                ans[i][j] = 1;\n                change(i, j);\n            }\n        }\n    }\n    for (int i = 0; i < 10; i++) {\n        if (u[9][i]) return 0;\n    }\n    return 1;\n}\n\nvoid change(int y, int x) {\n    u[y][x] = !u[y][x];\n    if (y > 0) u[y - 1][x] = !u[y - 1][x];\n    if (x > 0) u[y][x - 1] = !u[y][x - 1];\n    if (y < 9) u[y + 1][x] = !u[y + 1][x];\n    if (x < 9) u[y][x + 1] = !u[y][x + 1];\n}')"
2025-01-23 18:22:03,114	[INFO]	Step: 56
2025-01-23 18:22:03,114	[INFO]	Stop Steps: 100
2025-01-23 18:22:03,317	[INFO]	5-7     TEST_CODE_ERROR       None (--) [2 edit(s)]  
2025-01-23 18:22:03,317	[DEBUG]	patch(5-7)="LineLLMCrossover(('source.cpp', 13), '#include <cstdio>\nusing namespace std;\n\nint t[10][10], u[10][10], ans[10][10], n, flg;\n\nint compute();\nvoid dfs(int);\nvoid change(int, int);\n\nint main() {\n    scanf("%d", &n);\n    while (n--) {\n        flg = 0;\n        for (int i = 0; i < 10; i++) {\n            for (int j = 0; j < 10; j++) {\n                scanf("%d", &t[i][j]);\n                ans[i][j] = 0;\n            }\n        }\n        dfs(0);\n    }\n    return 0;\n}\n\nvoid dfs(int x) {\n    if (x == 10) {\n        if (compute()) {\n            for (int i = 0; i < 10; i++) {\n                for (int j = 0; j < 10; j++) {\n                    if (j) printf(" ");\n                    printf("%d", ans[i][j]);\n                }\n                printf("\\n");\n            }\n        }\n        return;\n    }\n    ans[0][x] = 0;\n    dfs(x + 1);\n    ans[0][x] = 1;\n    dfs(x + 1);\n}\n\nint compute() {\n    for (int i = 0; i < 10; i++) {\n        for (int j = 0; j < 10; j++) {\n            u[i][j] = t[i][j];\n            if (i) ans[i][j] = 0;\n        }\n    }\n    for (int i = 0; i < 10; i++) {\n        if (ans[0][i]) change(0, i);\n    }\n    for (int i = 1; i < 10; i++) {\n        for (int j = 0; j < 10; j++) {\n            if (u[i - 1][j]) {\n                ans[i][j] = 1;\n                change(i, j);\n            }\n        }\n    }\n    for (int i = 0; i < 10; i++) {\n        if (u[9][i]) return 0;\n    }\n    return 1;\n}\n\nvoid change(int y, int x) {\n    u[y][x] = !u[y][x];\n    if (y > 0) u[y - 1][x] = !u[y - 1][x];\n    if (x > 0) u[y][x - 1] = !u[y][x - 1];\n    if (y < 9) u[y + 1][x] = !u[y + 1][x];\n    if (x < 9) u[y][x + 1] = !u[y][x + 1];\n}') | LineLLMMutation(('source.cpp', 26), '#include <cstdio>\nusing namespace std;\n\nint t[10][10], u[10][10], ans[10][10], n, flg;\n\nint compute();\nvoid dfs(int);\nvoid change(int, int);\n\nint main() {\n    scanf("%d", &n);\n    while (n--) {\n        flg = 0;\n        for (int i = 0; i < 10; i++) {\n            for (int j = 0; j < 10; j++) {\n                scanf("%d", &t[i][j]);\n                ans[i][j] = 0;\n            }\n        }\n        dfs(0);\n    }\n    return 0;\n}\n\nvoid dfs(int x) {\n    if (x == 10) {\n        if (compute()) {\n            for (int i = 0; i < 10; i++) {\n                for (int j = 0; j < 10; j++) {\n                    if (j) printf(" ");\n                    printf("%d", ans[i][j]);\n                }\n                printf("\\n");\n            }\n        }\n        return;\n    }\n    ans[0][x] = 0;\n    dfs(x + 1);\n    ans[0][x] = 1;\n    dfs(x + 1);\n}\n\nint compute() {\n    for (int i = 0; i < 10; i++)\n        for (int j = 0; j < 10; j++)\n            u[i][j] = t[i][j];\n\n    for (int i = 0; i < 10; i++) {\n        if (ans[0][i]) change(0, i);\n    }\n\n    for (int i = 1; i < 10; i++) {\n        for (int j = 0; j < 10; j++) {\n            if (u[i - 1][j]) {\n                ans[i][j] = 1;\n                change(i, j);\n            }\n        }\n    }\n    \n    return !u[9][0]; // Instead of checking all elements in the last row, just check the first element\n}\n\nvoid change(int y, int x) {\n    u[y][x] = !u[y][x];\n    if (y > 0) u[y - 1][x] = !u[y - 1][x];\n    if (x > 0) u[y][x - 1] = !u[y][x - 1];\n    if (y < 9) u[y + 1][x] = !u[y + 1][x];\n    if (x < 9) u[y][x + 1] = !u[y][x + 1];\n}')"
2025-01-23 18:22:03,317	[INFO]	Step: 57
2025-01-23 18:22:03,317	[INFO]	Stop Steps: 100
2025-01-23 18:22:03,531	[INFO]	5-8     TEST_CODE_ERROR       None (--) [2 edit(s)]  
2025-01-23 18:22:03,531	[DEBUG]	patch(5-8)="LineLLMMutation(('source.cpp', 1), '#include <cstdio>\nusing namespace std;\n\nint t[10][10], u[10][10], ans[10][10], n, flg;\n\nint compute();\nvoid dfs(int);\nvoid change(int, int);\n\nint main() {\n    scanf("%d", &n);\n    while (n--) {\n        flg = 0;\n        for (int i = 0; i < 10; i++) {\n            for (int j = 0; j < 10; j++) {\n                scanf("%d", &t[i][j]); // Use scanf for input\n                ans[i][j] = 0;\n            }\n        }\n        dfs(0);\n    }\n    return 0;\n}\n\nvoid dfs(int x) {\n    if (x == 10) {\n        if (compute()) {\n            for (int i = 0; i < 10; i++) {\n                for (int j = 0; j < 10; j++) {\n                    if (j) printf(" ");\n                    printf("%d", ans[i][j]); // Use printf for output\n                }\n                printf("\\n");\n            }\n        }\n        return;\n    }\n    ans[0][x] = 0;\n    dfs(x + 1);\n    ans[0][x] = 1;\n    dfs(x + 1);\n}\n\nint compute() {\n    for (int i = 0; i < 10; i++) {\n        for (int j = 0; j < 10; j++) {\n            u[i][j] = t[i][j];\n            if (i) ans[i][j] = 0;\n        }\n    }\n    for (int i = 0; i < 10; i++) {\n        if (ans[0][i]) change(0, i);\n    }\n    for (int i = 1; i < 10; i++) {\n        for (int j = 0; j < 10; j++) {\n            if (u[i - 1][j]) {\n                ans[i][j] = 1;\n                change(i, j);\n            }\n        }\n    }\n    for (int i = 0; i < 10; i++) {\n        if (u[9][i]) return 0;\n    }\n    return 1;\n}\n\nvoid change(int y, int x) {\n    u[y][x] = !u[y][x];\n    if (y > 0) u[y - 1][x] = !u[y - 1][x];\n    if (x > 0) u[y][x - 1] = !u[y][x - 1];\n    if (y < 9) u[y + 1][x] = !u[y + 1][x];\n    if (x < 9) u[y][x + 1] = !u[y][x + 1];\n}') | LineLLMMutation(('source.cpp', 27), '#include <cstdio>\nusing namespace std;\n\nint t[10][10], u[10][10], ans[10][10], n, flg;\n\nint compute();\nvoid dfs(int);\nvoid change(int, int);\n\nint main() {\n    scanf("%d", &n);\n    while (n--) {\n        flg = 0;\n        for (int i = 0; i < 10; i++) {\n            for (int j = 0; j < 10; j++) {\n                scanf("%d", &t[i][j]); // Use scanf for input\n                ans[i][j] = 0;\n            }\n        }\n        dfs(0);\n    }\n    return 0;\n}\n\nvoid dfs(int x) {\n    if (x == 10) {\n        if (compute()) {\n            for (int i = 0; i < 10; i++) {\n                for (int j = 0; j < 10; j++) {\n                    if (j) printf(" ");\n                    printf("%d", ans[i][j]); // Use printf for output\n                }\n                printf("\\n");\n            }\n        }\n        return;\n    }\n    ans[0][x] = 0;\n    dfs(x + 1);\n    ans[0][x] = 1;\n    dfs(x + 1);\n}\n\nint compute() {\n    for (int i = 0; i < 10; i++) {\n        for (int j = 0; j < 10; j++) {\n            u[i][j] = t[i][j];\n            if (i) ans[i][j] = 0; // This line is redundant as ans[i][j] is already 0\n        }\n    }\n    for (int i = 0; i < 10; i++) {\n        if (ans[0][i]) change(0, i);\n    }\n    for (int i = 1; i < 10; i++) {\n        for (int j = 0; j < 10; j++) {\n            if (u[i - 1][j]) {\n                ans[i][j] = 1;\n                change(i, j);\n            }\n        }\n    }\n    return u[9][0] || u[9][1] || u[9][2] || u[9][3] || u[9][4] || u[9][5] || u[9][6] || u[9][7] || u[9][8] || u[9][9]; // Simplified the return check\n}\n\nvoid change(int y, int x) {\n    u[y][x] = !u[y][x];\n    if (y > 0) u[y - 1][x] = !u[y - 1][x];\n    if (x > 0) u[y][x - 1] = !u[y][x - 1];\n    if (y < 9) u[y + 1][x] = !u[y + 1][x];\n    if (x < 9) u[y][x + 1] = !u[y][x + 1];\n}')"
2025-01-23 18:22:03,531	[INFO]	Step: 58
2025-01-23 18:22:03,531	[INFO]	Stop Steps: 100
2025-01-23 18:22:03,916	[DEBUG]	EXEC>  SUCCESS 2723848.0
2025-01-23 18:22:03,917	[INFO]	5-9     SUCCESS               2723848.00 (59.32%) [2 edit(s)]  
2025-01-23 18:22:03,917	[DEBUG]	patch(5-9)="LineLLMCrossover(('source.cpp', 9), '#include <cstdio>\nusing namespace std;\n\nstatic int t[10][10], u[10][10], ans[10][10], n, flg;\n\nint compute();\nvoid dfs(int);\nvoid change(int, int);\n\nint main() {\n    scanf("%d", &n);\n    while (n--) {\n        flg = 0;\n        for (int i = 0; i < 10; i++) {\n            for (int j = 0; j < 10; j++) {\n                scanf("%d", &t[i][j]);\n                ans[i][j] = 0;\n            }\n        }\n        dfs(0);\n    }\n    return 0;\n}\n\nvoid dfs(int x) {\n    if (x == 10) {\n        if (compute()) {\n            for (int i = 0; i < 10; i++) {\n                for (int j = 0; j < 10; j++) {\n                    if (j) printf(" ");\n                    printf("%d", ans[i][j]);\n                }\n                printf("\\n");\n            }\n        }\n        return;\n    }\n    ans[0][x] = 0;\n    dfs(x + 1);\n    ans[0][x] = 1;\n    dfs(x + 1);\n}\n\nvoid change(int y, int x) {\n    u[y][x] = !u[y][x];\n    if (y > 0) u[y - 1][x] = !u[y - 1][x];\n    if (x > 0) u[y][x - 1] = !u[y][x - 1];\n    if (y < 9) u[y + 1][x] = !u[y + 1][x];\n    if (x < 9) u[y][x + 1] = !u[y][x + 1];\n}\n\nint compute() {\n    for (int i = 0; i < 10; i++) {\n        for (int j = 0; j < 10; j++) {\n            u[i][j] = t[i][j];\n            if (i) ans[i][j] = 0;\n        }\n    }\n    for (int i = 0; i < 10; i++) {\n        if (ans[0][i]) change(0, i);\n    }\n    for (int i = 1; i < 10; i++) {\n        for (int j = 0; j < 10; j++) {\n            if (u[i - 1][j]) {\n                ans[i][j] = 1;\n                change(i, j);\n            }\n        }\n    }\n    for (int i = 0; i < 10; i++) {\n        if (u[9][i]) return 0;\n    }\n    return 1;\n}') | LineLLMMutation(('source.cpp', 28), '#include <cstdio>\nusing namespace std;\n\nstatic int t[10][10], u[10][10], ans[10][10], n, flg;\n\nint compute();\nvoid dfs(int);\nvoid change(int, int);\n\nint main() {\n    scanf("%d", &n);\n    while (n--) {\n        flg = 0;\n        for (int i = 0; i < 10; i++) {\n            for (int j = 0; j < 10; j++) {\n                scanf("%d", &t[i][j]);\n                ans[i][j] = 0;\n            }\n        }\n        dfs(0);\n    }\n    return 0;\n}\n\nvoid dfs(int x) {\n    if (x == 10) {\n        if (compute()) {\n            for (int i = 0; i < 10; i++) {\n                for (int j = 0; j < 10; j++) {\n                    if (j) printf(" ");\n                    printf("%d", ans[i][j]);\n                }\n                printf("\\n");\n            }\n        }\n        return;\n    }\n    ans[0][x] = 0;\n    dfs(x + 1);\n    ans[0][x] = 1;\n    dfs(x + 1);\n}\n\nvoid change(int y, int x) {\n    u[y][x] = !u[y][x];\n    if (y > 0) u[y - 1][x] = !u[y - 1][x];\n    if (x > 0) u[y][x - 1] = !u[y][x - 1];\n    if (y < 9) u[y + 1][x] = !u[y + 1][x];\n    if (x < 9) u[y][x + 1] = !u[y][x + 1];\n}\n\nint compute() {\n    for (int i = 0; i < 10; i++) {\n        for (int j = 0; j < 10; j++) {\n            u[i][j] = t[i][j];\n            if (i) ans[i][j] = 0;\n        }\n    }\n    for (int i = 0; i < 10; i++) {\n        if (ans[0][i]) change(0, i);\n    }\n    bool changed;\n    do {\n        changed = false;\n        for (int i = 1; i < 10; i++) {\n            for (int j = 0; j < 10; j++) {\n                if (u[i - 1][j]) {\n                    ans[i][j] = 1;\n                    change(i, j);\n                    changed = true;\n                }\n            }\n        }\n    } while (changed);\n    \n    for (int i = 0; i < 10; i++) {\n        if (u[9][i]) return 0;\n    }\n    return 1;\n}')"
2025-01-23 18:22:03,917	[INFO]	Step: 59
2025-01-23 18:22:03,917	[INFO]	Stop Steps: 100
2025-01-23 18:22:04,120	[INFO]	5-10    TEST_CODE_ERROR       None (--) [3 edit(s)]  
2025-01-23 18:22:04,120	[DEBUG]	patch(5-10)="LineLLMMutation(('source.cpp', 1), '#include <cstdio>\nusing namespace std;\n\nint t[10][10], u[10][10], ans[10][10], n, flg;\n\nint compute();\nvoid dfs(int);\nvoid change(int, int);\n\nint main() {\n    scanf("%d", &n);\n    while (n--) {\n        flg = 0;\n        for (int i = 0; i < 10; i++) {\n            for (int j = 0; j < 10; j++) {\n                scanf("%d", &t[i][j]); // Use scanf for input\n                ans[i][j] = 0;\n            }\n        }\n        dfs(0);\n    }\n    return 0;\n}\n\nvoid dfs(int x) {\n    if (x == 10) {\n        if (compute()) {\n            for (int i = 0; i < 10; i++) {\n                for (int j = 0; j < 10; j++) {\n                    if (j) printf(" ");\n                    printf("%d", ans[i][j]); // Use printf for output\n                }\n                printf("\\n");\n            }\n        }\n        return;\n    }\n    ans[0][x] = 0;\n    dfs(x + 1);\n    ans[0][x] = 1;\n    dfs(x + 1);\n}\n\nint compute() {\n    for (int i = 0; i < 10; i++) {\n        for (int j = 0; j < 10; j++) {\n            u[i][j] = t[i][j];\n            if (i) ans[i][j] = 0;\n        }\n    }\n    for (int i = 0; i < 10; i++) {\n        if (ans[0][i]) change(0, i);\n    }\n    for (int i = 1; i < 10; i++) {\n        for (int j = 0; j < 10; j++) {\n            if (u[i - 1][j]) {\n                ans[i][j] = 1;\n                change(i, j);\n            }\n        }\n    }\n    for (int i = 0; i < 10; i++) {\n        if (u[9][i]) return 0;\n    }\n    return 1;\n}\n\nvoid change(int y, int x) {\n    u[y][x] = !u[y][x];\n    if (y > 0) u[y - 1][x] = !u[y - 1][x];\n    if (x > 0) u[y][x - 1] = !u[y][x - 1];\n    if (y < 9) u[y + 1][x] = !u[y + 1][x];\n    if (x < 9) u[y][x + 1] = !u[y][x + 1];\n}') | LineLLMMutation(('source.cpp', 23), '#include <cstdio>\nusing namespace std;\n\nint t[10][10], u[10][10], ans[10][10], n, flg;\n\nint compute();\nvoid dfs(int);\nvoid change(int, int);\n\nint main() {\n    scanf("%d", &n);\n    while (n--) {\n        flg = 0;\n        for (int i = 0; i < 10; i++) {\n            for (int j = 0; j < 10; j++) {\n                scanf("%d", &t[i][j]); // Use scanf for input\n                ans[i][j] = 0;\n            }\n        }\n        dfs(0);\n    }\n    return 0;\n}\n\nvoid dfs(int x) {\n    if (x == 10) {\n        if (compute()) {\n            for (int i = 0; i < 10; i++) {\n                for (int j = 0; j < 10; j++) {\n                    if (j) printf(" ");\n                    printf("%d", ans[i][j]); // Use printf for output\n                }\n                printf("\\n");\n            }\n        }\n        return;\n    }\n    ans[0][x] = 0;\n    dfs(x + 1);\n    ans[0][x] = 1;\n    dfs(x + 1);\n}\n\nint compute() {\n    for (int i = 0; i < 10; i++) {\n        for (int j = 0; j < 10; j++) {\n            u[i][j] = t[i][j];\n            if (i) ans[i][j] = 0; // Only reset ans for the first column\n        }\n    }\n    for (int i = 0; i < 10; i++) {\n        if (ans[0][i]) change(0, i);\n    }\n    for (int i = 1; i < 10; i++) {\n        for (int j = 0; j < 10; j++) {\n            if (u[i - 1][j]) {\n                ans[i][j] = 1;\n                change(i, j);\n            }\n        }\n    }\n    for (int i = 0; i < 10; i++) {\n        if (u[9][i]) return 0;\n    }\n    return 1;\n}\n\nvoid change(int y, int x) {\n    u[y][x] = !u[y][x];\n    if (y > 0) u[y - 1][x] = !u[y - 1][x];\n    if (x > 0) u[y][x - 1] = !u[y][x - 1];\n    if (y < 9) u[y + 1][x] = !u[y + 1][x];\n    if (x < 9) u[y][x + 1] = !u[y][x + 1];\n}') | LineLLMMutation(('source.cpp', 29), '#include <cstdio>\nusing namespace std;\n\nint t[10][10], u[10][10], ans[10][10], n, flg;\n\nint compute();\nvoid dfs(int);\nvoid change(int, int);\n\nint main() {\n    scanf("%d", &n);\n    while (n--) {\n        flg = 0;\n        for (int i = 0; i < 10; i++) {\n            for (int j = 0; j < 10; j++) {\n                scanf("%d", &t[i][j]); // Use scanf for input\n                ans[i][j] = 0;\n            }\n        }\n        dfs(0);\n    }\n    return 0;\n}\n\nvoid dfs(int x) {\n    if (x == 10) {\n        if (compute()) {\n            for (int i = 0; i < 10; i++) {\n                for (int j = 0; j < 10; j++) {\n                    if (j) printf(" ");\n                    printf("%d", ans[i][j]); // Use printf for output\n                }\n                printf("\\n");\n            }\n        }\n        return;\n    }\n    ans[0][x] = 0;\n    dfs(x + 1);\n    ans[0][x] = 1;\n    dfs(x + 1);\n}\n\nint compute() {\n    for (int i = 0; i < 10; i++) {\n        for (int j = 0; j < 10; j++) {\n            u[i][j] = t[i][j];\n        }\n    }\n    // Only reset ans[0] for the first row instead of all rows\n    for (int i = 0; i < 10; i++) {\n        ans[0][i] = 0; \n    }\n    for (int i = 0; i < 10; i++) {\n        if (ans[0][i]) change(0, i);\n    }\n    for (int i = 1; i < 10; i++) {\n        for (int j = 0; j < 10; j++) {\n            if (u[i - 1][j]) {\n                ans[i][j] = 1;\n                change(i, j);\n            }\n        }\n    }\n    for (int i = 0; i < 10; i++) {\n        if (u[9][i]) return 0;\n    }\n    return 1;\n}\n\nvoid change(int y, int x) {\n    u[y][x] = !u[y][x];\n    if (y > 0) u[y - 1][x] = !u[y - 1][x];\n    if (x > 0) u[y][x - 1] = !u[y][x - 1];\n    if (y < 9) u[y + 1][x] = !u[y + 1][x];\n    if (x < 9) u[y][x + 1] = !u[y][x + 1];\n}')"
2025-01-23 18:22:04,120	[INFO]	Step: 60
2025-01-23 18:22:04,120	[INFO]	Stop Steps: 100
2025-01-23 18:22:05,704	[DEBUG]	EXEC>  SUCCESS 3929975.625
2025-01-23 18:22:05,704	[INFO]	REF     SUCCESS               3929975.62 (--) [0 edit(s)]  
2025-01-23 18:22:05,704	[INFO]	Best patch: 13
2025-01-23 18:22:06,068	[DEBUG]	EXEC>  SUCCESS 2481217.625
2025-01-23 18:22:06,068	[INFO]	BEST    SUCCESS              *2481217.62 (63.14%) [0 edit(s)]  
2025-01-23 18:22:06,068	[INFO]	Best patch step: 50
2025-01-23 18:24:00,382	[INFO]	Step: 60
2025-01-23 18:24:00,382	[INFO]	Stop Steps: 100
2025-01-23 18:24:00,876	[DEBUG]	EXEC>  SUCCESS 2460659.6875
2025-01-23 18:24:00,877	[INFO]	6-1     SUCCESS              *2460659.69 (62.61%) [1 edit(s)]  
2025-01-23 18:24:00,877	[DEBUG]	patch(6-1)="LineLLMCrossover(('source.cpp', 13), '#include <cstdio>\nusing namespace std;\n\nint t[10][10], u[10][10], ans[10][10], n, flg;\n\nint compute();\nvoid dfs(int);\nvoid change(int, int);\n\nint main() {\n    scanf("%d", &n);\n    while (n--) {\n        flg = 0;\n        for (int i = 0; i < 10; i++) {\n            for (int j = 0; j < 10; j++) {\n                scanf("%d", &t[i][j]);\n                ans[i][j] = 0;\n            }\n        }\n        dfs(0);\n    }\n    return 0;\n}\n\nvoid dfs(int x) {\n    if (x == 10) {\n        if (compute()) {\n            for (int i = 0; i < 10; i++) {\n                for (int j = 0; j < 10; j++) {\n                    if (j) printf(" ");\n                    printf("%d", ans[i][j]);\n                }\n                printf("\\n");\n            }\n        }\n        return;\n    }\n    ans[0][x] = 0;\n    dfs(x + 1);\n    ans[0][x] = 1;\n    dfs(x + 1);\n}\n\nint compute() {\n    for (int i = 0; i < 10; i++) {\n        for (int j = 0; j < 10; j++) {\n            u[i][j] = t[i][j];\n            if (i) ans[i][j] = 0;\n        }\n    }\n    for (int i = 0; i < 10; i++) {\n        if (ans[0][i]) change(0, i);\n    }\n    for (int i = 1; i < 10; i++) {\n        for (int j = 0; j < 10; j++) {\n            if (u[i - 1][j]) {\n                ans[i][j] = 1;\n                change(i, j);\n            }\n        }\n    }\n    for (int i = 0; i < 10; i++) {\n        if (u[9][i]) return 0;\n    }\n    return 1;\n}\n\nvoid change(int y, int x) {\n    u[y][x] = !u[y][x];\n    if (y > 0) u[y - 1][x] = !u[y - 1][x];\n    if (x > 0) u[y][x - 1] = !u[y][x - 1];\n    if (y < 9) u[y + 1][x] = !u[y + 1][x];\n    if (x < 9) u[y][x + 1] = !u[y][x + 1];\n}')"

2025-01-23 18:24:00,877	[INFO]	Step: 61
2025-01-23 18:24:00,877	[INFO]	Stop Steps: 100
2025-01-23 18:24:01,242	[DEBUG]	EXEC>  SUCCESS 2500716.8125
2025-01-23 18:24:01,242	[INFO]	6-2     SUCCESS               2500716.81 (63.63%) [1 edit(s)]  
2025-01-23 18:24:01,243	[DEBUG]	patch(6-2)="LineLLMCrossover(('source.cpp', 16), '#include <cstdio>\nusing namespace std;\n\nint t[10][10], u[10][10], ans[10][10], n, flg;\n\nint compute();\nvoid dfs(int);\nvoid change(int, int);\n\nint main() {\n    scanf("%d", &n);\n    while (n--) {\n        flg = 0;\n        for (int i = 0; i < 10; i++) {\n            for (int j = 0; j < 10; j++) {\n                scanf("%d", &t[i][j]);\n                ans[i][j] = 0;\n            }\n        }\n        dfs(0);\n    }\n    return 0;\n}\n\nvoid dfs(int x) {\n    if (x == 10) {\n        if (compute()) {\n            for (int i = 0; i < 10; i++) {\n                for (int j = 0; j < 10; j++) {\n                    if (j) printf(" ");\n                    printf("%d", ans[i][j]);\n                }\n                printf("\\n");\n            }\n        }\n        return;\n    }\n    ans[0][x] = 0;\n    dfs(x + 1);\n    ans[0][x] = 1;\n    dfs(x + 1);\n}\n\nint compute() {\n    for (int i = 0; i < 10; i++) {\n        for (int j = 0; j < 10; j++) {\n            u[i][j] = t[i][j];\n            if (i) ans[i][j] = 0;\n        }\n    }\n    for (int i = 0; i < 10; i++) {\n        if (ans[0][i]) change(0, i);\n    }\n    for (int i = 1; i < 10; i++) {\n        for (int j = 0; j < 10; j++) {\n            if (u[i - 1][j]) {\n                ans[i][j] = 1;\n                change(i, j);\n            }\n        }\n    }\n    for (int i = 0; i < 10; i++) {\n        if (u[9][i]) return 0;\n    }\n    return 1;\n}\n\nvoid change(int y, int x) {\n    u[y][x] = !u[y][x];\n    if (y > 0) u[y - 1][x] = !u[y - 1][x];\n    if (x > 0) u[y][x - 1] = !u[y][x - 1];\n    if (y < 9) u[y + 1][x] = !u[y + 1][x];\n    if (x < 9) u[y][x + 1] = !u[y][x + 1];\n}')"
2025-01-23 18:24:01,243	[INFO]	Step: 62
2025-01-23 18:24:01,243	[INFO]	Stop Steps: 100
2025-01-23 18:24:01,622	[DEBUG]	EXEC>  SUCCESS 2467987.875
2025-01-23 18:24:01,623	[INFO]	6-3     SUCCESS               2467987.88 (62.80%) [1 edit(s)]  
2025-01-23 18:24:01,623	[DEBUG]	patch(6-3)="LineLLMCrossover(('source.cpp', 20), '#include <cstdio>\nusing namespace std;\n\nstatic int t[10][10], u[10][10], ans[10][10], n, flg;\n\nint compute();\nvoid dfs(int);\nvoid change(int, int);\n\nint main() {\n    scanf("%d", &n);\n    while (n--) {\n        flg = 0;\n        for (int i = 0; i < 10; i++) {\n            for (int j = 0; j < 10; j++) {\n                scanf("%d", &t[i][j]);\n                ans[i][j] = 0;\n            }\n        }\n        dfs(0);\n    }\n    return 0;\n}\n\nvoid dfs(int x) {\n    if (x == 10) {\n        if (compute()) {\n            for (int i = 0; i < 10; i++) {\n                for (int j = 0; j < 10; j++) {\n                    if (j) printf(" ");\n                    printf("%d", ans[i][j]);\n                }\n                printf("\\n");\n            }\n        }\n        return;\n    }\n    ans[0][x] = 0;\n    dfs(x + 1);\n    ans[0][x] = 1;\n    dfs(x + 1);\n}\n\nint compute() {\n    for (int i = 0; i < 10; i++) {\n        for (int j = 0; j < 10; j++) {\n            u[i][j] = t[i][j];\n            if (i) ans[i][j] = 0;\n        }\n    }\n    for (int i = 0; i < 10; i++) {\n        if (ans[0][i]) change(0, i);\n    }\n    for (int i = 1; i < 10; i++) {\n        for (int j = 0; j < 10; j++) {\n            if (u[i - 1][j]) {\n                ans[i][j] = 1;\n                change(i, j);\n            }\n        }\n    }\n    for (int i = 0; i < 10; i++) {\n        if (u[9][i]) return 0;\n    }\n    return 1;\n}\n\nvoid change(int y, int x) {\n    u[y][x] = !u[y][x];\n    if (y > 0) u[y - 1][x] = !u[y - 1][x];\n    if (x > 0) u[y][x - 1] = !u[y][x - 1];\n    if (y < 9) u[y + 1][x] = !u[y + 1][x];\n    if (x < 9) u[y][x + 1] = !u[y][x + 1];\n}')"
2025-01-23 18:24:01,623	[INFO]	Step: 63
2025-01-23 18:24:01,623	[INFO]	Stop Steps: 100
2025-01-23 18:24:02,003	[DEBUG]	EXEC>  SUCCESS 2479278.5625
2025-01-23 18:24:02,003	[INFO]	6-4     SUCCESS               2479278.56 (63.09%) [1 edit(s)]  
2025-01-23 18:24:02,003	[DEBUG]	patch(6-4)="LineLLMCrossover(('source.cpp', 21), '#include <cstdio>\nusing namespace std;\n\nstatic int t[10][10], u[10][10], ans[10][10], n, flg;\n\nint compute();\nvoid dfs(int);\nvoid change(int, int);\n\nint main() {\n    scanf("%d", &n);\n    while (n--) {\n        flg = 0;\n        for (int i = 0; i < 10; i++) {\n            for (int j = 0; j < 10; j++) {\n                scanf("%d", &t[i][j]);\n                ans[i][j] = 0;\n            }\n        }\n        dfs(0);\n    }\n    return 0;\n}\n\nvoid dfs(int x) {\n    if (x == 10) {\n        if (compute()) {\n            for (int i = 0; i < 10; i++) {\n                for (int j = 0; j < 10; j++) {\n                    if (j) printf(" ");\n                    printf("%d", ans[i][j]);\n                }\n                printf("\\n");\n            }\n        }\n        return;\n    }\n    ans[0][x] = 0;\n    dfs(x + 1);\n    ans[0][x] = 1;\n    dfs(x + 1);\n}\n\nint compute() {\n    for (int i = 0; i < 10; i++) {\n        for (int j = 0; j < 10; j++) {\n            u[i][j] = t[i][j];\n            if (i) ans[i][j] = 0;\n        }\n    }\n    for (int i = 0; i < 10; i++) {\n        if (ans[0][i]) change(0, i);\n    }\n    for (int i = 1; i < 10; i++) {\n        for (int j = 0; j < 10; j++) {\n            if (u[i - 1][j]) {\n                ans[i][j] = 1;\n                change(i, j);\n            }\n        }\n    }\n    for (int i = 0; i < 10; i++) {\n        if (u[9][i]) return 0;\n    }\n    return 1;\n}\n\nvoid change(int y, int x) {\n    u[y][x] = !u[y][x];\n    if (y > 0) u[y - 1][x] = !u[y - 1][x];\n    if (x > 0) u[y][x - 1] = !u[y][x - 1];\n    if (y < 9) u[y + 1][x] = !u[y + 1][x];\n    if (x < 9) u[y][x + 1] = !u[y][x + 1];\n}')"
2025-01-23 18:24:02,003	[INFO]	Step: 64
2025-01-23 18:24:02,003	[INFO]	Stop Steps: 100
2025-01-23 18:24:02,365	[DEBUG]	EXEC>  SUCCESS 2470981.8125
2025-01-23 18:24:02,366	[INFO]	6-5     SUCCESS               2470981.81 (62.88%) [1 edit(s)]  
2025-01-23 18:24:02,366	[DEBUG]	patch(6-5)="LineLLMCrossover(('source.cpp', 22), '#include <cstdio>\nusing namespace std;\n\nint t[10][10], u[10][10], ans[10][10], n, flg;\n\nint compute();\nvoid dfs(int);\nvoid change(int, int);\n\nint main() {\n    scanf("%d", &n);\n    while (n--) {\n        flg = 0;\n        for (int i = 0; i < 10; i++) {\n            for (int j = 0; j < 10; j++) {\n                scanf("%d", &t[i][j]);\n                ans[i][j] = 0;\n            }\n        }\n        dfs(0);\n    }\n    return 0;\n}\n\nvoid dfs(int x) {\n    if (x == 10) {\n        if (compute()) {\n            for (int i = 0; i < 10; i++) {\n                for (int j = 0; j < 10; j++) {\n                    if (j) printf(" ");\n                    printf("%d", ans[i][j]);\n                }\n                printf("\\n");\n            }\n        }\n        return;\n    }\n    ans[0][x] = 0;\n    dfs(x + 1);\n    ans[0][x] = 1;\n    dfs(x + 1);\n}\n\nint compute() {\n    for (int i = 0; i < 10; i++) {\n        for (int j = 0; j < 10; j++) {\n            u[i][j] = t[i][j];\n            if (i) ans[i][j] = 0;\n        }\n    }\n    for (int i = 0; i < 10; i++) {\n        if (ans[0][i]) change(0, i);\n    }\n    for (int i = 1; i < 10; i++) {\n        for (int j = 0; j < 10; j++) {\n            if (u[i - 1][j]) {\n                ans[i][j] = 1;\n                change(i, j);\n            }\n        }\n    }\n    for (int i = 0; i < 10; i++) {\n        if (u[9][i]) return 0;\n    }\n    return 1;\n}\n\nvoid change(int y, int x) {\n    u[y][x] = !u[y][x];\n    if (y > 0) u[y - 1][x] = !u[y - 1][x];\n    if (x > 0) u[y][x - 1] = !u[y][x - 1];\n    if (y < 9) u[y + 1][x] = !u[y + 1][x];\n    if (x < 9) u[y][x + 1] = !u[y][x + 1];\n}')"
2025-01-23 18:24:02,366	[INFO]	Step: 65
2025-01-23 18:24:02,366	[INFO]	Stop Steps: 100
2025-01-23 18:24:02,735	[DEBUG]	EXEC>  SUCCESS 2477569.625
2025-01-23 18:24:02,735	[INFO]	6-6     SUCCESS               2477569.62 (63.04%) [1 edit(s)]  
2025-01-23 18:24:02,735	[DEBUG]	patch(6-6)="LineLLMCrossover(('source.cpp', 23), '#include <cstdio>\nusing namespace std;\n\nint t[10][10], u[10][10], ans[10][10], n, flg;\n\nint compute();\nvoid dfs(int);\nvoid change(int, int);\n\nint main() {\n    scanf("%d", &n);\n    while (n--) {\n        flg = 0;\n        for (int i = 0; i < 10; i++) {\n            for (int j = 0; j < 10; j++) {\n                scanf("%d", &t[i][j]);\n                ans[i][j] = 0;\n            }\n        }\n        dfs(0);\n    }\n    return 0;\n}\n\nvoid dfs(int x) {\n    if (x == 10) {\n        if (compute()) {\n            for (int i = 0; i < 10; i++) {\n                for (int j = 0; j < 10; j++) {\n                    if (j) printf(" ");\n                    printf("%d", ans[i][j]);\n                }\n                printf("\\n");\n            }\n        }\n        return;\n    }\n    ans[0][x] = 0;\n    dfs(x + 1);\n    ans[0][x] = 1;\n    dfs(x + 1);\n}\n\nint compute() {\n    for (int i = 0; i < 10; i++) {\n        for (int j = 0; j < 10; j++) {\n            u[i][j] = t[i][j];\n            if (i) ans[i][j] = 0;\n        }\n    }\n    for (int i = 0; i < 10; i++) {\n        if (ans[0][i]) change(0, i);\n    }\n    for (int i = 1; i < 10; i++) {\n        for (int j = 0; j < 10; j++) {\n            if (u[i - 1][j]) {\n                ans[i][j] = 1;\n                change(i, j);\n            }\n        }\n    }\n    for (int i = 0; i < 10; i++) {\n        if (u[9][i]) return 0;\n    }\n    return 1;\n}\n\nvoid change(int y, int x) {\n    u[y][x] = !u[y][x];\n    if (y > 0) u[y - 1][x] = !u[y - 1][x];\n    if (x > 0) u[y][x - 1] = !u[y][x - 1];\n    if (y < 9) u[y + 1][x] = !u[y + 1][x];\n    if (x < 9) u[y][x + 1] = !u[y][x + 1];\n}')"
2025-01-23 18:24:02,735	[INFO]	Step: 66
2025-01-23 18:24:02,735	[INFO]	Stop Steps: 100
2025-01-23 18:24:02,928	[INFO]	6-7     TEST_CODE_ERROR       None (--) [2 edit(s)]  
2025-01-23 18:24:02,928	[DEBUG]	patch(6-7)="LineLLMCrossover(('source.cpp', 13), '#include <cstdio>\nusing namespace std;\n\nint t[10][10], u[10][10], ans[10][10], n, flg;\n\nint compute();\nvoid dfs(int);\nvoid change(int, int);\n\nint main() {\n    scanf("%d", &n);\n    while (n--) {\n        flg = 0;\n        for (int i = 0; i < 10; i++) {\n            for (int j = 0; j < 10; j++) {\n                scanf("%d", &t[i][j]);\n                ans[i][j] = 0;\n            }\n        }\n        dfs(0);\n    }\n    return 0;\n}\n\nvoid dfs(int x) {\n    if (x == 10) {\n        if (compute()) {\n            for (int i = 0; i < 10; i++) {\n                for (int j = 0; j < 10; j++) {\n                    if (j) printf(" ");\n                    printf("%d", ans[i][j]);\n                }\n                printf("\\n");\n            }\n        }\n        return;\n    }\n    ans[0][x] = 0;\n    dfs(x + 1);\n    ans[0][x] = 1;\n    dfs(x + 1);\n}\n\nint compute() {\n    for (int i = 0; i < 10; i++) {\n        for (int j = 0; j < 10; j++) {\n            u[i][j] = t[i][j];\n            if (i) ans[i][j] = 0;\n        }\n    }\n    for (int i = 0; i < 10; i++) {\n        if (ans[0][i]) change(0, i);\n    }\n    for (int i = 1; i < 10; i++) {\n        for (int j = 0; j < 10; j++) {\n            if (u[i - 1][j]) {\n                ans[i][j] = 1;\n                change(i, j);\n            }\n        }\n    }\n    for (int i = 0; i < 10; i++) {\n        if (u[9][i]) return 0;\n    }\n    return 1;\n}\n\nvoid change(int y, int x) {\n    u[y][x] = !u[y][x];\n    if (y > 0) u[y - 1][x] = !u[y - 1][x];\n    if (x > 0) u[y][x - 1] = !u[y][x - 1];\n    if (y < 9) u[y + 1][x] = !u[y + 1][x];\n    if (x < 9) u[y][x + 1] = !u[y][x + 1];\n}') | LineLLMMutation(('source.cpp', 30), '#include <cstdio>\nusing namespace std;\n\nint t[10][10], u[10][10], ans[10][10], n, flg;\n\nint compute();\nvoid dfs(int);\nvoid change(int, int);\n\nint main() {\n    scanf("%d", &n);\n    while (n--) {\n        flg = 0;\n        for (int i = 0; i < 10; i++) {\n            for (int j = 0; j < 10; j++) {\n                scanf("%d", &t[i][j]);\n                ans[i][j] = 0;\n                u[i][j] = t[i][j]; // Initialize u directly here\n            }\n        }\n        dfs(0);\n    }\n    return 0;\n}\n\nvoid dfs(int x) {\n    if (x == 10) {\n        if (compute()) {\n            for (int i = 0; i < 10; i++) {\n                for (int j = 0; j < 10; j++) {\n                    if (j) printf(" ");\n                    printf("%d", ans[i][j]);\n                }\n                printf("\\n");\n            }\n        }\n        return;\n    }\n    ans[0][x] = 0;\n    dfs(x + 1);\n    ans[0][x] = 1;\n    dfs(x + 1);\n}\n\nint compute() {\n    for (int i = 1; i < 10; i++) {\n        for (int j = 0; j < 10; j++) {\n            if (u[i-1][j]) {\n                ans[i][j] = 1;\n                change(i, j);\n            } else {\n                ans[i][j] = 0; // Set to 0 only if the condition is false\n            }\n        }\n    }\n    for (int i = 0; i < 10; i++) {\n        if (u[9][i]) return 0;\n    }\n    return 1;\n}\n\nvoid change(int y, int x) {\n    u[y][x] = !u[y][x];\n    if (y > 0) u[y - 1][x] = !u[y - 1][x];\n    if (x > 0) u[y][x - 1] = !u[y][x - 1];\n    if (y < 9) u[y + 1][x] = !u[y + 1][x];\n    if (x < 9) u[y][x + 1] = !u[y][x + 1];\n}')"
2025-01-23 18:24:02,928	[INFO]	Step: 67
2025-01-23 18:24:02,928	[INFO]	Stop Steps: 100
2025-01-23 18:24:03,301	[DEBUG]	EXEC>  SUCCESS 2483417.9375
2025-01-23 18:24:03,301	[INFO]	6-8     SUCCESS               2483417.94 (63.19%) [2 edit(s)]  
2025-01-23 18:24:03,301	[DEBUG]	patch(6-8)="LineLLMCrossover(('source.cpp', 16), '#include <cstdio>\nusing namespace std;\n\nint t[10][10], u[10][10], ans[10][10], n, flg;\n\nint compute();\nvoid dfs(int);\nvoid change(int, int);\n\nint main() {\n    scanf("%d", &n);\n    while (n--) {\n        flg = 0;\n        for (int i = 0; i < 10; i++) {\n            for (int j = 0; j < 10; j++) {\n                scanf("%d", &t[i][j]);\n                ans[i][j] = 0;\n            }\n        }\n        dfs(0);\n    }\n    return 0;\n}\n\nvoid dfs(int x) {\n    if (x == 10) {\n        if (compute()) {\n            for (int i = 0; i < 10; i++) {\n                for (int j = 0; j < 10; j++) {\n                    if (j) printf(" ");\n                    printf("%d", ans[i][j]);\n                }\n                printf("\\n");\n            }\n        }\n        return;\n    }\n    ans[0][x] = 0;\n    dfs(x + 1);\n    ans[0][x] = 1;\n    dfs(x + 1);\n}\n\nint compute() {\n    for (int i = 0; i < 10; i++) {\n        for (int j = 0; j < 10; j++) {\n            u[i][j] = t[i][j];\n            if (i) ans[i][j] = 0;\n        }\n    }\n    for (int i = 0; i < 10; i++) {\n        if (ans[0][i]) change(0, i);\n    }\n    for (int i = 1; i < 10; i++) {\n        for (int j = 0; j < 10; j++) {\n            if (u[i - 1][j]) {\n                ans[i][j] = 1;\n                change(i, j);\n            }\n        }\n    }\n    for (int i = 0; i < 10; i++) {\n        if (u[9][i]) return 0;\n    }\n    return 1;\n}\n\nvoid change(int y, int x) {\n    u[y][x] = !u[y][x];\n    if (y > 0) u[y - 1][x] = !u[y - 1][x];\n    if (x > 0) u[y][x - 1] = !u[y][x - 1];\n    if (y < 9) u[y + 1][x] = !u[y + 1][x];\n    if (x < 9) u[y][x + 1] = !u[y][x + 1];\n}') | LineLLMMutation(('source.cpp', 31), '#include <cstdio>\nusing namespace std;\n\nint t[10][10], u[10][10], ans[10][10], n, flg;\n\nint compute();\nvoid dfs(int);\nvoid change(int, int);\n\nint main() {\n    scanf("%d", &n);\n    while (n--) {\n        flg = 0;\n        for (int i = 0; i < 10; i++) {\n            for (int j = 0; j < 10; j++) {\n                scanf("%d", &t[i][j]);\n                ans[i][j] = 0; // Initializing to 0 can be done more efficiently\n            }\n        }\n        dfs(0);\n    }\n    return 0;\n}\n\nvoid dfs(int x) {\n    if (x == 10) {\n        if (compute()) {\n            for (int i = 0; i < 10; i++) {\n                for (int j = 0; j < 10; j++) {\n                    if (j) printf(" ");\n                    printf("%d", ans[i][j]);\n                }\n                printf("\\n");\n            }\n        }\n        return;\n    }\n    ans[0][x] = 0;\n    dfs(x + 1);\n    ans[0][x] = 1;\n    dfs(x + 1);\n}\n\nint compute() {\n    for (int i = 0; i < 10; i++) {\n        for (int j = 0; j < 10; j++) {\n            u[i][j] = t[i][j]; // Initialize u with values from t\n            if (i > 0) ans[i][j] = 0; // This can be removed as it\'s re-initialized below\n        }\n    }\n    for (int i = 0; i < 10; i++) {\n        if (ans[0][i]) change(0, i);\n    }\n    for (int i = 1; i < 10; i++) {\n        for (int j = 0; j < 10; j++) {\n            if (u[i - 1][j]) {\n                ans[i][j] = 1;\n                change(i, j);\n            }\n        }\n    }\n    for (int i = 0; i < 10; i++) {\n        if (u[9][i]) return 0;\n    }\n    return 1;\n}\n\nvoid change(int y, int x) {\n    u[y][x] = !u[y][x];\n    if (y > 0) u[y - 1][x] = !u[y - 1][x];\n    if (x > 0) u[y][x - 1] = !u[y][x - 1];\n    if (y < 9) u[y + 1][x] = !u[y + 1][x];\n    if (x < 9) u[y][x + 1] = !u[y][x + 1];\n}')"
2025-01-23 18:24:03,301	[INFO]	Step: 68
2025-01-23 18:24:03,301	[INFO]	Stop Steps: 100
2025-01-23 18:24:03,514	[INFO]	6-9     TEST_CODE_ERROR       None (--) [2 edit(s)]  
2025-01-23 18:24:03,514	[DEBUG]	patch(6-9)="LineLLMCrossover(('source.cpp', 17), '#include <cstdio>\nusing namespace std;\n\nstatic int t[10][10], u[10][10], ans[10][10], n, flg;\n\nint compute();\nvoid dfs(int);\nvoid change(int, int);\n\nint main() {\n    scanf("%d", &n);\n    while (n--) {\n        flg = 0;\n        for (int i = 0; i < 10; i++) {\n            for (int j = 0; j < 10; j++) {\n                scanf("%d", &t[i][j]);\n                ans[i][j] = 0;\n            }\n        }\n        dfs(0);\n    }\n    return 0;\n}\n\nvoid dfs(int x) {\n    if (x == 10) {\n        if (compute()) {\n            for (int i = 0; i < 10; i++) {\n                for (int j = 0; j < 10; j++) {\n                    if (j) printf(" ");\n                    printf("%d", ans[i][j]);\n                }\n                printf("\\n");\n            }\n        }\n        return;\n    }\n    ans[0][x] = 0;\n    dfs(x + 1);\n    ans[0][x] = 1;\n    dfs(x + 1);\n}\n\nint compute() {\n    for (int i = 0; i < 10; i++) {\n        for (int j = 0; j < 10; j++) {\n            u[i][j] = t[i][j];\n            if (i) ans[i][j] = 0;\n        }\n    }\n    for (int i = 0; i < 10; i++) {\n        if (ans[0][i]) change(0, i);\n    }\n    for (int i = 1; i < 10; i++) {\n        for (int j = 0; j < 10; j++) {\n            if (u[i - 1][j]) {\n                ans[i][j] = 1;\n                change(i, j);\n            }\n        }\n    }\n    for (int i = 0; i < 10; i++) {\n        if (u[9][i]) return 0;\n    }\n    return 1;\n}\n\nvoid change(int y, int x) {\n    u[y][x] = !u[y][x];\n    if (y > 0) u[y - 1][x] = !u[y - 1][x];\n    if (x > 0) u[y][x - 1] = !u[y][x - 1];\n    if (y < 9) u[y + 1][x] = !u[y + 1][x];\n    if (x < 9) u[y][x + 1] = !u[y][x + 1];\n}') | LineLLMMutation(('source.cpp', 32), '#include <cstdio>\nusing namespace std;\n\nstatic int t[10][10], u[10][10], ans[10][10], n, flg;\n\nint compute();\nvoid dfs(int);\nvoid change(int, int);\n\nint main() {\n    scanf("%d", &n);\n    while (n--) {\n        flg = 0;\n        for (int i = 0; i < 10; i++) {\n            for (int j = 0; j < 10; j++) {\n                scanf("%d", &t[i][j]);\n                ans[i][j] = 0;\n            }\n        }\n        dfs(0);\n    }\n    return 0;\n}\n\nvoid dfs(int x) {\n    if (x == 10) {\n        if (compute()) {\n            for (int i = 0; i < 10; i++) {\n                for (int j = 0; j < 10; j++) {\n                    if (j) printf(" ");\n                    printf("%d", ans[i][j]);\n                }\n                printf("\\n");\n            }\n        }\n        return;\n    }\n    ans[0][x] = 0;\n    dfs(x + 1);\n    ans[0][x] = 1;\n    dfs(x + 1);\n}\n\nint compute() {\n    // Simplifying the copying process\n    for (int i = 0; i < 10; i++) {\n        for (int j = 0; j < 10; j++) {\n            u[i][j] = (i == 0) ? t[i][j] : (ans[i-1][j] ? !t[i][j] : t[i][j]);\n        }\n    }\n    \n    for (int i = 0; i < 10; i++) {\n        if (ans[0][i]) change(0, i);\n    }\n    for (int i = 1; i < 10; i++) {\n        for (int j = 0; j < 10; j++) {\n            if (u[i - 1][j]) {\n                ans[i][j] = 1;\n                change(i, j);\n            }\n        }\n    }\n    for (int i = 0; i < 10; i++) {\n        if (u[9][i]) return 0;\n    }\n    return 1;\n}\n\nvoid change(int y, int x) {\n    u[y][x] = !u[y][x];\n    if (y > 0) u[y - 1][x] = !u[y - 1][x];\n    if (x > 0) u[y][x - 1] = !u[y][x - 1];\n    if (y < 9) u[y + 1][x] = !u[y + 1][x];\n    if (x < 9) u[y][x + 1] = !u[y][x + 1];\n}')"
2025-01-23 18:24:03,514	[INFO]	Step: 69
2025-01-23 18:24:03,514	[INFO]	Stop Steps: 100
2025-01-23 18:24:03,876	[DEBUG]	EXEC>  SUCCESS 2483005.5
2025-01-23 18:24:03,876	[INFO]	6-10    SUCCESS               2483005.50 (63.18%) [2 edit(s)]  
2025-01-23 18:24:03,876	[DEBUG]	patch(6-10)="LineLLMCrossover(('source.cpp', 18), '#include <cstdio>\nusing namespace std;\n\nint t[10][10], u[10][10], ans[10][10], n, flg;\n\nint compute();\nvoid dfs(int);\nvoid change(int, int);\n\nint main() {\n    scanf("%d", &n);\n    while (n--) {\n        flg = 0;\n        for (int i = 0; i < 10; i++) {\n            for (int j = 0; j < 10; j++) {\n                scanf("%d", &t[i][j]);\n                ans[i][j] = 0;\n            }\n        }\n        dfs(0);\n    }\n    return 0;\n}\n\nvoid dfs(int x) {\n    if (x == 10) {\n        if (compute()) {\n            for (int i = 0; i < 10; i++) {\n                for (int j = 0; j < 10; j++) {\n                    if (j) printf(" ");\n                    printf("%d", ans[i][j]);\n                }\n                printf("\\n");\n            }\n        }\n        return;\n    }\n    ans[0][x] = 0;\n    dfs(x + 1);\n    ans[0][x] = 1;\n    dfs(x + 1);\n}\n\nint compute() {\n    for (int i = 0; i < 10; i++) {\n        for (int j = 0; j < 10; j++) {\n            u[i][j] = t[i][j];\n            if (i) ans[i][j] = 0;\n        }\n    }\n    for (int i = 0; i < 10; i++) {\n        if (ans[0][i]) change(0, i);\n    }\n    for (int i = 1; i < 10; i++) {\n        for (int j = 0; j < 10; j++) {\n            if (u[i - 1][j]) {\n                ans[i][j] = 1;\n                change(i, j);\n            }\n        }\n    }\n    for (int i = 0; i < 10; i++) {\n        if (u[9][i]) return 0;\n    }\n    return 1;\n}\n\nvoid change(int y, int x) {\n    u[y][x] = !u[y][x];\n    if (y > 0) u[y - 1][x] = !u[y - 1][x];\n    if (x > 0) u[y][x - 1] = !u[y][x - 1];\n    if (y < 9) u[y + 1][x] = !u[y + 1][x];\n    if (x < 9) u[y][x + 1] = !u[y][x + 1];\n}') | LineLLMMutation(('source.cpp', 33), '#include <cstdio>\nusing namespace std;\n\nint t[10][10], u[10][10], ans[10][10], n, flg;\n\nint compute();\nvoid dfs(int);\nvoid change(int, int);\n\nint main() {\n    scanf("%d", &n);\n    while (n--) {\n        flg = 0;\n        for (int i = 0; i < 10; i++) {\n            for (int j = 0; j < 10; j++) {\n                scanf("%d", &t[i][j]);\n                ans[i][j] = 0;\n            }\n        }\n        dfs(0);\n    }\n    return 0;\n}\n\nvoid dfs(int x) {\n    if (x == 10) {\n        if (compute()) {\n            for (int i = 0; i < 10; i++) {\n                for (int j = 0; j < 10; j++) {\n                    if (j) printf(" ");\n                    printf("%d", ans[i][j]);\n                }\n                printf("\\n");\n            }\n        }\n        return;\n    }\n    ans[0][x] = 0;\n    dfs(x + 1);\n    ans[0][x] = 1;\n    dfs(x + 1);\n}\n\nint compute() {\n    // Initialize `u` only once and avoid unnecessary assignments\n    for (int i = 0; i < 10; i++) {\n        for (int j = 0; j < 10; j++) {\n            u[i][j] = t[i][j];\n        }\n    }\n    \n    // Directly set ans[0][i] and change if needed\n    for (int i = 0; i < 10; i++) {\n        if (ans[0][i]) change(0, i);\n    }\n    \n    for (int i = 1; i < 10; i++) {\n        for (int j = 0; j < 10; j++) {\n            if (u[i - 1][j]) {\n                ans[i][j] = 1;\n                change(i, j);\n            } else {\n                ans[i][j] = 0; // Clear unnecessary assignments\n            }\n        }\n    }\n    \n    // Check the last row\n    for (int i = 0; i < 10; i++) {\n        if (u[9][i]) return 0;\n    }\n    return 1;\n}\n\nvoid change(int y, int x) {\n    u[y][x] = !u[y][x];\n    if (y > 0) u[y - 1][x] = !u[y - 1][x];\n    if (x > 0) u[y][x - 1] = !u[y][x - 1];\n    if (y < 9) u[y + 1][x] = !u[y + 1][x];\n    if (x < 9) u[y][x + 1] = !u[y][x + 1];\n}')"
2025-01-23 18:24:03,876	[INFO]	Step: 70
2025-01-23 18:24:03,876	[INFO]	Stop Steps: 100
2025-01-23 18:24:05,449	[DEBUG]	EXEC>  SUCCESS 3908138.4375
2025-01-23 18:24:05,449	[INFO]	REF     SUCCESS               3908138.44 (--) [0 edit(s)]  
2025-01-23 18:24:05,449	[INFO]	Best patch: 13
2025-01-23 18:24:05,811	[DEBUG]	EXEC>  SUCCESS 2496179.6875
2025-01-23 18:24:05,811	[INFO]	BEST    SUCCESS              *2496179.69 (63.87%) [0 edit(s)]  
2025-01-23 18:24:05,811	[INFO]	Best patch step: 60
2025-01-23 18:25:47,289	[INFO]	Step: 70
2025-01-23 18:25:47,289	[INFO]	Stop Steps: 100
2025-01-23 18:25:47,786	[DEBUG]	EXEC>  SUCCESS 2468619.8125
2025-01-23 18:25:47,786	[INFO]	7-1     SUCCESS              *2468619.81 (63.17%) [1 edit(s)]  
2025-01-23 18:25:47,786	[DEBUG]	patch(7-1)="LineLLMCrossover(('source.cpp', 13), '#include <cstdio>\nusing namespace std;\n\nint t[10][10], u[10][10], ans[10][10], n, flg;\n\nint compute();\nvoid dfs(int);\nvoid change(int, int);\n\nint main() {\n    scanf("%d", &n);\n    while (n--) {\n        flg = 0;\n        for (int i = 0; i < 10; i++) {\n            for (int j = 0; j < 10; j++) {\n                scanf("%d", &t[i][j]);\n                ans[i][j] = 0;\n            }\n        }\n        dfs(0);\n    }\n    return 0;\n}\n\nvoid dfs(int x) {\n    if (x == 10) {\n        if (compute()) {\n            for (int i = 0; i < 10; i++) {\n                for (int j = 0; j < 10; j++) {\n                    if (j) printf(" ");\n                    printf("%d", ans[i][j]);\n                }\n                printf("\\n");\n            }\n        }\n        return;\n    }\n    ans[0][x] = 0;\n    dfs(x + 1);\n    ans[0][x] = 1;\n    dfs(x + 1);\n}\n\nint compute() {\n    for (int i = 0; i < 10; i++) {\n        for (int j = 0; j < 10; j++) {\n            u[i][j] = t[i][j];\n            if (i) ans[i][j] = 0;\n        }\n    }\n    for (int i = 0; i < 10; i++) {\n        if (ans[0][i]) change(0, i);\n    }\n    for (int i = 1; i < 10; i++) {\n        for (int j = 0; j < 10; j++) {\n            if (u[i - 1][j]) {\n                ans[i][j] = 1;\n                change(i, j);\n            }\n        }\n    }\n    for (int i = 0; i < 10; i++) {\n        if (u[9][i]) return 0;\n    }\n    return 1;\n}\n\nvoid change(int y, int x) {\n    u[y][x] = !u[y][x];\n    if (y > 0) u[y - 1][x] = !u[y - 1][x];\n    if (x > 0) u[y][x - 1] = !u[y][x - 1];\n    if (y < 9) u[y + 1][x] = !u[y + 1][x];\n    if (x < 9) u[y][x + 1] = !u[y][x + 1];\n}')"

2025-01-23 18:25:47,786	[INFO]	Step: 71
2025-01-23 18:25:47,786	[INFO]	Stop Steps: 100
2025-01-23 18:25:48,154	[DEBUG]	EXEC>  SUCCESS 2479052.375
2025-01-23 18:25:48,154	[INFO]	7-2     SUCCESS               2479052.38 (63.43%) [1 edit(s)]  
2025-01-23 18:25:48,154	[DEBUG]	patch(7-2)="LineLLMCrossover(('source.cpp', 20), '#include <cstdio>\nusing namespace std;\n\nstatic int t[10][10], u[10][10], ans[10][10], n, flg;\n\nint compute();\nvoid dfs(int);\nvoid change(int, int);\n\nint main() {\n    scanf("%d", &n);\n    while (n--) {\n        flg = 0;\n        for (int i = 0; i < 10; i++) {\n            for (int j = 0; j < 10; j++) {\n                scanf("%d", &t[i][j]);\n                ans[i][j] = 0;\n            }\n        }\n        dfs(0);\n    }\n    return 0;\n}\n\nvoid dfs(int x) {\n    if (x == 10) {\n        if (compute()) {\n            for (int i = 0; i < 10; i++) {\n                for (int j = 0; j < 10; j++) {\n                    if (j) printf(" ");\n                    printf("%d", ans[i][j]);\n                }\n                printf("\\n");\n            }\n        }\n        return;\n    }\n    ans[0][x] = 0;\n    dfs(x + 1);\n    ans[0][x] = 1;\n    dfs(x + 1);\n}\n\nint compute() {\n    for (int i = 0; i < 10; i++) {\n        for (int j = 0; j < 10; j++) {\n            u[i][j] = t[i][j];\n            if (i) ans[i][j] = 0;\n        }\n    }\n    for (int i = 0; i < 10; i++) {\n        if (ans[0][i]) change(0, i);\n    }\n    for (int i = 1; i < 10; i++) {\n        for (int j = 0; j < 10; j++) {\n            if (u[i - 1][j]) {\n                ans[i][j] = 1;\n                change(i, j);\n            }\n        }\n    }\n    for (int i = 0; i < 10; i++) {\n        if (u[9][i]) return 0;\n    }\n    return 1;\n}\n\nvoid change(int y, int x) {\n    u[y][x] = !u[y][x];\n    if (y > 0) u[y - 1][x] = !u[y - 1][x];\n    if (x > 0) u[y][x - 1] = !u[y][x - 1];\n    if (y < 9) u[y + 1][x] = !u[y + 1][x];\n    if (x < 9) u[y][x + 1] = !u[y][x + 1];\n}')"
2025-01-23 18:25:48,154	[INFO]	Step: 72
2025-01-23 18:25:48,154	[INFO]	Stop Steps: 100
2025-01-23 18:25:48,520	[DEBUG]	EXEC>  SUCCESS 2494158.3125
2025-01-23 18:25:48,520	[INFO]	7-3     SUCCESS               2494158.31 (63.82%) [1 edit(s)]  
2025-01-23 18:25:48,520	[DEBUG]	patch(7-3)="LineLLMCrossover(('source.cpp', 24), '#include <cstdio>\nusing namespace std;\n\nint t[10][10], u[10][10], ans[10][10], n, flg;\n\nint compute();\nvoid dfs(int);\nvoid change(int, int);\n\nint main() {\n    scanf("%d", &n);\n    while (n--) {\n        flg = 0;\n        for (int i = 0; i < 10; i++) {\n            for (int j = 0; j < 10; j++) {\n                scanf("%d", &t[i][j]);\n                ans[i][j] = 0;\n            }\n        }\n        dfs(0);\n    }\n    return 0;\n}\n\nvoid dfs(int x) {\n    if (x == 10) {\n        if (compute()) {\n            for (int i = 0; i < 10; i++) {\n                for (int j = 0; j < 10; j++) {\n                    if (j) printf(" ");\n                    printf("%d", ans[i][j]);\n                }\n                printf("\\n");\n            }\n        }\n        return;\n    }\n    ans[0][x] = 0;\n    dfs(x + 1);\n    ans[0][x] = 1;\n    dfs(x + 1);\n}\n\nint compute() {\n    for (int i = 0; i < 10; i++) {\n        for (int j = 0; j < 10; j++) {\n            u[i][j] = t[i][j];\n            if (i) ans[i][j] = 0;\n        }\n    }\n    for (int i = 0; i < 10; i++) {\n        if (ans[0][i]) change(0, i);\n    }\n    for (int i = 1; i < 10; i++) {\n        for (int j = 0; j < 10; j++) {\n            if (u[i - 1][j]) {\n                ans[i][j] = 1;\n                change(i, j);\n            }\n        }\n    }\n    for (int i = 0; i < 10; i++) {\n        if (u[9][i]) return 0;\n    }\n    return 1;\n}\n\nvoid change(int y, int x) {\n    u[y][x] = !u[y][x];\n    if (y > 0) u[y - 1][x] = !u[y - 1][x];\n    if (x > 0) u[y][x - 1] = !u[y][x - 1];\n    if (y < 9) u[y + 1][x] = !u[y + 1][x];\n    if (x < 9) u[y][x + 1] = !u[y][x + 1];\n}')"
2025-01-23 18:25:48,520	[INFO]	Step: 73
2025-01-23 18:25:48,520	[INFO]	Stop Steps: 100
2025-01-23 18:25:48,582	[INFO]	7-4     COMPILE_CODE_ERROR    None (--) [1 edit(s)]  
2025-01-23 18:25:48,582	[DEBUG]	patch(7-4)="LineLLMCrossover(('source.cpp', 25), '#include <cstdio>\nusing namespace std;\n\nint t[10][10], u[10][10], ans[10][10], n;\n\nint compute();\nvoid dfs(int);\n\nint main() {\n    scanf("%d", &n);\n    while (n--) {\n        for (int i = 0; i < 10; i++) {\n            for (int j = 0; j < 10; j++) {\n                scanf("%d", &t[i][j]);\n                ans[i][j] = 0;\n            }\n        }\n        dfs(0);\n    }\n    return 0;\n}\n\nvoid dfs(int x) {\n    if (x == 10) {\n        if (compute()) {\n            for (int i = 0; i < 10; i++) {\n                for (int j = 0; j < 10; j++) {\n                    if (j) printf(" ");\n                    printf("%d", ans[i][j]);\n                }\n                printf("\\n");\n            }\n        }\n        return;\n    }\n    ans[0][x] = 0;\n    dfs(x + 1);\n    ans[0][x] = 1;\n    dfs(x + 1);\n}\n\nint compute() {\n    int flg = 0;\n    for (int i = 0; i < 10; i++) {\n        for (int j = 0; j < 10; j++) {\n            u[i][j] = t[i][j];\n            if (i) ans[i][j] = 0;\n        }\n    }\n    for (int i = 0; i < 10; i++) {\n        if (ans[0][i]) {\n            u[0][i] = !u[0][i];\n            flg |= change(0, i);\n        }\n    }\n    for (int i = 1; i < 10; i++) {\n        for (int j = 0; j < 10; j++) {\n            if (u[i - 1][j]) {\n                ans[i][j] = 1;\n                change(i, j);\n            }\n        }\n    }\n    for (int i = 0; i < 10; i++) {\n        if (u[9][i]) return 0;\n    }\n    return 1;\n}\n\nint change(int y, int x) {\n    u[y][x] = !u[y][x];\n    if (y > 0) u[y - 1][x] = !u[y - 1][x];\n    if (x > 0) u[y][x - 1] = !u[y][x - 1];\n    if (y < 9) u[y + 1][x] = !u[y + 1][x];\n    if (x < 9) u[y][x + 1] = !u[y][x + 1];\n    return 1; // Indicating a change was made\n}')"
2025-01-23 18:25:48,582	[INFO]	Step: 74
2025-01-23 18:25:48,582	[INFO]	Stop Steps: 100
2025-01-23 18:25:48,644	[INFO]	7-5     COMPILE_CODE_ERROR    None (--) [1 edit(s)]  
2025-01-23 18:25:48,644	[DEBUG]	patch(7-5)="LineLLMCrossover(('source.cpp', 26), '#include <cstdio>\nusing namespace std;\n\nint t[10][10], u[10][10], ans[10][10], n;\n\nvoid dfs(int);\nint compute();\n\nint main() {\n    scanf("%d", &n);\n    while (n--) {\n        for (int i = 0; i < 10; i++) {\n            for (int j = 0; j < 10; j++) {\n                scanf("%d", &t[i][j]);\n                ans[i][j] = 0;\n            }\n        }\n        dfs(0);\n    }\n    return 0;\n}\n\nvoid dfs(int x) {\n    if (x == 10) {\n        if (compute()) {\n            for (int i = 0; i < 10; i++) {\n                for (int j = 0; j < 10; j++) {\n                    if (j) printf(" ");\n                    printf("%d", ans[i][j]);\n                }\n                printf("\\n");\n            }\n        }\n        return;\n    }\n    ans[0][x] = 0;\n    dfs(x + 1);\n    ans[0][x] = 1;\n    dfs(x + 1);\n}\n\nint compute() {\n    for (int i = 0; i < 10; i++) {\n        for (int j = 0; j < 10; j++) {\n            u[i][j] = t[i][j];\n            if (i) ans[i][j] = 0;\n        }\n    }\n    for (int i = 0; i < 10; i++) {\n        if (ans[0][i]) {\n            change(0, i);\n        }\n    }\n    for (int i = 1; i < 10; i++) {\n        for (int j = 0; j < 10; j++) {\n            if (u[i - 1][j]) {\n                ans[i][j] = 1;\n                change(i, j);\n            }\n        }\n    }\n    return !u[9][0]; // Return 1 if the last row is unchanged.\n}\n\nvoid change(int y, int x) {\n    u[y][x] = !u[y][x];\n    if (y > 0) u[y - 1][x] = !u[y - 1][x];\n    if (x > 0) u[y][x - 1] = !u[y][x - 1];\n    if (y < 9) u[y + 1][x] = !u[y + 1][x];\n    if (x < 9) u[y][x + 1] = !u[y][x + 1];\n}')"
2025-01-23 18:25:48,644	[INFO]	Step: 75
2025-01-23 18:25:48,644	[INFO]	Stop Steps: 100
2025-01-23 18:25:48,704	[INFO]	7-6     COMPILE_CODE_ERROR    None (--) [1 edit(s)]  
2025-01-23 18:25:48,705	[DEBUG]	patch(7-6)="LineLLMCrossover(('source.cpp', 27), '#include <cstdio>\nusing namespace std;\n\nint t[10][10], u[10][10], ans[10][10], n;\n\nvoid dfs(int);\nint compute();\n\nint main() {\n    scanf("%d", &n);\n    while (n--) {\n        for (int i = 0; i < 10; i++) {\n            for (int j = 0; j < 10; j++) {\n                scanf("%d", &t[i][j]);\n                ans[i][j] = 0;\n            }\n        }\n        dfs(0);\n    }\n    return 0;\n}\n\nvoid dfs(int x) {\n    if (x == 10) {\n        if (compute()) {\n            for (int i = 0; i < 10; i++) {\n                for (int j = 0; j < 10; j++) {\n                    if (j) printf(" ");\n                    printf("%d", ans[i][j]);\n                }\n                printf("\\n");\n            }\n        }\n        return;\n    }\n    ans[0][x] = 0;\n    dfs(x + 1);\n    ans[0][x] = 1;\n    dfs(x + 1);\n}\n\nint compute() {\n    for (int i = 0; i < 10; i++) {\n        for (int j = 0; j < 10; j++) {\n            u[i][j] = t[i][j];\n            if (i) ans[i][j] = 0;\n        }\n    }\n    for (int i = 0; i < 10; i++) {\n        if (ans[0][i]) {\n            change(0, i);\n        }\n    }\n    for (int i = 1; i < 10; i++) {\n        for (int j = 0; j < 10; j++) {\n            if (u[i - 1][j]) {\n                ans[i][j] = 1;\n                change(i, j);\n            }\n        }\n    }\n    return !u[9][0]; // Indicate if the last row is unchanged.\n}\n\nvoid change(int y, int x) {\n    u[y][x] = !u[y][x];\n    if (y > 0) u[y - 1][x] = !u[y - 1][x];\n    if (x > 0) u[y][x - 1] = !u[y][x - 1];\n    if (y < 9) u[y + 1][x] = !u[y + 1][x];\n    if (x < 9) u[y][x + 1] = !u[y][x + 1];\n}')"
2025-01-23 18:25:48,705	[INFO]	Step: 76
2025-01-23 18:25:48,705	[INFO]	Stop Steps: 100
2025-01-23 18:25:48,902	[INFO]	7-7     TEST_CODE_ERROR       None (--) [2 edit(s)]  
2025-01-23 18:25:48,902	[DEBUG]	patch(7-7)="LineLLMCrossover(('source.cpp', 13), '#include <cstdio>\nusing namespace std;\n\nint t[10][10], u[10][10], ans[10][10], n, flg;\n\nint compute();\nvoid dfs(int);\nvoid change(int, int);\n\nint main() {\n    scanf("%d", &n);\n    while (n--) {\n        flg = 0;\n        for (int i = 0; i < 10; i++) {\n            for (int j = 0; j < 10; j++) {\n                scanf("%d", &t[i][j]);\n                ans[i][j] = 0;\n            }\n        }\n        dfs(0);\n    }\n    return 0;\n}\n\nvoid dfs(int x) {\n    if (x == 10) {\n        if (compute()) {\n            for (int i = 0; i < 10; i++) {\n                for (int j = 0; j < 10; j++) {\n                    if (j) printf(" ");\n                    printf("%d", ans[i][j]);\n                }\n                printf("\\n");\n            }\n        }\n        return;\n    }\n    ans[0][x] = 0;\n    dfs(x + 1);\n    ans[0][x] = 1;\n    dfs(x + 1);\n}\n\nint compute() {\n    for (int i = 0; i < 10; i++) {\n        for (int j = 0; j < 10; j++) {\n            u[i][j] = t[i][j];\n            if (i) ans[i][j] = 0;\n        }\n    }\n    for (int i = 0; i < 10; i++) {\n        if (ans[0][i]) change(0, i);\n    }\n    for (int i = 1; i < 10; i++) {\n        for (int j = 0; j < 10; j++) {\n            if (u[i - 1][j]) {\n                ans[i][j] = 1;\n                change(i, j);\n            }\n        }\n    }\n    for (int i = 0; i < 10; i++) {\n        if (u[9][i]) return 0;\n    }\n    return 1;\n}\n\nvoid change(int y, int x) {\n    u[y][x] = !u[y][x];\n    if (y > 0) u[y - 1][x] = !u[y - 1][x];\n    if (x > 0) u[y][x - 1] = !u[y][x - 1];\n    if (y < 9) u[y + 1][x] = !u[y + 1][x];\n    if (x < 9) u[y][x + 1] = !u[y][x + 1];\n}') | LineLLMMutation(('source.cpp', 34), '#include <cstdio>\nusing namespace std;\n\nint t[10][10], u[10][10], ans[10][10], n, flg;\n\nint compute();\nvoid dfs(int);\nvoid change(int, int);\n\nint main() {\n    scanf("%d", &n);\n    while (n--) {\n        flg = 0;\n        for (int i = 0; i < 10; i++) {\n            for (int j = 0; j < 10; j++) {\n                scanf("%d", &t[i][j]);\n                ans[i][j] = 0;\n            }\n        }\n        dfs(0);\n    }\n    return 0;\n}\n\nvoid dfs(int x) {\n    if (x == 10) {\n        if (compute()) {\n            for (int i = 0; i < 10; i++) {\n                for (int j = 0; j < 10; j++) {\n                    if (j) printf(" ");\n                    printf("%d", ans[i][j]);\n                }\n                printf("\\n");\n            }\n        }\n        return;\n    }\n    ans[0][x] = 0;\n    dfs(x + 1);\n    ans[0][x] = 1;\n    dfs(x + 1);\n}\n\nint compute() {\n    for (int i = 0; i < 10; i++) {\n        for (int j = 0; j < 10; j++) {\n            u[i][j] = t[i][j];\n        }\n        ans[i][0] = 0; // Initializing ans[i][0] once per row\n    }\n    for (int i = 0; i < 10; i++) {\n        if (ans[0][i]) change(0, i);\n    }\n    for (int i = 1; i < 10; i++) {\n        for (int j = 0; j < 10; j++) {\n            if (u[i - 1][j]) {\n                ans[i][j] = 1;\n                change(i, j);\n            }\n        }\n    }\n    for (int i = 0; i < 10; i++) {\n        if (u[9][i]) return 0;\n    }\n    return 1;\n}\n\nvoid change(int y, int x) {\n    u[y][x] = !u[y][x];\n    if (y > 0) u[y - 1][x] = !u[y - 1][x];\n    if (x > 0) u[y][x - 1] = !u[y][x - 1];\n    if (y < 9) u[y + 1][x] = !u[y + 1][x];\n    if (x < 9) u[y][x + 1] = !u[y][x + 1];\n}')"
2025-01-23 18:25:48,902	[INFO]	Step: 77
2025-01-23 18:25:48,902	[INFO]	Stop Steps: 100
2025-01-23 18:25:49,112	[INFO]	7-8     TEST_CODE_ERROR       None (--) [2 edit(s)]  
2025-01-23 18:25:49,112	[DEBUG]	patch(7-8)="LineLLMCrossover(('source.cpp', 20), '#include <cstdio>\nusing namespace std;\n\nstatic int t[10][10], u[10][10], ans[10][10], n, flg;\n\nint compute();\nvoid dfs(int);\nvoid change(int, int);\n\nint main() {\n    scanf("%d", &n);\n    while (n--) {\n        flg = 0;\n        for (int i = 0; i < 10; i++) {\n            for (int j = 0; j < 10; j++) {\n                scanf("%d", &t[i][j]);\n                ans[i][j] = 0;\n            }\n        }\n        dfs(0);\n    }\n    return 0;\n}\n\nvoid dfs(int x) {\n    if (x == 10) {\n        if (compute()) {\n            for (int i = 0; i < 10; i++) {\n                for (int j = 0; j < 10; j++) {\n                    if (j) printf(" ");\n                    printf("%d", ans[i][j]);\n                }\n                printf("\\n");\n            }\n        }\n        return;\n    }\n    ans[0][x] = 0;\n    dfs(x + 1);\n    ans[0][x] = 1;\n    dfs(x + 1);\n}\n\nint compute() {\n    for (int i = 0; i < 10; i++) {\n        for (int j = 0; j < 10; j++) {\n            u[i][j] = t[i][j];\n            if (i) ans[i][j] = 0;\n        }\n    }\n    for (int i = 0; i < 10; i++) {\n        if (ans[0][i]) change(0, i);\n    }\n    for (int i = 1; i < 10; i++) {\n        for (int j = 0; j < 10; j++) {\n            if (u[i - 1][j]) {\n                ans[i][j] = 1;\n                change(i, j);\n            }\n        }\n    }\n    for (int i = 0; i < 10; i++) {\n        if (u[9][i]) return 0;\n    }\n    return 1;\n}\n\nvoid change(int y, int x) {\n    u[y][x] = !u[y][x];\n    if (y > 0) u[y - 1][x] = !u[y - 1][x];\n    if (x > 0) u[y][x - 1] = !u[y][x - 1];\n    if (y < 9) u[y + 1][x] = !u[y + 1][x];\n    if (x < 9) u[y][x + 1] = !u[y][x + 1];\n}') | LineLLMMutation(('source.cpp', 35), '#include <cstdio>\nusing namespace std;\n\nstatic int t[10][10], u[10][10], ans[10][10], n, flg;\n\nint compute();\nvoid dfs(int);\nvoid change(int, int);\n\nint main() {\n    scanf("%d", &n);\n    while (n--) {\n        flg = 0;\n        for (int i = 0; i < 10; i++) {\n            for (int j = 0; j < 10; j++) {\n                scanf("%d", &t[i][j]);\n                ans[i][j] = 0;\n            }\n        }\n        dfs(0);\n    }\n    return 0;\n}\n\nvoid dfs(int x) {\n    if (x == 10) {\n        if (compute()) {\n            for (int i = 0; i < 10; i++) {\n                for (int j = 0; j < 10; j++) {\n                    if (j) printf(" ");\n                    printf("%d", ans[i][j]);\n                }\n                printf("\\n");\n            }\n        }\n        return;\n    }\n    ans[0][x] = 0;\n    dfs(x + 1);\n    ans[0][x] = 1;\n    dfs(x + 1);\n}\n\nint compute() {\n    int row_flag[10] = {0};  // Track if any cell in the previous row has been activated\n    for (int i = 0; i < 10; i++) {\n        row_flag[i] = 0;  // Reset row flag for this iteration\n        for (int j = 0; j < 10; j++) {\n            u[i][j] = t[i][j];\n            if (i > 0 && ans[i-1][j]) row_flag[i] = 1;  // If previous row has been activated\n        }\n    }\n    \n    for (int j = 0; j < 10; j++) {\n        if (ans[0][j]) change(0, j);\n    }\n    \n    for (int i = 1; i < 10; i++) {\n        if (row_flag[i]) {  // Only check if the previous row has been activated\n            for (int j = 0; j < 10; j++) {\n                ans[i][j] = 1;\n                change(i, j);\n            }\n        }\n    }\n    \n    for (int i = 0; i < 10; i++) {\n        if (u[9][i]) return 0;\n    }\n    return 1;\n}\n\nvoid change(int y, int x) {\n    u[y][x] = !u[y][x];\n    if (y > 0) u[y - 1][x] = !u[y - 1][x];\n    if (x > 0) u[y][x - 1] = !u[y][x - 1];\n    if (y < 9) u[y + 1][x] = !u[y + 1][x];\n    if (x < 9) u[y][x + 1] = !u[y][x + 1];\n}')"
2025-01-23 18:25:49,112	[INFO]	Step: 78
2025-01-23 18:25:49,112	[INFO]	Stop Steps: 100
2025-01-23 18:25:49,465	[DEBUG]	EXEC>  SUCCESS 970750.1875
2025-01-23 18:25:49,466	[INFO]	7-9     SUCCESS              *970750.19 (24.84%) [2 edit(s)]  
2025-01-23 18:25:49,466	[DEBUG]	patch(7-9)="LineLLMCrossover(('source.cpp', 22), '#include <cstdio>\nusing namespace std;\n\nint t[10][10], u[10][10], ans[10][10], n, flg;\n\nint compute();\nvoid dfs(int);\nvoid change(int, int);\n\nint main() {\n    scanf("%d", &n);\n    while (n--) {\n        flg = 0;\n        for (int i = 0; i < 10; i++) {\n            for (int j = 0; j < 10; j++) {\n                scanf("%d", &t[i][j]);\n                ans[i][j] = 0;\n            }\n        }\n        dfs(0);\n    }\n    return 0;\n}\n\nvoid dfs(int x) {\n    if (x == 10) {\n        if (compute()) {\n            for (int i = 0; i < 10; i++) {\n                for (int j = 0; j < 10; j++) {\n                    if (j) printf(" ");\n                    printf("%d", ans[i][j]);\n                }\n                printf("\\n");\n            }\n        }\n        return;\n    }\n    ans[0][x] = 0;\n    dfs(x + 1);\n    ans[0][x] = 1;\n    dfs(x + 1);\n}\n\nint compute() {\n    for (int i = 0; i < 10; i++) {\n        for (int j = 0; j < 10; j++) {\n            u[i][j] = t[i][j];\n            if (i) ans[i][j] = 0;\n        }\n    }\n    for (int i = 0; i < 10; i++) {\n        if (ans[0][i]) change(0, i);\n    }\n    for (int i = 1; i < 10; i++) {\n        for (int j = 0; j < 10; j++) {\n            if (u[i - 1][j]) {\n                ans[i][j] = 1;\n                change(i, j);\n            }\n        }\n    }\n    for (int i = 0; i < 10; i++) {\n        if (u[9][i]) return 0;\n    }\n    return 1;\n}\n\nvoid change(int y, int x) {\n    u[y][x] = !u[y][x];\n    if (y > 0) u[y - 1][x] = !u[y - 1][x];\n    if (x > 0) u[y][x - 1] = !u[y][x - 1];\n    if (y < 9) u[y + 1][x] = !u[y + 1][x];\n    if (x < 9) u[y][x + 1] = !u[y][x + 1];\n}') | LineLLMMutation(('source.cpp', 36), '#include <cstdio>\nusing namespace std;\n\nint t[10][10], u[10][10], ans[10][10], n, flg;\n\nint compute();\nvoid change(int, int);\n\nint main() {\n    scanf("%d", &n);\n    while (n--) {\n        flg = 0;\n        for (int i = 0; i < 10; i++) {\n            for (int j = 0; j < 10; j++) {\n                scanf("%d", &t[i][j]);\n                ans[i][j] = 0;\n            }\n        }\n        for (int mask = 0; mask < (1 << 10); ++mask) {\n            for (int i = 0; i < 10; ++i) {\n                ans[0][i] = (mask & (1 << i)) ? 1 : 0;\n            }\n            if (compute()) {\n                for (int i = 0; i < 10; i++) {\n                    for (int j = 0; j < 10; j++) {\n                        if (j) printf(" ");\n                        printf("%d", ans[i][j]);\n                    }\n                    printf("\\n");\n                }\n                break;\n            }\n        }\n    }\n    return 0;\n}\n\nint compute() {\n    for (int i = 0; i < 10; i++) {\n        for (int j = 0; j < 10; j++) {\n            u[i][j] = t[i][j];\n            if (i) ans[i][j] = 0;\n        }\n    }\n    for (int i = 0; i < 10; i++) {\n        if (ans[0][i]) change(0, i);\n    }\n    for (int i = 1; i < 10; i++) {\n        for (int j = 0; j < 10; j++) {\n            if (u[i - 1][j]) {\n                ans[i][j] = 1;\n                change(i, j);\n            }\n        }\n    }\n    for (int i = 0; i < 10; i++) {\n        if (u[9][i]) return 0;\n    }\n    return 1;\n}\n\nvoid change(int y, int x) {\n    u[y][x] = !u[y][x];\n    if (y > 0) u[y - 1][x] = !u[y - 1][x];\n    if (x > 0) u[y][x - 1] = !u[y][x - 1];\n    if (y < 9) u[y + 1][x] = !u[y + 1][x];\n    if (x < 9) u[y][x + 1] = !u[y][x + 1];\n}')"

2025-01-23 18:25:49,466	[INFO]	Step: 79
2025-01-23 18:25:49,466	[INFO]	Stop Steps: 100
2025-01-23 18:25:49,674	[INFO]	7-10    TEST_CODE_ERROR       None (--) [2 edit(s)]  
2025-01-23 18:25:49,674	[DEBUG]	patch(7-10)="LineLLMCrossover(('source.cpp', 23), '#include <cstdio>\nusing namespace std;\n\nint t[10][10], u[10][10], ans[10][10], n, flg;\n\nint compute();\nvoid dfs(int);\nvoid change(int, int);\n\nint main() {\n    scanf("%d", &n);\n    while (n--) {\n        flg = 0;\n        for (int i = 0; i < 10; i++) {\n            for (int j = 0; j < 10; j++) {\n                scanf("%d", &t[i][j]);\n                ans[i][j] = 0;\n            }\n        }\n        dfs(0);\n    }\n    return 0;\n}\n\nvoid dfs(int x) {\n    if (x == 10) {\n        if (compute()) {\n            for (int i = 0; i < 10; i++) {\n                for (int j = 0; j < 10; j++) {\n                    if (j) printf(" ");\n                    printf("%d", ans[i][j]);\n                }\n                printf("\\n");\n            }\n        }\n        return;\n    }\n    ans[0][x] = 0;\n    dfs(x + 1);\n    ans[0][x] = 1;\n    dfs(x + 1);\n}\n\nint compute() {\n    for (int i = 0; i < 10; i++) {\n        for (int j = 0; j < 10; j++) {\n            u[i][j] = t[i][j];\n            if (i) ans[i][j] = 0;\n        }\n    }\n    for (int i = 0; i < 10; i++) {\n        if (ans[0][i]) change(0, i);\n    }\n    for (int i = 1; i < 10; i++) {\n        for (int j = 0; j < 10; j++) {\n            if (u[i - 1][j]) {\n                ans[i][j] = 1;\n                change(i, j);\n            }\n        }\n    }\n    for (int i = 0; i < 10; i++) {\n        if (u[9][i]) return 0;\n    }\n    return 1;\n}\n\nvoid change(int y, int x) {\n    u[y][x] = !u[y][x];\n    if (y > 0) u[y - 1][x] = !u[y - 1][x];\n    if (x > 0) u[y][x - 1] = !u[y][x - 1];\n    if (y < 9) u[y + 1][x] = !u[y + 1][x];\n    if (x < 9) u[y][x + 1] = !u[y][x + 1];\n}') | LineLLMMutation(('source.cpp', 37), '#include <cstdio>\nusing namespace std;\n\nint t[10][10], u[10][10], ans[10][10], n, flg;\n\nint compute();\nvoid dfs(int);\nvoid change(int, int);\n\nint main() {\n    scanf("%d", &n);\n    while (n--) {\n        flg = 0;\n        for (int i = 0; i < 10; i++) {\n            for (int j = 0; j < 10; j++) {\n                scanf("%d", &t[i][j]);\n                ans[i][j] = 0;\n            }\n        }\n        dfs(0);\n    }\n    return 0;\n}\n\nvoid dfs(int x) {\n    if (x == 10) {\n        if (compute()) {\n            for (int i = 0; i < 10; i++) {\n                for (int j = 0; j < 10; j++) {\n                    if (j) printf(" ");\n                    printf("%d", ans[i][j]);\n                }\n                printf("\\n");\n            }\n        }\n        return;\n    }\n    ans[0][x] = 0;\n    dfs(x + 1);\n    ans[0][x] = 1;\n    dfs(x + 1);\n}\n\nint compute() {\n    for (int i = 0; i < 10; i++) {\n        for (int j = 0; j < 10; j++) {\n            u[i][j] = t[i][j];\n            ans[i][j] = (i == 0) ? 0 : ans[i][j]; // Initialize only based on the first row\n        }\n    }\n    for (int i = 0; i < 10; i++) {\n        if (ans[0][i]) change(0, i);\n    }\n    for (int i = 1; i < 10; i++) {\n        for (int j = 0; j < 10; j++) {\n            if (u[i - 1][j]) {\n                ans[i][j] = 1;\n                change(i, j);\n            }\n        }\n    }\n    return !u[9][0] || !u[9][1] || !u[9][2] || !u[9][3] || !u[9][4] || \n           !u[9][5] || !u[9][6] || !u[9][7] || !u[9][8] || !u[9][9]; // Check for entire last row\n}\n\nvoid change(int y, int x) {\n    u[y][x] = !u[y][x];\n    if (y > 0) u[y - 1][x] = !u[y - 1][x];\n    if (x > 0) u[y][x - 1] = !u[y][x - 1];\n    if (y < 9) u[y + 1][x] = !u[y + 1][x];\n    if (x < 9) u[y][x + 1] = !u[y][x + 1];\n}')"
2025-01-23 18:25:49,674	[INFO]	Step: 80
2025-01-23 18:25:49,674	[INFO]	Stop Steps: 100
2025-01-23 18:25:51,248	[DEBUG]	EXEC>  SUCCESS 3960451.3125
2025-01-23 18:25:51,248	[INFO]	REF     SUCCESS               3960451.31 (--) [0 edit(s)]  
2025-01-23 18:25:51,248	[INFO]	Best patch: 22_36
2025-01-23 18:25:51,599	[DEBUG]	EXEC>  SUCCESS 962142.8125
2025-01-23 18:25:51,599	[INFO]	BEST    SUCCESS              *962142.81 (24.29%) [0 edit(s)]  
2025-01-23 18:25:51,599	[INFO]	Best patch step: 78
2025-01-23 18:27:49,947	[INFO]	Step: 80
2025-01-23 18:27:49,947	[INFO]	Stop Steps: 100
2025-01-23 18:27:50,422	[DEBUG]	EXEC>  SUCCESS 971938.875
2025-01-23 18:27:50,423	[INFO]	8-1     SUCCESS              +971938.88 (24.54%) [2 edit(s)]  
2025-01-23 18:27:50,423	[DEBUG]	patch(8-1)="LineLLMCrossover(('source.cpp', 22), '#include <cstdio>\nusing namespace std;\n\nint t[10][10], u[10][10], ans[10][10], n, flg;\n\nint compute();\nvoid dfs(int);\nvoid change(int, int);\n\nint main() {\n    scanf("%d", &n);\n    while (n--) {\n        flg = 0;\n        for (int i = 0; i < 10; i++) {\n            for (int j = 0; j < 10; j++) {\n                scanf("%d", &t[i][j]);\n                ans[i][j] = 0;\n            }\n        }\n        dfs(0);\n    }\n    return 0;\n}\n\nvoid dfs(int x) {\n    if (x == 10) {\n        if (compute()) {\n            for (int i = 0; i < 10; i++) {\n                for (int j = 0; j < 10; j++) {\n                    if (j) printf(" ");\n                    printf("%d", ans[i][j]);\n                }\n                printf("\\n");\n            }\n        }\n        return;\n    }\n    ans[0][x] = 0;\n    dfs(x + 1);\n    ans[0][x] = 1;\n    dfs(x + 1);\n}\n\nint compute() {\n    for (int i = 0; i < 10; i++) {\n        for (int j = 0; j < 10; j++) {\n            u[i][j] = t[i][j];\n            if (i) ans[i][j] = 0;\n        }\n    }\n    for (int i = 0; i < 10; i++) {\n        if (ans[0][i]) change(0, i);\n    }\n    for (int i = 1; i < 10; i++) {\n        for (int j = 0; j < 10; j++) {\n            if (u[i - 1][j]) {\n                ans[i][j] = 1;\n                change(i, j);\n            }\n        }\n    }\n    for (int i = 0; i < 10; i++) {\n        if (u[9][i]) return 0;\n    }\n    return 1;\n}\n\nvoid change(int y, int x) {\n    u[y][x] = !u[y][x];\n    if (y > 0) u[y - 1][x] = !u[y - 1][x];\n    if (x > 0) u[y][x - 1] = !u[y][x - 1];\n    if (y < 9) u[y + 1][x] = !u[y + 1][x];\n    if (x < 9) u[y][x + 1] = !u[y][x + 1];\n}') | LineLLMMutation(('source.cpp', 36), '#include <cstdio>\nusing namespace std;\n\nint t[10][10], u[10][10], ans[10][10], n, flg;\n\nint compute();\nvoid change(int, int);\n\nint main() {\n    scanf("%d", &n);\n    while (n--) {\n        flg = 0;\n        for (int i = 0; i < 10; i++) {\n            for (int j = 0; j < 10; j++) {\n                scanf("%d", &t[i][j]);\n                ans[i][j] = 0;\n            }\n        }\n        for (int mask = 0; mask < (1 << 10); ++mask) {\n            for (int i = 0; i < 10; ++i) {\n                ans[0][i] = (mask & (1 << i)) ? 1 : 0;\n            }\n            if (compute()) {\n                for (int i = 0; i < 10; i++) {\n                    for (int j = 0; j < 10; j++) {\n                        if (j) printf(" ");\n                        printf("%d", ans[i][j]);\n                    }\n                    printf("\\n");\n                }\n                break;\n            }\n        }\n    }\n    return 0;\n}\n\nint compute() {\n    for (int i = 0; i < 10; i++) {\n        for (int j = 0; j < 10; j++) {\n            u[i][j] = t[i][j];\n            if (i) ans[i][j] = 0;\n        }\n    }\n    for (int i = 0; i < 10; i++) {\n        if (ans[0][i]) change(0, i);\n    }\n    for (int i = 1; i < 10; i++) {\n        for (int j = 0; j < 10; j++) {\n            if (u[i - 1][j]) {\n                ans[i][j] = 1;\n                change(i, j);\n            }\n        }\n    }\n    for (int i = 0; i < 10; i++) {\n        if (u[9][i]) return 0;\n    }\n    return 1;\n}\n\nvoid change(int y, int x) {\n    u[y][x] = !u[y][x];\n    if (y > 0) u[y - 1][x] = !u[y - 1][x];\n    if (x > 0) u[y][x - 1] = !u[y][x - 1];\n    if (y < 9) u[y + 1][x] = !u[y + 1][x];\n    if (x < 9) u[y][x + 1] = !u[y][x + 1];\n}')"
2025-01-23 18:27:50,423	[INFO]	Step: 81
2025-01-23 18:27:50,423	[INFO]	Stop Steps: 100
2025-01-23 18:27:50,787	[DEBUG]	EXEC>  SUCCESS 2455046.25
2025-01-23 18:27:50,787	[INFO]	8-2     SUCCESS               2455046.25 (61.99%) [1 edit(s)]  
2025-01-23 18:27:50,787	[DEBUG]	patch(8-2)="LineLLMCrossover(('source.cpp', 13), '#include <cstdio>\nusing namespace std;\n\nint t[10][10], u[10][10], ans[10][10], n, flg;\n\nint compute();\nvoid dfs(int);\nvoid change(int, int);\n\nint main() {\n    scanf("%d", &n);\n    while (n--) {\n        flg = 0;\n        for (int i = 0; i < 10; i++) {\n            for (int j = 0; j < 10; j++) {\n                scanf("%d", &t[i][j]);\n                ans[i][j] = 0;\n            }\n        }\n        dfs(0);\n    }\n    return 0;\n}\n\nvoid dfs(int x) {\n    if (x == 10) {\n        if (compute()) {\n            for (int i = 0; i < 10; i++) {\n                for (int j = 0; j < 10; j++) {\n                    if (j) printf(" ");\n                    printf("%d", ans[i][j]);\n                }\n                printf("\\n");\n            }\n        }\n        return;\n    }\n    ans[0][x] = 0;\n    dfs(x + 1);\n    ans[0][x] = 1;\n    dfs(x + 1);\n}\n\nint compute() {\n    for (int i = 0; i < 10; i++) {\n        for (int j = 0; j < 10; j++) {\n            u[i][j] = t[i][j];\n            if (i) ans[i][j] = 0;\n        }\n    }\n    for (int i = 0; i < 10; i++) {\n        if (ans[0][i]) change(0, i);\n    }\n    for (int i = 1; i < 10; i++) {\n        for (int j = 0; j < 10; j++) {\n            if (u[i - 1][j]) {\n                ans[i][j] = 1;\n                change(i, j);\n            }\n        }\n    }\n    for (int i = 0; i < 10; i++) {\n        if (u[9][i]) return 0;\n    }\n    return 1;\n}\n\nvoid change(int y, int x) {\n    u[y][x] = !u[y][x];\n    if (y > 0) u[y - 1][x] = !u[y - 1][x];\n    if (x > 0) u[y][x - 1] = !u[y][x - 1];\n    if (y < 9) u[y + 1][x] = !u[y + 1][x];\n    if (x < 9) u[y][x + 1] = !u[y][x + 1];\n}')"
2025-01-23 18:27:50,787	[INFO]	Step: 82
2025-01-23 18:27:50,787	[INFO]	Stop Steps: 100
2025-01-23 18:27:51,155	[DEBUG]	EXEC>  SUCCESS 2493407.375
2025-01-23 18:27:51,155	[INFO]	8-3     SUCCESS               2493407.38 (62.96%) [1 edit(s)]  
2025-01-23 18:27:51,155	[DEBUG]	patch(8-3)="LineLLMCrossover(('source.cpp', 28), '#include <cstdio>\nusing namespace std;\n\nint t[10][10], u[10][10], ans[10][10], n, flg;\n\nint compute();\nvoid change(int, int);\nvoid dfs(int);\n\nint main() {\n    scanf("%d", &n);\n    while (n--) {\n        flg = 0;\n        for (int i = 0; i < 10; i++) {\n            for (int j = 0; j < 10; j++) {\n                scanf("%d", &t[i][j]);\n                ans[i][j] = 0;\n            }\n        }\n        dfs(0);\n    }\n    return 0;\n}\n\nvoid dfs(int x) {\n    if (x == 10) {\n        if (compute()) {\n            for (int i = 0; i < 10; i++) {\n                for (int j = 0; j < 10; j++) {\n                    if (j) printf(" ");\n                    printf("%d", ans[i][j]);\n                }\n                printf("\\n");\n            }\n        }\n        return;\n    }\n    ans[0][x] = 0;\n    dfs(x + 1);\n    ans[0][x] = 1;\n    dfs(x + 1);\n}\n\nint compute() {\n    for (int i = 0; i < 10; i++) {\n        for (int j = 0; j < 10; j++) {\n            u[i][j] = t[i][j];\n            if (i) ans[i][j] = 0;\n        }\n    }\n    for (int i = 0; i < 10; i++) {\n        if (ans[0][i]) change(0, i);\n    }\n    for (int i = 1; i < 10; i++) {\n        for (int j = 0; j < 10; j++) {\n            if (u[i - 1][j]) {\n                ans[i][j] = 1;\n                change(i, j);\n            }\n        }\n    }\n    for (int i = 0; i < 10; i++) {\n        if (u[9][i]) return 0;\n    }\n    return 1;\n}\n\nvoid change(int y, int x) {\n    u[y][x] = !u[y][x];\n    if (y > 0) u[y - 1][x] = !u[y - 1][x];\n    if (x > 0) u[y][x - 1] = !u[y][x - 1];\n    if (y < 9) u[y + 1][x] = !u[y + 1][x];\n    if (x < 9) u[y][x + 1] = !u[y][x + 1];\n}')"
2025-01-23 18:27:51,155	[INFO]	Step: 83
2025-01-23 18:27:51,155	[INFO]	Stop Steps: 100
2025-01-23 18:27:51,509	[DEBUG]	EXEC>  SUCCESS 965122.75
2025-01-23 18:27:51,509	[INFO]	8-4     SUCCESS              +965122.75 (24.37%) [1 edit(s)]  
2025-01-23 18:27:51,510	[DEBUG]	patch(8-4)="LineLLMCrossover(('source.cpp', 29), '#include <cstdio>\nusing namespace std;\n\nint t[10][10], u[10][10], ans[10][10], n, flg;\n\nint compute();\nvoid change(int, int);\n\nint main() {\n    scanf("%d", &n);\n    while (n--) {\n        flg = 0;\n        for (int i = 0; i < 10; i++) {\n            for (int j = 0; j < 10; j++) {\n                scanf("%d", &t[i][j]);\n                ans[i][j] = 0;\n            }\n        }\n        for (int mask = 0; mask < (1 << 10); ++mask) {\n            for (int i = 0; i < 10; ++i) {\n                ans[0][i] = (mask & (1 << i)) ? 1 : 0;\n            }\n            if (compute()) {\n                for (int i = 0; i < 10; i++) {\n                    for (int j = 0; j < 10; j++) {\n                        if (j) printf(" ");\n                        printf("%d", ans[i][j]);\n                    }\n                    printf("\\n");\n                }\n                break;\n            }\n        }\n    }\n    return 0;\n}\n\nint compute() {\n    for (int i = 0; i < 10; i++) {\n        for (int j = 0; j < 10; j++) {\n            u[i][j] = t[i][j];\n            if (i) ans[i][j] = 0;\n        }\n    }\n    for (int i = 0; i < 10; i++) {\n        if (ans[0][i]) change(0, i);\n    }\n    for (int i = 1; i < 10; i++) {\n        for (int j = 0; j < 10; j++) {\n            if (u[i - 1][j]) {\n                ans[i][j] = 1;\n                change(i, j);\n            }\n        }\n    }\n    for (int i = 0; i < 10; i++) {\n        if (u[9][i]) return 0;\n    }\n    return 1;\n}\n\nvoid change(int y, int x) {\n    u[y][x] = !u[y][x];\n    if (y > 0) u[y - 1][x] = !u[y - 1][x];\n    if (x > 0) u[y][x - 1] = !u[y][x - 1];\n    if (y < 9) u[y + 1][x] = !u[y + 1][x];\n    if (x < 9) u[y][x + 1] = !u[y][x + 1];\n}')"
2025-01-23 18:27:51,510	[INFO]	Step: 84
2025-01-23 18:27:51,510	[INFO]	Stop Steps: 100
2025-01-23 18:27:51,877	[DEBUG]	EXEC>  SUCCESS 2464747.9375
2025-01-23 18:27:51,877	[INFO]	8-5     SUCCESS               2464747.94 (62.23%) [1 edit(s)]  
2025-01-23 18:27:51,877	[DEBUG]	patch(8-5)="LineLLMCrossover(('source.cpp', 30), '#include <cstdio>\nusing namespace std;\n\nstatic int t[10][10], u[10][10], ans[10][10], n, flg;\n\nint compute();\nvoid dfs(int);\nvoid change(int, int);\n\nint main() {\n    scanf("%d", &n);\n    while (n--) {\n        flg = 0;\n        for (int i = 0; i < 10; i++) {\n            for (int j = 0; j < 10; j++) {\n                scanf("%d", &t[i][j]);\n                ans[i][j] = 0;\n            }\n        }\n        dfs(0);\n    }\n    return 0;\n}\n\nvoid dfs(int x) {\n    if (x == 10) {\n        if (compute()) {\n            for (int i = 0; i < 10; i++) {\n                for (int j = 0; j < 10; j++) {\n                    if (j) printf(" ");\n                    printf("%d", ans[i][j]);\n                }\n                printf("\\n");\n            }\n        }\n        return;\n    }\n    ans[0][x] = 0;\n    dfs(x + 1);\n    ans[0][x] = 1;\n    dfs(x + 1);\n}\n\nint compute() {\n    for (int i = 0; i < 10; i++) {\n        for (int j = 0; j < 10; j++) {\n            u[i][j] = t[i][j];\n            if (i) ans[i][j] = 0;\n        }\n    }\n    for (int i = 0; i < 10; i++) {\n        if (ans[0][i]) change(0, i);\n    }\n    for (int i = 1; i < 10; i++) {\n        for (int j = 0; j < 10; j++) {\n            if (u[i - 1][j]) {\n                ans[i][j] = 1;\n                change(i, j);\n            }\n        }\n    }\n    for (int i = 0; i < 10; i++) {\n        if (u[9][i]) return 0;\n    }\n    return 1;\n}\n\nvoid change(int y, int x) {\n    u[y][x] = !u[y][x];\n    if (y > 0) u[y - 1][x] = !u[y - 1][x];\n    if (x > 0) u[y][x - 1] = !u[y][x - 1];\n    if (y < 9) u[y + 1][x] = !u[y + 1][x];\n    if (x < 9) u[y][x + 1] = !u[y][x + 1];\n}')"
2025-01-23 18:27:51,878	[INFO]	Step: 85
2025-01-23 18:27:51,878	[INFO]	Stop Steps: 100
2025-01-23 18:27:52,227	[DEBUG]	EXEC>  SUCCESS 969956.875
2025-01-23 18:27:52,227	[INFO]	8-6     SUCCESS               969956.88 (24.49%) [1 edit(s)]  
2025-01-23 18:27:52,227	[DEBUG]	patch(8-6)="LineLLMCrossover(('source.cpp', 31), '#include <cstdio>\nusing namespace std;\n\nint t[10][10], u[10][10], ans[10][10], n, flg;\n\nint compute();\nvoid change(int, int);\n\nint main() {\n    scanf("%d", &n);\n    while (n--) {\n        flg = 0;\n        for (int i = 0; i < 10; i++) {\n            for (int j = 0; j < 10; j++) {\n                scanf("%d", &t[i][j]);\n                ans[i][j] = 0;\n            }\n        }\n        for (int mask = 0; mask < (1 << 10); ++mask) {\n            for (int i = 0; i < 10; ++i) {\n                ans[0][i] = (mask & (1 << i)) ? 1 : 0;\n            }\n            if (compute()) {\n                for (int i = 0; i < 10; i++) {\n                    for (int j = 0; j < 10; j++) {\n                        if (j) printf(" ");\n                        printf("%d", ans[i][j]);\n                    }\n                    printf("\\n");\n                }\n                break;\n            }\n        }\n    }\n    return 0;\n}\n\nint compute() {\n    for (int i = 0; i < 10; i++) {\n        for (int j = 0; j < 10; j++) {\n            u[i][j] = t[i][j];\n            if (i) ans[i][j] = 0;\n        }\n    }\n    for (int i = 0; i < 10; i++) {\n        if (ans[0][i]) change(0, i);\n    }\n    for (int i = 1; i < 10; i++) {\n        for (int j = 0; j < 10; j++) {\n            if (u[i - 1][j]) {\n                ans[i][j] = 1;\n                change(i, j);\n            }\n        }\n    }\n    for (int i = 0; i < 10; i++) {\n        if (u[9][i]) return 0;\n    }\n    return 1;\n}\n\nvoid change(int y, int x) {\n    u[y][x] = !u[y][x];\n    if (y > 0) u[y - 1][x] = !u[y - 1][x];\n    if (x > 0) u[y][x - 1] = !u[y][x - 1];\n    if (y < 9) u[y + 1][x] = !u[y + 1][x];\n    if (x < 9) u[y][x + 1] = !u[y][x + 1];\n}')"
2025-01-23 18:27:52,228	[INFO]	Step: 86
2025-01-23 18:27:52,228	[INFO]	Stop Steps: 100
2025-01-23 18:27:52,587	[DEBUG]	EXEC>  SUCCESS 966278.5
2025-01-23 18:27:52,587	[INFO]	8-7     SUCCESS               966278.50 (24.40%) [3 edit(s)]  
2025-01-23 18:27:52,587	[DEBUG]	patch(8-7)="LineLLMCrossover(('source.cpp', 22), '#include <cstdio>\nusing namespace std;\n\nint t[10][10], u[10][10], ans[10][10], n, flg;\n\nint compute();\nvoid dfs(int);\nvoid change(int, int);\n\nint main() {\n    scanf("%d", &n);\n    while (n--) {\n        flg = 0;\n        for (int i = 0; i < 10; i++) {\n            for (int j = 0; j < 10; j++) {\n                scanf("%d", &t[i][j]);\n                ans[i][j] = 0;\n            }\n        }\n        dfs(0);\n    }\n    return 0;\n}\n\nvoid dfs(int x) {\n    if (x == 10) {\n        if (compute()) {\n            for (int i = 0; i < 10; i++) {\n                for (int j = 0; j < 10; j++) {\n                    if (j) printf(" ");\n                    printf("%d", ans[i][j]);\n                }\n                printf("\\n");\n            }\n        }\n        return;\n    }\n    ans[0][x] = 0;\n    dfs(x + 1);\n    ans[0][x] = 1;\n    dfs(x + 1);\n}\n\nint compute() {\n    for (int i = 0; i < 10; i++) {\n        for (int j = 0; j < 10; j++) {\n            u[i][j] = t[i][j];\n            if (i) ans[i][j] = 0;\n        }\n    }\n    for (int i = 0; i < 10; i++) {\n        if (ans[0][i]) change(0, i);\n    }\n    for (int i = 1; i < 10; i++) {\n        for (int j = 0; j < 10; j++) {\n            if (u[i - 1][j]) {\n                ans[i][j] = 1;\n                change(i, j);\n            }\n        }\n    }\n    for (int i = 0; i < 10; i++) {\n        if (u[9][i]) return 0;\n    }\n    return 1;\n}\n\nvoid change(int y, int x) {\n    u[y][x] = !u[y][x];\n    if (y > 0) u[y - 1][x] = !u[y - 1][x];\n    if (x > 0) u[y][x - 1] = !u[y][x - 1];\n    if (y < 9) u[y + 1][x] = !u[y + 1][x];\n    if (x < 9) u[y][x + 1] = !u[y][x + 1];\n}') | LineLLMMutation(('source.cpp', 36), '#include <cstdio>\nusing namespace std;\n\nint t[10][10], u[10][10], ans[10][10], n, flg;\n\nint compute();\nvoid change(int, int);\n\nint main() {\n    scanf("%d", &n);\n    while (n--) {\n        flg = 0;\n        for (int i = 0; i < 10; i++) {\n            for (int j = 0; j < 10; j++) {\n                scanf("%d", &t[i][j]);\n                ans[i][j] = 0;\n            }\n        }\n        for (int mask = 0; mask < (1 << 10); ++mask) {\n            for (int i = 0; i < 10; ++i) {\n                ans[0][i] = (mask & (1 << i)) ? 1 : 0;\n            }\n            if (compute()) {\n                for (int i = 0; i < 10; i++) {\n                    for (int j = 0; j < 10; j++) {\n                        if (j) printf(" ");\n                        printf("%d", ans[i][j]);\n                    }\n                    printf("\\n");\n                }\n                break;\n            }\n        }\n    }\n    return 0;\n}\n\nint compute() {\n    for (int i = 0; i < 10; i++) {\n        for (int j = 0; j < 10; j++) {\n            u[i][j] = t[i][j];\n            if (i) ans[i][j] = 0;\n        }\n    }\n    for (int i = 0; i < 10; i++) {\n        if (ans[0][i]) change(0, i);\n    }\n    for (int i = 1; i < 10; i++) {\n        for (int j = 0; j < 10; j++) {\n            if (u[i - 1][j]) {\n                ans[i][j] = 1;\n                change(i, j);\n            }\n        }\n    }\n    for (int i = 0; i < 10; i++) {\n        if (u[9][i]) return 0;\n    }\n    return 1;\n}\n\nvoid change(int y, int x) {\n    u[y][x] = !u[y][x];\n    if (y > 0) u[y - 1][x] = !u[y - 1][x];\n    if (x > 0) u[y][x - 1] = !u[y][x - 1];\n    if (y < 9) u[y + 1][x] = !u[y + 1][x];\n    if (x < 9) u[y][x + 1] = !u[y][x + 1];\n}') | LineLLMMutation(('source.cpp', 38), '#include <cstdio>\nusing namespace std;\n\nint t[10][10], u[10][10], ans[10][10], n, flg;\n\nint compute();\nvoid change(int, int);\n\nint main() {\n    scanf("%d", &n);\n    while (n--) {\n        flg = 0;\n        for (int i = 0; i < 10; i++) {\n            for (int j = 0; j < 10; j++) {\n                scanf("%d", &t[i][j]);\n                ans[i][j] = 0;\n            }\n        }\n        for (int mask = 0; mask < (1 << 10); ++mask) {\n            for (int i = 0; i < 10; ++i) {\n                ans[0][i] = (mask & (1 << i)) ? 1 : 0;\n            }\n            if (compute()) {\n                for (int i = 0; i < 10; i++) {\n                    for (int j = 0; j < 10; j++) {\n                        if (j) printf(" ");\n                        printf("%d", ans[i][j]);\n                    }\n                    printf("\\n");\n                }\n                break;\n            }\n        }\n    }\n    return 0;\n}\n\nint compute() {\n    // Initialize u and ans arrays\n    for (int i = 0; i < 10; i++) {\n        for (int j = 0; j < 10; j++) {\n            u[i][j] = t[i][j];\n            ans[i][j] = (i == 0 && ans[0][j]) ? 1 : 0; // Initialize based on ans[0]\n        }\n    }\n\n    // Optimize by checking only necessary conditions\n    for (int i = 0; i < 10; i++) {\n        if (ans[0][i]) change(0, i);\n    }\n    for (int i = 1; i < 10; i++) {\n        for (int j = 0; j < 10; j++) {\n            if (u[i - 1][j]) {\n                ans[i][j] = 1;\n                change(i, j);\n            }\n        }\n    }\n    \n    // Check if the last row has any active cells\n    for (int j = 0; j < 10; j++) {\n        if (u[9][j]) return 0; // Return 0 if any cell in the last row is active\n    }\n    return 1; // Return 1 if no active cells are found in the last row\n}\n\nvoid change(int y, int x) {\n    u[y][x] = !u[y][x];\n    if (y > 0) u[y - 1][x] = !u[y - 1][x];\n    if (x > 0) u[y][x - 1] = !u[y][x - 1];\n    if (y < 9) u[y + 1][x] = !u[y + 1][x];\n    if (x < 9) u[y][x + 1] = !u[y][x + 1];\n}')"
2025-01-23 18:27:52,587	[INFO]	Step: 87
2025-01-23 18:27:52,587	[INFO]	Stop Steps: 100
2025-01-23 18:27:52,791	[INFO]	8-8     TEST_CODE_ERROR       None (--) [2 edit(s)]  
2025-01-23 18:27:52,791	[DEBUG]	patch(8-8)="LineLLMCrossover(('source.cpp', 13), '#include <cstdio>\nusing namespace std;\n\nint t[10][10], u[10][10], ans[10][10], n, flg;\n\nint compute();\nvoid dfs(int);\nvoid change(int, int);\n\nint main() {\n    scanf("%d", &n);\n    while (n--) {\n        flg = 0;\n        for (int i = 0; i < 10; i++) {\n            for (int j = 0; j < 10; j++) {\n                scanf("%d", &t[i][j]);\n                ans[i][j] = 0;\n            }\n        }\n        dfs(0);\n    }\n    return 0;\n}\n\nvoid dfs(int x) {\n    if (x == 10) {\n        if (compute()) {\n            for (int i = 0; i < 10; i++) {\n                for (int j = 0; j < 10; j++) {\n                    if (j) printf(" ");\n                    printf("%d", ans[i][j]);\n                }\n                printf("\\n");\n            }\n        }\n        return;\n    }\n    ans[0][x] = 0;\n    dfs(x + 1);\n    ans[0][x] = 1;\n    dfs(x + 1);\n}\n\nint compute() {\n    for (int i = 0; i < 10; i++) {\n        for (int j = 0; j < 10; j++) {\n            u[i][j] = t[i][j];\n            if (i) ans[i][j] = 0;\n        }\n    }\n    for (int i = 0; i < 10; i++) {\n        if (ans[0][i]) change(0, i);\n    }\n    for (int i = 1; i < 10; i++) {\n        for (int j = 0; j < 10; j++) {\n            if (u[i - 1][j]) {\n                ans[i][j] = 1;\n                change(i, j);\n            }\n        }\n    }\n    for (int i = 0; i < 10; i++) {\n        if (u[9][i]) return 0;\n    }\n    return 1;\n}\n\nvoid change(int y, int x) {\n    u[y][x] = !u[y][x];\n    if (y > 0) u[y - 1][x] = !u[y - 1][x];\n    if (x > 0) u[y][x - 1] = !u[y][x - 1];\n    if (y < 9) u[y + 1][x] = !u[y + 1][x];\n    if (x < 9) u[y][x + 1] = !u[y][x + 1];\n}') | LineLLMMutation(('source.cpp', 39), '#include <cstdio>\nusing namespace std;\n\nint t[10][10], u[10][10], ans[10][10], n, flg;\n\nint compute();\nvoid dfs(int);\nvoid change(int, int);\n\nint main() {\n    scanf("%d", &n);\n    while (n--) {\n        flg = 0;\n        for (int i = 0; i < 10; i++) {\n            for (int j = 0; j < 10; j++) {\n                scanf("%d", &t[i][j]);\n                ans[i][j] = 0;\n            }\n        }\n        dfs(0);\n    }\n    return 0;\n}\n\nvoid dfs(int x) {\n    if (x == 10) {\n        if (compute()) {\n            for (int i = 0; i < 10; i++) {\n                for (int j = 0; j < 10; j++) {\n                    if (j) printf(" ");\n                    printf("%d", ans[i][j]);\n                }\n                printf("\\n");\n            }\n        }\n        return;\n    }\n    ans[0][x] = 0;\n    dfs(x + 1);\n    ans[0][x] = 1;\n    dfs(x + 1);\n}\n\nint compute() {\n    for (int i = 0; i < 10; i++) {\n        for (int j = 0; j < 10; j++) {\n            u[i][j] = t[i][j];\n            ans[i][j] = (i == 0 && ans[0][j]) ? 1 : 0; // Initialize only if necessary\n        }\n    }\n    for (int i = 1; i < 10; i++) {\n        for (int j = 0; j < 10; j++) {\n            if (u[i - 1][j]) {\n                ans[i][j] = 1;\n                change(i, j);\n            }\n        }\n    }\n    bool found = false;\n    for (int i = 0; i < 10; i++) {\n        if (u[9][i]) {\n            found = true;\n            break;\n        }\n    }\n    return !found; // Return 0 if found, 1 if not found\n}\n\nvoid change(int y, int x) {\n    u[y][x] = !u[y][x];\n    if (y > 0) u[y - 1][x] = !u[y - 1][x];\n    if (x > 0) u[y][x - 1] = !u[y][x - 1];\n    if (y < 9) u[y + 1][x] = !u[y + 1][x];\n    if (x < 9) u[y][x + 1] = !u[y][x + 1];\n}')"
2025-01-23 18:27:52,791	[INFO]	Step: 88
2025-01-23 18:27:52,791	[INFO]	Stop Steps: 100
2025-01-23 18:27:53,014	[INFO]	8-9     TEST_CODE_ERROR       None (--) [2 edit(s)]  
2025-01-23 18:27:53,014	[DEBUG]	patch(8-9)="LineLLMCrossover(('source.cpp', 20), '#include <cstdio>\nusing namespace std;\n\nstatic int t[10][10], u[10][10], ans[10][10], n, flg;\n\nint compute();\nvoid dfs(int);\nvoid change(int, int);\n\nint main() {\n    scanf("%d", &n);\n    while (n--) {\n        flg = 0;\n        for (int i = 0; i < 10; i++) {\n            for (int j = 0; j < 10; j++) {\n                scanf("%d", &t[i][j]);\n                ans[i][j] = 0;\n            }\n        }\n        dfs(0);\n    }\n    return 0;\n}\n\nvoid dfs(int x) {\n    if (x == 10) {\n        if (compute()) {\n            for (int i = 0; i < 10; i++) {\n                for (int j = 0; j < 10; j++) {\n                    if (j) printf(" ");\n                    printf("%d", ans[i][j]);\n                }\n                printf("\\n");\n            }\n        }\n        return;\n    }\n    ans[0][x] = 0;\n    dfs(x + 1);\n    ans[0][x] = 1;\n    dfs(x + 1);\n}\n\nint compute() {\n    for (int i = 0; i < 10; i++) {\n        for (int j = 0; j < 10; j++) {\n            u[i][j] = t[i][j];\n            if (i) ans[i][j] = 0;\n        }\n    }\n    for (int i = 0; i < 10; i++) {\n        if (ans[0][i]) change(0, i);\n    }\n    for (int i = 1; i < 10; i++) {\n        for (int j = 0; j < 10; j++) {\n            if (u[i - 1][j]) {\n                ans[i][j] = 1;\n                change(i, j);\n            }\n        }\n    }\n    for (int i = 0; i < 10; i++) {\n        if (u[9][i]) return 0;\n    }\n    return 1;\n}\n\nvoid change(int y, int x) {\n    u[y][x] = !u[y][x];\n    if (y > 0) u[y - 1][x] = !u[y - 1][x];\n    if (x > 0) u[y][x - 1] = !u[y][x - 1];\n    if (y < 9) u[y + 1][x] = !u[y + 1][x];\n    if (x < 9) u[y][x + 1] = !u[y][x + 1];\n}') | LineLLMMutation(('source.cpp', 40), '#include <cstdio>\nusing namespace std;\n\nstatic int t[10][10], u[10][10], ans[10][10], n, flg;\n\nint compute();\nvoid dfs(int);\nvoid change(int, int);\n\nint main() {\n    scanf("%d", &n);\n    while (n--) {\n        flg = 0;\n        for (int i = 0; i < 10; i++) {\n            for (int j = 0; j < 10; j++) {\n                scanf("%d", &t[i][j]);\n                ans[i][j] = 0;\n            }\n        }\n        dfs(0);\n    }\n    return 0;\n}\n\nvoid dfs(int x) {\n    if (x == 10) {\n        if (compute()) {\n            for (int i = 0; i < 10; i++) {\n                for (int j = 0; j < 10; j++) {\n                    if (j) printf(" ");\n                    printf("%d", ans[i][j]);\n                }\n                printf("\\n");\n            }\n        }\n        return;\n    }\n    ans[0][x] = 0;\n    dfs(x + 1);\n    ans[0][x] = 1;\n    dfs(x + 1);\n}\n\nint compute() {\n    for (int i = 0; i < 10; i++) {\n        for (int j = 0; j < 10; j++) {\n            u[i][j] = t[i][j];\n            if (i) ans[i][j] = 0;\n        }\n    }\n    for (int i = 0; i < 10; i++) {\n        if (ans[0][i]) change(0, i);\n    }\n    for (int i = 1; i < 10; i++) {\n        for (int j = 0; j < 10; j++) {\n            if (u[i - 1][j]) {\n                ans[i][j] = 1;\n                change(i, j);\n            }\n        }\n    }\n    return u[9][0] | u[9][1] | u[9][2] | u[9][3] | u[9][4] | u[9][5] | u[9][6] | u[9][7] | u[9][8] | u[9][9];\n}\n\nvoid change(int y, int x) {\n    u[y][x] = !u[y][x];\n    if (y > 0) u[y - 1][x] = !u[y - 1][x];\n    if (x > 0) u[y][x - 1] = !u[y][x - 1];\n    if (y < 9) u[y + 1][x] = !u[y + 1][x];\n    if (x < 9) u[y][x + 1] = !u[y][x + 1];\n}')"
2025-01-23 18:27:53,014	[INFO]	Step: 89
2025-01-23 18:27:53,014	[INFO]	Stop Steps: 100
2025-01-23 18:27:53,372	[DEBUG]	EXEC>  SUCCESS 2483730.4375
2025-01-23 18:27:53,373	[INFO]	8-10    SUCCESS               2483730.44 (62.71%) [2 edit(s)]  
2025-01-23 18:27:53,373	[DEBUG]	patch(8-10)="LineLLMCrossover(('source.cpp', 24), '#include <cstdio>\nusing namespace std;\n\nint t[10][10], u[10][10], ans[10][10], n, flg;\n\nint compute();\nvoid dfs(int);\nvoid change(int, int);\n\nint main() {\n    scanf("%d", &n);\n    while (n--) {\n        flg = 0;\n        for (int i = 0; i < 10; i++) {\n            for (int j = 0; j < 10; j++) {\n                scanf("%d", &t[i][j]);\n                ans[i][j] = 0;\n            }\n        }\n        dfs(0);\n    }\n    return 0;\n}\n\nvoid dfs(int x) {\n    if (x == 10) {\n        if (compute()) {\n            for (int i = 0; i < 10; i++) {\n                for (int j = 0; j < 10; j++) {\n                    if (j) printf(" ");\n                    printf("%d", ans[i][j]);\n                }\n                printf("\\n");\n            }\n        }\n        return;\n    }\n    ans[0][x] = 0;\n    dfs(x + 1);\n    ans[0][x] = 1;\n    dfs(x + 1);\n}\n\nint compute() {\n    for (int i = 0; i < 10; i++) {\n        for (int j = 0; j < 10; j++) {\n            u[i][j] = t[i][j];\n            if (i) ans[i][j] = 0;\n        }\n    }\n    for (int i = 0; i < 10; i++) {\n        if (ans[0][i]) change(0, i);\n    }\n    for (int i = 1; i < 10; i++) {\n        for (int j = 0; j < 10; j++) {\n            if (u[i - 1][j]) {\n                ans[i][j] = 1;\n                change(i, j);\n            }\n        }\n    }\n    for (int i = 0; i < 10; i++) {\n        if (u[9][i]) return 0;\n    }\n    return 1;\n}\n\nvoid change(int y, int x) {\n    u[y][x] = !u[y][x];\n    if (y > 0) u[y - 1][x] = !u[y - 1][x];\n    if (x > 0) u[y][x - 1] = !u[y][x - 1];\n    if (y < 9) u[y + 1][x] = !u[y + 1][x];\n    if (x < 9) u[y][x + 1] = !u[y][x + 1];\n}') | LineLLMMutation(('source.cpp', 41), '#include <cstdio>\nusing namespace std;\n\nint t[10][10], u[10][10], ans[10][10], n, flg;\n\nint compute();\nvoid dfs(int);\nvoid change(int, int);\n\nint main() {\n    scanf("%d", &n);\n    while (n--) {\n        flg = 0;\n        for (int i = 0; i < 10; i++) {\n            for (int j = 0; j < 10; j++) {\n                scanf("%d", &t[i][j]);\n                ans[i][j] = 0; // Initialization here is necessary\n            }\n        }\n        dfs(0);\n    }\n    return 0;\n}\n\nvoid dfs(int x) {\n    if (x == 10) {\n        if (compute()) {\n            for (int i = 0; i < 10; i++) {\n                for (int j = 0; j < 10; j++) {\n                    if (j) printf(" ");\n                    printf("%d", ans[i][j]);\n                }\n                printf("\\n");\n            }\n        }\n        return;\n    }\n    ans[0][x] = 0;\n    dfs(x + 1);\n    ans[0][x] = 1;\n    dfs(x + 1);\n}\n\nint compute() {\n    // Optimize by reducing the initialization of \'u\' and \'ans\' arrays\n    for (int i = 0; i < 10; i++) {\n        for (int j = 0; j < 10; j++) {\n            u[i][j] = t[i][j];\n        }\n    }\n    for (int i = 0; i < 10; i++) {\n        if (ans[0][i]) change(0, i);\n    }\n    for (int i = 1; i < 10; i++) {\n        for (int j = 0; j < 10; j++) {\n            if (u[i - 1][j]) {\n                ans[i][j] = 1;\n                change(i, j);\n            }\n        }\n    }\n    // Use a flag to return early\n    for (int i = 0; i < 10; i++) {\n        if (u[9][i]) return 0;\n    }\n    return 1;\n}\n\nvoid change(int y, int x) {\n    u[y][x] = !u[y][x];\n    if (y > 0) u[y - 1][x] = !u[y - 1][x];\n    if (x > 0) u[y][x - 1] = !u[y][x - 1];\n    if (y < 9) u[y + 1][x] = !u[y + 1][x];\n    if (x < 9) u[y][x + 1] = !u[y][x + 1];\n}')"
2025-01-23 18:27:53,373	[INFO]	Step: 90
2025-01-23 18:27:53,373	[INFO]	Stop Steps: 100
2025-01-23 18:27:54,939	[DEBUG]	EXEC>  SUCCESS 3910861.4375
2025-01-23 18:27:54,939	[INFO]	REF     SUCCESS               3910861.44 (--) [0 edit(s)]  
2025-01-23 18:27:54,939	[INFO]	Best patch: 22_36
2025-01-23 18:27:55,286	[DEBUG]	EXEC>  SUCCESS 965472.25
2025-01-23 18:27:55,286	[INFO]	BEST    SUCCESS              *965472.25 (24.69%) [0 edit(s)]  
2025-01-23 18:27:55,286	[INFO]	Best patch step: 78
2025-01-23 18:29:36,250	[INFO]	Step: 90
2025-01-23 18:29:36,250	[INFO]	Stop Steps: 100
2025-01-23 18:29:36,731	[DEBUG]	EXEC>  SUCCESS 965650.125
2025-01-23 18:29:36,731	[INFO]	9-1     SUCCESS              +965650.12 (24.69%) [1 edit(s)]  
2025-01-23 18:29:36,731	[DEBUG]	patch(9-1)="LineLLMCrossover(('source.cpp', 29), '#include <cstdio>\nusing namespace std;\n\nint t[10][10], u[10][10], ans[10][10], n, flg;\n\nint compute();\nvoid change(int, int);\n\nint main() {\n    scanf("%d", &n);\n    while (n--) {\n        flg = 0;\n        for (int i = 0; i < 10; i++) {\n            for (int j = 0; j < 10; j++) {\n                scanf("%d", &t[i][j]);\n                ans[i][j] = 0;\n            }\n        }\n        for (int mask = 0; mask < (1 << 10); ++mask) {\n            for (int i = 0; i < 10; ++i) {\n                ans[0][i] = (mask & (1 << i)) ? 1 : 0;\n            }\n            if (compute()) {\n                for (int i = 0; i < 10; i++) {\n                    for (int j = 0; j < 10; j++) {\n                        if (j) printf(" ");\n                        printf("%d", ans[i][j]);\n                    }\n                    printf("\\n");\n                }\n                break;\n            }\n        }\n    }\n    return 0;\n}\n\nint compute() {\n    for (int i = 0; i < 10; i++) {\n        for (int j = 0; j < 10; j++) {\n            u[i][j] = t[i][j];\n            if (i) ans[i][j] = 0;\n        }\n    }\n    for (int i = 0; i < 10; i++) {\n        if (ans[0][i]) change(0, i);\n    }\n    for (int i = 1; i < 10; i++) {\n        for (int j = 0; j < 10; j++) {\n            if (u[i - 1][j]) {\n                ans[i][j] = 1;\n                change(i, j);\n            }\n        }\n    }\n    for (int i = 0; i < 10; i++) {\n        if (u[9][i]) return 0;\n    }\n    return 1;\n}\n\nvoid change(int y, int x) {\n    u[y][x] = !u[y][x];\n    if (y > 0) u[y - 1][x] = !u[y - 1][x];\n    if (x > 0) u[y][x - 1] = !u[y][x - 1];\n    if (y < 9) u[y + 1][x] = !u[y + 1][x];\n    if (x < 9) u[y][x + 1] = !u[y][x + 1];\n}')"
2025-01-23 18:29:36,731	[INFO]	Step: 91
2025-01-23 18:29:36,731	[INFO]	Stop Steps: 100
2025-01-23 18:29:37,086	[DEBUG]	EXEC>  SUCCESS 967639.875
2025-01-23 18:29:37,087	[INFO]	9-2     SUCCESS               967639.88 (24.74%) [3 edit(s)]  
2025-01-23 18:29:37,087	[DEBUG]	patch(9-2)="LineLLMCrossover(('source.cpp', 22), '#include <cstdio>\nusing namespace std;\n\nint t[10][10], u[10][10], ans[10][10], n, flg;\n\nint compute();\nvoid dfs(int);\nvoid change(int, int);\n\nint main() {\n    scanf("%d", &n);\n    while (n--) {\n        flg = 0;\n        for (int i = 0; i < 10; i++) {\n            for (int j = 0; j < 10; j++) {\n                scanf("%d", &t[i][j]);\n                ans[i][j] = 0;\n            }\n        }\n        dfs(0);\n    }\n    return 0;\n}\n\nvoid dfs(int x) {\n    if (x == 10) {\n        if (compute()) {\n            for (int i = 0; i < 10; i++) {\n                for (int j = 0; j < 10; j++) {\n                    if (j) printf(" ");\n                    printf("%d", ans[i][j]);\n                }\n                printf("\\n");\n            }\n        }\n        return;\n    }\n    ans[0][x] = 0;\n    dfs(x + 1);\n    ans[0][x] = 1;\n    dfs(x + 1);\n}\n\nint compute() {\n    for (int i = 0; i < 10; i++) {\n        for (int j = 0; j < 10; j++) {\n            u[i][j] = t[i][j];\n            if (i) ans[i][j] = 0;\n        }\n    }\n    for (int i = 0; i < 10; i++) {\n        if (ans[0][i]) change(0, i);\n    }\n    for (int i = 1; i < 10; i++) {\n        for (int j = 0; j < 10; j++) {\n            if (u[i - 1][j]) {\n                ans[i][j] = 1;\n                change(i, j);\n            }\n        }\n    }\n    for (int i = 0; i < 10; i++) {\n        if (u[9][i]) return 0;\n    }\n    return 1;\n}\n\nvoid change(int y, int x) {\n    u[y][x] = !u[y][x];\n    if (y > 0) u[y - 1][x] = !u[y - 1][x];\n    if (x > 0) u[y][x - 1] = !u[y][x - 1];\n    if (y < 9) u[y + 1][x] = !u[y + 1][x];\n    if (x < 9) u[y][x + 1] = !u[y][x + 1];\n}') | LineLLMMutation(('source.cpp', 36), '#include <cstdio>\nusing namespace std;\n\nint t[10][10], u[10][10], ans[10][10], n, flg;\n\nint compute();\nvoid change(int, int);\n\nint main() {\n    scanf("%d", &n);\n    while (n--) {\n        flg = 0;\n        for (int i = 0; i < 10; i++) {\n            for (int j = 0; j < 10; j++) {\n                scanf("%d", &t[i][j]);\n                ans[i][j] = 0;\n            }\n        }\n        for (int mask = 0; mask < (1 << 10); ++mask) {\n            for (int i = 0; i < 10; ++i) {\n                ans[0][i] = (mask & (1 << i)) ? 1 : 0;\n            }\n            if (compute()) {\n                for (int i = 0; i < 10; i++) {\n                    for (int j = 0; j < 10; j++) {\n                        if (j) printf(" ");\n                        printf("%d", ans[i][j]);\n                    }\n                    printf("\\n");\n                }\n                break;\n            }\n        }\n    }\n    return 0;\n}\n\nint compute() {\n    for (int i = 0; i < 10; i++) {\n        for (int j = 0; j < 10; j++) {\n            u[i][j] = t[i][j];\n            if (i) ans[i][j] = 0;\n        }\n    }\n    for (int i = 0; i < 10; i++) {\n        if (ans[0][i]) change(0, i);\n    }\n    for (int i = 1; i < 10; i++) {\n        for (int j = 0; j < 10; j++) {\n            if (u[i - 1][j]) {\n                ans[i][j] = 1;\n                change(i, j);\n            }\n        }\n    }\n    for (int i = 0; i < 10; i++) {\n        if (u[9][i]) return 0;\n    }\n    return 1;\n}\n\nvoid change(int y, int x) {\n    u[y][x] = !u[y][x];\n    if (y > 0) u[y - 1][x] = !u[y - 1][x];\n    if (x > 0) u[y][x - 1] = !u[y][x - 1];\n    if (y < 9) u[y + 1][x] = !u[y + 1][x];\n    if (x < 9) u[y][x + 1] = !u[y][x + 1];\n}') | LineLLMMutation(('source.cpp', 38), '#include <cstdio>\nusing namespace std;\n\nint t[10][10], u[10][10], ans[10][10], n, flg;\n\nint compute();\nvoid change(int, int);\n\nint main() {\n    scanf("%d", &n);\n    while (n--) {\n        flg = 0;\n        for (int i = 0; i < 10; i++) {\n            for (int j = 0; j < 10; j++) {\n                scanf("%d", &t[i][j]);\n                ans[i][j] = 0;\n            }\n        }\n        for (int mask = 0; mask < (1 << 10); ++mask) {\n            for (int i = 0; i < 10; ++i) {\n                ans[0][i] = (mask & (1 << i)) ? 1 : 0;\n            }\n            if (compute()) {\n                for (int i = 0; i < 10; i++) {\n                    for (int j = 0; j < 10; j++) {\n                        if (j) printf(" ");\n                        printf("%d", ans[i][j]);\n                    }\n                    printf("\\n");\n                }\n                break;\n            }\n        }\n    }\n    return 0;\n}\n\nint compute() {\n    // Initialize u and ans arrays\n    for (int i = 0; i < 10; i++) {\n        for (int j = 0; j < 10; j++) {\n            u[i][j] = t[i][j];\n            ans[i][j] = (i == 0 && ans[0][j]) ? 1 : 0; // Initialize based on ans[0]\n        }\n    }\n\n    // Optimize by checking only necessary conditions\n    for (int i = 0; i < 10; i++) {\n        if (ans[0][i]) change(0, i);\n    }\n    for (int i = 1; i < 10; i++) {\n        for (int j = 0; j < 10; j++) {\n            if (u[i - 1][j]) {\n                ans[i][j] = 1;\n                change(i, j);\n            }\n        }\n    }\n    \n    // Check if the last row has any active cells\n    for (int j = 0; j < 10; j++) {\n        if (u[9][j]) return 0; // Return 0 if any cell in the last row is active\n    }\n    return 1; // Return 1 if no active cells are found in the last row\n}\n\nvoid change(int y, int x) {\n    u[y][x] = !u[y][x];\n    if (y > 0) u[y - 1][x] = !u[y - 1][x];\n    if (x > 0) u[y][x - 1] = !u[y][x - 1];\n    if (y < 9) u[y + 1][x] = !u[y + 1][x];\n    if (x < 9) u[y][x + 1] = !u[y][x + 1];\n}')"
2025-01-23 18:29:37,087	[INFO]	Step: 92
2025-01-23 18:29:37,087	[INFO]	Stop Steps: 100
2025-01-23 18:29:37,452	[DEBUG]	EXEC>  SUCCESS 967564.4375
2025-01-23 18:29:37,452	[INFO]	9-3     SUCCESS               967564.44 (24.74%) [1 edit(s)]  
2025-01-23 18:29:37,452	[DEBUG]	patch(9-3)="LineLLMCrossover(('source.cpp', 32), '#include <cstdio>\nusing namespace std;\n\nint t[10][10], u[10][10], ans[10][10], n, flg;\n\nint compute();\nvoid change(int, int);\n\nint main() {\n    scanf("%d", &n);\n    while (n--) {\n        flg = 0;\n        for (int i = 0; i < 10; i++) {\n            for (int j = 0; j < 10; j++) {\n                scanf("%d", &t[i][j]);\n                ans[i][j] = 0;\n            }\n        }\n        for (int mask = 0; mask < (1 << 10); ++mask) {\n            for (int i = 0; i < 10; ++i) {\n                ans[0][i] = (mask & (1 << i)) ? 1 : 0;\n            }\n            if (compute()) {\n                for (int i = 0; i < 10; i++) {\n                    for (int j = 0; j < 10; j++) {\n                        if (j) printf(" ");\n                        printf("%d", ans[i][j]);\n                    }\n                    printf("\\n");\n                }\n                break;\n            }\n        }\n    }\n    return 0;\n}\n\nint compute() {\n    for (int i = 0; i < 10; i++) {\n        for (int j = 0; j < 10; j++) {\n            u[i][j] = t[i][j];\n            ans[i][j] = (i == 0 && ans[0][j]) ? 1 : 0; // Optimize initialization\n        }\n    }\n    for (int i = 0; i < 10; i++) {\n        if (ans[0][i]) change(0, i);\n    }\n    for (int i = 1; i < 10; i++) {\n        for (int j = 0; j < 10; j++) {\n            if (u[i - 1][j]) {\n                ans[i][j] = 1;\n                change(i, j);\n            }\n        }\n    }\n    for (int i = 0; i < 10; i++) {\n        if (u[9][i]) return 0; // Check for active cells in the last row\n    }\n    return 1;\n}\n\nvoid change(int y, int x) {\n    u[y][x] = !u[y][x];\n    if (y > 0) u[y - 1][x] = !u[y - 1][x];\n    if (x > 0) u[y][x - 1] = !u[y][x - 1];\n    if (y < 9) u[y + 1][x] = !u[y + 1][x];\n    if (x < 9) u[y][x + 1] = !u[y][x + 1];\n}')"
2025-01-23 18:29:37,452	[INFO]	Step: 93
2025-01-23 18:29:37,452	[INFO]	Stop Steps: 100
2025-01-23 18:29:37,812	[DEBUG]	EXEC>  SUCCESS 978811.25
2025-01-23 18:29:37,813	[INFO]	9-4     SUCCESS               978811.25 (25.03%) [1 edit(s)]  
2025-01-23 18:29:37,813	[DEBUG]	patch(9-4)="LineLLMCrossover(('source.cpp', 33), '#include <cstdio>\nusing namespace std;\n\nint t[10][10], u[10][10], ans[10][10], n, flg;\n\nint compute();\nvoid change(int, int);\n\nint main() {\n    scanf("%d", &n);\n    while (n--) {\n        flg = 0;\n        for (int i = 0; i < 10; i++) {\n            for (int j = 0; j < 10; j++) {\n                scanf("%d", &t[i][j]);\n                ans[i][j] = 0;\n            }\n        }\n        for (int mask = 0; mask < (1 << 10); ++mask) {\n            for (int i = 0; i < 10; ++i) {\n                ans[0][i] = (mask & (1 << i)) ? 1 : 0;\n            }\n            if (compute()) {\n                for (int i = 0; i < 10; i++) {\n                    for (int j = 0; j < 10; j++) {\n                        if (j) printf(" ");\n                        printf("%d", ans[i][j]);\n                    }\n                    printf("\\n");\n                }\n                break;\n            }\n        }\n    }\n    return 0;\n}\n\nint compute() {\n    for (int i = 0; i < 10; i++) {\n        for (int j = 0; j < 10; j++) {\n            u[i][j] = t[i][j];\n            ans[i][j] = 0; // Initialize based on ans[0]\n        }\n    }\n    for (int i = 0; i < 10; i++) {\n        if (ans[0][i]) change(0, i);\n    }\n    for (int i = 1; i < 10; i++) {\n        for (int j = 0; j < 10; j++) {\n            if (u[i - 1][j]) {\n                ans[i][j] = 1;\n                change(i, j);\n            }\n        }\n    }\n    for (int i = 0; i < 10; i++) {\n        if (u[9][i]) return 0; // Return if any cell in the last row is active\n    }\n    return 1; // No active cells found\n}\n\nvoid change(int y, int x) {\n    u[y][x] = !u[y][x];\n    if (y > 0) u[y - 1][x] = !u[y - 1][x];\n    if (x > 0) u[y][x - 1] = !u[y][x - 1];\n    if (y < 9) u[y + 1][x] = !u[y + 1][x];\n    if (x < 9) u[y][x + 1] = !u[y][x + 1];\n}')"
2025-01-23 18:29:37,813	[INFO]	Step: 94
2025-01-23 18:29:37,813	[INFO]	Stop Steps: 100
2025-01-23 18:29:38,166	[DEBUG]	EXEC>  SUCCESS 961548.5
2025-01-23 18:29:38,166	[INFO]	9-5     SUCCESS              *961548.50 (24.59%) [1 edit(s)]  
2025-01-23 18:29:38,166	[DEBUG]	patch(9-5)="LineLLMCrossover(('source.cpp', 34), '#include <cstdio>\nusing namespace std;\n\nint t[10][10], u[10][10], ans[10][10], n, flg;\n\nint compute();\nvoid change(int, int);\n\nint main() {\n    scanf("%d", &n);\n    while (n--) {\n        flg = 0;\n        for (int i = 0; i < 10; i++) {\n            for (int j = 0; j < 10; j++) {\n                scanf("%d", &t[i][j]);\n                ans[i][j] = 0;\n            }\n        }\n        for (int mask = 0; mask < (1 << 10); ++mask) {\n            for (int i = 0; i < 10; ++i) {\n                ans[0][i] = (mask & (1 << i)) ? 1 : 0;\n            }\n            if (compute()) {\n                for (int i = 0; i < 10; i++) {\n                    for (int j = 0; j < 10; j++) {\n                        if (j) printf(" ");\n                        printf("%d", ans[i][j]);\n                    }\n                    printf("\\n");\n                }\n                break;\n            }\n        }\n    }\n    return 0;\n}\n\nint compute() {\n    for (int i = 0; i < 10; i++) {\n        for (int j = 0; j < 10; j++) {\n            u[i][j] = t[i][j];\n            if (i) ans[i][j] = 0; // Maintain previous logic\n        }\n    }\n    for (int i = 0; i < 10; i++) {\n        if (ans[0][i]) change(0, i);\n    }\n    for (int i = 1; i < 10; i++) {\n        for (int j = 0; j < 10; j++) {\n            if (u[i - 1][j]) {\n                ans[i][j] = 1;\n                change(i, j);\n            }\n        }\n    }\n    for (int i = 0; i < 10; i++) {\n        if (u[9][i]) return 0; // Check if last row has active cells\n    }\n    return 1; // No active cells found\n}\n\nvoid change(int y, int x) {\n    u[y][x] = !u[y][x];\n    if (y > 0) u[y - 1][x] = !u[y - 1][x];\n    if (x > 0) u[y][x - 1] = !u[y][x - 1];\n    if (y < 9) u[y + 1][x] = !u[y + 1][x];\n    if (x < 9) u[y][x + 1] = !u[y][x + 1];\n}')"

2025-01-23 18:29:38,166	[INFO]	Step: 95
2025-01-23 18:29:38,166	[INFO]	Stop Steps: 100
2025-01-23 18:29:38,518	[DEBUG]	EXEC>  SUCCESS 981093.875
2025-01-23 18:29:38,518	[INFO]	9-6     SUCCESS               981093.88 (25.09%) [1 edit(s)]  
2025-01-23 18:29:38,518	[DEBUG]	patch(9-6)="LineLLMCrossover(('source.cpp', 35), '#include <cstdio>\nusing namespace std;\n\nint t[10][10], u[10][10], ans[10][10], n, flg;\n\nint compute();\nvoid change(int, int);\n\nint main() {\n    scanf("%d", &n);\n    while (n--) {\n        flg = 0;\n        for (int i = 0; i < 10; i++) {\n            for (int j = 0; j < 10; j++) {\n                scanf("%d", &t[i][j]);\n                ans[i][j] = 0;\n            }\n        }\n        for (int mask = 0; mask < (1 << 10); ++mask) {\n            for (int i = 0; i < 10; ++i) {\n                ans[0][i] = (mask & (1 << i)) ? 1 : 0;\n            }\n            if (compute()) {\n                for (int i = 0; i < 10; i++) {\n                    for (int j = 0; j < 10; j++) {\n                        if (j) printf(" ");\n                        printf("%d", ans[i][j]);\n                    }\n                    printf("\\n");\n                }\n                break;\n            }\n        }\n    }\n    return 0;\n}\n\nint compute() {\n    for (int i = 0; i < 10; i++) {\n        for (int j = 0; j < 10; j++) {\n            u[i][j] = t[i][j];\n            ans[i][j] = 0; // Initialize based on ans[0]\n        }\n    }\n    for (int i = 0; i < 10; i++) {\n        if (ans[0][i]) change(0, i);\n    }\n    for (int i = 1; i < 10; i++) {\n        for (int j = 0; j < 10; j++) {\n            if (u[i - 1][j]) {\n                ans[i][j] = 1;\n                change(i, j);\n            }\n        }\n    }\n    for (int i = 0; i < 10; i++) {\n        if (u[9][i]) return 0; // Return if any cell in the last row is active\n    }\n    return 1; // No active cells found\n}\n\nvoid change(int y, int x) {\n    u[y][x] = !u[y][x];\n    if (y > 0) u[y - 1][x] = !u[y - 1][x];\n    if (x > 0) u[y][x - 1] = !u[y][x - 1];\n    if (y < 9) u[y + 1][x] = !u[y + 1][x];\n    if (x < 9) u[y][x + 1] = !u[y][x + 1];\n}')"
2025-01-23 18:29:38,518	[INFO]	Step: 96
2025-01-23 18:29:38,518	[INFO]	Stop Steps: 100
2025-01-23 18:29:38,881	[DEBUG]	EXEC>  SUCCESS 1015977.125
2025-01-23 18:29:38,882	[INFO]	9-7     SUCCESS               1015977.12 (25.98%) [2 edit(s)]  
2025-01-23 18:29:38,882	[DEBUG]	patch(9-7)="LineLLMCrossover(('source.cpp', 29), '#include <cstdio>\nusing namespace std;\n\nint t[10][10], u[10][10], ans[10][10], n, flg;\n\nint compute();\nvoid change(int, int);\n\nint main() {\n    scanf("%d", &n);\n    while (n--) {\n        flg = 0;\n        for (int i = 0; i < 10; i++) {\n            for (int j = 0; j < 10; j++) {\n                scanf("%d", &t[i][j]);\n                ans[i][j] = 0;\n            }\n        }\n        for (int mask = 0; mask < (1 << 10); ++mask) {\n            for (int i = 0; i < 10; ++i) {\n                ans[0][i] = (mask & (1 << i)) ? 1 : 0;\n            }\n            if (compute()) {\n                for (int i = 0; i < 10; i++) {\n                    for (int j = 0; j < 10; j++) {\n                        if (j) printf(" ");\n                        printf("%d", ans[i][j]);\n                    }\n                    printf("\\n");\n                }\n                break;\n            }\n        }\n    }\n    return 0;\n}\n\nint compute() {\n    for (int i = 0; i < 10; i++) {\n        for (int j = 0; j < 10; j++) {\n            u[i][j] = t[i][j];\n            if (i) ans[i][j] = 0;\n        }\n    }\n    for (int i = 0; i < 10; i++) {\n        if (ans[0][i]) change(0, i);\n    }\n    for (int i = 1; i < 10; i++) {\n        for (int j = 0; j < 10; j++) {\n            if (u[i - 1][j]) {\n                ans[i][j] = 1;\n                change(i, j);\n            }\n        }\n    }\n    for (int i = 0; i < 10; i++) {\n        if (u[9][i]) return 0;\n    }\n    return 1;\n}\n\nvoid change(int y, int x) {\n    u[y][x] = !u[y][x];\n    if (y > 0) u[y - 1][x] = !u[y - 1][x];\n    if (x > 0) u[y][x - 1] = !u[y][x - 1];\n    if (y < 9) u[y + 1][x] = !u[y + 1][x];\n    if (x < 9) u[y][x + 1] = !u[y][x + 1];\n}') | LineLLMMutation(('source.cpp', 42), '#include <cstdio>\nusing namespace std;\n\nint t[10][10], u[10][10], ans[10][10], n, flg;\n\nint compute();\nvoid change(int, int);\n\nint main() {\n    scanf("%d", &n);\n    while (n--) {\n        flg = 0;\n        for (int i = 0; i < 10; i++) {\n            for (int j = 0; j < 10; j++) {\n                scanf("%d", &t[i][j]);\n                ans[i][j] = 0;\n            }\n        }\n        for (int mask = 0; mask < (1 << 10); ++mask) {\n            for (int i = 0; i < 10; ++i) {\n                ans[0][i] = (mask & (1 << i)) ? 1 : 0;\n            }\n            if (compute()) {\n                for (int i = 0; i < 10; i++) {\n                    for (int j = 0; j < 10; j++) {\n                        if (j) printf(" ");\n                        printf("%d", ans[i][j]);\n                    }\n                    printf("\\n");\n                }\n                break;\n            }\n        }\n    }\n    return 0;\n}\n\nint compute() {\n    for (int i = 0; i < 10; i++) {\n        for (int j = 0; j < 10; j++) {\n            u[i][j] = t[i][j];\n            ans[i][j] = 0; // Initialize ans[i][j] to 0\n        }\n    }\n    for (int i = 0; i < 10; i++) {\n        if (ans[0][i]) change(0, i);\n    }\n    for (int i = 1; i < 10; i++) {\n        for (int j = 0; j < 10; j++) {\n            if (u[i - 1][j]) {\n                ans[i][j] = 1;\n                change(i, j);\n            }\n        }\n    }\n    return u[9][0] || u[9][1] || u[9][2] || u[9][3] || u[9][4] || u[9][5] || u[9][6] || u[9][7] || u[9][8] || u[9][9] ? 0 : 1;\n}\n\nvoid change(int y, int x) {\n    u[y][x] = !u[y][x];\n    if (y > 0) u[y - 1][x] = !u[y - 1][x];\n    if (x > 0) u[y][x - 1] = !u[y][x - 1];\n    if (y < 9) u[y + 1][x] = !u[y + 1][x];\n    if (x < 9) u[y][x + 1] = !u[y][x + 1];\n}')"
2025-01-23 18:29:38,882	[INFO]	Step: 97
2025-01-23 18:29:38,882	[INFO]	Stop Steps: 100
2025-01-23 18:29:39,236	[DEBUG]	EXEC>  SUCCESS 972124.4375
2025-01-23 18:29:39,236	[INFO]	9-8     SUCCESS               972124.44 (24.86%) [4 edit(s)]  
2025-01-23 18:29:39,236	[DEBUG]	patch(9-8)="LineLLMCrossover(('source.cpp', 22), '#include <cstdio>\nusing namespace std;\n\nint t[10][10], u[10][10], ans[10][10], n, flg;\n\nint compute();\nvoid dfs(int);\nvoid change(int, int);\n\nint main() {\n    scanf("%d", &n);\n    while (n--) {\n        flg = 0;\n        for (int i = 0; i < 10; i++) {\n            for (int j = 0; j < 10; j++) {\n                scanf("%d", &t[i][j]);\n                ans[i][j] = 0;\n            }\n        }\n        dfs(0);\n    }\n    return 0;\n}\n\nvoid dfs(int x) {\n    if (x == 10) {\n        if (compute()) {\n            for (int i = 0; i < 10; i++) {\n                for (int j = 0; j < 10; j++) {\n                    if (j) printf(" ");\n                    printf("%d", ans[i][j]);\n                }\n                printf("\\n");\n            }\n        }\n        return;\n    }\n    ans[0][x] = 0;\n    dfs(x + 1);\n    ans[0][x] = 1;\n    dfs(x + 1);\n}\n\nint compute() {\n    for (int i = 0; i < 10; i++) {\n        for (int j = 0; j < 10; j++) {\n            u[i][j] = t[i][j];\n            if (i) ans[i][j] = 0;\n        }\n    }\n    for (int i = 0; i < 10; i++) {\n        if (ans[0][i]) change(0, i);\n    }\n    for (int i = 1; i < 10; i++) {\n        for (int j = 0; j < 10; j++) {\n            if (u[i - 1][j]) {\n                ans[i][j] = 1;\n                change(i, j);\n            }\n        }\n    }\n    for (int i = 0; i < 10; i++) {\n        if (u[9][i]) return 0;\n    }\n    return 1;\n}\n\nvoid change(int y, int x) {\n    u[y][x] = !u[y][x];\n    if (y > 0) u[y - 1][x] = !u[y - 1][x];\n    if (x > 0) u[y][x - 1] = !u[y][x - 1];\n    if (y < 9) u[y + 1][x] = !u[y + 1][x];\n    if (x < 9) u[y][x + 1] = !u[y][x + 1];\n}') | LineLLMMutation(('source.cpp', 36), '#include <cstdio>\nusing namespace std;\n\nint t[10][10], u[10][10], ans[10][10], n, flg;\n\nint compute();\nvoid change(int, int);\n\nint main() {\n    scanf("%d", &n);\n    while (n--) {\n        flg = 0;\n        for (int i = 0; i < 10; i++) {\n            for (int j = 0; j < 10; j++) {\n                scanf("%d", &t[i][j]);\n                ans[i][j] = 0;\n            }\n        }\n        for (int mask = 0; mask < (1 << 10); ++mask) {\n            for (int i = 0; i < 10; ++i) {\n                ans[0][i] = (mask & (1 << i)) ? 1 : 0;\n            }\n            if (compute()) {\n                for (int i = 0; i < 10; i++) {\n                    for (int j = 0; j < 10; j++) {\n                        if (j) printf(" ");\n                        printf("%d", ans[i][j]);\n                    }\n                    printf("\\n");\n                }\n                break;\n            }\n        }\n    }\n    return 0;\n}\n\nint compute() {\n    for (int i = 0; i < 10; i++) {\n        for (int j = 0; j < 10; j++) {\n            u[i][j] = t[i][j];\n            if (i) ans[i][j] = 0;\n        }\n    }\n    for (int i = 0; i < 10; i++) {\n        if (ans[0][i]) change(0, i);\n    }\n    for (int i = 1; i < 10; i++) {\n        for (int j = 0; j < 10; j++) {\n            if (u[i - 1][j]) {\n                ans[i][j] = 1;\n                change(i, j);\n            }\n        }\n    }\n    for (int i = 0; i < 10; i++) {\n        if (u[9][i]) return 0;\n    }\n    return 1;\n}\n\nvoid change(int y, int x) {\n    u[y][x] = !u[y][x];\n    if (y > 0) u[y - 1][x] = !u[y - 1][x];\n    if (x > 0) u[y][x - 1] = !u[y][x - 1];\n    if (y < 9) u[y + 1][x] = !u[y + 1][x];\n    if (x < 9) u[y][x + 1] = !u[y][x + 1];\n}') | LineLLMMutation(('source.cpp', 38), '#include <cstdio>\nusing namespace std;\n\nint t[10][10], u[10][10], ans[10][10], n, flg;\n\nint compute();\nvoid change(int, int);\n\nint main() {\n    scanf("%d", &n);\n    while (n--) {\n        flg = 0;\n        for (int i = 0; i < 10; i++) {\n            for (int j = 0; j < 10; j++) {\n                scanf("%d", &t[i][j]);\n                ans[i][j] = 0;\n            }\n        }\n        for (int mask = 0; mask < (1 << 10); ++mask) {\n            for (int i = 0; i < 10; ++i) {\n                ans[0][i] = (mask & (1 << i)) ? 1 : 0;\n            }\n            if (compute()) {\n                for (int i = 0; i < 10; i++) {\n                    for (int j = 0; j < 10; j++) {\n                        if (j) printf(" ");\n                        printf("%d", ans[i][j]);\n                    }\n                    printf("\\n");\n                }\n                break;\n            }\n        }\n    }\n    return 0;\n}\n\nint compute() {\n    // Initialize u and ans arrays\n    for (int i = 0; i < 10; i++) {\n        for (int j = 0; j < 10; j++) {\n            u[i][j] = t[i][j];\n            ans[i][j] = (i == 0 && ans[0][j]) ? 1 : 0; // Initialize based on ans[0]\n        }\n    }\n\n    // Optimize by checking only necessary conditions\n    for (int i = 0; i < 10; i++) {\n        if (ans[0][i]) change(0, i);\n    }\n    for (int i = 1; i < 10; i++) {\n        for (int j = 0; j < 10; j++) {\n            if (u[i - 1][j]) {\n                ans[i][j] = 1;\n                change(i, j);\n            }\n        }\n    }\n    \n    // Check if the last row has any active cells\n    for (int j = 0; j < 10; j++) {\n        if (u[9][j]) return 0; // Return 0 if any cell in the last row is active\n    }\n    return 1; // Return 1 if no active cells are found in the last row\n}\n\nvoid change(int y, int x) {\n    u[y][x] = !u[y][x];\n    if (y > 0) u[y - 1][x] = !u[y - 1][x];\n    if (x > 0) u[y][x - 1] = !u[y][x - 1];\n    if (y < 9) u[y + 1][x] = !u[y + 1][x];\n    if (x < 9) u[y][x + 1] = !u[y][x + 1];\n}') | LineLLMMutation(('source.cpp', 43), '#include <cstdio>\nusing namespace std;\n\nint t[10][10], u[10][10], ans[10][10], n, flg;\n\nint compute();\nvoid change(int, int);\n\nint main() {\n    scanf("%d", &n);\n    while (n--) {\n        flg = 0;\n        for (int i = 0; i < 10; i++) {\n            for (int j = 0; j < 10; j++) {\n                scanf("%d", &t[i][j]);\n                ans[i][j] = 0;\n            }\n        }\n        for (int mask = 0; mask < (1 << 10); ++mask) {\n            for (int i = 0; i < 10; ++i) {\n                ans[0][i] = (mask & (1 << i)) ? 1 : 0;\n            }\n            if (compute()) {\n                for (int i = 0; i < 10; i++) {\n                    for (int j = 0; j < 10; j++) {\n                        if (j) printf(" ");\n                        printf("%d", ans[i][j]);\n                    }\n                    printf("\\n");\n                }\n                break;\n            }\n        }\n    }\n    return 0;\n}\n\nint compute() {\n    // Initialize u and ans arrays\n    for (int i = 0; i < 10; i++) {\n        u[i][0] = t[i][0]; // Initialize the first column\n        ans[i][0] = (i == 0 && ans[0][0]) ? 1 : 0; // Initialize based on ans[0]\n\n        for (int j = 1; j < 10; j++) {\n            u[i][j] = t[i][j];\n            ans[i][j] = (i == 0 && ans[0][j]) ? 1 : 0; // Initialize based on ans[0]\n        }\n    }\n\n    // Optimize by checking only necessary conditions\n    for (int i = 0; i < 10; i++) {\n        if (ans[0][i]) change(0, i);\n    }\n    for (int i = 1; i < 10; i++) {\n        for (int j = 0; j < 10; j++) {\n            if (u[i - 1][j]) {\n                ans[i][j] = 1;\n                change(i, j);\n            }\n        }\n    }\n    \n    // Check if the last row has any active cells\n    for (int j = 0; j < 10; j++) {\n        if (u[9][j]) return 0; // Return 0 if any cell in the last row is active\n    }\n    return 1; // Return 1 if no active cells are found in the last row\n}\n\nvoid change(int y, int x) {\n    u[y][x] = !u[y][x];\n    if (y > 0) u[y - 1][x] = !u[y - 1][x];\n    if (x > 0) u[y][x - 1] = !u[y][x - 1];\n    if (y < 9) u[y + 1][x] = !u[y + 1][x];\n    if (x < 9) u[y][x + 1] = !u[y][x + 1];\n}')"
2025-01-23 18:29:39,236	[INFO]	Step: 98
2025-01-23 18:29:39,236	[INFO]	Stop Steps: 100
2025-01-23 18:29:39,601	[DEBUG]	EXEC>  SUCCESS 2482956.125
2025-01-23 18:29:39,602	[INFO]	9-9     SUCCESS               2482956.12 (63.49%) [2 edit(s)]  
2025-01-23 18:29:39,602	[DEBUG]	patch(9-9)="LineLLMCrossover(('source.cpp', 31), '#include <cstdio>\nusing namespace std;\n\nint t[10][10], u[10][10], ans[10][10], n, flg;\n\nint compute();\nvoid change(int, int);\n\nint main() {\n    scanf("%d", &n);\n    while (n--) {\n        flg = 0;\n        for (int i = 0; i < 10; i++) {\n            for (int j = 0; j < 10; j++) {\n                scanf("%d", &t[i][j]);\n                ans[i][j] = 0;\n            }\n        }\n        for (int mask = 0; mask < (1 << 10); ++mask) {\n            for (int i = 0; i < 10; ++i) {\n                ans[0][i] = (mask & (1 << i)) ? 1 : 0;\n            }\n            if (compute()) {\n                for (int i = 0; i < 10; i++) {\n                    for (int j = 0; j < 10; j++) {\n                        if (j) printf(" ");\n                        printf("%d", ans[i][j]);\n                    }\n                    printf("\\n");\n                }\n                break;\n            }\n        }\n    }\n    return 0;\n}\n\nint compute() {\n    for (int i = 0; i < 10; i++) {\n        for (int j = 0; j < 10; j++) {\n            u[i][j] = t[i][j];\n            if (i) ans[i][j] = 0;\n        }\n    }\n    for (int i = 0; i < 10; i++) {\n        if (ans[0][i]) change(0, i);\n    }\n    for (int i = 1; i < 10; i++) {\n        for (int j = 0; j < 10; j++) {\n            if (u[i - 1][j]) {\n                ans[i][j] = 1;\n                change(i, j);\n            }\n        }\n    }\n    for (int i = 0; i < 10; i++) {\n        if (u[9][i]) return 0;\n    }\n    return 1;\n}\n\nvoid change(int y, int x) {\n    u[y][x] = !u[y][x];\n    if (y > 0) u[y - 1][x] = !u[y - 1][x];\n    if (x > 0) u[y][x - 1] = !u[y][x - 1];\n    if (y < 9) u[y + 1][x] = !u[y + 1][x];\n    if (x < 9) u[y][x + 1] = !u[y][x + 1];\n}') | LineLLMMutation(('source.cpp', 44), '#include <cstdio>\nusing namespace std;\n\nint t[10][10], u[10][10], ans[10][10], n, flg;\n\nint compute();\nvoid change(int, int);\n\nint main() {\n    scanf("%d", &n);\n    while (n--) {\n        flg = 0;\n        for (int i = 0; i < 10; i++) {\n            for (int j = 0; j < 10; j++) {\n                scanf("%d", &t[i][j]);\n                ans[i][j] = 0;\n            }\n        }\n        for (int mask = 0; mask < (1 << 10); ++mask) {\n            for (int i = 0; i < 10; ++i) {\n                ans[0][i] = (mask & (1 << i)) ? 1 : 0;\n            }\n            if (compute()) {\n                for (int i = 0; i < 10; i++) {\n                    for (int j = 0; j < 10; j++) {\n                        if (j) printf(" ");\n                        printf("%d", ans[i][j]);\n                    }\n                    printf("\\n");\n                }\n                break;\n            }\n        }\n    }\n    return 0;\n}\n\nint compute() {\n    // Combine the initialization and checking of `u` and `ans` arrays\n    for (int i = 0; i < 10; i++) {\n        for (int j = 0; j < 10; j++) {\n            u[i][j] = t[i][j];\n            ans[i][j] = (i == 0) ? (ans[0][j] ? 0 : 1) : 0; // Optimize initialization\n        }\n    }\n    for (int i = 0; i < 10; i++) {\n        if (ans[0][i]) change(0, i);\n    }\n    for (int i = 1; i < 10; i++) {\n        for (int j = 0; j < 10; j++) {\n            if (u[i - 1][j]) {\n                ans[i][j] = 1;\n                change(i, j);\n            }\n        }\n    }\n    for (int i = 0; i < 10; i++) {\n        if (u[9][i]) return 0;\n    }\n    return 1;\n}\n\nvoid change(int y, int x) {\n    u[y][x] = !u[y][x];\n    if (y > 0) u[y - 1][x] = !u[y - 1][x];\n    if (x > 0) u[y][x - 1] = !u[y][x - 1];\n    if (y < 9) u[y + 1][x] = !u[y + 1][x];\n    if (x < 9) u[y][x + 1] = !u[y][x + 1];\n}')"
2025-01-23 18:29:39,602	[INFO]	Step: 99
2025-01-23 18:29:39,602	[INFO]	Stop Steps: 100
2025-01-23 18:29:39,960	[DEBUG]	EXEC>  SUCCESS 971528.3125
2025-01-23 18:29:39,960	[INFO]	9-10    SUCCESS               971528.31 (24.84%) [3 edit(s)]  
2025-01-23 18:29:39,960	[DEBUG]	patch(9-10)="LineLLMCrossover(('source.cpp', 22), '#include <cstdio>\nusing namespace std;\n\nint t[10][10], u[10][10], ans[10][10], n, flg;\n\nint compute();\nvoid dfs(int);\nvoid change(int, int);\n\nint main() {\n    scanf("%d", &n);\n    while (n--) {\n        flg = 0;\n        for (int i = 0; i < 10; i++) {\n            for (int j = 0; j < 10; j++) {\n                scanf("%d", &t[i][j]);\n                ans[i][j] = 0;\n            }\n        }\n        dfs(0);\n    }\n    return 0;\n}\n\nvoid dfs(int x) {\n    if (x == 10) {\n        if (compute()) {\n            for (int i = 0; i < 10; i++) {\n                for (int j = 0; j < 10; j++) {\n                    if (j) printf(" ");\n                    printf("%d", ans[i][j]);\n                }\n                printf("\\n");\n            }\n        }\n        return;\n    }\n    ans[0][x] = 0;\n    dfs(x + 1);\n    ans[0][x] = 1;\n    dfs(x + 1);\n}\n\nint compute() {\n    for (int i = 0; i < 10; i++) {\n        for (int j = 0; j < 10; j++) {\n            u[i][j] = t[i][j];\n            if (i) ans[i][j] = 0;\n        }\n    }\n    for (int i = 0; i < 10; i++) {\n        if (ans[0][i]) change(0, i);\n    }\n    for (int i = 1; i < 10; i++) {\n        for (int j = 0; j < 10; j++) {\n            if (u[i - 1][j]) {\n                ans[i][j] = 1;\n                change(i, j);\n            }\n        }\n    }\n    for (int i = 0; i < 10; i++) {\n        if (u[9][i]) return 0;\n    }\n    return 1;\n}\n\nvoid change(int y, int x) {\n    u[y][x] = !u[y][x];\n    if (y > 0) u[y - 1][x] = !u[y - 1][x];\n    if (x > 0) u[y][x - 1] = !u[y][x - 1];\n    if (y < 9) u[y + 1][x] = !u[y + 1][x];\n    if (x < 9) u[y][x + 1] = !u[y][x + 1];\n}') | LineLLMMutation(('source.cpp', 36), '#include <cstdio>\nusing namespace std;\n\nint t[10][10], u[10][10], ans[10][10], n, flg;\n\nint compute();\nvoid change(int, int);\n\nint main() {\n    scanf("%d", &n);\n    while (n--) {\n        flg = 0;\n        for (int i = 0; i < 10; i++) {\n            for (int j = 0; j < 10; j++) {\n                scanf("%d", &t[i][j]);\n                ans[i][j] = 0;\n            }\n        }\n        for (int mask = 0; mask < (1 << 10); ++mask) {\n            for (int i = 0; i < 10; ++i) {\n                ans[0][i] = (mask & (1 << i)) ? 1 : 0;\n            }\n            if (compute()) {\n                for (int i = 0; i < 10; i++) {\n                    for (int j = 0; j < 10; j++) {\n                        if (j) printf(" ");\n                        printf("%d", ans[i][j]);\n                    }\n                    printf("\\n");\n                }\n                break;\n            }\n        }\n    }\n    return 0;\n}\n\nint compute() {\n    for (int i = 0; i < 10; i++) {\n        for (int j = 0; j < 10; j++) {\n            u[i][j] = t[i][j];\n            if (i) ans[i][j] = 0;\n        }\n    }\n    for (int i = 0; i < 10; i++) {\n        if (ans[0][i]) change(0, i);\n    }\n    for (int i = 1; i < 10; i++) {\n        for (int j = 0; j < 10; j++) {\n            if (u[i - 1][j]) {\n                ans[i][j] = 1;\n                change(i, j);\n            }\n        }\n    }\n    for (int i = 0; i < 10; i++) {\n        if (u[9][i]) return 0;\n    }\n    return 1;\n}\n\nvoid change(int y, int x) {\n    u[y][x] = !u[y][x];\n    if (y > 0) u[y - 1][x] = !u[y - 1][x];\n    if (x > 0) u[y][x - 1] = !u[y][x - 1];\n    if (y < 9) u[y + 1][x] = !u[y + 1][x];\n    if (x < 9) u[y][x + 1] = !u[y][x + 1];\n}') | LineLLMMutation(('source.cpp', 45), '#include <cstdio>\nusing namespace std;\n\nint t[10][10], u[10][10], ans[10][10], n, flg;\n\nint compute();\nvoid change(int, int);\n\nint main() {\n    scanf("%d", &n);\n    while (n--) {\n        flg = 0;\n        for (int i = 0; i < 10; i++) {\n            for (int j = 0; j < 10; j++) {\n                scanf("%d", &t[i][j]);\n                ans[i][j] = 0;\n            }\n        }\n        for (int mask = 0; mask < (1 << 10); ++mask) {\n            for (int i = 0; i < 10; ++i) {\n                ans[0][i] = (mask & (1 << i)) ? 1 : 0;\n            }\n            if (compute()) {\n                for (int i = 0; i < 10; i++) {\n                    for (int j = 0; j < 10; j++) {\n                        if (j) printf(" ");\n                        printf("%d", ans[i][j]);\n                    }\n                    printf("\\n");\n                }\n                break;\n            }\n        }\n    }\n    return 0;\n}\n\nint compute() {\n    for (int i = 0; i < 10; i++) {\n        for (int j = 0; j < 10; j++) {\n            u[i][j] = t[i][j];\n            if (i) ans[i][j] = 0;\n        }\n    }\n    for (int i = 0; i < 10; i++) {\n        if (ans[0][i]) change(0, i);\n    }\n    // Optimize the nested loop by using a single loop to track changes\n    for (int i = 1; i < 10; i++) {\n        for (int j = 0; j < 10; j++) {\n            if (u[i - 1][j]) {\n                ans[i][j] = 1;\n                change(i, j);\n            }\n        }\n    }\n    bool found = false;\n    for (int i = 0; i < 10; i++) {\n        if (u[9][i]) {\n            found = true;\n            break;\n        }\n    }\n    return !found;\n}\n\nvoid change(int y, int x) {\n    u[y][x] = !u[y][x];\n    if (y > 0) u[y - 1][x] = !u[y - 1][x];\n    if (x > 0) u[y][x - 1] = !u[y][x - 1];\n    if (y < 9) u[y + 1][x] = !u[y + 1][x];\n    if (x < 9) u[y][x + 1] = !u[y][x + 1];\n}')"
2025-01-23 18:29:39,960	[INFO]	Step: 100
2025-01-23 18:29:39,960	[INFO]	Stop Steps: 100
2025-01-23 18:29:39,960	[INFO]	(Abstract Algorithm) Stopping Condition: step budget
2025-01-23 18:29:41,093	[INFO]	~~~~ END ~~~~
2025-01-23 18:29:41,093	[INFO]	Best patch step: 94
2025-01-23 18:29:41,093	[INFO]	
2025-01-23 18:29:41,093	[INFO]	==== REPORT ====
2025-01-23 18:29:41,093	[INFO]	Termination: step budget
2025-01-23 18:29:41,093	[INFO]	Log file: /home/ubuntu/eoc/magpie2/_magpie_logs/0032_1737655850.log
2025-01-23 18:29:41,093	[INFO]	Patch file: _magpie_logs/0032_1737655850.patch
2025-01-23 18:29:41,093	[INFO]	Diff file: _magpie_logs/0032_1737655850.diff
2025-01-23 18:29:41,093	[INFO]	Reference fitness: 3910861.44
2025-01-23 18:29:41,093	[INFO]	Best fitness: 961548.50
2025-01-23 18:29:41,093	[INFO]	
2025-01-23 18:29:41,094	[INFO]	==== BEST PATCH ====
LineLLMCrossover(('source.cpp', 34), '#include <cstdio>\nusing namespace std;\n\nint t[10][10], u[10][10], ans[10][10], n, flg;\n\nint compute();\nvoid change(int, int);\n\nint main() {\n    scanf("%d", &n);\n    while (n--) {\n        flg = 0;\n        for (int i = 0; i < 10; i++) {\n            for (int j = 0; j < 10; j++) {\n                scanf("%d", &t[i][j]);\n                ans[i][j] = 0;\n            }\n        }\n        for (int mask = 0; mask < (1 << 10); ++mask) {\n            for (int i = 0; i < 10; ++i) {\n                ans[0][i] = (mask & (1 << i)) ? 1 : 0;\n            }\n            if (compute()) {\n                for (int i = 0; i < 10; i++) {\n                    for (int j = 0; j < 10; j++) {\n                        if (j) printf(" ");\n                        printf("%d", ans[i][j]);\n                    }\n                    printf("\\n");\n                }\n                break;\n            }\n        }\n    }\n    return 0;\n}\n\nint compute() {\n    for (int i = 0; i < 10; i++) {\n        for (int j = 0; j < 10; j++) {\n            u[i][j] = t[i][j];\n            if (i) ans[i][j] = 0; // Maintain previous logic\n        }\n    }\n    for (int i = 0; i < 10; i++) {\n        if (ans[0][i]) change(0, i);\n    }\n    for (int i = 1; i < 10; i++) {\n        for (int j = 0; j < 10; j++) {\n            if (u[i - 1][j]) {\n                ans[i][j] = 1;\n                change(i, j);\n            }\n        }\n    }\n    for (int i = 0; i < 10; i++) {\n        if (u[9][i]) return 0; // Check if last row has active cells\n    }\n    return 1; // No active cells found\n}\n\nvoid change(int y, int x) {\n    u[y][x] = !u[y][x];\n    if (y > 0) u[y - 1][x] = !u[y - 1][x];\n    if (x > 0) u[y][x - 1] = !u[y][x - 1];\n    if (y < 9) u[y + 1][x] = !u[y + 1][x];\n    if (x < 9) u[y][x + 1] = !u[y][x + 1];\n}')
2025-01-23 18:29:41,094	[INFO]	
2025-01-23 18:29:41,094	[INFO]	==== DIFF ====

