2025-01-24 19:19:31,010	[DEBUG]	==== CONFIG ====
[magpie]
import = 
seed = 2405132036079114
log_dir = _magpie_logs
work_dir = _magpie_work
local_original_copy = True
local_original_name = __original__
output_encoding = ascii
edit_retries = 10
default_timeout = 30
default_lengthout = 10000.0
diff_method = unified
trust_local_filesystem = True

[magpie.log]
color_output = True
format_info = {counter:<7} {status:<20} {best}{fitness} ({ratio}) [{size}] {cached} {log}
format_debug = patch({counter})="{patch}"{diffifbest}
format_fitness = {:.2f}
format_ratio = {:.2%%}
format_patchif = 
	 --> {patch}
format_diffif = 
	{diff}

[software]
path = dataset/magpie_dataset/train/0120
target_files = 
	source.cpp
software = BasicSoftware
model_rules = 
	*.params : ParamFileConfigModel
	*.xml : SrcmlModel
	* : LineModel
model_config = 
	*.params : [paramconfig]
	*.xml : [srcml]
init_cmd = 
init_timeout = 60
init_lengthout = -1
setup_cmd = bash setup.sh
setup_timeout = 
setup_lengthout = 
compile_cmd = bash compile.sh
compile_timeout = 
compile_lengthout = 
test_cmd = bash test.sh
test_timeout = 
test_lengthout = 
run_cmd = bash run.sh
run_timeout = 3
run_lengthout = 
batch_timeout = 
batch_lengthout = 
batch_bin_fitness_strategy = aggregate
batch_fitness_strategy = sum
fitness = time

[srcml]
rename = 
	stmt: break continue decl_stmt do expr_stmt for goto if return switch while
	number: literal_number
focus = block stmt operator_comp operator_arith number
internodes = block
process_pseudo_blocks = True
process_literals = True
process_operators = True

[paramconfig]
timing = test run
cli_prefix = --
cli_glue = =
cli_boolean = show
cli_boolean_prefix_true = 
cli_boolean_prefix_false = no-
cli_none = hide
silent_prefix = @
silent_suffix = $

[search]
protocol = BasicProtocol
algorithm = GeneticProgrammingLLM
possible_edits = 
	LineLLMMutation
	LineLLMCrossover
	LineDeletion
	LineInsertion
	LineReplacement
llm_prob = 1.0
warmup = 5
warmup_strategy = last
max_steps = 100
max_time = 20000
target_fitness = 
cache_maxsize = 100
cache_keep = 0.2
batch_instances = 
batch_shuffle = True
batch_bin_shuffle = False
batch_sample_size = 1

[search.ls]
delete_prob = 0.5
max_neighbours = 
when_trapped = continue
accept_fail = False
tabu_length = 10

[search.gp]
pop_size = 10
delete_prob = 0.0
offspring_elitism = 0.2
offspring_crossover = 0.4
offspring_mutation = 0.4
uniform_rate = 0.5
batch_reset = True

[search.minify]
do_cleanup = True
do_rebuild = True
do_simplify = True
round_robin_limit = 3


2025-01-24 19:19:31,010	[DEBUG]	
2025-01-24 19:19:31,010	[INFO]	==== SEARCH: GeneticProgrammingLLM ====
2025-01-24 19:19:31,010	[INFO]	~~~~ WARMUP ~~~~
2025-01-24 19:19:32,526	[DEBUG]	EXEC>  SUCCESS 3620733.0
2025-01-24 19:19:32,526	[INFO]	WARM    SUCCESS               3620733.00 (--) [0 edit(s)]  
2025-01-24 19:19:33,372	[DEBUG]	EXEC>  SUCCESS 3618471.25
2025-01-24 19:19:33,372	[INFO]	WARM    SUCCESS               3618471.25 (--) [0 edit(s)]  
2025-01-24 19:19:34,085	[DEBUG]	EXEC>  SUCCESS 3746602.0
2025-01-24 19:19:34,085	[INFO]	WARM    SUCCESS               3746602.00 (--) [0 edit(s)]  
2025-01-24 19:19:34,865	[DEBUG]	EXEC>  SUCCESS 4543642.625
2025-01-24 19:19:34,865	[INFO]	WARM    SUCCESS               4543642.62 (--) [0 edit(s)]  
2025-01-24 19:19:35,635	[DEBUG]	EXEC>  SUCCESS 3947719.625
2025-01-24 19:19:35,635	[INFO]	WARM    SUCCESS               3947719.62 (--) [0 edit(s)]  
2025-01-24 19:19:35,635	[INFO]	REF     SUCCESS               3947719.62 (--) [0 edit(s)]  
2025-01-24 19:19:35,636	[INFO]	
2025-01-24 19:19:35,636	[INFO]	~~~~ START ~~~~
2025-01-24 19:21:29,527	[DEBUG]	EXEC>  SUCCESS 3666648.5
2025-01-24 19:21:29,528	[INFO]	0-1     SUCCESS              *3666648.50 (92.88%) [1 edit(s)]  
2025-01-24 19:21:29,528	[DEBUG]	patch(0-1)="LineLLMMutation(('source.cpp', 0), '#include <iostream>\n#include <algorithm>\n#include <cstring>\n#include <cstdio>\n#include <vector>\n#include <map>\nusing namespace std;\n\ntypedef vector<int> PP;\ntypedef vector<PP> P;\n\nint n, r;\n\nstruct block {\n    int x1, x2, y, f;\n};\n\nblock b[20002];\nint fie[10002][2];\n\nbool comp(const block &b1, const block &b2) {\n    return b1.y < b2.y;\n}\n\nint main(void) {\n    while (1) {\n        scanf("%d%d", &n, &r);\n        if (n == 0 && r == 0) break;\n\n        memset(fie, 0, sizeof(fie));\n        memset(b, 0, sizeof(b));\n\n        for (int i = 0; i < n; i++) {\n            int y1, y2;\n            scanf("%d%d%d%d", &b[i * 2].x1, &y1, &b[i * 2].x2, &y2);\n            b[i * 2].x2--;\n            b[i * 2 + 1].x1 = b[i * 2].x1;\n            b[i * 2 + 1].x2 = b[i * 2].x2;\n            b[i * 2].y = y1;\n            b[i * 2 + 1].y = y2;\n            b[i * 2].f = 1;\n            b[i * 2 + 1].f = -1;\n        }\n\n        sort(b, b + n * 2, comp);\n        int ny = 0;\n        int now = 0, prev = 1;\n        int res = 0, res2 = 0;\n\n        for (int i = 0; i < n * 2; i++) {\n            if (ny != b[i].y) {\n                swap(now, prev);\n                int cnt = 0, cnt2 = 0, bt = 0, cnt3 = 0;\n                for (int j = 0; j <= 10000; j++) {\n                    if (fie[j][now] > 0 && fie[j][prev] == 0) cnt3++;\n                    if (fie[j][now] == 0 && fie[j][prev] > 0) cnt3++;\n                    fie[j][now] = fie[j][prev];\n                    if (fie[j][now] > 0) {\n                        cnt++;\n                        if (bt == 0) cnt2++, bt = 1;\n                    } else bt = 0;\n                }\n                res += cnt * (b[i].y - ny);\n                res2 += cnt2 * 2 * (b[i].y - ny) + cnt3;\n            }\n            ny = b[i].y;\n            for (int j = b[i].x1; j <= b[i].x2; j++) fie[j][now] += b[i].f;\n        }\n\n        printf("%d\\n", res);\n        if (r == 2) {\n            swap(now, prev);\n            int cnt3 = 0;\n            for (int j = 0; j <= 10000; j++) {\n                if (fie[j][now] > 0 && fie[j][prev] == 0) cnt3++;\n                if (fie[j][now] == 0 && fie[j][prev] > 0) cnt3++;\n                fie[j][now] = fie[j][prev];\n            }\n            res2 += cnt3;\n            printf("%d\\n", res2);\n        }\n    }\n    return 0;\n}')"

2025-01-24 19:21:31,333	[DEBUG]	EXEC>  SUCCESS 3496844.5625
2025-01-24 19:21:31,333	[INFO]	0-2     SUCCESS              *3496844.56 (88.58%) [1 edit(s)]  
2025-01-24 19:21:31,333	[DEBUG]	patch(0-2)="LineLLMMutation(('source.cpp', 1), '#include <iostream>\n#include <algorithm>\n#include <cstring>\n#include <cstdio>\n#include <vector>\n#include <map>\nusing namespace std;\n\ntypedef vector<int> PP;\ntypedef vector<PP> P;\n\nint n, r;\n\nstruct block {\n    int x1, x2, y, f;\n};\n\nblock b[20002];\nint fie[10002][2];\n\nbool comp(const block &b1, const block &b2) {\n    return b1.y < b2.y;\n}\n\nvoid initArrays() {\n    for (int i = 0; i < 10002; ++i)\n        fie[i][0] = fie[i][1] = 0;\n    for (int i = 0; i < 20002; ++i)\n        b[i] = {0, 0, 0, 0};\n}\n\nint main(void) {\n    while (1) {\n        scanf("%d%d", &n, &r);\n        if (n == 0 && r == 0) break;\n\n        initArrays();\n        \n        for (int i = 0; i < n; i++) {\n            int y1, y2;\n            scanf("%d%d%d%d", &b[i * 2].x1, &y1, &b[i * 2].x2, &y2);\n            b[i * 2].x2--;\n            b[i * 2 + 1].x1 = b[i * 2].x1;\n            b[i * 2 + 1].x2 = b[i * 2].x2;\n            b[i * 2].y = y1;\n            b[i * 2 + 1].y = y2;\n            b[i * 2].f = 1;\n            b[i * 2 + 1].f = -1;\n        }\n\n        sort(b, b + n * 2, comp);\n        int ny = 0;\n        int now = 0, prev = 1;\n        int res = 0, res2 = 0;\n\n        for (int i = 0; i < n * 2; i++) {\n            if (ny != b[i].y) {\n                swap(now, prev);\n                int cnt = 0, cnt2 = 0, bt = 0, cnt3 = 0;\n                for (int j = 0; j <= 10000; j++) {\n                    if (fie[j][now] > 0 && fie[j][prev] == 0) cnt3++;\n                    if (fie[j][now] == 0 && fie[j][prev] > 0) cnt3++;\n                    fie[j][now] = fie[j][prev];\n                    if (fie[j][now] > 0) {\n                        cnt++;\n                        if (bt == 0) cnt2++, bt = 1;\n                    } else bt = 0;\n                }\n                res += cnt * (b[i].y - ny);\n                res2 += cnt2 * 2 * (b[i].y - ny) + cnt3;\n            }\n            ny = b[i].y;\n            for (int j = b[i].x1; j <= b[i].x2; j++) fie[j][now] += b[i].f;\n        }\n\n        printf("%d\\n", res);\n        if (r == 2) {\n            swap(now, prev);\n            int cnt3 = 0;\n            for (int j = 0; j <= 10000; j++) {\n                if (fie[j][now] > 0 && fie[j][prev] == 0) cnt3++;\n                if (fie[j][now] == 0 && fie[j][prev] > 0) cnt3++;\n                fie[j][now] = fie[j][prev];\n            }\n            res2 += cnt3;\n            printf("%d\\n", res2);\n        }\n    }\n    return 0;\n}')"

2025-01-24 19:21:33,262	[DEBUG]	EXEC>  SUCCESS 4566308.9375
2025-01-24 19:21:33,262	[INFO]	0-3     SUCCESS               4566308.94 (115.67%) [1 edit(s)]  
2025-01-24 19:21:33,262	[DEBUG]	patch(0-3)="LineLLMMutation(('source.cpp', 2), '#include <iostream>\n#include <algorithm>\n#include <cstring>\n#include <cstdio>\n#include <vector>\n#include <map>\nusing namespace std;\n\ntypedef vector<int> PP;\ntypedef vector<PP> P;\n\nint n, r;\n\nstruct block {\n    short x1, x2; // Changed to short for smaller size\n    short y;      // Changed to short for smaller size\n    char f;       // Changed to char for smaller size\n};\n\nblock b[20002];\nint fie[10002][2];\n\nbool comp(const block &b1, const block &b2) {\n    return b1.y < b2.y;\n}\n\nint main(void) {\n    while (1) {\n        scanf("%d%d", &n, &r);\n        if (n == 0 && r == 0) break;\n\n        memset(fie, 0, sizeof(fie));\n        memset(b, 0, sizeof(b));\n\n        for (int i = 0; i < n; i++) {\n            int y1, y2;\n            scanf("%d%d%d%d", &b[i * 2].x1, &y1, &b[i * 2].x2, &y2);\n            b[i * 2].x2--;\n            b[i * 2 + 1].x1 = b[i * 2].x1;\n            b[i * 2 + 1].x2 = b[i * 2].x2;\n            b[i * 2].y = y1;\n            b[i * 2 + 1].y = y2;\n            b[i * 2].f = 1;\n            b[i * 2 + 1].f = -1;\n        }\n\n        sort(b, b + n * 2, comp);\n        int ny = 0;\n        int now = 0, prev = 1;\n        int res = 0, res2 = 0;\n\n        for (int i = 0; i < n * 2; i++) {\n            if (ny != b[i].y) {\n                swap(now, prev);\n                int cnt = 0, cnt2 = 0, bt = 0, cnt3 = 0;\n                for (int j = 0; j <= 10000; j++) {\n                    if (fie[j][now] > 0 && fie[j][prev] == 0) cnt3++;\n                    if (fie[j][now] == 0 && fie[j][prev] > 0) cnt3++;\n                    fie[j][now] = fie[j][prev];\n                    if (fie[j][now] > 0) {\n                        cnt++;\n                        if (bt == 0) cnt2++, bt = 1;\n                    } else bt = 0;\n                }\n                res += cnt * (b[i].y - ny);\n                res2 += cnt2 * 2 * (b[i].y - ny) + cnt3;\n            }\n            ny = b[i].y;\n            for (int j = b[i].x1; j <= b[i].x2; j++) fie[j][now] += b[i].f;\n        }\n\n        printf("%d\\n", res);\n        if (r == 2) {\n            swap(now, prev);\n            int cnt3 = 0;\n            for (int j = 0; j <= 10000; j++) {\n                if (fie[j][now] > 0 && fie[j][prev] == 0) cnt3++;\n                if (fie[j][now] == 0 && fie[j][prev] > 0) cnt3++;\n                fie[j][now] = fie[j][prev];\n            }\n            res2 += cnt3;\n            printf("%d\\n", res2);\n        }\n    }\n    return 0;\n}')"
2025-01-24 19:21:35,007	[DEBUG]	EXEC>  SUCCESS 3193219.5
2025-01-24 19:21:35,008	[INFO]	0-4     SUCCESS              *3193219.50 (80.89%) [1 edit(s)]  
2025-01-24 19:21:35,008	[DEBUG]	patch(0-4)="LineLLMMutation(('source.cpp', 3), '#include <iostream>\n#include <algorithm>\n#include <cstring>\n#include <cstdio>\n#include <vector>\n#include <map>\n#include <array>\nusing namespace std;\n\ntypedef vector<int> PP;\ntypedef vector<PP> P;\n\nint n, r;\n\nstruct block {\n    int x1, x2, y, f;\n};\n\nblock b[20002];\narray<array<int, 2>, 10002> fie; // Using std::array\n\nbool comp(const block &b1, const block &b2) {\n    return b1.y < b2.y;\n}\n\nint main(void) {\n    while (1) {\n        scanf("%d%d", &n, &r);\n        if (n == 0 && r == 0) break;\n\n        fie.fill({0, 0}); // Initialize using std::array\n\n        for (int i = 0; i < n; i++) {\n            int y1, y2;\n            scanf("%d%d%d%d", &b[i * 2].x1, &y1, &b[i * 2].x2, &y2);\n            b[i * 2].x2--;\n            b[i * 2 + 1].x1 = b[i * 2].x1;\n            b[i * 2 + 1].x2 = b[i * 2].x2;\n            b[i * 2].y = y1;\n            b[i * 2 + 1].y = y2;\n            b[i * 2].f = 1;\n            b[i * 2 + 1].f = -1;\n        }\n\n        sort(b, b + n * 2, comp);\n        int ny = 0;\n        int now = 0, prev = 1;\n        int res = 0, res2 = 0;\n\n        for (int i = 0; i < n * 2; i++) {\n            if (ny != b[i].y) {\n                swap(now, prev);\n                int cnt = 0, cnt2 = 0, bt = 0, cnt3 = 0;\n                for (int j = 0; j <= 10000; j++) {\n                    if (fie[j][now] > 0 && fie[j][prev] == 0) cnt3++;\n                    if (fie[j][now] == 0 && fie[j][prev] > 0) cnt3++;\n                    fie[j][now] = fie[j][prev];\n                    if (fie[j][now] > 0) {\n                        cnt++;\n                        if (bt == 0) cnt2++, bt = 1;\n                    } else bt = 0;\n                }\n                res += cnt * (b[i].y - ny);\n                res2 += cnt2 * 2 * (b[i].y - ny) + cnt3;\n            }\n            ny = b[i].y;\n            for (int j = b[i].x1; j <= b[i].x2; j++) fie[j][now] += b[i].f;\n        }\n\n        printf("%d\\n", res);\n        if (r == 2) {\n            swap(now, prev);\n            int cnt3 = 0;\n            for (int j = 0; j <= 10000; j++) {\n                if (fie[j][now] > 0 && fie[j][prev] == 0) cnt3++;\n                if (fie[j][now] == 0 && fie[j][prev] > 0) cnt3++;\n                fie[j][now] = fie[j][prev];\n            }\n            res2 += cnt3;\n            printf("%d\\n", res2);\n        }\n    }\n    return 0;\n}')"

2025-01-24 19:21:36,740	[DEBUG]	EXEC>  SUCCESS 3444289.3125
2025-01-24 19:21:36,740	[INFO]	0-5     SUCCESS               3444289.31 (87.25%) [1 edit(s)]  
2025-01-24 19:21:36,740	[DEBUG]	patch(0-5)="LineLLMMutation(('source.cpp', 4), '#include <iostream>\n#include <algorithm>\n#include <cstring>\n#include <cstdio>\n#include <vector>\n#include <map>\nusing namespace std;\n\ntypedef vector<int> PP;\ntypedef vector<PP> P;\n\nint n, r;\n\nstruct block {\n    int x1, x2, y, f;\n};\n\nblock b[20002];\nint fie[10002][2];\n\nbool comp(const block &b1, const block &b2) {\n    return b1.y < b2.y;\n}\n\nint main(void) {\n    while (1) {\n        scanf("%d%d", &n, &r);\n        if (n == 0 && r == 0) break;\n\n        memset(fie, 0, sizeof(fie));\n        memset(b, 0, sizeof(b));\n\n        for (int i = 0; i < n; i++) {\n            int y1, y2;\n            scanf("%d%d%d%d", &b[i * 2].x1, &y1, &b[i * 2].x2, &y2);\n            b[i * 2].x2--;\n            b[i * 2 + 1].x1 = b[i * 2].x1;\n            b[i * 2 + 1].x2 = b[i * 2].x2;\n            b[i * 2].y = y1;\n            b[i * 2 + 1].y = y2;\n            b[i * 2].f = 1;\n            b[i * 2 + 1].f = -1;\n        }\n\n        sort(b, b + n * 2, comp);\n        int ny = 0;\n        int now = 0, prev = 1;\n        int res = 0, res2 = 0;\n\n        for (int i = 0; i < n * 2; i++) {\n            if (ny != b[i].y) {\n                swap(now, prev);\n                int cnt = 0, cnt2 = 0, bt = 0, cnt3 = 0;\n                for (int j = 0; j <= 10000; j++) {\n                    if (fie[j][now] > 0 && fie[j][prev] == 0) cnt3++;\n                    if (fie[j][now] == 0 && fie[j][prev] > 0) cnt3++;\n                    fie[j][now] = fie[j][prev];\n                    if (fie[j][now] > 0) {\n                        cnt++;\n                        if (bt == 0) cnt2++, bt = 1;\n                    } else bt = 0;\n                }\n                res += cnt * (b[i].y - ny);\n                res2 += cnt2 * 2 * (b[i].y - ny) + cnt3;\n            }\n            ny = b[i].y;\n            for (int j = b[i].x1; j <= b[i].x2; j++) fie[j][now] += b[i].f;\n        }\n\n        printf("%d\\n", res);\n        if (r == 2) {\n            swap(now, prev);\n            int cnt3 = 0;\n            for (int j = 0; j <= 10000; j++) {\n                if (fie[j][now] > 0 && fie[j][prev] == 0) cnt3++;\n                if (fie[j][now] == 0 && fie[j][prev] > 0) cnt3++;\n                fie[j][now] = fie[j][prev];\n            }\n            res2 += cnt3;\n            printf("%d\\n", res2);\n        }\n    }\n    return 0;\n}')"
2025-01-24 19:21:38,605	[DEBUG]	EXEC>  SUCCESS 6286748.375
2025-01-24 19:21:38,605	[INFO]	0-6     SUCCESS               6286748.38 (159.25%) [1 edit(s)]  
2025-01-24 19:21:38,605	[DEBUG]	patch(0-6)="LineLLMMutation(('source.cpp', 5), '#include <iostream>\n#include <algorithm>\n#include <cstring>\n#include <cstdio>\n#include <vector>\n#include <map>\nusing namespace std;\n\ntypedef vector<int> PP;\ntypedef vector<PP> P;\n\nint n, r;\n\nstruct block {\n    int x1, x2, y, f;\n};\n\nblock b[20002];\nvector<vector<int>> fie(10002, vector<int>(2, 0)); // Using std::vector\n\nbool comp(const block &b1, const block &b2) {\n    return b1.y < b2.y;\n}\n\nint main(void) {\n    while (1) {\n        scanf("%d%d", &n, &r);\n        if (n == 0 && r == 0) break;\n\n        fill(fie.begin(), fie.end(), vector<int>(2, 0)); // Reset using std::vector\n\n        for (int i = 0; i < n; i++) {\n            int y1, y2;\n            scanf("%d%d%d%d", &b[i * 2].x1, &y1, &b[i * 2].x2, &y2);\n            b[i * 2].x2--;\n            b[i * 2 + 1].x1 = b[i * 2].x1;\n            b[i * 2 + 1].x2 = b[i * 2].x2;\n            b[i * 2].y = y1;\n            b[i * 2 + 1].y = y2;\n            b[i * 2].f = 1;\n            b[i * 2 + 1].f = -1;\n        }\n\n        sort(b, b + n * 2, comp);\n        int ny = 0;\n        int now = 0, prev = 1;\n        int res = 0, res2 = 0;\n\n        for (int i = 0; i < n * 2; i++) {\n            if (ny != b[i].y) {\n                swap(now, prev);\n                int cnt = 0, cnt2 = 0, bt = 0, cnt3 = 0;\n                for (int j = 0; j <= 10000; j++) {\n                    if (fie[j][now] > 0 && fie[j][prev] == 0) cnt3++;\n                    if (fie[j][now] == 0 && fie[j][prev] > 0) cnt3++;\n                    fie[j][now] = fie[j][prev];\n                    if (fie[j][now] > 0) {\n                        cnt++;\n                        if (bt == 0) cnt2++, bt = 1;\n                    } else bt = 0;\n                }\n                res += cnt * (b[i].y - ny);\n                res2 += cnt2 * 2 * (b[i].y - ny) + cnt3;\n            }\n            ny = b[i].y;\n            for (int j = b[i].x1; j <= b[i].x2; j++) fie[j][now] += b[i].f;\n        }\n\n        printf("%d\\n", res);\n        if (r == 2) {\n            swap(now, prev);\n            int cnt3 = 0;\n            for (int j = 0; j <= 10000; j++) {\n                if (fie[j][now] > 0 && fie[j][prev] == 0) cnt3++;\n                if (fie[j][now] == 0 && fie[j][prev] > 0) cnt3++;\n                fie[j][now] = fie[j][prev];\n            }\n            res2 += cnt3;\n            printf("%d\\n", res2);\n        }\n    }\n    return 0;\n}')"
2025-01-24 19:21:40,326	[DEBUG]	EXEC>  SUCCESS 3572275.0625
2025-01-24 19:21:40,327	[INFO]	0-7     SUCCESS               3572275.06 (90.49%) [1 edit(s)]  
2025-01-24 19:21:40,327	[DEBUG]	patch(0-7)="LineLLMMutation(('source.cpp', 6), '#include <iostream>\n#include <algorithm>\n#include <cstring>\n#include <cstdio>\n#include <vector>\n#include <map>\nusing namespace std;\n\ntypedef vector<int> PP;\ntypedef vector<PP> P;\n\nint n, r;\n\nstruct block {\n    int x1, x2, y, f;\n};\n\nblock b[20002];\nint fie[10002][2];\n\nbool comp(const block &b1, const block &b2) {\n    return b1.y < b2.y;\n}\n\nint main(void) {\n    while (1) {\n        scanf("%d%d", &n, &r);\n        if (n == 0 && r == 0) break;\n\n        memset(fie, 0, sizeof(fie));\n        memset(b, 0, sizeof(b));\n\n        for (int i = 0; i < n; i++) {\n            int y1, y2;\n            scanf("%d%d%d%d", &b[i * 2].x1, &y1, &b[i * 2].x2, &y2);\n            b[i * 2].x2--;\n            b[i * 2 + 1].x1 = b[i * 2].x1;\n            b[i * 2 + 1].x2 = b[i * 2].x2;\n            b[i * 2].y = y1;\n            b[i * 2 + 1].y = y2;\n            b[i * 2].f = 1;\n            b[i * 2 + 1].f = -1;\n        }\n\n        sort(b, b + n * 2, [](const block &b1, const block &b2) { return b1.y < b2.y; });\n        int ny = 0;\n        int now = 0, prev = 1;\n        int res = 0, res2 = 0;\n\n        for (int i = 0; i < n * 2; i++) {\n            if (ny != b[i].y) {\n                swap(now, prev);\n                int cnt = 0, cnt2 = 0, bt = 0, cnt3 = 0;\n                for (int j = 0; j <= 10000; j++) {\n                    if (fie[j][now] > 0 && fie[j][prev] == 0) cnt3++;\n                    if (fie[j][now] == 0 && fie[j][prev] > 0) cnt3++;\n                    fie[j][now] = fie[j][prev];\n                    if (fie[j][now] > 0) {\n                        cnt++;\n                        if (bt == 0) cnt2++, bt = 1;\n                    } else bt = 0;\n                }\n                res += cnt * (b[i].y - ny);\n                res2 += cnt2 * 2 * (b[i].y - ny) + cnt3;\n            }\n            ny = b[i].y;\n            for (int j = b[i].x1; j <= b[i].x2; j++) fie[j][now] += b[i].f;\n        }\n\n        printf("%d\\n", res);\n        if (r == 2) {\n            swap(now, prev);\n            int cnt3 = 0;\n            for (int j = 0; j <= 10000; j++) {\n                if (fie[j][now] > 0 && fie[j][prev] == 0) cnt3++;\n                if (fie[j][now] == 0 && fie[j][prev] > 0) cnt3++;\n                fie[j][now] = fie[j][prev];\n            }\n            res2 += cnt3;\n            printf("%d\\n", res2);\n        }\n    }\n    return 0;\n}')"
2025-01-24 19:21:42,186	[DEBUG]	EXEC>  SUCCESS 3957584.5625
2025-01-24 19:21:42,187	[INFO]	0-8     SUCCESS               3957584.56 (100.25%) [1 edit(s)]  
2025-01-24 19:21:42,187	[DEBUG]	patch(0-8)="LineLLMMutation(('source.cpp', 7), '#include <iostream>\n#include <algorithm>\n#include <cstring>\n#include <cstdio>\n#include <vector>\n#include <map>\nusing namespace std;\n\ntypedef vector<int> PP;\ntypedef vector<PP> P;\n\nint n, r;\n\nstruct block {\n    int x1, x2, y, f;\n};\n\nblock b[20002];\nint fie[10002][2];\n\nbool comp(const block &b1, const block &b2) {\n    return b1.y < b2.y;\n}\n\nint main(void) {\n    while (1) {\n        scanf("%d%d", &n, &r);\n        if (n == 0 && r == 0) break;\n\n        memset(fie, 0, sizeof(fie));\n        memset(b, 0, sizeof(b));\n\n        for (int i = 0; i < n; i++) {\n            int y1, y2;\n            scanf("%d%d%d%d", &b[i * 2].x1, &y1, &b[i * 2].x2, &y2);\n            b[i * 2].x2--;\n            b[i * 2 + 1].x1 = b[i * 2].x1;\n            b[i * 2 + 1].x2 = b[i * 2].x2;\n            b[i * 2].y = y1;\n            b[i * 2 + 1].y = y2;\n            b[i * 2].f = 1;\n            b[i * 2 + 1].f = -1;\n        }\n\n        sort(b, b + n * 2, comp);\n        int ny = 0;\n        int now = 0, prev = 1;\n        int res = 0, res2 = 0;\n\n        for (int i = 0; i < n * 2; i++) {\n            if (ny != b[i].y) {\n                swap(now, prev);\n                int cnt = 0, cnt2 = 0, bt = 0, cnt3 = 0;\n                for (int j = 0; j <= 10000; j++) {\n                    if (fie[j][now] > 0 && fie[j][prev] == 0) cnt3++;\n                    if (fie[j][now] == 0 && fie[j][prev] > 0) cnt3++;\n                    fie[j][now] = fie[j][prev];\n                    if (fie[j][now] > 0) {\n                        cnt++;\n                        if (bt == 0) cnt2++, bt = 1;\n                    } else bt = 0;\n                }\n                res += cnt * (b[i].y - ny);\n                res2 += cnt2 * 2 * (b[i].y - ny) + cnt3;\n            }\n            ny = b[i].y;\n            for (int j = b[i].x1; j <= b[i].x2; j++) {\n                fie[j][now] += b[i].f;\n                // Combine the logic to avoid separate loops for x1 and x2\n            }\n        }\n\n        printf("%d\\n", res);\n        if (r == 2) {\n            swap(now, prev);\n            int cnt3 = 0;\n            for (int j = 0; j <= 10000; j++) {\n                if (fie[j][now] > 0 && fie[j][prev] == 0) cnt3++;\n                if (fie[j][now] == 0 && fie[j][prev] > 0) cnt3++;\n                fie[j][now] = fie[j][prev];\n            }\n            res2 += cnt3;\n            printf("%d\\n", res2);\n        }\n    }\n    return 0;\n}')"
2025-01-24 19:21:43,603	[INFO]	0-9     COMPILE_CODE_ERROR    None (--) [1 edit(s)]  
2025-01-24 19:21:43,603	[DEBUG]	patch(0-9)="LineLLMMutation(('source.cpp', 8), '#include <iostream>\n#include <algorithm>\n#include <cstring>\n#include <cstdio>\n#include <vector>\n#include <map>\n#include <unordered_map>\nusing namespace std;\n\ntypedef vector<int> PP;\ntypedef vector<PP> P;\n\nint n, r;\n\nstruct block {\n    int x1, x2, y, f;\n};\n\nblock b[20002];\nunordered_map<int, array<int, 2>> fie; // Using std::unordered_map for dynamic allocation\n\nbool comp(const block &b1, const block &b2) {\n    return b1.y < b2.y;\n}\n\nint main(void) {\n    while (1) {\n        scanf("%d%d", &n, &r);\n        if (n == 0 && r == 0) break;\n\n        fie.clear(); // Reset the unordered_map\n\n        for (int i = 0; i < n; i++) {\n            int y1, y2;\n            scanf("%d%d%d%d", &b[i * 2].x1, &y1, &b[i * 2].x2, &y2);\n            b[i * 2].x2--;\n            b[i * 2 + 1].x1 = b[i * 2].x1;\n            b[i * 2 + 1].x2 = b[i * 2].x2;\n            b[i * 2].y = y1;\n            b[i * 2 + 1].y = y2;\n            b[i * 2].f = 1;\n            b[i * 2 + 1].f = -1;\n        }\n\n        sort(b, b + n * 2, comp);\n        int ny = 0;\n        int now = 0, prev = 1;\n        int res = 0, res2 = 0;\n\n        for (int i = 0; i < n * 2; i++) {\n            if (ny != b[i].y) {\n                swap(now, prev);\n                int cnt = 0, cnt2 = 0, bt = 0, cnt3 = 0;\n                for (const auto &[key, value] : fie) {\n                    if (value[now] > 0 && value[prev] == 0) cnt3++;\n                    if (value[now] == 0 && value[prev] > 0) cnt3++;\n                    value[now] = value[prev];\n                    if (value[now] > 0) {\n                        cnt++;\n                        if (bt == 0) cnt2++, bt = 1;\n                    } else bt = 0;\n                }\n                res += cnt * (b[i].y - ny);\n                res2 += cnt2 * 2 * (b[i].y - ny) + cnt3;\n            }\n            ny = b[i].y;\n            for (int j = b[i].x1; j <= b[i].x2; j++) fie[j][now] += b[i].f;\n        }\n\n        printf("%d\\n", res);\n        if (r == 2) {\n            swap(now, prev);\n            int cnt3 = 0;\n            for (int j = 0; j <= 10000; j++) {\n                if (fie[j][now] > 0 && fie[j][prev] == 0) cnt3++;\n                if (fie[j][now] == 0 && fie[j][prev] > 0) cnt3++;\n                fie[j][now] = fie[j][prev];\n            }\n            res2 += cnt3;\n            printf("%d\\n", res2);\n        }\n    }\n    return 0;\n}')"
2025-01-24 19:21:45,382	[DEBUG]	EXEC>  SUCCESS 3795624.375
2025-01-24 19:21:45,382	[INFO]	0-10    SUCCESS               3795624.38 (96.15%) [1 edit(s)]  
2025-01-24 19:21:45,382	[DEBUG]	patch(0-10)="LineLLMMutation(('source.cpp', 9), '#include <iostream>\n#include <algorithm>\n#include <cstring>\n#include <cstdio>\n#include <vector>\n#include <map>\n#include <array>\nusing namespace std;\n\ntypedef vector<int> PP;\ntypedef vector<PP> P;\n\nint n, r;\n\nstruct block {\n    int x1, x2, y, f;\n};\n\narray<block, 20002> b; // Use std::array for better memory layout\nint fie[10002][2];\n\nbool comp(const block &b1, const block &b2) {\n    return b1.y < b2.y;\n}\n\nint main(void) {\n    while (1) {\n        scanf("%d%d", &n, &r);\n        if (n == 0 && r == 0) break;\n\n        memset(fie, 0, sizeof(fie));\n\n        for (int i = 0; i < n; i++) {\n            int y1, y2;\n            scanf("%d%d%d%d", &b[i * 2].x1, &y1, &b[i * 2].x2, &y2);\n            b[i * 2].x2--;\n            b[i * 2 + 1].x1 = b[i * 2].x1;\n            b[i * 2 + 1].x2 = b[i * 2].x2;\n            b[i * 2].y = y1;\n            b[i * 2 + 1].y = y2;\n            b[i * 2].f = 1;\n            b[i * 2 + 1].f = -1;\n        }\n\n        sort(b.data(), b.data() + n * 2, comp);\n        int ny = 0;\n        int now = 0, prev = 1;\n        int res = 0, res2 = 0;\n\n        for (int i = 0; i < n * 2; i++) {\n            if (ny != b[i].y) {\n                swap(now, prev);\n                int cnt = 0, cnt2 = 0, bt = 0, cnt3 = 0;\n                for (int j = 0; j <= 10000; j++) {\n                    if (fie[j][now] > 0 && fie[j][prev] == 0) cnt3++;\n                    if (fie[j][now] == 0 && fie[j][prev] > 0) cnt3++;\n                    fie[j][now] = fie[j][prev];\n                    if (fie[j][now] > 0) {\n                        cnt++;\n                        if (bt == 0) cnt2++, bt = 1;\n                    } else bt = 0;\n                }\n                res += cnt * (b[i].y - ny);\n                res2 += cnt2 * 2 * (b[i].y - ny) + cnt3;\n            }\n            ny = b[i].y;\n            for (int j = b[i].x1; j <= b[i].x2; j++) fie[j][now] += b[i].f;\n        }\n\n        printf("%d\\n", res);\n        if (r == 2) {\n            swap(now, prev);\n            int cnt3 = 0;\n            for (int j = 0; j <= 10000; j++) {\n                if (fie[j][now] > 0 && fie[j][prev] == 0) cnt3++;\n                if (fie[j][now] == 0 && fie[j][prev] > 0) cnt3++;\n                fie[j][now] = fie[j][prev];\n            }\n            res2 += cnt3;\n            printf("%d\\n", res2);\n        }\n    }\n    return 0;\n}')"
2025-01-24 19:21:46,383	[INFO]	Step: 10
2025-01-24 19:21:46,384	[INFO]	Stop Steps: 100
2025-01-24 19:21:48,107	[DEBUG]	EXEC>  SUCCESS 3753945.6875
2025-01-24 19:21:48,108	[INFO]	REF     SUCCESS               3753945.69 (--) [0 edit(s)]  
2025-01-24 19:21:48,108	[INFO]	Best patch: 3
2025-01-24 19:21:48,899	[DEBUG]	EXEC>  SUCCESS 3391081.0625
2025-01-24 19:21:48,901	[INFO]	BEST    SUCCESS              *3391081.06 (90.33%) [0 edit(s)]  
2025-01-24 19:21:48,901	[INFO]	Best patch step: 3
2025-01-24 19:23:59,496	[INFO]	Step: 10
2025-01-24 19:23:59,496	[INFO]	Stop Steps: 100
2025-01-24 19:24:00,406	[DEBUG]	EXEC>  SUCCESS 3427262.9375
2025-01-24 19:24:00,407	[INFO]	1-1     SUCCESS              +3427262.94 (91.30%) [1 edit(s)]  
2025-01-24 19:24:00,407	[DEBUG]	patch(1-1)="LineLLMMutation(('source.cpp', 3), '#include <iostream>\n#include <algorithm>\n#include <cstring>\n#include <cstdio>\n#include <vector>\n#include <map>\n#include <array>\nusing namespace std;\n\ntypedef vector<int> PP;\ntypedef vector<PP> P;\n\nint n, r;\n\nstruct block {\n    int x1, x2, y, f;\n};\n\nblock b[20002];\narray<array<int, 2>, 10002> fie; // Using std::array\n\nbool comp(const block &b1, const block &b2) {\n    return b1.y < b2.y;\n}\n\nint main(void) {\n    while (1) {\n        scanf("%d%d", &n, &r);\n        if (n == 0 && r == 0) break;\n\n        fie.fill({0, 0}); // Initialize using std::array\n\n        for (int i = 0; i < n; i++) {\n            int y1, y2;\n            scanf("%d%d%d%d", &b[i * 2].x1, &y1, &b[i * 2].x2, &y2);\n            b[i * 2].x2--;\n            b[i * 2 + 1].x1 = b[i * 2].x1;\n            b[i * 2 + 1].x2 = b[i * 2].x2;\n            b[i * 2].y = y1;\n            b[i * 2 + 1].y = y2;\n            b[i * 2].f = 1;\n            b[i * 2 + 1].f = -1;\n        }\n\n        sort(b, b + n * 2, comp);\n        int ny = 0;\n        int now = 0, prev = 1;\n        int res = 0, res2 = 0;\n\n        for (int i = 0; i < n * 2; i++) {\n            if (ny != b[i].y) {\n                swap(now, prev);\n                int cnt = 0, cnt2 = 0, bt = 0, cnt3 = 0;\n                for (int j = 0; j <= 10000; j++) {\n                    if (fie[j][now] > 0 && fie[j][prev] == 0) cnt3++;\n                    if (fie[j][now] == 0 && fie[j][prev] > 0) cnt3++;\n                    fie[j][now] = fie[j][prev];\n                    if (fie[j][now] > 0) {\n                        cnt++;\n                        if (bt == 0) cnt2++, bt = 1;\n                    } else bt = 0;\n                }\n                res += cnt * (b[i].y - ny);\n                res2 += cnt2 * 2 * (b[i].y - ny) + cnt3;\n            }\n            ny = b[i].y;\n            for (int j = b[i].x1; j <= b[i].x2; j++) fie[j][now] += b[i].f;\n        }\n\n        printf("%d\\n", res);\n        if (r == 2) {\n            swap(now, prev);\n            int cnt3 = 0;\n            for (int j = 0; j <= 10000; j++) {\n                if (fie[j][now] > 0 && fie[j][prev] == 0) cnt3++;\n                if (fie[j][now] == 0 && fie[j][prev] > 0) cnt3++;\n                fie[j][now] = fie[j][prev];\n            }\n            res2 += cnt3;\n            printf("%d\\n", res2);\n        }\n    }\n    return 0;\n}')"
2025-01-24 19:24:00,407	[INFO]	Step: 11
2025-01-24 19:24:00,407	[INFO]	Stop Steps: 100
2025-01-24 19:24:01,130	[DEBUG]	EXEC>  SUCCESS 3472390.6875
2025-01-24 19:24:01,131	[INFO]	1-2     SUCCESS               3472390.69 (92.50%) [1 edit(s)]  
2025-01-24 19:24:01,131	[DEBUG]	patch(1-2)="LineLLMMutation(('source.cpp', 4), '#include <iostream>\n#include <algorithm>\n#include <cstring>\n#include <cstdio>\n#include <vector>\n#include <map>\nusing namespace std;\n\ntypedef vector<int> PP;\ntypedef vector<PP> P;\n\nint n, r;\n\nstruct block {\n    int x1, x2, y, f;\n};\n\nblock b[20002];\nint fie[10002][2];\n\nbool comp(const block &b1, const block &b2) {\n    return b1.y < b2.y;\n}\n\nint main(void) {\n    while (1) {\n        scanf("%d%d", &n, &r);\n        if (n == 0 && r == 0) break;\n\n        memset(fie, 0, sizeof(fie));\n        memset(b, 0, sizeof(b));\n\n        for (int i = 0; i < n; i++) {\n            int y1, y2;\n            scanf("%d%d%d%d", &b[i * 2].x1, &y1, &b[i * 2].x2, &y2);\n            b[i * 2].x2--;\n            b[i * 2 + 1].x1 = b[i * 2].x1;\n            b[i * 2 + 1].x2 = b[i * 2].x2;\n            b[i * 2].y = y1;\n            b[i * 2 + 1].y = y2;\n            b[i * 2].f = 1;\n            b[i * 2 + 1].f = -1;\n        }\n\n        sort(b, b + n * 2, comp);\n        int ny = 0;\n        int now = 0, prev = 1;\n        int res = 0, res2 = 0;\n\n        for (int i = 0; i < n * 2; i++) {\n            if (ny != b[i].y) {\n                swap(now, prev);\n                int cnt = 0, cnt2 = 0, bt = 0, cnt3 = 0;\n                for (int j = 0; j <= 10000; j++) {\n                    if (fie[j][now] > 0 && fie[j][prev] == 0) cnt3++;\n                    if (fie[j][now] == 0 && fie[j][prev] > 0) cnt3++;\n                    fie[j][now] = fie[j][prev];\n                    if (fie[j][now] > 0) {\n                        cnt++;\n                        if (bt == 0) cnt2++, bt = 1;\n                    } else bt = 0;\n                }\n                res += cnt * (b[i].y - ny);\n                res2 += cnt2 * 2 * (b[i].y - ny) + cnt3;\n            }\n            ny = b[i].y;\n            for (int j = b[i].x1; j <= b[i].x2; j++) fie[j][now] += b[i].f;\n        }\n\n        printf("%d\\n", res);\n        if (r == 2) {\n            swap(now, prev);\n            int cnt3 = 0;\n            for (int j = 0; j <= 10000; j++) {\n                if (fie[j][now] > 0 && fie[j][prev] == 0) cnt3++;\n                if (fie[j][now] == 0 && fie[j][prev] > 0) cnt3++;\n                fie[j][now] = fie[j][prev];\n            }\n            res2 += cnt3;\n            printf("%d\\n", res2);\n        }\n    }\n    return 0;\n}')"
2025-01-24 19:24:01,131	[INFO]	Step: 12
2025-01-24 19:24:01,131	[INFO]	Stop Steps: 100
2025-01-24 19:24:01,933	[DEBUG]	EXEC>  SUCCESS 3428744.25
2025-01-24 19:24:01,933	[INFO]	1-3     SUCCESS               3428744.25 (91.34%) [1 edit(s)]  
2025-01-24 19:24:01,933	[DEBUG]	patch(1-3)="LineLLMCrossover(('source.cpp', 0), '#include <iostream>\n#include <algorithm>\n#include <cstring>\n#include <cstdio>\n#include <vector>\n#include <map>\nusing namespace std;\n\ntypedef vector<int> PP;\ntypedef vector<PP> P;\n\nint n, r;\n\nstruct block {\n    int x1, x2, y, f;\n};\n\nblock b[20002];\nint fie[10002][2];\n\nbool comp(const block &b1, const block &b2) {\n    return b1.y < b2.y;\n}\n\nvoid initArrays() {\n    for (int i = 0; i < 10002; ++i)\n        fie[i][0] = fie[i][1] = 0;\n    for (int i = 0; i < 20002; ++i)\n        b[i] = {0, 0, 0, 0};\n}\n\nint main(void) {\n    while (1) {\n        scanf("%d%d", &n, &r);\n        if (n == 0 && r == 0) break;\n\n        initArrays();\n        \n        for (int i = 0; i < n; i++) {\n            int y1, y2;\n            scanf("%d%d%d%d", &b[i * 2].x1, &y1, &b[i * 2].x2, &y2);\n            b[i * 2].x2--;\n            b[i * 2 + 1].x1 = b[i * 2].x1;\n            b[i * 2 + 1].x2 = b[i * 2].x2;\n            b[i * 2].y = y1;\n            b[i * 2 + 1].y = y2;\n            b[i * 2].f = 1;\n            b[i * 2 + 1].f = -1;\n        }\n\n        sort(b, b + n * 2, comp);\n        int ny = 0;\n        int now = 0, prev = 1;\n        int res = 0, res2 = 0;\n\n        for (int i = 0; i < n * 2; i++) {\n            if (ny != b[i].y) {\n                swap(now, prev);\n                int cnt = 0, cnt2 = 0, bt = 0, cnt3 = 0;\n                for (int j = 0; j <= 10000; j++) {\n                    if (fie[j][now] > 0 && fie[j][prev] == 0) cnt3++;\n                    if (fie[j][now] == 0 && fie[j][prev] > 0) cnt3++;\n                    fie[j][now] = fie[j][prev];\n                    if (fie[j][now] > 0) {\n                        cnt++;\n                        if (bt == 0) cnt2++, bt = 1;\n                    } else bt = 0;\n                }\n                res += cnt * (b[i].y - ny);\n                res2 += cnt2 * 2 * (b[i].y - ny) + cnt3;\n            }\n            ny = b[i].y;\n            for (int j = b[i].x1; j <= b[i].x2; j++) fie[j][now] += b[i].f;\n        }\n\n        printf("%d\\n", res);\n        if (r == 2) {\n            swap(now, prev);\n            int cnt3 = 0;\n            for (int j = 0; j <= 10000; j++) {\n                if (fie[j][now] > 0 && fie[j][prev] == 0) cnt3++;\n                if (fie[j][now] == 0 && fie[j][prev] > 0) cnt3++;\n                fie[j][now] = fie[j][prev];\n            }\n            res2 += cnt3;\n            printf("%d\\n", res2);\n        }\n    }\n    return 0;\n}')"
2025-01-24 19:24:01,933	[INFO]	Step: 13
2025-01-24 19:24:01,933	[INFO]	Stop Steps: 100
2025-01-24 19:24:02,631	[DEBUG]	EXEC>  SUCCESS 3481190.0625
2025-01-24 19:24:02,631	[INFO]	1-4     SUCCESS               3481190.06 (92.73%) [1 edit(s)]  
2025-01-24 19:24:02,631	[DEBUG]	patch(1-4)="LineLLMCrossover(('source.cpp', 1), '#include <iostream>\n#include <algorithm>\n#include <cstring>\n#include <cstdio>\n#include <vector>\n#include <map>\nusing namespace std;\n\ntypedef vector<int> PP;\ntypedef vector<PP> P;\n\nint n, r;\n\nstruct block {\n    int x1, x2, y, f;\n};\n\nblock b[20002];\nint fie[10002][2];\n\nbool comp(const block &b1, const block &b2) {\n    return b1.y < b2.y;\n}\n\nvoid initArrays() {\n    memset(fie, 0, sizeof(fie));\n    memset(b, 0, sizeof(b));\n}\n\nint main(void) {\n    while (1) {\n        scanf("%d%d", &n, &r);\n        if (n == 0 && r == 0) break;\n\n        initArrays();\n        \n        for (int i = 0; i < n; i++) {\n            int y1, y2;\n            scanf("%d%d%d%d", &b[i * 2].x1, &y1, &b[i * 2].x2, &y2);\n            b[i * 2].x2--;\n            b[i * 2 + 1].x1 = b[i * 2].x1;\n            b[i * 2 + 1].x2 = b[i * 2].x2;\n            b[i * 2].y = y1;\n            b[i * 2 + 1].y = y2;\n            b[i * 2].f = 1;\n            b[i * 2 + 1].f = -1;\n        }\n\n        sort(b, b + n * 2, [](const block &b1, const block &b2) { return b1.y < b2.y; });\n        int ny = 0;\n        int now = 0, prev = 1;\n        int res = 0, res2 = 0;\n\n        for (int i = 0; i < n * 2; i++) {\n            if (ny != b[i].y) {\n                swap(now, prev);\n                int cnt = 0, cnt2 = 0, bt = 0, cnt3 = 0;\n                for (int j = 0; j <= 10000; j++) {\n                    if (fie[j][now] > 0 && fie[j][prev] == 0) cnt3++;\n                    if (fie[j][now] == 0 && fie[j][prev] > 0) cnt3++;\n                    fie[j][now] = fie[j][prev];\n                    if (fie[j][now] > 0) {\n                        cnt++;\n                        if (bt == 0) cnt2++, bt = 1;\n                    } else bt = 0;\n                }\n                res += cnt * (b[i].y - ny);\n                res2 += cnt2 * 2 * (b[i].y - ny) + cnt3;\n            }\n            ny = b[i].y;\n            for (int j = b[i].x1; j <= b[i].x2; j++) fie[j][now] += b[i].f;\n        }\n\n        printf("%d\\n", res);\n        if (r == 2) {\n            swap(now, prev);\n            int cnt3 = 0;\n            for (int j = 0; j <= 10000; j++) {\n                if (fie[j][now] > 0 && fie[j][prev] == 0) cnt3++;\n                if (fie[j][now] == 0 && fie[j][prev] > 0) cnt3++;\n                fie[j][now] = fie[j][prev];\n            }\n            res2 += cnt3;\n            printf("%d\\n", res2);\n        }\n    }\n    return 0;\n}')"
2025-01-24 19:24:02,631	[INFO]	Step: 14
2025-01-24 19:24:02,631	[INFO]	Stop Steps: 100
2025-01-24 19:24:03,369	[DEBUG]	EXEC>  SUCCESS 3589972.5
2025-01-24 19:24:03,369	[INFO]	1-5     SUCCESS               3589972.50 (95.63%) [1 edit(s)]  
2025-01-24 19:24:03,369	[DEBUG]	patch(1-5)="LineLLMCrossover(('source.cpp', 2), '#include <iostream>\n#include <algorithm>\n#include <cstring>\n#include <cstdio>\n#include <vector>\n#include <map>\nusing namespace std;\n\ntypedef vector<int> PP;\ntypedef vector<PP> P;\n\nint n, r;\n\nstruct block {\n    int x1, x2, y, f;\n};\n\nblock b[20002];\nint fie[10002][2];\n\nbool comp(const block &b1, const block &b2) {\n    return b1.y < b2.y;\n}\n\nint main(void) {\n    while (1) {\n        scanf("%d%d", &n, &r);\n        if (n == 0 && r == 0) break;\n\n        memset(fie, 0, sizeof(fie));\n        memset(b, 0, sizeof(b));\n\n        for (int i = 0; i < n; i++) {\n            int y1, y2;\n            scanf("%d%d%d%d", &b[i * 2].x1, &y1, &b[i * 2].x2, &y2);\n            b[i * 2].x2--;\n            b[i * 2 + 1].x1 = b[i * 2].x1;\n            b[i * 2 + 1].x2 = b[i * 2].x2;\n            b[i * 2].y = y1;\n            b[i * 2 + 1].y = y2;\n            b[i * 2].f = 1;\n            b[i * 2 + 1].f = -1;\n        }\n\n        sort(b, b + n * 2, comp);\n        int ny = 0;\n        int now = 0, prev = 1;\n        int res = 0, res2 = 0;\n\n        for (int i = 0; i < n * 2; i++) {\n            if (ny != b[i].y) {\n                swap(now, prev);\n                int cnt = 0, cnt2 = 0, bt = 0, cnt3 = 0;\n                for (int j = 0; j <= 10000; j++) {\n                    if (fie[j][now] > 0 && fie[j][prev] == 0) cnt3++;\n                    if (fie[j][now] == 0 && fie[j][prev] > 0) cnt3++;\n                    fie[j][now] = fie[j][prev];\n                    if (fie[j][now] > 0) {\n                        cnt++;\n                        if (bt == 0) cnt2++, bt = 1;\n                    } else bt = 0;\n                }\n                res += cnt * (b[i].y - ny);\n                res2 += cnt2 * 2 * (b[i].y - ny) + cnt3;\n            }\n            ny = b[i].y;\n            for (int j = b[i].x1; j <= b[i].x2; j++) fie[j][now] += b[i].f;\n        }\n\n        printf("%d\\n", res);\n        if (r == 2) {\n            swap(now, prev);\n            int cnt3 = 0;\n            for (int j = 0; j <= 10000; j++) {\n                if (fie[j][now] > 0 && fie[j][prev] == 0) cnt3++;\n                if (fie[j][now] == 0 && fie[j][prev] > 0) cnt3++;\n                fie[j][now] = fie[j][prev];\n            }\n            res2 += cnt3;\n            printf("%d\\n", res2);\n        }\n    }\n    return 0;\n}')"
2025-01-24 19:24:03,369	[INFO]	Step: 15
2025-01-24 19:24:03,369	[INFO]	Stop Steps: 100
2025-01-24 19:24:04,084	[DEBUG]	EXEC>  SUCCESS 3657687.25
2025-01-24 19:24:04,084	[INFO]	1-6     SUCCESS               3657687.25 (97.44%) [1 edit(s)]  
2025-01-24 19:24:04,085	[DEBUG]	patch(1-6)="LineLLMCrossover(('source.cpp', 3), '#include <iostream>\n#include <algorithm>\n#include <cstring>\n#include <cstdio>\n#include <vector>\n#include <map>\nusing namespace std;\n\ntypedef vector<int> PP;\ntypedef vector<PP> P;\n\nint n, r;\n\nstruct block {\n    int x1, x2, y, f;\n};\n\nblock b[20002];\nint fie[10002][2];\n\nbool comp(const block &b1, const block &b2) {\n    return b1.y < b2.y;\n}\n\nvoid initArrays() {\n    for (int i = 0; i < 10002; ++i)\n        fie[i][0] = fie[i][1] = 0;\n    for (int i = 0; i < 20002; ++i)\n        b[i] = {0, 0, 0, 0};\n}\n\nint main(void) {\n    while (1) {\n        scanf("%d%d", &n, &r);\n        if (n == 0 && r == 0) break;\n\n        initArrays();\n        \n        for (int i = 0; i < n; i++) {\n            int y1, y2;\n            scanf("%d%d%d%d", &b[i * 2].x1, &y1, &b[i * 2].x2, &y2);\n            b[i * 2].x2--;\n            b[i * 2 + 1].x1 = b[i * 2].x1;\n            b[i * 2 + 1].x2 = b[i * 2].x2;\n            b[i * 2].y = y1;\n            b[i * 2 + 1].y = y2;\n            b[i * 2].f = 1;\n            b[i * 2 + 1].f = -1;\n        }\n\n        sort(b, b + n * 2, [](const block &b1, const block &b2) { return b1.y < b2.y; });\n        int ny = 0;\n        int now = 0, prev = 1;\n        int res = 0, res2 = 0;\n\n        for (int i = 0; i < n * 2; i++) {\n            if (ny != b[i].y) {\n                swap(now, prev);\n                int cnt = 0, cnt2 = 0, bt = 0, cnt3 = 0;\n                for (int j = 0; j <= 10000; j++) {\n                    if (fie[j][now] > 0 && fie[j][prev] == 0) cnt3++;\n                    if (fie[j][now] == 0 && fie[j][prev] > 0) cnt3++;\n                    fie[j][now] = fie[j][prev];\n                    if (fie[j][now] > 0) {\n                        cnt++;\n                        if (bt == 0) cnt2++, bt = 1;\n                    } else bt = 0;\n                }\n                res += cnt * (b[i].y - ny);\n                res2 += cnt2 * 2 * (b[i].y - ny) + cnt3;\n            }\n            ny = b[i].y;\n            for (int j = b[i].x1; j <= b[i].x2; j++) fie[j][now] += b[i].f;\n        }\n\n        printf("%d\\n", res);\n        if (r == 2) {\n            swap(now, prev);\n            int cnt3 = 0;\n            for (int j = 0; j <= 10000; j++) {\n                if (fie[j][now] > 0 && fie[j][prev] == 0) cnt3++;\n                if (fie[j][now] == 0 && fie[j][prev] > 0) cnt3++;\n                fie[j][now] = fie[j][prev];\n            }\n            res2 += cnt3;\n            printf("%d\\n", res2);\n        }\n    }\n    return 0;\n}')"
2025-01-24 19:24:04,085	[INFO]	Step: 16
2025-01-24 19:24:04,085	[INFO]	Stop Steps: 100
2025-01-24 19:24:04,863	[DEBUG]	EXEC>  SUCCESS 3746217.75
2025-01-24 19:24:04,863	[INFO]	1-7     SUCCESS               3746217.75 (99.79%) [2 edit(s)]  
2025-01-24 19:24:04,863	[DEBUG]	patch(1-7)="LineLLMMutation(('source.cpp', 3), '#include <iostream>\n#include <algorithm>\n#include <cstring>\n#include <cstdio>\n#include <vector>\n#include <map>\n#include <array>\nusing namespace std;\n\ntypedef vector<int> PP;\ntypedef vector<PP> P;\n\nint n, r;\n\nstruct block {\n    int x1, x2, y, f;\n};\n\nblock b[20002];\narray<array<int, 2>, 10002> fie; // Using std::array\n\nbool comp(const block &b1, const block &b2) {\n    return b1.y < b2.y;\n}\n\nint main(void) {\n    while (1) {\n        scanf("%d%d", &n, &r);\n        if (n == 0 && r == 0) break;\n\n        fie.fill({0, 0}); // Initialize using std::array\n\n        for (int i = 0; i < n; i++) {\n            int y1, y2;\n            scanf("%d%d%d%d", &b[i * 2].x1, &y1, &b[i * 2].x2, &y2);\n            b[i * 2].x2--;\n            b[i * 2 + 1].x1 = b[i * 2].x1;\n            b[i * 2 + 1].x2 = b[i * 2].x2;\n            b[i * 2].y = y1;\n            b[i * 2 + 1].y = y2;\n            b[i * 2].f = 1;\n            b[i * 2 + 1].f = -1;\n        }\n\n        sort(b, b + n * 2, comp);\n        int ny = 0;\n        int now = 0, prev = 1;\n        int res = 0, res2 = 0;\n\n        for (int i = 0; i < n * 2; i++) {\n            if (ny != b[i].y) {\n                swap(now, prev);\n                int cnt = 0, cnt2 = 0, bt = 0, cnt3 = 0;\n                for (int j = 0; j <= 10000; j++) {\n                    if (fie[j][now] > 0 && fie[j][prev] == 0) cnt3++;\n                    if (fie[j][now] == 0 && fie[j][prev] > 0) cnt3++;\n                    fie[j][now] = fie[j][prev];\n                    if (fie[j][now] > 0) {\n                        cnt++;\n                        if (bt == 0) cnt2++, bt = 1;\n                    } else bt = 0;\n                }\n                res += cnt * (b[i].y - ny);\n                res2 += cnt2 * 2 * (b[i].y - ny) + cnt3;\n            }\n            ny = b[i].y;\n            for (int j = b[i].x1; j <= b[i].x2; j++) fie[j][now] += b[i].f;\n        }\n\n        printf("%d\\n", res);\n        if (r == 2) {\n            swap(now, prev);\n            int cnt3 = 0;\n            for (int j = 0; j <= 10000; j++) {\n                if (fie[j][now] > 0 && fie[j][prev] == 0) cnt3++;\n                if (fie[j][now] == 0 && fie[j][prev] > 0) cnt3++;\n                fie[j][now] = fie[j][prev];\n            }\n            res2 += cnt3;\n            printf("%d\\n", res2);\n        }\n    }\n    return 0;\n}') | LineLLMMutation(('source.cpp', 10), '#include <iostream>\n#include <algorithm>\n#include <cstring>\n#include <cstdio>\n#include <vector>\n#include <map>\n#include <array>\nusing namespace std;\n\ntypedef vector<int> PP;\ntypedef vector<PP> P;\n\nint n, r;\n\nstruct block {\n    int x1, x2, y, f;\n};\n\nblock b[20002];\narray<array<int, 2>, 10002> fie; // Using std::array\n\nbool comp(const block &b1, const block &b2) {\n    return b1.y < b2.y;\n}\n\nint main(void) {\n    while (1) {\n        scanf("%d%d", &n, &r);\n        if (n == 0 && r == 0) break;\n\n        // Resetting the fie array more efficiently\n        for (auto& row : fie) {\n            row.fill(0);\n        }\n\n        for (int i = 0; i < n; i++) {\n            int y1, y2;\n            scanf("%d%d%d%d", &b[i * 2].x1, &y1, &b[i * 2].x2, &y2);\n            b[i * 2].x2--;\n            b[i * 2 + 1].x1 = b[i * 2].x1;\n            b[i * 2 + 1].x2 = b[i * 2].x2;\n            b[i * 2].y = y1;\n            b[i * 2 + 1].y = y2;\n            b[i * 2].f = 1;\n            b[i * 2 + 1].f = -1;\n        }\n\n        sort(b, b + n * 2, comp);\n        int ny = 0;\n        int now = 0, prev = 1;\n        int res = 0, res2 = 0;\n\n        for (int i = 0; i < n * 2; i++) {\n            if (ny != b[i].y) {\n                swap(now, prev);\n                int cnt = 0, cnt2 = 0, bt = 0, cnt3 = 0;\n                for (int j = 0; j <= 10000; j++) {\n                    if (fie[j][now] > 0 && fie[j][prev] == 0) cnt3++;\n                    if (fie[j][now] == 0 && fie[j][prev] > 0) cnt3++;\n                    fie[j][now] = fie[j][prev];\n                    if (fie[j][now] > 0) {\n                        cnt++;\n                        if (bt == 0) cnt2++, bt = 1;\n                    } else bt = 0;\n                }\n                res += cnt * (b[i].y - ny);\n                res2 += cnt2 * 2 * (b[i].y - ny) + cnt3;\n            }\n            ny = b[i].y;\n            for (int j = b[i].x1; j <= b[i].x2; j++) fie[j][now] += b[i].f;\n        }\n\n        printf("%d\\n", res);\n        if (r == 2) {\n            swap(now, prev);\n            int cnt3 = 0;\n            for (int j = 0; j <= 10000; j++) {\n                if (fie[j][now] > 0 && fie[j][prev] == 0) cnt3++;\n                if (fie[j][now] == 0 && fie[j][prev] > 0) cnt3++;\n                fie[j][now] = fie[j][prev];\n            }\n            res2 += cnt3;\n            printf("%d\\n", res2);\n        }\n    }\n    return 0;\n}')"
2025-01-24 19:24:04,863	[INFO]	Step: 17
2025-01-24 19:24:04,863	[INFO]	Stop Steps: 100
2025-01-24 19:24:05,625	[DEBUG]	EXEC>  SUCCESS 3649814.8125
2025-01-24 19:24:05,625	[INFO]	1-8     SUCCESS               3649814.81 (97.23%) [2 edit(s)]  
2025-01-24 19:24:05,625	[DEBUG]	patch(1-8)="LineLLMMutation(('source.cpp', 4), '#include <iostream>\n#include <algorithm>\n#include <cstring>\n#include <cstdio>\n#include <vector>\n#include <map>\nusing namespace std;\n\ntypedef vector<int> PP;\ntypedef vector<PP> P;\n\nint n, r;\n\nstruct block {\n    int x1, x2, y, f;\n};\n\nblock b[20002];\nint fie[10002][2];\n\nbool comp(const block &b1, const block &b2) {\n    return b1.y < b2.y;\n}\n\nint main(void) {\n    while (1) {\n        scanf("%d%d", &n, &r);\n        if (n == 0 && r == 0) break;\n\n        memset(fie, 0, sizeof(fie));\n        memset(b, 0, sizeof(b));\n\n        for (int i = 0; i < n; i++) {\n            int y1, y2;\n            scanf("%d%d%d%d", &b[i * 2].x1, &y1, &b[i * 2].x2, &y2);\n            b[i * 2].x2--;\n            b[i * 2 + 1].x1 = b[i * 2].x1;\n            b[i * 2 + 1].x2 = b[i * 2].x2;\n            b[i * 2].y = y1;\n            b[i * 2 + 1].y = y2;\n            b[i * 2].f = 1;\n            b[i * 2 + 1].f = -1;\n        }\n\n        sort(b, b + n * 2, comp);\n        int ny = 0;\n        int now = 0, prev = 1;\n        int res = 0, res2 = 0;\n\n        for (int i = 0; i < n * 2; i++) {\n            if (ny != b[i].y) {\n                swap(now, prev);\n                int cnt = 0, cnt2 = 0, bt = 0, cnt3 = 0;\n                for (int j = 0; j <= 10000; j++) {\n                    if (fie[j][now] > 0 && fie[j][prev] == 0) cnt3++;\n                    if (fie[j][now] == 0 && fie[j][prev] > 0) cnt3++;\n                    fie[j][now] = fie[j][prev];\n                    if (fie[j][now] > 0) {\n                        cnt++;\n                        if (bt == 0) cnt2++, bt = 1;\n                    } else bt = 0;\n                }\n                res += cnt * (b[i].y - ny);\n                res2 += cnt2 * 2 * (b[i].y - ny) + cnt3;\n            }\n            ny = b[i].y;\n            for (int j = b[i].x1; j <= b[i].x2; j++) fie[j][now] += b[i].f;\n        }\n\n        printf("%d\\n", res);\n        if (r == 2) {\n            swap(now, prev);\n            int cnt3 = 0;\n            for (int j = 0; j <= 10000; j++) {\n                if (fie[j][now] > 0 && fie[j][prev] == 0) cnt3++;\n                if (fie[j][now] == 0 && fie[j][prev] > 0) cnt3++;\n                fie[j][now] = fie[j][prev];\n            }\n            res2 += cnt3;\n            printf("%d\\n", res2);\n        }\n    }\n    return 0;\n}') | LineLLMMutation(('source.cpp', 11), '#include <iostream>\n#include <algorithm>\n#include <cstring>\n#include <cstdio>\n#include <vector>\n#include <map>\nusing namespace std;\n\ntypedef vector<int> PP;\ntypedef vector<PP> P;\n\nint n, r;\n\nstruct block {\n    int x1, x2, y, f;\n};\n\nblock b[20002];\nint fie[10002][2];\n\nbool comp(const block &b1, const block &b2) {\n    return b1.y < b2.y;\n}\n\nint main(void) {\n    while (1) {\n        scanf("%d%d", &n, &r);\n        if (n == 0 && r == 0) break;\n\n        // Optimized initialization using std::fill\n        fill(&fie[0][0], &fie[0][0] + sizeof(fie) / sizeof(int), 0);\n        fill(b, b + 20002, block{0, 0, 0, 0}); // Clear the block array in a single line\n\n        for (int i = 0; i < n; i++) {\n            int y1, y2;\n            scanf("%d%d%d%d", &b[i * 2].x1, &y1, &b[i * 2].x2, &y2);\n            b[i * 2].x2--;\n            b[i * 2 + 1].x1 = b[i * 2].x1;\n            b[i * 2 + 1].x2 = b[i * 2].x2;\n            b[i * 2].y = y1;\n            b[i * 2 + 1].y = y2;\n            b[i * 2].f = 1;\n            b[i * 2 + 1].f = -1;\n        }\n\n        sort(b, b + n * 2, comp);\n        int ny = 0;\n        int now = 0, prev = 1;\n        int res = 0, res2 = 0;\n\n        for (int i = 0; i < n * 2; i++) {\n            if (ny != b[i].y) {\n                swap(now, prev);\n                int cnt = 0, cnt2 = 0, bt = 0, cnt3 = 0;\n                for (int j = 0; j <= 10000; j++) {\n                    if (fie[j][now] > 0 && fie[j][prev] == 0) cnt3++;\n                    if (fie[j][now] == 0 && fie[j][prev] > 0) cnt3++;\n                    fie[j][now] = fie[j][prev];\n                    if (fie[j][now] > 0) {\n                        cnt++;\n                        if (bt == 0) cnt2++, bt = 1;\n                    } else bt = 0;\n                }\n                res += cnt * (b[i].y - ny);\n                res2 += cnt2 * 2 * (b[i].y - ny) + cnt3;\n            }\n            ny = b[i].y;\n            for (int j = b[i].x1; j <= b[i].x2; j++) fie[j][now] += b[i].f;\n        }\n\n        printf("%d\\n", res);\n        if (r == 2) {\n            swap(now, prev);\n            int cnt3 = 0;\n            for (int j = 0; j <= 10000; j++) {\n                if (fie[j][now] > 0 && fie[j][prev] == 0) cnt3++;\n                if (fie[j][now] == 0 && fie[j][prev] > 0) cnt3++;\n                fie[j][now] = fie[j][prev];\n            }\n            res2 += cnt3;\n            printf("%d\\n", res2);\n        }\n    }\n    return 0;\n}')"
2025-01-24 19:24:05,625	[INFO]	Step: 18
2025-01-24 19:24:05,625	[INFO]	Stop Steps: 100
2025-01-24 19:24:06,234	[INFO]	1-9     TEST_CODE_ERROR       None (--) [2 edit(s)]  
2025-01-24 19:24:06,234	[DEBUG]	patch(1-9)="LineLLMMutation(('source.cpp', 1), '#include <iostream>\n#include <algorithm>\n#include <cstring>\n#include <cstdio>\n#include <vector>\n#include <map>\nusing namespace std;\n\ntypedef vector<int> PP;\ntypedef vector<PP> P;\n\nint n, r;\n\nstruct block {\n    int x1, x2, y, f;\n};\n\nblock b[20002];\nint fie[10002][2];\n\nbool comp(const block &b1, const block &b2) {\n    return b1.y < b2.y;\n}\n\nvoid initArrays() {\n    for (int i = 0; i < 10002; ++i)\n        fie[i][0] = fie[i][1] = 0;\n    for (int i = 0; i < 20002; ++i)\n        b[i] = {0, 0, 0, 0};\n}\n\nint main(void) {\n    while (1) {\n        scanf("%d%d", &n, &r);\n        if (n == 0 && r == 0) break;\n\n        initArrays();\n        \n        for (int i = 0; i < n; i++) {\n            int y1, y2;\n            scanf("%d%d%d%d", &b[i * 2].x1, &y1, &b[i * 2].x2, &y2);\n            b[i * 2].x2--;\n            b[i * 2 + 1].x1 = b[i * 2].x1;\n            b[i * 2 + 1].x2 = b[i * 2].x2;\n            b[i * 2].y = y1;\n            b[i * 2 + 1].y = y2;\n            b[i * 2].f = 1;\n            b[i * 2 + 1].f = -1;\n        }\n\n        sort(b, b + n * 2, comp);\n        int ny = 0;\n        int now = 0, prev = 1;\n        int res = 0, res2 = 0;\n\n        for (int i = 0; i < n * 2; i++) {\n            if (ny != b[i].y) {\n                swap(now, prev);\n                int cnt = 0, cnt2 = 0, bt = 0, cnt3 = 0;\n                for (int j = 0; j <= 10000; j++) {\n                    if (fie[j][now] > 0 && fie[j][prev] == 0) cnt3++;\n                    if (fie[j][now] == 0 && fie[j][prev] > 0) cnt3++;\n                    fie[j][now] = fie[j][prev];\n                    if (fie[j][now] > 0) {\n                        cnt++;\n                        if (bt == 0) cnt2++, bt = 1;\n                    } else bt = 0;\n                }\n                res += cnt * (b[i].y - ny);\n                res2 += cnt2 * 2 * (b[i].y - ny) + cnt3;\n            }\n            ny = b[i].y;\n            for (int j = b[i].x1; j <= b[i].x2; j++) fie[j][now] += b[i].f;\n        }\n\n        printf("%d\\n", res);\n        if (r == 2) {\n            swap(now, prev);\n            int cnt3 = 0;\n            for (int j = 0; j <= 10000; j++) {\n                if (fie[j][now] > 0 && fie[j][prev] == 0) cnt3++;\n                if (fie[j][now] == 0 && fie[j][prev] > 0) cnt3++;\n                fie[j][now] = fie[j][prev];\n            }\n            res2 += cnt3;\n            printf("%d\\n", res2);\n        }\n    }\n    return 0;\n}') | LineLLMMutation(('source.cpp', 12), '#include <iostream>\n#include <algorithm>\n#include <cstdio>\n#include <vector>\n#include <map>\nusing namespace std;\n\ntypedef vector<int> PP;\ntypedef vector<PP> P;\n\nint n, r;\n\nstruct block {\n    int x1, x2, y, f;\n};\n\nblock b[20002];\nint fie[10002]; // Reduced second dimension since only one dimension is used\n\nbool comp(const block &b1, const block &b2) {\n    return b1.y < b2.y;\n}\n\nvoid initArrays() {\n    // Only need to reset the 1D array.\n    fill(fie, fie + 10002, 0);\n    fill(b, b + 20002, block{0, 0, 0, 0}); // Simplified initialization\n}\n\nint main(void) {\n    while (1) {\n        scanf("%d%d", &n, &r);\n        if (n == 0 && r == 0) break;\n\n        initArrays();\n        \n        for (int i = 0; i < n; i++) {\n            int y1, y2;\n            scanf("%d%d%d%d", &b[i * 2].x1, &y1, &b[i * 2].x2, &y2);\n            b[i * 2].x2--;\n            b[i * 2 + 1].x1 = b[i * 2].x1;\n            b[i * 2 + 1].x2 = b[i * 2].x2;\n            b[i * 2].y = y1;\n            b[i * 2 + 1].y = y2;\n            b[i * 2].f = 1;\n            b[i * 2 + 1].f = -1;\n        }\n\n        sort(b, b + n * 2, comp);\n        int ny = 0;\n        int now = 0, prev = 1;\n        int res = 0, res2 = 0;\n\n        for (int i = 0; i < n * 2; i++) {\n            if (ny != b[i].y) {\n                swap(now, prev);\n                int cnt = 0, cnt2 = 0, bt = 0, cnt3 = 0;\n                for (int j = 0; j <= 10000; j++) {\n                    if (fie[j] > 0 && fie[j + 10000] == 0) cnt3++; // Adjusted indexing for 1D array\n                    if (fie[j] == 0 && fie[j + 10000] > 0) cnt3++;\n                    fie[j] = fie[j + 10000]; // Adjusted indexing for 1D array\n                    if (fie[j] > 0) {\n                        cnt++;\n                        if (bt == 0) cnt2++, bt = 1;\n                    } else bt = 0;\n                }\n                res += cnt * (b[i].y - ny);\n                res2 += cnt2 * 2 * (b[i].y - ny) + cnt3;\n            }\n            ny = b[i].y;\n            for (int j = b[i].x1; j <= b[i].x2; j++) fie[j] += b[i].f; // Adjusted indexing for 1D array\n        }\n\n        printf("%d\\n", res);\n        if (r == 2) {\n            swap(now, prev);\n            int cnt3 = 0;\n            for (int j = 0; j <= 10000; j++) {\n                if (fie[j] > 0 && fie[j + 10000] == 0) cnt3++;\n                if (fie[j] == 0 && fie[j + 10000] > 0) cnt3++;\n                fie[j] = fie[j + 10000]; // Adjusted indexing for 1D array\n            }\n            res2 += cnt3;\n            printf("%d\\n", res2);\n        }\n    }\n    return 0;\n}')"
2025-01-24 19:24:06,234	[INFO]	Step: 19
2025-01-24 19:24:06,234	[INFO]	Stop Steps: 100
2025-01-24 19:24:06,984	[DEBUG]	EXEC>  SUCCESS 3479326.0625
2025-01-24 19:24:06,984	[INFO]	1-10    SUCCESS               3479326.06 (92.68%) [2 edit(s)]  
2025-01-24 19:24:06,984	[DEBUG]	patch(1-10)="LineLLMMutation(('source.cpp', 6), '#include <iostream>\n#include <algorithm>\n#include <cstring>\n#include <cstdio>\n#include <vector>\n#include <map>\nusing namespace std;\n\ntypedef vector<int> PP;\ntypedef vector<PP> P;\n\nint n, r;\n\nstruct block {\n    int x1, x2, y, f;\n};\n\nblock b[20002];\nint fie[10002][2];\n\nbool comp(const block &b1, const block &b2) {\n    return b1.y < b2.y;\n}\n\nint main(void) {\n    while (1) {\n        scanf("%d%d", &n, &r);\n        if (n == 0 && r == 0) break;\n\n        memset(fie, 0, sizeof(fie));\n        memset(b, 0, sizeof(b));\n\n        for (int i = 0; i < n; i++) {\n            int y1, y2;\n            scanf("%d%d%d%d", &b[i * 2].x1, &y1, &b[i * 2].x2, &y2);\n            b[i * 2].x2--;\n            b[i * 2 + 1].x1 = b[i * 2].x1;\n            b[i * 2 + 1].x2 = b[i * 2].x2;\n            b[i * 2].y = y1;\n            b[i * 2 + 1].y = y2;\n            b[i * 2].f = 1;\n            b[i * 2 + 1].f = -1;\n        }\n\n        sort(b, b + n * 2, [](const block &b1, const block &b2) { return b1.y < b2.y; });\n        int ny = 0;\n        int now = 0, prev = 1;\n        int res = 0, res2 = 0;\n\n        for (int i = 0; i < n * 2; i++) {\n            if (ny != b[i].y) {\n                swap(now, prev);\n                int cnt = 0, cnt2 = 0, bt = 0, cnt3 = 0;\n                for (int j = 0; j <= 10000; j++) {\n                    if (fie[j][now] > 0 && fie[j][prev] == 0) cnt3++;\n                    if (fie[j][now] == 0 && fie[j][prev] > 0) cnt3++;\n                    fie[j][now] = fie[j][prev];\n                    if (fie[j][now] > 0) {\n                        cnt++;\n                        if (bt == 0) cnt2++, bt = 1;\n                    } else bt = 0;\n                }\n                res += cnt * (b[i].y - ny);\n                res2 += cnt2 * 2 * (b[i].y - ny) + cnt3;\n            }\n            ny = b[i].y;\n            for (int j = b[i].x1; j <= b[i].x2; j++) fie[j][now] += b[i].f;\n        }\n\n        printf("%d\\n", res);\n        if (r == 2) {\n            swap(now, prev);\n            int cnt3 = 0;\n            for (int j = 0; j <= 10000; j++) {\n                if (fie[j][now] > 0 && fie[j][prev] == 0) cnt3++;\n                if (fie[j][now] == 0 && fie[j][prev] > 0) cnt3++;\n                fie[j][now] = fie[j][prev];\n            }\n            res2 += cnt3;\n            printf("%d\\n", res2);\n        }\n    }\n    return 0;\n}') | LineLLMMutation(('source.cpp', 13), '#include <iostream>\n#include <algorithm>\n#include <cstring>\n#include <cstdio>\n#include <vector>\n#include <map>\nusing namespace std;\n\ntypedef vector<int> PP;\ntypedef vector<PP> P;\n\nint n, r;\n\nstruct block {\n    int x1, x2, y, f;\n};\n\nblock b[20002];\nint fie[10002][2];\n\nbool comp(const block &b1, const block &b2) {\n    return b1.y < b2.y;\n}\n\nint main(void) {\n    while (scanf("%d%d", &n, &r), n || r) {\n        memset(fie, 0, sizeof(fie));\n        memset(b, 0, sizeof(b));\n\n        for (int i = 0; i < n; i++) {\n            int y1, y2;\n            scanf("%d%d%d%d", &b[i * 2].x1, &y1, &b[i * 2].x2, &y2);\n            b[i * 2].x2--;\n            b[i * 2 + 1].x1 = b[i * 2].x1;\n            b[i * 2 + 1].x2 = b[i * 2].x2;\n            b[i * 2].y = y1;\n            b[i * 2 + 1].y = y2;\n            b[i * 2].f = 1;\n            b[i * 2 + 1].f = -1;\n        }\n\n        sort(b, b + n * 2, comp);\n        int ny = 0;\n        int now = 0, prev = 1;\n        int res = 0, res2 = 0;\n\n        for (int i = 0; i < n * 2; i++) {\n            if (ny != b[i].y) {\n                swap(now, prev);\n                int cnt = 0, cnt2 = 0, bt = 0, cnt3 = 0;\n                for (int j = 0; j <= 10000; j++) {\n                    if (fie[j][now] > 0 && fie[j][prev] == 0) cnt3++;\n                    if (fie[j][now] == 0 && fie[j][prev] > 0) cnt3++;\n                    fie[j][now] = fie[j][prev];\n                    if (fie[j][now] > 0) {\n                        cnt++;\n                        if (bt == 0) cnt2++, bt = 1;\n                    } else bt = 0;\n                }\n                res += cnt * (b[i].y - ny);\n                res2 += cnt2 * 2 * (b[i].y - ny) + cnt3;\n            }\n            ny = b[i].y;\n            for (int j = b[i].x1; j <= b[i].x2; j++) fie[j][now] += b[i].f;\n        }\n\n        printf("%d\\n", res);\n        if (r == 2) {\n            swap(now, prev);\n            int cnt3 = 0;\n            for (int j = 0; j <= 10000; j++) {\n                if (fie[j][now] > 0 && fie[j][prev] == 0) cnt3++;\n                if (fie[j][now] == 0 && fie[j][prev] > 0) cnt3++;\n                fie[j][now] = fie[j][prev];\n            }\n            res2 += cnt3;\n            printf("%d\\n", res2);\n        }\n    }\n    return 0;\n}')"
2025-01-24 19:24:06,984	[INFO]	Step: 20
2025-01-24 19:24:06,984	[INFO]	Stop Steps: 100
2025-01-24 19:24:08,725	[DEBUG]	EXEC>  SUCCESS 3527786.75
2025-01-24 19:24:08,725	[INFO]	REF     SUCCESS               3527786.75 (--) [0 edit(s)]  
2025-01-24 19:24:08,725	[INFO]	Best patch: 3
2025-01-24 19:24:09,443	[DEBUG]	EXEC>  SUCCESS 3238909.875
2025-01-24 19:24:09,443	[INFO]	BEST    SUCCESS              *3238909.88 (91.81%) [0 edit(s)]  
2025-01-24 19:24:09,444	[INFO]	Best patch step: 3
2025-01-24 19:26:19,627	[INFO]	Step: 20
2025-01-24 19:26:19,627	[INFO]	Stop Steps: 100
2025-01-24 19:26:20,497	[DEBUG]	EXEC>  SUCCESS 3424106.625
2025-01-24 19:26:20,497	[INFO]	2-1     SUCCESS              +3424106.62 (97.06%) [1 edit(s)]  
2025-01-24 19:26:20,498	[DEBUG]	patch(2-1)="LineLLMMutation(('source.cpp', 3), '#include <iostream>\n#include <algorithm>\n#include <cstring>\n#include <cstdio>\n#include <vector>\n#include <map>\n#include <array>\nusing namespace std;\n\ntypedef vector<int> PP;\ntypedef vector<PP> P;\n\nint n, r;\n\nstruct block {\n    int x1, x2, y, f;\n};\n\nblock b[20002];\narray<array<int, 2>, 10002> fie; // Using std::array\n\nbool comp(const block &b1, const block &b2) {\n    return b1.y < b2.y;\n}\n\nint main(void) {\n    while (1) {\n        scanf("%d%d", &n, &r);\n        if (n == 0 && r == 0) break;\n\n        fie.fill({0, 0}); // Initialize using std::array\n\n        for (int i = 0; i < n; i++) {\n            int y1, y2;\n            scanf("%d%d%d%d", &b[i * 2].x1, &y1, &b[i * 2].x2, &y2);\n            b[i * 2].x2--;\n            b[i * 2 + 1].x1 = b[i * 2].x1;\n            b[i * 2 + 1].x2 = b[i * 2].x2;\n            b[i * 2].y = y1;\n            b[i * 2 + 1].y = y2;\n            b[i * 2].f = 1;\n            b[i * 2 + 1].f = -1;\n        }\n\n        sort(b, b + n * 2, comp);\n        int ny = 0;\n        int now = 0, prev = 1;\n        int res = 0, res2 = 0;\n\n        for (int i = 0; i < n * 2; i++) {\n            if (ny != b[i].y) {\n                swap(now, prev);\n                int cnt = 0, cnt2 = 0, bt = 0, cnt3 = 0;\n                for (int j = 0; j <= 10000; j++) {\n                    if (fie[j][now] > 0 && fie[j][prev] == 0) cnt3++;\n                    if (fie[j][now] == 0 && fie[j][prev] > 0) cnt3++;\n                    fie[j][now] = fie[j][prev];\n                    if (fie[j][now] > 0) {\n                        cnt++;\n                        if (bt == 0) cnt2++, bt = 1;\n                    } else bt = 0;\n                }\n                res += cnt * (b[i].y - ny);\n                res2 += cnt2 * 2 * (b[i].y - ny) + cnt3;\n            }\n            ny = b[i].y;\n            for (int j = b[i].x1; j <= b[i].x2; j++) fie[j][now] += b[i].f;\n        }\n\n        printf("%d\\n", res);\n        if (r == 2) {\n            swap(now, prev);\n            int cnt3 = 0;\n            for (int j = 0; j <= 10000; j++) {\n                if (fie[j][now] > 0 && fie[j][prev] == 0) cnt3++;\n                if (fie[j][now] == 0 && fie[j][prev] > 0) cnt3++;\n                fie[j][now] = fie[j][prev];\n            }\n            res2 += cnt3;\n            printf("%d\\n", res2);\n        }\n    }\n    return 0;\n}')"
2025-01-24 19:26:20,498	[INFO]	Step: 21
2025-01-24 19:26:20,498	[INFO]	Stop Steps: 100
2025-01-24 19:26:21,302	[DEBUG]	EXEC>  SUCCESS 4145517.875
2025-01-24 19:26:21,302	[INFO]	2-2     SUCCESS               4145517.88 (117.51%) [1 edit(s)]  
2025-01-24 19:26:21,302	[DEBUG]	patch(2-2)="LineLLMCrossover(('source.cpp', 0), '#include <iostream>\n#include <algorithm>\n#include <cstring>\n#include <cstdio>\n#include <vector>\n#include <map>\nusing namespace std;\n\ntypedef vector<int> PP;\ntypedef vector<PP> P;\n\nint n, r;\n\nstruct block {\n    int x1, x2, y, f;\n};\n\nblock b[20002];\nint fie[10002][2];\n\nbool comp(const block &b1, const block &b2) {\n    return b1.y < b2.y;\n}\n\nvoid initArrays() {\n    for (int i = 0; i < 10002; ++i)\n        fie[i][0] = fie[i][1] = 0;\n    for (int i = 0; i < 20002; ++i)\n        b[i] = {0, 0, 0, 0};\n}\n\nint main(void) {\n    while (1) {\n        scanf("%d%d", &n, &r);\n        if (n == 0 && r == 0) break;\n\n        initArrays();\n        \n        for (int i = 0; i < n; i++) {\n            int y1, y2;\n            scanf("%d%d%d%d", &b[i * 2].x1, &y1, &b[i * 2].x2, &y2);\n            b[i * 2].x2--;\n            b[i * 2 + 1].x1 = b[i * 2].x1;\n            b[i * 2 + 1].x2 = b[i * 2].x2;\n            b[i * 2].y = y1;\n            b[i * 2 + 1].y = y2;\n            b[i * 2].f = 1;\n            b[i * 2 + 1].f = -1;\n        }\n\n        sort(b, b + n * 2, comp);\n        int ny = 0;\n        int now = 0, prev = 1;\n        int res = 0, res2 = 0;\n\n        for (int i = 0; i < n * 2; i++) {\n            if (ny != b[i].y) {\n                swap(now, prev);\n                int cnt = 0, cnt2 = 0, bt = 0, cnt3 = 0;\n                for (int j = 0; j <= 10000; j++) {\n                    if (fie[j][now] > 0 && fie[j][prev] == 0) cnt3++;\n                    if (fie[j][now] == 0 && fie[j][prev] > 0) cnt3++;\n                    fie[j][now] = fie[j][prev];\n                    if (fie[j][now] > 0) {\n                        cnt++;\n                        if (bt == 0) cnt2++, bt = 1;\n                    } else bt = 0;\n                }\n                res += cnt * (b[i].y - ny);\n                res2 += cnt2 * 2 * (b[i].y - ny) + cnt3;\n            }\n            ny = b[i].y;\n            for (int j = b[i].x1; j <= b[i].x2; j++) fie[j][now] += b[i].f;\n        }\n\n        printf("%d\\n", res);\n        if (r == 2) {\n            swap(now, prev);\n            int cnt3 = 0;\n            for (int j = 0; j <= 10000; j++) {\n                if (fie[j][now] > 0 && fie[j][prev] == 0) cnt3++;\n                if (fie[j][now] == 0 && fie[j][prev] > 0) cnt3++;\n                fie[j][now] = fie[j][prev];\n            }\n            res2 += cnt3;\n            printf("%d\\n", res2);\n        }\n    }\n    return 0;\n}')"
2025-01-24 19:26:21,302	[INFO]	Step: 22
2025-01-24 19:26:21,302	[INFO]	Stop Steps: 100
2025-01-24 19:26:21,578	[INFO]	2-3     COMPILE_CODE_ERROR    None (--) [1 edit(s)]  
2025-01-24 19:26:21,578	[DEBUG]	patch(2-3)="LineLLMCrossover(('source.cpp', 4), '#include <iostream>\n#include <algorithm>\n#include <cstring>\n#include <cstdio>\n#include <vector>\n#include <map>\nusing namespace std;\n\ntypedef vector<int> PP;\ntypedef vector<PP> P;\n\nint n, r;\n\nstruct block {\n    int x1, x2, y, f;\n};\n\nblock b[20002];\narray<array<int, 2>, 10002> fie; // Using std::array\n\nbool comp(const block &b1, const block &b2) {\n    return b1.y < b2.y;\n}\n\nint main(void) {\n    while (1) {\n        scanf("%d%d", &n, &r);\n        if (n == 0 && r == 0) break;\n\n        fie.fill({0, 0}); // Initialize using std::array\n\n        for (int i = 0; i < n; i++) {\n            int y1, y2;\n            scanf("%d%d%d%d", &b[i * 2].x1, &y1, &b[i * 2].x2, &y2);\n            b[i * 2].x2--;\n            b[i * 2 + 1].x1 = b[i * 2].x1;\n            b[i * 2 + 1].x2 = b[i * 2].x2;\n            b[i * 2].y = y1;\n            b[i * 2 + 1].y = y2;\n            b[i * 2].f = 1;\n            b[i * 2 + 1].f = -1;\n        }\n\n        sort(b, b + n * 2, comp);\n        int ny = 0;\n        int now = 0, prev = 1;\n        int res = 0, res2 = 0;\n\n        for (int i = 0; i < n * 2; i++) {\n            if (ny != b[i].y) {\n                swap(now, prev);\n                int cnt = 0, cnt2 = 0, bt = 0, cnt3 = 0;\n                for (int j = 0; j <= 10000; j++) {\n                    if (fie[j][now] > 0 && fie[j][prev] == 0) cnt3++;\n                    if (fie[j][now] == 0 && fie[j][prev] > 0) cnt3++;\n                    fie[j][now] = fie[j][prev];\n                    if (fie[j][now] > 0) {\n                        cnt++;\n                        if (bt == 0) cnt2++, bt = 1;\n                    } else bt = 0;\n                }\n                res += cnt * (b[i].y - ny);\n                res2 += cnt2 * 2 * (b[i].y - ny) + cnt3;\n            }\n            ny = b[i].y;\n            for (int j = b[i].x1; j <= b[i].x2; j++) fie[j][now] += b[i].f;\n        }\n\n        printf("%d\\n", res);\n        if (r == 2) {\n            swap(now, prev);\n            int cnt3 = 0;\n            for (int j = 0; j <= 10000; j++) {\n                if (fie[j][now] > 0 && fie[j][prev] == 0) cnt3++;\n                if (fie[j][now] == 0 && fie[j][prev] > 0) cnt3++;\n                fie[j][now] = fie[j][prev];\n            }\n            res2 += cnt3;\n            printf("%d\\n", res2);\n        }\n    }\n    return 0;\n}')"
2025-01-24 19:26:21,578	[INFO]	Step: 23
2025-01-24 19:26:21,579	[INFO]	Stop Steps: 100
2025-01-24 19:26:22,324	[DEBUG]	EXEC>  SUCCESS 3759928.375
2025-01-24 19:26:22,324	[INFO]	2-4     SUCCESS               3759928.38 (106.58%) [1 edit(s)]  
2025-01-24 19:26:22,324	[DEBUG]	patch(2-4)="LineLLMCrossover(('source.cpp', 5), '#include <iostream>\n#include <algorithm>\n#include <cstring>\n#include <cstdio>\n#include <vector>\n#include <map>\nusing namespace std;\n\ntypedef vector<int> PP;\ntypedef vector<PP> P;\n\nint n, r;\n\nstruct block {\n    int x1, x2, y, f;\n};\n\nblock b[20002];\nint fie[10002][2];\n\nbool comp(const block &b1, const block &b2) {\n    return b1.y < b2.y;\n}\n\nvoid initArrays() {\n    memset(fie, 0, sizeof(fie));\n    memset(b, 0, sizeof(b));\n}\n\nint main(void) {\n    while (scanf("%d%d", &n, &r), n || r) {\n        initArrays(); // Initialize arrays\n\n        for (int i = 0; i < n; i++) {\n            int y1, y2;\n            scanf("%d%d%d%d", &b[i * 2].x1, &y1, &b[i * 2].x2, &y2);\n            b[i * 2].x2--;\n            b[i * 2 + 1].x1 = b[i * 2].x1;\n            b[i * 2 + 1].x2 = b[i * 2].x2;\n            b[i * 2].y = y1;\n            b[i * 2 + 1].y = y2;\n            b[i * 2].f = 1;\n            b[i * 2 + 1].f = -1;\n        }\n\n        sort(b, b + n * 2, comp);\n        int ny = 0;\n        int now = 0, prev = 1;\n        int res = 0, res2 = 0;\n\n        for (int i = 0; i < n * 2; i++) {\n            if (ny != b[i].y) {\n                swap(now, prev);\n                int cnt = 0, cnt2 = 0, bt = 0, cnt3 = 0;\n                for (int j = 0; j <= 10000; j++) {\n                    if (fie[j][now] > 0 && fie[j][prev] == 0) cnt3++;\n                    if (fie[j][now] == 0 && fie[j][prev] > 0) cnt3++;\n                    fie[j][now] = fie[j][prev];\n                    if (fie[j][now] > 0) {\n                        cnt++;\n                        if (bt == 0) cnt2++, bt = 1;\n                    } else bt = 0;\n                }\n                res += cnt * (b[i].y - ny);\n                res2 += cnt2 * 2 * (b[i].y - ny) + cnt3;\n            }\n            ny = b[i].y;\n            for (int j = b[i].x1; j <= b[i].x2; j++) fie[j][now] += b[i].f;\n        }\n\n        printf("%d\\n", res);\n        if (r == 2) {\n            swap(now, prev);\n            int cnt3 = 0;\n            for (int j = 0; j <= 10000; j++) {\n                if (fie[j][now] > 0 && fie[j][prev] == 0) cnt3++;\n                if (fie[j][now] == 0 && fie[j][prev] > 0) cnt3++;\n                fie[j][now] = fie[j][prev];\n            }\n            res2 += cnt3;\n            printf("%d\\n", res2);\n        }\n    }\n    return 0;\n}')"
2025-01-24 19:26:22,324	[INFO]	Step: 24
2025-01-24 19:26:22,324	[INFO]	Stop Steps: 100
2025-01-24 19:26:23,051	[DEBUG]	EXEC>  SUCCESS 3628713.3125
2025-01-24 19:26:23,052	[INFO]	2-5     SUCCESS               3628713.31 (102.86%) [1 edit(s)]  
2025-01-24 19:26:23,052	[DEBUG]	patch(2-5)="LineLLMCrossover(('source.cpp', 6), '#include <iostream>\n#include <algorithm>\n#include <cstring>\n#include <cstdio>\n#include <vector>\n#include <map>\n#include <array>\nusing namespace std;\n\ntypedef vector<int> PP;\ntypedef vector<PP> P;\n\nint n, r;\n\nstruct block {\n    int x1, x2, y, f;\n};\n\nblock b[20002];\narray<array<int, 2>, 10002> fie; // Using std::array\n\nbool comp(const block &b1, const block &b2) {\n    return b1.y < b2.y;\n}\n\nint main(void) {\n    while (1) {\n        scanf("%d%d", &n, &r);\n        if (n == 0 && r == 0) break;\n\n        fie.fill({0, 0}); // Initialize using std::array\n\n        memset(b, 0, sizeof(b)); // Clear block array\n\n        for (int i = 0; i < n; i++) {\n            int y1, y2;\n            scanf("%d%d%d%d", &b[i * 2].x1, &y1, &b[i * 2].x2, &y2);\n            b[i * 2].x2--;\n            b[i * 2 + 1].x1 = b[i * 2].x1;\n            b[i * 2 + 1].x2 = b[i * 2].x2;\n            b[i * 2].y = y1;\n            b[i * 2 + 1].y = y2;\n            b[i * 2].f = 1;\n            b[i * 2 + 1].f = -1;\n        }\n\n        sort(b, b + n * 2, comp);\n        int ny = 0;\n        int now = 0, prev = 1;\n        int res = 0, res2 = 0;\n\n        for (int i = 0; i < n * 2; i++) {\n            if (ny != b[i].y) {\n                swap(now, prev);\n                int cnt = 0, cnt2 = 0, bt = 0, cnt3 = 0;\n                for (int j = 0; j <= 10000; j++) {\n                    if (fie[j][now] > 0 && fie[j][prev] == 0) cnt3++;\n                    if (fie[j][now] == 0 && fie[j][prev] > 0) cnt3++;\n                    fie[j][now] = fie[j][prev];\n                    if (fie[j][now] > 0) {\n                        cnt++;\n                        if (bt == 0) cnt2++, bt = 1;\n                    } else bt = 0;\n                }\n                res += cnt * (b[i].y - ny);\n                res2 += cnt2 * 2 * (b[i].y - ny) + cnt3;\n            }\n            ny = b[i].y;\n            for (int j = b[i].x1; j <= b[i].x2; j++) fie[j][now] += b[i].f;\n        }\n\n        printf("%d\\n", res);\n        if (r == 2) {\n            swap(now, prev);\n            int cnt3 = 0;\n            for (int j = 0; j <= 10000; j++) {\n                if (fie[j][now] > 0 && fie[j][prev] == 0) cnt3++;\n                if (fie[j][now] == 0 && fie[j][prev] > 0) cnt3++;\n                fie[j][now] = fie[j][prev];\n            }\n            res2 += cnt3;\n            printf("%d\\n", res2);\n        }\n    }\n    return 0;\n}')"
2025-01-24 19:26:23,052	[INFO]	Step: 25
2025-01-24 19:26:23,052	[INFO]	Stop Steps: 100
2025-01-24 19:26:23,858	[DEBUG]	EXEC>  SUCCESS 3747699.875
2025-01-24 19:26:23,858	[INFO]	2-6     SUCCESS               3747699.88 (106.23%) [1 edit(s)]  
2025-01-24 19:26:23,858	[DEBUG]	patch(2-6)="LineLLMCrossover(('source.cpp', 7), '#include <iostream>\n#include <algorithm>\n#include <cstring>\n#include <cstdio>\n#include <vector>\n#include <map>\nusing namespace std;\n\ntypedef vector<int> PP;\ntypedef vector<PP> P;\n\nint n, r;\n\nstruct block {\n    int x1, x2, y, f;\n};\n\nblock b[20002];\nint fie[10002][2];\n\nbool comp(const block &b1, const block &b2) {\n    return b1.y < b2.y;\n}\n\nint main(void) {\n    while (scanf("%d%d", &n, &r), n || r) {\n        memset(fie, 0, sizeof(fie)); // Initialize fie\n        memset(b, 0, sizeof(b)); // Clear block array\n\n        for (int i = 0; i < n; i++) {\n            int y1, y2;\n            scanf("%d%d%d%d", &b[i * 2].x1, &y1, &b[i * 2].x2, &y2);\n            b[i * 2].x2--;\n            b[i * 2 + 1].x1 = b[i * 2].x1;\n            b[i * 2 + 1].x2 = b[i * 2].x2;\n            b[i * 2].y = y1;\n            b[i * 2 + 1].y = y2;\n            b[i * 2].f = 1;\n            b[i * 2 + 1].f = -1;\n        }\n\n        sort(b, b + n * 2, comp);\n        int ny = 0;\n        int now = 0, prev = 1;\n        int res = 0, res2 = 0;\n\n        for (int i = 0; i < n * 2; i++) {\n            if (ny != b[i].y) {\n                swap(now, prev);\n                int cnt = 0, cnt2 = 0, bt = 0, cnt3 = 0;\n                for (int j = 0; j <= 10000; j++) {\n                    if (fie[j][now] > 0 && fie[j][prev] == 0) cnt3++;\n                    if (fie[j][now] == 0 && fie[j][prev] > 0) cnt3++;\n                    fie[j][now] = fie[j][prev];\n                    if (fie[j][now] > 0) {\n                        cnt++;\n                        if (bt == 0) cnt2++, bt = 1;\n                    } else bt = 0;\n                }\n                res += cnt * (b[i].y - ny);\n                res2 += cnt2 * 2 * (b[i].y - ny) + cnt3;\n            }\n            ny = b[i].y;\n            for (int j = b[i].x1; j <= b[i].x2; j++) fie[j][now] += b[i].f;\n        }\n\n        printf("%d\\n", res);\n        if (r == 2) {\n            swap(now, prev);\n            int cnt3 = 0;\n            for (int j = 0; j <= 10000; j++) {\n                if (fie[j][now] > 0 && fie[j][prev] == 0) cnt3++;\n                if (fie[j][now] == 0 && fie[j][prev] > 0) cnt3++;\n                fie[j][now] = fie[j][prev];\n            }\n            res2 += cnt3;\n            printf("%d\\n", res2);\n        }\n    }\n    return 0;\n}')"
2025-01-24 19:26:23,858	[INFO]	Step: 26
2025-01-24 19:26:23,858	[INFO]	Stop Steps: 100
2025-01-24 19:26:24,549	[DEBUG]	EXEC>  SUCCESS 3130993.75
2025-01-24 19:26:24,549	[INFO]	2-7     SUCCESS              *3130993.75 (88.75%) [2 edit(s)]  
2025-01-24 19:26:24,549	[DEBUG]	patch(2-7)="LineLLMMutation(('source.cpp', 3), '#include <iostream>\n#include <algorithm>\n#include <cstring>\n#include <cstdio>\n#include <vector>\n#include <map>\n#include <array>\nusing namespace std;\n\ntypedef vector<int> PP;\ntypedef vector<PP> P;\n\nint n, r;\n\nstruct block {\n    int x1, x2, y, f;\n};\n\nblock b[20002];\narray<array<int, 2>, 10002> fie; // Using std::array\n\nbool comp(const block &b1, const block &b2) {\n    return b1.y < b2.y;\n}\n\nint main(void) {\n    while (1) {\n        scanf("%d%d", &n, &r);\n        if (n == 0 && r == 0) break;\n\n        fie.fill({0, 0}); // Initialize using std::array\n\n        for (int i = 0; i < n; i++) {\n            int y1, y2;\n            scanf("%d%d%d%d", &b[i * 2].x1, &y1, &b[i * 2].x2, &y2);\n            b[i * 2].x2--;\n            b[i * 2 + 1].x1 = b[i * 2].x1;\n            b[i * 2 + 1].x2 = b[i * 2].x2;\n            b[i * 2].y = y1;\n            b[i * 2 + 1].y = y2;\n            b[i * 2].f = 1;\n            b[i * 2 + 1].f = -1;\n        }\n\n        sort(b, b + n * 2, comp);\n        int ny = 0;\n        int now = 0, prev = 1;\n        int res = 0, res2 = 0;\n\n        for (int i = 0; i < n * 2; i++) {\n            if (ny != b[i].y) {\n                swap(now, prev);\n                int cnt = 0, cnt2 = 0, bt = 0, cnt3 = 0;\n                for (int j = 0; j <= 10000; j++) {\n                    if (fie[j][now] > 0 && fie[j][prev] == 0) cnt3++;\n                    if (fie[j][now] == 0 && fie[j][prev] > 0) cnt3++;\n                    fie[j][now] = fie[j][prev];\n                    if (fie[j][now] > 0) {\n                        cnt++;\n                        if (bt == 0) cnt2++, bt = 1;\n                    } else bt = 0;\n                }\n                res += cnt * (b[i].y - ny);\n                res2 += cnt2 * 2 * (b[i].y - ny) + cnt3;\n            }\n            ny = b[i].y;\n            for (int j = b[i].x1; j <= b[i].x2; j++) fie[j][now] += b[i].f;\n        }\n\n        printf("%d\\n", res);\n        if (r == 2) {\n            swap(now, prev);\n            int cnt3 = 0;\n            for (int j = 0; j <= 10000; j++) {\n                if (fie[j][now] > 0 && fie[j][prev] == 0) cnt3++;\n                if (fie[j][now] == 0 && fie[j][prev] > 0) cnt3++;\n                fie[j][now] = fie[j][prev];\n            }\n            res2 += cnt3;\n            printf("%d\\n", res2);\n        }\n    }\n    return 0;\n}') | LineLLMMutation(('source.cpp', 14), '#include <iostream>\n#include <algorithm>\n#include <cstring>\n#include <cstdio>\n#include <vector>\nusing namespace std;\n\ntypedef vector<int> PP;\ntypedef vector<PP> P;\n\nint n, r;\n\nstruct block {\n    int x1, x2, y, f;\n};\n\nblock b[20002];\nint fie[10002][2]; // Changed to a simple 2D array for better performance\n\nbool comp(const block &b1, const block &b2) {\n    return b1.y < b2.y;\n}\n\nint main(void) {\n    while (1) {\n        scanf("%d%d", &n, &r);\n        if (n == 0 && r == 0) break;\n\n        memset(fie, 0, sizeof(fie)); // Initialize using memset for speed\n\n        for (int i = 0; i < n; i++) {\n            int y1, y2;\n            scanf("%d%d%d%d", &b[i * 2].x1, &y1, &b[i * 2].x2, &y2);\n            b[i * 2].x2--;\n            b[i * 2 + 1].x1 = b[i * 2].x1;\n            b[i * 2 + 1].x2 = b[i * 2].x2;\n            b[i * 2].y = y1;\n            b[i * 2 + 1].y = y2;\n            b[i * 2].f = 1;\n            b[i * 2 + 1].f = -1;\n        }\n\n        sort(b, b + n * 2, comp);\n        int ny = 0;\n        int now = 0, prev = 1;\n        int res = 0, res2 = 0;\n\n        for (int i = 0; i < n * 2; i++) {\n            if (ny != b[i].y) {\n                swap(now, prev);\n                int cnt = 0, cnt2 = 0, bt = 0, cnt3 = 0;\n                for (int j = 0; j <= 10000; j++) {\n                    if (fie[j][now] > 0 && fie[j][prev] == 0) cnt3++;\n                    if (fie[j][now] == 0 && fie[j][prev] > 0) cnt3++;\n                    fie[j][now] = fie[j][prev];\n                    if (fie[j][now] > 0) {\n                        cnt++;\n                        if (bt == 0) cnt2++, bt = 1;\n                    } else bt = 0;\n                }\n                res += cnt * (b[i].y - ny);\n                res2 += cnt2 * 2 * (b[i].y - ny) + cnt3;\n            }\n            ny = b[i].y;\n            for (int j = b[i].x1; j <= b[i].x2; j++) fie[j][now] += b[i].f;\n        }\n\n        printf("%d\\n", res);\n        if (r == 2) {\n            swap(now, prev);\n            int cnt3 = 0;\n            for (int j = 0; j <= 10000; j++) {\n                if (fie[j][now] > 0 && fie[j][prev] == 0) cnt3++;\n                if (fie[j][now] == 0 && fie[j][prev] > 0) cnt3++;\n                fie[j][now] = fie[j][prev];\n            }\n            res2 += cnt3;\n            printf("%d\\n", res2);\n        }\n    }\n    return 0;\n}')"

2025-01-24 19:26:24,549	[INFO]	Step: 27
2025-01-24 19:26:24,550	[INFO]	Stop Steps: 100
2025-01-24 19:26:25,298	[DEBUG]	EXEC>  SUCCESS 3950940.25
2025-01-24 19:26:25,299	[INFO]	2-8     SUCCESS               3950940.25 (111.99%) [2 edit(s)]  
2025-01-24 19:26:25,299	[DEBUG]	patch(2-8)="LineLLMCrossover(('source.cpp', 0), '#include <iostream>\n#include <algorithm>\n#include <cstring>\n#include <cstdio>\n#include <vector>\n#include <map>\nusing namespace std;\n\ntypedef vector<int> PP;\ntypedef vector<PP> P;\n\nint n, r;\n\nstruct block {\n    int x1, x2, y, f;\n};\n\nblock b[20002];\nint fie[10002][2];\n\nbool comp(const block &b1, const block &b2) {\n    return b1.y < b2.y;\n}\n\nvoid initArrays() {\n    for (int i = 0; i < 10002; ++i)\n        fie[i][0] = fie[i][1] = 0;\n    for (int i = 0; i < 20002; ++i)\n        b[i] = {0, 0, 0, 0};\n}\n\nint main(void) {\n    while (1) {\n        scanf("%d%d", &n, &r);\n        if (n == 0 && r == 0) break;\n\n        initArrays();\n        \n        for (int i = 0; i < n; i++) {\n            int y1, y2;\n            scanf("%d%d%d%d", &b[i * 2].x1, &y1, &b[i * 2].x2, &y2);\n            b[i * 2].x2--;\n            b[i * 2 + 1].x1 = b[i * 2].x1;\n            b[i * 2 + 1].x2 = b[i * 2].x2;\n            b[i * 2].y = y1;\n            b[i * 2 + 1].y = y2;\n            b[i * 2].f = 1;\n            b[i * 2 + 1].f = -1;\n        }\n\n        sort(b, b + n * 2, comp);\n        int ny = 0;\n        int now = 0, prev = 1;\n        int res = 0, res2 = 0;\n\n        for (int i = 0; i < n * 2; i++) {\n            if (ny != b[i].y) {\n                swap(now, prev);\n                int cnt = 0, cnt2 = 0, bt = 0, cnt3 = 0;\n                for (int j = 0; j <= 10000; j++) {\n                    if (fie[j][now] > 0 && fie[j][prev] == 0) cnt3++;\n                    if (fie[j][now] == 0 && fie[j][prev] > 0) cnt3++;\n                    fie[j][now] = fie[j][prev];\n                    if (fie[j][now] > 0) {\n                        cnt++;\n                        if (bt == 0) cnt2++, bt = 1;\n                    } else bt = 0;\n                }\n                res += cnt * (b[i].y - ny);\n                res2 += cnt2 * 2 * (b[i].y - ny) + cnt3;\n            }\n            ny = b[i].y;\n            for (int j = b[i].x1; j <= b[i].x2; j++) fie[j][now] += b[i].f;\n        }\n\n        printf("%d\\n", res);\n        if (r == 2) {\n            swap(now, prev);\n            int cnt3 = 0;\n            for (int j = 0; j <= 10000; j++) {\n                if (fie[j][now] > 0 && fie[j][prev] == 0) cnt3++;\n                if (fie[j][now] == 0 && fie[j][prev] > 0) cnt3++;\n                fie[j][now] = fie[j][prev];\n            }\n            res2 += cnt3;\n            printf("%d\\n", res2);\n        }\n    }\n    return 0;\n}') | LineLLMMutation(('source.cpp', 15), '#include <iostream>\n#include <algorithm>\n#include <cstring>\n#include <cstdio>\n#include <vector>\n#include <map>\nusing namespace std;\n\ntypedef vector<int> PP;\ntypedef vector<PP> P;\n\nint n, r;\n\nstruct block {\n    int x1, x2, y, f;\n};\n\nblock b[20002];\nint fie[10002][2];\n\nbool comp(const block &b1, const block &b2) {\n    return b1.y < b2.y;\n}\n\nvoid initArrays() {\n    memset(fie, 0, sizeof(fie)); // Use memset to initialize the entire fie array to 0\n    memset(b, 0, sizeof(b)); // Use memset to initialize the entire b array to 0\n}\n\nint main(void) {\n    while (1) {\n        scanf("%d%d", &n, &r);\n        if (n == 0 && r == 0) break;\n\n        initArrays();\n        \n        for (int i = 0; i < n; i++) {\n            int y1, y2;\n            scanf("%d%d%d%d", &b[i * 2].x1, &y1, &b[i * 2].x2, &y2);\n            b[i * 2].x2--;\n            b[i * 2 + 1].x1 = b[i * 2].x1;\n            b[i * 2 + 1].x2 = b[i * 2].x2;\n            b[i * 2].y = y1;\n            b[i * 2 + 1].y = y2;\n            b[i * 2].f = 1;\n            b[i * 2 + 1].f = -1;\n        }\n\n        sort(b, b + n * 2, comp);\n        int ny = 0;\n        int now = 0, prev = 1;\n        int res = 0, res2 = 0;\n\n        for (int i = 0; i < n * 2; i++) {\n            if (ny != b[i].y) {\n                swap(now, prev);\n                int cnt = 0, cnt2 = 0, bt = 0, cnt3 = 0;\n                for (int j = 0; j <= 10000; j++) {\n                    if (fie[j][now] > 0 && fie[j][prev] == 0) cnt3++;\n                    if (fie[j][now] == 0 && fie[j][prev] > 0) cnt3++;\n                    fie[j][now] = fie[j][prev];\n                    if (fie[j][now] > 0) {\n                        cnt++;\n                        if (bt == 0) cnt2++, bt = 1;\n                    } else bt = 0;\n                }\n                res += cnt * (b[i].y - ny);\n                res2 += cnt2 * 2 * (b[i].y - ny) + cnt3;\n            }\n            ny = b[i].y;\n            for (int j = b[i].x1; j <= b[i].x2; j++) fie[j][now] += b[i].f;\n        }\n\n        printf("%d\\n", res);\n        if (r == 2) {\n            swap(now, prev);\n            int cnt3 = 0;\n            for (int j = 0; j <= 10000; j++) {\n                if (fie[j][now] > 0 && fie[j][prev] == 0) cnt3++;\n                if (fie[j][now] == 0 && fie[j][prev] > 0) cnt3++;\n                fie[j][now] = fie[j][prev];\n            }\n            res2 += cnt3;\n            printf("%d\\n", res2);\n        }\n    }\n    return 0;\n}')"
2025-01-24 19:26:25,299	[INFO]	Step: 28
2025-01-24 19:26:25,299	[INFO]	Stop Steps: 100
2025-01-24 19:26:26,081	[DEBUG]	EXEC>  SUCCESS 4477404.3125
2025-01-24 19:26:26,081	[INFO]	2-9     SUCCESS               4477404.31 (126.92%) [2 edit(s)]  
2025-01-24 19:26:26,081	[DEBUG]	patch(2-9)="LineLLMMutation(('source.cpp', 4), '#include <iostream>\n#include <algorithm>\n#include <cstring>\n#include <cstdio>\n#include <vector>\n#include <map>\nusing namespace std;\n\ntypedef vector<int> PP;\ntypedef vector<PP> P;\n\nint n, r;\n\nstruct block {\n    int x1, x2, y, f;\n};\n\nblock b[20002];\nint fie[10002][2];\n\nbool comp(const block &b1, const block &b2) {\n    return b1.y < b2.y;\n}\n\nint main(void) {\n    while (1) {\n        scanf("%d%d", &n, &r);\n        if (n == 0 && r == 0) break;\n\n        memset(fie, 0, sizeof(fie));\n        memset(b, 0, sizeof(b));\n\n        for (int i = 0; i < n; i++) {\n            int y1, y2;\n            scanf("%d%d%d%d", &b[i * 2].x1, &y1, &b[i * 2].x2, &y2);\n            b[i * 2].x2--;\n            b[i * 2 + 1].x1 = b[i * 2].x1;\n            b[i * 2 + 1].x2 = b[i * 2].x2;\n            b[i * 2].y = y1;\n            b[i * 2 + 1].y = y2;\n            b[i * 2].f = 1;\n            b[i * 2 + 1].f = -1;\n        }\n\n        sort(b, b + n * 2, comp);\n        int ny = 0;\n        int now = 0, prev = 1;\n        int res = 0, res2 = 0;\n\n        for (int i = 0; i < n * 2; i++) {\n            if (ny != b[i].y) {\n                swap(now, prev);\n                int cnt = 0, cnt2 = 0, bt = 0, cnt3 = 0;\n                for (int j = 0; j <= 10000; j++) {\n                    if (fie[j][now] > 0 && fie[j][prev] == 0) cnt3++;\n                    if (fie[j][now] == 0 && fie[j][prev] > 0) cnt3++;\n                    fie[j][now] = fie[j][prev];\n                    if (fie[j][now] > 0) {\n                        cnt++;\n                        if (bt == 0) cnt2++, bt = 1;\n                    } else bt = 0;\n                }\n                res += cnt * (b[i].y - ny);\n                res2 += cnt2 * 2 * (b[i].y - ny) + cnt3;\n            }\n            ny = b[i].y;\n            for (int j = b[i].x1; j <= b[i].x2; j++) fie[j][now] += b[i].f;\n        }\n\n        printf("%d\\n", res);\n        if (r == 2) {\n            swap(now, prev);\n            int cnt3 = 0;\n            for (int j = 0; j <= 10000; j++) {\n                if (fie[j][now] > 0 && fie[j][prev] == 0) cnt3++;\n                if (fie[j][now] == 0 && fie[j][prev] > 0) cnt3++;\n                fie[j][now] = fie[j][prev];\n            }\n            res2 += cnt3;\n            printf("%d\\n", res2);\n        }\n    }\n    return 0;\n}') | LineLLMMutation(('source.cpp', 16), '#include <iostream>\n#include <algorithm>\n#include <cstring>\n#include <cstdio>\n#include <vector>\n#include <map>\nusing namespace std;\n\ntypedef vector<int> PP;\ntypedef vector<PP> P;\n\nint n, r;\n\nstruct block {\n    int x1, x2, y, f;\n};\n\nblock b[20002];\nint fie[10002][2];\n\nbool comp(const block &b1, const block &b2) {\n    return b1.y < b2.y;\n}\n\nint main(void) {\n    while (1) {\n        scanf("%d%d", &n, &r);\n        if (n == 0 && r == 0) break;\n\n        // Optimized initialization of arrays using std::fill\n        std::fill(&fie[0][0], &fie[0][0] + sizeof(fie) / sizeof(int), 0);\n        std::fill(b, b + sizeof(b) / sizeof(block), block{0, 0, 0, 0});\n\n        for (int i = 0; i < n; i++) {\n            int y1, y2;\n            scanf("%d%d%d%d", &b[i * 2].x1, &y1, &b[i * 2].x2, &y2);\n            b[i * 2].x2--;\n            b[i * 2 + 1].x1 = b[i * 2].x1;\n            b[i * 2 + 1].x2 = b[i * 2].x2;\n            b[i * 2].y = y1;\n            b[i * 2 + 1].y = y2;\n            b[i * 2].f = 1;\n            b[i * 2 + 1].f = -1;\n        }\n\n        sort(b, b + n * 2, comp);\n        int ny = 0;\n        int now = 0, prev = 1;\n        int res = 0, res2 = 0;\n\n        for (int i = 0; i < n * 2; i++) {\n            if (ny != b[i].y) {\n                swap(now, prev);\n                int cnt = 0, cnt2 = 0, bt = 0, cnt3 = 0;\n                for (int j = 0; j <= 10000; j++) {\n                    if (fie[j][now] > 0 && fie[j][prev] == 0) cnt3++;\n                    if (fie[j][now] == 0 && fie[j][prev] > 0) cnt3++;\n                    fie[j][now] = fie[j][prev];\n                    if (fie[j][now] > 0) {\n                        cnt++;\n                        if (bt == 0) cnt2++, bt = 1;\n                    } else bt = 0;\n                }\n                res += cnt * (b[i].y - ny);\n                res2 += cnt2 * 2 * (b[i].y - ny) + cnt3;\n            }\n            ny = b[i].y;\n            for (int j = b[i].x1; j <= b[i].x2; j++) fie[j][now] += b[i].f;\n        }\n\n        printf("%d\\n", res);\n        if (r == 2) {\n            swap(now, prev);\n            int cnt3 = 0;\n            for (int j = 0; j <= 10000; j++) {\n                if (fie[j][now] > 0 && fie[j][prev] == 0) cnt3++;\n                if (fie[j][now] == 0 && fie[j][prev] > 0) cnt3++;\n                fie[j][now] = fie[j][prev];\n            }\n            res2 += cnt3;\n            printf("%d\\n", res2);\n        }\n    }\n    return 0;\n}')"
2025-01-24 19:26:26,082	[INFO]	Step: 29
2025-01-24 19:26:26,082	[INFO]	Stop Steps: 100
2025-01-24 19:26:26,818	[DEBUG]	EXEC>  SUCCESS 3834650.8125
2025-01-24 19:26:26,818	[INFO]	2-10    SUCCESS               3834650.81 (108.70%) [3 edit(s)]  
2025-01-24 19:26:26,818	[DEBUG]	patch(2-10)="LineLLMMutation(('source.cpp', 6), '#include <iostream>\n#include <algorithm>\n#include <cstring>\n#include <cstdio>\n#include <vector>\n#include <map>\nusing namespace std;\n\ntypedef vector<int> PP;\ntypedef vector<PP> P;\n\nint n, r;\n\nstruct block {\n    int x1, x2, y, f;\n};\n\nblock b[20002];\nint fie[10002][2];\n\nbool comp(const block &b1, const block &b2) {\n    return b1.y < b2.y;\n}\n\nint main(void) {\n    while (1) {\n        scanf("%d%d", &n, &r);\n        if (n == 0 && r == 0) break;\n\n        memset(fie, 0, sizeof(fie));\n        memset(b, 0, sizeof(b));\n\n        for (int i = 0; i < n; i++) {\n            int y1, y2;\n            scanf("%d%d%d%d", &b[i * 2].x1, &y1, &b[i * 2].x2, &y2);\n            b[i * 2].x2--;\n            b[i * 2 + 1].x1 = b[i * 2].x1;\n            b[i * 2 + 1].x2 = b[i * 2].x2;\n            b[i * 2].y = y1;\n            b[i * 2 + 1].y = y2;\n            b[i * 2].f = 1;\n            b[i * 2 + 1].f = -1;\n        }\n\n        sort(b, b + n * 2, [](const block &b1, const block &b2) { return b1.y < b2.y; });\n        int ny = 0;\n        int now = 0, prev = 1;\n        int res = 0, res2 = 0;\n\n        for (int i = 0; i < n * 2; i++) {\n            if (ny != b[i].y) {\n                swap(now, prev);\n                int cnt = 0, cnt2 = 0, bt = 0, cnt3 = 0;\n                for (int j = 0; j <= 10000; j++) {\n                    if (fie[j][now] > 0 && fie[j][prev] == 0) cnt3++;\n                    if (fie[j][now] == 0 && fie[j][prev] > 0) cnt3++;\n                    fie[j][now] = fie[j][prev];\n                    if (fie[j][now] > 0) {\n                        cnt++;\n                        if (bt == 0) cnt2++, bt = 1;\n                    } else bt = 0;\n                }\n                res += cnt * (b[i].y - ny);\n                res2 += cnt2 * 2 * (b[i].y - ny) + cnt3;\n            }\n            ny = b[i].y;\n            for (int j = b[i].x1; j <= b[i].x2; j++) fie[j][now] += b[i].f;\n        }\n\n        printf("%d\\n", res);\n        if (r == 2) {\n            swap(now, prev);\n            int cnt3 = 0;\n            for (int j = 0; j <= 10000; j++) {\n                if (fie[j][now] > 0 && fie[j][prev] == 0) cnt3++;\n                if (fie[j][now] == 0 && fie[j][prev] > 0) cnt3++;\n                fie[j][now] = fie[j][prev];\n            }\n            res2 += cnt3;\n            printf("%d\\n", res2);\n        }\n    }\n    return 0;\n}') | LineLLMMutation(('source.cpp', 13), '#include <iostream>\n#include <algorithm>\n#include <cstring>\n#include <cstdio>\n#include <vector>\n#include <map>\nusing namespace std;\n\ntypedef vector<int> PP;\ntypedef vector<PP> P;\n\nint n, r;\n\nstruct block {\n    int x1, x2, y, f;\n};\n\nblock b[20002];\nint fie[10002][2];\n\nbool comp(const block &b1, const block &b2) {\n    return b1.y < b2.y;\n}\n\nint main(void) {\n    while (scanf("%d%d", &n, &r), n || r) {\n        memset(fie, 0, sizeof(fie));\n        memset(b, 0, sizeof(b));\n\n        for (int i = 0; i < n; i++) {\n            int y1, y2;\n            scanf("%d%d%d%d", &b[i * 2].x1, &y1, &b[i * 2].x2, &y2);\n            b[i * 2].x2--;\n            b[i * 2 + 1].x1 = b[i * 2].x1;\n            b[i * 2 + 1].x2 = b[i * 2].x2;\n            b[i * 2].y = y1;\n            b[i * 2 + 1].y = y2;\n            b[i * 2].f = 1;\n            b[i * 2 + 1].f = -1;\n        }\n\n        sort(b, b + n * 2, comp);\n        int ny = 0;\n        int now = 0, prev = 1;\n        int res = 0, res2 = 0;\n\n        for (int i = 0; i < n * 2; i++) {\n            if (ny != b[i].y) {\n                swap(now, prev);\n                int cnt = 0, cnt2 = 0, bt = 0, cnt3 = 0;\n                for (int j = 0; j <= 10000; j++) {\n                    if (fie[j][now] > 0 && fie[j][prev] == 0) cnt3++;\n                    if (fie[j][now] == 0 && fie[j][prev] > 0) cnt3++;\n                    fie[j][now] = fie[j][prev];\n                    if (fie[j][now] > 0) {\n                        cnt++;\n                        if (bt == 0) cnt2++, bt = 1;\n                    } else bt = 0;\n                }\n                res += cnt * (b[i].y - ny);\n                res2 += cnt2 * 2 * (b[i].y - ny) + cnt3;\n            }\n            ny = b[i].y;\n            for (int j = b[i].x1; j <= b[i].x2; j++) fie[j][now] += b[i].f;\n        }\n\n        printf("%d\\n", res);\n        if (r == 2) {\n            swap(now, prev);\n            int cnt3 = 0;\n            for (int j = 0; j <= 10000; j++) {\n                if (fie[j][now] > 0 && fie[j][prev] == 0) cnt3++;\n                if (fie[j][now] == 0 && fie[j][prev] > 0) cnt3++;\n                fie[j][now] = fie[j][prev];\n            }\n            res2 += cnt3;\n            printf("%d\\n", res2);\n        }\n    }\n    return 0;\n}') | LineLLMMutation(('source.cpp', 17), '#include <iostream>\n#include <algorithm>\n#include <array>\n#include <cstdio>\n#include <vector>\n#include <map>\nusing namespace std;\n\ntypedef vector<int> PP;\ntypedef vector<PP> P;\n\nint n, r;\n\nstruct block {\n    int x1, x2, y, f;\n};\n\nblock b[20002];\narray<int, 10002> fie[2]; // Use std::array for better performance\n\nbool comp(const block &b1, const block &b2) {\n    return b1.y < b2.y;\n}\n\nint main(void) {\n    while (scanf("%d%d", &n, &r), n || r) {\n        fie[0].fill(0); // Use fill instead of memset\n        fie[1].fill(0);\n        fill(begin(b), end(b), block{0, 0, 0, 0}); // Efficiently fill block array\n\n        for (int i = 0; i < n; i++) {\n            int y1, y2;\n            scanf("%d%d%d%d", &b[i * 2].x1, &y1, &b[i * 2].x2, &y2);\n            b[i * 2].x2--;\n            b[i * 2 + 1].x1 = b[i * 2].x1;\n            b[i * 2 + 1].x2 = b[i * 2].x2;\n            b[i * 2].y = y1;\n            b[i * 2 + 1].y = y2;\n            b[i * 2].f = 1;\n            b[i * 2 + 1].f = -1;\n        }\n\n        sort(b, b + n * 2, comp);\n        int ny = 0;\n        int now = 0, prev = 1;\n        int res = 0, res2 = 0;\n\n        for (int i = 0; i < n * 2; i++) {\n            if (ny != b[i].y) {\n                swap(now, prev);\n                int cnt = 0, cnt2 = 0, bt = 0, cnt3 = 0;\n                for (int j = 0; j <= 10000; j++) {\n                    if (fie[now][j] > 0 && fie[prev][j] == 0) cnt3++;\n                    if (fie[now][j] == 0 && fie[prev][j] > 0) cnt3++;\n                    fie[now][j] = fie[prev][j];\n                    if (fie[now][j] > 0) {\n                        cnt++;\n                        if (bt == 0) cnt2++, bt = 1;\n                    } else bt = 0;\n                }\n                res += cnt * (b[i].y - ny);\n                res2 += cnt2 * 2 * (b[i].y - ny) + cnt3;\n            }\n            ny = b[i].y;\n            for (int j = b[i].x1; j <= b[i].x2; j++) fie[now][j] += b[i].f;\n        }\n\n        printf("%d\\n", res);\n        if (r == 2) {\n            swap(now, prev);\n            int cnt3 = 0;\n            for (int j = 0; j <= 10000; j++) {\n                if (fie[now][j] > 0 && fie[prev][j] == 0) cnt3++;\n                if (fie[now][j] == 0 && fie[prev][j] > 0) cnt3++;\n                fie[now][j] = fie[prev][j];\n            }\n            res2 += cnt3;\n            printf("%d\\n", res2);\n        }\n    }\n    return 0;\n}')"
2025-01-24 19:26:26,818	[INFO]	Step: 30
2025-01-24 19:26:26,818	[INFO]	Stop Steps: 100
2025-01-24 19:26:28,733	[DEBUG]	EXEC>  SUCCESS 4660719.625
2025-01-24 19:26:28,733	[INFO]	REF     SUCCESS               4660719.62 (--) [0 edit(s)]  
2025-01-24 19:26:28,733	[INFO]	Best patch: 3_14
2025-01-24 19:26:29,640	[DEBUG]	EXEC>  SUCCESS 3447256.4375
2025-01-24 19:26:29,640	[INFO]	BEST    SUCCESS              *3447256.44 (73.96%) [0 edit(s)]  
2025-01-24 19:26:29,640	[INFO]	Best patch step: 26
2025-01-24 19:28:19,606	[INFO]	Step: 30
2025-01-24 19:28:19,607	[INFO]	Stop Steps: 100
2025-01-24 19:28:20,497	[DEBUG]	EXEC>  SUCCESS 3533481.0
2025-01-24 19:28:20,497	[INFO]	3-1     SUCCESS              +3533481.00 (75.81%) [2 edit(s)]  
2025-01-24 19:28:20,497	[DEBUG]	patch(3-1)="LineLLMMutation(('source.cpp', 3), '#include <iostream>\n#include <algorithm>\n#include <cstring>\n#include <cstdio>\n#include <vector>\n#include <map>\n#include <array>\nusing namespace std;\n\ntypedef vector<int> PP;\ntypedef vector<PP> P;\n\nint n, r;\n\nstruct block {\n    int x1, x2, y, f;\n};\n\nblock b[20002];\narray<array<int, 2>, 10002> fie; // Using std::array\n\nbool comp(const block &b1, const block &b2) {\n    return b1.y < b2.y;\n}\n\nint main(void) {\n    while (1) {\n        scanf("%d%d", &n, &r);\n        if (n == 0 && r == 0) break;\n\n        fie.fill({0, 0}); // Initialize using std::array\n\n        for (int i = 0; i < n; i++) {\n            int y1, y2;\n            scanf("%d%d%d%d", &b[i * 2].x1, &y1, &b[i * 2].x2, &y2);\n            b[i * 2].x2--;\n            b[i * 2 + 1].x1 = b[i * 2].x1;\n            b[i * 2 + 1].x2 = b[i * 2].x2;\n            b[i * 2].y = y1;\n            b[i * 2 + 1].y = y2;\n            b[i * 2].f = 1;\n            b[i * 2 + 1].f = -1;\n        }\n\n        sort(b, b + n * 2, comp);\n        int ny = 0;\n        int now = 0, prev = 1;\n        int res = 0, res2 = 0;\n\n        for (int i = 0; i < n * 2; i++) {\n            if (ny != b[i].y) {\n                swap(now, prev);\n                int cnt = 0, cnt2 = 0, bt = 0, cnt3 = 0;\n                for (int j = 0; j <= 10000; j++) {\n                    if (fie[j][now] > 0 && fie[j][prev] == 0) cnt3++;\n                    if (fie[j][now] == 0 && fie[j][prev] > 0) cnt3++;\n                    fie[j][now] = fie[j][prev];\n                    if (fie[j][now] > 0) {\n                        cnt++;\n                        if (bt == 0) cnt2++, bt = 1;\n                    } else bt = 0;\n                }\n                res += cnt * (b[i].y - ny);\n                res2 += cnt2 * 2 * (b[i].y - ny) + cnt3;\n            }\n            ny = b[i].y;\n            for (int j = b[i].x1; j <= b[i].x2; j++) fie[j][now] += b[i].f;\n        }\n\n        printf("%d\\n", res);\n        if (r == 2) {\n            swap(now, prev);\n            int cnt3 = 0;\n            for (int j = 0; j <= 10000; j++) {\n                if (fie[j][now] > 0 && fie[j][prev] == 0) cnt3++;\n                if (fie[j][now] == 0 && fie[j][prev] > 0) cnt3++;\n                fie[j][now] = fie[j][prev];\n            }\n            res2 += cnt3;\n            printf("%d\\n", res2);\n        }\n    }\n    return 0;\n}') | LineLLMMutation(('source.cpp', 14), '#include <iostream>\n#include <algorithm>\n#include <cstring>\n#include <cstdio>\n#include <vector>\nusing namespace std;\n\ntypedef vector<int> PP;\ntypedef vector<PP> P;\n\nint n, r;\n\nstruct block {\n    int x1, x2, y, f;\n};\n\nblock b[20002];\nint fie[10002][2]; // Changed to a simple 2D array for better performance\n\nbool comp(const block &b1, const block &b2) {\n    return b1.y < b2.y;\n}\n\nint main(void) {\n    while (1) {\n        scanf("%d%d", &n, &r);\n        if (n == 0 && r == 0) break;\n\n        memset(fie, 0, sizeof(fie)); // Initialize using memset for speed\n\n        for (int i = 0; i < n; i++) {\n            int y1, y2;\n            scanf("%d%d%d%d", &b[i * 2].x1, &y1, &b[i * 2].x2, &y2);\n            b[i * 2].x2--;\n            b[i * 2 + 1].x1 = b[i * 2].x1;\n            b[i * 2 + 1].x2 = b[i * 2].x2;\n            b[i * 2].y = y1;\n            b[i * 2 + 1].y = y2;\n            b[i * 2].f = 1;\n            b[i * 2 + 1].f = -1;\n        }\n\n        sort(b, b + n * 2, comp);\n        int ny = 0;\n        int now = 0, prev = 1;\n        int res = 0, res2 = 0;\n\n        for (int i = 0; i < n * 2; i++) {\n            if (ny != b[i].y) {\n                swap(now, prev);\n                int cnt = 0, cnt2 = 0, bt = 0, cnt3 = 0;\n                for (int j = 0; j <= 10000; j++) {\n                    if (fie[j][now] > 0 && fie[j][prev] == 0) cnt3++;\n                    if (fie[j][now] == 0 && fie[j][prev] > 0) cnt3++;\n                    fie[j][now] = fie[j][prev];\n                    if (fie[j][now] > 0) {\n                        cnt++;\n                        if (bt == 0) cnt2++, bt = 1;\n                    } else bt = 0;\n                }\n                res += cnt * (b[i].y - ny);\n                res2 += cnt2 * 2 * (b[i].y - ny) + cnt3;\n            }\n            ny = b[i].y;\n            for (int j = b[i].x1; j <= b[i].x2; j++) fie[j][now] += b[i].f;\n        }\n\n        printf("%d\\n", res);\n        if (r == 2) {\n            swap(now, prev);\n            int cnt3 = 0;\n            for (int j = 0; j <= 10000; j++) {\n                if (fie[j][now] > 0 && fie[j][prev] == 0) cnt3++;\n                if (fie[j][now] == 0 && fie[j][prev] > 0) cnt3++;\n                fie[j][now] = fie[j][prev];\n            }\n            res2 += cnt3;\n            printf("%d\\n", res2);\n        }\n    }\n    return 0;\n}')"
2025-01-24 19:28:20,497	[INFO]	Step: 31
2025-01-24 19:28:20,497	[INFO]	Stop Steps: 100
2025-01-24 19:28:21,232	[DEBUG]	EXEC>  SUCCESS 3027550.5625
2025-01-24 19:28:21,232	[INFO]	3-2     SUCCESS              *3027550.56 (64.96%) [1 edit(s)]  
2025-01-24 19:28:21,232	[DEBUG]	patch(3-2)="LineLLMMutation(('source.cpp', 3), '#include <iostream>\n#include <algorithm>\n#include <cstring>\n#include <cstdio>\n#include <vector>\n#include <map>\n#include <array>\nusing namespace std;\n\ntypedef vector<int> PP;\ntypedef vector<PP> P;\n\nint n, r;\n\nstruct block {\n    int x1, x2, y, f;\n};\n\nblock b[20002];\narray<array<int, 2>, 10002> fie; // Using std::array\n\nbool comp(const block &b1, const block &b2) {\n    return b1.y < b2.y;\n}\n\nint main(void) {\n    while (1) {\n        scanf("%d%d", &n, &r);\n        if (n == 0 && r == 0) break;\n\n        fie.fill({0, 0}); // Initialize using std::array\n\n        for (int i = 0; i < n; i++) {\n            int y1, y2;\n            scanf("%d%d%d%d", &b[i * 2].x1, &y1, &b[i * 2].x2, &y2);\n            b[i * 2].x2--;\n            b[i * 2 + 1].x1 = b[i * 2].x1;\n            b[i * 2 + 1].x2 = b[i * 2].x2;\n            b[i * 2].y = y1;\n            b[i * 2 + 1].y = y2;\n            b[i * 2].f = 1;\n            b[i * 2 + 1].f = -1;\n        }\n\n        sort(b, b + n * 2, comp);\n        int ny = 0;\n        int now = 0, prev = 1;\n        int res = 0, res2 = 0;\n\n        for (int i = 0; i < n * 2; i++) {\n            if (ny != b[i].y) {\n                swap(now, prev);\n                int cnt = 0, cnt2 = 0, bt = 0, cnt3 = 0;\n                for (int j = 0; j <= 10000; j++) {\n                    if (fie[j][now] > 0 && fie[j][prev] == 0) cnt3++;\n                    if (fie[j][now] == 0 && fie[j][prev] > 0) cnt3++;\n                    fie[j][now] = fie[j][prev];\n                    if (fie[j][now] > 0) {\n                        cnt++;\n                        if (bt == 0) cnt2++, bt = 1;\n                    } else bt = 0;\n                }\n                res += cnt * (b[i].y - ny);\n                res2 += cnt2 * 2 * (b[i].y - ny) + cnt3;\n            }\n            ny = b[i].y;\n            for (int j = b[i].x1; j <= b[i].x2; j++) fie[j][now] += b[i].f;\n        }\n\n        printf("%d\\n", res);\n        if (r == 2) {\n            swap(now, prev);\n            int cnt3 = 0;\n            for (int j = 0; j <= 10000; j++) {\n                if (fie[j][now] > 0 && fie[j][prev] == 0) cnt3++;\n                if (fie[j][now] == 0 && fie[j][prev] > 0) cnt3++;\n                fie[j][now] = fie[j][prev];\n            }\n            res2 += cnt3;\n            printf("%d\\n", res2);\n        }\n    }\n    return 0;\n}')"

2025-01-24 19:28:21,232	[INFO]	Step: 32
2025-01-24 19:28:21,232	[INFO]	Stop Steps: 100
2025-01-24 19:28:21,966	[DEBUG]	EXEC>  SUCCESS 3592299.125
2025-01-24 19:28:21,966	[INFO]	3-3     SUCCESS               3592299.12 (77.08%) [1 edit(s)]  
2025-01-24 19:28:21,966	[DEBUG]	patch(3-3)="LineLLMCrossover(('source.cpp', 8), '#include <iostream>\n#include <algorithm>\n#include <cstring>\n#include <cstdio>\n#include <vector>\n#include <array>\nusing namespace std;\n\ntypedef vector<int> PP;\ntypedef vector<PP> P;\n\nint n, r;\nstruct block {\n    int x1, x2, y, f;\n};\n\nblock b[20002];\nint fie[10002][2]; // Retained from Parent 1 for better performance\n\nbool comp(const block &b1, const block &b2) {\n    return b1.y < b2.y;\n}\n\nint main(void) {\n    while (scanf("%d%d", &n, &r), n || r) {\n        memset(fie, 0, sizeof(fie)); // Initialize fie\n        memset(b, 0, sizeof(b)); // Clear block array\n\n        for (int i = 0; i < n; i++) {\n            int y1, y2;\n            scanf("%d%d%d%d", &b[i * 2].x1, &y1, &b[i * 2].x2, &y2);\n            b[i * 2].x2--;\n            b[i * 2 + 1].x1 = b[i * 2].x1;\n            b[i * 2 + 1].x2 = b[i * 2].x2;\n            b[i * 2].y = y1;\n            b[i * 2 + 1].y = y2;\n            b[i * 2].f = 1;\n            b[i * 2 + 1].f = -1;\n        }\n\n        sort(b, b + n * 2, comp);\n        int ny = 0;\n        int now = 0, prev = 1;\n        int res = 0, res2 = 0;\n\n        for (int i = 0; i < n * 2; i++) {\n            if (ny != b[i].y) {\n                swap(now, prev);\n                int cnt = 0, cnt2 = 0, bt = 0, cnt3 = 0;\n                for (int j = 0; j <= 10000; j++) {\n                    if (fie[j][now] > 0 && fie[j][prev] == 0) cnt3++;\n                    if (fie[j][now] == 0 && fie[j][prev] > 0) cnt3++;\n                    fie[j][now] = fie[j][prev];\n                    if (fie[j][now] > 0) {\n                        cnt++;\n                        if (bt == 0) cnt2++, bt = 1;\n                    } else bt = 0;\n                }\n                res += cnt * (b[i].y - ny);\n                res2 += cnt2 * 2 * (b[i].y - ny) + cnt3;\n            }\n            ny = b[i].y;\n            for (int j = b[i].x1; j <= b[i].x2; j++) fie[j][now] += b[i].f;\n        }\n\n        printf("%d\\n", res);\n        if (r == 2) {\n            swap(now, prev);\n            int cnt3 = 0;\n            for (int j = 0; j <= 10000; j++) {\n                if (fie[j][now] > 0 && fie[j][prev] == 0) cnt3++;\n                if (fie[j][now] == 0 && fie[j][prev] > 0) cnt3++;\n                fie[j][now] = fie[j][prev];\n            }\n            res2 += cnt3;\n            printf("%d\\n", res2);\n        }\n    }\n    return 0;\n}')"
2025-01-24 19:28:21,966	[INFO]	Step: 33
2025-01-24 19:28:21,966	[INFO]	Stop Steps: 100
2025-01-24 19:28:22,798	[DEBUG]	EXEC>  SUCCESS 4273032.9375
2025-01-24 19:28:22,798	[INFO]	3-4     SUCCESS               4273032.94 (91.68%) [1 edit(s)]  
2025-01-24 19:28:22,798	[DEBUG]	patch(3-4)="LineLLMCrossover(('source.cpp', 9), '#include <iostream>\n#include <algorithm>\n#include <cstring>\n#include <cstdio>\n#include <vector>\n#include <array>\nusing namespace std;\n\ntypedef vector<int> PP;\ntypedef vector<PP> P;\n\nint n, r;\nstruct block {\n    int x1, x2, y, f;\n};\n\nblock b[20002];\narray<array<int, 2>, 10002> fie; // Using std::array for initialization\n\nbool comp(const block &b1, const block &b2) {\n    return b1.y < b2.y;\n}\n\nint main(void) {\n    while (1) {\n        scanf("%d%d", &n, &r);\n        if (n == 0 && r == 0) break;\n\n        fie.fill({0, 0}); // Initialize using std::array\n\n        memset(b, 0, sizeof(b)); // Clear block array\n\n        for (int i = 0; i < n; i++) {\n            int y1, y2;\n            scanf("%d%d%d%d", &b[i * 2].x1, &y1, &b[i * 2].x2, &y2);\n            b[i * 2].x2--;\n            b[i * 2 + 1].x1 = b[i * 2].x1;\n            b[i * 2 + 1].x2 = b[i * 2].x2;\n            b[i * 2].y = y1;\n            b[i * 2 + 1].y = y2;\n            b[i * 2].f = 1;\n            b[i * 2 + 1].f = -1;\n        }\n\n        sort(b, b + n * 2, comp);\n        int ny = 0;\n        int now = 0, prev = 1;\n        int res = 0, res2 = 0;\n\n        for (int i = 0; i < n * 2; i++) {\n            if (ny != b[i].y) {\n                swap(now, prev);\n                int cnt = 0, cnt2 = 0, bt = 0, cnt3 = 0;\n                for (int j = 0; j <= 10000; j++) {\n                    if (fie[j][now] > 0 && fie[j][prev] == 0) cnt3++;\n                    if (fie[j][now] == 0 && fie[j][prev] > 0) cnt3++;\n                    fie[j][now] = fie[j][prev];\n                    if (fie[j][now] > 0) {\n                        cnt++;\n                        if (bt == 0) cnt2++, bt = 1;\n                    } else bt = 0;\n                }\n                res += cnt * (b[i].y - ny);\n                res2 += cnt2 * 2 * (b[i].y - ny) + cnt3;\n            }\n            ny = b[i].y;\n            for (int j = b[i].x1; j <= b[i].x2; j++) fie[j][now] += b[i].f;\n        }\n\n        printf("%d\\n", res);\n        if (r == 2) {\n            swap(now, prev);\n            int cnt3 = 0;\n            for (int j = 0; j <= 10000; j++) {\n                if (fie[j][now] > 0 && fie[j][prev] == 0) cnt3++;\n                if (fie[j][now] == 0 && fie[j][prev] > 0) cnt3++;\n                fie[j][now] = fie[j][prev];\n            }\n            res2 += cnt3;\n            printf("%d\\n", res2);\n        }\n    }\n    return 0;\n}')"
2025-01-24 19:28:22,798	[INFO]	Step: 34
2025-01-24 19:28:22,798	[INFO]	Stop Steps: 100
2025-01-24 19:28:23,528	[DEBUG]	EXEC>  SUCCESS 4340233.875
2025-01-24 19:28:23,528	[INFO]	3-5     SUCCESS               4340233.88 (93.12%) [1 edit(s)]  
2025-01-24 19:28:23,529	[DEBUG]	patch(3-5)="LineLLMCrossover(('source.cpp', 10), '#include <iostream>\n#include <algorithm>\n#include <cstring>\n#include <cstdio>\n#include <vector>\nusing namespace std;\n\ntypedef vector<int> PP;\ntypedef vector<PP> P;\n\nint n, r;\nstruct block {\n    int x1, x2, y, f;\n};\n\nblock b[20002];\nint fie[10002][2]; // Retained from Parent 4 for performance\n\nbool comp(const block &b1, const block &b2) {\n    return b1.y < b2.y;\n}\n\nint main(void) {\n    while (scanf("%d%d", &n, &r), n || r) {\n        memset(fie, 0, sizeof(fie)); // Initialize fie\n        memset(b, 0, sizeof(b)); // Clear block array\n\n        for (int i = 0; i < n; i++) {\n            int y1, y2;\n            scanf("%d%d%d%d", &b[i * 2].x1, &y1, &b[i * 2].x2, &y2);\n            b[i * 2].x2--;\n            b[i * 2 + 1].x1 = b[i * 2].x1;\n            b[i * 2 + 1].x2 = b[i * 2].x2;\n            b[i * 2].y = y1;\n            b[i * 2 + 1].y = y2;\n            b[i * 2].f = 1;\n            b[i * 2 + 1].f = -1;\n        }\n\n        sort(b, b + n * 2, comp);\n        int ny = 0;\n        int now = 0, prev = 1;\n        int res = 0, res2 = 0;\n\n        for (int i = 0; i < n * 2; i++) {\n            if (ny != b[i].y) {\n                swap(now, prev);\n                int cnt = 0, cnt2 = 0, bt = 0, cnt3 = 0;\n                for (int j = 0; j <= 10000; j++) {\n                    if (fie[j][now] > 0 && fie[j][prev] == 0) cnt3++;\n                    if (fie[j][now] == 0 && fie[j][prev] > 0) cnt3++;\n                    fie[j][now] = fie[j][prev];\n                    if (fie[j][now] > 0) {\n                        cnt++;\n                        if (bt == 0) cnt2++, bt = 1;\n                    } else bt = 0;\n                }\n                res += cnt * (b[i].y - ny);\n                res2 += cnt2 * 2 * (b[i].y - ny) + cnt3;\n            }\n            ny = b[i].y;\n            for (int j = b[i].x1; j <= b[i].x2; j++) fie[j][now] += b[i].f;\n        }\n\n        printf("%d\\n", res);\n        if (r == 2) {\n            swap(now, prev);\n            int cnt3 = 0;\n            for (int j = 0; j <= 10000; j++) {\n                if (fie[j][now] > 0 && fie[j][prev] == 0) cnt3++;\n                if (fie[j][now] == 0 && fie[j][prev] > 0) cnt3++;\n                fie[j][now] = fie[j][prev];\n            }\n            res2 += cnt3;\n            printf("%d\\n", res2);\n        }\n    }\n    return 0;\n}')"
2025-01-24 19:28:23,529	[INFO]	Step: 35
2025-01-24 19:28:23,529	[INFO]	Stop Steps: 100
2025-01-24 19:28:24,275	[DEBUG]	EXEC>  SUCCESS 3931604.3125
2025-01-24 19:28:24,275	[INFO]	3-6     SUCCESS               3931604.31 (84.36%) [1 edit(s)]  
2025-01-24 19:28:24,275	[DEBUG]	patch(3-6)="LineLLMCrossover(('source.cpp', 11), '#include <iostream>\n#include <algorithm>\n#include <cstring>\n#include <cstdio>\n#include <vector>\n#include <array>\nusing namespace std;\n\ntypedef vector<int> PP;\ntypedef vector<PP> P;\n\nint n, r;\nstruct block {\n    int x1, x2, y, f;\n};\n\nblock b[20002];\narray<array<int, 2>, 10002> fie; // Using std::array for better performance\n\nbool comp(const block &b1, const block &b2) {\n    return b1.y < b2.y;\n}\n\nint main(void) {\n    while (scanf("%d%d", &n, &r), n || r) {\n        fie.fill({0, 0}); // Initialize using std::array\n        memset(b, 0, sizeof(b)); // Clear block array\n\n        for (int i = 0; i < n; i++) {\n            int y1, y2;\n            scanf("%d%d%d%d", &b[i * 2].x1, &y1, &b[i * 2].x2, &y2);\n            b[i * 2].x2--;\n            b[i * 2 + 1].x1 = b[i * 2].x1;\n            b[i * 2 + 1].x2 = b[i * 2].x2;\n            b[i * 2].y = y1;\n            b[i * 2 + 1].y = y2;\n            b[i * 2].f = 1;\n            b[i * 2 + 1].f = -1;\n        }\n\n        sort(b, b + n * 2, comp);\n        int ny = 0;\n        int now = 0, prev = 1;\n        int res = 0, res2 = 0;\n\n        for (int i = 0; i < n * 2; i++) {\n            if (ny != b[i].y) {\n                swap(now, prev);\n                int cnt = 0, cnt2 = 0, bt = 0, cnt3 = 0;\n                for (int j = 0; j <= 10000; j++) {\n                    if (fie[j][now] > 0 && fie[j][prev] == 0) cnt3++;\n                    if (fie[j][now] == 0 && fie[j][prev] > 0) cnt3++;\n                    fie[j][now] = fie[j][prev];\n                    if (fie[j][now] > 0) {\n                        cnt++;\n                        if (bt == 0) cnt2++, bt = 1;\n                    } else bt = 0;\n                }\n                res += cnt * (b[i].y - ny);\n                res2 += cnt2 * 2 * (b[i].y - ny) + cnt3;\n            }\n            ny = b[i].y;\n            for (int j = b[i].x1; j <= b[i].x2; j++) fie[j][now] += b[i].f;\n        }\n\n        printf("%d\\n", res);\n        if (r == 2) {\n            swap(now, prev);\n            int cnt3 = 0;\n            for (int j = 0; j <= 10000; j++) {\n                if (fie[j][now] > 0 && fie[j][prev] == 0) cnt3++;\n                if (fie[j][now] == 0 && fie[j][prev] > 0) cnt3++;\n                fie[j][now] = fie[j][prev];\n            }\n            res2 += cnt3;\n            printf("%d\\n", res2);\n        }\n    }\n    return 0;\n}')"
2025-01-24 19:28:24,275	[INFO]	Step: 36
2025-01-24 19:28:24,275	[INFO]	Stop Steps: 100
2025-01-24 19:28:25,000	[DEBUG]	EXEC>  SUCCESS 3167816.0
2025-01-24 19:28:25,000	[INFO]	3-7     SUCCESS               3167816.00 (67.97%) [3 edit(s)]  
2025-01-24 19:28:25,000	[DEBUG]	patch(3-7)="LineLLMMutation(('source.cpp', 3), '#include <iostream>\n#include <algorithm>\n#include <cstring>\n#include <cstdio>\n#include <vector>\n#include <map>\n#include <array>\nusing namespace std;\n\ntypedef vector<int> PP;\ntypedef vector<PP> P;\n\nint n, r;\n\nstruct block {\n    int x1, x2, y, f;\n};\n\nblock b[20002];\narray<array<int, 2>, 10002> fie; // Using std::array\n\nbool comp(const block &b1, const block &b2) {\n    return b1.y < b2.y;\n}\n\nint main(void) {\n    while (1) {\n        scanf("%d%d", &n, &r);\n        if (n == 0 && r == 0) break;\n\n        fie.fill({0, 0}); // Initialize using std::array\n\n        for (int i = 0; i < n; i++) {\n            int y1, y2;\n            scanf("%d%d%d%d", &b[i * 2].x1, &y1, &b[i * 2].x2, &y2);\n            b[i * 2].x2--;\n            b[i * 2 + 1].x1 = b[i * 2].x1;\n            b[i * 2 + 1].x2 = b[i * 2].x2;\n            b[i * 2].y = y1;\n            b[i * 2 + 1].y = y2;\n            b[i * 2].f = 1;\n            b[i * 2 + 1].f = -1;\n        }\n\n        sort(b, b + n * 2, comp);\n        int ny = 0;\n        int now = 0, prev = 1;\n        int res = 0, res2 = 0;\n\n        for (int i = 0; i < n * 2; i++) {\n            if (ny != b[i].y) {\n                swap(now, prev);\n                int cnt = 0, cnt2 = 0, bt = 0, cnt3 = 0;\n                for (int j = 0; j <= 10000; j++) {\n                    if (fie[j][now] > 0 && fie[j][prev] == 0) cnt3++;\n                    if (fie[j][now] == 0 && fie[j][prev] > 0) cnt3++;\n                    fie[j][now] = fie[j][prev];\n                    if (fie[j][now] > 0) {\n                        cnt++;\n                        if (bt == 0) cnt2++, bt = 1;\n                    } else bt = 0;\n                }\n                res += cnt * (b[i].y - ny);\n                res2 += cnt2 * 2 * (b[i].y - ny) + cnt3;\n            }\n            ny = b[i].y;\n            for (int j = b[i].x1; j <= b[i].x2; j++) fie[j][now] += b[i].f;\n        }\n\n        printf("%d\\n", res);\n        if (r == 2) {\n            swap(now, prev);\n            int cnt3 = 0;\n            for (int j = 0; j <= 10000; j++) {\n                if (fie[j][now] > 0 && fie[j][prev] == 0) cnt3++;\n                if (fie[j][now] == 0 && fie[j][prev] > 0) cnt3++;\n                fie[j][now] = fie[j][prev];\n            }\n            res2 += cnt3;\n            printf("%d\\n", res2);\n        }\n    }\n    return 0;\n}') | LineLLMMutation(('source.cpp', 14), '#include <iostream>\n#include <algorithm>\n#include <cstring>\n#include <cstdio>\n#include <vector>\nusing namespace std;\n\ntypedef vector<int> PP;\ntypedef vector<PP> P;\n\nint n, r;\n\nstruct block {\n    int x1, x2, y, f;\n};\n\nblock b[20002];\nint fie[10002][2]; // Changed to a simple 2D array for better performance\n\nbool comp(const block &b1, const block &b2) {\n    return b1.y < b2.y;\n}\n\nint main(void) {\n    while (1) {\n        scanf("%d%d", &n, &r);\n        if (n == 0 && r == 0) break;\n\n        memset(fie, 0, sizeof(fie)); // Initialize using memset for speed\n\n        for (int i = 0; i < n; i++) {\n            int y1, y2;\n            scanf("%d%d%d%d", &b[i * 2].x1, &y1, &b[i * 2].x2, &y2);\n            b[i * 2].x2--;\n            b[i * 2 + 1].x1 = b[i * 2].x1;\n            b[i * 2 + 1].x2 = b[i * 2].x2;\n            b[i * 2].y = y1;\n            b[i * 2 + 1].y = y2;\n            b[i * 2].f = 1;\n            b[i * 2 + 1].f = -1;\n        }\n\n        sort(b, b + n * 2, comp);\n        int ny = 0;\n        int now = 0, prev = 1;\n        int res = 0, res2 = 0;\n\n        for (int i = 0; i < n * 2; i++) {\n            if (ny != b[i].y) {\n                swap(now, prev);\n                int cnt = 0, cnt2 = 0, bt = 0, cnt3 = 0;\n                for (int j = 0; j <= 10000; j++) {\n                    if (fie[j][now] > 0 && fie[j][prev] == 0) cnt3++;\n                    if (fie[j][now] == 0 && fie[j][prev] > 0) cnt3++;\n                    fie[j][now] = fie[j][prev];\n                    if (fie[j][now] > 0) {\n                        cnt++;\n                        if (bt == 0) cnt2++, bt = 1;\n                    } else bt = 0;\n                }\n                res += cnt * (b[i].y - ny);\n                res2 += cnt2 * 2 * (b[i].y - ny) + cnt3;\n            }\n            ny = b[i].y;\n            for (int j = b[i].x1; j <= b[i].x2; j++) fie[j][now] += b[i].f;\n        }\n\n        printf("%d\\n", res);\n        if (r == 2) {\n            swap(now, prev);\n            int cnt3 = 0;\n            for (int j = 0; j <= 10000; j++) {\n                if (fie[j][now] > 0 && fie[j][prev] == 0) cnt3++;\n                if (fie[j][now] == 0 && fie[j][prev] > 0) cnt3++;\n                fie[j][now] = fie[j][prev];\n            }\n            res2 += cnt3;\n            printf("%d\\n", res2);\n        }\n    }\n    return 0;\n}') | LineLLMMutation(('source.cpp', 18), '#include <iostream>\n#include <algorithm>\n#include <cstring>\n#include <cstdio>\n#include <vector>\n#include <array>\nusing namespace std;\n\ntypedef vector<int> PP;\ntypedef vector<PP> P;\n\nint n, r;\n\nstruct block {\n    int x1, x2, y, f;\n};\n\nblock b[20002];\narray<array<int, 2>, 10002> fie; // Changed to std::array for better performance and memory usage\n\nbool comp(const block &b1, const block &b2) {\n    return b1.y < b2.y;\n}\n\nint main(void) {\n    while (1) {\n        scanf("%d%d", &n, &r);\n        if (n == 0 && r == 0) break;\n\n        fie.fill({0, 0}); // Initialize using fill for clarity and performance\n\n        for (int i = 0; i < n; i++) {\n            int y1, y2;\n            scanf("%d%d%d%d", &b[i * 2].x1, &y1, &b[i * 2].x2, &y2);\n            b[i * 2].x2--;\n            b[i * 2 + 1].x1 = b[i * 2].x1;\n            b[i * 2 + 1].x2 = b[i * 2].x2;\n            b[i * 2].y = y1;\n            b[i * 2 + 1].y = y2;\n            b[i * 2].f = 1;\n            b[i * 2 + 1].f = -1;\n        }\n\n        sort(b, b + n * 2, comp);\n        int ny = 0;\n        int now = 0, prev = 1;\n        int res = 0, res2 = 0;\n\n        for (int i = 0; i < n * 2; i++) {\n            if (ny != b[i].y) {\n                swap(now, prev);\n                int cnt = 0, cnt2 = 0, bt = 0, cnt3 = 0;\n                for (int j = 0; j <= 10000; j++) {\n                    if (fie[j][now] > 0 && fie[j][prev] == 0) cnt3++;\n                    if (fie[j][now] == 0 && fie[j][prev] > 0) cnt3++;\n                    fie[j][now] = fie[j][prev];\n                    if (fie[j][now] > 0) {\n                        cnt++;\n                        if (bt == 0) cnt2++, bt = 1;\n                    } else bt = 0;\n                }\n                res += cnt * (b[i].y - ny);\n                res2 += cnt2 * 2 * (b[i].y - ny) + cnt3;\n            }\n            ny = b[i].y;\n            for (int j = b[i].x1; j <= b[i].x2; j++) fie[j][now] += b[i].f;\n        }\n\n        printf("%d\\n", res);\n        if (r == 2) {\n            swap(now, prev);\n            int cnt3 = 0;\n            for (int j = 0; j <= 10000; j++) {\n                if (fie[j][now] > 0 && fie[j][prev] == 0) cnt3++;\n                if (fie[j][now] == 0 && fie[j][prev] > 0) cnt3++;\n                fie[j][now] = fie[j][prev];\n            }\n            res2 += cnt3;\n            printf("%d\\n", res2);\n        }\n    }\n    return 0;\n}')"
2025-01-24 19:28:25,000	[INFO]	Step: 37
2025-01-24 19:28:25,001	[INFO]	Stop Steps: 100
2025-01-24 19:28:25,746	[DEBUG]	EXEC>  SUCCESS 3228617.1875
2025-01-24 19:28:25,746	[INFO]	3-8     SUCCESS               3228617.19 (69.27%) [2 edit(s)]  
2025-01-24 19:28:25,746	[DEBUG]	patch(3-8)="LineLLMMutation(('source.cpp', 3), '#include <iostream>\n#include <algorithm>\n#include <cstring>\n#include <cstdio>\n#include <vector>\n#include <map>\n#include <array>\nusing namespace std;\n\ntypedef vector<int> PP;\ntypedef vector<PP> P;\n\nint n, r;\n\nstruct block {\n    int x1, x2, y, f;\n};\n\nblock b[20002];\narray<array<int, 2>, 10002> fie; // Using std::array\n\nbool comp(const block &b1, const block &b2) {\n    return b1.y < b2.y;\n}\n\nint main(void) {\n    while (1) {\n        scanf("%d%d", &n, &r);\n        if (n == 0 && r == 0) break;\n\n        fie.fill({0, 0}); // Initialize using std::array\n\n        for (int i = 0; i < n; i++) {\n            int y1, y2;\n            scanf("%d%d%d%d", &b[i * 2].x1, &y1, &b[i * 2].x2, &y2);\n            b[i * 2].x2--;\n            b[i * 2 + 1].x1 = b[i * 2].x1;\n            b[i * 2 + 1].x2 = b[i * 2].x2;\n            b[i * 2].y = y1;\n            b[i * 2 + 1].y = y2;\n            b[i * 2].f = 1;\n            b[i * 2 + 1].f = -1;\n        }\n\n        sort(b, b + n * 2, comp);\n        int ny = 0;\n        int now = 0, prev = 1;\n        int res = 0, res2 = 0;\n\n        for (int i = 0; i < n * 2; i++) {\n            if (ny != b[i].y) {\n                swap(now, prev);\n                int cnt = 0, cnt2 = 0, bt = 0, cnt3 = 0;\n                for (int j = 0; j <= 10000; j++) {\n                    if (fie[j][now] > 0 && fie[j][prev] == 0) cnt3++;\n                    if (fie[j][now] == 0 && fie[j][prev] > 0) cnt3++;\n                    fie[j][now] = fie[j][prev];\n                    if (fie[j][now] > 0) {\n                        cnt++;\n                        if (bt == 0) cnt2++, bt = 1;\n                    } else bt = 0;\n                }\n                res += cnt * (b[i].y - ny);\n                res2 += cnt2 * 2 * (b[i].y - ny) + cnt3;\n            }\n            ny = b[i].y;\n            for (int j = b[i].x1; j <= b[i].x2; j++) fie[j][now] += b[i].f;\n        }\n\n        printf("%d\\n", res);\n        if (r == 2) {\n            swap(now, prev);\n            int cnt3 = 0;\n            for (int j = 0; j <= 10000; j++) {\n                if (fie[j][now] > 0 && fie[j][prev] == 0) cnt3++;\n                if (fie[j][now] == 0 && fie[j][prev] > 0) cnt3++;\n                fie[j][now] = fie[j][prev];\n            }\n            res2 += cnt3;\n            printf("%d\\n", res2);\n        }\n    }\n    return 0;\n}') | LineLLMMutation(('source.cpp', 19), '#include <iostream>\n#include <algorithm>\n#include <cstring>\n#include <cstdio>\n#include <vector>\n#include <map>\n#include <array>\nusing namespace std;\n\ntypedef vector<int> PP;\ntypedef vector<PP> P;\n\nint n, r;\n\nstruct block {\n    int x1, x2, y, f;\n};\n\nblock b[20002];\narray<array<int, 2>, 10002> fie = {}; // Directly initializing to zero\n\nbool comp(const block &b1, const block &b2) {\n    return b1.y < b2.y;\n}\n\nint main(void) {\n    while (1) {\n        scanf("%d%d", &n, &r);\n        if (n == 0 && r == 0) break;\n\n        // Removed the fill operation since fie is already initialized to zero\n\n        for (int i = 0; i < n; i++) {\n            int y1, y2;\n            scanf("%d%d%d%d", &b[i * 2].x1, &y1, &b[i * 2].x2, &y2);\n            b[i * 2].x2--;\n            b[i * 2 + 1].x1 = b[i * 2].x1;\n            b[i * 2 + 1].x2 = b[i * 2].x2;\n            b[i * 2].y = y1;\n            b[i * 2 + 1].y = y2;\n            b[i * 2].f = 1;\n            b[i * 2 + 1].f = -1;\n        }\n\n        sort(b, b + n * 2, comp);\n        int ny = 0;\n        int now = 0, prev = 1;\n        int res = 0, res2 = 0;\n\n        for (int i = 0; i < n * 2; i++) {\n            if (ny != b[i].y) {\n                swap(now, prev);\n                int cnt = 0, cnt2 = 0, bt = 0, cnt3 = 0;\n                for (int j = 0; j <= 10000; j++) {\n                    if (fie[j][now] > 0 && fie[j][prev] == 0) cnt3++;\n                    if (fie[j][now] == 0 && fie[j][prev] > 0) cnt3++;\n                    fie[j][now] = fie[j][prev];\n                    if (fie[j][now] > 0) {\n                        cnt++;\n                        if (bt == 0) cnt2++, bt = 1;\n                    } else bt = 0;\n                }\n                res += cnt * (b[i].y - ny);\n                res2 += cnt2 * 2 * (b[i].y - ny) + cnt3;\n            }\n            ny = b[i].y;\n            for (int j = b[i].x1; j <= b[i].x2; j++) fie[j][now] += b[i].f;\n        }\n\n        printf("%d\\n", res);\n        if (r == 2) {\n            swap(now, prev);\n            int cnt3 = 0;\n            for (int j = 0; j <= 10000; j++) {\n                if (fie[j][now] > 0 && fie[j][prev] == 0) cnt3++;\n                if (fie[j][now] == 0 && fie[j][prev] > 0) cnt3++;\n                fie[j][now] = fie[j][prev];\n            }\n            res2 += cnt3;\n            printf("%d\\n", res2);\n        }\n    }\n    return 0;\n}')"
2025-01-24 19:28:25,746	[INFO]	Step: 38
2025-01-24 19:28:25,746	[INFO]	Stop Steps: 100
2025-01-24 19:28:26,537	[DEBUG]	EXEC>  SUCCESS 4157634.8125
2025-01-24 19:28:26,538	[INFO]	3-9     SUCCESS               4157634.81 (89.21%) [2 edit(s)]  
2025-01-24 19:28:26,538	[DEBUG]	patch(3-9)="LineLLMCrossover(('source.cpp', 6), '#include <iostream>\n#include <algorithm>\n#include <cstring>\n#include <cstdio>\n#include <vector>\n#include <map>\n#include <array>\nusing namespace std;\n\ntypedef vector<int> PP;\ntypedef vector<PP> P;\n\nint n, r;\n\nstruct block {\n    int x1, x2, y, f;\n};\n\nblock b[20002];\narray<array<int, 2>, 10002> fie; // Using std::array\n\nbool comp(const block &b1, const block &b2) {\n    return b1.y < b2.y;\n}\n\nint main(void) {\n    while (1) {\n        scanf("%d%d", &n, &r);\n        if (n == 0 && r == 0) break;\n\n        fie.fill({0, 0}); // Initialize using std::array\n\n        memset(b, 0, sizeof(b)); // Clear block array\n\n        for (int i = 0; i < n; i++) {\n            int y1, y2;\n            scanf("%d%d%d%d", &b[i * 2].x1, &y1, &b[i * 2].x2, &y2);\n            b[i * 2].x2--;\n            b[i * 2 + 1].x1 = b[i * 2].x1;\n            b[i * 2 + 1].x2 = b[i * 2].x2;\n            b[i * 2].y = y1;\n            b[i * 2 + 1].y = y2;\n            b[i * 2].f = 1;\n            b[i * 2 + 1].f = -1;\n        }\n\n        sort(b, b + n * 2, comp);\n        int ny = 0;\n        int now = 0, prev = 1;\n        int res = 0, res2 = 0;\n\n        for (int i = 0; i < n * 2; i++) {\n            if (ny != b[i].y) {\n                swap(now, prev);\n                int cnt = 0, cnt2 = 0, bt = 0, cnt3 = 0;\n                for (int j = 0; j <= 10000; j++) {\n                    if (fie[j][now] > 0 && fie[j][prev] == 0) cnt3++;\n                    if (fie[j][now] == 0 && fie[j][prev] > 0) cnt3++;\n                    fie[j][now] = fie[j][prev];\n                    if (fie[j][now] > 0) {\n                        cnt++;\n                        if (bt == 0) cnt2++, bt = 1;\n                    } else bt = 0;\n                }\n                res += cnt * (b[i].y - ny);\n                res2 += cnt2 * 2 * (b[i].y - ny) + cnt3;\n            }\n            ny = b[i].y;\n            for (int j = b[i].x1; j <= b[i].x2; j++) fie[j][now] += b[i].f;\n        }\n\n        printf("%d\\n", res);\n        if (r == 2) {\n            swap(now, prev);\n            int cnt3 = 0;\n            for (int j = 0; j <= 10000; j++) {\n                if (fie[j][now] > 0 && fie[j][prev] == 0) cnt3++;\n                if (fie[j][now] == 0 && fie[j][prev] > 0) cnt3++;\n                fie[j][now] = fie[j][prev];\n            }\n            res2 += cnt3;\n            printf("%d\\n", res2);\n        }\n    }\n    return 0;\n}') | LineLLMMutation(('source.cpp', 20), '#include <iostream>\n#include <algorithm>\n#include <cstring>\n#include <cstdio>\n#include <vector>\n#include <map>\n#include <array>\nusing namespace std;\n\ntypedef vector<int> PP;\ntypedef vector<PP> P;\n\nint n, r;\n\nstruct block {\n    int x1, x2, y, f;\n};\n\nblock b[20002];\narray<array<int, 2>, 10002> fie = {}; // Initialize to zero directly\n\nbool comp(const block &b1, const block &b2) {\n    return b1.y < b2.y;\n}\n\nint main(void) {\n    while (1) {\n        scanf("%d%d", &n, &r);\n        if (n == 0 && r == 0) break;\n\n        // No need to fill; already initialized to zero\n        // memset(b, 0, sizeof(b)); // Clear block array\n\n        for (int i = 0; i < n; i++) {\n            int y1, y2;\n            scanf("%d%d%d%d", &b[i * 2].x1, &y1, &b[i * 2].x2, &y2);\n            b[i * 2].x2--;\n            b[i * 2 + 1].x1 = b[i * 2].x1;\n            b[i * 2 + 1].x2 = b[i * 2].x2;\n            b[i * 2].y = y1;\n            b[i * 2 + 1].y = y2;\n            b[i * 2].f = 1;\n            b[i * 2 + 1].f = -1;\n        }\n\n        sort(b, b + n * 2, comp);\n        int ny = 0;\n        int now = 0, prev = 1;\n        int res = 0, res2 = 0;\n\n        for (int i = 0; i < n * 2; i++) {\n            if (ny != b[i].y) {\n                swap(now, prev);\n                int cnt = 0, cnt2 = 0, bt = 0, cnt3 = 0;\n                for (int j = 0; j <= 10000; j++) {\n                    if (fie[j][now] > 0 && fie[j][prev] == 0) cnt3++;\n                    if (fie[j][now] == 0 && fie[j][prev] > 0) cnt3++;\n                    fie[j][now] = fie[j][prev];\n                    if (fie[j][now] > 0) {\n                        cnt++;\n                        if (bt == 0) cnt2++, bt = 1;\n                    } else bt = 0;\n                }\n                res += cnt * (b[i].y - ny);\n                res2 += cnt2 * 2 * (b[i].y - ny) + cnt3;\n            }\n            ny = b[i].y;\n            for (int j = b[i].x1; j <= b[i].x2; j++) fie[j][now] += b[i].f;\n        }\n\n        printf("%d\\n", res);\n        if (r == 2) {\n            swap(now, prev);\n            int cnt3 = 0;\n            for (int j = 0; j <= 10000; j++) {\n                if (fie[j][now] > 0 && fie[j][prev] == 0) cnt3++;\n                if (fie[j][now] == 0 && fie[j][prev] > 0) cnt3++;\n                fie[j][now] = fie[j][prev];\n            }\n            res2 += cnt3;\n            printf("%d\\n", res2);\n        }\n    }\n    return 0;\n}')"
2025-01-24 19:28:26,538	[INFO]	Step: 39
2025-01-24 19:28:26,538	[INFO]	Stop Steps: 100
2025-01-24 19:28:27,367	[DEBUG]	EXEC>  SUCCESS 3884073.5
2025-01-24 19:28:27,367	[INFO]	3-10    SUCCESS               3884073.50 (83.34%) [2 edit(s)]  
2025-01-24 19:28:27,367	[DEBUG]	patch(3-10)="LineLLMCrossover(('source.cpp', 7), '#include <iostream>\n#include <algorithm>\n#include <cstring>\n#include <cstdio>\n#include <vector>\n#include <map>\nusing namespace std;\n\ntypedef vector<int> PP;\ntypedef vector<PP> P;\n\nint n, r;\n\nstruct block {\n    int x1, x2, y, f;\n};\n\nblock b[20002];\nint fie[10002][2];\n\nbool comp(const block &b1, const block &b2) {\n    return b1.y < b2.y;\n}\n\nint main(void) {\n    while (scanf("%d%d", &n, &r), n || r) {\n        memset(fie, 0, sizeof(fie)); // Initialize fie\n        memset(b, 0, sizeof(b)); // Clear block array\n\n        for (int i = 0; i < n; i++) {\n            int y1, y2;\n            scanf("%d%d%d%d", &b[i * 2].x1, &y1, &b[i * 2].x2, &y2);\n            b[i * 2].x2--;\n            b[i * 2 + 1].x1 = b[i * 2].x1;\n            b[i * 2 + 1].x2 = b[i * 2].x2;\n            b[i * 2].y = y1;\n            b[i * 2 + 1].y = y2;\n            b[i * 2].f = 1;\n            b[i * 2 + 1].f = -1;\n        }\n\n        sort(b, b + n * 2, comp);\n        int ny = 0;\n        int now = 0, prev = 1;\n        int res = 0, res2 = 0;\n\n        for (int i = 0; i < n * 2; i++) {\n            if (ny != b[i].y) {\n                swap(now, prev);\n                int cnt = 0, cnt2 = 0, bt = 0, cnt3 = 0;\n                for (int j = 0; j <= 10000; j++) {\n                    if (fie[j][now] > 0 && fie[j][prev] == 0) cnt3++;\n                    if (fie[j][now] == 0 && fie[j][prev] > 0) cnt3++;\n                    fie[j][now] = fie[j][prev];\n                    if (fie[j][now] > 0) {\n                        cnt++;\n                        if (bt == 0) cnt2++, bt = 1;\n                    } else bt = 0;\n                }\n                res += cnt * (b[i].y - ny);\n                res2 += cnt2 * 2 * (b[i].y - ny) + cnt3;\n            }\n            ny = b[i].y;\n            for (int j = b[i].x1; j <= b[i].x2; j++) fie[j][now] += b[i].f;\n        }\n\n        printf("%d\\n", res);\n        if (r == 2) {\n            swap(now, prev);\n            int cnt3 = 0;\n            for (int j = 0; j <= 10000; j++) {\n                if (fie[j][now] > 0 && fie[j][prev] == 0) cnt3++;\n                if (fie[j][now] == 0 && fie[j][prev] > 0) cnt3++;\n                fie[j][now] = fie[j][prev];\n            }\n            res2 += cnt3;\n            printf("%d\\n", res2);\n        }\n    }\n    return 0;\n}') | LineLLMMutation(('source.cpp', 21), '#include <iostream>\n#include <algorithm>\n#include <cstring>\n#include <cstdio>\n#include <vector>\n#include <map>\nusing namespace std;\n\ntypedef vector<int> PP;\ntypedef vector<PP> P;\n\nint n, r;\n\nstruct block {\n    int x1, x2, y, f;\n};\n\nblock b[20002];\nint fie[10002][2];\n\nbool comp(const block &b1, const block &b2) {\n    return b1.y < b2.y;\n}\n\nint main(void) {\n    while (scanf("%d%d", &n, &r), n || r) {\n        std::fill(&fie[0][0], &fie[0][0] + sizeof(fie) / sizeof(int), 0); // Initialize fie using std::fill\n        std::fill(&b[0], &b[0] + sizeof(b) / sizeof(block), block()); // Clear block array using std::fill\n\n        for (int i = 0; i < n; i++) {\n            int y1, y2;\n            scanf("%d%d%d%d", &b[i * 2].x1, &y1, &b[i * 2].x2, &y2);\n            b[i * 2].x2--;\n            b[i * 2 + 1].x1 = b[i * 2].x1;\n            b[i * 2 + 1].x2 = b[i * 2].x2;\n            b[i * 2].y = y1;\n            b[i * 2 + 1].y = y2;\n            b[i * 2].f = 1;\n            b[i * 2 + 1].f = -1;\n        }\n\n        sort(b, b + n * 2, comp);\n        int ny = 0;\n        int now = 0, prev = 1;\n        int res = 0, res2 = 0;\n\n        for (int i = 0; i < n * 2; i++) {\n            if (ny != b[i].y) {\n                swap(now, prev);\n                int cnt = 0, cnt2 = 0, bt = 0, cnt3 = 0;\n                for (int j = 0; j <= 10000; j++) {\n                    if (fie[j][now] > 0 && fie[j][prev] == 0) cnt3++;\n                    if (fie[j][now] == 0 && fie[j][prev] > 0) cnt3++;\n                    fie[j][now] = fie[j][prev];\n                    if (fie[j][now] > 0) {\n                        cnt++;\n                        if (bt == 0) cnt2++, bt = 1;\n                    } else bt = 0;\n                }\n                res += cnt * (b[i].y - ny);\n                res2 += cnt2 * 2 * (b[i].y - ny) + cnt3;\n            }\n            ny = b[i].y;\n            for (int j = b[i].x1; j <= b[i].x2; j++) fie[j][now] += b[i].f;\n        }\n\n        printf("%d\\n", res);\n        if (r == 2) {\n            swap(now, prev);\n            int cnt3 = 0;\n            for (int j = 0; j <= 10000; j++) {\n                if (fie[j][now] > 0 && fie[j][prev] == 0) cnt3++;\n                if (fie[j][now] == 0 && fie[j][prev] > 0) cnt3++;\n                fie[j][now] = fie[j][prev];\n            }\n            res2 += cnt3;\n            printf("%d\\n", res2);\n        }\n    }\n    return 0;\n}')"
2025-01-24 19:28:27,367	[INFO]	Step: 40
2025-01-24 19:28:27,367	[INFO]	Stop Steps: 100
2025-01-24 19:28:29,198	[DEBUG]	EXEC>  SUCCESS 4820095.5625
2025-01-24 19:28:29,198	[INFO]	REF     SUCCESS               4820095.56 (--) [0 edit(s)]  
2025-01-24 19:28:29,199	[INFO]	Best patch: 3
2025-01-24 19:28:30,113	[DEBUG]	EXEC>  SUCCESS 3006448.3125
2025-01-24 19:28:30,113	[INFO]	BEST    SUCCESS              *3006448.31 (62.37%) [0 edit(s)]  
2025-01-24 19:28:30,113	[INFO]	Best patch step: 31
2025-01-24 19:30:25,055	[INFO]	Step: 40
2025-01-24 19:30:25,055	[INFO]	Stop Steps: 100
2025-01-24 19:30:25,873	[DEBUG]	EXEC>  SUCCESS 2999022.1875
2025-01-24 19:30:25,874	[INFO]	4-1     SUCCESS              *2999022.19 (62.22%) [1 edit(s)]  
2025-01-24 19:30:25,874	[DEBUG]	patch(4-1)="LineLLMMutation(('source.cpp', 3), '#include <iostream>\n#include <algorithm>\n#include <cstring>\n#include <cstdio>\n#include <vector>\n#include <map>\n#include <array>\nusing namespace std;\n\ntypedef vector<int> PP;\ntypedef vector<PP> P;\n\nint n, r;\n\nstruct block {\n    int x1, x2, y, f;\n};\n\nblock b[20002];\narray<array<int, 2>, 10002> fie; // Using std::array\n\nbool comp(const block &b1, const block &b2) {\n    return b1.y < b2.y;\n}\n\nint main(void) {\n    while (1) {\n        scanf("%d%d", &n, &r);\n        if (n == 0 && r == 0) break;\n\n        fie.fill({0, 0}); // Initialize using std::array\n\n        for (int i = 0; i < n; i++) {\n            int y1, y2;\n            scanf("%d%d%d%d", &b[i * 2].x1, &y1, &b[i * 2].x2, &y2);\n            b[i * 2].x2--;\n            b[i * 2 + 1].x1 = b[i * 2].x1;\n            b[i * 2 + 1].x2 = b[i * 2].x2;\n            b[i * 2].y = y1;\n            b[i * 2 + 1].y = y2;\n            b[i * 2].f = 1;\n            b[i * 2 + 1].f = -1;\n        }\n\n        sort(b, b + n * 2, comp);\n        int ny = 0;\n        int now = 0, prev = 1;\n        int res = 0, res2 = 0;\n\n        for (int i = 0; i < n * 2; i++) {\n            if (ny != b[i].y) {\n                swap(now, prev);\n                int cnt = 0, cnt2 = 0, bt = 0, cnt3 = 0;\n                for (int j = 0; j <= 10000; j++) {\n                    if (fie[j][now] > 0 && fie[j][prev] == 0) cnt3++;\n                    if (fie[j][now] == 0 && fie[j][prev] > 0) cnt3++;\n                    fie[j][now] = fie[j][prev];\n                    if (fie[j][now] > 0) {\n                        cnt++;\n                        if (bt == 0) cnt2++, bt = 1;\n                    } else bt = 0;\n                }\n                res += cnt * (b[i].y - ny);\n                res2 += cnt2 * 2 * (b[i].y - ny) + cnt3;\n            }\n            ny = b[i].y;\n            for (int j = b[i].x1; j <= b[i].x2; j++) fie[j][now] += b[i].f;\n        }\n\n        printf("%d\\n", res);\n        if (r == 2) {\n            swap(now, prev);\n            int cnt3 = 0;\n            for (int j = 0; j <= 10000; j++) {\n                if (fie[j][now] > 0 && fie[j][prev] == 0) cnt3++;\n                if (fie[j][now] == 0 && fie[j][prev] > 0) cnt3++;\n                fie[j][now] = fie[j][prev];\n            }\n            res2 += cnt3;\n            printf("%d\\n", res2);\n        }\n    }\n    return 0;\n}')"

2025-01-24 19:30:25,874	[INFO]	Step: 41
2025-01-24 19:30:25,874	[INFO]	Stop Steps: 100
2025-01-24 19:30:26,607	[DEBUG]	EXEC>  SUCCESS 3136319.3125
2025-01-24 19:30:26,607	[INFO]	4-2     SUCCESS               3136319.31 (65.07%) [3 edit(s)]  
2025-01-24 19:30:26,607	[DEBUG]	patch(4-2)="LineLLMMutation(('source.cpp', 3), '#include <iostream>\n#include <algorithm>\n#include <cstring>\n#include <cstdio>\n#include <vector>\n#include <map>\n#include <array>\nusing namespace std;\n\ntypedef vector<int> PP;\ntypedef vector<PP> P;\n\nint n, r;\n\nstruct block {\n    int x1, x2, y, f;\n};\n\nblock b[20002];\narray<array<int, 2>, 10002> fie; // Using std::array\n\nbool comp(const block &b1, const block &b2) {\n    return b1.y < b2.y;\n}\n\nint main(void) {\n    while (1) {\n        scanf("%d%d", &n, &r);\n        if (n == 0 && r == 0) break;\n\n        fie.fill({0, 0}); // Initialize using std::array\n\n        for (int i = 0; i < n; i++) {\n            int y1, y2;\n            scanf("%d%d%d%d", &b[i * 2].x1, &y1, &b[i * 2].x2, &y2);\n            b[i * 2].x2--;\n            b[i * 2 + 1].x1 = b[i * 2].x1;\n            b[i * 2 + 1].x2 = b[i * 2].x2;\n            b[i * 2].y = y1;\n            b[i * 2 + 1].y = y2;\n            b[i * 2].f = 1;\n            b[i * 2 + 1].f = -1;\n        }\n\n        sort(b, b + n * 2, comp);\n        int ny = 0;\n        int now = 0, prev = 1;\n        int res = 0, res2 = 0;\n\n        for (int i = 0; i < n * 2; i++) {\n            if (ny != b[i].y) {\n                swap(now, prev);\n                int cnt = 0, cnt2 = 0, bt = 0, cnt3 = 0;\n                for (int j = 0; j <= 10000; j++) {\n                    if (fie[j][now] > 0 && fie[j][prev] == 0) cnt3++;\n                    if (fie[j][now] == 0 && fie[j][prev] > 0) cnt3++;\n                    fie[j][now] = fie[j][prev];\n                    if (fie[j][now] > 0) {\n                        cnt++;\n                        if (bt == 0) cnt2++, bt = 1;\n                    } else bt = 0;\n                }\n                res += cnt * (b[i].y - ny);\n                res2 += cnt2 * 2 * (b[i].y - ny) + cnt3;\n            }\n            ny = b[i].y;\n            for (int j = b[i].x1; j <= b[i].x2; j++) fie[j][now] += b[i].f;\n        }\n\n        printf("%d\\n", res);\n        if (r == 2) {\n            swap(now, prev);\n            int cnt3 = 0;\n            for (int j = 0; j <= 10000; j++) {\n                if (fie[j][now] > 0 && fie[j][prev] == 0) cnt3++;\n                if (fie[j][now] == 0 && fie[j][prev] > 0) cnt3++;\n                fie[j][now] = fie[j][prev];\n            }\n            res2 += cnt3;\n            printf("%d\\n", res2);\n        }\n    }\n    return 0;\n}') | LineLLMMutation(('source.cpp', 14), '#include <iostream>\n#include <algorithm>\n#include <cstring>\n#include <cstdio>\n#include <vector>\nusing namespace std;\n\ntypedef vector<int> PP;\ntypedef vector<PP> P;\n\nint n, r;\n\nstruct block {\n    int x1, x2, y, f;\n};\n\nblock b[20002];\nint fie[10002][2]; // Changed to a simple 2D array for better performance\n\nbool comp(const block &b1, const block &b2) {\n    return b1.y < b2.y;\n}\n\nint main(void) {\n    while (1) {\n        scanf("%d%d", &n, &r);\n        if (n == 0 && r == 0) break;\n\n        memset(fie, 0, sizeof(fie)); // Initialize using memset for speed\n\n        for (int i = 0; i < n; i++) {\n            int y1, y2;\n            scanf("%d%d%d%d", &b[i * 2].x1, &y1, &b[i * 2].x2, &y2);\n            b[i * 2].x2--;\n            b[i * 2 + 1].x1 = b[i * 2].x1;\n            b[i * 2 + 1].x2 = b[i * 2].x2;\n            b[i * 2].y = y1;\n            b[i * 2 + 1].y = y2;\n            b[i * 2].f = 1;\n            b[i * 2 + 1].f = -1;\n        }\n\n        sort(b, b + n * 2, comp);\n        int ny = 0;\n        int now = 0, prev = 1;\n        int res = 0, res2 = 0;\n\n        for (int i = 0; i < n * 2; i++) {\n            if (ny != b[i].y) {\n                swap(now, prev);\n                int cnt = 0, cnt2 = 0, bt = 0, cnt3 = 0;\n                for (int j = 0; j <= 10000; j++) {\n                    if (fie[j][now] > 0 && fie[j][prev] == 0) cnt3++;\n                    if (fie[j][now] == 0 && fie[j][prev] > 0) cnt3++;\n                    fie[j][now] = fie[j][prev];\n                    if (fie[j][now] > 0) {\n                        cnt++;\n                        if (bt == 0) cnt2++, bt = 1;\n                    } else bt = 0;\n                }\n                res += cnt * (b[i].y - ny);\n                res2 += cnt2 * 2 * (b[i].y - ny) + cnt3;\n            }\n            ny = b[i].y;\n            for (int j = b[i].x1; j <= b[i].x2; j++) fie[j][now] += b[i].f;\n        }\n\n        printf("%d\\n", res);\n        if (r == 2) {\n            swap(now, prev);\n            int cnt3 = 0;\n            for (int j = 0; j <= 10000; j++) {\n                if (fie[j][now] > 0 && fie[j][prev] == 0) cnt3++;\n                if (fie[j][now] == 0 && fie[j][prev] > 0) cnt3++;\n                fie[j][now] = fie[j][prev];\n            }\n            res2 += cnt3;\n            printf("%d\\n", res2);\n        }\n    }\n    return 0;\n}') | LineLLMMutation(('source.cpp', 18), '#include <iostream>\n#include <algorithm>\n#include <cstring>\n#include <cstdio>\n#include <vector>\n#include <array>\nusing namespace std;\n\ntypedef vector<int> PP;\ntypedef vector<PP> P;\n\nint n, r;\n\nstruct block {\n    int x1, x2, y, f;\n};\n\nblock b[20002];\narray<array<int, 2>, 10002> fie; // Changed to std::array for better performance and memory usage\n\nbool comp(const block &b1, const block &b2) {\n    return b1.y < b2.y;\n}\n\nint main(void) {\n    while (1) {\n        scanf("%d%d", &n, &r);\n        if (n == 0 && r == 0) break;\n\n        fie.fill({0, 0}); // Initialize using fill for clarity and performance\n\n        for (int i = 0; i < n; i++) {\n            int y1, y2;\n            scanf("%d%d%d%d", &b[i * 2].x1, &y1, &b[i * 2].x2, &y2);\n            b[i * 2].x2--;\n            b[i * 2 + 1].x1 = b[i * 2].x1;\n            b[i * 2 + 1].x2 = b[i * 2].x2;\n            b[i * 2].y = y1;\n            b[i * 2 + 1].y = y2;\n            b[i * 2].f = 1;\n            b[i * 2 + 1].f = -1;\n        }\n\n        sort(b, b + n * 2, comp);\n        int ny = 0;\n        int now = 0, prev = 1;\n        int res = 0, res2 = 0;\n\n        for (int i = 0; i < n * 2; i++) {\n            if (ny != b[i].y) {\n                swap(now, prev);\n                int cnt = 0, cnt2 = 0, bt = 0, cnt3 = 0;\n                for (int j = 0; j <= 10000; j++) {\n                    if (fie[j][now] > 0 && fie[j][prev] == 0) cnt3++;\n                    if (fie[j][now] == 0 && fie[j][prev] > 0) cnt3++;\n                    fie[j][now] = fie[j][prev];\n                    if (fie[j][now] > 0) {\n                        cnt++;\n                        if (bt == 0) cnt2++, bt = 1;\n                    } else bt = 0;\n                }\n                res += cnt * (b[i].y - ny);\n                res2 += cnt2 * 2 * (b[i].y - ny) + cnt3;\n            }\n            ny = b[i].y;\n            for (int j = b[i].x1; j <= b[i].x2; j++) fie[j][now] += b[i].f;\n        }\n\n        printf("%d\\n", res);\n        if (r == 2) {\n            swap(now, prev);\n            int cnt3 = 0;\n            for (int j = 0; j <= 10000; j++) {\n                if (fie[j][now] > 0 && fie[j][prev] == 0) cnt3++;\n                if (fie[j][now] == 0 && fie[j][prev] > 0) cnt3++;\n                fie[j][now] = fie[j][prev];\n            }\n            res2 += cnt3;\n            printf("%d\\n", res2);\n        }\n    }\n    return 0;\n}')"
2025-01-24 19:30:26,607	[INFO]	Step: 42
2025-01-24 19:30:26,607	[INFO]	Stop Steps: 100
2025-01-24 19:30:27,331	[DEBUG]	EXEC>  SUCCESS 3133234.8125
2025-01-24 19:30:27,332	[INFO]	4-3     SUCCESS               3133234.81 (65.00%) [1 edit(s)]  
2025-01-24 19:30:27,332	[DEBUG]	patch(4-3)="LineLLMCrossover(('source.cpp', 12), '#include <iostream>\n#include <algorithm>\n#include <cstring>\n#include <cstdio>\n#include <vector>\n#include <array>\nusing namespace std;\n\ntypedef vector<int> PP;\ntypedef vector<PP> P;\n\nint n, r;\n\nstruct block {\n    int x1, x2, y, f;\n};\n\nblock b[20002];\narray<array<int, 2>, 10002> fie; // Using std::array for better performance and memory usage\n\nbool comp(const block &b1, const block &b2) {\n    return b1.y < b2.y;\n}\n\nint main(void) {\n    while (1) {\n        scanf("%d%d", &n, &r);\n        if (n == 0 && r == 0) break;\n\n        fie.fill({0, 0}); // Efficient reset using std::array\n\n        for (int i = 0; i < n; i++) {\n            int y1, y2;\n            scanf("%d%d%d%d", &b[i * 2].x1, &y1, &b[i * 2].x2, &y2);\n            b[i * 2].x2--;\n            b[i * 2 + 1].x1 = b[i * 2].x1;\n            b[i * 2 + 1].x2 = b[i * 2].x2;\n            b[i * 2].y = y1;\n            b[i * 2 + 1].y = y2;\n            b[i * 2].f = 1;\n            b[i * 2 + 1].f = -1;\n        }\n\n        sort(b, b + n * 2, comp);\n        int ny = 0;\n        int now = 0, prev = 1;\n        int res = 0, res2 = 0;\n\n        for (int i = 0; i < n * 2; i++) {\n            if (ny != b[i].y) {\n                swap(now, prev);\n                int cnt = 0, cnt2 = 0, bt = 0, cnt3 = 0;\n                for (int j = 0; j <= 10000; j++) {\n                    if (fie[j][now] > 0 && fie[j][prev] == 0) cnt3++;\n                    if (fie[j][now] == 0 && fie[j][prev] > 0) cnt3++;\n                    fie[j][now] = fie[j][prev];\n                    if (fie[j][now] > 0) {\n                        cnt++;\n                        if (bt == 0) cnt2++, bt = 1;\n                    } else bt = 0;\n                }\n                res += cnt * (b[i].y - ny);\n                res2 += cnt2 * 2 * (b[i].y - ny) + cnt3;\n            }\n            ny = b[i].y;\n            for (int j = b[i].x1; j <= b[i].x2; j++) fie[j][now] += b[i].f;\n        }\n\n        printf("%d\\n", res);\n        if (r == 2) {\n            swap(now, prev);\n            int cnt3 = 0;\n            for (int j = 0; j <= 10000; j++) {\n                if (fie[j][now] > 0 && fie[j][prev] == 0) cnt3++;\n                if (fie[j][now] == 0 && fie[j][prev] > 0) cnt3++;\n                fie[j][now] = fie[j][prev];\n            }\n            res2 += cnt3;\n            printf("%d\\n", res2);\n        }\n    }\n    return 0;\n}')"
2025-01-24 19:30:27,332	[INFO]	Step: 43
2025-01-24 19:30:27,332	[INFO]	Stop Steps: 100
2025-01-24 19:30:28,140	[DEBUG]	EXEC>  SUCCESS 3192645.75
2025-01-24 19:30:28,140	[INFO]	4-4     SUCCESS               3192645.75 (66.24%) [1 edit(s)]  
2025-01-24 19:30:28,140	[DEBUG]	patch(4-4)="LineLLMCrossover(('source.cpp', 13), '#include <iostream>\n#include <algorithm>\n#include <cstring>\n#include <cstdio>\n#include <vector>\nusing namespace std;\n\ntypedef vector<int> PP;\ntypedef vector<PP> P;\n\nint n, r;\n\nstruct block {\n    int x1, x2, y, f;\n};\n\nblock b[20002];\nint fie[10002][2] = {}; // Directly initializing to zero\n\nbool comp(const block &b1, const block &b2) {\n    return b1.y < b2.y;\n}\n\nint main(void) {\n    while (1) {\n        scanf("%d%d", &n, &r);\n        if (n == 0 && r == 0) break;\n\n        memset(fie, 0, sizeof(fie)); // Efficient reset using memset\n\n        for (int i = 0; i < n; i++) {\n            int y1, y2;\n            scanf("%d%d%d%d", &b[i * 2].x1, &y1, &b[i * 2].x2, &y2);\n            b[i * 2].x2--;\n            b[i * 2 + 1].x1 = b[i * 2].x1;\n            b[i * 2 + 1].x2 = b[i * 2].x2;\n            b[i * 2].y = y1;\n            b[i * 2 + 1].y = y2;\n            b[i * 2].f = 1;\n            b[i * 2 + 1].f = -1;\n        }\n\n        sort(b, b + n * 2, comp);\n        int ny = 0;\n        int now = 0, prev = 1;\n        int res = 0, res2 = 0;\n\n        for (int i = 0; i < n * 2; i++) {\n            if (ny != b[i].y) {\n                swap(now, prev);\n                int cnt = 0, cnt2 = 0, bt = 0, cnt3 = 0;\n                for (int j = 0; j <= 10000; j++) {\n                    if (fie[j][now] > 0 && fie[j][prev] == 0) cnt3++;\n                    if (fie[j][now] == 0 && fie[j][prev] > 0) cnt3++;\n                    fie[j][now] = fie[j][prev];\n                    if (fie[j][now] > 0) {\n                        cnt++;\n                        if (bt == 0) cnt2++, bt = 1;\n                    } else bt = 0;\n                }\n                res += cnt * (b[i].y - ny);\n                res2 += cnt2 * 2 * (b[i].y - ny) + cnt3;\n            }\n            ny = b[i].y;\n            for (int j = b[i].x1; j <= b[i].x2; j++) fie[j][now] += b[i].f;\n        }\n\n        printf("%d\\n", res);\n        if (r == 2) {\n            swap(now, prev);\n            int cnt3 = 0;\n            for (int j = 0; j <= 10000; j++) {\n                if (fie[j][now] > 0 && fie[j][prev] == 0) cnt3++;\n                if (fie[j][now] == 0 && fie[j][prev] > 0) cnt3++;\n                fie[j][now] = fie[j][prev];\n            }\n            res2 += cnt3;\n            printf("%d\\n", res2);\n        }\n    }\n    return 0;\n}')"
2025-01-24 19:30:28,140	[INFO]	Step: 44
2025-01-24 19:30:28,141	[INFO]	Stop Steps: 100
2025-01-24 19:30:28,854	[DEBUG]	EXEC>  SUCCESS 3228887.125
2025-01-24 19:30:28,854	[INFO]	4-5     SUCCESS               3228887.12 (66.99%) [1 edit(s)]  
2025-01-24 19:30:28,854	[DEBUG]	patch(4-5)="LineLLMCrossover(('source.cpp', 14), '#include <iostream>\n#include <algorithm>\n#include <cstring>\n#include <cstdio>\n#include <vector>\n#include <array>\nusing namespace std;\n\ntypedef vector<int> PP;\ntypedef vector<PP> P;\n\nint n, r;\n\nstruct block {\n    int x1, x2, y, f;\n};\n\nblock b[20002];\narray<array<int, 2>, 10002> fie = {}; // Initialized to zero for efficiency\n\nbool comp(const block &b1, const block &b2) {\n    return b1.y < b2.y;\n}\n\nint main(void) {\n    while (1) {\n        scanf("%d%d", &n, &r);\n        if (n == 0 && r == 0) break;\n\n        // No need for fill operation since fie is already initialized to zero\n\n        for (int i = 0; i < n; i++) {\n            int y1, y2;\n            scanf("%d%d%d%d", &b[i * 2].x1, &y1, &b[i * 2].x2, &y2);\n            b[i * 2].x2--;\n            b[i * 2 + 1].x1 = b[i * 2].x1;\n            b[i * 2 + 1].x2 = b[i * 2].x2;\n            b[i * 2].y = y1;\n            b[i * 2 + 1].y = y2;\n            b[i * 2].f = 1;\n            b[i * 2 + 1].f = -1;\n        }\n\n        sort(b, b + n * 2, comp);\n        int ny = 0;\n        int now = 0, prev = 1;\n        int res = 0, res2 = 0;\n\n        for (int i = 0; i < n * 2; i++) {\n            if (ny != b[i].y) {\n                swap(now, prev);\n                int cnt = 0, cnt2 = 0, bt = 0, cnt3 = 0;\n                for (int j = 0; j <= 10000; j++) {\n                    if (fie[j][now] > 0 && fie[j][prev] == 0) cnt3++;\n                    if (fie[j][now] == 0 && fie[j][prev] > 0) cnt3++;\n                    fie[j][now] = fie[j][prev];\n                    if (fie[j][now] > 0) {\n                        cnt++;\n                        if (bt == 0) cnt2++, bt = 1;\n                    } else bt = 0;\n                }\n                res += cnt * (b[i].y - ny);\n                res2 += cnt2 * 2 * (b[i].y - ny) + cnt3;\n            }\n            ny = b[i].y;\n            for (int j = b[i].x1; j <= b[i].x2; j++) fie[j][now] += b[i].f;\n        }\n\n        printf("%d\\n", res);\n        if (r == 2) {\n            swap(now, prev);\n            int cnt3 = 0;\n            for (int j = 0; j <= 10000; j++) {\n                if (fie[j][now] > 0 && fie[j][prev] == 0) cnt3++;\n                if (fie[j][now] == 0 && fie[j][prev] > 0) cnt3++;\n                fie[j][now] = fie[j][prev];\n            }\n            res2 += cnt3;\n            printf("%d\\n", res2);\n        }\n    }\n    return 0;\n}')"
2025-01-24 19:30:28,854	[INFO]	Step: 45
2025-01-24 19:30:28,854	[INFO]	Stop Steps: 100
2025-01-24 19:30:29,630	[DEBUG]	EXEC>  SUCCESS 4072433.4375
2025-01-24 19:30:29,630	[INFO]	4-6     SUCCESS               4072433.44 (84.49%) [1 edit(s)]  
2025-01-24 19:30:29,630	[DEBUG]	patch(4-6)="LineLLMCrossover(('source.cpp', 15), '#include <iostream>\n#include <algorithm>\n#include <cstring>\n#include <cstdio>\n#include <vector>\n#include <array>\nusing namespace std;\n\ntypedef vector<int> PP;\ntypedef vector<PP> P;\n\nint n, r;\n\nstruct block {\n    int x1, x2, y, f;\n};\n\nblock b[20002];\nint fie[10002][2]; // Using a simple 2D array for better performance\n\nbool comp(const block &b1, const block &b2) {\n    return b1.y < b2.y;\n}\n\nint main(void) {\n    while (1) {\n        scanf("%d%d", &n, &r);\n        if (n == 0 && r == 0) break;\n\n        memset(fie, 0, sizeof(fie)); // Efficient reset using memset\n\n        for (int i = 0; i < n; i++) {\n            int y1, y2;\n            scanf("%d%d%d%d", &b[i * 2].x1, &y1, &b[i * 2].x2, &y2);\n            b[i * 2].x2--;\n            b[i * 2 + 1].x1 = b[i * 2].x1;\n            b[i * 2 + 1].x2 = b[i * 2].x2;\n            b[i * 2].y = y1;\n            b[i * 2 + 1].y = y2;\n            b[i * 2].f = 1;\n            b[i * 2 + 1].f = -1;\n        }\n\n        sort(b, b + n * 2, comp);\n        int ny = 0;\n        int now = 0, prev = 1;\n        int res = 0, res2 = 0;\n\n        for (int i = 0; i < n * 2; i++) {\n            if (ny != b[i].y) {\n                swap(now, prev);\n                int cnt = 0, cnt2 = 0, bt = 0, cnt3 = 0;\n                for (int j = 0; j <= 10000; j++) {\n                    if (fie[j][now] > 0 && fie[j][prev] == 0) cnt3++;\n                    if (fie[j][now] == 0 && fie[j][prev] > 0) cnt3++;\n                    fie[j][now] = fie[j][prev];\n                    if (fie[j][now] > 0) {\n                        cnt++;\n                        if (bt == 0) cnt2++, bt = 1;\n                    } else bt = 0;\n                }\n                res += cnt * (b[i].y - ny);\n                res2 += cnt2 * 2 * (b[i].y - ny) + cnt3;\n            }\n            ny = b[i].y;\n            for (int j = b[i].x1; j <= b[i].x2; j++) fie[j][now] += b[i].f;\n        }\n\n        printf("%d\\n", res);\n        if (r == 2) {\n            swap(now, prev);\n            int cnt3 = 0;\n            for (int j = 0; j <= 10000; j++) {\n                if (fie[j][now] > 0 && fie[j][prev] == 0) cnt3++;\n                if (fie[j][now] == 0 && fie[j][prev] > 0) cnt3++;\n                fie[j][now] = fie[j][prev];\n            }\n            res2 += cnt3;\n            printf("%d\\n", res2);\n        }\n    }\n    return 0;\n}')"
2025-01-24 19:30:29,630	[INFO]	Step: 46
2025-01-24 19:30:29,630	[INFO]	Stop Steps: 100
2025-01-24 19:30:30,399	[DEBUG]	EXEC>  SUCCESS 3206166.6875
2025-01-24 19:30:30,399	[INFO]	4-7     SUCCESS               3206166.69 (66.52%) [2 edit(s)]  
2025-01-24 19:30:30,399	[DEBUG]	patch(4-7)="LineLLMMutation(('source.cpp', 3), '#include <iostream>\n#include <algorithm>\n#include <cstring>\n#include <cstdio>\n#include <vector>\n#include <map>\n#include <array>\nusing namespace std;\n\ntypedef vector<int> PP;\ntypedef vector<PP> P;\n\nint n, r;\n\nstruct block {\n    int x1, x2, y, f;\n};\n\nblock b[20002];\narray<array<int, 2>, 10002> fie; // Using std::array\n\nbool comp(const block &b1, const block &b2) {\n    return b1.y < b2.y;\n}\n\nint main(void) {\n    while (1) {\n        scanf("%d%d", &n, &r);\n        if (n == 0 && r == 0) break;\n\n        fie.fill({0, 0}); // Initialize using std::array\n\n        for (int i = 0; i < n; i++) {\n            int y1, y2;\n            scanf("%d%d%d%d", &b[i * 2].x1, &y1, &b[i * 2].x2, &y2);\n            b[i * 2].x2--;\n            b[i * 2 + 1].x1 = b[i * 2].x1;\n            b[i * 2 + 1].x2 = b[i * 2].x2;\n            b[i * 2].y = y1;\n            b[i * 2 + 1].y = y2;\n            b[i * 2].f = 1;\n            b[i * 2 + 1].f = -1;\n        }\n\n        sort(b, b + n * 2, comp);\n        int ny = 0;\n        int now = 0, prev = 1;\n        int res = 0, res2 = 0;\n\n        for (int i = 0; i < n * 2; i++) {\n            if (ny != b[i].y) {\n                swap(now, prev);\n                int cnt = 0, cnt2 = 0, bt = 0, cnt3 = 0;\n                for (int j = 0; j <= 10000; j++) {\n                    if (fie[j][now] > 0 && fie[j][prev] == 0) cnt3++;\n                    if (fie[j][now] == 0 && fie[j][prev] > 0) cnt3++;\n                    fie[j][now] = fie[j][prev];\n                    if (fie[j][now] > 0) {\n                        cnt++;\n                        if (bt == 0) cnt2++, bt = 1;\n                    } else bt = 0;\n                }\n                res += cnt * (b[i].y - ny);\n                res2 += cnt2 * 2 * (b[i].y - ny) + cnt3;\n            }\n            ny = b[i].y;\n            for (int j = b[i].x1; j <= b[i].x2; j++) fie[j][now] += b[i].f;\n        }\n\n        printf("%d\\n", res);\n        if (r == 2) {\n            swap(now, prev);\n            int cnt3 = 0;\n            for (int j = 0; j <= 10000; j++) {\n                if (fie[j][now] > 0 && fie[j][prev] == 0) cnt3++;\n                if (fie[j][now] == 0 && fie[j][prev] > 0) cnt3++;\n                fie[j][now] = fie[j][prev];\n            }\n            res2 += cnt3;\n            printf("%d\\n", res2);\n        }\n    }\n    return 0;\n}') | LineLLMMutation(('source.cpp', 22), '#include <iostream>\n#include <algorithm>\n#include <cstring>\n#include <cstdio>\n#include <vector>\n#include <map>\n#include <array>\nusing namespace std;\n\ntypedef vector<int> PP;\ntypedef vector<PP> P;\n\nint n, r;\n\nstruct block {\n    int x1, x2, y, f;\n};\n\nblock b[20002];\narray<array<int, 2>, 10002> fie = {}; // Directly initialize to zero\n\nbool comp(const block &b1, const block &b2) {\n    return b1.y < b2.y;\n}\n\nint main(void) {\n    while (1) {\n        scanf("%d%d", &n, &r);\n        if (n == 0 && r == 0) break;\n\n        // No need to fill `fie` here, it\'s already initialized to zero\n\n        for (int i = 0; i < n; i++) {\n            int y1, y2;\n            scanf("%d%d%d%d", &b[i * 2].x1, &y1, &b[i * 2].x2, &y2);\n            b[i * 2].x2--;\n            b[i * 2 + 1].x1 = b[i * 2].x1;\n            b[i * 2 + 1].x2 = b[i * 2].x2;\n            b[i * 2].y = y1;\n            b[i * 2 + 1].y = y2;\n            b[i * 2].f = 1;\n            b[i * 2 + 1].f = -1;\n        }\n\n        sort(b, b + n * 2, comp);\n        int ny = 0;\n        int now = 0, prev = 1;\n        int res = 0, res2 = 0;\n\n        for (int i = 0; i < n * 2; i++) {\n            if (ny != b[i].y) {\n                swap(now, prev);\n                int cnt = 0, cnt2 = 0, bt = 0, cnt3 = 0;\n                for (int j = 0; j <= 10000; j++) {\n                    if (fie[j][now] > 0 && fie[j][prev] == 0) cnt3++;\n                    if (fie[j][now] == 0 && fie[j][prev] > 0) cnt3++;\n                    fie[j][now] = fie[j][prev];\n                    if (fie[j][now] > 0) {\n                        cnt++;\n                        if (bt == 0) cnt2++, bt = 1;\n                    } else bt = 0;\n                }\n                res += cnt * (b[i].y - ny);\n                res2 += cnt2 * 2 * (b[i].y - ny) + cnt3;\n            }\n            ny = b[i].y;\n            for (int j = b[i].x1; j <= b[i].x2; j++) fie[j][now] += b[i].f;\n        }\n\n        printf("%d\\n", res);\n        if (r == 2) {\n            swap(now, prev);\n            int cnt3 = 0;\n            for (int j = 0; j <= 10000; j++) {\n                if (fie[j][now] > 0 && fie[j][prev] == 0) cnt3++;\n                if (fie[j][now] == 0 && fie[j][prev] > 0) cnt3++;\n                fie[j][now] = fie[j][prev];\n            }\n            res2 += cnt3;\n            printf("%d\\n", res2);\n        }\n    }\n    return 0;\n}')"
2025-01-24 19:30:30,399	[INFO]	Step: 47
2025-01-24 19:30:30,399	[INFO]	Stop Steps: 100
2025-01-24 19:30:30,934	[INFO]	4-8     TEST_CODE_ERROR       None (--) [4 edit(s)]  
2025-01-24 19:30:30,934	[DEBUG]	patch(4-8)="LineLLMMutation(('source.cpp', 3), '#include <iostream>\n#include <algorithm>\n#include <cstring>\n#include <cstdio>\n#include <vector>\n#include <map>\n#include <array>\nusing namespace std;\n\ntypedef vector<int> PP;\ntypedef vector<PP> P;\n\nint n, r;\n\nstruct block {\n    int x1, x2, y, f;\n};\n\nblock b[20002];\narray<array<int, 2>, 10002> fie; // Using std::array\n\nbool comp(const block &b1, const block &b2) {\n    return b1.y < b2.y;\n}\n\nint main(void) {\n    while (1) {\n        scanf("%d%d", &n, &r);\n        if (n == 0 && r == 0) break;\n\n        fie.fill({0, 0}); // Initialize using std::array\n\n        for (int i = 0; i < n; i++) {\n            int y1, y2;\n            scanf("%d%d%d%d", &b[i * 2].x1, &y1, &b[i * 2].x2, &y2);\n            b[i * 2].x2--;\n            b[i * 2 + 1].x1 = b[i * 2].x1;\n            b[i * 2 + 1].x2 = b[i * 2].x2;\n            b[i * 2].y = y1;\n            b[i * 2 + 1].y = y2;\n            b[i * 2].f = 1;\n            b[i * 2 + 1].f = -1;\n        }\n\n        sort(b, b + n * 2, comp);\n        int ny = 0;\n        int now = 0, prev = 1;\n        int res = 0, res2 = 0;\n\n        for (int i = 0; i < n * 2; i++) {\n            if (ny != b[i].y) {\n                swap(now, prev);\n                int cnt = 0, cnt2 = 0, bt = 0, cnt3 = 0;\n                for (int j = 0; j <= 10000; j++) {\n                    if (fie[j][now] > 0 && fie[j][prev] == 0) cnt3++;\n                    if (fie[j][now] == 0 && fie[j][prev] > 0) cnt3++;\n                    fie[j][now] = fie[j][prev];\n                    if (fie[j][now] > 0) {\n                        cnt++;\n                        if (bt == 0) cnt2++, bt = 1;\n                    } else bt = 0;\n                }\n                res += cnt * (b[i].y - ny);\n                res2 += cnt2 * 2 * (b[i].y - ny) + cnt3;\n            }\n            ny = b[i].y;\n            for (int j = b[i].x1; j <= b[i].x2; j++) fie[j][now] += b[i].f;\n        }\n\n        printf("%d\\n", res);\n        if (r == 2) {\n            swap(now, prev);\n            int cnt3 = 0;\n            for (int j = 0; j <= 10000; j++) {\n                if (fie[j][now] > 0 && fie[j][prev] == 0) cnt3++;\n                if (fie[j][now] == 0 && fie[j][prev] > 0) cnt3++;\n                fie[j][now] = fie[j][prev];\n            }\n            res2 += cnt3;\n            printf("%d\\n", res2);\n        }\n    }\n    return 0;\n}') | LineLLMMutation(('source.cpp', 14), '#include <iostream>\n#include <algorithm>\n#include <cstring>\n#include <cstdio>\n#include <vector>\nusing namespace std;\n\ntypedef vector<int> PP;\ntypedef vector<PP> P;\n\nint n, r;\n\nstruct block {\n    int x1, x2, y, f;\n};\n\nblock b[20002];\nint fie[10002][2]; // Changed to a simple 2D array for better performance\n\nbool comp(const block &b1, const block &b2) {\n    return b1.y < b2.y;\n}\n\nint main(void) {\n    while (1) {\n        scanf("%d%d", &n, &r);\n        if (n == 0 && r == 0) break;\n\n        memset(fie, 0, sizeof(fie)); // Initialize using memset for speed\n\n        for (int i = 0; i < n; i++) {\n            int y1, y2;\n            scanf("%d%d%d%d", &b[i * 2].x1, &y1, &b[i * 2].x2, &y2);\n            b[i * 2].x2--;\n            b[i * 2 + 1].x1 = b[i * 2].x1;\n            b[i * 2 + 1].x2 = b[i * 2].x2;\n            b[i * 2].y = y1;\n            b[i * 2 + 1].y = y2;\n            b[i * 2].f = 1;\n            b[i * 2 + 1].f = -1;\n        }\n\n        sort(b, b + n * 2, comp);\n        int ny = 0;\n        int now = 0, prev = 1;\n        int res = 0, res2 = 0;\n\n        for (int i = 0; i < n * 2; i++) {\n            if (ny != b[i].y) {\n                swap(now, prev);\n                int cnt = 0, cnt2 = 0, bt = 0, cnt3 = 0;\n                for (int j = 0; j <= 10000; j++) {\n                    if (fie[j][now] > 0 && fie[j][prev] == 0) cnt3++;\n                    if (fie[j][now] == 0 && fie[j][prev] > 0) cnt3++;\n                    fie[j][now] = fie[j][prev];\n                    if (fie[j][now] > 0) {\n                        cnt++;\n                        if (bt == 0) cnt2++, bt = 1;\n                    } else bt = 0;\n                }\n                res += cnt * (b[i].y - ny);\n                res2 += cnt2 * 2 * (b[i].y - ny) + cnt3;\n            }\n            ny = b[i].y;\n            for (int j = b[i].x1; j <= b[i].x2; j++) fie[j][now] += b[i].f;\n        }\n\n        printf("%d\\n", res);\n        if (r == 2) {\n            swap(now, prev);\n            int cnt3 = 0;\n            for (int j = 0; j <= 10000; j++) {\n                if (fie[j][now] > 0 && fie[j][prev] == 0) cnt3++;\n                if (fie[j][now] == 0 && fie[j][prev] > 0) cnt3++;\n                fie[j][now] = fie[j][prev];\n            }\n            res2 += cnt3;\n            printf("%d\\n", res2);\n        }\n    }\n    return 0;\n}') | LineLLMMutation(('source.cpp', 18), '#include <iostream>\n#include <algorithm>\n#include <cstring>\n#include <cstdio>\n#include <vector>\n#include <array>\nusing namespace std;\n\ntypedef vector<int> PP;\ntypedef vector<PP> P;\n\nint n, r;\n\nstruct block {\n    int x1, x2, y, f;\n};\n\nblock b[20002];\narray<array<int, 2>, 10002> fie; // Changed to std::array for better performance and memory usage\n\nbool comp(const block &b1, const block &b2) {\n    return b1.y < b2.y;\n}\n\nint main(void) {\n    while (1) {\n        scanf("%d%d", &n, &r);\n        if (n == 0 && r == 0) break;\n\n        fie.fill({0, 0}); // Initialize using fill for clarity and performance\n\n        for (int i = 0; i < n; i++) {\n            int y1, y2;\n            scanf("%d%d%d%d", &b[i * 2].x1, &y1, &b[i * 2].x2, &y2);\n            b[i * 2].x2--;\n            b[i * 2 + 1].x1 = b[i * 2].x1;\n            b[i * 2 + 1].x2 = b[i * 2].x2;\n            b[i * 2].y = y1;\n            b[i * 2 + 1].y = y2;\n            b[i * 2].f = 1;\n            b[i * 2 + 1].f = -1;\n        }\n\n        sort(b, b + n * 2, comp);\n        int ny = 0;\n        int now = 0, prev = 1;\n        int res = 0, res2 = 0;\n\n        for (int i = 0; i < n * 2; i++) {\n            if (ny != b[i].y) {\n                swap(now, prev);\n                int cnt = 0, cnt2 = 0, bt = 0, cnt3 = 0;\n                for (int j = 0; j <= 10000; j++) {\n                    if (fie[j][now] > 0 && fie[j][prev] == 0) cnt3++;\n                    if (fie[j][now] == 0 && fie[j][prev] > 0) cnt3++;\n                    fie[j][now] = fie[j][prev];\n                    if (fie[j][now] > 0) {\n                        cnt++;\n                        if (bt == 0) cnt2++, bt = 1;\n                    } else bt = 0;\n                }\n                res += cnt * (b[i].y - ny);\n                res2 += cnt2 * 2 * (b[i].y - ny) + cnt3;\n            }\n            ny = b[i].y;\n            for (int j = b[i].x1; j <= b[i].x2; j++) fie[j][now] += b[i].f;\n        }\n\n        printf("%d\\n", res);\n        if (r == 2) {\n            swap(now, prev);\n            int cnt3 = 0;\n            for (int j = 0; j <= 10000; j++) {\n                if (fie[j][now] > 0 && fie[j][prev] == 0) cnt3++;\n                if (fie[j][now] == 0 && fie[j][prev] > 0) cnt3++;\n                fie[j][now] = fie[j][prev];\n            }\n            res2 += cnt3;\n            printf("%d\\n", res2);\n        }\n    }\n    return 0;\n}') | LineLLMMutation(('source.cpp', 23), '#include <iostream>\n#include <algorithm>\n#include <cstring>\n#include <cstdio>\n#include <vector>\n#include <array>\nusing namespace std;\n\ntypedef vector<int> PP;\ntypedef vector<PP> P;\n\nint n, r;\n\nstruct block {\n    int x1, x2, y, f;\n};\n\nblock b[20002];\narray<int, 10002> fie[2]; // Use a 2D array but optimize storage by using only two rows.\n\nbool comp(const block &b1, const block &b2) {\n    return b1.y < b2.y;\n}\n\nint main(void) {\n    while (1) {\n        scanf("%d%d", &n, &r);\n        if (n == 0 && r == 0) break;\n\n        memset(fie, 0, sizeof(fie)); // Initialize with memset for performance\n\n        for (int i = 0; i < n; i++) {\n            int y1, y2;\n            scanf("%d%d%d%d", &b[i * 2].x1, &y1, &b[i * 2].x2, &y2);\n            b[i * 2].x2--;\n            b[i * 2 + 1].x1 = b[i * 2].x1;\n            b[i * 2 + 1].x2 = b[i * 2].x2;\n            b[i * 2].y = y1;\n            b[i * 2 + 1].y = y2;\n            b[i * 2].f = 1;\n            b[i * 2 + 1].f = -1;\n        }\n\n        sort(b, b + n * 2, comp);\n        int ny = 0;\n        int now = 0, prev = 1;\n        int res = 0, res2 = 0;\n\n        for (int i = 0; i < n * 2; i++) {\n            if (ny != b[i].y) {\n                swap(now, prev);\n                int cnt = 0, cnt2 = 0, bt = 0, cnt3 = 0;\n                for (int j = 0; j <= 10000; j++) {\n                    if (fie[now][j] > 0 && fie[prev][j] == 0) cnt3++;\n                    if (fie[now][j] == 0 && fie[prev][j] > 0) cnt3++;\n                    fie[now][j] += fie[prev][j];\n                    if (fie[now][j] > 0) {\n                        cnt++;\n                        if (bt == 0) cnt2++, bt = 1;\n                    } else bt = 0;\n                }\n                res += cnt * (b[i].y - ny);\n                res2 += cnt2 * 2 * (b[i].y - ny) + cnt3;\n            }\n            ny = b[i].y;\n            for (int j = b[i].x1; j <= b[i].x2; j++) fie[now][j] += b[i].f;\n        }\n\n        printf("%d\\n", res);\n        if (r == 2) {\n            swap(now, prev);\n            int cnt3 = 0;\n            for (int j = 0; j <= 10000; j++) {\n                if (fie[now][j] > 0 && fie[prev][j] == 0) cnt3++;\n                if (fie[now][j] == 0 && fie[prev][j] > 0) cnt3++;\n                fie[now][j] = fie[prev][j];\n            }\n            res2 += cnt3;\n            printf("%d\\n", res2);\n        }\n    }\n    return 0;\n}')"
2025-01-24 19:30:30,934	[INFO]	Step: 48
2025-01-24 19:30:30,934	[INFO]	Stop Steps: 100
2025-01-24 19:30:31,688	[DEBUG]	EXEC>  SUCCESS 3466556.8125
2025-01-24 19:30:31,688	[INFO]	4-9     SUCCESS               3466556.81 (71.92%) [3 edit(s)]  
2025-01-24 19:30:31,688	[DEBUG]	patch(4-9)="LineLLMMutation(('source.cpp', 3), '#include <iostream>\n#include <algorithm>\n#include <cstring>\n#include <cstdio>\n#include <vector>\n#include <map>\n#include <array>\nusing namespace std;\n\ntypedef vector<int> PP;\ntypedef vector<PP> P;\n\nint n, r;\n\nstruct block {\n    int x1, x2, y, f;\n};\n\nblock b[20002];\narray<array<int, 2>, 10002> fie; // Using std::array\n\nbool comp(const block &b1, const block &b2) {\n    return b1.y < b2.y;\n}\n\nint main(void) {\n    while (1) {\n        scanf("%d%d", &n, &r);\n        if (n == 0 && r == 0) break;\n\n        fie.fill({0, 0}); // Initialize using std::array\n\n        for (int i = 0; i < n; i++) {\n            int y1, y2;\n            scanf("%d%d%d%d", &b[i * 2].x1, &y1, &b[i * 2].x2, &y2);\n            b[i * 2].x2--;\n            b[i * 2 + 1].x1 = b[i * 2].x1;\n            b[i * 2 + 1].x2 = b[i * 2].x2;\n            b[i * 2].y = y1;\n            b[i * 2 + 1].y = y2;\n            b[i * 2].f = 1;\n            b[i * 2 + 1].f = -1;\n        }\n\n        sort(b, b + n * 2, comp);\n        int ny = 0;\n        int now = 0, prev = 1;\n        int res = 0, res2 = 0;\n\n        for (int i = 0; i < n * 2; i++) {\n            if (ny != b[i].y) {\n                swap(now, prev);\n                int cnt = 0, cnt2 = 0, bt = 0, cnt3 = 0;\n                for (int j = 0; j <= 10000; j++) {\n                    if (fie[j][now] > 0 && fie[j][prev] == 0) cnt3++;\n                    if (fie[j][now] == 0 && fie[j][prev] > 0) cnt3++;\n                    fie[j][now] = fie[j][prev];\n                    if (fie[j][now] > 0) {\n                        cnt++;\n                        if (bt == 0) cnt2++, bt = 1;\n                    } else bt = 0;\n                }\n                res += cnt * (b[i].y - ny);\n                res2 += cnt2 * 2 * (b[i].y - ny) + cnt3;\n            }\n            ny = b[i].y;\n            for (int j = b[i].x1; j <= b[i].x2; j++) fie[j][now] += b[i].f;\n        }\n\n        printf("%d\\n", res);\n        if (r == 2) {\n            swap(now, prev);\n            int cnt3 = 0;\n            for (int j = 0; j <= 10000; j++) {\n                if (fie[j][now] > 0 && fie[j][prev] == 0) cnt3++;\n                if (fie[j][now] == 0 && fie[j][prev] > 0) cnt3++;\n                fie[j][now] = fie[j][prev];\n            }\n            res2 += cnt3;\n            printf("%d\\n", res2);\n        }\n    }\n    return 0;\n}') | LineLLMMutation(('source.cpp', 19), '#include <iostream>\n#include <algorithm>\n#include <cstring>\n#include <cstdio>\n#include <vector>\n#include <map>\n#include <array>\nusing namespace std;\n\ntypedef vector<int> PP;\ntypedef vector<PP> P;\n\nint n, r;\n\nstruct block {\n    int x1, x2, y, f;\n};\n\nblock b[20002];\narray<array<int, 2>, 10002> fie = {}; // Directly initializing to zero\n\nbool comp(const block &b1, const block &b2) {\n    return b1.y < b2.y;\n}\n\nint main(void) {\n    while (1) {\n        scanf("%d%d", &n, &r);\n        if (n == 0 && r == 0) break;\n\n        // Removed the fill operation since fie is already initialized to zero\n\n        for (int i = 0; i < n; i++) {\n            int y1, y2;\n            scanf("%d%d%d%d", &b[i * 2].x1, &y1, &b[i * 2].x2, &y2);\n            b[i * 2].x2--;\n            b[i * 2 + 1].x1 = b[i * 2].x1;\n            b[i * 2 + 1].x2 = b[i * 2].x2;\n            b[i * 2].y = y1;\n            b[i * 2 + 1].y = y2;\n            b[i * 2].f = 1;\n            b[i * 2 + 1].f = -1;\n        }\n\n        sort(b, b + n * 2, comp);\n        int ny = 0;\n        int now = 0, prev = 1;\n        int res = 0, res2 = 0;\n\n        for (int i = 0; i < n * 2; i++) {\n            if (ny != b[i].y) {\n                swap(now, prev);\n                int cnt = 0, cnt2 = 0, bt = 0, cnt3 = 0;\n                for (int j = 0; j <= 10000; j++) {\n                    if (fie[j][now] > 0 && fie[j][prev] == 0) cnt3++;\n                    if (fie[j][now] == 0 && fie[j][prev] > 0) cnt3++;\n                    fie[j][now] = fie[j][prev];\n                    if (fie[j][now] > 0) {\n                        cnt++;\n                        if (bt == 0) cnt2++, bt = 1;\n                    } else bt = 0;\n                }\n                res += cnt * (b[i].y - ny);\n                res2 += cnt2 * 2 * (b[i].y - ny) + cnt3;\n            }\n            ny = b[i].y;\n            for (int j = b[i].x1; j <= b[i].x2; j++) fie[j][now] += b[i].f;\n        }\n\n        printf("%d\\n", res);\n        if (r == 2) {\n            swap(now, prev);\n            int cnt3 = 0;\n            for (int j = 0; j <= 10000; j++) {\n                if (fie[j][now] > 0 && fie[j][prev] == 0) cnt3++;\n                if (fie[j][now] == 0 && fie[j][prev] > 0) cnt3++;\n                fie[j][now] = fie[j][prev];\n            }\n            res2 += cnt3;\n            printf("%d\\n", res2);\n        }\n    }\n    return 0;\n}') | LineLLMMutation(('source.cpp', 24), '#include <iostream>\n#include <algorithm>\n#include <cstring>\n#include <cstdio>\n#include <vector>\n#include <map>\n#include <array>\nusing namespace std;\n\ntypedef vector<int> PP;\ntypedef vector<PP> P;\n\nint n, r;\n\nstruct block {\n    int x1, x2, y, f;\n};\n\nblock b[20002];\narray<array<int, 2>, 10002> fie = {}; // Directly initializing to zero\n\nbool comp(const block &b1, const block &b2) {\n    return b1.y < b2.y;\n}\n\nint main(void) {\n    while (1) {\n        scanf("%d%d", &n, &r);\n        if (n == 0 && r == 0) break;\n\n        // Removed the fill operation since fie is already initialized to zero\n\n        for (int i = 0; i < n; i++) {\n            int y1, y2;\n            scanf("%d%d%d%d", &b[i * 2].x1, &y1, &b[i * 2].x2, &y2);\n            b[i * 2].x2--;\n            b[i * 2 + 1].x1 = b[i * 2].x1;\n            b[i * 2 + 1].x2 = b[i * 2].x2;\n            b[i * 2].y = y1;\n            b[i * 2 + 1].y = y2;\n            b[i * 2].f = 1;\n            b[i * 2 + 1].f = -1;\n        }\n\n        sort(b, b + n * 2, comp);\n        int ny = 0;\n        int now = 0, prev = 1;\n        int res = 0, res2 = 0;\n\n        for (int i = 0; i < n * 2; i++) {\n            if (ny != b[i].y) {\n                swap(now, prev);\n                int cnt = 0, cnt2 = 0, bt = 0, cnt3 = 0;\n                for (int j = 0; j <= 10000; j++) {\n                    int currentFie = fie[j][now], previousFie = fie[j][prev];\n                    if (currentFie > 0 && previousFie == 0) cnt3++;\n                    if (currentFie == 0 && previousFie > 0) cnt3++;\n                    fie[j][now] = previousFie;\n                    if (fie[j][now] > 0) {\n                        cnt++;\n                        if (bt == 0) cnt2++, bt = 1;\n                    } else bt = 0;\n                }\n                res += cnt * (b[i].y - ny);\n                res2 += cnt2 * 2 * (b[i].y - ny) + cnt3;\n            }\n            ny = b[i].y;\n            for (int j = b[i].x1; j <= b[i].x2; j++) fie[j][now] += b[i].f;\n        }\n\n        printf("%d\\n", res);\n        if (r == 2) {\n            swap(now, prev);\n            int cnt3 = 0;\n            for (int j = 0; j <= 10000; j++) {\n                if (fie[j][now] > 0 && fie[j][prev] == 0) cnt3++;\n                if (fie[j][now] == 0 && fie[j][prev] > 0) cnt3++;\n                fie[j][now] = fie[j][prev];\n            }\n            res2 += cnt3;\n            printf("%d\\n", res2);\n        }\n    }\n    return 0;\n}')"
2025-01-24 19:30:31,688	[INFO]	Step: 49
2025-01-24 19:30:31,688	[INFO]	Stop Steps: 100
2025-01-24 19:30:32,263	[INFO]	4-10    TEST_CODE_ERROR       None (--) [3 edit(s)]  
2025-01-24 19:30:32,263	[DEBUG]	patch(4-10)="LineLLMMutation(('source.cpp', 3), '#include <iostream>\n#include <algorithm>\n#include <cstring>\n#include <cstdio>\n#include <vector>\n#include <map>\n#include <array>\nusing namespace std;\n\ntypedef vector<int> PP;\ntypedef vector<PP> P;\n\nint n, r;\n\nstruct block {\n    int x1, x2, y, f;\n};\n\nblock b[20002];\narray<array<int, 2>, 10002> fie; // Using std::array\n\nbool comp(const block &b1, const block &b2) {\n    return b1.y < b2.y;\n}\n\nint main(void) {\n    while (1) {\n        scanf("%d%d", &n, &r);\n        if (n == 0 && r == 0) break;\n\n        fie.fill({0, 0}); // Initialize using std::array\n\n        for (int i = 0; i < n; i++) {\n            int y1, y2;\n            scanf("%d%d%d%d", &b[i * 2].x1, &y1, &b[i * 2].x2, &y2);\n            b[i * 2].x2--;\n            b[i * 2 + 1].x1 = b[i * 2].x1;\n            b[i * 2 + 1].x2 = b[i * 2].x2;\n            b[i * 2].y = y1;\n            b[i * 2 + 1].y = y2;\n            b[i * 2].f = 1;\n            b[i * 2 + 1].f = -1;\n        }\n\n        sort(b, b + n * 2, comp);\n        int ny = 0;\n        int now = 0, prev = 1;\n        int res = 0, res2 = 0;\n\n        for (int i = 0; i < n * 2; i++) {\n            if (ny != b[i].y) {\n                swap(now, prev);\n                int cnt = 0, cnt2 = 0, bt = 0, cnt3 = 0;\n                for (int j = 0; j <= 10000; j++) {\n                    if (fie[j][now] > 0 && fie[j][prev] == 0) cnt3++;\n                    if (fie[j][now] == 0 && fie[j][prev] > 0) cnt3++;\n                    fie[j][now] = fie[j][prev];\n                    if (fie[j][now] > 0) {\n                        cnt++;\n                        if (bt == 0) cnt2++, bt = 1;\n                    } else bt = 0;\n                }\n                res += cnt * (b[i].y - ny);\n                res2 += cnt2 * 2 * (b[i].y - ny) + cnt3;\n            }\n            ny = b[i].y;\n            for (int j = b[i].x1; j <= b[i].x2; j++) fie[j][now] += b[i].f;\n        }\n\n        printf("%d\\n", res);\n        if (r == 2) {\n            swap(now, prev);\n            int cnt3 = 0;\n            for (int j = 0; j <= 10000; j++) {\n                if (fie[j][now] > 0 && fie[j][prev] == 0) cnt3++;\n                if (fie[j][now] == 0 && fie[j][prev] > 0) cnt3++;\n                fie[j][now] = fie[j][prev];\n            }\n            res2 += cnt3;\n            printf("%d\\n", res2);\n        }\n    }\n    return 0;\n}') | LineLLMMutation(('source.cpp', 14), '#include <iostream>\n#include <algorithm>\n#include <cstring>\n#include <cstdio>\n#include <vector>\nusing namespace std;\n\ntypedef vector<int> PP;\ntypedef vector<PP> P;\n\nint n, r;\n\nstruct block {\n    int x1, x2, y, f;\n};\n\nblock b[20002];\nint fie[10002][2]; // Changed to a simple 2D array for better performance\n\nbool comp(const block &b1, const block &b2) {\n    return b1.y < b2.y;\n}\n\nint main(void) {\n    while (1) {\n        scanf("%d%d", &n, &r);\n        if (n == 0 && r == 0) break;\n\n        memset(fie, 0, sizeof(fie)); // Initialize using memset for speed\n\n        for (int i = 0; i < n; i++) {\n            int y1, y2;\n            scanf("%d%d%d%d", &b[i * 2].x1, &y1, &b[i * 2].x2, &y2);\n            b[i * 2].x2--;\n            b[i * 2 + 1].x1 = b[i * 2].x1;\n            b[i * 2 + 1].x2 = b[i * 2].x2;\n            b[i * 2].y = y1;\n            b[i * 2 + 1].y = y2;\n            b[i * 2].f = 1;\n            b[i * 2 + 1].f = -1;\n        }\n\n        sort(b, b + n * 2, comp);\n        int ny = 0;\n        int now = 0, prev = 1;\n        int res = 0, res2 = 0;\n\n        for (int i = 0; i < n * 2; i++) {\n            if (ny != b[i].y) {\n                swap(now, prev);\n                int cnt = 0, cnt2 = 0, bt = 0, cnt3 = 0;\n                for (int j = 0; j <= 10000; j++) {\n                    if (fie[j][now] > 0 && fie[j][prev] == 0) cnt3++;\n                    if (fie[j][now] == 0 && fie[j][prev] > 0) cnt3++;\n                    fie[j][now] = fie[j][prev];\n                    if (fie[j][now] > 0) {\n                        cnt++;\n                        if (bt == 0) cnt2++, bt = 1;\n                    } else bt = 0;\n                }\n                res += cnt * (b[i].y - ny);\n                res2 += cnt2 * 2 * (b[i].y - ny) + cnt3;\n            }\n            ny = b[i].y;\n            for (int j = b[i].x1; j <= b[i].x2; j++) fie[j][now] += b[i].f;\n        }\n\n        printf("%d\\n", res);\n        if (r == 2) {\n            swap(now, prev);\n            int cnt3 = 0;\n            for (int j = 0; j <= 10000; j++) {\n                if (fie[j][now] > 0 && fie[j][prev] == 0) cnt3++;\n                if (fie[j][now] == 0 && fie[j][prev] > 0) cnt3++;\n                fie[j][now] = fie[j][prev];\n            }\n            res2 += cnt3;\n            printf("%d\\n", res2);\n        }\n    }\n    return 0;\n}') | LineLLMMutation(('source.cpp', 25), '#include <iostream>\n#include <algorithm>\n#include <cstring>\n#include <cstdio>\n#include <vector>\nusing namespace std;\n\ntypedef vector<int> PP;\ntypedef vector<PP> P;\n\nint n, r;\n\nstruct block {\n    int x1, x2, y, f;\n};\n\nblock b[20002];\nint fie[10002][2]; // Keep the simple 2D array for performance\n\nbool comp(const block &b1, const block &b2) {\n    return b1.y < b2.y;\n}\n\nint main(void) {\n    while (1) {\n        scanf("%d%d", &n, &r);\n        if (n == 0 && r == 0) break;\n\n        memset(fie, 0, sizeof(fie)); // Initialize using memset for speed\n\n        for (int i = 0; i < n; i++) {\n            int y1, y2;\n            scanf("%d%d%d%d", &b[i * 2].x1, &y1, &b[i * 2].x2, &y2);\n            b[i * 2].x2--;\n            b[i * 2 + 1].x1 = b[i * 2].x1;\n            b[i * 2 + 1].x2 = b[i * 2].x2;\n            b[i * 2].y = y1;\n            b[i * 2 + 1].y = y2;\n            b[i * 2].f = 1;\n            b[i * 2 + 1].f = -1;\n        }\n\n        sort(b, b + n * 2, comp);\n        int ny = 0;\n        int now = 0, prev = 1;\n        int res = 0, res2 = 0;\n\n        for (int i = 0; i < n * 2; i++) {\n            if (ny != b[i].y) {\n                swap(now, prev);\n                int cnt = 0, cnt2 = 0, bt = 0, cnt3 = 0;\n                // Optimize inner loop by processing only relevant ranges\n                for (int j = b[i].x1; j <= b[i].x2; j++) {\n                    fie[j][now] += b[i].f;\n                    if (fie[j][now] > 0) {\n                        cnt++;\n                        if (bt == 0) { cnt2++; bt = 1; }\n                    } else bt = 0;\n                }\n                // Count transitions before updating ny\n                for (int j = 0; j <= 10000; j++) {\n                    if (fie[j][now] > 0 && fie[j][prev] == 0) cnt3++;\n                    if (fie[j][now] == 0 && fie[j][prev] > 0) cnt3++;\n                }\n                res += cnt * (b[i].y - ny);\n                res2 += cnt2 * 2 * (b[i].y - ny) + cnt3;\n            }\n            ny = b[i].y;\n        }\n\n        printf("%d\\n", res);\n        if (r == 2) {\n            swap(now, prev);\n            int cnt3 = 0;\n            for (int j = 0; j <= 10000; j++) {\n                if (fie[j][now] > 0 && fie[j][prev] == 0) cnt3++;\n                if (fie[j][now] == 0 && fie[j][prev] > 0) cnt3++;\n                fie[j][now] = fie[j][prev];\n            }\n            res2 += cnt3;\n            printf("%d\\n", res2);\n        }\n    }\n    return 0;\n}')"
2025-01-24 19:30:32,264	[INFO]	Step: 50
2025-01-24 19:30:32,264	[INFO]	Stop Steps: 100
2025-01-24 19:30:34,012	[DEBUG]	EXEC>  SUCCESS 4092901.125
2025-01-24 19:30:34,012	[INFO]	REF     SUCCESS               4092901.12 (--) [0 edit(s)]  
2025-01-24 19:30:34,012	[INFO]	Best patch: 3
2025-01-24 19:30:34,769	[DEBUG]	EXEC>  SUCCESS 3600393.75
2025-01-24 19:30:34,769	[INFO]	BEST    SUCCESS              *3600393.75 (87.97%) [0 edit(s)]  
2025-01-24 19:30:34,770	[INFO]	Best patch step: 40
2025-01-24 19:32:04,623	[INFO]	Step: 50
2025-01-24 19:32:04,623	[INFO]	Stop Steps: 100
2025-01-24 19:32:05,524	[DEBUG]	EXEC>  SUCCESS 3394293.125
2025-01-24 19:32:05,529	[INFO]	5-1     SUCCESS              *3394293.12 (82.93%) [1 edit(s)]  
2025-01-24 19:32:05,529	[DEBUG]	patch(5-1)="LineLLMMutation(('source.cpp', 3), '#include <iostream>\n#include <algorithm>\n#include <cstring>\n#include <cstdio>\n#include <vector>\n#include <map>\n#include <array>\nusing namespace std;\n\ntypedef vector<int> PP;\ntypedef vector<PP> P;\n\nint n, r;\n\nstruct block {\n    int x1, x2, y, f;\n};\n\nblock b[20002];\narray<array<int, 2>, 10002> fie; // Using std::array\n\nbool comp(const block &b1, const block &b2) {\n    return b1.y < b2.y;\n}\n\nint main(void) {\n    while (1) {\n        scanf("%d%d", &n, &r);\n        if (n == 0 && r == 0) break;\n\n        fie.fill({0, 0}); // Initialize using std::array\n\n        for (int i = 0; i < n; i++) {\n            int y1, y2;\n            scanf("%d%d%d%d", &b[i * 2].x1, &y1, &b[i * 2].x2, &y2);\n            b[i * 2].x2--;\n            b[i * 2 + 1].x1 = b[i * 2].x1;\n            b[i * 2 + 1].x2 = b[i * 2].x2;\n            b[i * 2].y = y1;\n            b[i * 2 + 1].y = y2;\n            b[i * 2].f = 1;\n            b[i * 2 + 1].f = -1;\n        }\n\n        sort(b, b + n * 2, comp);\n        int ny = 0;\n        int now = 0, prev = 1;\n        int res = 0, res2 = 0;\n\n        for (int i = 0; i < n * 2; i++) {\n            if (ny != b[i].y) {\n                swap(now, prev);\n                int cnt = 0, cnt2 = 0, bt = 0, cnt3 = 0;\n                for (int j = 0; j <= 10000; j++) {\n                    if (fie[j][now] > 0 && fie[j][prev] == 0) cnt3++;\n                    if (fie[j][now] == 0 && fie[j][prev] > 0) cnt3++;\n                    fie[j][now] = fie[j][prev];\n                    if (fie[j][now] > 0) {\n                        cnt++;\n                        if (bt == 0) cnt2++, bt = 1;\n                    } else bt = 0;\n                }\n                res += cnt * (b[i].y - ny);\n                res2 += cnt2 * 2 * (b[i].y - ny) + cnt3;\n            }\n            ny = b[i].y;\n            for (int j = b[i].x1; j <= b[i].x2; j++) fie[j][now] += b[i].f;\n        }\n\n        printf("%d\\n", res);\n        if (r == 2) {\n            swap(now, prev);\n            int cnt3 = 0;\n            for (int j = 0; j <= 10000; j++) {\n                if (fie[j][now] > 0 && fie[j][prev] == 0) cnt3++;\n                if (fie[j][now] == 0 && fie[j][prev] > 0) cnt3++;\n                fie[j][now] = fie[j][prev];\n            }\n            res2 += cnt3;\n            printf("%d\\n", res2);\n        }\n    }\n    return 0;\n}')"

2025-01-24 19:32:05,529	[INFO]	Step: 51
2025-01-24 19:32:05,529	[INFO]	Stop Steps: 100
2025-01-24 19:32:06,290	[DEBUG]	EXEC>  SUCCESS 3131120.4375
2025-01-24 19:32:06,290	[INFO]	5-2     SUCCESS              *3131120.44 (76.50%) [1 edit(s)]  
2025-01-24 19:32:06,290	[DEBUG]	patch(5-2)="LineLLMCrossover(('source.cpp', 12), '#include <iostream>\n#include <algorithm>\n#include <cstring>\n#include <cstdio>\n#include <vector>\n#include <array>\nusing namespace std;\n\ntypedef vector<int> PP;\ntypedef vector<PP> P;\n\nint n, r;\n\nstruct block {\n    int x1, x2, y, f;\n};\n\nblock b[20002];\narray<array<int, 2>, 10002> fie; // Using std::array for better performance and memory usage\n\nbool comp(const block &b1, const block &b2) {\n    return b1.y < b2.y;\n}\n\nint main(void) {\n    while (1) {\n        scanf("%d%d", &n, &r);\n        if (n == 0 && r == 0) break;\n\n        fie.fill({0, 0}); // Efficient reset using std::array\n\n        for (int i = 0; i < n; i++) {\n            int y1, y2;\n            scanf("%d%d%d%d", &b[i * 2].x1, &y1, &b[i * 2].x2, &y2);\n            b[i * 2].x2--;\n            b[i * 2 + 1].x1 = b[i * 2].x1;\n            b[i * 2 + 1].x2 = b[i * 2].x2;\n            b[i * 2].y = y1;\n            b[i * 2 + 1].y = y2;\n            b[i * 2].f = 1;\n            b[i * 2 + 1].f = -1;\n        }\n\n        sort(b, b + n * 2, comp);\n        int ny = 0;\n        int now = 0, prev = 1;\n        int res = 0, res2 = 0;\n\n        for (int i = 0; i < n * 2; i++) {\n            if (ny != b[i].y) {\n                swap(now, prev);\n                int cnt = 0, cnt2 = 0, bt = 0, cnt3 = 0;\n                for (int j = 0; j <= 10000; j++) {\n                    if (fie[j][now] > 0 && fie[j][prev] == 0) cnt3++;\n                    if (fie[j][now] == 0 && fie[j][prev] > 0) cnt3++;\n                    fie[j][now] = fie[j][prev];\n                    if (fie[j][now] > 0) {\n                        cnt++;\n                        if (bt == 0) cnt2++, bt = 1;\n                    } else bt = 0;\n                }\n                res += cnt * (b[i].y - ny);\n                res2 += cnt2 * 2 * (b[i].y - ny) + cnt3;\n            }\n            ny = b[i].y;\n            for (int j = b[i].x1; j <= b[i].x2; j++) fie[j][now] += b[i].f;\n        }\n\n        printf("%d\\n", res);\n        if (r == 2) {\n            swap(now, prev);\n            int cnt3 = 0;\n            for (int j = 0; j <= 10000; j++) {\n                if (fie[j][now] > 0 && fie[j][prev] == 0) cnt3++;\n                if (fie[j][now] == 0 && fie[j][prev] > 0) cnt3++;\n                fie[j][now] = fie[j][prev];\n            }\n            res2 += cnt3;\n            printf("%d\\n", res2);\n        }\n    }\n    return 0;\n}')"

2025-01-24 19:32:06,290	[INFO]	Step: 52
2025-01-24 19:32:06,290	[INFO]	Stop Steps: 100
2025-01-24 19:32:06,620	[INFO]	5-3     COMPILE_CODE_ERROR    None (--) [1 edit(s)]  
2025-01-24 19:32:06,620	[DEBUG]	patch(5-3)="LineLLMCrossover(('source.cpp', 16), '#include <iostream>\n#include <algorithm>\n#include <cstring>\n#include <cstdio>\n#include <array>\nusing namespace std;\n\ntypedef vector<int> PP;\ntypedef vector<PP> P;\n\nint n, r;\nstruct block {\n    int x1, x2, y, f;\n};\n\nblock b[20002];\narray<array<int, 2>, 10002> fie; // Using std::array for better performance\n\nbool comp(const block &b1, const block &b2) {\n    return b1.y < b2.y;\n}\n\nint main(void) {\n    while (1) {\n        scanf("%d%d", &n, &r);\n        if (n == 0 && r == 0) break;\n\n        fie.fill({0, 0}); // Efficient reset using std::array\n\n        for (int i = 0; i < n; i++) {\n            int y1, y2;\n            scanf("%d%d%d%d", &b[i * 2].x1, &y1, &b[i * 2].x2, &y2);\n            b[i * 2].x2--;\n            b[i * 2 + 1].x1 = b[i * 2].x1;\n            b[i * 2 + 1].x2 = b[i * 2].x2;\n            b[i * 2].y = y1;\n            b[i * 2 + 1].y = y2;\n            b[i * 2].f = 1;\n            b[i * 2 + 1].f = -1;\n        }\n\n        sort(b, b + n * 2, comp);\n        // Computation logic follows...\n    }\n    return 0;\n}')"
2025-01-24 19:32:06,620	[INFO]	Step: 53
2025-01-24 19:32:06,621	[INFO]	Stop Steps: 100
2025-01-24 19:32:07,092	[INFO]	5-4     TEST_CODE_ERROR       None (--) [1 edit(s)]  
2025-01-24 19:32:07,093	[DEBUG]	patch(5-4)="LineLLMCrossover(('source.cpp', 17), '#include <iostream>\n#include <algorithm>\n#include <cstring>\n#include <cstdio>\n#include <vector>\nusing namespace std;\n\ntypedef vector<int> PP;\ntypedef vector<PP> P;\n\nint n, r;\nstruct block {\n    int x1, x2, y, f;\n};\n\nblock b[20002];\nint fie[10002][2] = {}; // Directly initializing to zero\n\nbool comp(const block &b1, const block &b2) {\n    return b1.y < b2.y;\n}\n\nint main(void) {\n    while (1) {\n        scanf("%d%d", &n, &r);\n        if (n == 0 && r == 0) break;\n\n        memset(fie, 0, sizeof(fie)); // Efficient reset using memset\n\n        for (int i = 0; i < n; i++) {\n            int y1, y2;\n            scanf("%d%d%d%d", &b[i * 2].x1, &y1, &b[i * 2].x2, &y2);\n            b[i * 2].x2--;\n            b[i * 2 + 1].x1 = b[i * 2].x1;\n            b[i * 2 + 1].x2 = b[i * 2].x2;\n            b[i * 2].y = y1;\n            b[i * 2 + 1].y = y2;\n            b[i * 2].f = 1;\n            b[i * 2 + 1].f = -1;\n        }\n\n        sort(b, b + n * 2, comp);\n        // Processing logic follows...\n    }\n    return 0;\n}')"
2025-01-24 19:32:07,093	[INFO]	Step: 54
2025-01-24 19:32:07,093	[INFO]	Stop Steps: 100
2025-01-24 19:32:07,353	[INFO]	5-5     COMPILE_CODE_ERROR    None (--) [1 edit(s)]  
2025-01-24 19:32:07,354	[DEBUG]	patch(5-5)="LineLLMCrossover(('source.cpp', 18), '#include <iostream>\n#include <algorithm>\n#include <cstring>\n#include <cstdio>\n#include <array>\nusing namespace std;\n\ntypedef vector<int> PP;\ntypedef vector<PP> P;\n\nint n, r;\nstruct block {\n    int x1, x2, y, f;\n};\n\nblock b[20002];\narray<array<int, 2>, 10002> fie; // Using std::array for efficient management\n\nbool comp(const block &b1, const block &b2) {\n    return b1.y < b2.y;\n}\n\nint main(void) {\n    while (1) {\n        scanf("%d%d", &n, &r);\n        if (n == 0 && r == 0) break;\n\n        fie.fill({0, 0}); // Efficient reset using std::array\n\n        for (int i = 0; i < n; i++) {\n            int y1, y2;\n            scanf("%d%d%d%d", &b[i * 2].x1, &y1, &b[i * 2].x2, &y2);\n            b[i * 2].x2--;\n            b[i * 2 + 1].x1 = b[i * 2].x1;\n            b[i * 2 + 1].x2 = b[i * 2].x2;\n            b[i * 2].y = y1;\n            b[i * 2 + 1].y = y2;\n            b[i * 2].f = 1;\n            b[i * 2 + 1].f = -1;\n        }\n\n        sort(b, b + n * 2, comp);\n        // Processing logic follows...\n    }\n    return 0;\n}')"
2025-01-24 19:32:07,354	[INFO]	Step: 55
2025-01-24 19:32:07,354	[INFO]	Stop Steps: 100
2025-01-24 19:32:07,649	[INFO]	5-6     COMPILE_CODE_ERROR    None (--) [1 edit(s)]  
2025-01-24 19:32:07,649	[DEBUG]	patch(5-6)="LineLLMCrossover(('source.cpp', 19), '#include <iostream>\n#include <algorithm>\n#include <cstring>\n#include <cstdio>\n#include <array>\nusing namespace std;\n\ntypedef vector<int> PP;\ntypedef vector<PP> P;\n\nint n, r;\nstruct block {\n    int x1, x2, y, f;\n};\n\nblock b[20002];\narray<array<int, 2>, 10002> fie; // Using std::array for efficient memory management\n\nbool comp(const block &b1, const block &b2) {\n    return b1.y < b2.y;\n}\n\nint main(void) {\n    while (1) {\n        scanf("%d%d", &n, &r);\n        if (n == 0 && r == 0) break;\n\n        fie.fill({0, 0}); // Efficient reset using std::array\n\n        for (int i = 0; i < n; i++) {\n            int y1, y2;\n            scanf("%d%d%d%d", &b[i * 2].x1, &y1, &b[i * 2].x2, &y2);\n            b[i * 2].x2--;\n            b[i * 2 + 1].x1 = b[i * 2].x1;\n            b[i * 2 + 1].x2 = b[i * 2].x2;\n            b[i * 2].y = y1;\n            b[i * 2 + 1].y = y2;\n            b[i * 2].f = 1;\n            b[i * 2 + 1].f = -1;\n        }\n\n        sort(b, b + n * 2, comp);\n        // Processing logic follows...\n    }\n    return 0;\n}')"
2025-01-24 19:32:07,649	[INFO]	Step: 56
2025-01-24 19:32:07,649	[INFO]	Stop Steps: 100
2025-01-24 19:32:08,463	[DEBUG]	EXEC>  SUCCESS 5348380.5
2025-01-24 19:32:08,463	[INFO]	5-7     SUCCESS               5348380.50 (130.67%) [2 edit(s)]  
2025-01-24 19:32:08,463	[DEBUG]	patch(5-7)="LineLLMMutation(('source.cpp', 3), '#include <iostream>\n#include <algorithm>\n#include <cstring>\n#include <cstdio>\n#include <vector>\n#include <map>\n#include <array>\nusing namespace std;\n\ntypedef vector<int> PP;\ntypedef vector<PP> P;\n\nint n, r;\n\nstruct block {\n    int x1, x2, y, f;\n};\n\nblock b[20002];\narray<array<int, 2>, 10002> fie; // Using std::array\n\nbool comp(const block &b1, const block &b2) {\n    return b1.y < b2.y;\n}\n\nint main(void) {\n    while (1) {\n        scanf("%d%d", &n, &r);\n        if (n == 0 && r == 0) break;\n\n        fie.fill({0, 0}); // Initialize using std::array\n\n        for (int i = 0; i < n; i++) {\n            int y1, y2;\n            scanf("%d%d%d%d", &b[i * 2].x1, &y1, &b[i * 2].x2, &y2);\n            b[i * 2].x2--;\n            b[i * 2 + 1].x1 = b[i * 2].x1;\n            b[i * 2 + 1].x2 = b[i * 2].x2;\n            b[i * 2].y = y1;\n            b[i * 2 + 1].y = y2;\n            b[i * 2].f = 1;\n            b[i * 2 + 1].f = -1;\n        }\n\n        sort(b, b + n * 2, comp);\n        int ny = 0;\n        int now = 0, prev = 1;\n        int res = 0, res2 = 0;\n\n        for (int i = 0; i < n * 2; i++) {\n            if (ny != b[i].y) {\n                swap(now, prev);\n                int cnt = 0, cnt2 = 0, bt = 0, cnt3 = 0;\n                for (int j = 0; j <= 10000; j++) {\n                    if (fie[j][now] > 0 && fie[j][prev] == 0) cnt3++;\n                    if (fie[j][now] == 0 && fie[j][prev] > 0) cnt3++;\n                    fie[j][now] = fie[j][prev];\n                    if (fie[j][now] > 0) {\n                        cnt++;\n                        if (bt == 0) cnt2++, bt = 1;\n                    } else bt = 0;\n                }\n                res += cnt * (b[i].y - ny);\n                res2 += cnt2 * 2 * (b[i].y - ny) + cnt3;\n            }\n            ny = b[i].y;\n            for (int j = b[i].x1; j <= b[i].x2; j++) fie[j][now] += b[i].f;\n        }\n\n        printf("%d\\n", res);\n        if (r == 2) {\n            swap(now, prev);\n            int cnt3 = 0;\n            for (int j = 0; j <= 10000; j++) {\n                if (fie[j][now] > 0 && fie[j][prev] == 0) cnt3++;\n                if (fie[j][now] == 0 && fie[j][prev] > 0) cnt3++;\n                fie[j][now] = fie[j][prev];\n            }\n            res2 += cnt3;\n            printf("%d\\n", res2);\n        }\n    }\n    return 0;\n}') | LineLLMMutation(('source.cpp', 26), '#include <iostream>\n#include <algorithm>\n#include <cstring>\n#include <cstdio>\n#include <vector>\nusing namespace std;\n\ntypedef vector<int> PP;\ntypedef vector<PP> P;\n\nint n, r;\n\nstruct block {\n    int x1, x2, y, f;\n};\n\nblock b[20002];\nvector<vector<int>> fie(10002, vector<int>(2)); // Changed to vector of vectors\n\nbool comp(const block &b1, const block &b2) {\n    return b1.y < b2.y;\n}\n\nint main(void) {\n    while (1) {\n        scanf("%d%d", &n, &r);\n        if (n == 0 && r == 0) break;\n\n        fill(fie.begin(), fie.end(), vector<int>(2, 0)); // Initialize using fill with vectors\n\n        for (int i = 0; i < n; i++) {\n            int y1, y2;\n            scanf("%d%d%d%d", &b[i * 2].x1, &y1, &b[i * 2].x2, &y2);\n            b[i * 2].x2--;\n            b[i * 2 + 1].x1 = b[i * 2].x1;\n            b[i * 2 + 1].x2 = b[i * 2].x2;\n            b[i * 2].y = y1;\n            b[i * 2 + 1].y = y2;\n            b[i * 2].f = 1;\n            b[i * 2 + 1].f = -1;\n        }\n\n        sort(b, b + n * 2, comp);\n        int ny = 0;\n        int now = 0, prev = 1;\n        int res = 0, res2 = 0;\n\n        for (int i = 0; i < n * 2; i++) {\n            if (ny != b[i].y) {\n                swap(now, prev);\n                int cnt = 0, cnt2 = 0, bt = 0, cnt3 = 0;\n                for (int j = 0; j <= 10000; j++) {\n                    if (fie[j][now] > 0 && fie[j][prev] == 0) cnt3++;\n                    if (fie[j][now] == 0 && fie[j][prev] > 0) cnt3++;\n                    fie[j][now] = fie[j][prev];\n                    if (fie[j][now] > 0) {\n                        cnt++;\n                        if (bt == 0) cnt2++, bt = 1;\n                    } else bt = 0;\n                }\n                res += cnt * (b[i].y - ny);\n                res2 += cnt2 * 2 * (b[i].y - ny) + cnt3;\n            }\n            ny = b[i].y;\n            for (int j = b[i].x1; j <= b[i].x2; j++) fie[j][now] += b[i].f;\n        }\n\n        printf("%d\\n", res);\n        if (r == 2) {\n            swap(now, prev);\n            int cnt3 = 0;\n            for (int j = 0; j <= 10000; j++) {\n                if (fie[j][now] > 0 && fie[j][prev] == 0) cnt3++;\n                if (fie[j][now] == 0 && fie[j][prev] > 0) cnt3++;\n                fie[j][now] = fie[j][prev];\n            }\n            res2 += cnt3;\n            printf("%d\\n", res2);\n        }\n    }\n    return 0;\n}')"
2025-01-24 19:32:08,463	[INFO]	Step: 57
2025-01-24 19:32:08,463	[INFO]	Stop Steps: 100
2025-01-24 19:32:09,184	[DEBUG]	EXEC>  SUCCESS 3111519.75
2025-01-24 19:32:09,184	[INFO]	5-8     SUCCESS              *3111519.75 (76.02%) [2 edit(s)]  
2025-01-24 19:32:09,185	[DEBUG]	patch(5-8)="LineLLMCrossover(('source.cpp', 12), '#include <iostream>\n#include <algorithm>\n#include <cstring>\n#include <cstdio>\n#include <vector>\n#include <array>\nusing namespace std;\n\ntypedef vector<int> PP;\ntypedef vector<PP> P;\n\nint n, r;\n\nstruct block {\n    int x1, x2, y, f;\n};\n\nblock b[20002];\narray<array<int, 2>, 10002> fie; // Using std::array for better performance and memory usage\n\nbool comp(const block &b1, const block &b2) {\n    return b1.y < b2.y;\n}\n\nint main(void) {\n    while (1) {\n        scanf("%d%d", &n, &r);\n        if (n == 0 && r == 0) break;\n\n        fie.fill({0, 0}); // Efficient reset using std::array\n\n        for (int i = 0; i < n; i++) {\n            int y1, y2;\n            scanf("%d%d%d%d", &b[i * 2].x1, &y1, &b[i * 2].x2, &y2);\n            b[i * 2].x2--;\n            b[i * 2 + 1].x1 = b[i * 2].x1;\n            b[i * 2 + 1].x2 = b[i * 2].x2;\n            b[i * 2].y = y1;\n            b[i * 2 + 1].y = y2;\n            b[i * 2].f = 1;\n            b[i * 2 + 1].f = -1;\n        }\n\n        sort(b, b + n * 2, comp);\n        int ny = 0;\n        int now = 0, prev = 1;\n        int res = 0, res2 = 0;\n\n        for (int i = 0; i < n * 2; i++) {\n            if (ny != b[i].y) {\n                swap(now, prev);\n                int cnt = 0, cnt2 = 0, bt = 0, cnt3 = 0;\n                for (int j = 0; j <= 10000; j++) {\n                    if (fie[j][now] > 0 && fie[j][prev] == 0) cnt3++;\n                    if (fie[j][now] == 0 && fie[j][prev] > 0) cnt3++;\n                    fie[j][now] = fie[j][prev];\n                    if (fie[j][now] > 0) {\n                        cnt++;\n                        if (bt == 0) cnt2++, bt = 1;\n                    } else bt = 0;\n                }\n                res += cnt * (b[i].y - ny);\n                res2 += cnt2 * 2 * (b[i].y - ny) + cnt3;\n            }\n            ny = b[i].y;\n            for (int j = b[i].x1; j <= b[i].x2; j++) fie[j][now] += b[i].f;\n        }\n\n        printf("%d\\n", res);\n        if (r == 2) {\n            swap(now, prev);\n            int cnt3 = 0;\n            for (int j = 0; j <= 10000; j++) {\n                if (fie[j][now] > 0 && fie[j][prev] == 0) cnt3++;\n                if (fie[j][now] == 0 && fie[j][prev] > 0) cnt3++;\n                fie[j][now] = fie[j][prev];\n            }\n            res2 += cnt3;\n            printf("%d\\n", res2);\n        }\n    }\n    return 0;\n}') | LineLLMMutation(('source.cpp', 27), '#include <iostream>\n#include <algorithm>\n#include <cstring>\n#include <vector>\n#include <array>\nusing namespace std;\n\ntypedef vector<int> PP;\ntypedef vector<PP> P;\n\nint n, r;\n\nstruct block {\n    int x1, x2, y, f;\n};\n\nblock b[20002];\narray<array<int, 2>, 10002> fie; // Using std::array for better performance and memory usage\n\nbool comp(const block &b1, const block &b2) {\n    return b1.y < b2.y;\n}\n\nint main(void) {\n    while (true) {\n        cin >> n >> r;\n        if (n == 0 && r == 0) break;\n\n        fie.fill({0, 0}); // Efficient reset using std::array\n\n        for (int i = 0; i < n; i++) {\n            int y1, y2;\n            cin >> b[i * 2].x1 >> y1 >> b[i * 2].x2 >> y2;\n            b[i * 2].x2--;\n            b[i * 2 + 1].x1 = b[i * 2].x1;\n            b[i * 2 + 1].x2 = b[i * 2].x2;\n            b[i * 2].y = y1;\n            b[i * 2 + 1].y = y2;\n            b[i * 2].f = 1;\n            b[i * 2 + 1].f = -1;\n        }\n\n        sort(b, b + n * 2, comp);\n        int ny = 0;\n        int now = 0, prev = 1;\n        int res = 0, res2 = 0;\n\n        for (int i = 0; i < n * 2; i++) {\n            if (ny != b[i].y) {\n                swap(now, prev);\n                int cnt = 0, cnt2 = 0, bt = 0, cnt3 = 0;\n                for (int j = 0; j <= 10000; j++) {\n                    if (fie[j][now] > 0 && fie[j][prev] == 0) cnt3++;\n                    if (fie[j][now] == 0 && fie[j][prev] > 0) cnt3++;\n                    fie[j][now] = fie[j][prev];\n                    if (fie[j][now] > 0) {\n                        cnt++;\n                        if (bt == 0) cnt2++, bt = 1;\n                    } else bt = 0;\n                }\n                res += cnt * (b[i].y - ny);\n                res2 += cnt2 * 2 * (b[i].y - ny) + cnt3;\n            }\n            ny = b[i].y;\n            for (int j = b[i].x1; j <= b[i].x2; j++) fie[j][now] += b[i].f;\n        }\n\n        cout << res << endl;\n        if (r == 2) {\n            swap(now, prev);\n            int cnt3 = 0;\n            for (int j = 0; j <= 10000; j++) {\n                if (fie[j][now] > 0 && fie[j][prev] == 0) cnt3++;\n                if (fie[j][now] == 0 && fie[j][prev] > 0) cnt3++;\n                fie[j][now] = fie[j][prev];\n            }\n            res2 += cnt3;\n            cout << res2 << endl;\n        }\n    }\n    return 0;\n}')"

2025-01-24 19:32:09,185	[INFO]	Step: 58
2025-01-24 19:32:09,185	[INFO]	Stop Steps: 100
2025-01-24 19:32:09,881	[DEBUG]	EXEC>  SUCCESS 3027326.375
2025-01-24 19:32:09,881	[INFO]	5-9     SUCCESS              *3027326.38 (73.97%) [4 edit(s)]  
2025-01-24 19:32:09,881	[DEBUG]	patch(5-9)="LineLLMMutation(('source.cpp', 3), '#include <iostream>\n#include <algorithm>\n#include <cstring>\n#include <cstdio>\n#include <vector>\n#include <map>\n#include <array>\nusing namespace std;\n\ntypedef vector<int> PP;\ntypedef vector<PP> P;\n\nint n, r;\n\nstruct block {\n    int x1, x2, y, f;\n};\n\nblock b[20002];\narray<array<int, 2>, 10002> fie; // Using std::array\n\nbool comp(const block &b1, const block &b2) {\n    return b1.y < b2.y;\n}\n\nint main(void) {\n    while (1) {\n        scanf("%d%d", &n, &r);\n        if (n == 0 && r == 0) break;\n\n        fie.fill({0, 0}); // Initialize using std::array\n\n        for (int i = 0; i < n; i++) {\n            int y1, y2;\n            scanf("%d%d%d%d", &b[i * 2].x1, &y1, &b[i * 2].x2, &y2);\n            b[i * 2].x2--;\n            b[i * 2 + 1].x1 = b[i * 2].x1;\n            b[i * 2 + 1].x2 = b[i * 2].x2;\n            b[i * 2].y = y1;\n            b[i * 2 + 1].y = y2;\n            b[i * 2].f = 1;\n            b[i * 2 + 1].f = -1;\n        }\n\n        sort(b, b + n * 2, comp);\n        int ny = 0;\n        int now = 0, prev = 1;\n        int res = 0, res2 = 0;\n\n        for (int i = 0; i < n * 2; i++) {\n            if (ny != b[i].y) {\n                swap(now, prev);\n                int cnt = 0, cnt2 = 0, bt = 0, cnt3 = 0;\n                for (int j = 0; j <= 10000; j++) {\n                    if (fie[j][now] > 0 && fie[j][prev] == 0) cnt3++;\n                    if (fie[j][now] == 0 && fie[j][prev] > 0) cnt3++;\n                    fie[j][now] = fie[j][prev];\n                    if (fie[j][now] > 0) {\n                        cnt++;\n                        if (bt == 0) cnt2++, bt = 1;\n                    } else bt = 0;\n                }\n                res += cnt * (b[i].y - ny);\n                res2 += cnt2 * 2 * (b[i].y - ny) + cnt3;\n            }\n            ny = b[i].y;\n            for (int j = b[i].x1; j <= b[i].x2; j++) fie[j][now] += b[i].f;\n        }\n\n        printf("%d\\n", res);\n        if (r == 2) {\n            swap(now, prev);\n            int cnt3 = 0;\n            for (int j = 0; j <= 10000; j++) {\n                if (fie[j][now] > 0 && fie[j][prev] == 0) cnt3++;\n                if (fie[j][now] == 0 && fie[j][prev] > 0) cnt3++;\n                fie[j][now] = fie[j][prev];\n            }\n            res2 += cnt3;\n            printf("%d\\n", res2);\n        }\n    }\n    return 0;\n}') | LineLLMMutation(('source.cpp', 14), '#include <iostream>\n#include <algorithm>\n#include <cstring>\n#include <cstdio>\n#include <vector>\nusing namespace std;\n\ntypedef vector<int> PP;\ntypedef vector<PP> P;\n\nint n, r;\n\nstruct block {\n    int x1, x2, y, f;\n};\n\nblock b[20002];\nint fie[10002][2]; // Changed to a simple 2D array for better performance\n\nbool comp(const block &b1, const block &b2) {\n    return b1.y < b2.y;\n}\n\nint main(void) {\n    while (1) {\n        scanf("%d%d", &n, &r);\n        if (n == 0 && r == 0) break;\n\n        memset(fie, 0, sizeof(fie)); // Initialize using memset for speed\n\n        for (int i = 0; i < n; i++) {\n            int y1, y2;\n            scanf("%d%d%d%d", &b[i * 2].x1, &y1, &b[i * 2].x2, &y2);\n            b[i * 2].x2--;\n            b[i * 2 + 1].x1 = b[i * 2].x1;\n            b[i * 2 + 1].x2 = b[i * 2].x2;\n            b[i * 2].y = y1;\n            b[i * 2 + 1].y = y2;\n            b[i * 2].f = 1;\n            b[i * 2 + 1].f = -1;\n        }\n\n        sort(b, b + n * 2, comp);\n        int ny = 0;\n        int now = 0, prev = 1;\n        int res = 0, res2 = 0;\n\n        for (int i = 0; i < n * 2; i++) {\n            if (ny != b[i].y) {\n                swap(now, prev);\n                int cnt = 0, cnt2 = 0, bt = 0, cnt3 = 0;\n                for (int j = 0; j <= 10000; j++) {\n                    if (fie[j][now] > 0 && fie[j][prev] == 0) cnt3++;\n                    if (fie[j][now] == 0 && fie[j][prev] > 0) cnt3++;\n                    fie[j][now] = fie[j][prev];\n                    if (fie[j][now] > 0) {\n                        cnt++;\n                        if (bt == 0) cnt2++, bt = 1;\n                    } else bt = 0;\n                }\n                res += cnt * (b[i].y - ny);\n                res2 += cnt2 * 2 * (b[i].y - ny) + cnt3;\n            }\n            ny = b[i].y;\n            for (int j = b[i].x1; j <= b[i].x2; j++) fie[j][now] += b[i].f;\n        }\n\n        printf("%d\\n", res);\n        if (r == 2) {\n            swap(now, prev);\n            int cnt3 = 0;\n            for (int j = 0; j <= 10000; j++) {\n                if (fie[j][now] > 0 && fie[j][prev] == 0) cnt3++;\n                if (fie[j][now] == 0 && fie[j][prev] > 0) cnt3++;\n                fie[j][now] = fie[j][prev];\n            }\n            res2 += cnt3;\n            printf("%d\\n", res2);\n        }\n    }\n    return 0;\n}') | LineLLMMutation(('source.cpp', 18), '#include <iostream>\n#include <algorithm>\n#include <cstring>\n#include <cstdio>\n#include <vector>\n#include <array>\nusing namespace std;\n\ntypedef vector<int> PP;\ntypedef vector<PP> P;\n\nint n, r;\n\nstruct block {\n    int x1, x2, y, f;\n};\n\nblock b[20002];\narray<array<int, 2>, 10002> fie; // Changed to std::array for better performance and memory usage\n\nbool comp(const block &b1, const block &b2) {\n    return b1.y < b2.y;\n}\n\nint main(void) {\n    while (1) {\n        scanf("%d%d", &n, &r);\n        if (n == 0 && r == 0) break;\n\n        fie.fill({0, 0}); // Initialize using fill for clarity and performance\n\n        for (int i = 0; i < n; i++) {\n            int y1, y2;\n            scanf("%d%d%d%d", &b[i * 2].x1, &y1, &b[i * 2].x2, &y2);\n            b[i * 2].x2--;\n            b[i * 2 + 1].x1 = b[i * 2].x1;\n            b[i * 2 + 1].x2 = b[i * 2].x2;\n            b[i * 2].y = y1;\n            b[i * 2 + 1].y = y2;\n            b[i * 2].f = 1;\n            b[i * 2 + 1].f = -1;\n        }\n\n        sort(b, b + n * 2, comp);\n        int ny = 0;\n        int now = 0, prev = 1;\n        int res = 0, res2 = 0;\n\n        for (int i = 0; i < n * 2; i++) {\n            if (ny != b[i].y) {\n                swap(now, prev);\n                int cnt = 0, cnt2 = 0, bt = 0, cnt3 = 0;\n                for (int j = 0; j <= 10000; j++) {\n                    if (fie[j][now] > 0 && fie[j][prev] == 0) cnt3++;\n                    if (fie[j][now] == 0 && fie[j][prev] > 0) cnt3++;\n                    fie[j][now] = fie[j][prev];\n                    if (fie[j][now] > 0) {\n                        cnt++;\n                        if (bt == 0) cnt2++, bt = 1;\n                    } else bt = 0;\n                }\n                res += cnt * (b[i].y - ny);\n                res2 += cnt2 * 2 * (b[i].y - ny) + cnt3;\n            }\n            ny = b[i].y;\n            for (int j = b[i].x1; j <= b[i].x2; j++) fie[j][now] += b[i].f;\n        }\n\n        printf("%d\\n", res);\n        if (r == 2) {\n            swap(now, prev);\n            int cnt3 = 0;\n            for (int j = 0; j <= 10000; j++) {\n                if (fie[j][now] > 0 && fie[j][prev] == 0) cnt3++;\n                if (fie[j][now] == 0 && fie[j][prev] > 0) cnt3++;\n                fie[j][now] = fie[j][prev];\n            }\n            res2 += cnt3;\n            printf("%d\\n", res2);\n        }\n    }\n    return 0;\n}') | LineLLMMutation(('source.cpp', 28), '#include <iostream>\n#include <algorithm>\n#include <cstring>\n#include <cstdio>\n#include <vector>\n#include <array>\nusing namespace std;\n\ntypedef vector<int> PP;\ntypedef vector<PP> P;\n\nint n, r;\n\nstruct block {\n    int x1, x2, y, f;\n};\n\nblock b[20002];\nint fie[10002][2] = {}; // Changed to a 2D array for slightly better performance and reduced overhead\n\nbool comp(const block &b1, const block &b2) {\n    return b1.y < b2.y;\n}\n\nint main(void) {\n    while (1) {\n        scanf("%d%d", &n, &r);\n        if (n == 0 && r == 0) break;\n\n        for (int i = 0; i < n; i++) {\n            int y1, y2;\n            scanf("%d%d%d%d", &b[i * 2].x1, &y1, &b[i * 2].x2, &y2);\n            b[i * 2].x2--;\n            b[i * 2 + 1].x1 = b[i * 2].x1;\n            b[i * 2 + 1].x2 = b[i * 2].x2;\n            b[i * 2].y = y1;\n            b[i * 2 + 1].y = y2;\n            b[i * 2].f = 1;\n            b[i * 2 + 1].f = -1;\n        }\n\n        sort(b, b + n * 2, comp);\n        int ny = 0;\n        int now = 0, prev = 1;\n        int res = 0, res2 = 0;\n\n        for (int i = 0; i < n * 2; i++) {\n            if (ny != b[i].y) {\n                swap(now, prev);\n                int cnt = 0, cnt2 = 0, bt = 0, cnt3 = 0;\n                for (int j = 0; j <= 10000; j++) {\n                    if (fie[j][now] > 0 && fie[j][prev] == 0) cnt3++;\n                    if (fie[j][now] == 0 && fie[j][prev] > 0) cnt3++;\n                    fie[j][now] = fie[j][prev];\n                    if (fie[j][now] > 0) {\n                        cnt++;\n                        if (bt == 0) cnt2++, bt = 1;\n                    } else bt = 0;\n                }\n                res += cnt * (b[i].y - ny);\n                res2 += cnt2 * 2 * (b[i].y - ny) + cnt3;\n            }\n            ny = b[i].y;\n            for (int j = b[i].x1; j <= b[i].x2; j++) fie[j][now] += b[i].f;\n        }\n\n        printf("%d\\n", res);\n        if (r == 2) {\n            swap(now, prev);\n            int cnt3 = 0;\n            for (int j = 0; j <= 10000; j++) {\n                if (fie[j][now] > 0 && fie[j][prev] == 0) cnt3++;\n                if (fie[j][now] == 0 && fie[j][prev] > 0) cnt3++;\n                fie[j][now] = fie[j][prev];\n            }\n            res2 += cnt3;\n            printf("%d\\n", res2);\n        }\n    }\n    return 0;\n}')"

2025-01-24 19:32:09,881	[INFO]	Step: 59
2025-01-24 19:32:09,881	[INFO]	Stop Steps: 100
2025-01-24 19:32:10,662	[DEBUG]	EXEC>  SUCCESS 3346460.125
2025-01-24 19:32:10,662	[INFO]	5-10    SUCCESS               3346460.12 (81.76%) [2 edit(s)]  
2025-01-24 19:32:10,663	[DEBUG]	patch(5-10)="LineLLMCrossover(('source.cpp', 13), '#include <iostream>\n#include <algorithm>\n#include <cstring>\n#include <cstdio>\n#include <vector>\nusing namespace std;\n\ntypedef vector<int> PP;\ntypedef vector<PP> P;\n\nint n, r;\n\nstruct block {\n    int x1, x2, y, f;\n};\n\nblock b[20002];\nint fie[10002][2] = {}; // Directly initializing to zero\n\nbool comp(const block &b1, const block &b2) {\n    return b1.y < b2.y;\n}\n\nint main(void) {\n    while (1) {\n        scanf("%d%d", &n, &r);\n        if (n == 0 && r == 0) break;\n\n        memset(fie, 0, sizeof(fie)); // Efficient reset using memset\n\n        for (int i = 0; i < n; i++) {\n            int y1, y2;\n            scanf("%d%d%d%d", &b[i * 2].x1, &y1, &b[i * 2].x2, &y2);\n            b[i * 2].x2--;\n            b[i * 2 + 1].x1 = b[i * 2].x1;\n            b[i * 2 + 1].x2 = b[i * 2].x2;\n            b[i * 2].y = y1;\n            b[i * 2 + 1].y = y2;\n            b[i * 2].f = 1;\n            b[i * 2 + 1].f = -1;\n        }\n\n        sort(b, b + n * 2, comp);\n        int ny = 0;\n        int now = 0, prev = 1;\n        int res = 0, res2 = 0;\n\n        for (int i = 0; i < n * 2; i++) {\n            if (ny != b[i].y) {\n                swap(now, prev);\n                int cnt = 0, cnt2 = 0, bt = 0, cnt3 = 0;\n                for (int j = 0; j <= 10000; j++) {\n                    if (fie[j][now] > 0 && fie[j][prev] == 0) cnt3++;\n                    if (fie[j][now] == 0 && fie[j][prev] > 0) cnt3++;\n                    fie[j][now] = fie[j][prev];\n                    if (fie[j][now] > 0) {\n                        cnt++;\n                        if (bt == 0) cnt2++, bt = 1;\n                    } else bt = 0;\n                }\n                res += cnt * (b[i].y - ny);\n                res2 += cnt2 * 2 * (b[i].y - ny) + cnt3;\n            }\n            ny = b[i].y;\n            for (int j = b[i].x1; j <= b[i].x2; j++) fie[j][now] += b[i].f;\n        }\n\n        printf("%d\\n", res);\n        if (r == 2) {\n            swap(now, prev);\n            int cnt3 = 0;\n            for (int j = 0; j <= 10000; j++) {\n                if (fie[j][now] > 0 && fie[j][prev] == 0) cnt3++;\n                if (fie[j][now] == 0 && fie[j][prev] > 0) cnt3++;\n                fie[j][now] = fie[j][prev];\n            }\n            res2 += cnt3;\n            printf("%d\\n", res2);\n        }\n    }\n    return 0;\n}') | LineLLMMutation(('source.cpp', 29), '#include <iostream>\n#include <algorithm>\n#include <cstring>\n#include <cstdio>\n#include <vector>\nusing namespace std;\n\ntypedef vector<int> PP;\ntypedef vector<PP> P;\n\nint n, r;\n\nstruct block {\n    int x1, x2, y, f;\n};\n\nblock b[20002];\nint fie[10002][2] = {}; // Directly initializing to zero\n\nbool comp(const block &b1, const block &b2) {\n    return b1.y < b2.y;\n}\n\nint main(void) {\n    while (1) {\n        scanf("%d%d", &n, &r);\n        if (n == 0 && r == 0) break;\n\n        memset(fie, 0, sizeof(fie)); // Efficient reset using memset\n\n        for (int i = 0; i < n; i++) {\n            int y1, y2;\n            scanf("%d%d%d%d", &b[i * 2].x1, &y1, &b[i * 2].x2, &y2);\n            b[i * 2].x2--;\n            b[i * 2 + 1].x1 = b[i * 2].x1;\n            b[i * 2 + 1].x2 = b[i * 2].x2;\n            b[i * 2].y = y1;\n            b[i * 2 + 1].y = y2;\n            b[i * 2].f = 1;\n            b[i * 2 + 1].f = -1;\n        }\n\n        sort(b, b + n * 2, comp);\n        int ny = 0;\n        int now = 0, prev = 1;\n        int res = 0, res2 = 0;\n\n        for (int i = 0; i < n * 2; i++) {\n            if (ny != b[i].y) {\n                swap(now, prev);\n                int cnt = 0, cnt2 = 0, bt = 0, cnt3 = 0;\n                for (int j = 0; j <= 10000; j++) {\n                    if (fie[j][now] > 0 && fie[j][prev] == 0) cnt3++;\n                    if (fie[j][now] == 0 && fie[j][prev] > 0) cnt3++;\n                    fie[j][now] = fie[j][prev];\n                    if (fie[j][now] > 0) {\n                        cnt++;\n                        if (bt == 0) cnt2++, bt = 1;\n                    } else bt = 0;\n                }\n                res += cnt * (b[i].y - ny);\n                res2 += cnt2 * 2 * (b[i].y - ny) + cnt3;\n            }\n            ny = b[i].y;\n            for (int j = b[i].x1; j <= b[i].x2; j++) fie[j][now] += b[i].f;\n        }\n\n        printf("%d\\n", res);\n        if (r == 2) {\n            swap(now, prev);\n            int cnt3 = 0;\n            for (int j = 0; j <= 10000; j++) {\n                if (fie[j][now] > 0 && fie[j][prev] == 0) cnt3++;\n                if (fie[j][now] == 0 && fie[j][prev] > 0) cnt3++;\n                fie[j][now] = fie[j][prev];\n            }\n            res2 += cnt3;\n            printf("%d\\n", res2);\n        }\n    }\n    return 0;\n}')"
2025-01-24 19:32:10,663	[INFO]	Step: 60
2025-01-24 19:32:10,663	[INFO]	Stop Steps: 100
2025-01-24 19:32:12,441	[DEBUG]	EXEC>  SUCCESS 4454494.6875
2025-01-24 19:32:12,441	[INFO]	REF     SUCCESS               4454494.69 (--) [0 edit(s)]  
2025-01-24 19:32:12,441	[INFO]	Best patch: 3_14_18_28
2025-01-24 19:32:13,147	[DEBUG]	EXEC>  SUCCESS 3794548.5625
2025-01-24 19:32:13,153	[INFO]	BEST    SUCCESS              *3794548.56 (85.18%) [0 edit(s)]  
2025-01-24 19:32:13,153	[INFO]	Best patch step: 58
2025-01-24 19:34:09,969	[INFO]	Step: 60
2025-01-24 19:34:09,969	[INFO]	Stop Steps: 100
2025-01-24 19:34:10,929	[DEBUG]	EXEC>  SUCCESS 3471692.0
2025-01-24 19:34:10,930	[INFO]	6-1     SUCCESS              *3471692.00 (77.94%) [4 edit(s)]  
2025-01-24 19:34:10,930	[DEBUG]	patch(6-1)="LineLLMMutation(('source.cpp', 3), '#include <iostream>\n#include <algorithm>\n#include <cstring>\n#include <cstdio>\n#include <vector>\n#include <map>\n#include <array>\nusing namespace std;\n\ntypedef vector<int> PP;\ntypedef vector<PP> P;\n\nint n, r;\n\nstruct block {\n    int x1, x2, y, f;\n};\n\nblock b[20002];\narray<array<int, 2>, 10002> fie; // Using std::array\n\nbool comp(const block &b1, const block &b2) {\n    return b1.y < b2.y;\n}\n\nint main(void) {\n    while (1) {\n        scanf("%d%d", &n, &r);\n        if (n == 0 && r == 0) break;\n\n        fie.fill({0, 0}); // Initialize using std::array\n\n        for (int i = 0; i < n; i++) {\n            int y1, y2;\n            scanf("%d%d%d%d", &b[i * 2].x1, &y1, &b[i * 2].x2, &y2);\n            b[i * 2].x2--;\n            b[i * 2 + 1].x1 = b[i * 2].x1;\n            b[i * 2 + 1].x2 = b[i * 2].x2;\n            b[i * 2].y = y1;\n            b[i * 2 + 1].y = y2;\n            b[i * 2].f = 1;\n            b[i * 2 + 1].f = -1;\n        }\n\n        sort(b, b + n * 2, comp);\n        int ny = 0;\n        int now = 0, prev = 1;\n        int res = 0, res2 = 0;\n\n        for (int i = 0; i < n * 2; i++) {\n            if (ny != b[i].y) {\n                swap(now, prev);\n                int cnt = 0, cnt2 = 0, bt = 0, cnt3 = 0;\n                for (int j = 0; j <= 10000; j++) {\n                    if (fie[j][now] > 0 && fie[j][prev] == 0) cnt3++;\n                    if (fie[j][now] == 0 && fie[j][prev] > 0) cnt3++;\n                    fie[j][now] = fie[j][prev];\n                    if (fie[j][now] > 0) {\n                        cnt++;\n                        if (bt == 0) cnt2++, bt = 1;\n                    } else bt = 0;\n                }\n                res += cnt * (b[i].y - ny);\n                res2 += cnt2 * 2 * (b[i].y - ny) + cnt3;\n            }\n            ny = b[i].y;\n            for (int j = b[i].x1; j <= b[i].x2; j++) fie[j][now] += b[i].f;\n        }\n\n        printf("%d\\n", res);\n        if (r == 2) {\n            swap(now, prev);\n            int cnt3 = 0;\n            for (int j = 0; j <= 10000; j++) {\n                if (fie[j][now] > 0 && fie[j][prev] == 0) cnt3++;\n                if (fie[j][now] == 0 && fie[j][prev] > 0) cnt3++;\n                fie[j][now] = fie[j][prev];\n            }\n            res2 += cnt3;\n            printf("%d\\n", res2);\n        }\n    }\n    return 0;\n}') | LineLLMMutation(('source.cpp', 14), '#include <iostream>\n#include <algorithm>\n#include <cstring>\n#include <cstdio>\n#include <vector>\nusing namespace std;\n\ntypedef vector<int> PP;\ntypedef vector<PP> P;\n\nint n, r;\n\nstruct block {\n    int x1, x2, y, f;\n};\n\nblock b[20002];\nint fie[10002][2]; // Changed to a simple 2D array for better performance\n\nbool comp(const block &b1, const block &b2) {\n    return b1.y < b2.y;\n}\n\nint main(void) {\n    while (1) {\n        scanf("%d%d", &n, &r);\n        if (n == 0 && r == 0) break;\n\n        memset(fie, 0, sizeof(fie)); // Initialize using memset for speed\n\n        for (int i = 0; i < n; i++) {\n            int y1, y2;\n            scanf("%d%d%d%d", &b[i * 2].x1, &y1, &b[i * 2].x2, &y2);\n            b[i * 2].x2--;\n            b[i * 2 + 1].x1 = b[i * 2].x1;\n            b[i * 2 + 1].x2 = b[i * 2].x2;\n            b[i * 2].y = y1;\n            b[i * 2 + 1].y = y2;\n            b[i * 2].f = 1;\n            b[i * 2 + 1].f = -1;\n        }\n\n        sort(b, b + n * 2, comp);\n        int ny = 0;\n        int now = 0, prev = 1;\n        int res = 0, res2 = 0;\n\n        for (int i = 0; i < n * 2; i++) {\n            if (ny != b[i].y) {\n                swap(now, prev);\n                int cnt = 0, cnt2 = 0, bt = 0, cnt3 = 0;\n                for (int j = 0; j <= 10000; j++) {\n                    if (fie[j][now] > 0 && fie[j][prev] == 0) cnt3++;\n                    if (fie[j][now] == 0 && fie[j][prev] > 0) cnt3++;\n                    fie[j][now] = fie[j][prev];\n                    if (fie[j][now] > 0) {\n                        cnt++;\n                        if (bt == 0) cnt2++, bt = 1;\n                    } else bt = 0;\n                }\n                res += cnt * (b[i].y - ny);\n                res2 += cnt2 * 2 * (b[i].y - ny) + cnt3;\n            }\n            ny = b[i].y;\n            for (int j = b[i].x1; j <= b[i].x2; j++) fie[j][now] += b[i].f;\n        }\n\n        printf("%d\\n", res);\n        if (r == 2) {\n            swap(now, prev);\n            int cnt3 = 0;\n            for (int j = 0; j <= 10000; j++) {\n                if (fie[j][now] > 0 && fie[j][prev] == 0) cnt3++;\n                if (fie[j][now] == 0 && fie[j][prev] > 0) cnt3++;\n                fie[j][now] = fie[j][prev];\n            }\n            res2 += cnt3;\n            printf("%d\\n", res2);\n        }\n    }\n    return 0;\n}') | LineLLMMutation(('source.cpp', 18), '#include <iostream>\n#include <algorithm>\n#include <cstring>\n#include <cstdio>\n#include <vector>\n#include <array>\nusing namespace std;\n\ntypedef vector<int> PP;\ntypedef vector<PP> P;\n\nint n, r;\n\nstruct block {\n    int x1, x2, y, f;\n};\n\nblock b[20002];\narray<array<int, 2>, 10002> fie; // Changed to std::array for better performance and memory usage\n\nbool comp(const block &b1, const block &b2) {\n    return b1.y < b2.y;\n}\n\nint main(void) {\n    while (1) {\n        scanf("%d%d", &n, &r);\n        if (n == 0 && r == 0) break;\n\n        fie.fill({0, 0}); // Initialize using fill for clarity and performance\n\n        for (int i = 0; i < n; i++) {\n            int y1, y2;\n            scanf("%d%d%d%d", &b[i * 2].x1, &y1, &b[i * 2].x2, &y2);\n            b[i * 2].x2--;\n            b[i * 2 + 1].x1 = b[i * 2].x1;\n            b[i * 2 + 1].x2 = b[i * 2].x2;\n            b[i * 2].y = y1;\n            b[i * 2 + 1].y = y2;\n            b[i * 2].f = 1;\n            b[i * 2 + 1].f = -1;\n        }\n\n        sort(b, b + n * 2, comp);\n        int ny = 0;\n        int now = 0, prev = 1;\n        int res = 0, res2 = 0;\n\n        for (int i = 0; i < n * 2; i++) {\n            if (ny != b[i].y) {\n                swap(now, prev);\n                int cnt = 0, cnt2 = 0, bt = 0, cnt3 = 0;\n                for (int j = 0; j <= 10000; j++) {\n                    if (fie[j][now] > 0 && fie[j][prev] == 0) cnt3++;\n                    if (fie[j][now] == 0 && fie[j][prev] > 0) cnt3++;\n                    fie[j][now] = fie[j][prev];\n                    if (fie[j][now] > 0) {\n                        cnt++;\n                        if (bt == 0) cnt2++, bt = 1;\n                    } else bt = 0;\n                }\n                res += cnt * (b[i].y - ny);\n                res2 += cnt2 * 2 * (b[i].y - ny) + cnt3;\n            }\n            ny = b[i].y;\n            for (int j = b[i].x1; j <= b[i].x2; j++) fie[j][now] += b[i].f;\n        }\n\n        printf("%d\\n", res);\n        if (r == 2) {\n            swap(now, prev);\n            int cnt3 = 0;\n            for (int j = 0; j <= 10000; j++) {\n                if (fie[j][now] > 0 && fie[j][prev] == 0) cnt3++;\n                if (fie[j][now] == 0 && fie[j][prev] > 0) cnt3++;\n                fie[j][now] = fie[j][prev];\n            }\n            res2 += cnt3;\n            printf("%d\\n", res2);\n        }\n    }\n    return 0;\n}') | LineLLMMutation(('source.cpp', 28), '#include <iostream>\n#include <algorithm>\n#include <cstring>\n#include <cstdio>\n#include <vector>\n#include <array>\nusing namespace std;\n\ntypedef vector<int> PP;\ntypedef vector<PP> P;\n\nint n, r;\n\nstruct block {\n    int x1, x2, y, f;\n};\n\nblock b[20002];\nint fie[10002][2] = {}; // Changed to a 2D array for slightly better performance and reduced overhead\n\nbool comp(const block &b1, const block &b2) {\n    return b1.y < b2.y;\n}\n\nint main(void) {\n    while (1) {\n        scanf("%d%d", &n, &r);\n        if (n == 0 && r == 0) break;\n\n        for (int i = 0; i < n; i++) {\n            int y1, y2;\n            scanf("%d%d%d%d", &b[i * 2].x1, &y1, &b[i * 2].x2, &y2);\n            b[i * 2].x2--;\n            b[i * 2 + 1].x1 = b[i * 2].x1;\n            b[i * 2 + 1].x2 = b[i * 2].x2;\n            b[i * 2].y = y1;\n            b[i * 2 + 1].y = y2;\n            b[i * 2].f = 1;\n            b[i * 2 + 1].f = -1;\n        }\n\n        sort(b, b + n * 2, comp);\n        int ny = 0;\n        int now = 0, prev = 1;\n        int res = 0, res2 = 0;\n\n        for (int i = 0; i < n * 2; i++) {\n            if (ny != b[i].y) {\n                swap(now, prev);\n                int cnt = 0, cnt2 = 0, bt = 0, cnt3 = 0;\n                for (int j = 0; j <= 10000; j++) {\n                    if (fie[j][now] > 0 && fie[j][prev] == 0) cnt3++;\n                    if (fie[j][now] == 0 && fie[j][prev] > 0) cnt3++;\n                    fie[j][now] = fie[j][prev];\n                    if (fie[j][now] > 0) {\n                        cnt++;\n                        if (bt == 0) cnt2++, bt = 1;\n                    } else bt = 0;\n                }\n                res += cnt * (b[i].y - ny);\n                res2 += cnt2 * 2 * (b[i].y - ny) + cnt3;\n            }\n            ny = b[i].y;\n            for (int j = b[i].x1; j <= b[i].x2; j++) fie[j][now] += b[i].f;\n        }\n\n        printf("%d\\n", res);\n        if (r == 2) {\n            swap(now, prev);\n            int cnt3 = 0;\n            for (int j = 0; j <= 10000; j++) {\n                if (fie[j][now] > 0 && fie[j][prev] == 0) cnt3++;\n                if (fie[j][now] == 0 && fie[j][prev] > 0) cnt3++;\n                fie[j][now] = fie[j][prev];\n            }\n            res2 += cnt3;\n            printf("%d\\n", res2);\n        }\n    }\n    return 0;\n}')"

2025-01-24 19:34:10,930	[INFO]	Step: 61
2025-01-24 19:34:10,930	[INFO]	Stop Steps: 100
2025-01-24 19:34:11,678	[DEBUG]	EXEC>  SUCCESS 3830399.0625
2025-01-24 19:34:11,678	[INFO]	6-2     SUCCESS               3830399.06 (85.99%) [2 edit(s)]  
2025-01-24 19:34:11,678	[DEBUG]	patch(6-2)="LineLLMCrossover(('source.cpp', 12), '#include <iostream>\n#include <algorithm>\n#include <cstring>\n#include <cstdio>\n#include <vector>\n#include <array>\nusing namespace std;\n\ntypedef vector<int> PP;\ntypedef vector<PP> P;\n\nint n, r;\n\nstruct block {\n    int x1, x2, y, f;\n};\n\nblock b[20002];\narray<array<int, 2>, 10002> fie; // Using std::array for better performance and memory usage\n\nbool comp(const block &b1, const block &b2) {\n    return b1.y < b2.y;\n}\n\nint main(void) {\n    while (1) {\n        scanf("%d%d", &n, &r);\n        if (n == 0 && r == 0) break;\n\n        fie.fill({0, 0}); // Efficient reset using std::array\n\n        for (int i = 0; i < n; i++) {\n            int y1, y2;\n            scanf("%d%d%d%d", &b[i * 2].x1, &y1, &b[i * 2].x2, &y2);\n            b[i * 2].x2--;\n            b[i * 2 + 1].x1 = b[i * 2].x1;\n            b[i * 2 + 1].x2 = b[i * 2].x2;\n            b[i * 2].y = y1;\n            b[i * 2 + 1].y = y2;\n            b[i * 2].f = 1;\n            b[i * 2 + 1].f = -1;\n        }\n\n        sort(b, b + n * 2, comp);\n        int ny = 0;\n        int now = 0, prev = 1;\n        int res = 0, res2 = 0;\n\n        for (int i = 0; i < n * 2; i++) {\n            if (ny != b[i].y) {\n                swap(now, prev);\n                int cnt = 0, cnt2 = 0, bt = 0, cnt3 = 0;\n                for (int j = 0; j <= 10000; j++) {\n                    if (fie[j][now] > 0 && fie[j][prev] == 0) cnt3++;\n                    if (fie[j][now] == 0 && fie[j][prev] > 0) cnt3++;\n                    fie[j][now] = fie[j][prev];\n                    if (fie[j][now] > 0) {\n                        cnt++;\n                        if (bt == 0) cnt2++, bt = 1;\n                    } else bt = 0;\n                }\n                res += cnt * (b[i].y - ny);\n                res2 += cnt2 * 2 * (b[i].y - ny) + cnt3;\n            }\n            ny = b[i].y;\n            for (int j = b[i].x1; j <= b[i].x2; j++) fie[j][now] += b[i].f;\n        }\n\n        printf("%d\\n", res);\n        if (r == 2) {\n            swap(now, prev);\n            int cnt3 = 0;\n            for (int j = 0; j <= 10000; j++) {\n                if (fie[j][now] > 0 && fie[j][prev] == 0) cnt3++;\n                if (fie[j][now] == 0 && fie[j][prev] > 0) cnt3++;\n                fie[j][now] = fie[j][prev];\n            }\n            res2 += cnt3;\n            printf("%d\\n", res2);\n        }\n    }\n    return 0;\n}') | LineLLMMutation(('source.cpp', 27), '#include <iostream>\n#include <algorithm>\n#include <cstring>\n#include <vector>\n#include <array>\nusing namespace std;\n\ntypedef vector<int> PP;\ntypedef vector<PP> P;\n\nint n, r;\n\nstruct block {\n    int x1, x2, y, f;\n};\n\nblock b[20002];\narray<array<int, 2>, 10002> fie; // Using std::array for better performance and memory usage\n\nbool comp(const block &b1, const block &b2) {\n    return b1.y < b2.y;\n}\n\nint main(void) {\n    while (true) {\n        cin >> n >> r;\n        if (n == 0 && r == 0) break;\n\n        fie.fill({0, 0}); // Efficient reset using std::array\n\n        for (int i = 0; i < n; i++) {\n            int y1, y2;\n            cin >> b[i * 2].x1 >> y1 >> b[i * 2].x2 >> y2;\n            b[i * 2].x2--;\n            b[i * 2 + 1].x1 = b[i * 2].x1;\n            b[i * 2 + 1].x2 = b[i * 2].x2;\n            b[i * 2].y = y1;\n            b[i * 2 + 1].y = y2;\n            b[i * 2].f = 1;\n            b[i * 2 + 1].f = -1;\n        }\n\n        sort(b, b + n * 2, comp);\n        int ny = 0;\n        int now = 0, prev = 1;\n        int res = 0, res2 = 0;\n\n        for (int i = 0; i < n * 2; i++) {\n            if (ny != b[i].y) {\n                swap(now, prev);\n                int cnt = 0, cnt2 = 0, bt = 0, cnt3 = 0;\n                for (int j = 0; j <= 10000; j++) {\n                    if (fie[j][now] > 0 && fie[j][prev] == 0) cnt3++;\n                    if (fie[j][now] == 0 && fie[j][prev] > 0) cnt3++;\n                    fie[j][now] = fie[j][prev];\n                    if (fie[j][now] > 0) {\n                        cnt++;\n                        if (bt == 0) cnt2++, bt = 1;\n                    } else bt = 0;\n                }\n                res += cnt * (b[i].y - ny);\n                res2 += cnt2 * 2 * (b[i].y - ny) + cnt3;\n            }\n            ny = b[i].y;\n            for (int j = b[i].x1; j <= b[i].x2; j++) fie[j][now] += b[i].f;\n        }\n\n        cout << res << endl;\n        if (r == 2) {\n            swap(now, prev);\n            int cnt3 = 0;\n            for (int j = 0; j <= 10000; j++) {\n                if (fie[j][now] > 0 && fie[j][prev] == 0) cnt3++;\n                if (fie[j][now] == 0 && fie[j][prev] > 0) cnt3++;\n                fie[j][now] = fie[j][prev];\n            }\n            res2 += cnt3;\n            cout << res2 << endl;\n        }\n    }\n    return 0;\n}')"
2025-01-24 19:34:11,678	[INFO]	Step: 62
2025-01-24 19:34:11,678	[INFO]	Stop Steps: 100
2025-01-24 19:34:11,960	[INFO]	6-3     COMPILE_CODE_ERROR    None (--) [1 edit(s)]  
2025-01-24 19:34:11,960	[DEBUG]	patch(6-3)="LineLLMCrossover(('source.cpp', 20), '#include <iostream>\n#include <algorithm>\n#include <array>\n#include <cstdio>\nusing namespace std;\n\ntypedef vector<int> PP;\ntypedef vector<PP> P;\n\nint n, r;\n\nstruct block {\n    int x1, x2, y, f;\n};\n\nblock b[20002];\narray<array<int, 2>, 10002> fie; // Using std::array for better performance and memory usage\n\nbool comp(const block &b1, const block &b2) {\n    return b1.y < b2.y;\n}\n\nint main(void) {\n    while (true) {\n        scanf("%d%d", &n, &r);\n        if (n == 0 && r == 0) break;\n\n        fie.fill({0, 0}); // Efficient reset using std::array\n\n        for (int i = 0; i < n; i++) {\n            int y1, y2;\n            scanf("%d%d%d%d", &b[i * 2].x1, &y1, &b[i * 2].x2, &y2);\n            b[i * 2].x2--;\n            b[i * 2 + 1].x1 = b[i * 2].x1;\n            b[i * 2 + 1].x2 = b[i * 2].x2;\n            b[i * 2].y = y1;\n            b[i * 2 + 1].y = y2;\n            b[i * 2].f = 1;\n            b[i * 2 + 1].f = -1;\n        }\n\n        sort(b, b + n * 2, comp);\n        int ny = 0;\n        int now = 0, prev = 1;\n        int res = 0, res2 = 0;\n\n        for (int i = 0; i < n * 2; i++) {\n            if (ny != b[i].y) {\n                swap(now, prev);\n                int cnt = 0, cnt2 = 0, bt = 0, cnt3 = 0;\n                for (int j = 0; j <= 10000; j++) {\n                    if (fie[j][now] > 0 && fie[j][prev] == 0) cnt3++;\n                    if (fie[j][now] == 0 && fie[j][prev] > 0) cnt3++;\n                    fie[j][now] = fie[j][prev];\n                    if (fie[j][now] > 0) {\n                        cnt++;\n                        if (bt == 0) cnt2++, bt = 1;\n                    } else bt = 0;\n                }\n                res += cnt * (b[i].y - ny);\n                res2 += cnt2 * 2 * (b[i].y - ny) + cnt3;\n            }\n            ny = b[i].y;\n            for (int j = b[i].x1; j <= b[i].x2; j++) fie[j][now] += b[i].f;\n        }\n\n        printf("%d\\n", res);\n        if (r == 2) {\n            swap(now, prev);\n            int cnt3 = 0;\n            for (int j = 0; j <= 10000; j++) {\n                if (fie[j][now] > 0 && fie[j][prev] == 0) cnt3++;\n                if (fie[j][now] == 0 && fie[j][prev] > 0) cnt3++;\n                fie[j][now] = fie[j][prev];\n            }\n            res2 += cnt3;\n            printf("%d\\n", res2);\n        }\n    }\n    return 0;\n}')"
2025-01-24 19:34:11,960	[INFO]	Step: 63
2025-01-24 19:34:11,960	[INFO]	Stop Steps: 100
2025-01-24 19:34:12,260	[INFO]	6-4     COMPILE_CODE_ERROR    None (--) [1 edit(s)]  
2025-01-24 19:34:12,261	[DEBUG]	patch(6-4)="LineLLMCrossover(('source.cpp', 21), '#include <iostream>\n#include <algorithm>\n#include <array>\n#include <cstdio>\nusing namespace std;\n\ntypedef vector<int> PP;\ntypedef vector<PP> P;\n\nint n, r;\n\nstruct block {\n    int x1, x2, y, f;\n};\n\nblock b[20002];\nint fie[10002][2] = {}; // Directly initializing to zero\n\nbool comp(const block &b1, const block &b2) {\n    return b1.y < b2.y;\n}\n\nint main(void) {\n    while (1) {\n        scanf("%d%d", &n, &r);\n        if (n == 0 && r == 0) break;\n\n        memset(fie, 0, sizeof(fie)); // Efficient reset using memset\n\n        for (int i = 0; i < n; i++) {\n            int y1, y2;\n            scanf("%d%d%d%d", &b[i * 2].x1, &y1, &b[i * 2].x2, &y2);\n            b[i * 2].x2--;\n            b[i * 2 + 1].x1 = b[i * 2].x1;\n            b[i * 2 + 1].x2 = b[i * 2].x2;\n            b[i * 2].y = y1;\n            b[i * 2 + 1].y = y2;\n            b[i * 2].f = 1;\n            b[i * 2 + 1].f = -1;\n        }\n\n        sort(b, b + n * 2, comp);\n        int ny = 0;\n        int now = 0, prev = 1;\n        int res = 0, res2 = 0;\n\n        for (int i = 0; i < n * 2; i++) {\n            if (ny != b[i].y) {\n                swap(now, prev);\n                int cnt = 0, cnt2 = 0, bt = 0, cnt3 = 0;\n                for (int j = 0; j <= 10000; j++) {\n                    if (fie[j][now] > 0 && fie[j][prev] == 0) cnt3++;\n                    if (fie[j][now] == 0 && fie[j][prev] > 0) cnt3++;\n                    fie[j][now] = fie[j][prev];\n                    if (fie[j][now] > 0) {\n                        cnt++;\n                        if (bt == 0) cnt2++, bt = 1;\n                    } else bt = 0;\n                }\n                res += cnt * (b[i].y - ny);\n                res2 += cnt2 * 2 * (b[i].y - ny) + cnt3;\n            }\n            ny = b[i].y;\n            for (int j = b[i].x1; j <= b[i].x2; j++) fie[j][now] += b[i].f;\n        }\n\n        printf("%d\\n", res);\n        if (r == 2) {\n            swap(now, prev);\n            int cnt3 = 0;\n            for (int j = 0; j <= 10000; j++) {\n                if (fie[j][now] > 0 && fie[j][prev] == 0) cnt3++;\n                if (fie[j][now] == 0 && fie[j][prev] > 0) cnt3++;\n                fie[j][now] = fie[j][prev];\n            }\n            res2 += cnt3;\n            printf("%d\\n", res2);\n        }\n    }\n    return 0;\n}')"
2025-01-24 19:34:12,261	[INFO]	Step: 64
2025-01-24 19:34:12,261	[INFO]	Stop Steps: 100
2025-01-24 19:34:12,538	[INFO]	6-5     COMPILE_CODE_ERROR    None (--) [1 edit(s)]  
2025-01-24 19:34:12,538	[DEBUG]	patch(6-5)="LineLLMCrossover(('source.cpp', 22), '#include <iostream>\n#include <algorithm>\n#include <cstdio>\nusing namespace std;\n\ntypedef vector<int> PP;\ntypedef vector<PP> P;\n\nint n, r;\n\nstruct block {\n    int x1, x2, y, f;\n};\n\nblock b[20002];\nint fie[10002][2] = {}; // Efficiently initializing to zero\n\nbool comp(const block &b1, const block &b2) {\n    return b1.y < b2.y;\n}\n\nint main(void) {\n    while (1) {\n        scanf("%d%d", &n, &r);\n        if (n == 0 && r == 0) break;\n\n        memset(fie, 0, sizeof(fie)); // Efficient reset using memset\n\n        for (int i = 0; i < n; i++) {\n            int y1, y2;\n            scanf("%d%d%d%d", &b[i * 2].x1, &y1, &b[i * 2].x2, &y2);\n            b[i * 2].x2--;\n            b[i * 2 + 1].x1 = b[i * 2].x1;\n            b[i * 2 + 1].x2 = b[i * 2].x2;\n            b[i * 2].y = y1;\n            b[i * 2 + 1].y = y2;\n            b[i * 2].f = 1;\n            b[i * 2 + 1].f = -1;\n        }\n\n        sort(b, b + n * 2, comp);\n        int ny = 0;\n        int now = 0, prev = 1;\n        int res = 0, res2 = 0;\n\n        for (int i = 0; i < n * 2; i++) {\n            if (ny != b[i].y) {\n                swap(now, prev);\n                int cnt = 0, cnt2 = 0, bt = 0, cnt3 = 0;\n                for (int j = 0; j <= 10000; j++) {\n                    if (fie[j][now] > 0 && fie[j][prev] == 0) cnt3++;\n                    if (fie[j][now] == 0 && fie[j][prev] > 0) cnt3++;\n                    fie[j][now] = fie[j][prev];\n                    if (fie[j][now] > 0) {\n                        cnt++;\n                        if (bt == 0) cnt2++, bt = 1;\n                    } else bt = 0;\n                }\n                res += cnt * (b[i].y - ny);\n                res2 += cnt2 * 2 * (b[i].y - ny) + cnt3;\n            }\n            ny = b[i].y;\n            for (int j = b[i].x1; j <= b[i].x2; j++) fie[j][now] += b[i].f;\n        }\n\n        printf("%d\\n", res);\n        if (r == 2) {\n            swap(now, prev);\n            int cnt3 = 0;\n            for (int j = 0; j <= 10000; j++) {\n                if (fie[j][now] > 0 && fie[j][prev] == 0) cnt3++;\n                if (fie[j][now] == 0 && fie[j][prev] > 0) cnt3++;\n                fie[j][now] = fie[j][prev];\n            }\n            res2 += cnt3;\n            printf("%d\\n", res2);\n        }\n    }\n    return 0;\n}')"
2025-01-24 19:34:12,538	[INFO]	Step: 65
2025-01-24 19:34:12,538	[INFO]	Stop Steps: 100
2025-01-24 19:34:12,817	[INFO]	6-6     COMPILE_CODE_ERROR    None (--) [1 edit(s)]  
2025-01-24 19:34:12,818	[DEBUG]	patch(6-6)="LineLLMCrossover(('source.cpp', 23), '#include <iostream>\n#include <algorithm>\n#include <array>\n#include <cstdio>\nusing namespace std;\n\ntypedef vector<int> PP;\ntypedef vector<PP> P;\n\nint n, r;\n\nstruct block {\n    int x1, x2, y, f;\n};\n\nblock b[20002];\narray<array<int, 2>, 10002> fie; // Using std::array for better performance and memory usage\n\nbool comp(const block &b1, const block &b2) {\n    return b1.y < b2.y;\n}\n\nint main(void) {\n    while (true) {\n        cin >> n >> r;\n        if (n == 0 && r == 0) break;\n\n        fie.fill({0, 0}); // Efficient reset using std::array\n\n        for (int i = 0; i < n; i++) {\n            int y1, y2;\n            cin >> b[i * 2].x1 >> y1 >> b[i * 2].x2 >> y2;\n            b[i * 2].x2--;\n            b[i * 2 + 1].x1 = b[i * 2].x1;\n            b[i * 2 + 1].x2 = b[i * 2].x2;\n            b[i * 2].y = y1;\n            b[i * 2 + 1].y = y2;\n            b[i * 2].f = 1;\n            b[i * 2 + 1].f = -1;\n        }\n\n        sort(b, b + n * 2, comp);\n        int ny = 0;\n        int now = 0, prev = 1;\n        int res = 0, res2 = 0;\n\n        for (int i = 0; i < n * 2; i++) {\n            if (ny != b[i].y) {\n                swap(now, prev);\n                int cnt = 0, cnt2 = 0, bt = 0, cnt3 = 0;\n                for (int j = 0; j <= 10000; j++) {\n                    if (fie[j][now] > 0 && fie[j][prev] == 0) cnt3++;\n                    if (fie[j][now] == 0 && fie[j][prev] > 0) cnt3++;\n                    fie[j][now] = fie[j][prev];\n                    if (fie[j][now] > 0) {\n                        cnt++;\n                        if (bt == 0) cnt2++, bt = 1;\n                    } else bt = 0;\n                }\n                res += cnt * (b[i].y - ny);\n                res2 += cnt2 * 2 * (b[i].y - ny) + cnt3;\n            }\n            ny = b[i].y;\n            for (int j = b[i].x1; j <= b[i].x2; j++) fie[j][now] += b[i].f;\n        }\n\n        cout << res << endl;\n        if (r == 2) {\n            swap(now, prev);\n            int cnt3 = 0;\n            for (int j = 0; j <= 10000; j++) {\n                if (fie[j][now] > 0 && fie[j][prev] == 0) cnt3++;\n                if (fie[j][now] == 0 && fie[j][prev] > 0) cnt3++;\n                fie[j][now] = fie[j][prev];\n            }\n            res2 += cnt3;\n            cout << res2 << endl;\n        }\n    }\n    return 0;\n}')"
2025-01-24 19:34:12,818	[INFO]	Step: 66
2025-01-24 19:34:12,818	[INFO]	Stop Steps: 100
2025-01-24 19:34:13,324	[INFO]	6-7     TEST_CODE_ERROR       None (--) [5 edit(s)]  
2025-01-24 19:34:13,325	[DEBUG]	patch(6-7)="LineLLMMutation(('source.cpp', 3), '#include <iostream>\n#include <algorithm>\n#include <cstring>\n#include <cstdio>\n#include <vector>\n#include <map>\n#include <array>\nusing namespace std;\n\ntypedef vector<int> PP;\ntypedef vector<PP> P;\n\nint n, r;\n\nstruct block {\n    int x1, x2, y, f;\n};\n\nblock b[20002];\narray<array<int, 2>, 10002> fie; // Using std::array\n\nbool comp(const block &b1, const block &b2) {\n    return b1.y < b2.y;\n}\n\nint main(void) {\n    while (1) {\n        scanf("%d%d", &n, &r);\n        if (n == 0 && r == 0) break;\n\n        fie.fill({0, 0}); // Initialize using std::array\n\n        for (int i = 0; i < n; i++) {\n            int y1, y2;\n            scanf("%d%d%d%d", &b[i * 2].x1, &y1, &b[i * 2].x2, &y2);\n            b[i * 2].x2--;\n            b[i * 2 + 1].x1 = b[i * 2].x1;\n            b[i * 2 + 1].x2 = b[i * 2].x2;\n            b[i * 2].y = y1;\n            b[i * 2 + 1].y = y2;\n            b[i * 2].f = 1;\n            b[i * 2 + 1].f = -1;\n        }\n\n        sort(b, b + n * 2, comp);\n        int ny = 0;\n        int now = 0, prev = 1;\n        int res = 0, res2 = 0;\n\n        for (int i = 0; i < n * 2; i++) {\n            if (ny != b[i].y) {\n                swap(now, prev);\n                int cnt = 0, cnt2 = 0, bt = 0, cnt3 = 0;\n                for (int j = 0; j <= 10000; j++) {\n                    if (fie[j][now] > 0 && fie[j][prev] == 0) cnt3++;\n                    if (fie[j][now] == 0 && fie[j][prev] > 0) cnt3++;\n                    fie[j][now] = fie[j][prev];\n                    if (fie[j][now] > 0) {\n                        cnt++;\n                        if (bt == 0) cnt2++, bt = 1;\n                    } else bt = 0;\n                }\n                res += cnt * (b[i].y - ny);\n                res2 += cnt2 * 2 * (b[i].y - ny) + cnt3;\n            }\n            ny = b[i].y;\n            for (int j = b[i].x1; j <= b[i].x2; j++) fie[j][now] += b[i].f;\n        }\n\n        printf("%d\\n", res);\n        if (r == 2) {\n            swap(now, prev);\n            int cnt3 = 0;\n            for (int j = 0; j <= 10000; j++) {\n                if (fie[j][now] > 0 && fie[j][prev] == 0) cnt3++;\n                if (fie[j][now] == 0 && fie[j][prev] > 0) cnt3++;\n                fie[j][now] = fie[j][prev];\n            }\n            res2 += cnt3;\n            printf("%d\\n", res2);\n        }\n    }\n    return 0;\n}') | LineLLMMutation(('source.cpp', 14), '#include <iostream>\n#include <algorithm>\n#include <cstring>\n#include <cstdio>\n#include <vector>\nusing namespace std;\n\ntypedef vector<int> PP;\ntypedef vector<PP> P;\n\nint n, r;\n\nstruct block {\n    int x1, x2, y, f;\n};\n\nblock b[20002];\nint fie[10002][2]; // Changed to a simple 2D array for better performance\n\nbool comp(const block &b1, const block &b2) {\n    return b1.y < b2.y;\n}\n\nint main(void) {\n    while (1) {\n        scanf("%d%d", &n, &r);\n        if (n == 0 && r == 0) break;\n\n        memset(fie, 0, sizeof(fie)); // Initialize using memset for speed\n\n        for (int i = 0; i < n; i++) {\n            int y1, y2;\n            scanf("%d%d%d%d", &b[i * 2].x1, &y1, &b[i * 2].x2, &y2);\n            b[i * 2].x2--;\n            b[i * 2 + 1].x1 = b[i * 2].x1;\n            b[i * 2 + 1].x2 = b[i * 2].x2;\n            b[i * 2].y = y1;\n            b[i * 2 + 1].y = y2;\n            b[i * 2].f = 1;\n            b[i * 2 + 1].f = -1;\n        }\n\n        sort(b, b + n * 2, comp);\n        int ny = 0;\n        int now = 0, prev = 1;\n        int res = 0, res2 = 0;\n\n        for (int i = 0; i < n * 2; i++) {\n            if (ny != b[i].y) {\n                swap(now, prev);\n                int cnt = 0, cnt2 = 0, bt = 0, cnt3 = 0;\n                for (int j = 0; j <= 10000; j++) {\n                    if (fie[j][now] > 0 && fie[j][prev] == 0) cnt3++;\n                    if (fie[j][now] == 0 && fie[j][prev] > 0) cnt3++;\n                    fie[j][now] = fie[j][prev];\n                    if (fie[j][now] > 0) {\n                        cnt++;\n                        if (bt == 0) cnt2++, bt = 1;\n                    } else bt = 0;\n                }\n                res += cnt * (b[i].y - ny);\n                res2 += cnt2 * 2 * (b[i].y - ny) + cnt3;\n            }\n            ny = b[i].y;\n            for (int j = b[i].x1; j <= b[i].x2; j++) fie[j][now] += b[i].f;\n        }\n\n        printf("%d\\n", res);\n        if (r == 2) {\n            swap(now, prev);\n            int cnt3 = 0;\n            for (int j = 0; j <= 10000; j++) {\n                if (fie[j][now] > 0 && fie[j][prev] == 0) cnt3++;\n                if (fie[j][now] == 0 && fie[j][prev] > 0) cnt3++;\n                fie[j][now] = fie[j][prev];\n            }\n            res2 += cnt3;\n            printf("%d\\n", res2);\n        }\n    }\n    return 0;\n}') | LineLLMMutation(('source.cpp', 18), '#include <iostream>\n#include <algorithm>\n#include <cstring>\n#include <cstdio>\n#include <vector>\n#include <array>\nusing namespace std;\n\ntypedef vector<int> PP;\ntypedef vector<PP> P;\n\nint n, r;\n\nstruct block {\n    int x1, x2, y, f;\n};\n\nblock b[20002];\narray<array<int, 2>, 10002> fie; // Changed to std::array for better performance and memory usage\n\nbool comp(const block &b1, const block &b2) {\n    return b1.y < b2.y;\n}\n\nint main(void) {\n    while (1) {\n        scanf("%d%d", &n, &r);\n        if (n == 0 && r == 0) break;\n\n        fie.fill({0, 0}); // Initialize using fill for clarity and performance\n\n        for (int i = 0; i < n; i++) {\n            int y1, y2;\n            scanf("%d%d%d%d", &b[i * 2].x1, &y1, &b[i * 2].x2, &y2);\n            b[i * 2].x2--;\n            b[i * 2 + 1].x1 = b[i * 2].x1;\n            b[i * 2 + 1].x2 = b[i * 2].x2;\n            b[i * 2].y = y1;\n            b[i * 2 + 1].y = y2;\n            b[i * 2].f = 1;\n            b[i * 2 + 1].f = -1;\n        }\n\n        sort(b, b + n * 2, comp);\n        int ny = 0;\n        int now = 0, prev = 1;\n        int res = 0, res2 = 0;\n\n        for (int i = 0; i < n * 2; i++) {\n            if (ny != b[i].y) {\n                swap(now, prev);\n                int cnt = 0, cnt2 = 0, bt = 0, cnt3 = 0;\n                for (int j = 0; j <= 10000; j++) {\n                    if (fie[j][now] > 0 && fie[j][prev] == 0) cnt3++;\n                    if (fie[j][now] == 0 && fie[j][prev] > 0) cnt3++;\n                    fie[j][now] = fie[j][prev];\n                    if (fie[j][now] > 0) {\n                        cnt++;\n                        if (bt == 0) cnt2++, bt = 1;\n                    } else bt = 0;\n                }\n                res += cnt * (b[i].y - ny);\n                res2 += cnt2 * 2 * (b[i].y - ny) + cnt3;\n            }\n            ny = b[i].y;\n            for (int j = b[i].x1; j <= b[i].x2; j++) fie[j][now] += b[i].f;\n        }\n\n        printf("%d\\n", res);\n        if (r == 2) {\n            swap(now, prev);\n            int cnt3 = 0;\n            for (int j = 0; j <= 10000; j++) {\n                if (fie[j][now] > 0 && fie[j][prev] == 0) cnt3++;\n                if (fie[j][now] == 0 && fie[j][prev] > 0) cnt3++;\n                fie[j][now] = fie[j][prev];\n            }\n            res2 += cnt3;\n            printf("%d\\n", res2);\n        }\n    }\n    return 0;\n}') | LineLLMMutation(('source.cpp', 28), '#include <iostream>\n#include <algorithm>\n#include <cstring>\n#include <cstdio>\n#include <vector>\n#include <array>\nusing namespace std;\n\ntypedef vector<int> PP;\ntypedef vector<PP> P;\n\nint n, r;\n\nstruct block {\n    int x1, x2, y, f;\n};\n\nblock b[20002];\nint fie[10002][2] = {}; // Changed to a 2D array for slightly better performance and reduced overhead\n\nbool comp(const block &b1, const block &b2) {\n    return b1.y < b2.y;\n}\n\nint main(void) {\n    while (1) {\n        scanf("%d%d", &n, &r);\n        if (n == 0 && r == 0) break;\n\n        for (int i = 0; i < n; i++) {\n            int y1, y2;\n            scanf("%d%d%d%d", &b[i * 2].x1, &y1, &b[i * 2].x2, &y2);\n            b[i * 2].x2--;\n            b[i * 2 + 1].x1 = b[i * 2].x1;\n            b[i * 2 + 1].x2 = b[i * 2].x2;\n            b[i * 2].y = y1;\n            b[i * 2 + 1].y = y2;\n            b[i * 2].f = 1;\n            b[i * 2 + 1].f = -1;\n        }\n\n        sort(b, b + n * 2, comp);\n        int ny = 0;\n        int now = 0, prev = 1;\n        int res = 0, res2 = 0;\n\n        for (int i = 0; i < n * 2; i++) {\n            if (ny != b[i].y) {\n                swap(now, prev);\n                int cnt = 0, cnt2 = 0, bt = 0, cnt3 = 0;\n                for (int j = 0; j <= 10000; j++) {\n                    if (fie[j][now] > 0 && fie[j][prev] == 0) cnt3++;\n                    if (fie[j][now] == 0 && fie[j][prev] > 0) cnt3++;\n                    fie[j][now] = fie[j][prev];\n                    if (fie[j][now] > 0) {\n                        cnt++;\n                        if (bt == 0) cnt2++, bt = 1;\n                    } else bt = 0;\n                }\n                res += cnt * (b[i].y - ny);\n                res2 += cnt2 * 2 * (b[i].y - ny) + cnt3;\n            }\n            ny = b[i].y;\n            for (int j = b[i].x1; j <= b[i].x2; j++) fie[j][now] += b[i].f;\n        }\n\n        printf("%d\\n", res);\n        if (r == 2) {\n            swap(now, prev);\n            int cnt3 = 0;\n            for (int j = 0; j <= 10000; j++) {\n                if (fie[j][now] > 0 && fie[j][prev] == 0) cnt3++;\n                if (fie[j][now] == 0 && fie[j][prev] > 0) cnt3++;\n                fie[j][now] = fie[j][prev];\n            }\n            res2 += cnt3;\n            printf("%d\\n", res2);\n        }\n    }\n    return 0;\n}') | LineLLMMutation(('source.cpp', 30), '#include <iostream>\n#include <algorithm>\n#include <cstring>\n#include <cstdio>\n#include <vector>\nusing namespace std;\n\ntypedef vector<int> PP;\ntypedef vector<PP> P;\n\nint n, r;\n\nstruct block {\n    int x1, x2, y, f;\n};\n\nblock b[20002];\nint fie[10002][2] = {}; // Kept as 2D array for performance\n\nbool comp(const block &b1, const block &b2) {\n    return b1.y < b2.y;\n}\n\nint main(void) {\n    while (1) {\n        scanf("%d%d", &n, &r);\n        if (n == 0 && r == 0) break;\n\n        for (int i = 0; i < n; i++) {\n            int y1, y2;\n            scanf("%d%d%d%d", &b[i * 2].x1, &y1, &b[i * 2].x2, &y2);\n            b[i * 2].x2--;\n            b[i * 2 + 1].x1 = b[i * 2].x1;\n            b[i * 2 + 1].x2 = b[i * 2].x2;\n            b[i * 2].y = y1;\n            b[i * 2 + 1].y = y2;\n            b[i * 2].f = 1;\n            b[i * 2 + 1].f = -1;\n        }\n\n        sort(b, b + n * 2, comp);\n        int ny = 0;\n        int now = 0, prev = 1;\n        int res = 0, res2 = 0;\n\n        for (int i = 0; i < n * 2; i++) {\n            if (ny != b[i].y) {\n                swap(now, prev);\n                int cnt = 0, cnt2 = 0, cnt3 = 0;\n                for (int j = 0; j <= 10000; j++) {\n                    if (fie[j][now] != fie[j][prev]) {\n                        cnt3++;\n                    }\n                    fie[j][now] = fie[j][prev];\n                    if (fie[j][now] > 0) {\n                        cnt++;\n                        if (cnt2 == 0) cnt2++;\n                    } else cnt2 = 0;\n                }\n                res += cnt * (b[i].y - ny);\n                res2 += cnt2 * 2 * (b[i].y - ny) + cnt3;\n            }\n            ny = b[i].y;\n            for (int j = b[i].x1; j <= b[i].x2; j++) fie[j][now] += b[i].f;\n        }\n\n        printf("%d\\n", res);\n        if (r == 2) {\n            swap(now, prev);\n            int cnt3 = 0;\n            for (int j = 0; j <= 10000; j++) {\n                if (fie[j][now] != fie[j][prev]) {\n                    cnt3++;\n                }\n                fie[j][now] = fie[j][prev];\n            }\n            res2 += cnt3;\n            printf("%d\\n", res2);\n        }\n    }\n    return 0;\n}')"
2025-01-24 19:34:13,325	[INFO]	Step: 67
2025-01-24 19:34:13,325	[INFO]	Stop Steps: 100
2025-01-24 19:34:14,230	[DEBUG]	EXEC>  SUCCESS 4037457.875
2025-01-24 19:34:14,230	[INFO]	6-8     SUCCESS               4037457.88 (90.64%) [3 edit(s)]  
2025-01-24 19:34:14,230	[DEBUG]	patch(6-8)="LineLLMCrossover(('source.cpp', 12), '#include <iostream>\n#include <algorithm>\n#include <cstring>\n#include <cstdio>\n#include <vector>\n#include <array>\nusing namespace std;\n\ntypedef vector<int> PP;\ntypedef vector<PP> P;\n\nint n, r;\n\nstruct block {\n    int x1, x2, y, f;\n};\n\nblock b[20002];\narray<array<int, 2>, 10002> fie; // Using std::array for better performance and memory usage\n\nbool comp(const block &b1, const block &b2) {\n    return b1.y < b2.y;\n}\n\nint main(void) {\n    while (1) {\n        scanf("%d%d", &n, &r);\n        if (n == 0 && r == 0) break;\n\n        fie.fill({0, 0}); // Efficient reset using std::array\n\n        for (int i = 0; i < n; i++) {\n            int y1, y2;\n            scanf("%d%d%d%d", &b[i * 2].x1, &y1, &b[i * 2].x2, &y2);\n            b[i * 2].x2--;\n            b[i * 2 + 1].x1 = b[i * 2].x1;\n            b[i * 2 + 1].x2 = b[i * 2].x2;\n            b[i * 2].y = y1;\n            b[i * 2 + 1].y = y2;\n            b[i * 2].f = 1;\n            b[i * 2 + 1].f = -1;\n        }\n\n        sort(b, b + n * 2, comp);\n        int ny = 0;\n        int now = 0, prev = 1;\n        int res = 0, res2 = 0;\n\n        for (int i = 0; i < n * 2; i++) {\n            if (ny != b[i].y) {\n                swap(now, prev);\n                int cnt = 0, cnt2 = 0, bt = 0, cnt3 = 0;\n                for (int j = 0; j <= 10000; j++) {\n                    if (fie[j][now] > 0 && fie[j][prev] == 0) cnt3++;\n                    if (fie[j][now] == 0 && fie[j][prev] > 0) cnt3++;\n                    fie[j][now] = fie[j][prev];\n                    if (fie[j][now] > 0) {\n                        cnt++;\n                        if (bt == 0) cnt2++, bt = 1;\n                    } else bt = 0;\n                }\n                res += cnt * (b[i].y - ny);\n                res2 += cnt2 * 2 * (b[i].y - ny) + cnt3;\n            }\n            ny = b[i].y;\n            for (int j = b[i].x1; j <= b[i].x2; j++) fie[j][now] += b[i].f;\n        }\n\n        printf("%d\\n", res);\n        if (r == 2) {\n            swap(now, prev);\n            int cnt3 = 0;\n            for (int j = 0; j <= 10000; j++) {\n                if (fie[j][now] > 0 && fie[j][prev] == 0) cnt3++;\n                if (fie[j][now] == 0 && fie[j][prev] > 0) cnt3++;\n                fie[j][now] = fie[j][prev];\n            }\n            res2 += cnt3;\n            printf("%d\\n", res2);\n        }\n    }\n    return 0;\n}') | LineLLMMutation(('source.cpp', 27), '#include <iostream>\n#include <algorithm>\n#include <cstring>\n#include <vector>\n#include <array>\nusing namespace std;\n\ntypedef vector<int> PP;\ntypedef vector<PP> P;\n\nint n, r;\n\nstruct block {\n    int x1, x2, y, f;\n};\n\nblock b[20002];\narray<array<int, 2>, 10002> fie; // Using std::array for better performance and memory usage\n\nbool comp(const block &b1, const block &b2) {\n    return b1.y < b2.y;\n}\n\nint main(void) {\n    while (true) {\n        cin >> n >> r;\n        if (n == 0 && r == 0) break;\n\n        fie.fill({0, 0}); // Efficient reset using std::array\n\n        for (int i = 0; i < n; i++) {\n            int y1, y2;\n            cin >> b[i * 2].x1 >> y1 >> b[i * 2].x2 >> y2;\n            b[i * 2].x2--;\n            b[i * 2 + 1].x1 = b[i * 2].x1;\n            b[i * 2 + 1].x2 = b[i * 2].x2;\n            b[i * 2].y = y1;\n            b[i * 2 + 1].y = y2;\n            b[i * 2].f = 1;\n            b[i * 2 + 1].f = -1;\n        }\n\n        sort(b, b + n * 2, comp);\n        int ny = 0;\n        int now = 0, prev = 1;\n        int res = 0, res2 = 0;\n\n        for (int i = 0; i < n * 2; i++) {\n            if (ny != b[i].y) {\n                swap(now, prev);\n                int cnt = 0, cnt2 = 0, bt = 0, cnt3 = 0;\n                for (int j = 0; j <= 10000; j++) {\n                    if (fie[j][now] > 0 && fie[j][prev] == 0) cnt3++;\n                    if (fie[j][now] == 0 && fie[j][prev] > 0) cnt3++;\n                    fie[j][now] = fie[j][prev];\n                    if (fie[j][now] > 0) {\n                        cnt++;\n                        if (bt == 0) cnt2++, bt = 1;\n                    } else bt = 0;\n                }\n                res += cnt * (b[i].y - ny);\n                res2 += cnt2 * 2 * (b[i].y - ny) + cnt3;\n            }\n            ny = b[i].y;\n            for (int j = b[i].x1; j <= b[i].x2; j++) fie[j][now] += b[i].f;\n        }\n\n        cout << res << endl;\n        if (r == 2) {\n            swap(now, prev);\n            int cnt3 = 0;\n            for (int j = 0; j <= 10000; j++) {\n                if (fie[j][now] > 0 && fie[j][prev] == 0) cnt3++;\n                if (fie[j][now] == 0 && fie[j][prev] > 0) cnt3++;\n                fie[j][now] = fie[j][prev];\n            }\n            res2 += cnt3;\n            cout << res2 << endl;\n        }\n    }\n    return 0;\n}') | LineLLMMutation(('source.cpp', 31), '#include <iostream>\n#include <algorithm>\n#include <cstring>\n#include <vector>\n#include <array>\nusing namespace std;\n\ntypedef vector<int> PP;\ntypedef vector<PP> P;\n\nint n, r;\n\nstruct block {\n    int x1, x2, y, f;\n};\n\nblock b[20002];\nint fie[10002][2]; // Changed to a 2D array for direct access and to reduce overhead\n\nbool comp(const block &b1, const block &b2) {\n    return b1.y < b2.y;\n}\n\nint main(void) {\n    while (true) {\n        cin >> n >> r;\n        if (n == 0 && r == 0) break;\n\n        memset(fie, 0, sizeof(fie)); // Using memset for efficient reset\n\n        for (int i = 0; i < n; i++) {\n            int y1, y2;\n            cin >> b[i * 2].x1 >> y1 >> b[i * 2].x2 >> y2;\n            b[i * 2].x2--;\n            b[i * 2 + 1].x1 = b[i * 2].x1;\n            b[i * 2 + 1].x2 = b[i * 2].x2;\n            b[i * 2].y = y1;\n            b[i * 2 + 1].y = y2;\n            b[i * 2].f = 1;\n            b[i * 2 + 1].f = -1;\n        }\n\n        sort(b, b + n * 2, comp);\n        int ny = 0;\n        int now = 0, prev = 1;\n        int res = 0, res2 = 0;\n\n        for (int i = 0; i < n * 2; i++) {\n            if (ny != b[i].y) {\n                swap(now, prev);\n                int cnt = 0, cnt2 = 0, bt = 0, cnt3 = 0;\n                for (int j = 0; j <= 10000; j++) {\n                    if (fie[j][now] > 0 && fie[j][prev] == 0) cnt3++;\n                    if (fie[j][now] == 0 && fie[j][prev] > 0) cnt3++;\n                    fie[j][now] = fie[j][prev];\n                    if (fie[j][now] > 0) {\n                        cnt++;\n                        if (bt == 0) cnt2++, bt = 1;\n                    } else bt = 0;\n                }\n                res += cnt * (b[i].y - ny);\n                res2 += cnt2 * 2 * (b[i].y - ny) + cnt3;\n            }\n            ny = b[i].y;\n            for (int j = b[i].x1; j <= b[i].x2; j++) fie[j][now] += b[i].f;\n        }\n\n        cout << res << endl;\n        if (r == 2) {\n            swap(now, prev);\n            int cnt3 = 0;\n            for (int j = 0; j <= 10000; j++) {\n                if (fie[j][now] > 0 && fie[j][prev] == 0) cnt3++;\n                if (fie[j][now] == 0 && fie[j][prev] > 0) cnt3++;\n                fie[j][now] = fie[j][prev];\n            }\n            res2 += cnt3;\n            cout << res2 << endl;\n        }\n    }\n    return 0;\n}')"
2025-01-24 19:34:14,230	[INFO]	Step: 68
2025-01-24 19:34:14,230	[INFO]	Stop Steps: 100
2025-01-24 19:34:15,061	[DEBUG]	EXEC>  SUCCESS 3334656.75
2025-01-24 19:34:15,061	[INFO]	6-9     SUCCESS              *3334656.75 (74.86%) [2 edit(s)]  
2025-01-24 19:34:15,061	[DEBUG]	patch(6-9)="LineLLMCrossover(('source.cpp', 12), '#include <iostream>\n#include <algorithm>\n#include <cstring>\n#include <cstdio>\n#include <vector>\n#include <array>\nusing namespace std;\n\ntypedef vector<int> PP;\ntypedef vector<PP> P;\n\nint n, r;\n\nstruct block {\n    int x1, x2, y, f;\n};\n\nblock b[20002];\narray<array<int, 2>, 10002> fie; // Using std::array for better performance and memory usage\n\nbool comp(const block &b1, const block &b2) {\n    return b1.y < b2.y;\n}\n\nint main(void) {\n    while (1) {\n        scanf("%d%d", &n, &r);\n        if (n == 0 && r == 0) break;\n\n        fie.fill({0, 0}); // Efficient reset using std::array\n\n        for (int i = 0; i < n; i++) {\n            int y1, y2;\n            scanf("%d%d%d%d", &b[i * 2].x1, &y1, &b[i * 2].x2, &y2);\n            b[i * 2].x2--;\n            b[i * 2 + 1].x1 = b[i * 2].x1;\n            b[i * 2 + 1].x2 = b[i * 2].x2;\n            b[i * 2].y = y1;\n            b[i * 2 + 1].y = y2;\n            b[i * 2].f = 1;\n            b[i * 2 + 1].f = -1;\n        }\n\n        sort(b, b + n * 2, comp);\n        int ny = 0;\n        int now = 0, prev = 1;\n        int res = 0, res2 = 0;\n\n        for (int i = 0; i < n * 2; i++) {\n            if (ny != b[i].y) {\n                swap(now, prev);\n                int cnt = 0, cnt2 = 0, bt = 0, cnt3 = 0;\n                for (int j = 0; j <= 10000; j++) {\n                    if (fie[j][now] > 0 && fie[j][prev] == 0) cnt3++;\n                    if (fie[j][now] == 0 && fie[j][prev] > 0) cnt3++;\n                    fie[j][now] = fie[j][prev];\n                    if (fie[j][now] > 0) {\n                        cnt++;\n                        if (bt == 0) cnt2++, bt = 1;\n                    } else bt = 0;\n                }\n                res += cnt * (b[i].y - ny);\n                res2 += cnt2 * 2 * (b[i].y - ny) + cnt3;\n            }\n            ny = b[i].y;\n            for (int j = b[i].x1; j <= b[i].x2; j++) fie[j][now] += b[i].f;\n        }\n\n        printf("%d\\n", res);\n        if (r == 2) {\n            swap(now, prev);\n            int cnt3 = 0;\n            for (int j = 0; j <= 10000; j++) {\n                if (fie[j][now] > 0 && fie[j][prev] == 0) cnt3++;\n                if (fie[j][now] == 0 && fie[j][prev] > 0) cnt3++;\n                fie[j][now] = fie[j][prev];\n            }\n            res2 += cnt3;\n            printf("%d\\n", res2);\n        }\n    }\n    return 0;\n}') | LineLLMMutation(('source.cpp', 32), '#include <iostream>\n#include <algorithm>\n#include <cstring>\n#include <cstdio>\n#include <vector>\n#include <array>\nusing namespace std;\n\ntypedef vector<int> PP;\ntypedef vector<PP> P;\n\nint n, r;\n\nstruct block {\n    int x1, x2, y, f;\n};\n\nblock b[20002];\narray<array<int, 2>, 10002> fie; // Using std::array for better performance and memory usage\n\nbool comp(const block &b1, const block &b2) {\n    return b1.y < b2.y;\n}\n\nint main(void) {\n    while (1) {\n        scanf("%d%d", &n, &r);\n        if (n == 0 && r == 0) break;\n\n        fie.fill({0, 0}); // Efficient reset using std::array\n\n        for (int i = 0; i < n; i++) {\n            int y1, y2;\n            // Optimized to read multiple integers in a single scan\n            scanf("%d%d%d%d", &b[i*2].x1, &y1, &b[i*2].x2, &y2);\n            b[i*2].x2--; // Decrement x2 directly\n            b[i*2 + 1] = {b[i*2].x1, b[i*2].x2, y2, -1}; // Direct initialization\n            b[i*2].y = y1;\n            b[i*2].f = 1;\n        }\n\n        sort(b, b + n * 2, comp);\n        int ny = 0;\n        int now = 0, prev = 1;\n        int res = 0, res2 = 0;\n\n        for (int i = 0; i < n * 2; i++) {\n            if (ny != b[i].y) {\n                swap(now, prev);\n                int cnt = 0, cnt2 = 0, bt = 0, cnt3 = 0;\n                for (int j = 0; j <= 10000; j++) {\n                    if (fie[j][now] > 0 && fie[j][prev] == 0) cnt3++;\n                    if (fie[j][now] == 0 && fie[j][prev] > 0) cnt3++;\n                    fie[j][now] = fie[j][prev];\n                    if (fie[j][now] > 0) {\n                        cnt++;\n                        if (bt == 0) cnt2++, bt = 1;\n                    } else bt = 0;\n                }\n                res += cnt * (b[i].y - ny);\n                res2 += cnt2 * 2 * (b[i].y - ny) + cnt3;\n            }\n            ny = b[i].y;\n            for (int j = b[i].x1; j <= b[i].x2; j++) fie[j][now] += b[i].f;\n        }\n\n        printf("%d\\n", res);\n        if (r == 2) {\n            swap(now, prev);\n            int cnt3 = 0;\n            for (int j = 0; j <= 10000; j++) {\n                if (fie[j][now] > 0 && fie[j][prev] == 0) cnt3++;\n                if (fie[j][now] == 0 && fie[j][prev] > 0) cnt3++;\n                fie[j][now] = fie[j][prev];\n            }\n            res2 += cnt3;\n            printf("%d\\n", res2);\n        }\n    }\n    return 0;\n}')"

2025-01-24 19:34:15,062	[INFO]	Step: 69
2025-01-24 19:34:15,062	[INFO]	Stop Steps: 100
2025-01-24 19:34:15,750	[DEBUG]	EXEC>  SUCCESS 2964220.125
2025-01-24 19:34:15,750	[INFO]	6-10    SUCCESS              *2964220.12 (66.54%) [3 edit(s)]  
2025-01-24 19:34:15,750	[DEBUG]	patch(6-10)="LineLLMCrossover(('source.cpp', 13), '#include <iostream>\n#include <algorithm>\n#include <cstring>\n#include <cstdio>\n#include <vector>\nusing namespace std;\n\ntypedef vector<int> PP;\ntypedef vector<PP> P;\n\nint n, r;\n\nstruct block {\n    int x1, x2, y, f;\n};\n\nblock b[20002];\nint fie[10002][2] = {}; // Directly initializing to zero\n\nbool comp(const block &b1, const block &b2) {\n    return b1.y < b2.y;\n}\n\nint main(void) {\n    while (1) {\n        scanf("%d%d", &n, &r);\n        if (n == 0 && r == 0) break;\n\n        memset(fie, 0, sizeof(fie)); // Efficient reset using memset\n\n        for (int i = 0; i < n; i++) {\n            int y1, y2;\n            scanf("%d%d%d%d", &b[i * 2].x1, &y1, &b[i * 2].x2, &y2);\n            b[i * 2].x2--;\n            b[i * 2 + 1].x1 = b[i * 2].x1;\n            b[i * 2 + 1].x2 = b[i * 2].x2;\n            b[i * 2].y = y1;\n            b[i * 2 + 1].y = y2;\n            b[i * 2].f = 1;\n            b[i * 2 + 1].f = -1;\n        }\n\n        sort(b, b + n * 2, comp);\n        int ny = 0;\n        int now = 0, prev = 1;\n        int res = 0, res2 = 0;\n\n        for (int i = 0; i < n * 2; i++) {\n            if (ny != b[i].y) {\n                swap(now, prev);\n                int cnt = 0, cnt2 = 0, bt = 0, cnt3 = 0;\n                for (int j = 0; j <= 10000; j++) {\n                    if (fie[j][now] > 0 && fie[j][prev] == 0) cnt3++;\n                    if (fie[j][now] == 0 && fie[j][prev] > 0) cnt3++;\n                    fie[j][now] = fie[j][prev];\n                    if (fie[j][now] > 0) {\n                        cnt++;\n                        if (bt == 0) cnt2++, bt = 1;\n                    } else bt = 0;\n                }\n                res += cnt * (b[i].y - ny);\n                res2 += cnt2 * 2 * (b[i].y - ny) + cnt3;\n            }\n            ny = b[i].y;\n            for (int j = b[i].x1; j <= b[i].x2; j++) fie[j][now] += b[i].f;\n        }\n\n        printf("%d\\n", res);\n        if (r == 2) {\n            swap(now, prev);\n            int cnt3 = 0;\n            for (int j = 0; j <= 10000; j++) {\n                if (fie[j][now] > 0 && fie[j][prev] == 0) cnt3++;\n                if (fie[j][now] == 0 && fie[j][prev] > 0) cnt3++;\n                fie[j][now] = fie[j][prev];\n            }\n            res2 += cnt3;\n            printf("%d\\n", res2);\n        }\n    }\n    return 0;\n}') | LineLLMMutation(('source.cpp', 29), '#include <iostream>\n#include <algorithm>\n#include <cstring>\n#include <cstdio>\n#include <vector>\nusing namespace std;\n\ntypedef vector<int> PP;\ntypedef vector<PP> P;\n\nint n, r;\n\nstruct block {\n    int x1, x2, y, f;\n};\n\nblock b[20002];\nint fie[10002][2] = {}; // Directly initializing to zero\n\nbool comp(const block &b1, const block &b2) {\n    return b1.y < b2.y;\n}\n\nint main(void) {\n    while (1) {\n        scanf("%d%d", &n, &r);\n        if (n == 0 && r == 0) break;\n\n        memset(fie, 0, sizeof(fie)); // Efficient reset using memset\n\n        for (int i = 0; i < n; i++) {\n            int y1, y2;\n            scanf("%d%d%d%d", &b[i * 2].x1, &y1, &b[i * 2].x2, &y2);\n            b[i * 2].x2--;\n            b[i * 2 + 1].x1 = b[i * 2].x1;\n            b[i * 2 + 1].x2 = b[i * 2].x2;\n            b[i * 2].y = y1;\n            b[i * 2 + 1].y = y2;\n            b[i * 2].f = 1;\n            b[i * 2 + 1].f = -1;\n        }\n\n        sort(b, b + n * 2, comp);\n        int ny = 0;\n        int now = 0, prev = 1;\n        int res = 0, res2 = 0;\n\n        for (int i = 0; i < n * 2; i++) {\n            if (ny != b[i].y) {\n                swap(now, prev);\n                int cnt = 0, cnt2 = 0, bt = 0, cnt3 = 0;\n                for (int j = 0; j <= 10000; j++) {\n                    if (fie[j][now] > 0 && fie[j][prev] == 0) cnt3++;\n                    if (fie[j][now] == 0 && fie[j][prev] > 0) cnt3++;\n                    fie[j][now] = fie[j][prev];\n                    if (fie[j][now] > 0) {\n                        cnt++;\n                        if (bt == 0) cnt2++, bt = 1;\n                    } else bt = 0;\n                }\n                res += cnt * (b[i].y - ny);\n                res2 += cnt2 * 2 * (b[i].y - ny) + cnt3;\n            }\n            ny = b[i].y;\n            for (int j = b[i].x1; j <= b[i].x2; j++) fie[j][now] += b[i].f;\n        }\n\n        printf("%d\\n", res);\n        if (r == 2) {\n            swap(now, prev);\n            int cnt3 = 0;\n            for (int j = 0; j <= 10000; j++) {\n                if (fie[j][now] > 0 && fie[j][prev] == 0) cnt3++;\n                if (fie[j][now] == 0 && fie[j][prev] > 0) cnt3++;\n                fie[j][now] = fie[j][prev];\n            }\n            res2 += cnt3;\n            printf("%d\\n", res2);\n        }\n    }\n    return 0;\n}') | LineLLMMutation(('source.cpp', 33), '#include <iostream>\n#include <algorithm>\n#include <cstring>\n#include <cstdio>\n#include <vector>\nusing namespace std;\n\ntypedef vector<int> PP;\ntypedef vector<PP> P;\n\nint n, r;\n\nstruct block {\n    int x1, x2, y, f;\n};\n\nblock b[20002];\nint fie[10002][2] = {}; // Directly initializing to zero\n\nbool comp(const block &b1, const block &b2) {\n    return b1.y < b2.y;\n}\n\nint main(void) {\n    while (1) {\n        scanf("%d%d", &n, &r);\n        if (n == 0 && r == 0) break;\n\n        // Replacing memset with a simple loop for initialization\n        for (int i = 0; i < 10002; ++i) {\n            fie[i][0] = 0;\n            fie[i][1] = 0;\n        }\n\n        for (int i = 0; i < n; i++) {\n            int y1, y2;\n            scanf("%d%d%d%d", &b[i * 2].x1, &y1, &b[i * 2].x2, &y2);\n            b[i * 2].x2--;\n            b[i * 2 + 1].x1 = b[i * 2].x1;\n            b[i * 2 + 1].x2 = b[i * 2].x2;\n            b[i * 2].y = y1;\n            b[i * 2 + 1].y = y2;\n            b[i * 2].f = 1;\n            b[i * 2 + 1].f = -1;\n        }\n\n        sort(b, b + n * 2, comp);\n        int ny = 0;\n        int now = 0, prev = 1;\n        int res = 0, res2 = 0;\n\n        for (int i = 0; i < n * 2; i++) {\n            if (ny != b[i].y) {\n                swap(now, prev);\n                int cnt = 0, cnt2 = 0, bt = 0, cnt3 = 0;\n                for (int j = 0; j <= 10000; j++) {\n                    if (fie[j][now] > 0 && fie[j][prev] == 0) cnt3++;\n                    if (fie[j][now] == 0 && fie[j][prev] > 0) cnt3++;\n                    fie[j][now] = fie[j][prev];\n                    if (fie[j][now] > 0) {\n                        cnt++;\n                        if (bt == 0) cnt2++, bt = 1;\n                    } else bt = 0;\n                }\n                res += cnt * (b[i].y - ny);\n                res2 += cnt2 * 2 * (b[i].y - ny) + cnt3;\n            }\n            ny = b[i].y;\n            for (int j = b[i].x1; j <= b[i].x2; j++) fie[j][now] += b[i].f;\n        }\n\n        printf("%d\\n", res);\n        if (r == 2) {\n            swap(now, prev);\n            int cnt3 = 0;\n            for (int j = 0; j <= 10000; j++) {\n                if (fie[j][now] > 0 && fie[j][prev] == 0) cnt3++;\n                if (fie[j][now] == 0 && fie[j][prev] > 0) cnt3++;\n                fie[j][now] = fie[j][prev];\n            }\n            res2 += cnt3;\n            printf("%d\\n", res2);\n        }\n    }\n    return 0;\n}')"

2025-01-24 19:34:15,750	[INFO]	Step: 70
2025-01-24 19:34:15,750	[INFO]	Stop Steps: 100
2025-01-24 19:34:17,487	[DEBUG]	EXEC>  SUCCESS 3558957.6875
2025-01-24 19:34:17,487	[INFO]	REF     SUCCESS               3558957.69 (--) [0 edit(s)]  
2025-01-24 19:34:17,487	[INFO]	Best patch: 13_29_33
2025-01-24 19:34:18,185	[DEBUG]	EXEC>  SUCCESS 3211846.1875
2025-01-24 19:34:18,186	[INFO]	BEST    SUCCESS              *3211846.19 (90.25%) [0 edit(s)]  
2025-01-24 19:34:18,186	[INFO]	Best patch step: 69
2025-01-24 19:36:08,246	[INFO]	Step: 70
2025-01-24 19:36:08,246	[INFO]	Stop Steps: 100
2025-01-24 19:36:09,072	[DEBUG]	EXEC>  SUCCESS 3170618.125
2025-01-24 19:36:09,072	[INFO]	7-1     SUCCESS              *3170618.12 (89.09%) [3 edit(s)]  
2025-01-24 19:36:09,072	[DEBUG]	patch(7-1)="LineLLMCrossover(('source.cpp', 13), '#include <iostream>\n#include <algorithm>\n#include <cstring>\n#include <cstdio>\n#include <vector>\nusing namespace std;\n\ntypedef vector<int> PP;\ntypedef vector<PP> P;\n\nint n, r;\n\nstruct block {\n    int x1, x2, y, f;\n};\n\nblock b[20002];\nint fie[10002][2] = {}; // Directly initializing to zero\n\nbool comp(const block &b1, const block &b2) {\n    return b1.y < b2.y;\n}\n\nint main(void) {\n    while (1) {\n        scanf("%d%d", &n, &r);\n        if (n == 0 && r == 0) break;\n\n        memset(fie, 0, sizeof(fie)); // Efficient reset using memset\n\n        for (int i = 0; i < n; i++) {\n            int y1, y2;\n            scanf("%d%d%d%d", &b[i * 2].x1, &y1, &b[i * 2].x2, &y2);\n            b[i * 2].x2--;\n            b[i * 2 + 1].x1 = b[i * 2].x1;\n            b[i * 2 + 1].x2 = b[i * 2].x2;\n            b[i * 2].y = y1;\n            b[i * 2 + 1].y = y2;\n            b[i * 2].f = 1;\n            b[i * 2 + 1].f = -1;\n        }\n\n        sort(b, b + n * 2, comp);\n        int ny = 0;\n        int now = 0, prev = 1;\n        int res = 0, res2 = 0;\n\n        for (int i = 0; i < n * 2; i++) {\n            if (ny != b[i].y) {\n                swap(now, prev);\n                int cnt = 0, cnt2 = 0, bt = 0, cnt3 = 0;\n                for (int j = 0; j <= 10000; j++) {\n                    if (fie[j][now] > 0 && fie[j][prev] == 0) cnt3++;\n                    if (fie[j][now] == 0 && fie[j][prev] > 0) cnt3++;\n                    fie[j][now] = fie[j][prev];\n                    if (fie[j][now] > 0) {\n                        cnt++;\n                        if (bt == 0) cnt2++, bt = 1;\n                    } else bt = 0;\n                }\n                res += cnt * (b[i].y - ny);\n                res2 += cnt2 * 2 * (b[i].y - ny) + cnt3;\n            }\n            ny = b[i].y;\n            for (int j = b[i].x1; j <= b[i].x2; j++) fie[j][now] += b[i].f;\n        }\n\n        printf("%d\\n", res);\n        if (r == 2) {\n            swap(now, prev);\n            int cnt3 = 0;\n            for (int j = 0; j <= 10000; j++) {\n                if (fie[j][now] > 0 && fie[j][prev] == 0) cnt3++;\n                if (fie[j][now] == 0 && fie[j][prev] > 0) cnt3++;\n                fie[j][now] = fie[j][prev];\n            }\n            res2 += cnt3;\n            printf("%d\\n", res2);\n        }\n    }\n    return 0;\n}') | LineLLMMutation(('source.cpp', 29), '#include <iostream>\n#include <algorithm>\n#include <cstring>\n#include <cstdio>\n#include <vector>\nusing namespace std;\n\ntypedef vector<int> PP;\ntypedef vector<PP> P;\n\nint n, r;\n\nstruct block {\n    int x1, x2, y, f;\n};\n\nblock b[20002];\nint fie[10002][2] = {}; // Directly initializing to zero\n\nbool comp(const block &b1, const block &b2) {\n    return b1.y < b2.y;\n}\n\nint main(void) {\n    while (1) {\n        scanf("%d%d", &n, &r);\n        if (n == 0 && r == 0) break;\n\n        memset(fie, 0, sizeof(fie)); // Efficient reset using memset\n\n        for (int i = 0; i < n; i++) {\n            int y1, y2;\n            scanf("%d%d%d%d", &b[i * 2].x1, &y1, &b[i * 2].x2, &y2);\n            b[i * 2].x2--;\n            b[i * 2 + 1].x1 = b[i * 2].x1;\n            b[i * 2 + 1].x2 = b[i * 2].x2;\n            b[i * 2].y = y1;\n            b[i * 2 + 1].y = y2;\n            b[i * 2].f = 1;\n            b[i * 2 + 1].f = -1;\n        }\n\n        sort(b, b + n * 2, comp);\n        int ny = 0;\n        int now = 0, prev = 1;\n        int res = 0, res2 = 0;\n\n        for (int i = 0; i < n * 2; i++) {\n            if (ny != b[i].y) {\n                swap(now, prev);\n                int cnt = 0, cnt2 = 0, bt = 0, cnt3 = 0;\n                for (int j = 0; j <= 10000; j++) {\n                    if (fie[j][now] > 0 && fie[j][prev] == 0) cnt3++;\n                    if (fie[j][now] == 0 && fie[j][prev] > 0) cnt3++;\n                    fie[j][now] = fie[j][prev];\n                    if (fie[j][now] > 0) {\n                        cnt++;\n                        if (bt == 0) cnt2++, bt = 1;\n                    } else bt = 0;\n                }\n                res += cnt * (b[i].y - ny);\n                res2 += cnt2 * 2 * (b[i].y - ny) + cnt3;\n            }\n            ny = b[i].y;\n            for (int j = b[i].x1; j <= b[i].x2; j++) fie[j][now] += b[i].f;\n        }\n\n        printf("%d\\n", res);\n        if (r == 2) {\n            swap(now, prev);\n            int cnt3 = 0;\n            for (int j = 0; j <= 10000; j++) {\n                if (fie[j][now] > 0 && fie[j][prev] == 0) cnt3++;\n                if (fie[j][now] == 0 && fie[j][prev] > 0) cnt3++;\n                fie[j][now] = fie[j][prev];\n            }\n            res2 += cnt3;\n            printf("%d\\n", res2);\n        }\n    }\n    return 0;\n}') | LineLLMMutation(('source.cpp', 33), '#include <iostream>\n#include <algorithm>\n#include <cstring>\n#include <cstdio>\n#include <vector>\nusing namespace std;\n\ntypedef vector<int> PP;\ntypedef vector<PP> P;\n\nint n, r;\n\nstruct block {\n    int x1, x2, y, f;\n};\n\nblock b[20002];\nint fie[10002][2] = {}; // Directly initializing to zero\n\nbool comp(const block &b1, const block &b2) {\n    return b1.y < b2.y;\n}\n\nint main(void) {\n    while (1) {\n        scanf("%d%d", &n, &r);\n        if (n == 0 && r == 0) break;\n\n        // Replacing memset with a simple loop for initialization\n        for (int i = 0; i < 10002; ++i) {\n            fie[i][0] = 0;\n            fie[i][1] = 0;\n        }\n\n        for (int i = 0; i < n; i++) {\n            int y1, y2;\n            scanf("%d%d%d%d", &b[i * 2].x1, &y1, &b[i * 2].x2, &y2);\n            b[i * 2].x2--;\n            b[i * 2 + 1].x1 = b[i * 2].x1;\n            b[i * 2 + 1].x2 = b[i * 2].x2;\n            b[i * 2].y = y1;\n            b[i * 2 + 1].y = y2;\n            b[i * 2].f = 1;\n            b[i * 2 + 1].f = -1;\n        }\n\n        sort(b, b + n * 2, comp);\n        int ny = 0;\n        int now = 0, prev = 1;\n        int res = 0, res2 = 0;\n\n        for (int i = 0; i < n * 2; i++) {\n            if (ny != b[i].y) {\n                swap(now, prev);\n                int cnt = 0, cnt2 = 0, bt = 0, cnt3 = 0;\n                for (int j = 0; j <= 10000; j++) {\n                    if (fie[j][now] > 0 && fie[j][prev] == 0) cnt3++;\n                    if (fie[j][now] == 0 && fie[j][prev] > 0) cnt3++;\n                    fie[j][now] = fie[j][prev];\n                    if (fie[j][now] > 0) {\n                        cnt++;\n                        if (bt == 0) cnt2++, bt = 1;\n                    } else bt = 0;\n                }\n                res += cnt * (b[i].y - ny);\n                res2 += cnt2 * 2 * (b[i].y - ny) + cnt3;\n            }\n            ny = b[i].y;\n            for (int j = b[i].x1; j <= b[i].x2; j++) fie[j][now] += b[i].f;\n        }\n\n        printf("%d\\n", res);\n        if (r == 2) {\n            swap(now, prev);\n            int cnt3 = 0;\n            for (int j = 0; j <= 10000; j++) {\n                if (fie[j][now] > 0 && fie[j][prev] == 0) cnt3++;\n                if (fie[j][now] == 0 && fie[j][prev] > 0) cnt3++;\n                fie[j][now] = fie[j][prev];\n            }\n            res2 += cnt3;\n            printf("%d\\n", res2);\n        }\n    }\n    return 0;\n}')"

2025-01-24 19:36:09,073	[INFO]	Step: 71
2025-01-24 19:36:09,073	[INFO]	Stop Steps: 100
2025-01-24 19:36:09,799	[DEBUG]	EXEC>  SUCCESS 3227050.625
2025-01-24 19:36:09,799	[INFO]	7-2     SUCCESS               3227050.62 (90.67%) [2 edit(s)]  
2025-01-24 19:36:09,799	[DEBUG]	patch(7-2)="LineLLMCrossover(('source.cpp', 12), '#include <iostream>\n#include <algorithm>\n#include <cstring>\n#include <cstdio>\n#include <vector>\n#include <array>\nusing namespace std;\n\ntypedef vector<int> PP;\ntypedef vector<PP> P;\n\nint n, r;\n\nstruct block {\n    int x1, x2, y, f;\n};\n\nblock b[20002];\narray<array<int, 2>, 10002> fie; // Using std::array for better performance and memory usage\n\nbool comp(const block &b1, const block &b2) {\n    return b1.y < b2.y;\n}\n\nint main(void) {\n    while (1) {\n        scanf("%d%d", &n, &r);\n        if (n == 0 && r == 0) break;\n\n        fie.fill({0, 0}); // Efficient reset using std::array\n\n        for (int i = 0; i < n; i++) {\n            int y1, y2;\n            scanf("%d%d%d%d", &b[i * 2].x1, &y1, &b[i * 2].x2, &y2);\n            b[i * 2].x2--;\n            b[i * 2 + 1].x1 = b[i * 2].x1;\n            b[i * 2 + 1].x2 = b[i * 2].x2;\n            b[i * 2].y = y1;\n            b[i * 2 + 1].y = y2;\n            b[i * 2].f = 1;\n            b[i * 2 + 1].f = -1;\n        }\n\n        sort(b, b + n * 2, comp);\n        int ny = 0;\n        int now = 0, prev = 1;\n        int res = 0, res2 = 0;\n\n        for (int i = 0; i < n * 2; i++) {\n            if (ny != b[i].y) {\n                swap(now, prev);\n                int cnt = 0, cnt2 = 0, bt = 0, cnt3 = 0;\n                for (int j = 0; j <= 10000; j++) {\n                    if (fie[j][now] > 0 && fie[j][prev] == 0) cnt3++;\n                    if (fie[j][now] == 0 && fie[j][prev] > 0) cnt3++;\n                    fie[j][now] = fie[j][prev];\n                    if (fie[j][now] > 0) {\n                        cnt++;\n                        if (bt == 0) cnt2++, bt = 1;\n                    } else bt = 0;\n                }\n                res += cnt * (b[i].y - ny);\n                res2 += cnt2 * 2 * (b[i].y - ny) + cnt3;\n            }\n            ny = b[i].y;\n            for (int j = b[i].x1; j <= b[i].x2; j++) fie[j][now] += b[i].f;\n        }\n\n        printf("%d\\n", res);\n        if (r == 2) {\n            swap(now, prev);\n            int cnt3 = 0;\n            for (int j = 0; j <= 10000; j++) {\n                if (fie[j][now] > 0 && fie[j][prev] == 0) cnt3++;\n                if (fie[j][now] == 0 && fie[j][prev] > 0) cnt3++;\n                fie[j][now] = fie[j][prev];\n            }\n            res2 += cnt3;\n            printf("%d\\n", res2);\n        }\n    }\n    return 0;\n}') | LineLLMMutation(('source.cpp', 32), '#include <iostream>\n#include <algorithm>\n#include <cstring>\n#include <cstdio>\n#include <vector>\n#include <array>\nusing namespace std;\n\ntypedef vector<int> PP;\ntypedef vector<PP> P;\n\nint n, r;\n\nstruct block {\n    int x1, x2, y, f;\n};\n\nblock b[20002];\narray<array<int, 2>, 10002> fie; // Using std::array for better performance and memory usage\n\nbool comp(const block &b1, const block &b2) {\n    return b1.y < b2.y;\n}\n\nint main(void) {\n    while (1) {\n        scanf("%d%d", &n, &r);\n        if (n == 0 && r == 0) break;\n\n        fie.fill({0, 0}); // Efficient reset using std::array\n\n        for (int i = 0; i < n; i++) {\n            int y1, y2;\n            // Optimized to read multiple integers in a single scan\n            scanf("%d%d%d%d", &b[i*2].x1, &y1, &b[i*2].x2, &y2);\n            b[i*2].x2--; // Decrement x2 directly\n            b[i*2 + 1] = {b[i*2].x1, b[i*2].x2, y2, -1}; // Direct initialization\n            b[i*2].y = y1;\n            b[i*2].f = 1;\n        }\n\n        sort(b, b + n * 2, comp);\n        int ny = 0;\n        int now = 0, prev = 1;\n        int res = 0, res2 = 0;\n\n        for (int i = 0; i < n * 2; i++) {\n            if (ny != b[i].y) {\n                swap(now, prev);\n                int cnt = 0, cnt2 = 0, bt = 0, cnt3 = 0;\n                for (int j = 0; j <= 10000; j++) {\n                    if (fie[j][now] > 0 && fie[j][prev] == 0) cnt3++;\n                    if (fie[j][now] == 0 && fie[j][prev] > 0) cnt3++;\n                    fie[j][now] = fie[j][prev];\n                    if (fie[j][now] > 0) {\n                        cnt++;\n                        if (bt == 0) cnt2++, bt = 1;\n                    } else bt = 0;\n                }\n                res += cnt * (b[i].y - ny);\n                res2 += cnt2 * 2 * (b[i].y - ny) + cnt3;\n            }\n            ny = b[i].y;\n            for (int j = b[i].x1; j <= b[i].x2; j++) fie[j][now] += b[i].f;\n        }\n\n        printf("%d\\n", res);\n        if (r == 2) {\n            swap(now, prev);\n            int cnt3 = 0;\n            for (int j = 0; j <= 10000; j++) {\n                if (fie[j][now] > 0 && fie[j][prev] == 0) cnt3++;\n                if (fie[j][now] == 0 && fie[j][prev] > 0) cnt3++;\n                fie[j][now] = fie[j][prev];\n            }\n            res2 += cnt3;\n            printf("%d\\n", res2);\n        }\n    }\n    return 0;\n}')"
2025-01-24 19:36:09,799	[INFO]	Step: 72
2025-01-24 19:36:09,799	[INFO]	Stop Steps: 100
2025-01-24 19:36:10,103	[INFO]	7-3     COMPILE_CODE_ERROR    None (--) [1 edit(s)]  
2025-01-24 19:36:10,104	[DEBUG]	patch(7-3)="LineLLMCrossover(('source.cpp', 24), '#include <iostream>\n#include <algorithm>\n#include <array>\n#include <cstdio>\nusing namespace std;\n\ntypedef vector<int> PP;\ntypedef vector<PP> P;\n\nint n, r;\n\nstruct block {\n    int x1, x2, y, f;\n};\n\nblock b[20002];\narray<array<int, 2>, 10002> fie; // Using std::array for better performance\n\nbool comp(const block &b1, const block &b2) {\n    return b1.y < b2.y;\n}\n\nint main(void) {\n    while (true) {\n        scanf("%d%d", &n, &r);\n        if (n == 0 && r == 0) break;\n\n        fie.fill({0, 0}); // Efficient reset using std::array\n\n        for (int i = 0; i < n; i++) {\n            int y1, y2;\n            scanf("%d%d%d%d", &b[i * 2].x1, &y1, &b[i * 2].x2, &y2);\n            b[i * 2].x2--;\n            b[i * 2 + 1] = {b[i * 2].x1, b[i * 2].x2, y2, -1}; // Direct initialization\n            b[i * 2].y = y1;\n            b[i * 2].f = 1;\n        }\n\n        sort(b, b + n * 2, comp);\n        int ny = 0;\n        int now = 0, prev = 1;\n        int res = 0, res2 = 0;\n\n        for (int i = 0; i < n * 2; i++) {\n            if (ny != b[i].y) {\n                swap(now, prev);\n                int cnt = 0, cnt2 = 0, bt = 0, cnt3 = 0;\n                for (int j = 0; j <= 10000; j++) {\n                    if (fie[j][now] > 0 && fie[j][prev] == 0) cnt3++;\n                    if (fie[j][now] == 0 && fie[j][prev] > 0) cnt3++;\n                    fie[j][now] = fie[j][prev];\n                    if (fie[j][now] > 0) {\n                        cnt++;\n                        if (bt == 0) cnt2++, bt = 1;\n                    } else bt = 0;\n                }\n                res += cnt * (b[i].y - ny);\n                res2 += cnt2 * 2 * (b[i].y - ny) + cnt3;\n            }\n            ny = b[i].y;\n            for (int j = b[i].x1; j <= b[i].x2; j++) fie[j][now] += b[i].f;\n        }\n\n        printf("%d\\n", res);\n        if (r == 2) {\n            swap(now, prev);\n            int cnt3 = 0;\n            for (int j = 0; j <= 10000; j++) {\n                if (fie[j][now] > 0 && fie[j][prev] == 0) cnt3++;\n                if (fie[j][now] == 0 && fie[j][prev] > 0) cnt3++;\n                fie[j][now] = fie[j][prev];\n            }\n            res2 += cnt3;\n            printf("%d\\n", res2);\n        }\n    }\n    return 0;\n}')"
2025-01-24 19:36:10,104	[INFO]	Step: 73
2025-01-24 19:36:10,104	[INFO]	Stop Steps: 100
2025-01-24 19:36:10,384	[INFO]	7-4     COMPILE_CODE_ERROR    None (--) [1 edit(s)]  
2025-01-24 19:36:10,384	[DEBUG]	patch(7-4)="LineLLMCrossover(('source.cpp', 25), '#include <iostream>\n#include <algorithm>\n#include <array>\n#include <cstdio>\nusing namespace std;\n\ntypedef vector<int> PP;\ntypedef vector<PP> P;\n\nint n, r;\n\nstruct block {\n    int x1, x2, y, f;\n};\n\nblock b[20002];\narray<array<int, 2>, 10002> fie; // Better performance using std::array\n\nbool comp(const block &b1, const block &b2) {\n    return b1.y < b2.y;\n}\n\nint main(void) {\n    while (true) {\n        cin >> n >> r;\n        if (n == 0 && r == 0) break;\n\n        fie.fill({0, 0}); // Efficient reset\n\n        for (int i = 0; i < n; i++) {\n            int y1, y2;\n            cin >> b[i * 2].x1 >> y1 >> b[i * 2].x2 >> y2;\n            b[i * 2].x2--;\n            b[i * 2 + 1] = {b[i * 2].x1, b[i * 2].x2, y2, -1}; // Direct initialization\n            b[i * 2].y = y1;\n            b[i * 2].f = 1;\n        }\n\n        sort(b, b + n * 2, comp);\n        int ny = 0;\n        int now = 0, prev = 1;\n        int res = 0, res2 = 0;\n\n        for (int i = 0; i < n * 2; i++) {\n            if (ny != b[i].y) {\n                swap(now, prev);\n                int cnt = 0, cnt2 = 0, bt = 0, cnt3 = 0;\n                for (int j = 0; j <= 10000; j++) {\n                    if (fie[j][now] > 0 && fie[j][prev] == 0) cnt3++;\n                    if (fie[j][now] == 0 && fie[j][prev] > 0) cnt3++;\n                    fie[j][now] = fie[j][prev];\n                    if (fie[j][now] > 0) {\n                        cnt++;\n                        if (bt == 0) cnt2++, bt = 1;\n                    } else bt = 0;\n                }\n                res += cnt * (b[i].y - ny);\n                res2 += cnt2 * 2 * (b[i].y - ny) + cnt3;\n            }\n            ny = b[i].y;\n            for (int j = b[i].x1; j <= b[i].x2; j++) fie[j][now] += b[i].f;\n        }\n\n        cout << res << endl;\n        if (r == 2) {\n            swap(now, prev);\n            int cnt3 = 0;\n            for (int j = 0; j <= 10000; j++) {\n                if (fie[j][now] > 0 && fie[j][prev] == 0) cnt3++;\n                if (fie[j][now] == 0 && fie[j][prev] > 0) cnt3++;\n                fie[j][now] = fie[j][prev];\n            }\n            res2 += cnt3;\n            cout << res2 << endl;\n        }\n    }\n    return 0;\n}')"
2025-01-24 19:36:10,384	[INFO]	Step: 74
2025-01-24 19:36:10,384	[INFO]	Stop Steps: 100
2025-01-24 19:36:10,696	[INFO]	7-5     COMPILE_CODE_ERROR    None (--) [1 edit(s)]  
2025-01-24 19:36:10,696	[DEBUG]	patch(7-5)="LineLLMCrossover(('source.cpp', 26), '#include <iostream>\n#include <algorithm>\n#include <array>\n#include <cstdio>\nusing namespace std;\n\ntypedef vector<int> PP;\ntypedef vector<PP> P;\n\nint n, r;\n\nstruct block {\n    int x1, x2, y, f;\n};\n\nblock b[20002];\narray<array<int, 2>, 10002> fie; // Improved memory usage\n\nbool comp(const block &b1, const block &b2) {\n    return b1.y < b2.y;\n}\n\nint main(void) {\n    while (true) {\n        scanf("%d%d", &n, &r);\n        if (n == 0 && r == 0) break;\n\n        fie.fill({0, 0}); // Reset using std::array\n\n        for (int i = 0; i < n; ++i) {\n            int y1, y2;\n            scanf("%d%d%d%d", &b[i * 2].x1, &y1, &b[i * 2].x2, &y2);\n            b[i * 2].x2--;\n            b[i * 2 + 1] = {b[i * 2].x1, b[i * 2].x2, y2, -1}; // Direct initialization\n            b[i * 2].y = y1;\n            b[i * 2].f = 1;\n        }\n\n        sort(b, b + n * 2, comp);\n        int ny = 0, now = 0, prev = 1, res = 0, res2 = 0;\n\n        for (int i = 0; i < n * 2; i++) {\n            if (ny != b[i].y) {\n                swap(now, prev);\n                int cnt = 0, cnt2 = 0, bt = 0, cnt3 = 0;\n                for (int j = 0; j <= 10000; j++) {\n                    if (fie[j][now] > 0 && fie[j][prev] == 0) cnt3++;\n                    if (fie[j][now] == 0 && fie[j][prev] > 0) cnt3++;\n                    fie[j][now] = fie[j][prev];\n                    if (fie[j][now] > 0) {\n                        cnt++;\n                        if (bt == 0) cnt2++, bt = 1;\n                    } else bt = 0;\n                }\n                res += cnt * (b[i].y - ny);\n                res2 += cnt2 * 2 * (b[i].y - ny) + cnt3;\n            }\n            ny = b[i].y;\n            for (int j = b[i].x1; j <= b[i].x2; j++) fie[j][now] += b[i].f;\n        }\n\n        printf("%d\\n", res);\n        if (r == 2) {\n            swap(now, prev);\n            int cnt3 = 0;\n            for (int j = 0; j <= 10000; j++) {\n                if (fie[j][now] > 0 && fie[j][prev] == 0) cnt3++;\n                if (fie[j][now] == 0 && fie[j][prev] > 0) cnt3++;\n                fie[j][now] = fie[j][prev];\n            }\n            res2 += cnt3;\n            printf("%d\\n", res2);\n        }\n    }\n    return 0;\n}')"
2025-01-24 19:36:10,697	[INFO]	Step: 75
2025-01-24 19:36:10,697	[INFO]	Stop Steps: 100
2025-01-24 19:36:10,945	[INFO]	7-6     COMPILE_CODE_ERROR    None (--) [1 edit(s)]  
2025-01-24 19:36:10,946	[DEBUG]	patch(7-6)="LineLLMCrossover(('source.cpp', 27), '#include <iostream>\n#include <algorithm>\n#include <array>\n#include <cstdio>\nusing namespace std;\n\ntypedef vector<int> PP;\ntypedef vector<PP> P;\n\nint n, r;\n\nstruct block {\n    int x1, x2, y, f;\n};\n\nblock b[20002];\narray<array<int, 2>, 10002> fie; // Improved memory handling with std::array\n\nbool comp(const block &b1, const block &b2) {\n    return b1.y < b2.y;\n}\n\nint main(void) {\n    while (true) {\n        scanf("%d%d", &n, &r);\n        if (n == 0 && r == 0) break;\n\n        fie.fill({0, 0}); // Efficient reset\n\n        for (int i = 0; i < n; i++) {\n            int y1, y2;\n            scanf("%d%d%d%d", &b[i * 2].x1, &y1, &b[i * 2].x2, &y2);\n            b[i * 2].x2--;\n            b[i * 2 + 1] = {b[i * 2].x1, b[i * 2].x2, y2, -1}; // Direct initialization\n            b[i * 2].y = y1;\n            b[i * 2].f = 1;\n        }\n\n        sort(b, b + n * 2, comp);\n        int ny = 0, now = 0, prev = 1, res = 0, res2 = 0;\n\n        for (int i = 0; i < n * 2; i++) {\n            if (ny != b[i].y) {\n                swap(now, prev);\n                int cnt = 0, cnt2 = 0, bt = 0, cnt3 = 0;\n                for (int j = 0; j <= 10000; j++) {\n                    if (fie[j][now] > 0 && fie[j][prev] == 0) cnt3++;\n                    if (fie[j][now] == 0 && fie[j][prev] > 0) cnt3++;\n                    fie[j][now] = fie[j][prev];\n                    if (fie[j][now] > 0) {\n                        cnt++;\n                        if (bt == 0) cnt2++, bt = 1;\n                    } else bt = 0;\n                }\n                res += cnt * (b[i].y - ny);\n                res2 += cnt2 * 2 * (b[i].y - ny) + cnt3;\n            }\n            ny = b[i].y;\n            for (int j = b[i].x1; j <= b[i].x2; j++) fie[j][now] += b[i].f;\n        }\n\n        printf("%d\\n", res);\n        if (r == 2) {\n            swap(now, prev);\n            int cnt3 = 0;\n            for (int j = 0; j <= 10000; j++) {\n                if (fie[j][now] > 0 && fie[j][prev] == 0) cnt3++;\n                if (fie[j][now] == 0 && fie[j][prev] > 0) cnt3++;\n                fie[j][now] = fie[j][prev];\n            }\n            res2 += cnt3;\n            printf("%d\\n", res2);\n        }\n    }\n    return 0;\n}')"
2025-01-24 19:36:10,946	[INFO]	Step: 76
2025-01-24 19:36:10,946	[INFO]	Stop Steps: 100
2025-01-24 19:36:11,769	[DEBUG]	EXEC>  SUCCESS 3881521.8125
2025-01-24 19:36:11,770	[INFO]	7-7     SUCCESS               3881521.81 (109.06%) [4 edit(s)]  
2025-01-24 19:36:11,770	[DEBUG]	patch(7-7)="LineLLMCrossover(('source.cpp', 13), '#include <iostream>\n#include <algorithm>\n#include <cstring>\n#include <cstdio>\n#include <vector>\nusing namespace std;\n\ntypedef vector<int> PP;\ntypedef vector<PP> P;\n\nint n, r;\n\nstruct block {\n    int x1, x2, y, f;\n};\n\nblock b[20002];\nint fie[10002][2] = {}; // Directly initializing to zero\n\nbool comp(const block &b1, const block &b2) {\n    return b1.y < b2.y;\n}\n\nint main(void) {\n    while (1) {\n        scanf("%d%d", &n, &r);\n        if (n == 0 && r == 0) break;\n\n        memset(fie, 0, sizeof(fie)); // Efficient reset using memset\n\n        for (int i = 0; i < n; i++) {\n            int y1, y2;\n            scanf("%d%d%d%d", &b[i * 2].x1, &y1, &b[i * 2].x2, &y2);\n            b[i * 2].x2--;\n            b[i * 2 + 1].x1 = b[i * 2].x1;\n            b[i * 2 + 1].x2 = b[i * 2].x2;\n            b[i * 2].y = y1;\n            b[i * 2 + 1].y = y2;\n            b[i * 2].f = 1;\n            b[i * 2 + 1].f = -1;\n        }\n\n        sort(b, b + n * 2, comp);\n        int ny = 0;\n        int now = 0, prev = 1;\n        int res = 0, res2 = 0;\n\n        for (int i = 0; i < n * 2; i++) {\n            if (ny != b[i].y) {\n                swap(now, prev);\n                int cnt = 0, cnt2 = 0, bt = 0, cnt3 = 0;\n                for (int j = 0; j <= 10000; j++) {\n                    if (fie[j][now] > 0 && fie[j][prev] == 0) cnt3++;\n                    if (fie[j][now] == 0 && fie[j][prev] > 0) cnt3++;\n                    fie[j][now] = fie[j][prev];\n                    if (fie[j][now] > 0) {\n                        cnt++;\n                        if (bt == 0) cnt2++, bt = 1;\n                    } else bt = 0;\n                }\n                res += cnt * (b[i].y - ny);\n                res2 += cnt2 * 2 * (b[i].y - ny) + cnt3;\n            }\n            ny = b[i].y;\n            for (int j = b[i].x1; j <= b[i].x2; j++) fie[j][now] += b[i].f;\n        }\n\n        printf("%d\\n", res);\n        if (r == 2) {\n            swap(now, prev);\n            int cnt3 = 0;\n            for (int j = 0; j <= 10000; j++) {\n                if (fie[j][now] > 0 && fie[j][prev] == 0) cnt3++;\n                if (fie[j][now] == 0 && fie[j][prev] > 0) cnt3++;\n                fie[j][now] = fie[j][prev];\n            }\n            res2 += cnt3;\n            printf("%d\\n", res2);\n        }\n    }\n    return 0;\n}') | LineLLMMutation(('source.cpp', 29), '#include <iostream>\n#include <algorithm>\n#include <cstring>\n#include <cstdio>\n#include <vector>\nusing namespace std;\n\ntypedef vector<int> PP;\ntypedef vector<PP> P;\n\nint n, r;\n\nstruct block {\n    int x1, x2, y, f;\n};\n\nblock b[20002];\nint fie[10002][2] = {}; // Directly initializing to zero\n\nbool comp(const block &b1, const block &b2) {\n    return b1.y < b2.y;\n}\n\nint main(void) {\n    while (1) {\n        scanf("%d%d", &n, &r);\n        if (n == 0 && r == 0) break;\n\n        memset(fie, 0, sizeof(fie)); // Efficient reset using memset\n\n        for (int i = 0; i < n; i++) {\n            int y1, y2;\n            scanf("%d%d%d%d", &b[i * 2].x1, &y1, &b[i * 2].x2, &y2);\n            b[i * 2].x2--;\n            b[i * 2 + 1].x1 = b[i * 2].x1;\n            b[i * 2 + 1].x2 = b[i * 2].x2;\n            b[i * 2].y = y1;\n            b[i * 2 + 1].y = y2;\n            b[i * 2].f = 1;\n            b[i * 2 + 1].f = -1;\n        }\n\n        sort(b, b + n * 2, comp);\n        int ny = 0;\n        int now = 0, prev = 1;\n        int res = 0, res2 = 0;\n\n        for (int i = 0; i < n * 2; i++) {\n            if (ny != b[i].y) {\n                swap(now, prev);\n                int cnt = 0, cnt2 = 0, bt = 0, cnt3 = 0;\n                for (int j = 0; j <= 10000; j++) {\n                    if (fie[j][now] > 0 && fie[j][prev] == 0) cnt3++;\n                    if (fie[j][now] == 0 && fie[j][prev] > 0) cnt3++;\n                    fie[j][now] = fie[j][prev];\n                    if (fie[j][now] > 0) {\n                        cnt++;\n                        if (bt == 0) cnt2++, bt = 1;\n                    } else bt = 0;\n                }\n                res += cnt * (b[i].y - ny);\n                res2 += cnt2 * 2 * (b[i].y - ny) + cnt3;\n            }\n            ny = b[i].y;\n            for (int j = b[i].x1; j <= b[i].x2; j++) fie[j][now] += b[i].f;\n        }\n\n        printf("%d\\n", res);\n        if (r == 2) {\n            swap(now, prev);\n            int cnt3 = 0;\n            for (int j = 0; j <= 10000; j++) {\n                if (fie[j][now] > 0 && fie[j][prev] == 0) cnt3++;\n                if (fie[j][now] == 0 && fie[j][prev] > 0) cnt3++;\n                fie[j][now] = fie[j][prev];\n            }\n            res2 += cnt3;\n            printf("%d\\n", res2);\n        }\n    }\n    return 0;\n}') | LineLLMMutation(('source.cpp', 33), '#include <iostream>\n#include <algorithm>\n#include <cstring>\n#include <cstdio>\n#include <vector>\nusing namespace std;\n\ntypedef vector<int> PP;\ntypedef vector<PP> P;\n\nint n, r;\n\nstruct block {\n    int x1, x2, y, f;\n};\n\nblock b[20002];\nint fie[10002][2] = {}; // Directly initializing to zero\n\nbool comp(const block &b1, const block &b2) {\n    return b1.y < b2.y;\n}\n\nint main(void) {\n    while (1) {\n        scanf("%d%d", &n, &r);\n        if (n == 0 && r == 0) break;\n\n        // Replacing memset with a simple loop for initialization\n        for (int i = 0; i < 10002; ++i) {\n            fie[i][0] = 0;\n            fie[i][1] = 0;\n        }\n\n        for (int i = 0; i < n; i++) {\n            int y1, y2;\n            scanf("%d%d%d%d", &b[i * 2].x1, &y1, &b[i * 2].x2, &y2);\n            b[i * 2].x2--;\n            b[i * 2 + 1].x1 = b[i * 2].x1;\n            b[i * 2 + 1].x2 = b[i * 2].x2;\n            b[i * 2].y = y1;\n            b[i * 2 + 1].y = y2;\n            b[i * 2].f = 1;\n            b[i * 2 + 1].f = -1;\n        }\n\n        sort(b, b + n * 2, comp);\n        int ny = 0;\n        int now = 0, prev = 1;\n        int res = 0, res2 = 0;\n\n        for (int i = 0; i < n * 2; i++) {\n            if (ny != b[i].y) {\n                swap(now, prev);\n                int cnt = 0, cnt2 = 0, bt = 0, cnt3 = 0;\n                for (int j = 0; j <= 10000; j++) {\n                    if (fie[j][now] > 0 && fie[j][prev] == 0) cnt3++;\n                    if (fie[j][now] == 0 && fie[j][prev] > 0) cnt3++;\n                    fie[j][now] = fie[j][prev];\n                    if (fie[j][now] > 0) {\n                        cnt++;\n                        if (bt == 0) cnt2++, bt = 1;\n                    } else bt = 0;\n                }\n                res += cnt * (b[i].y - ny);\n                res2 += cnt2 * 2 * (b[i].y - ny) + cnt3;\n            }\n            ny = b[i].y;\n            for (int j = b[i].x1; j <= b[i].x2; j++) fie[j][now] += b[i].f;\n        }\n\n        printf("%d\\n", res);\n        if (r == 2) {\n            swap(now, prev);\n            int cnt3 = 0;\n            for (int j = 0; j <= 10000; j++) {\n                if (fie[j][now] > 0 && fie[j][prev] == 0) cnt3++;\n                if (fie[j][now] == 0 && fie[j][prev] > 0) cnt3++;\n                fie[j][now] = fie[j][prev];\n            }\n            res2 += cnt3;\n            printf("%d\\n", res2);\n        }\n    }\n    return 0;\n}') | LineLLMMutation(('source.cpp', 34), '#include <iostream>\n#include <algorithm>\n#include <cstring>\n#include <cstdio>\n#include <vector>\nusing namespace std;\n\ntypedef vector<int> PP;\ntypedef vector<PP> P;\n\nint n, r;\n\nstruct block {\n    int x1, x2, y, f;\n};\n\nblock b[20002];\nint fie[10002][2] = {}; // Retaining direct initialization to zero\n\nbool comp(const block &b1, const block &b2) {\n    return b1.y < b2.y;\n}\n\nint main(void) {\n    while (1) {\n        scanf("%d%d", &n, &r);\n        if (n == 0 && r == 0) break;\n\n        // Removed the explicit initialization loop as the array is already initialized to zero\n        // This reduces unnecessary operations\n\n        for (int i = 0; i < n; i++) {\n            int y1, y2;\n            scanf("%d%d%d%d", &b[i * 2].x1, &y1, &b[i * 2].x2, &y2);\n            b[i * 2].x2--;\n            b[i * 2 + 1].x1 = b[i * 2].x1;\n            b[i * 2 + 1].x2 = b[i * 2].x2;\n            b[i * 2].y = y1;\n            b[i * 2 + 1].y = y2;\n            b[i * 2].f = 1;\n            b[i * 2 + 1].f = -1;\n        }\n\n        sort(b, b + n * 2, comp);\n        int ny = 0;\n        int now = 0, prev = 1;\n        int res = 0, res2 = 0;\n\n        for (int i = 0; i < n * 2; i++) {\n            if (ny != b[i].y) {\n                swap(now, prev);\n                int cnt = 0, cnt2 = 0, bt = 0, cnt3 = 0;\n                for (int j = 0; j <= 10000; j++) {\n                    if (fie[j][now] > 0 && fie[j][prev] == 0) cnt3++;\n                    if (fie[j][now] == 0 && fie[j][prev] > 0) cnt3++;\n                    fie[j][now] = fie[j][prev];\n                    if (fie[j][now] > 0) {\n                        cnt++;\n                        if (bt == 0) cnt2++, bt = 1;\n                    } else bt = 0;\n                }\n                res += cnt * (b[i].y - ny);\n                res2 += cnt2 * 2 * (b[i].y - ny) + cnt3;\n            }\n            ny = b[i].y;\n            for (int j = b[i].x1; j <= b[i].x2; j++) fie[j][now] += b[i].f;\n        }\n\n        printf("%d\\n", res);\n        if (r == 2) {\n            swap(now, prev);\n            int cnt3 = 0;\n            for (int j = 0; j <= 10000; j++) {\n                if (fie[j][now] > 0 && fie[j][prev] == 0) cnt3++;\n                if (fie[j][now] == 0 && fie[j][prev] > 0) cnt3++;\n                fie[j][now] = fie[j][prev];\n            }\n            res2 += cnt3;\n            printf("%d\\n", res2);\n        }\n    }\n    return 0;\n}')"
2025-01-24 19:36:11,770	[INFO]	Step: 77
2025-01-24 19:36:11,770	[INFO]	Stop Steps: 100
2025-01-24 19:36:12,529	[DEBUG]	EXEC>  SUCCESS 3727946.8125
2025-01-24 19:36:12,530	[INFO]	7-8     SUCCESS               3727946.81 (104.75%) [3 edit(s)]  
2025-01-24 19:36:12,530	[DEBUG]	patch(7-8)="LineLLMCrossover(('source.cpp', 12), '#include <iostream>\n#include <algorithm>\n#include <cstring>\n#include <cstdio>\n#include <vector>\n#include <array>\nusing namespace std;\n\ntypedef vector<int> PP;\ntypedef vector<PP> P;\n\nint n, r;\n\nstruct block {\n    int x1, x2, y, f;\n};\n\nblock b[20002];\narray<array<int, 2>, 10002> fie; // Using std::array for better performance and memory usage\n\nbool comp(const block &b1, const block &b2) {\n    return b1.y < b2.y;\n}\n\nint main(void) {\n    while (1) {\n        scanf("%d%d", &n, &r);\n        if (n == 0 && r == 0) break;\n\n        fie.fill({0, 0}); // Efficient reset using std::array\n\n        for (int i = 0; i < n; i++) {\n            int y1, y2;\n            scanf("%d%d%d%d", &b[i * 2].x1, &y1, &b[i * 2].x2, &y2);\n            b[i * 2].x2--;\n            b[i * 2 + 1].x1 = b[i * 2].x1;\n            b[i * 2 + 1].x2 = b[i * 2].x2;\n            b[i * 2].y = y1;\n            b[i * 2 + 1].y = y2;\n            b[i * 2].f = 1;\n            b[i * 2 + 1].f = -1;\n        }\n\n        sort(b, b + n * 2, comp);\n        int ny = 0;\n        int now = 0, prev = 1;\n        int res = 0, res2 = 0;\n\n        for (int i = 0; i < n * 2; i++) {\n            if (ny != b[i].y) {\n                swap(now, prev);\n                int cnt = 0, cnt2 = 0, bt = 0, cnt3 = 0;\n                for (int j = 0; j <= 10000; j++) {\n                    if (fie[j][now] > 0 && fie[j][prev] == 0) cnt3++;\n                    if (fie[j][now] == 0 && fie[j][prev] > 0) cnt3++;\n                    fie[j][now] = fie[j][prev];\n                    if (fie[j][now] > 0) {\n                        cnt++;\n                        if (bt == 0) cnt2++, bt = 1;\n                    } else bt = 0;\n                }\n                res += cnt * (b[i].y - ny);\n                res2 += cnt2 * 2 * (b[i].y - ny) + cnt3;\n            }\n            ny = b[i].y;\n            for (int j = b[i].x1; j <= b[i].x2; j++) fie[j][now] += b[i].f;\n        }\n\n        printf("%d\\n", res);\n        if (r == 2) {\n            swap(now, prev);\n            int cnt3 = 0;\n            for (int j = 0; j <= 10000; j++) {\n                if (fie[j][now] > 0 && fie[j][prev] == 0) cnt3++;\n                if (fie[j][now] == 0 && fie[j][prev] > 0) cnt3++;\n                fie[j][now] = fie[j][prev];\n            }\n            res2 += cnt3;\n            printf("%d\\n", res2);\n        }\n    }\n    return 0;\n}') | LineLLMMutation(('source.cpp', 32), '#include <iostream>\n#include <algorithm>\n#include <cstring>\n#include <cstdio>\n#include <vector>\n#include <array>\nusing namespace std;\n\ntypedef vector<int> PP;\ntypedef vector<PP> P;\n\nint n, r;\n\nstruct block {\n    int x1, x2, y, f;\n};\n\nblock b[20002];\narray<array<int, 2>, 10002> fie; // Using std::array for better performance and memory usage\n\nbool comp(const block &b1, const block &b2) {\n    return b1.y < b2.y;\n}\n\nint main(void) {\n    while (1) {\n        scanf("%d%d", &n, &r);\n        if (n == 0 && r == 0) break;\n\n        fie.fill({0, 0}); // Efficient reset using std::array\n\n        for (int i = 0; i < n; i++) {\n            int y1, y2;\n            // Optimized to read multiple integers in a single scan\n            scanf("%d%d%d%d", &b[i*2].x1, &y1, &b[i*2].x2, &y2);\n            b[i*2].x2--; // Decrement x2 directly\n            b[i*2 + 1] = {b[i*2].x1, b[i*2].x2, y2, -1}; // Direct initialization\n            b[i*2].y = y1;\n            b[i*2].f = 1;\n        }\n\n        sort(b, b + n * 2, comp);\n        int ny = 0;\n        int now = 0, prev = 1;\n        int res = 0, res2 = 0;\n\n        for (int i = 0; i < n * 2; i++) {\n            if (ny != b[i].y) {\n                swap(now, prev);\n                int cnt = 0, cnt2 = 0, bt = 0, cnt3 = 0;\n                for (int j = 0; j <= 10000; j++) {\n                    if (fie[j][now] > 0 && fie[j][prev] == 0) cnt3++;\n                    if (fie[j][now] == 0 && fie[j][prev] > 0) cnt3++;\n                    fie[j][now] = fie[j][prev];\n                    if (fie[j][now] > 0) {\n                        cnt++;\n                        if (bt == 0) cnt2++, bt = 1;\n                    } else bt = 0;\n                }\n                res += cnt * (b[i].y - ny);\n                res2 += cnt2 * 2 * (b[i].y - ny) + cnt3;\n            }\n            ny = b[i].y;\n            for (int j = b[i].x1; j <= b[i].x2; j++) fie[j][now] += b[i].f;\n        }\n\n        printf("%d\\n", res);\n        if (r == 2) {\n            swap(now, prev);\n            int cnt3 = 0;\n            for (int j = 0; j <= 10000; j++) {\n                if (fie[j][now] > 0 && fie[j][prev] == 0) cnt3++;\n                if (fie[j][now] == 0 && fie[j][prev] > 0) cnt3++;\n                fie[j][now] = fie[j][prev];\n            }\n            res2 += cnt3;\n            printf("%d\\n", res2);\n        }\n    }\n    return 0;\n}') | LineLLMMutation(('source.cpp', 35), '#include <iostream>\n#include <algorithm>\n#include <cstring>\n#include <cstdio>\n#include <vector>\n#include <array>\nusing namespace std;\n\ntypedef vector<int> PP;\ntypedef vector<PP> P;\n\nint n, r;\n\nstruct block {\n    int x1, x2, y, f;\n};\n\nblock b[20002];\narray<array<int, 2>, 10002> fie; // Using std::array for better performance and memory usage\n\nbool comp(const block &b1, const block &b2) {\n    return b1.y < b2.y;\n}\n\nint main(void) {\n    while (1) {\n        scanf("%d%d", &n, &r);\n        if (n == 0 && r == 0) break;\n\n        fie.fill({0, 0}); // Efficient reset using std::array\n\n        for (int i = 0; i < n; i++) {\n            int y1, y2, x1, x2;\n            // Separated input for better clarity and efficiency in reading\n            scanf("%d%d", &x1, &y1);\n            scanf("%d%d", &x2, &y2);\n            b[i*2].x1 = x1;\n            b[i*2].x2 = x2 - 1; // Decrement x2 directly\n            b[i*2].y = y1;\n            b[i*2].f = 1;\n            b[i*2 + 1] = {x1, x2 - 1, y2, -1}; // Direct initialization\n        }\n\n        sort(b, b + n * 2, comp);\n        int ny = 0;\n        int now = 0, prev = 1;\n        int res = 0, res2 = 0;\n\n        for (int i = 0; i < n * 2; i++) {\n            if (ny != b[i].y) {\n                swap(now, prev);\n                int cnt = 0, cnt2 = 0, bt = 0, cnt3 = 0;\n                for (int j = 0; j <= 10000; j++) {\n                    if (fie[j][now] > 0 && fie[j][prev] == 0) cnt3++;\n                    if (fie[j][now] == 0 && fie[j][prev] > 0) cnt3++;\n                    fie[j][now] = fie[j][prev];\n                    if (fie[j][now] > 0) {\n                        cnt++;\n                        if (bt == 0) cnt2++, bt = 1;\n                    } else bt = 0;\n                }\n                res += cnt * (b[i].y - ny);\n                res2 += cnt2 * 2 * (b[i].y - ny) + cnt3;\n            }\n            ny = b[i].y;\n            for (int j = b[i].x1; j <= b[i].x2; j++) fie[j][now] += b[i].f;\n        }\n\n        printf("%d\\n", res);\n        if (r == 2) {\n            swap(now, prev);\n            int cnt3 = 0;\n            for (int j = 0; j <= 10000; j++) {\n                if (fie[j][now] > 0 && fie[j][prev] == 0) cnt3++;\n                if (fie[j][now] == 0 && fie[j][prev] > 0) cnt3++;\n                fie[j][now] = fie[j][prev];\n            }\n            res2 += cnt3;\n            printf("%d\\n", res2);\n        }\n    }\n    return 0;\n}')"
2025-01-24 19:36:12,530	[INFO]	Step: 78
2025-01-24 19:36:12,530	[INFO]	Stop Steps: 100
2025-01-24 19:36:13,023	[DEBUG]	EXEC>  SUCCESS 1963096.3125
2025-01-24 19:36:13,024	[INFO]	7-9     SUCCESS              *1963096.31 (55.16%) [5 edit(s)]  
2025-01-24 19:36:13,024	[DEBUG]	patch(7-9)="LineLLMMutation(('source.cpp', 3), '#include <iostream>\n#include <algorithm>\n#include <cstring>\n#include <cstdio>\n#include <vector>\n#include <map>\n#include <array>\nusing namespace std;\n\ntypedef vector<int> PP;\ntypedef vector<PP> P;\n\nint n, r;\n\nstruct block {\n    int x1, x2, y, f;\n};\n\nblock b[20002];\narray<array<int, 2>, 10002> fie; // Using std::array\n\nbool comp(const block &b1, const block &b2) {\n    return b1.y < b2.y;\n}\n\nint main(void) {\n    while (1) {\n        scanf("%d%d", &n, &r);\n        if (n == 0 && r == 0) break;\n\n        fie.fill({0, 0}); // Initialize using std::array\n\n        for (int i = 0; i < n; i++) {\n            int y1, y2;\n            scanf("%d%d%d%d", &b[i * 2].x1, &y1, &b[i * 2].x2, &y2);\n            b[i * 2].x2--;\n            b[i * 2 + 1].x1 = b[i * 2].x1;\n            b[i * 2 + 1].x2 = b[i * 2].x2;\n            b[i * 2].y = y1;\n            b[i * 2 + 1].y = y2;\n            b[i * 2].f = 1;\n            b[i * 2 + 1].f = -1;\n        }\n\n        sort(b, b + n * 2, comp);\n        int ny = 0;\n        int now = 0, prev = 1;\n        int res = 0, res2 = 0;\n\n        for (int i = 0; i < n * 2; i++) {\n            if (ny != b[i].y) {\n                swap(now, prev);\n                int cnt = 0, cnt2 = 0, bt = 0, cnt3 = 0;\n                for (int j = 0; j <= 10000; j++) {\n                    if (fie[j][now] > 0 && fie[j][prev] == 0) cnt3++;\n                    if (fie[j][now] == 0 && fie[j][prev] > 0) cnt3++;\n                    fie[j][now] = fie[j][prev];\n                    if (fie[j][now] > 0) {\n                        cnt++;\n                        if (bt == 0) cnt2++, bt = 1;\n                    } else bt = 0;\n                }\n                res += cnt * (b[i].y - ny);\n                res2 += cnt2 * 2 * (b[i].y - ny) + cnt3;\n            }\n            ny = b[i].y;\n            for (int j = b[i].x1; j <= b[i].x2; j++) fie[j][now] += b[i].f;\n        }\n\n        printf("%d\\n", res);\n        if (r == 2) {\n            swap(now, prev);\n            int cnt3 = 0;\n            for (int j = 0; j <= 10000; j++) {\n                if (fie[j][now] > 0 && fie[j][prev] == 0) cnt3++;\n                if (fie[j][now] == 0 && fie[j][prev] > 0) cnt3++;\n                fie[j][now] = fie[j][prev];\n            }\n            res2 += cnt3;\n            printf("%d\\n", res2);\n        }\n    }\n    return 0;\n}') | LineLLMMutation(('source.cpp', 14), '#include <iostream>\n#include <algorithm>\n#include <cstring>\n#include <cstdio>\n#include <vector>\nusing namespace std;\n\ntypedef vector<int> PP;\ntypedef vector<PP> P;\n\nint n, r;\n\nstruct block {\n    int x1, x2, y, f;\n};\n\nblock b[20002];\nint fie[10002][2]; // Changed to a simple 2D array for better performance\n\nbool comp(const block &b1, const block &b2) {\n    return b1.y < b2.y;\n}\n\nint main(void) {\n    while (1) {\n        scanf("%d%d", &n, &r);\n        if (n == 0 && r == 0) break;\n\n        memset(fie, 0, sizeof(fie)); // Initialize using memset for speed\n\n        for (int i = 0; i < n; i++) {\n            int y1, y2;\n            scanf("%d%d%d%d", &b[i * 2].x1, &y1, &b[i * 2].x2, &y2);\n            b[i * 2].x2--;\n            b[i * 2 + 1].x1 = b[i * 2].x1;\n            b[i * 2 + 1].x2 = b[i * 2].x2;\n            b[i * 2].y = y1;\n            b[i * 2 + 1].y = y2;\n            b[i * 2].f = 1;\n            b[i * 2 + 1].f = -1;\n        }\n\n        sort(b, b + n * 2, comp);\n        int ny = 0;\n        int now = 0, prev = 1;\n        int res = 0, res2 = 0;\n\n        for (int i = 0; i < n * 2; i++) {\n            if (ny != b[i].y) {\n                swap(now, prev);\n                int cnt = 0, cnt2 = 0, bt = 0, cnt3 = 0;\n                for (int j = 0; j <= 10000; j++) {\n                    if (fie[j][now] > 0 && fie[j][prev] == 0) cnt3++;\n                    if (fie[j][now] == 0 && fie[j][prev] > 0) cnt3++;\n                    fie[j][now] = fie[j][prev];\n                    if (fie[j][now] > 0) {\n                        cnt++;\n                        if (bt == 0) cnt2++, bt = 1;\n                    } else bt = 0;\n                }\n                res += cnt * (b[i].y - ny);\n                res2 += cnt2 * 2 * (b[i].y - ny) + cnt3;\n            }\n            ny = b[i].y;\n            for (int j = b[i].x1; j <= b[i].x2; j++) fie[j][now] += b[i].f;\n        }\n\n        printf("%d\\n", res);\n        if (r == 2) {\n            swap(now, prev);\n            int cnt3 = 0;\n            for (int j = 0; j <= 10000; j++) {\n                if (fie[j][now] > 0 && fie[j][prev] == 0) cnt3++;\n                if (fie[j][now] == 0 && fie[j][prev] > 0) cnt3++;\n                fie[j][now] = fie[j][prev];\n            }\n            res2 += cnt3;\n            printf("%d\\n", res2);\n        }\n    }\n    return 0;\n}') | LineLLMMutation(('source.cpp', 18), '#include <iostream>\n#include <algorithm>\n#include <cstring>\n#include <cstdio>\n#include <vector>\n#include <array>\nusing namespace std;\n\ntypedef vector<int> PP;\ntypedef vector<PP> P;\n\nint n, r;\n\nstruct block {\n    int x1, x2, y, f;\n};\n\nblock b[20002];\narray<array<int, 2>, 10002> fie; // Changed to std::array for better performance and memory usage\n\nbool comp(const block &b1, const block &b2) {\n    return b1.y < b2.y;\n}\n\nint main(void) {\n    while (1) {\n        scanf("%d%d", &n, &r);\n        if (n == 0 && r == 0) break;\n\n        fie.fill({0, 0}); // Initialize using fill for clarity and performance\n\n        for (int i = 0; i < n; i++) {\n            int y1, y2;\n            scanf("%d%d%d%d", &b[i * 2].x1, &y1, &b[i * 2].x2, &y2);\n            b[i * 2].x2--;\n            b[i * 2 + 1].x1 = b[i * 2].x1;\n            b[i * 2 + 1].x2 = b[i * 2].x2;\n            b[i * 2].y = y1;\n            b[i * 2 + 1].y = y2;\n            b[i * 2].f = 1;\n            b[i * 2 + 1].f = -1;\n        }\n\n        sort(b, b + n * 2, comp);\n        int ny = 0;\n        int now = 0, prev = 1;\n        int res = 0, res2 = 0;\n\n        for (int i = 0; i < n * 2; i++) {\n            if (ny != b[i].y) {\n                swap(now, prev);\n                int cnt = 0, cnt2 = 0, bt = 0, cnt3 = 0;\n                for (int j = 0; j <= 10000; j++) {\n                    if (fie[j][now] > 0 && fie[j][prev] == 0) cnt3++;\n                    if (fie[j][now] == 0 && fie[j][prev] > 0) cnt3++;\n                    fie[j][now] = fie[j][prev];\n                    if (fie[j][now] > 0) {\n                        cnt++;\n                        if (bt == 0) cnt2++, bt = 1;\n                    } else bt = 0;\n                }\n                res += cnt * (b[i].y - ny);\n                res2 += cnt2 * 2 * (b[i].y - ny) + cnt3;\n            }\n            ny = b[i].y;\n            for (int j = b[i].x1; j <= b[i].x2; j++) fie[j][now] += b[i].f;\n        }\n\n        printf("%d\\n", res);\n        if (r == 2) {\n            swap(now, prev);\n            int cnt3 = 0;\n            for (int j = 0; j <= 10000; j++) {\n                if (fie[j][now] > 0 && fie[j][prev] == 0) cnt3++;\n                if (fie[j][now] == 0 && fie[j][prev] > 0) cnt3++;\n                fie[j][now] = fie[j][prev];\n            }\n            res2 += cnt3;\n            printf("%d\\n", res2);\n        }\n    }\n    return 0;\n}') | LineLLMMutation(('source.cpp', 28), '#include <iostream>\n#include <algorithm>\n#include <cstring>\n#include <cstdio>\n#include <vector>\n#include <array>\nusing namespace std;\n\ntypedef vector<int> PP;\ntypedef vector<PP> P;\n\nint n, r;\n\nstruct block {\n    int x1, x2, y, f;\n};\n\nblock b[20002];\nint fie[10002][2] = {}; // Changed to a 2D array for slightly better performance and reduced overhead\n\nbool comp(const block &b1, const block &b2) {\n    return b1.y < b2.y;\n}\n\nint main(void) {\n    while (1) {\n        scanf("%d%d", &n, &r);\n        if (n == 0 && r == 0) break;\n\n        for (int i = 0; i < n; i++) {\n            int y1, y2;\n            scanf("%d%d%d%d", &b[i * 2].x1, &y1, &b[i * 2].x2, &y2);\n            b[i * 2].x2--;\n            b[i * 2 + 1].x1 = b[i * 2].x1;\n            b[i * 2 + 1].x2 = b[i * 2].x2;\n            b[i * 2].y = y1;\n            b[i * 2 + 1].y = y2;\n            b[i * 2].f = 1;\n            b[i * 2 + 1].f = -1;\n        }\n\n        sort(b, b + n * 2, comp);\n        int ny = 0;\n        int now = 0, prev = 1;\n        int res = 0, res2 = 0;\n\n        for (int i = 0; i < n * 2; i++) {\n            if (ny != b[i].y) {\n                swap(now, prev);\n                int cnt = 0, cnt2 = 0, bt = 0, cnt3 = 0;\n                for (int j = 0; j <= 10000; j++) {\n                    if (fie[j][now] > 0 && fie[j][prev] == 0) cnt3++;\n                    if (fie[j][now] == 0 && fie[j][prev] > 0) cnt3++;\n                    fie[j][now] = fie[j][prev];\n                    if (fie[j][now] > 0) {\n                        cnt++;\n                        if (bt == 0) cnt2++, bt = 1;\n                    } else bt = 0;\n                }\n                res += cnt * (b[i].y - ny);\n                res2 += cnt2 * 2 * (b[i].y - ny) + cnt3;\n            }\n            ny = b[i].y;\n            for (int j = b[i].x1; j <= b[i].x2; j++) fie[j][now] += b[i].f;\n        }\n\n        printf("%d\\n", res);\n        if (r == 2) {\n            swap(now, prev);\n            int cnt3 = 0;\n            for (int j = 0; j <= 10000; j++) {\n                if (fie[j][now] > 0 && fie[j][prev] == 0) cnt3++;\n                if (fie[j][now] == 0 && fie[j][prev] > 0) cnt3++;\n                fie[j][now] = fie[j][prev];\n            }\n            res2 += cnt3;\n            printf("%d\\n", res2);\n        }\n    }\n    return 0;\n}') | LineLLMMutation(('source.cpp', 36), '#include <cstdio>\n#include <algorithm>\nusing namespace std;\n\nconst int MAX_N = 10002;\nconst int MAX_B = 20002;\n\nstruct block {\n    int x1, x2, y, f;\n};\n\nblock b[MAX_B];\nint fie[MAX_N][2] = {};\n\nbool comp(const block &b1, const block &b2) {\n    return b1.y < b2.y;\n}\n\nint main(void) {\n    int n, r;\n    while (scanf("%d%d", &n, &r) == 2 && (n || r)) {\n        for (int i = 0; i < n; i++) {\n            int y1, y2;\n            scanf("%d%d%d%d", &b[i * 2].x1, &y1, &b[i * 2].x2, &y2);\n            b[i * 2].x2--; // Decrement x2 for zero-indexed handling\n            b[i * 2 + 1] = {b[i * 2].x1, b[i * 2].x2, y2, -1}; // Simplified initialization\n            b[i * 2].y = y1;\n            b[i * 2].f = 1;\n        }\n\n        sort(b, b + n * 2, comp);\n        int ny = 0, now = 0, prev = 1, res = 0, res2 = 0;\n\n        for (int i = 0; i < n * 2; i++) {\n            if (ny != b[i].y) {\n                swap(now, prev);\n                int cnt = 0, cnt2 = 0, bt = 0, cnt3 = 0;\n                for (int j = 0; j <= MAX_N; j++) {\n                    if (fie[j][now] > 0 && fie[j][prev] == 0) cnt3++;\n                    if (fie[j][now] == 0 && fie[j][prev] > 0) cnt3++;\n                    fie[j][now] = fie[j][prev];\n                    if (fie[j][now] > 0) {\n                        cnt++;\n                        if (bt == 0) cnt2++, bt = 1;\n                    } else bt = 0;\n                }\n                res += cnt * (b[i].y - ny);\n                res2 += cnt2 * 2 * (b[i].y - ny) + cnt3;\n            }\n            ny = b[i].y;\n            for (int j = b[i].x1; j <= b[i].x2; j++) fie[j][now] += b[i].f;\n        }\n\n        printf("%d\\n", res);\n        if (r == 2) {\n            swap(now, prev);\n            int cnt3 = 0;\n            for (int j = 0; j <= MAX_N; j++) {\n                if (fie[j][now] > 0 && fie[j][prev] == 0) cnt3++;\n                if (fie[j][now] == 0 && fie[j][prev] > 0) cnt3++;\n                fie[j][now] = fie[j][prev];\n            }\n            res2 += cnt3;\n            printf("%d\\n", res2);\n        }\n    }\n    return 0;\n}')"

2025-01-24 19:36:13,024	[INFO]	Step: 79
2025-01-24 19:36:13,024	[INFO]	Stop Steps: 100
2025-01-24 19:36:13,768	[DEBUG]	EXEC>  SUCCESS 3744067.0625
2025-01-24 19:36:13,769	[INFO]	7-10    SUCCESS               3744067.06 (105.20%) [3 edit(s)]  
2025-01-24 19:36:13,769	[DEBUG]	patch(7-10)="LineLLMCrossover(('source.cpp', 12), '#include <iostream>\n#include <algorithm>\n#include <cstring>\n#include <cstdio>\n#include <vector>\n#include <array>\nusing namespace std;\n\ntypedef vector<int> PP;\ntypedef vector<PP> P;\n\nint n, r;\n\nstruct block {\n    int x1, x2, y, f;\n};\n\nblock b[20002];\narray<array<int, 2>, 10002> fie; // Using std::array for better performance and memory usage\n\nbool comp(const block &b1, const block &b2) {\n    return b1.y < b2.y;\n}\n\nint main(void) {\n    while (1) {\n        scanf("%d%d", &n, &r);\n        if (n == 0 && r == 0) break;\n\n        fie.fill({0, 0}); // Efficient reset using std::array\n\n        for (int i = 0; i < n; i++) {\n            int y1, y2;\n            scanf("%d%d%d%d", &b[i * 2].x1, &y1, &b[i * 2].x2, &y2);\n            b[i * 2].x2--;\n            b[i * 2 + 1].x1 = b[i * 2].x1;\n            b[i * 2 + 1].x2 = b[i * 2].x2;\n            b[i * 2].y = y1;\n            b[i * 2 + 1].y = y2;\n            b[i * 2].f = 1;\n            b[i * 2 + 1].f = -1;\n        }\n\n        sort(b, b + n * 2, comp);\n        int ny = 0;\n        int now = 0, prev = 1;\n        int res = 0, res2 = 0;\n\n        for (int i = 0; i < n * 2; i++) {\n            if (ny != b[i].y) {\n                swap(now, prev);\n                int cnt = 0, cnt2 = 0, bt = 0, cnt3 = 0;\n                for (int j = 0; j <= 10000; j++) {\n                    if (fie[j][now] > 0 && fie[j][prev] == 0) cnt3++;\n                    if (fie[j][now] == 0 && fie[j][prev] > 0) cnt3++;\n                    fie[j][now] = fie[j][prev];\n                    if (fie[j][now] > 0) {\n                        cnt++;\n                        if (bt == 0) cnt2++, bt = 1;\n                    } else bt = 0;\n                }\n                res += cnt * (b[i].y - ny);\n                res2 += cnt2 * 2 * (b[i].y - ny) + cnt3;\n            }\n            ny = b[i].y;\n            for (int j = b[i].x1; j <= b[i].x2; j++) fie[j][now] += b[i].f;\n        }\n\n        printf("%d\\n", res);\n        if (r == 2) {\n            swap(now, prev);\n            int cnt3 = 0;\n            for (int j = 0; j <= 10000; j++) {\n                if (fie[j][now] > 0 && fie[j][prev] == 0) cnt3++;\n                if (fie[j][now] == 0 && fie[j][prev] > 0) cnt3++;\n                fie[j][now] = fie[j][prev];\n            }\n            res2 += cnt3;\n            printf("%d\\n", res2);\n        }\n    }\n    return 0;\n}') | LineLLMMutation(('source.cpp', 27), '#include <iostream>\n#include <algorithm>\n#include <cstring>\n#include <vector>\n#include <array>\nusing namespace std;\n\ntypedef vector<int> PP;\ntypedef vector<PP> P;\n\nint n, r;\n\nstruct block {\n    int x1, x2, y, f;\n};\n\nblock b[20002];\narray<array<int, 2>, 10002> fie; // Using std::array for better performance and memory usage\n\nbool comp(const block &b1, const block &b2) {\n    return b1.y < b2.y;\n}\n\nint main(void) {\n    while (true) {\n        cin >> n >> r;\n        if (n == 0 && r == 0) break;\n\n        fie.fill({0, 0}); // Efficient reset using std::array\n\n        for (int i = 0; i < n; i++) {\n            int y1, y2;\n            cin >> b[i * 2].x1 >> y1 >> b[i * 2].x2 >> y2;\n            b[i * 2].x2--;\n            b[i * 2 + 1].x1 = b[i * 2].x1;\n            b[i * 2 + 1].x2 = b[i * 2].x2;\n            b[i * 2].y = y1;\n            b[i * 2 + 1].y = y2;\n            b[i * 2].f = 1;\n            b[i * 2 + 1].f = -1;\n        }\n\n        sort(b, b + n * 2, comp);\n        int ny = 0;\n        int now = 0, prev = 1;\n        int res = 0, res2 = 0;\n\n        for (int i = 0; i < n * 2; i++) {\n            if (ny != b[i].y) {\n                swap(now, prev);\n                int cnt = 0, cnt2 = 0, bt = 0, cnt3 = 0;\n                for (int j = 0; j <= 10000; j++) {\n                    if (fie[j][now] > 0 && fie[j][prev] == 0) cnt3++;\n                    if (fie[j][now] == 0 && fie[j][prev] > 0) cnt3++;\n                    fie[j][now] = fie[j][prev];\n                    if (fie[j][now] > 0) {\n                        cnt++;\n                        if (bt == 0) cnt2++, bt = 1;\n                    } else bt = 0;\n                }\n                res += cnt * (b[i].y - ny);\n                res2 += cnt2 * 2 * (b[i].y - ny) + cnt3;\n            }\n            ny = b[i].y;\n            for (int j = b[i].x1; j <= b[i].x2; j++) fie[j][now] += b[i].f;\n        }\n\n        cout << res << endl;\n        if (r == 2) {\n            swap(now, prev);\n            int cnt3 = 0;\n            for (int j = 0; j <= 10000; j++) {\n                if (fie[j][now] > 0 && fie[j][prev] == 0) cnt3++;\n                if (fie[j][now] == 0 && fie[j][prev] > 0) cnt3++;\n                fie[j][now] = fie[j][prev];\n            }\n            res2 += cnt3;\n            cout << res2 << endl;\n        }\n    }\n    return 0;\n}') | LineLLMMutation(('source.cpp', 37), '#include <iostream>\n#include <algorithm>\n#include <cstring>\n#include <vector>\n#include <array>\nusing namespace std;\n\ntypedef vector<int> PP;\ntypedef vector<PP> P;\n\nint n, r;\n\nstruct block {\n    int x1, x2, y, f;\n};\n\nblock b[20002];\narray<int, 10002> fie[2]; // Use a 2D array with two rows instead of std::array for faster access\n\nbool comp(const block &b1, const block &b2) {\n    return b1.y < b2.y;\n}\n\nint main(void) {\n    while (true) {\n        cin >> n >> r;\n        if (n == 0 && r == 0) break;\n\n        memset(fie, 0, sizeof(fie)); // Reset the array more efficiently\n\n        for (int i = 0; i < n; i++) {\n            int y1, y2;\n            cin >> b[i * 2].x1 >> y1 >> b[i * 2].x2 >> y2;\n            b[i * 2].x2--;\n            b[i * 2 + 1].x1 = b[i * 2].x1;\n            b[i * 2 + 1].x2 = b[i * 2].x2;\n            b[i * 2].y = y1;\n            b[i * 2 + 1].y = y2;\n            b[i * 2].f = 1;\n            b[i * 2 + 1].f = -1;\n        }\n\n        sort(b, b + n * 2, comp);\n        int ny = 0;\n        int now = 0, prev = 1;\n        int res = 0, res2 = 0;\n\n        for (int i = 0; i < n * 2; i++) {\n            if (ny != b[i].y) {\n                swap(now, prev);\n                int cnt = 0, cnt2 = 0, bt = 0, cnt3 = 0;\n                for (int j = 0; j <= 10000; j++) {\n                    if (fie[now][j] > 0 && fie[prev][j] == 0) cnt3++;\n                    if (fie[now][j] == 0 && fie[prev][j] > 0) cnt3++;\n                    fie[now][j] = fie[prev][j];\n                    if (fie[now][j] > 0) {\n                        cnt++;\n                        if (bt == 0) cnt2++, bt = 1;\n                    } else bt = 0;\n                }\n                res += cnt * (b[i].y - ny);\n                res2 += cnt2 * 2 * (b[i].y - ny) + cnt3;\n            }\n            ny = b[i].y;\n            for (int j = b[i].x1; j <= b[i].x2; j++) fie[now][j] += b[i].f;\n        }\n\n        cout << res << endl;\n        if (r == 2) {\n            swap(now, prev);\n            int cnt3 = 0;\n            for (int j = 0; j <= 10000; j++) {\n                if (fie[now][j] > 0 && fie[prev][j] == 0) cnt3++;\n                if (fie[now][j] == 0 && fie[prev][j] > 0) cnt3++;\n                fie[now][j] = fie[prev][j];\n            }\n            res2 += cnt3;\n            cout << res2 << endl;\n        }\n    }\n    return 0;\n}')"
2025-01-24 19:36:13,769	[INFO]	Step: 80
2025-01-24 19:36:13,769	[INFO]	Stop Steps: 100
2025-01-24 19:36:15,537	[DEBUG]	EXEC>  SUCCESS 3780651.0625
2025-01-24 19:36:15,537	[INFO]	REF     SUCCESS               3780651.06 (--) [0 edit(s)]  
2025-01-24 19:36:15,537	[INFO]	Best patch: 3_14_18_28_36
2025-01-24 19:36:16,031	[DEBUG]	EXEC>  SUCCESS 2029005.0625
2025-01-24 19:36:16,032	[INFO]	BEST    SUCCESS              *2029005.06 (53.67%) [0 edit(s)]  
2025-01-24 19:36:16,032	[INFO]	Best patch step: 78
2025-01-24 19:38:01,392	[INFO]	Step: 80
2025-01-24 19:38:01,392	[INFO]	Stop Steps: 100
2025-01-24 19:38:02,013	[DEBUG]	EXEC>  SUCCESS 2040831.375
2025-01-24 19:38:02,013	[INFO]	8-1     SUCCESS              +2040831.38 (53.98%) [5 edit(s)]  
2025-01-24 19:38:02,013	[DEBUG]	patch(8-1)="LineLLMMutation(('source.cpp', 3), '#include <iostream>\n#include <algorithm>\n#include <cstring>\n#include <cstdio>\n#include <vector>\n#include <map>\n#include <array>\nusing namespace std;\n\ntypedef vector<int> PP;\ntypedef vector<PP> P;\n\nint n, r;\n\nstruct block {\n    int x1, x2, y, f;\n};\n\nblock b[20002];\narray<array<int, 2>, 10002> fie; // Using std::array\n\nbool comp(const block &b1, const block &b2) {\n    return b1.y < b2.y;\n}\n\nint main(void) {\n    while (1) {\n        scanf("%d%d", &n, &r);\n        if (n == 0 && r == 0) break;\n\n        fie.fill({0, 0}); // Initialize using std::array\n\n        for (int i = 0; i < n; i++) {\n            int y1, y2;\n            scanf("%d%d%d%d", &b[i * 2].x1, &y1, &b[i * 2].x2, &y2);\n            b[i * 2].x2--;\n            b[i * 2 + 1].x1 = b[i * 2].x1;\n            b[i * 2 + 1].x2 = b[i * 2].x2;\n            b[i * 2].y = y1;\n            b[i * 2 + 1].y = y2;\n            b[i * 2].f = 1;\n            b[i * 2 + 1].f = -1;\n        }\n\n        sort(b, b + n * 2, comp);\n        int ny = 0;\n        int now = 0, prev = 1;\n        int res = 0, res2 = 0;\n\n        for (int i = 0; i < n * 2; i++) {\n            if (ny != b[i].y) {\n                swap(now, prev);\n                int cnt = 0, cnt2 = 0, bt = 0, cnt3 = 0;\n                for (int j = 0; j <= 10000; j++) {\n                    if (fie[j][now] > 0 && fie[j][prev] == 0) cnt3++;\n                    if (fie[j][now] == 0 && fie[j][prev] > 0) cnt3++;\n                    fie[j][now] = fie[j][prev];\n                    if (fie[j][now] > 0) {\n                        cnt++;\n                        if (bt == 0) cnt2++, bt = 1;\n                    } else bt = 0;\n                }\n                res += cnt * (b[i].y - ny);\n                res2 += cnt2 * 2 * (b[i].y - ny) + cnt3;\n            }\n            ny = b[i].y;\n            for (int j = b[i].x1; j <= b[i].x2; j++) fie[j][now] += b[i].f;\n        }\n\n        printf("%d\\n", res);\n        if (r == 2) {\n            swap(now, prev);\n            int cnt3 = 0;\n            for (int j = 0; j <= 10000; j++) {\n                if (fie[j][now] > 0 && fie[j][prev] == 0) cnt3++;\n                if (fie[j][now] == 0 && fie[j][prev] > 0) cnt3++;\n                fie[j][now] = fie[j][prev];\n            }\n            res2 += cnt3;\n            printf("%d\\n", res2);\n        }\n    }\n    return 0;\n}') | LineLLMMutation(('source.cpp', 14), '#include <iostream>\n#include <algorithm>\n#include <cstring>\n#include <cstdio>\n#include <vector>\nusing namespace std;\n\ntypedef vector<int> PP;\ntypedef vector<PP> P;\n\nint n, r;\n\nstruct block {\n    int x1, x2, y, f;\n};\n\nblock b[20002];\nint fie[10002][2]; // Changed to a simple 2D array for better performance\n\nbool comp(const block &b1, const block &b2) {\n    return b1.y < b2.y;\n}\n\nint main(void) {\n    while (1) {\n        scanf("%d%d", &n, &r);\n        if (n == 0 && r == 0) break;\n\n        memset(fie, 0, sizeof(fie)); // Initialize using memset for speed\n\n        for (int i = 0; i < n; i++) {\n            int y1, y2;\n            scanf("%d%d%d%d", &b[i * 2].x1, &y1, &b[i * 2].x2, &y2);\n            b[i * 2].x2--;\n            b[i * 2 + 1].x1 = b[i * 2].x1;\n            b[i * 2 + 1].x2 = b[i * 2].x2;\n            b[i * 2].y = y1;\n            b[i * 2 + 1].y = y2;\n            b[i * 2].f = 1;\n            b[i * 2 + 1].f = -1;\n        }\n\n        sort(b, b + n * 2, comp);\n        int ny = 0;\n        int now = 0, prev = 1;\n        int res = 0, res2 = 0;\n\n        for (int i = 0; i < n * 2; i++) {\n            if (ny != b[i].y) {\n                swap(now, prev);\n                int cnt = 0, cnt2 = 0, bt = 0, cnt3 = 0;\n                for (int j = 0; j <= 10000; j++) {\n                    if (fie[j][now] > 0 && fie[j][prev] == 0) cnt3++;\n                    if (fie[j][now] == 0 && fie[j][prev] > 0) cnt3++;\n                    fie[j][now] = fie[j][prev];\n                    if (fie[j][now] > 0) {\n                        cnt++;\n                        if (bt == 0) cnt2++, bt = 1;\n                    } else bt = 0;\n                }\n                res += cnt * (b[i].y - ny);\n                res2 += cnt2 * 2 * (b[i].y - ny) + cnt3;\n            }\n            ny = b[i].y;\n            for (int j = b[i].x1; j <= b[i].x2; j++) fie[j][now] += b[i].f;\n        }\n\n        printf("%d\\n", res);\n        if (r == 2) {\n            swap(now, prev);\n            int cnt3 = 0;\n            for (int j = 0; j <= 10000; j++) {\n                if (fie[j][now] > 0 && fie[j][prev] == 0) cnt3++;\n                if (fie[j][now] == 0 && fie[j][prev] > 0) cnt3++;\n                fie[j][now] = fie[j][prev];\n            }\n            res2 += cnt3;\n            printf("%d\\n", res2);\n        }\n    }\n    return 0;\n}') | LineLLMMutation(('source.cpp', 18), '#include <iostream>\n#include <algorithm>\n#include <cstring>\n#include <cstdio>\n#include <vector>\n#include <array>\nusing namespace std;\n\ntypedef vector<int> PP;\ntypedef vector<PP> P;\n\nint n, r;\n\nstruct block {\n    int x1, x2, y, f;\n};\n\nblock b[20002];\narray<array<int, 2>, 10002> fie; // Changed to std::array for better performance and memory usage\n\nbool comp(const block &b1, const block &b2) {\n    return b1.y < b2.y;\n}\n\nint main(void) {\n    while (1) {\n        scanf("%d%d", &n, &r);\n        if (n == 0 && r == 0) break;\n\n        fie.fill({0, 0}); // Initialize using fill for clarity and performance\n\n        for (int i = 0; i < n; i++) {\n            int y1, y2;\n            scanf("%d%d%d%d", &b[i * 2].x1, &y1, &b[i * 2].x2, &y2);\n            b[i * 2].x2--;\n            b[i * 2 + 1].x1 = b[i * 2].x1;\n            b[i * 2 + 1].x2 = b[i * 2].x2;\n            b[i * 2].y = y1;\n            b[i * 2 + 1].y = y2;\n            b[i * 2].f = 1;\n            b[i * 2 + 1].f = -1;\n        }\n\n        sort(b, b + n * 2, comp);\n        int ny = 0;\n        int now = 0, prev = 1;\n        int res = 0, res2 = 0;\n\n        for (int i = 0; i < n * 2; i++) {\n            if (ny != b[i].y) {\n                swap(now, prev);\n                int cnt = 0, cnt2 = 0, bt = 0, cnt3 = 0;\n                for (int j = 0; j <= 10000; j++) {\n                    if (fie[j][now] > 0 && fie[j][prev] == 0) cnt3++;\n                    if (fie[j][now] == 0 && fie[j][prev] > 0) cnt3++;\n                    fie[j][now] = fie[j][prev];\n                    if (fie[j][now] > 0) {\n                        cnt++;\n                        if (bt == 0) cnt2++, bt = 1;\n                    } else bt = 0;\n                }\n                res += cnt * (b[i].y - ny);\n                res2 += cnt2 * 2 * (b[i].y - ny) + cnt3;\n            }\n            ny = b[i].y;\n            for (int j = b[i].x1; j <= b[i].x2; j++) fie[j][now] += b[i].f;\n        }\n\n        printf("%d\\n", res);\n        if (r == 2) {\n            swap(now, prev);\n            int cnt3 = 0;\n            for (int j = 0; j <= 10000; j++) {\n                if (fie[j][now] > 0 && fie[j][prev] == 0) cnt3++;\n                if (fie[j][now] == 0 && fie[j][prev] > 0) cnt3++;\n                fie[j][now] = fie[j][prev];\n            }\n            res2 += cnt3;\n            printf("%d\\n", res2);\n        }\n    }\n    return 0;\n}') | LineLLMMutation(('source.cpp', 28), '#include <iostream>\n#include <algorithm>\n#include <cstring>\n#include <cstdio>\n#include <vector>\n#include <array>\nusing namespace std;\n\ntypedef vector<int> PP;\ntypedef vector<PP> P;\n\nint n, r;\n\nstruct block {\n    int x1, x2, y, f;\n};\n\nblock b[20002];\nint fie[10002][2] = {}; // Changed to a 2D array for slightly better performance and reduced overhead\n\nbool comp(const block &b1, const block &b2) {\n    return b1.y < b2.y;\n}\n\nint main(void) {\n    while (1) {\n        scanf("%d%d", &n, &r);\n        if (n == 0 && r == 0) break;\n\n        for (int i = 0; i < n; i++) {\n            int y1, y2;\n            scanf("%d%d%d%d", &b[i * 2].x1, &y1, &b[i * 2].x2, &y2);\n            b[i * 2].x2--;\n            b[i * 2 + 1].x1 = b[i * 2].x1;\n            b[i * 2 + 1].x2 = b[i * 2].x2;\n            b[i * 2].y = y1;\n            b[i * 2 + 1].y = y2;\n            b[i * 2].f = 1;\n            b[i * 2 + 1].f = -1;\n        }\n\n        sort(b, b + n * 2, comp);\n        int ny = 0;\n        int now = 0, prev = 1;\n        int res = 0, res2 = 0;\n\n        for (int i = 0; i < n * 2; i++) {\n            if (ny != b[i].y) {\n                swap(now, prev);\n                int cnt = 0, cnt2 = 0, bt = 0, cnt3 = 0;\n                for (int j = 0; j <= 10000; j++) {\n                    if (fie[j][now] > 0 && fie[j][prev] == 0) cnt3++;\n                    if (fie[j][now] == 0 && fie[j][prev] > 0) cnt3++;\n                    fie[j][now] = fie[j][prev];\n                    if (fie[j][now] > 0) {\n                        cnt++;\n                        if (bt == 0) cnt2++, bt = 1;\n                    } else bt = 0;\n                }\n                res += cnt * (b[i].y - ny);\n                res2 += cnt2 * 2 * (b[i].y - ny) + cnt3;\n            }\n            ny = b[i].y;\n            for (int j = b[i].x1; j <= b[i].x2; j++) fie[j][now] += b[i].f;\n        }\n\n        printf("%d\\n", res);\n        if (r == 2) {\n            swap(now, prev);\n            int cnt3 = 0;\n            for (int j = 0; j <= 10000; j++) {\n                if (fie[j][now] > 0 && fie[j][prev] == 0) cnt3++;\n                if (fie[j][now] == 0 && fie[j][prev] > 0) cnt3++;\n                fie[j][now] = fie[j][prev];\n            }\n            res2 += cnt3;\n            printf("%d\\n", res2);\n        }\n    }\n    return 0;\n}') | LineLLMMutation(('source.cpp', 36), '#include <cstdio>\n#include <algorithm>\nusing namespace std;\n\nconst int MAX_N = 10002;\nconst int MAX_B = 20002;\n\nstruct block {\n    int x1, x2, y, f;\n};\n\nblock b[MAX_B];\nint fie[MAX_N][2] = {};\n\nbool comp(const block &b1, const block &b2) {\n    return b1.y < b2.y;\n}\n\nint main(void) {\n    int n, r;\n    while (scanf("%d%d", &n, &r) == 2 && (n || r)) {\n        for (int i = 0; i < n; i++) {\n            int y1, y2;\n            scanf("%d%d%d%d", &b[i * 2].x1, &y1, &b[i * 2].x2, &y2);\n            b[i * 2].x2--; // Decrement x2 for zero-indexed handling\n            b[i * 2 + 1] = {b[i * 2].x1, b[i * 2].x2, y2, -1}; // Simplified initialization\n            b[i * 2].y = y1;\n            b[i * 2].f = 1;\n        }\n\n        sort(b, b + n * 2, comp);\n        int ny = 0, now = 0, prev = 1, res = 0, res2 = 0;\n\n        for (int i = 0; i < n * 2; i++) {\n            if (ny != b[i].y) {\n                swap(now, prev);\n                int cnt = 0, cnt2 = 0, bt = 0, cnt3 = 0;\n                for (int j = 0; j <= MAX_N; j++) {\n                    if (fie[j][now] > 0 && fie[j][prev] == 0) cnt3++;\n                    if (fie[j][now] == 0 && fie[j][prev] > 0) cnt3++;\n                    fie[j][now] = fie[j][prev];\n                    if (fie[j][now] > 0) {\n                        cnt++;\n                        if (bt == 0) cnt2++, bt = 1;\n                    } else bt = 0;\n                }\n                res += cnt * (b[i].y - ny);\n                res2 += cnt2 * 2 * (b[i].y - ny) + cnt3;\n            }\n            ny = b[i].y;\n            for (int j = b[i].x1; j <= b[i].x2; j++) fie[j][now] += b[i].f;\n        }\n\n        printf("%d\\n", res);\n        if (r == 2) {\n            swap(now, prev);\n            int cnt3 = 0;\n            for (int j = 0; j <= MAX_N; j++) {\n                if (fie[j][now] > 0 && fie[j][prev] == 0) cnt3++;\n                if (fie[j][now] == 0 && fie[j][prev] > 0) cnt3++;\n                fie[j][now] = fie[j][prev];\n            }\n            res2 += cnt3;\n            printf("%d\\n", res2);\n        }\n    }\n    return 0;\n}')"
2025-01-24 19:38:02,013	[INFO]	Step: 81
2025-01-24 19:38:02,013	[INFO]	Stop Steps: 100
2025-01-24 19:38:02,771	[DEBUG]	EXEC>  SUCCESS 3950394.6875
2025-01-24 19:38:02,772	[INFO]	8-2     SUCCESS               3950394.69 (104.49%) [3 edit(s)]  
2025-01-24 19:38:02,772	[DEBUG]	patch(8-2)="LineLLMCrossover(('source.cpp', 13), '#include <iostream>\n#include <algorithm>\n#include <cstring>\n#include <cstdio>\n#include <vector>\nusing namespace std;\n\ntypedef vector<int> PP;\ntypedef vector<PP> P;\n\nint n, r;\n\nstruct block {\n    int x1, x2, y, f;\n};\n\nblock b[20002];\nint fie[10002][2] = {}; // Directly initializing to zero\n\nbool comp(const block &b1, const block &b2) {\n    return b1.y < b2.y;\n}\n\nint main(void) {\n    while (1) {\n        scanf("%d%d", &n, &r);\n        if (n == 0 && r == 0) break;\n\n        memset(fie, 0, sizeof(fie)); // Efficient reset using memset\n\n        for (int i = 0; i < n; i++) {\n            int y1, y2;\n            scanf("%d%d%d%d", &b[i * 2].x1, &y1, &b[i * 2].x2, &y2);\n            b[i * 2].x2--;\n            b[i * 2 + 1].x1 = b[i * 2].x1;\n            b[i * 2 + 1].x2 = b[i * 2].x2;\n            b[i * 2].y = y1;\n            b[i * 2 + 1].y = y2;\n            b[i * 2].f = 1;\n            b[i * 2 + 1].f = -1;\n        }\n\n        sort(b, b + n * 2, comp);\n        int ny = 0;\n        int now = 0, prev = 1;\n        int res = 0, res2 = 0;\n\n        for (int i = 0; i < n * 2; i++) {\n            if (ny != b[i].y) {\n                swap(now, prev);\n                int cnt = 0, cnt2 = 0, bt = 0, cnt3 = 0;\n                for (int j = 0; j <= 10000; j++) {\n                    if (fie[j][now] > 0 && fie[j][prev] == 0) cnt3++;\n                    if (fie[j][now] == 0 && fie[j][prev] > 0) cnt3++;\n                    fie[j][now] = fie[j][prev];\n                    if (fie[j][now] > 0) {\n                        cnt++;\n                        if (bt == 0) cnt2++, bt = 1;\n                    } else bt = 0;\n                }\n                res += cnt * (b[i].y - ny);\n                res2 += cnt2 * 2 * (b[i].y - ny) + cnt3;\n            }\n            ny = b[i].y;\n            for (int j = b[i].x1; j <= b[i].x2; j++) fie[j][now] += b[i].f;\n        }\n\n        printf("%d\\n", res);\n        if (r == 2) {\n            swap(now, prev);\n            int cnt3 = 0;\n            for (int j = 0; j <= 10000; j++) {\n                if (fie[j][now] > 0 && fie[j][prev] == 0) cnt3++;\n                if (fie[j][now] == 0 && fie[j][prev] > 0) cnt3++;\n                fie[j][now] = fie[j][prev];\n            }\n            res2 += cnt3;\n            printf("%d\\n", res2);\n        }\n    }\n    return 0;\n}') | LineLLMMutation(('source.cpp', 29), '#include <iostream>\n#include <algorithm>\n#include <cstring>\n#include <cstdio>\n#include <vector>\nusing namespace std;\n\ntypedef vector<int> PP;\ntypedef vector<PP> P;\n\nint n, r;\n\nstruct block {\n    int x1, x2, y, f;\n};\n\nblock b[20002];\nint fie[10002][2] = {}; // Directly initializing to zero\n\nbool comp(const block &b1, const block &b2) {\n    return b1.y < b2.y;\n}\n\nint main(void) {\n    while (1) {\n        scanf("%d%d", &n, &r);\n        if (n == 0 && r == 0) break;\n\n        memset(fie, 0, sizeof(fie)); // Efficient reset using memset\n\n        for (int i = 0; i < n; i++) {\n            int y1, y2;\n            scanf("%d%d%d%d", &b[i * 2].x1, &y1, &b[i * 2].x2, &y2);\n            b[i * 2].x2--;\n            b[i * 2 + 1].x1 = b[i * 2].x1;\n            b[i * 2 + 1].x2 = b[i * 2].x2;\n            b[i * 2].y = y1;\n            b[i * 2 + 1].y = y2;\n            b[i * 2].f = 1;\n            b[i * 2 + 1].f = -1;\n        }\n\n        sort(b, b + n * 2, comp);\n        int ny = 0;\n        int now = 0, prev = 1;\n        int res = 0, res2 = 0;\n\n        for (int i = 0; i < n * 2; i++) {\n            if (ny != b[i].y) {\n                swap(now, prev);\n                int cnt = 0, cnt2 = 0, bt = 0, cnt3 = 0;\n                for (int j = 0; j <= 10000; j++) {\n                    if (fie[j][now] > 0 && fie[j][prev] == 0) cnt3++;\n                    if (fie[j][now] == 0 && fie[j][prev] > 0) cnt3++;\n                    fie[j][now] = fie[j][prev];\n                    if (fie[j][now] > 0) {\n                        cnt++;\n                        if (bt == 0) cnt2++, bt = 1;\n                    } else bt = 0;\n                }\n                res += cnt * (b[i].y - ny);\n                res2 += cnt2 * 2 * (b[i].y - ny) + cnt3;\n            }\n            ny = b[i].y;\n            for (int j = b[i].x1; j <= b[i].x2; j++) fie[j][now] += b[i].f;\n        }\n\n        printf("%d\\n", res);\n        if (r == 2) {\n            swap(now, prev);\n            int cnt3 = 0;\n            for (int j = 0; j <= 10000; j++) {\n                if (fie[j][now] > 0 && fie[j][prev] == 0) cnt3++;\n                if (fie[j][now] == 0 && fie[j][prev] > 0) cnt3++;\n                fie[j][now] = fie[j][prev];\n            }\n            res2 += cnt3;\n            printf("%d\\n", res2);\n        }\n    }\n    return 0;\n}') | LineLLMMutation(('source.cpp', 33), '#include <iostream>\n#include <algorithm>\n#include <cstring>\n#include <cstdio>\n#include <vector>\nusing namespace std;\n\ntypedef vector<int> PP;\ntypedef vector<PP> P;\n\nint n, r;\n\nstruct block {\n    int x1, x2, y, f;\n};\n\nblock b[20002];\nint fie[10002][2] = {}; // Directly initializing to zero\n\nbool comp(const block &b1, const block &b2) {\n    return b1.y < b2.y;\n}\n\nint main(void) {\n    while (1) {\n        scanf("%d%d", &n, &r);\n        if (n == 0 && r == 0) break;\n\n        // Replacing memset with a simple loop for initialization\n        for (int i = 0; i < 10002; ++i) {\n            fie[i][0] = 0;\n            fie[i][1] = 0;\n        }\n\n        for (int i = 0; i < n; i++) {\n            int y1, y2;\n            scanf("%d%d%d%d", &b[i * 2].x1, &y1, &b[i * 2].x2, &y2);\n            b[i * 2].x2--;\n            b[i * 2 + 1].x1 = b[i * 2].x1;\n            b[i * 2 + 1].x2 = b[i * 2].x2;\n            b[i * 2].y = y1;\n            b[i * 2 + 1].y = y2;\n            b[i * 2].f = 1;\n            b[i * 2 + 1].f = -1;\n        }\n\n        sort(b, b + n * 2, comp);\n        int ny = 0;\n        int now = 0, prev = 1;\n        int res = 0, res2 = 0;\n\n        for (int i = 0; i < n * 2; i++) {\n            if (ny != b[i].y) {\n                swap(now, prev);\n                int cnt = 0, cnt2 = 0, bt = 0, cnt3 = 0;\n                for (int j = 0; j <= 10000; j++) {\n                    if (fie[j][now] > 0 && fie[j][prev] == 0) cnt3++;\n                    if (fie[j][now] == 0 && fie[j][prev] > 0) cnt3++;\n                    fie[j][now] = fie[j][prev];\n                    if (fie[j][now] > 0) {\n                        cnt++;\n                        if (bt == 0) cnt2++, bt = 1;\n                    } else bt = 0;\n                }\n                res += cnt * (b[i].y - ny);\n                res2 += cnt2 * 2 * (b[i].y - ny) + cnt3;\n            }\n            ny = b[i].y;\n            for (int j = b[i].x1; j <= b[i].x2; j++) fie[j][now] += b[i].f;\n        }\n\n        printf("%d\\n", res);\n        if (r == 2) {\n            swap(now, prev);\n            int cnt3 = 0;\n            for (int j = 0; j <= 10000; j++) {\n                if (fie[j][now] > 0 && fie[j][prev] == 0) cnt3++;\n                if (fie[j][now] == 0 && fie[j][prev] > 0) cnt3++;\n                fie[j][now] = fie[j][prev];\n            }\n            res2 += cnt3;\n            printf("%d\\n", res2);\n        }\n    }\n    return 0;\n}')"
2025-01-24 19:38:02,772	[INFO]	Step: 82
2025-01-24 19:38:02,772	[INFO]	Stop Steps: 100
2025-01-24 19:38:03,013	[INFO]	8-3     COMPILE_CODE_ERROR    None (--) [1 edit(s)]  
2025-01-24 19:38:03,014	[DEBUG]	patch(8-3)="LineLLMCrossover(('source.cpp', 28), '#include <iostream>\n#include <algorithm>\n#include <cstdio>\n#include <array>\nusing namespace std;\n\ntypedef vector<int> PP;\ntypedef vector<PP> P;\n\nint n, r;\n\nstruct block {\n    int x1, x2, y, f;\n};\n\nblock b[20002];\narray<array<int, 2>, 10002> fie; // Using std::array for better performance and memory usage\n\nbool comp(const block &b1, const block &b2) {\n    return b1.y < b2.y;\n}\n\nint main(void) {\n    while (1) {\n        scanf("%d%d", &n, &r);\n        if (n == 0 && r == 0) break;\n\n        fie.fill({0, 0}); // Efficient reset using std::array\n\n        for (int i = 0; i < n; i++) {\n            int y1, y2;\n            scanf("%d%d%d%d", &b[i*2].x1, &y1, &b[i*2].x2, &y2);\n            b[i*2].x2--; // Decrement x2 directly\n            b[i*2 + 1] = {b[i*2].x1, b[i*2].x2, y2, -1}; // Direct initialization\n            b[i*2].y = y1;\n            b[i*2].f = 1;\n        }\n\n        sort(b, b + n * 2, comp);\n        int ny = 0;\n        int now = 0, prev = 1;\n        int res = 0, res2 = 0;\n\n        for (int i = 0; i < n * 2; i++) {\n            if (ny != b[i].y) {\n                swap(now, prev);\n                int cnt = 0, cnt2 = 0, bt = 0, cnt3 = 0;\n                for (int j = 0; j <= 10000; j++) {\n                    if (fie[j][now] > 0 && fie[j][prev] == 0) cnt3++;\n                    if (fie[j][now] == 0 && fie[j][prev] > 0) cnt3++;\n                    fie[j][now] = fie[j][prev];\n                    if (fie[j][now] > 0) {\n                        cnt++;\n                        if (bt == 0) cnt2++, bt = 1;\n                    } else bt = 0;\n                }\n                res += cnt * (b[i].y - ny);\n                res2 += cnt2 * 2 * (b[i].y - ny) + cnt3;\n            }\n            ny = b[i].y;\n            for (int j = b[i].x1; j <= b[i].x2; j++) fie[j][now] += b[i].f;\n        }\n\n        printf("%d\\n", res);\n        if (r == 2) {\n            swap(now, prev);\n            int cnt3 = 0;\n            for (int j = 0; j <= 10000; j++) {\n                if (fie[j][now] > 0 && fie[j][prev] == 0) cnt3++;\n                if (fie[j][now] == 0 && fie[j][prev] > 0) cnt3++;\n                fie[j][now] = fie[j][prev];\n            }\n            res2 += cnt3;\n            printf("%d\\n", res2);\n        }\n    }\n    return 0;\n}')"
2025-01-24 19:38:03,014	[INFO]	Step: 83
2025-01-24 19:38:03,014	[INFO]	Stop Steps: 100
2025-01-24 19:38:03,312	[INFO]	8-4     COMPILE_CODE_ERROR    None (--) [1 edit(s)]  
2025-01-24 19:38:03,313	[DEBUG]	patch(8-4)="LineLLMCrossover(('source.cpp', 29), '#include <iostream>\n#include <algorithm>\n#include <cstdio>\n#include <array>\nusing namespace std;\n\ntypedef vector<int> PP;\ntypedef vector<PP> P;\n\nint n, r;\n\nstruct block {\n    int x1, x2, y, f;\n};\n\nblock b[20002];\narray<array<int, 2>, 10002> fie; // Using std::array for better performance and memory usage\n\nbool comp(const block &b1, const block &b2) {\n    return b1.y < b2.y;\n}\n\nint main(void) {\n    while (1) {\n        scanf("%d%d", &n, &r);\n        if (n == 0 && r == 0) break;\n\n        fie.fill({0, 0}); // Efficient reset using std::array\n\n        for (int i = 0; i < n; i++) {\n            int y1, y2;\n            scanf("%d%d%d%d", &b[i*2].x1, &y1, &b[i*2].x2, &y2);\n            b[i*2].x2--; // Decrement x2 directly\n            b[i*2 + 1] = {b[i*2].x1, b[i*2].x2, y2, -1}; // Direct initialization\n            b[i*2].y = y1;\n            b[i*2].f = 1;\n        }\n\n        sort(b, b + n * 2, comp);\n        int ny = 0;\n        int now = 0, prev = 1;\n        int res = 0, res2 = 0;\n\n        for (int i = 0; i < n * 2; i++) {\n            if (ny != b[i].y) {\n                swap(now, prev);\n                int cnt = 0, cnt2 = 0, bt = 0, cnt3 = 0;\n                for (int j = 0; j <= 10000; j++) {\n                    if (fie[j][now] > 0 && fie[j][prev] == 0) cnt3++;\n                    if (fie[j][now] == 0 && fie[j][prev] > 0) cnt3++;\n                    fie[j][now] = fie[j][prev];\n                    if (fie[j][now] > 0) {\n                        cnt++;\n                        if (bt == 0) cnt2++, bt = 1;\n                    } else bt = 0;\n                }\n                res += cnt * (b[i].y - ny);\n                res2 += cnt2 * 2 * (b[i].y - ny) + cnt3;\n            }\n            ny = b[i].y;\n            for (int j = b[i].x1; j <= b[i].x2; j++) fie[j][now] += b[i].f;\n        }\n\n        printf("%d\\n", res);\n        if (r == 2) {\n            swap(now, prev);\n            int cnt3 = 0;\n            for (int j = 0; j <= 10000; j++) {\n                if (fie[j][now] > 0 && fie[j][prev] == 0) cnt3++;\n                if (fie[j][now] == 0 && fie[j][prev] > 0) cnt3++;\n                fie[j][now] = fie[j][prev];\n            }\n            res2 += cnt3;\n            printf("%d\\n", res2);\n        }\n    }\n    return 0;\n}')"
2025-01-24 19:38:03,313	[INFO]	Step: 84
2025-01-24 19:38:03,313	[INFO]	Stop Steps: 100
2025-01-24 19:38:03,579	[INFO]	8-5     COMPILE_CODE_ERROR    None (--) [1 edit(s)]  
2025-01-24 19:38:03,579	[DEBUG]	patch(8-5)="LineLLMCrossover(('source.cpp', 30), '#include <iostream>\n#include <algorithm>\n#include <cstdio>\n#include <array>\nusing namespace std;\n\ntypedef vector<int> PP;\ntypedef vector<PP> P;\n\nint n, r;\n\nstruct block {\n    int x1, x2, y, f;\n};\n\nblock b[20002];\narray<array<int, 2>, 10002> fie; // Using std::array for better performance and memory usage\n\nbool comp(const block &b1, const block &b2) {\n    return b1.y < b2.y;\n}\n\nint main(void) {\n    while (1) {\n        scanf("%d%d", &n, &r);\n        if (n == 0 && r == 0) break;\n\n        fie.fill({0, 0}); // Efficient reset using std::array\n\n        for (int i = 0; i < n; i++) {\n            int y1, y2, x1, x2;\n            scanf("%d%d", &x1, &y1);\n            scanf("%d%d", &x2, &y2);\n            b[i*2].x1 = x1;\n            b[i*2].x2 = x2 - 1; // Decrement x2 directly\n            b[i*2].y = y1;\n            b[i*2].f = 1;\n            b[i*2 + 1] = {x1, x2 - 1, y2, -1}; // Direct initialization\n        }\n\n        sort(b, b + n * 2, comp);\n        int ny = 0;\n        int now = 0, prev = 1;\n        int res = 0, res2 = 0;\n\n        for (int i = 0; i < n * 2; i++) {\n            if (ny != b[i].y) {\n                swap(now, prev);\n                int cnt = 0, cnt2 = 0, bt = 0, cnt3 = 0;\n                for (int j = 0; j <= 10000; j++) {\n                    if (fie[j][now] > 0 && fie[j][prev] == 0) cnt3++;\n                    if (fie[j][now] == 0 && fie[j][prev] > 0) cnt3++;\n                    fie[j][now] = fie[j][prev];\n                    if (fie[j][now] > 0) {\n                        cnt++;\n                        if (bt == 0) cnt2++, bt = 1;\n                    } else bt = 0;\n                }\n                res += cnt * (b[i].y - ny);\n                res2 += cnt2 * 2 * (b[i].y - ny) + cnt3;\n            }\n            ny = b[i].y;\n            for (int j = b[i].x1; j <= b[i].x2; j++) fie[j][now] += b[i].f;\n        }\n\n        printf("%d\\n", res);\n        if (r == 2) {\n            swap(now, prev);\n            int cnt3 = 0;\n            for (int j = 0; j <= 10000; j++) {\n                if (fie[j][now] > 0 && fie[j][prev] == 0) cnt3++;\n                if (fie[j][now] == 0 && fie[j][prev] > 0) cnt3++;\n                fie[j][now] = fie[j][prev];\n            }\n            res2 += cnt3;\n            printf("%d\\n", res2);\n        }\n    }\n    return 0;\n}')"
2025-01-24 19:38:03,579	[INFO]	Step: 85
2025-01-24 19:38:03,579	[INFO]	Stop Steps: 100
2025-01-24 19:38:03,880	[INFO]	8-6     COMPILE_CODE_ERROR    None (--) [1 edit(s)]  
2025-01-24 19:38:03,881	[DEBUG]	patch(8-6)="LineLLMCrossover(('source.cpp', 31), '#include <iostream>\n#include <algorithm>\n#include <cstdio>\n#include <array>\nusing namespace std;\n\ntypedef vector<int> PP;\ntypedef vector<PP> P;\n\nint n, r;\n\nstruct block {\n    int x1, x2, y, f;\n};\n\nblock b[20002];\narray<array<int, 2>, 10002> fie; // Using std::array for better performance and memory usage\n\nbool comp(const block &b1, const block &b2) {\n    return b1.y < b2.y;\n}\n\nint main(void) {\n    while (1) {\n        scanf("%d%d", &n, &r);\n        if (n == 0 && r == 0) break;\n\n        fie.fill({0, 0}); // Efficient reset using std::array\n\n        for (int i = 0; i < n; i++) {\n            int y1, y2;\n            scanf("%d%d%d%d", &b[i*2].x1, &y1, &b[i*2].x2, &y2);\n            b[i*2].x2--; // Decrement x2 directly\n            b[i*2 + 1] = {b[i*2].x1, b[i*2].x2, y2, -1}; // Direct initialization\n            b[i*2].y = y1;\n            b[i*2].f = 1;\n        }\n\n        sort(b, b + n * 2, comp);\n        int ny = 0;\n        int now = 0, prev = 1;\n        int res = 0, res2 = 0;\n\n        for (int i = 0; i < n * 2; i++) {\n            if (ny != b[i].y) {\n                swap(now, prev);\n                int cnt = 0, cnt2 = 0, bt = 0, cnt3 = 0;\n                for (int j = 0; j <= 10000; j++) {\n                    if (fie[j][now] > 0 && fie[j][prev] == 0) cnt3++;\n                    if (fie[j][now] == 0 && fie[j][prev] > 0) cnt3++;\n                    fie[j][now] = fie[j][prev];\n                    if (fie[j][now] > 0) {\n                        cnt++;\n                        if (bt == 0) cnt2++, bt = 1;\n                    } else bt = 0;\n                }\n                res += cnt * (b[i].y - ny);\n                res2 += cnt2 * 2 * (b[i].y - ny) + cnt3;\n            }\n            ny = b[i].y;\n            for (int j = b[i].x1; j <= b[i].x2; j++) fie[j][now] += b[i].f;\n        }\n\n        printf("%d\\n", res);\n        if (r == 2) {\n            swap(now, prev);\n            int cnt3 = 0;\n            for (int j = 0; j <= 10000; j++) {\n                if (fie[j][now] > 0 && fie[j][prev] == 0) cnt3++;\n                if (fie[j][now] == 0 && fie[j][prev] > 0) cnt3++;\n                fie[j][now] = fie[j][prev];\n            }\n            res2 += cnt3;\n            printf("%d\\n", res2);\n        }\n    }\n    return 0;\n}')"
2025-01-24 19:38:03,881	[INFO]	Step: 86
2025-01-24 19:38:03,881	[INFO]	Stop Steps: 100
2025-01-24 19:38:04,365	[DEBUG]	EXEC>  SUCCESS 1661970.625
2025-01-24 19:38:04,365	[INFO]	8-7     SUCCESS              *1661970.62 (43.96%) [6 edit(s)]  
2025-01-24 19:38:04,365	[DEBUG]	patch(8-7)="LineLLMMutation(('source.cpp', 3), '#include <iostream>\n#include <algorithm>\n#include <cstring>\n#include <cstdio>\n#include <vector>\n#include <map>\n#include <array>\nusing namespace std;\n\ntypedef vector<int> PP;\ntypedef vector<PP> P;\n\nint n, r;\n\nstruct block {\n    int x1, x2, y, f;\n};\n\nblock b[20002];\narray<array<int, 2>, 10002> fie; // Using std::array\n\nbool comp(const block &b1, const block &b2) {\n    return b1.y < b2.y;\n}\n\nint main(void) {\n    while (1) {\n        scanf("%d%d", &n, &r);\n        if (n == 0 && r == 0) break;\n\n        fie.fill({0, 0}); // Initialize using std::array\n\n        for (int i = 0; i < n; i++) {\n            int y1, y2;\n            scanf("%d%d%d%d", &b[i * 2].x1, &y1, &b[i * 2].x2, &y2);\n            b[i * 2].x2--;\n            b[i * 2 + 1].x1 = b[i * 2].x1;\n            b[i * 2 + 1].x2 = b[i * 2].x2;\n            b[i * 2].y = y1;\n            b[i * 2 + 1].y = y2;\n            b[i * 2].f = 1;\n            b[i * 2 + 1].f = -1;\n        }\n\n        sort(b, b + n * 2, comp);\n        int ny = 0;\n        int now = 0, prev = 1;\n        int res = 0, res2 = 0;\n\n        for (int i = 0; i < n * 2; i++) {\n            if (ny != b[i].y) {\n                swap(now, prev);\n                int cnt = 0, cnt2 = 0, bt = 0, cnt3 = 0;\n                for (int j = 0; j <= 10000; j++) {\n                    if (fie[j][now] > 0 && fie[j][prev] == 0) cnt3++;\n                    if (fie[j][now] == 0 && fie[j][prev] > 0) cnt3++;\n                    fie[j][now] = fie[j][prev];\n                    if (fie[j][now] > 0) {\n                        cnt++;\n                        if (bt == 0) cnt2++, bt = 1;\n                    } else bt = 0;\n                }\n                res += cnt * (b[i].y - ny);\n                res2 += cnt2 * 2 * (b[i].y - ny) + cnt3;\n            }\n            ny = b[i].y;\n            for (int j = b[i].x1; j <= b[i].x2; j++) fie[j][now] += b[i].f;\n        }\n\n        printf("%d\\n", res);\n        if (r == 2) {\n            swap(now, prev);\n            int cnt3 = 0;\n            for (int j = 0; j <= 10000; j++) {\n                if (fie[j][now] > 0 && fie[j][prev] == 0) cnt3++;\n                if (fie[j][now] == 0 && fie[j][prev] > 0) cnt3++;\n                fie[j][now] = fie[j][prev];\n            }\n            res2 += cnt3;\n            printf("%d\\n", res2);\n        }\n    }\n    return 0;\n}') | LineLLMMutation(('source.cpp', 14), '#include <iostream>\n#include <algorithm>\n#include <cstring>\n#include <cstdio>\n#include <vector>\nusing namespace std;\n\ntypedef vector<int> PP;\ntypedef vector<PP> P;\n\nint n, r;\n\nstruct block {\n    int x1, x2, y, f;\n};\n\nblock b[20002];\nint fie[10002][2]; // Changed to a simple 2D array for better performance\n\nbool comp(const block &b1, const block &b2) {\n    return b1.y < b2.y;\n}\n\nint main(void) {\n    while (1) {\n        scanf("%d%d", &n, &r);\n        if (n == 0 && r == 0) break;\n\n        memset(fie, 0, sizeof(fie)); // Initialize using memset for speed\n\n        for (int i = 0; i < n; i++) {\n            int y1, y2;\n            scanf("%d%d%d%d", &b[i * 2].x1, &y1, &b[i * 2].x2, &y2);\n            b[i * 2].x2--;\n            b[i * 2 + 1].x1 = b[i * 2].x1;\n            b[i * 2 + 1].x2 = b[i * 2].x2;\n            b[i * 2].y = y1;\n            b[i * 2 + 1].y = y2;\n            b[i * 2].f = 1;\n            b[i * 2 + 1].f = -1;\n        }\n\n        sort(b, b + n * 2, comp);\n        int ny = 0;\n        int now = 0, prev = 1;\n        int res = 0, res2 = 0;\n\n        for (int i = 0; i < n * 2; i++) {\n            if (ny != b[i].y) {\n                swap(now, prev);\n                int cnt = 0, cnt2 = 0, bt = 0, cnt3 = 0;\n                for (int j = 0; j <= 10000; j++) {\n                    if (fie[j][now] > 0 && fie[j][prev] == 0) cnt3++;\n                    if (fie[j][now] == 0 && fie[j][prev] > 0) cnt3++;\n                    fie[j][now] = fie[j][prev];\n                    if (fie[j][now] > 0) {\n                        cnt++;\n                        if (bt == 0) cnt2++, bt = 1;\n                    } else bt = 0;\n                }\n                res += cnt * (b[i].y - ny);\n                res2 += cnt2 * 2 * (b[i].y - ny) + cnt3;\n            }\n            ny = b[i].y;\n            for (int j = b[i].x1; j <= b[i].x2; j++) fie[j][now] += b[i].f;\n        }\n\n        printf("%d\\n", res);\n        if (r == 2) {\n            swap(now, prev);\n            int cnt3 = 0;\n            for (int j = 0; j <= 10000; j++) {\n                if (fie[j][now] > 0 && fie[j][prev] == 0) cnt3++;\n                if (fie[j][now] == 0 && fie[j][prev] > 0) cnt3++;\n                fie[j][now] = fie[j][prev];\n            }\n            res2 += cnt3;\n            printf("%d\\n", res2);\n        }\n    }\n    return 0;\n}') | LineLLMMutation(('source.cpp', 18), '#include <iostream>\n#include <algorithm>\n#include <cstring>\n#include <cstdio>\n#include <vector>\n#include <array>\nusing namespace std;\n\ntypedef vector<int> PP;\ntypedef vector<PP> P;\n\nint n, r;\n\nstruct block {\n    int x1, x2, y, f;\n};\n\nblock b[20002];\narray<array<int, 2>, 10002> fie; // Changed to std::array for better performance and memory usage\n\nbool comp(const block &b1, const block &b2) {\n    return b1.y < b2.y;\n}\n\nint main(void) {\n    while (1) {\n        scanf("%d%d", &n, &r);\n        if (n == 0 && r == 0) break;\n\n        fie.fill({0, 0}); // Initialize using fill for clarity and performance\n\n        for (int i = 0; i < n; i++) {\n            int y1, y2;\n            scanf("%d%d%d%d", &b[i * 2].x1, &y1, &b[i * 2].x2, &y2);\n            b[i * 2].x2--;\n            b[i * 2 + 1].x1 = b[i * 2].x1;\n            b[i * 2 + 1].x2 = b[i * 2].x2;\n            b[i * 2].y = y1;\n            b[i * 2 + 1].y = y2;\n            b[i * 2].f = 1;\n            b[i * 2 + 1].f = -1;\n        }\n\n        sort(b, b + n * 2, comp);\n        int ny = 0;\n        int now = 0, prev = 1;\n        int res = 0, res2 = 0;\n\n        for (int i = 0; i < n * 2; i++) {\n            if (ny != b[i].y) {\n                swap(now, prev);\n                int cnt = 0, cnt2 = 0, bt = 0, cnt3 = 0;\n                for (int j = 0; j <= 10000; j++) {\n                    if (fie[j][now] > 0 && fie[j][prev] == 0) cnt3++;\n                    if (fie[j][now] == 0 && fie[j][prev] > 0) cnt3++;\n                    fie[j][now] = fie[j][prev];\n                    if (fie[j][now] > 0) {\n                        cnt++;\n                        if (bt == 0) cnt2++, bt = 1;\n                    } else bt = 0;\n                }\n                res += cnt * (b[i].y - ny);\n                res2 += cnt2 * 2 * (b[i].y - ny) + cnt3;\n            }\n            ny = b[i].y;\n            for (int j = b[i].x1; j <= b[i].x2; j++) fie[j][now] += b[i].f;\n        }\n\n        printf("%d\\n", res);\n        if (r == 2) {\n            swap(now, prev);\n            int cnt3 = 0;\n            for (int j = 0; j <= 10000; j++) {\n                if (fie[j][now] > 0 && fie[j][prev] == 0) cnt3++;\n                if (fie[j][now] == 0 && fie[j][prev] > 0) cnt3++;\n                fie[j][now] = fie[j][prev];\n            }\n            res2 += cnt3;\n            printf("%d\\n", res2);\n        }\n    }\n    return 0;\n}') | LineLLMMutation(('source.cpp', 28), '#include <iostream>\n#include <algorithm>\n#include <cstring>\n#include <cstdio>\n#include <vector>\n#include <array>\nusing namespace std;\n\ntypedef vector<int> PP;\ntypedef vector<PP> P;\n\nint n, r;\n\nstruct block {\n    int x1, x2, y, f;\n};\n\nblock b[20002];\nint fie[10002][2] = {}; // Changed to a 2D array for slightly better performance and reduced overhead\n\nbool comp(const block &b1, const block &b2) {\n    return b1.y < b2.y;\n}\n\nint main(void) {\n    while (1) {\n        scanf("%d%d", &n, &r);\n        if (n == 0 && r == 0) break;\n\n        for (int i = 0; i < n; i++) {\n            int y1, y2;\n            scanf("%d%d%d%d", &b[i * 2].x1, &y1, &b[i * 2].x2, &y2);\n            b[i * 2].x2--;\n            b[i * 2 + 1].x1 = b[i * 2].x1;\n            b[i * 2 + 1].x2 = b[i * 2].x2;\n            b[i * 2].y = y1;\n            b[i * 2 + 1].y = y2;\n            b[i * 2].f = 1;\n            b[i * 2 + 1].f = -1;\n        }\n\n        sort(b, b + n * 2, comp);\n        int ny = 0;\n        int now = 0, prev = 1;\n        int res = 0, res2 = 0;\n\n        for (int i = 0; i < n * 2; i++) {\n            if (ny != b[i].y) {\n                swap(now, prev);\n                int cnt = 0, cnt2 = 0, bt = 0, cnt3 = 0;\n                for (int j = 0; j <= 10000; j++) {\n                    if (fie[j][now] > 0 && fie[j][prev] == 0) cnt3++;\n                    if (fie[j][now] == 0 && fie[j][prev] > 0) cnt3++;\n                    fie[j][now] = fie[j][prev];\n                    if (fie[j][now] > 0) {\n                        cnt++;\n                        if (bt == 0) cnt2++, bt = 1;\n                    } else bt = 0;\n                }\n                res += cnt * (b[i].y - ny);\n                res2 += cnt2 * 2 * (b[i].y - ny) + cnt3;\n            }\n            ny = b[i].y;\n            for (int j = b[i].x1; j <= b[i].x2; j++) fie[j][now] += b[i].f;\n        }\n\n        printf("%d\\n", res);\n        if (r == 2) {\n            swap(now, prev);\n            int cnt3 = 0;\n            for (int j = 0; j <= 10000; j++) {\n                if (fie[j][now] > 0 && fie[j][prev] == 0) cnt3++;\n                if (fie[j][now] == 0 && fie[j][prev] > 0) cnt3++;\n                fie[j][now] = fie[j][prev];\n            }\n            res2 += cnt3;\n            printf("%d\\n", res2);\n        }\n    }\n    return 0;\n}') | LineLLMMutation(('source.cpp', 36), '#include <cstdio>\n#include <algorithm>\nusing namespace std;\n\nconst int MAX_N = 10002;\nconst int MAX_B = 20002;\n\nstruct block {\n    int x1, x2, y, f;\n};\n\nblock b[MAX_B];\nint fie[MAX_N][2] = {};\n\nbool comp(const block &b1, const block &b2) {\n    return b1.y < b2.y;\n}\n\nint main(void) {\n    int n, r;\n    while (scanf("%d%d", &n, &r) == 2 && (n || r)) {\n        for (int i = 0; i < n; i++) {\n            int y1, y2;\n            scanf("%d%d%d%d", &b[i * 2].x1, &y1, &b[i * 2].x2, &y2);\n            b[i * 2].x2--; // Decrement x2 for zero-indexed handling\n            b[i * 2 + 1] = {b[i * 2].x1, b[i * 2].x2, y2, -1}; // Simplified initialization\n            b[i * 2].y = y1;\n            b[i * 2].f = 1;\n        }\n\n        sort(b, b + n * 2, comp);\n        int ny = 0, now = 0, prev = 1, res = 0, res2 = 0;\n\n        for (int i = 0; i < n * 2; i++) {\n            if (ny != b[i].y) {\n                swap(now, prev);\n                int cnt = 0, cnt2 = 0, bt = 0, cnt3 = 0;\n                for (int j = 0; j <= MAX_N; j++) {\n                    if (fie[j][now] > 0 && fie[j][prev] == 0) cnt3++;\n                    if (fie[j][now] == 0 && fie[j][prev] > 0) cnt3++;\n                    fie[j][now] = fie[j][prev];\n                    if (fie[j][now] > 0) {\n                        cnt++;\n                        if (bt == 0) cnt2++, bt = 1;\n                    } else bt = 0;\n                }\n                res += cnt * (b[i].y - ny);\n                res2 += cnt2 * 2 * (b[i].y - ny) + cnt3;\n            }\n            ny = b[i].y;\n            for (int j = b[i].x1; j <= b[i].x2; j++) fie[j][now] += b[i].f;\n        }\n\n        printf("%d\\n", res);\n        if (r == 2) {\n            swap(now, prev);\n            int cnt3 = 0;\n            for (int j = 0; j <= MAX_N; j++) {\n                if (fie[j][now] > 0 && fie[j][prev] == 0) cnt3++;\n                if (fie[j][now] == 0 && fie[j][prev] > 0) cnt3++;\n                fie[j][now] = fie[j][prev];\n            }\n            res2 += cnt3;\n            printf("%d\\n", res2);\n        }\n    }\n    return 0;\n}') | LineLLMMutation(('source.cpp', 38), '#include <cstdio>\n#include <algorithm>\nusing namespace std;\n\nconst int MAX_N = 10002;\nconst int MAX_B = 20002;\n\nstruct block {\n    int x1, x2, y, f;\n};\n\nblock b[MAX_B];\nint fie[MAX_N][2] = {};\n\nbool comp(const block &b1, const block &b2) {\n    return b1.y < b2.y;\n}\n\nint main(void) {\n    int n, r;\n    while (scanf("%d%d", &n, &r) == 2 && (n || r)) {\n        // Use a single pass to read input and initialize blocks\n        for (int i = 0; i < n; i++) {\n            int y1, y2;\n            scanf("%d%d%d%d", &b[i * 2].x1, &y1, &b[i * 2].x2, &y2);\n            b[i * 2].x2--; // Decrement x2 for zero-indexed handling\n            b[i * 2].y = y1;\n            b[i * 2].f = 1;\n\n            // Initialize the second block in the same loop\n            b[i * 2 + 1] = {b[i * 2].x1, b[i * 2].x2, y2, -1};\n        }\n\n        sort(b, b + n * 2, comp);\n        int ny = 0, now = 0, prev = 1, res = 0, res2 = 0;\n\n        for (int i = 0; i < n * 2; i++) {\n            if (ny != b[i].y) {\n                swap(now, prev);\n                int cnt = 0, cnt2 = 0, bt = 0, cnt3 = 0;\n                for (int j = 0; j <= MAX_N; j++) {\n                    if (fie[j][now] > 0 && fie[j][prev] == 0) cnt3++;\n                    if (fie[j][now] == 0 && fie[j][prev] > 0) cnt3++;\n                    fie[j][now] = fie[j][prev];\n                    if (fie[j][now] > 0) {\n                        cnt++;\n                        if (bt == 0) cnt2++, bt = 1;\n                    } else bt = 0;\n                }\n                res += cnt * (b[i].y - ny);\n                res2 += cnt2 * 2 * (b[i].y - ny) + cnt3;\n            }\n            ny = b[i].y;\n            for (int j = b[i].x1; j <= b[i].x2; j++) fie[j][now] += b[i].f;\n        }\n\n        printf("%d\\n", res);\n        if (r == 2) {\n            swap(now, prev);\n            int cnt3 = 0;\n            for (int j = 0; j <= MAX_N; j++) {\n                if (fie[j][now] > 0 && fie[j][prev] == 0) cnt3++;\n                if (fie[j][now] == 0 && fie[j][prev] > 0) cnt3++;\n                fie[j][now] = fie[j][prev];\n            }\n            res2 += cnt3;\n            printf("%d\\n", res2);\n        }\n    }\n    return 0;\n}')"

2025-01-24 19:38:04,365	[INFO]	Step: 87
2025-01-24 19:38:04,365	[INFO]	Stop Steps: 100
2025-01-24 19:38:05,072	[DEBUG]	EXEC>  SUCCESS 3414534.5
2025-01-24 19:38:05,075	[INFO]	8-8     SUCCESS               3414534.50 (90.32%) [4 edit(s)]  
2025-01-24 19:38:05,075	[DEBUG]	patch(8-8)="LineLLMCrossover(('source.cpp', 13), '#include <iostream>\n#include <algorithm>\n#include <cstring>\n#include <cstdio>\n#include <vector>\nusing namespace std;\n\ntypedef vector<int> PP;\ntypedef vector<PP> P;\n\nint n, r;\n\nstruct block {\n    int x1, x2, y, f;\n};\n\nblock b[20002];\nint fie[10002][2] = {}; // Directly initializing to zero\n\nbool comp(const block &b1, const block &b2) {\n    return b1.y < b2.y;\n}\n\nint main(void) {\n    while (1) {\n        scanf("%d%d", &n, &r);\n        if (n == 0 && r == 0) break;\n\n        memset(fie, 0, sizeof(fie)); // Efficient reset using memset\n\n        for (int i = 0; i < n; i++) {\n            int y1, y2;\n            scanf("%d%d%d%d", &b[i * 2].x1, &y1, &b[i * 2].x2, &y2);\n            b[i * 2].x2--;\n            b[i * 2 + 1].x1 = b[i * 2].x1;\n            b[i * 2 + 1].x2 = b[i * 2].x2;\n            b[i * 2].y = y1;\n            b[i * 2 + 1].y = y2;\n            b[i * 2].f = 1;\n            b[i * 2 + 1].f = -1;\n        }\n\n        sort(b, b + n * 2, comp);\n        int ny = 0;\n        int now = 0, prev = 1;\n        int res = 0, res2 = 0;\n\n        for (int i = 0; i < n * 2; i++) {\n            if (ny != b[i].y) {\n                swap(now, prev);\n                int cnt = 0, cnt2 = 0, bt = 0, cnt3 = 0;\n                for (int j = 0; j <= 10000; j++) {\n                    if (fie[j][now] > 0 && fie[j][prev] == 0) cnt3++;\n                    if (fie[j][now] == 0 && fie[j][prev] > 0) cnt3++;\n                    fie[j][now] = fie[j][prev];\n                    if (fie[j][now] > 0) {\n                        cnt++;\n                        if (bt == 0) cnt2++, bt = 1;\n                    } else bt = 0;\n                }\n                res += cnt * (b[i].y - ny);\n                res2 += cnt2 * 2 * (b[i].y - ny) + cnt3;\n            }\n            ny = b[i].y;\n            for (int j = b[i].x1; j <= b[i].x2; j++) fie[j][now] += b[i].f;\n        }\n\n        printf("%d\\n", res);\n        if (r == 2) {\n            swap(now, prev);\n            int cnt3 = 0;\n            for (int j = 0; j <= 10000; j++) {\n                if (fie[j][now] > 0 && fie[j][prev] == 0) cnt3++;\n                if (fie[j][now] == 0 && fie[j][prev] > 0) cnt3++;\n                fie[j][now] = fie[j][prev];\n            }\n            res2 += cnt3;\n            printf("%d\\n", res2);\n        }\n    }\n    return 0;\n}') | LineLLMMutation(('source.cpp', 29), '#include <iostream>\n#include <algorithm>\n#include <cstring>\n#include <cstdio>\n#include <vector>\nusing namespace std;\n\ntypedef vector<int> PP;\ntypedef vector<PP> P;\n\nint n, r;\n\nstruct block {\n    int x1, x2, y, f;\n};\n\nblock b[20002];\nint fie[10002][2] = {}; // Directly initializing to zero\n\nbool comp(const block &b1, const block &b2) {\n    return b1.y < b2.y;\n}\n\nint main(void) {\n    while (1) {\n        scanf("%d%d", &n, &r);\n        if (n == 0 && r == 0) break;\n\n        memset(fie, 0, sizeof(fie)); // Efficient reset using memset\n\n        for (int i = 0; i < n; i++) {\n            int y1, y2;\n            scanf("%d%d%d%d", &b[i * 2].x1, &y1, &b[i * 2].x2, &y2);\n            b[i * 2].x2--;\n            b[i * 2 + 1].x1 = b[i * 2].x1;\n            b[i * 2 + 1].x2 = b[i * 2].x2;\n            b[i * 2].y = y1;\n            b[i * 2 + 1].y = y2;\n            b[i * 2].f = 1;\n            b[i * 2 + 1].f = -1;\n        }\n\n        sort(b, b + n * 2, comp);\n        int ny = 0;\n        int now = 0, prev = 1;\n        int res = 0, res2 = 0;\n\n        for (int i = 0; i < n * 2; i++) {\n            if (ny != b[i].y) {\n                swap(now, prev);\n                int cnt = 0, cnt2 = 0, bt = 0, cnt3 = 0;\n                for (int j = 0; j <= 10000; j++) {\n                    if (fie[j][now] > 0 && fie[j][prev] == 0) cnt3++;\n                    if (fie[j][now] == 0 && fie[j][prev] > 0) cnt3++;\n                    fie[j][now] = fie[j][prev];\n                    if (fie[j][now] > 0) {\n                        cnt++;\n                        if (bt == 0) cnt2++, bt = 1;\n                    } else bt = 0;\n                }\n                res += cnt * (b[i].y - ny);\n                res2 += cnt2 * 2 * (b[i].y - ny) + cnt3;\n            }\n            ny = b[i].y;\n            for (int j = b[i].x1; j <= b[i].x2; j++) fie[j][now] += b[i].f;\n        }\n\n        printf("%d\\n", res);\n        if (r == 2) {\n            swap(now, prev);\n            int cnt3 = 0;\n            for (int j = 0; j <= 10000; j++) {\n                if (fie[j][now] > 0 && fie[j][prev] == 0) cnt3++;\n                if (fie[j][now] == 0 && fie[j][prev] > 0) cnt3++;\n                fie[j][now] = fie[j][prev];\n            }\n            res2 += cnt3;\n            printf("%d\\n", res2);\n        }\n    }\n    return 0;\n}') | LineLLMMutation(('source.cpp', 33), '#include <iostream>\n#include <algorithm>\n#include <cstring>\n#include <cstdio>\n#include <vector>\nusing namespace std;\n\ntypedef vector<int> PP;\ntypedef vector<PP> P;\n\nint n, r;\n\nstruct block {\n    int x1, x2, y, f;\n};\n\nblock b[20002];\nint fie[10002][2] = {}; // Directly initializing to zero\n\nbool comp(const block &b1, const block &b2) {\n    return b1.y < b2.y;\n}\n\nint main(void) {\n    while (1) {\n        scanf("%d%d", &n, &r);\n        if (n == 0 && r == 0) break;\n\n        // Replacing memset with a simple loop for initialization\n        for (int i = 0; i < 10002; ++i) {\n            fie[i][0] = 0;\n            fie[i][1] = 0;\n        }\n\n        for (int i = 0; i < n; i++) {\n            int y1, y2;\n            scanf("%d%d%d%d", &b[i * 2].x1, &y1, &b[i * 2].x2, &y2);\n            b[i * 2].x2--;\n            b[i * 2 + 1].x1 = b[i * 2].x1;\n            b[i * 2 + 1].x2 = b[i * 2].x2;\n            b[i * 2].y = y1;\n            b[i * 2 + 1].y = y2;\n            b[i * 2].f = 1;\n            b[i * 2 + 1].f = -1;\n        }\n\n        sort(b, b + n * 2, comp);\n        int ny = 0;\n        int now = 0, prev = 1;\n        int res = 0, res2 = 0;\n\n        for (int i = 0; i < n * 2; i++) {\n            if (ny != b[i].y) {\n                swap(now, prev);\n                int cnt = 0, cnt2 = 0, bt = 0, cnt3 = 0;\n                for (int j = 0; j <= 10000; j++) {\n                    if (fie[j][now] > 0 && fie[j][prev] == 0) cnt3++;\n                    if (fie[j][now] == 0 && fie[j][prev] > 0) cnt3++;\n                    fie[j][now] = fie[j][prev];\n                    if (fie[j][now] > 0) {\n                        cnt++;\n                        if (bt == 0) cnt2++, bt = 1;\n                    } else bt = 0;\n                }\n                res += cnt * (b[i].y - ny);\n                res2 += cnt2 * 2 * (b[i].y - ny) + cnt3;\n            }\n            ny = b[i].y;\n            for (int j = b[i].x1; j <= b[i].x2; j++) fie[j][now] += b[i].f;\n        }\n\n        printf("%d\\n", res);\n        if (r == 2) {\n            swap(now, prev);\n            int cnt3 = 0;\n            for (int j = 0; j <= 10000; j++) {\n                if (fie[j][now] > 0 && fie[j][prev] == 0) cnt3++;\n                if (fie[j][now] == 0 && fie[j][prev] > 0) cnt3++;\n                fie[j][now] = fie[j][prev];\n            }\n            res2 += cnt3;\n            printf("%d\\n", res2);\n        }\n    }\n    return 0;\n}') | LineLLMMutation(('source.cpp', 39), '#include <iostream>\n#include <algorithm>\n#include <cstring>\n#include <cstdio>\n#include <vector>\nusing namespace std;\n\ntypedef vector<int> PP;\ntypedef vector<PP> P;\n\nint n, r;\n\nstruct block {\n    int x1, x2, y, f;\n};\n\nblock b[20002];\nint fie[10002][2]; // Declare without initialization\n\nbool comp(const block &b1, const block &b2) {\n    return b1.y < b2.y;\n}\n\nint main(void) {\n    while (1) {\n        scanf("%d%d", &n, &r);\n        if (n == 0 && r == 0) break;\n\n        // Use std::fill for initialization\n        std::fill(&fie[0][0], &fie[0][0] + sizeof(fie) / sizeof(int), 0);\n\n        for (int i = 0; i < n; i++) {\n            int y1, y2;\n            scanf("%d%d%d%d", &b[i * 2].x1, &y1, &b[i * 2].x2, &y2);\n            b[i * 2].x2--;\n            b[i * 2 + 1].x1 = b[i * 2].x1;\n            b[i * 2 + 1].x2 = b[i * 2].x2;\n            b[i * 2].y = y1;\n            b[i * 2 + 1].y = y2;\n            b[i * 2].f = 1;\n            b[i * 2 + 1].f = -1;\n        }\n\n        sort(b, b + n * 2, comp);\n        int ny = 0;\n        int now = 0, prev = 1;\n        int res = 0, res2 = 0;\n\n        for (int i = 0; i < n * 2; i++) {\n            if (ny != b[i].y) {\n                swap(now, prev);\n                int cnt = 0, cnt2 = 0, bt = 0, cnt3 = 0;\n                for (int j = 0; j <= 10000; j++) {\n                    if (fie[j][now] > 0 && fie[j][prev] == 0) cnt3++;\n                    if (fie[j][now] == 0 && fie[j][prev] > 0) cnt3++;\n                    fie[j][now] = fie[j][prev];\n                    if (fie[j][now] > 0) {\n                        cnt++;\n                        if (bt == 0) cnt2++, bt = 1;\n                    } else bt = 0;\n                }\n                res += cnt * (b[i].y - ny);\n                res2 += cnt2 * 2 * (b[i].y - ny) + cnt3;\n            }\n            ny = b[i].y;\n            for (int j = b[i].x1; j <= b[i].x2; j++) fie[j][now] += b[i].f;\n        }\n\n        printf("%d\\n", res);\n        if (r == 2) {\n            swap(now, prev);\n            int cnt3 = 0;\n            for (int j = 0; j <= 10000; j++) {\n                if (fie[j][now] > 0 && fie[j][prev] == 0) cnt3++;\n                if (fie[j][now] == 0 && fie[j][prev] > 0) cnt3++;\n                fie[j][now] = fie[j][prev];\n            }\n            res2 += cnt3;\n            printf("%d\\n", res2);\n        }\n    }\n    return 0;\n}')"
2025-01-24 19:38:05,075	[INFO]	Step: 88
2025-01-24 19:38:05,075	[INFO]	Stop Steps: 100
2025-01-24 19:38:05,899	[DEBUG]	EXEC>  SUCCESS 3454521.5
2025-01-24 19:38:05,899	[INFO]	8-9     SUCCESS               3454521.50 (91.37%) [3 edit(s)]  
2025-01-24 19:38:05,899	[DEBUG]	patch(8-9)="LineLLMCrossover(('source.cpp', 12), '#include <iostream>\n#include <algorithm>\n#include <cstring>\n#include <cstdio>\n#include <vector>\n#include <array>\nusing namespace std;\n\ntypedef vector<int> PP;\ntypedef vector<PP> P;\n\nint n, r;\n\nstruct block {\n    int x1, x2, y, f;\n};\n\nblock b[20002];\narray<array<int, 2>, 10002> fie; // Using std::array for better performance and memory usage\n\nbool comp(const block &b1, const block &b2) {\n    return b1.y < b2.y;\n}\n\nint main(void) {\n    while (1) {\n        scanf("%d%d", &n, &r);\n        if (n == 0 && r == 0) break;\n\n        fie.fill({0, 0}); // Efficient reset using std::array\n\n        for (int i = 0; i < n; i++) {\n            int y1, y2;\n            scanf("%d%d%d%d", &b[i * 2].x1, &y1, &b[i * 2].x2, &y2);\n            b[i * 2].x2--;\n            b[i * 2 + 1].x1 = b[i * 2].x1;\n            b[i * 2 + 1].x2 = b[i * 2].x2;\n            b[i * 2].y = y1;\n            b[i * 2 + 1].y = y2;\n            b[i * 2].f = 1;\n            b[i * 2 + 1].f = -1;\n        }\n\n        sort(b, b + n * 2, comp);\n        int ny = 0;\n        int now = 0, prev = 1;\n        int res = 0, res2 = 0;\n\n        for (int i = 0; i < n * 2; i++) {\n            if (ny != b[i].y) {\n                swap(now, prev);\n                int cnt = 0, cnt2 = 0, bt = 0, cnt3 = 0;\n                for (int j = 0; j <= 10000; j++) {\n                    if (fie[j][now] > 0 && fie[j][prev] == 0) cnt3++;\n                    if (fie[j][now] == 0 && fie[j][prev] > 0) cnt3++;\n                    fie[j][now] = fie[j][prev];\n                    if (fie[j][now] > 0) {\n                        cnt++;\n                        if (bt == 0) cnt2++, bt = 1;\n                    } else bt = 0;\n                }\n                res += cnt * (b[i].y - ny);\n                res2 += cnt2 * 2 * (b[i].y - ny) + cnt3;\n            }\n            ny = b[i].y;\n            for (int j = b[i].x1; j <= b[i].x2; j++) fie[j][now] += b[i].f;\n        }\n\n        printf("%d\\n", res);\n        if (r == 2) {\n            swap(now, prev);\n            int cnt3 = 0;\n            for (int j = 0; j <= 10000; j++) {\n                if (fie[j][now] > 0 && fie[j][prev] == 0) cnt3++;\n                if (fie[j][now] == 0 && fie[j][prev] > 0) cnt3++;\n                fie[j][now] = fie[j][prev];\n            }\n            res2 += cnt3;\n            printf("%d\\n", res2);\n        }\n    }\n    return 0;\n}') | LineLLMMutation(('source.cpp', 32), '#include <iostream>\n#include <algorithm>\n#include <cstring>\n#include <cstdio>\n#include <vector>\n#include <array>\nusing namespace std;\n\ntypedef vector<int> PP;\ntypedef vector<PP> P;\n\nint n, r;\n\nstruct block {\n    int x1, x2, y, f;\n};\n\nblock b[20002];\narray<array<int, 2>, 10002> fie; // Using std::array for better performance and memory usage\n\nbool comp(const block &b1, const block &b2) {\n    return b1.y < b2.y;\n}\n\nint main(void) {\n    while (1) {\n        scanf("%d%d", &n, &r);\n        if (n == 0 && r == 0) break;\n\n        fie.fill({0, 0}); // Efficient reset using std::array\n\n        for (int i = 0; i < n; i++) {\n            int y1, y2;\n            // Optimized to read multiple integers in a single scan\n            scanf("%d%d%d%d", &b[i*2].x1, &y1, &b[i*2].x2, &y2);\n            b[i*2].x2--; // Decrement x2 directly\n            b[i*2 + 1] = {b[i*2].x1, b[i*2].x2, y2, -1}; // Direct initialization\n            b[i*2].y = y1;\n            b[i*2].f = 1;\n        }\n\n        sort(b, b + n * 2, comp);\n        int ny = 0;\n        int now = 0, prev = 1;\n        int res = 0, res2 = 0;\n\n        for (int i = 0; i < n * 2; i++) {\n            if (ny != b[i].y) {\n                swap(now, prev);\n                int cnt = 0, cnt2 = 0, bt = 0, cnt3 = 0;\n                for (int j = 0; j <= 10000; j++) {\n                    if (fie[j][now] > 0 && fie[j][prev] == 0) cnt3++;\n                    if (fie[j][now] == 0 && fie[j][prev] > 0) cnt3++;\n                    fie[j][now] = fie[j][prev];\n                    if (fie[j][now] > 0) {\n                        cnt++;\n                        if (bt == 0) cnt2++, bt = 1;\n                    } else bt = 0;\n                }\n                res += cnt * (b[i].y - ny);\n                res2 += cnt2 * 2 * (b[i].y - ny) + cnt3;\n            }\n            ny = b[i].y;\n            for (int j = b[i].x1; j <= b[i].x2; j++) fie[j][now] += b[i].f;\n        }\n\n        printf("%d\\n", res);\n        if (r == 2) {\n            swap(now, prev);\n            int cnt3 = 0;\n            for (int j = 0; j <= 10000; j++) {\n                if (fie[j][now] > 0 && fie[j][prev] == 0) cnt3++;\n                if (fie[j][now] == 0 && fie[j][prev] > 0) cnt3++;\n                fie[j][now] = fie[j][prev];\n            }\n            res2 += cnt3;\n            printf("%d\\n", res2);\n        }\n    }\n    return 0;\n}') | LineLLMMutation(('source.cpp', 40), '#include <iostream>\n#include <algorithm>\n#include <cstring>\n#include <cstdio>\n#include <vector>\n#include <array>\nusing namespace std;\n\ntypedef vector<int> PP;\ntypedef vector<PP> P;\n\nint n, r;\n\nstruct block {\n    int x1, x2, y, f;\n};\n\nblock b[20002];\narray<array<int, 2>, 10002> fie; // Using std::array for better performance and memory usage\n\nbool comp(const block &b1, const block &b2) {\n    return b1.y < b2.y;\n}\n\nint main(void) {\n    while (1) {\n        scanf("%d%d", &n, &r);\n        if (n == 0 && r == 0) break;\n\n        fie.fill({0, 0}); // Efficient reset using std::array\n\n        for (int i = 0; i < n; i++) {\n            int y1, y2, x1, x2;\n            // Optimized to read multiple integers in a single scan\n            scanf("%d%d%d%d", &x1, &y1, &x2, &y2);\n            b[i*2] = {x1, x2 - 1, y1, 1}; // Initialize directly\n            b[i*2 + 1] = {x1, x2 - 1, y2, -1}; // Direct initialization\n        }\n\n        sort(b, b + n * 2, comp);\n        int ny = 0;\n        int now = 0, prev = 1;\n        int res = 0, res2 = 0;\n\n        for (int i = 0; i < n * 2; i++) {\n            if (ny != b[i].y) {\n                swap(now, prev);\n                int cnt = 0, cnt2 = 0, bt = 0, cnt3 = 0;\n                for (int j = 0; j <= 10000; j++) {\n                    if (fie[j][now] > 0 && fie[j][prev] == 0) cnt3++;\n                    if (fie[j][now] == 0 && fie[j][prev] > 0) cnt3++;\n                    fie[j][now] = fie[j][prev];\n                    if (fie[j][now] > 0) {\n                        cnt++;\n                        if (bt == 0) cnt2++, bt = 1;\n                    } else bt = 0;\n                }\n                res += cnt * (b[i].y - ny);\n                res2 += cnt2 * 2 * (b[i].y - ny) + cnt3;\n            }\n            ny = b[i].y;\n            for (int j = b[i].x1; j <= b[i].x2; j++) fie[j][now] += b[i].f;\n        }\n\n        printf("%d\\n", res);\n        if (r == 2) {\n            swap(now, prev);\n            int cnt3 = 0;\n            for (int j = 0; j <= 10000; j++) {\n                if (fie[j][now] > 0 && fie[j][prev] == 0) cnt3++;\n                if (fie[j][now] == 0 && fie[j][prev] > 0) cnt3++;\n                fie[j][now] = fie[j][prev];\n            }\n            res2 += cnt3;\n            printf("%d\\n", res2);\n        }\n    }\n    return 0;\n}')"
2025-01-24 19:38:05,899	[INFO]	Step: 89
2025-01-24 19:38:05,899	[INFO]	Stop Steps: 100
2025-01-24 19:38:06,464	[INFO]	8-10    TEST_CODE_ERROR       None (--) [4 edit(s)]  
2025-01-24 19:38:06,465	[DEBUG]	patch(8-10)="LineLLMCrossover(('source.cpp', 12), '#include <iostream>\n#include <algorithm>\n#include <cstring>\n#include <cstdio>\n#include <vector>\n#include <array>\nusing namespace std;\n\ntypedef vector<int> PP;\ntypedef vector<PP> P;\n\nint n, r;\n\nstruct block {\n    int x1, x2, y, f;\n};\n\nblock b[20002];\narray<array<int, 2>, 10002> fie; // Using std::array for better performance and memory usage\n\nbool comp(const block &b1, const block &b2) {\n    return b1.y < b2.y;\n}\n\nint main(void) {\n    while (1) {\n        scanf("%d%d", &n, &r);\n        if (n == 0 && r == 0) break;\n\n        fie.fill({0, 0}); // Efficient reset using std::array\n\n        for (int i = 0; i < n; i++) {\n            int y1, y2;\n            scanf("%d%d%d%d", &b[i * 2].x1, &y1, &b[i * 2].x2, &y2);\n            b[i * 2].x2--;\n            b[i * 2 + 1].x1 = b[i * 2].x1;\n            b[i * 2 + 1].x2 = b[i * 2].x2;\n            b[i * 2].y = y1;\n            b[i * 2 + 1].y = y2;\n            b[i * 2].f = 1;\n            b[i * 2 + 1].f = -1;\n        }\n\n        sort(b, b + n * 2, comp);\n        int ny = 0;\n        int now = 0, prev = 1;\n        int res = 0, res2 = 0;\n\n        for (int i = 0; i < n * 2; i++) {\n            if (ny != b[i].y) {\n                swap(now, prev);\n                int cnt = 0, cnt2 = 0, bt = 0, cnt3 = 0;\n                for (int j = 0; j <= 10000; j++) {\n                    if (fie[j][now] > 0 && fie[j][prev] == 0) cnt3++;\n                    if (fie[j][now] == 0 && fie[j][prev] > 0) cnt3++;\n                    fie[j][now] = fie[j][prev];\n                    if (fie[j][now] > 0) {\n                        cnt++;\n                        if (bt == 0) cnt2++, bt = 1;\n                    } else bt = 0;\n                }\n                res += cnt * (b[i].y - ny);\n                res2 += cnt2 * 2 * (b[i].y - ny) + cnt3;\n            }\n            ny = b[i].y;\n            for (int j = b[i].x1; j <= b[i].x2; j++) fie[j][now] += b[i].f;\n        }\n\n        printf("%d\\n", res);\n        if (r == 2) {\n            swap(now, prev);\n            int cnt3 = 0;\n            for (int j = 0; j <= 10000; j++) {\n                if (fie[j][now] > 0 && fie[j][prev] == 0) cnt3++;\n                if (fie[j][now] == 0 && fie[j][prev] > 0) cnt3++;\n                fie[j][now] = fie[j][prev];\n            }\n            res2 += cnt3;\n            printf("%d\\n", res2);\n        }\n    }\n    return 0;\n}') | LineLLMMutation(('source.cpp', 32), '#include <iostream>\n#include <algorithm>\n#include <cstring>\n#include <cstdio>\n#include <vector>\n#include <array>\nusing namespace std;\n\ntypedef vector<int> PP;\ntypedef vector<PP> P;\n\nint n, r;\n\nstruct block {\n    int x1, x2, y, f;\n};\n\nblock b[20002];\narray<array<int, 2>, 10002> fie; // Using std::array for better performance and memory usage\n\nbool comp(const block &b1, const block &b2) {\n    return b1.y < b2.y;\n}\n\nint main(void) {\n    while (1) {\n        scanf("%d%d", &n, &r);\n        if (n == 0 && r == 0) break;\n\n        fie.fill({0, 0}); // Efficient reset using std::array\n\n        for (int i = 0; i < n; i++) {\n            int y1, y2;\n            // Optimized to read multiple integers in a single scan\n            scanf("%d%d%d%d", &b[i*2].x1, &y1, &b[i*2].x2, &y2);\n            b[i*2].x2--; // Decrement x2 directly\n            b[i*2 + 1] = {b[i*2].x1, b[i*2].x2, y2, -1}; // Direct initialization\n            b[i*2].y = y1;\n            b[i*2].f = 1;\n        }\n\n        sort(b, b + n * 2, comp);\n        int ny = 0;\n        int now = 0, prev = 1;\n        int res = 0, res2 = 0;\n\n        for (int i = 0; i < n * 2; i++) {\n            if (ny != b[i].y) {\n                swap(now, prev);\n                int cnt = 0, cnt2 = 0, bt = 0, cnt3 = 0;\n                for (int j = 0; j <= 10000; j++) {\n                    if (fie[j][now] > 0 && fie[j][prev] == 0) cnt3++;\n                    if (fie[j][now] == 0 && fie[j][prev] > 0) cnt3++;\n                    fie[j][now] = fie[j][prev];\n                    if (fie[j][now] > 0) {\n                        cnt++;\n                        if (bt == 0) cnt2++, bt = 1;\n                    } else bt = 0;\n                }\n                res += cnt * (b[i].y - ny);\n                res2 += cnt2 * 2 * (b[i].y - ny) + cnt3;\n            }\n            ny = b[i].y;\n            for (int j = b[i].x1; j <= b[i].x2; j++) fie[j][now] += b[i].f;\n        }\n\n        printf("%d\\n", res);\n        if (r == 2) {\n            swap(now, prev);\n            int cnt3 = 0;\n            for (int j = 0; j <= 10000; j++) {\n                if (fie[j][now] > 0 && fie[j][prev] == 0) cnt3++;\n                if (fie[j][now] == 0 && fie[j][prev] > 0) cnt3++;\n                fie[j][now] = fie[j][prev];\n            }\n            res2 += cnt3;\n            printf("%d\\n", res2);\n        }\n    }\n    return 0;\n}') | LineLLMMutation(('source.cpp', 35), '#include <iostream>\n#include <algorithm>\n#include <cstring>\n#include <cstdio>\n#include <vector>\n#include <array>\nusing namespace std;\n\ntypedef vector<int> PP;\ntypedef vector<PP> P;\n\nint n, r;\n\nstruct block {\n    int x1, x2, y, f;\n};\n\nblock b[20002];\narray<array<int, 2>, 10002> fie; // Using std::array for better performance and memory usage\n\nbool comp(const block &b1, const block &b2) {\n    return b1.y < b2.y;\n}\n\nint main(void) {\n    while (1) {\n        scanf("%d%d", &n, &r);\n        if (n == 0 && r == 0) break;\n\n        fie.fill({0, 0}); // Efficient reset using std::array\n\n        for (int i = 0; i < n; i++) {\n            int y1, y2, x1, x2;\n            // Separated input for better clarity and efficiency in reading\n            scanf("%d%d", &x1, &y1);\n            scanf("%d%d", &x2, &y2);\n            b[i*2].x1 = x1;\n            b[i*2].x2 = x2 - 1; // Decrement x2 directly\n            b[i*2].y = y1;\n            b[i*2].f = 1;\n            b[i*2 + 1] = {x1, x2 - 1, y2, -1}; // Direct initialization\n        }\n\n        sort(b, b + n * 2, comp);\n        int ny = 0;\n        int now = 0, prev = 1;\n        int res = 0, res2 = 0;\n\n        for (int i = 0; i < n * 2; i++) {\n            if (ny != b[i].y) {\n                swap(now, prev);\n                int cnt = 0, cnt2 = 0, bt = 0, cnt3 = 0;\n                for (int j = 0; j <= 10000; j++) {\n                    if (fie[j][now] > 0 && fie[j][prev] == 0) cnt3++;\n                    if (fie[j][now] == 0 && fie[j][prev] > 0) cnt3++;\n                    fie[j][now] = fie[j][prev];\n                    if (fie[j][now] > 0) {\n                        cnt++;\n                        if (bt == 0) cnt2++, bt = 1;\n                    } else bt = 0;\n                }\n                res += cnt * (b[i].y - ny);\n                res2 += cnt2 * 2 * (b[i].y - ny) + cnt3;\n            }\n            ny = b[i].y;\n            for (int j = b[i].x1; j <= b[i].x2; j++) fie[j][now] += b[i].f;\n        }\n\n        printf("%d\\n", res);\n        if (r == 2) {\n            swap(now, prev);\n            int cnt3 = 0;\n            for (int j = 0; j <= 10000; j++) {\n                if (fie[j][now] > 0 && fie[j][prev] == 0) cnt3++;\n                if (fie[j][now] == 0 && fie[j][prev] > 0) cnt3++;\n                fie[j][now] = fie[j][prev];\n            }\n            res2 += cnt3;\n            printf("%d\\n", res2);\n        }\n    }\n    return 0;\n}') | LineLLMMutation(('source.cpp', 41), '#include <iostream>\n#include <algorithm>\n#include <cstring>\n#include <cstdio>\n#include <vector>\n#include <array>\n#include <sstream>\nusing namespace std;\n\ntypedef vector<int> PP;\ntypedef vector<PP> P;\n\nint n, r;\n\nstruct block {\n    int x1, x2, y, f;\n};\n\nblock b[20002];\narray<array<int, 2>, 10002> fie;\n\nbool comp(const block &b1, const block &b2) {\n    return b1.y < b2.y;\n}\n\nint main(void) {\n    string input;\n    while (getline(cin, input)) {\n        stringstream ss(input);\n        ss >> n >> r;\n        if (n == 0 && r == 0) break;\n\n        fie.fill({0, 0});\n\n        for (int i = 0; i < n; i++) {\n            int y1, y2, x1, x2;\n            ss >> x1 >> y1 >> x2 >> y2;\n            b[i*2].x1 = x1;\n            b[i*2].x2 = x2 - 1; \n            b[i*2].y = y1;\n            b[i*2].f = 1;\n            b[i*2 + 1] = {x1, x2 - 1, y2, -1}; \n        }\n\n        sort(b, b + n * 2, comp);\n        int ny = 0;\n        int now = 0, prev = 1;\n        int res = 0, res2 = 0;\n\n        for (int i = 0; i < n * 2; i++) {\n            if (ny != b[i].y) {\n                swap(now, prev);\n                int cnt = 0, cnt2 = 0, bt = 0, cnt3 = 0;\n                for (int j = 0; j <= 10000; j++) {\n                    if (fie[j][now] > 0 && fie[j][prev] == 0) cnt3++;\n                    if (fie[j][now] == 0 && fie[j][prev] > 0) cnt3++;\n                    fie[j][now] = fie[j][prev];\n                    if (fie[j][now] > 0) {\n                        cnt++;\n                        if (bt == 0) cnt2++, bt = 1;\n                    } else bt = 0;\n                }\n                res += cnt * (b[i].y - ny);\n                res2 += cnt2 * 2 * (b[i].y - ny) + cnt3;\n            }\n            ny = b[i].y;\n            for (int j = b[i].x1; j <= b[i].x2; j++) fie[j][now] += b[i].f;\n        }\n\n        printf("%d\\n", res);\n        if (r == 2) {\n            swap(now, prev);\n            int cnt3 = 0;\n            for (int j = 0; j <= 10000; j++) {\n                if (fie[j][now] > 0 && fie[j][prev] == 0) cnt3++;\n                if (fie[j][now] == 0 && fie[j][prev] > 0) cnt3++;\n                fie[j][now] = fie[j][prev];\n            }\n            res2 += cnt3;\n            printf("%d\\n", res2);\n        }\n    }\n    return 0;\n}')"
2025-01-24 19:38:06,465	[INFO]	Step: 90
2025-01-24 19:38:06,465	[INFO]	Stop Steps: 100
2025-01-24 19:38:08,343	[DEBUG]	EXEC>  SUCCESS 4715700.375
2025-01-24 19:38:08,344	[INFO]	REF     SUCCESS               4715700.38 (--) [0 edit(s)]  
2025-01-24 19:38:08,344	[INFO]	Best patch: 3_14_18_28_36_38
2025-01-24 19:38:08,937	[DEBUG]	EXEC>  SUCCESS 1761887.0625
2025-01-24 19:38:08,937	[INFO]	BEST    SUCCESS              *1761887.06 (37.36%) [0 edit(s)]  
2025-01-24 19:38:08,937	[INFO]	Best patch step: 86
2025-01-24 19:39:48,294	[INFO]	Step: 90
2025-01-24 19:39:48,294	[INFO]	Stop Steps: 100
2025-01-24 19:39:48,851	[DEBUG]	EXEC>  SUCCESS 1565565.5625
2025-01-24 19:39:48,851	[INFO]	9-1     SUCCESS              *1565565.56 (33.20%) [6 edit(s)]  
2025-01-24 19:39:48,851	[DEBUG]	patch(9-1)="LineLLMMutation(('source.cpp', 3), '#include <iostream>\n#include <algorithm>\n#include <cstring>\n#include <cstdio>\n#include <vector>\n#include <map>\n#include <array>\nusing namespace std;\n\ntypedef vector<int> PP;\ntypedef vector<PP> P;\n\nint n, r;\n\nstruct block {\n    int x1, x2, y, f;\n};\n\nblock b[20002];\narray<array<int, 2>, 10002> fie; // Using std::array\n\nbool comp(const block &b1, const block &b2) {\n    return b1.y < b2.y;\n}\n\nint main(void) {\n    while (1) {\n        scanf("%d%d", &n, &r);\n        if (n == 0 && r == 0) break;\n\n        fie.fill({0, 0}); // Initialize using std::array\n\n        for (int i = 0; i < n; i++) {\n            int y1, y2;\n            scanf("%d%d%d%d", &b[i * 2].x1, &y1, &b[i * 2].x2, &y2);\n            b[i * 2].x2--;\n            b[i * 2 + 1].x1 = b[i * 2].x1;\n            b[i * 2 + 1].x2 = b[i * 2].x2;\n            b[i * 2].y = y1;\n            b[i * 2 + 1].y = y2;\n            b[i * 2].f = 1;\n            b[i * 2 + 1].f = -1;\n        }\n\n        sort(b, b + n * 2, comp);\n        int ny = 0;\n        int now = 0, prev = 1;\n        int res = 0, res2 = 0;\n\n        for (int i = 0; i < n * 2; i++) {\n            if (ny != b[i].y) {\n                swap(now, prev);\n                int cnt = 0, cnt2 = 0, bt = 0, cnt3 = 0;\n                for (int j = 0; j <= 10000; j++) {\n                    if (fie[j][now] > 0 && fie[j][prev] == 0) cnt3++;\n                    if (fie[j][now] == 0 && fie[j][prev] > 0) cnt3++;\n                    fie[j][now] = fie[j][prev];\n                    if (fie[j][now] > 0) {\n                        cnt++;\n                        if (bt == 0) cnt2++, bt = 1;\n                    } else bt = 0;\n                }\n                res += cnt * (b[i].y - ny);\n                res2 += cnt2 * 2 * (b[i].y - ny) + cnt3;\n            }\n            ny = b[i].y;\n            for (int j = b[i].x1; j <= b[i].x2; j++) fie[j][now] += b[i].f;\n        }\n\n        printf("%d\\n", res);\n        if (r == 2) {\n            swap(now, prev);\n            int cnt3 = 0;\n            for (int j = 0; j <= 10000; j++) {\n                if (fie[j][now] > 0 && fie[j][prev] == 0) cnt3++;\n                if (fie[j][now] == 0 && fie[j][prev] > 0) cnt3++;\n                fie[j][now] = fie[j][prev];\n            }\n            res2 += cnt3;\n            printf("%d\\n", res2);\n        }\n    }\n    return 0;\n}') | LineLLMMutation(('source.cpp', 14), '#include <iostream>\n#include <algorithm>\n#include <cstring>\n#include <cstdio>\n#include <vector>\nusing namespace std;\n\ntypedef vector<int> PP;\ntypedef vector<PP> P;\n\nint n, r;\n\nstruct block {\n    int x1, x2, y, f;\n};\n\nblock b[20002];\nint fie[10002][2]; // Changed to a simple 2D array for better performance\n\nbool comp(const block &b1, const block &b2) {\n    return b1.y < b2.y;\n}\n\nint main(void) {\n    while (1) {\n        scanf("%d%d", &n, &r);\n        if (n == 0 && r == 0) break;\n\n        memset(fie, 0, sizeof(fie)); // Initialize using memset for speed\n\n        for (int i = 0; i < n; i++) {\n            int y1, y2;\n            scanf("%d%d%d%d", &b[i * 2].x1, &y1, &b[i * 2].x2, &y2);\n            b[i * 2].x2--;\n            b[i * 2 + 1].x1 = b[i * 2].x1;\n            b[i * 2 + 1].x2 = b[i * 2].x2;\n            b[i * 2].y = y1;\n            b[i * 2 + 1].y = y2;\n            b[i * 2].f = 1;\n            b[i * 2 + 1].f = -1;\n        }\n\n        sort(b, b + n * 2, comp);\n        int ny = 0;\n        int now = 0, prev = 1;\n        int res = 0, res2 = 0;\n\n        for (int i = 0; i < n * 2; i++) {\n            if (ny != b[i].y) {\n                swap(now, prev);\n                int cnt = 0, cnt2 = 0, bt = 0, cnt3 = 0;\n                for (int j = 0; j <= 10000; j++) {\n                    if (fie[j][now] > 0 && fie[j][prev] == 0) cnt3++;\n                    if (fie[j][now] == 0 && fie[j][prev] > 0) cnt3++;\n                    fie[j][now] = fie[j][prev];\n                    if (fie[j][now] > 0) {\n                        cnt++;\n                        if (bt == 0) cnt2++, bt = 1;\n                    } else bt = 0;\n                }\n                res += cnt * (b[i].y - ny);\n                res2 += cnt2 * 2 * (b[i].y - ny) + cnt3;\n            }\n            ny = b[i].y;\n            for (int j = b[i].x1; j <= b[i].x2; j++) fie[j][now] += b[i].f;\n        }\n\n        printf("%d\\n", res);\n        if (r == 2) {\n            swap(now, prev);\n            int cnt3 = 0;\n            for (int j = 0; j <= 10000; j++) {\n                if (fie[j][now] > 0 && fie[j][prev] == 0) cnt3++;\n                if (fie[j][now] == 0 && fie[j][prev] > 0) cnt3++;\n                fie[j][now] = fie[j][prev];\n            }\n            res2 += cnt3;\n            printf("%d\\n", res2);\n        }\n    }\n    return 0;\n}') | LineLLMMutation(('source.cpp', 18), '#include <iostream>\n#include <algorithm>\n#include <cstring>\n#include <cstdio>\n#include <vector>\n#include <array>\nusing namespace std;\n\ntypedef vector<int> PP;\ntypedef vector<PP> P;\n\nint n, r;\n\nstruct block {\n    int x1, x2, y, f;\n};\n\nblock b[20002];\narray<array<int, 2>, 10002> fie; // Changed to std::array for better performance and memory usage\n\nbool comp(const block &b1, const block &b2) {\n    return b1.y < b2.y;\n}\n\nint main(void) {\n    while (1) {\n        scanf("%d%d", &n, &r);\n        if (n == 0 && r == 0) break;\n\n        fie.fill({0, 0}); // Initialize using fill for clarity and performance\n\n        for (int i = 0; i < n; i++) {\n            int y1, y2;\n            scanf("%d%d%d%d", &b[i * 2].x1, &y1, &b[i * 2].x2, &y2);\n            b[i * 2].x2--;\n            b[i * 2 + 1].x1 = b[i * 2].x1;\n            b[i * 2 + 1].x2 = b[i * 2].x2;\n            b[i * 2].y = y1;\n            b[i * 2 + 1].y = y2;\n            b[i * 2].f = 1;\n            b[i * 2 + 1].f = -1;\n        }\n\n        sort(b, b + n * 2, comp);\n        int ny = 0;\n        int now = 0, prev = 1;\n        int res = 0, res2 = 0;\n\n        for (int i = 0; i < n * 2; i++) {\n            if (ny != b[i].y) {\n                swap(now, prev);\n                int cnt = 0, cnt2 = 0, bt = 0, cnt3 = 0;\n                for (int j = 0; j <= 10000; j++) {\n                    if (fie[j][now] > 0 && fie[j][prev] == 0) cnt3++;\n                    if (fie[j][now] == 0 && fie[j][prev] > 0) cnt3++;\n                    fie[j][now] = fie[j][prev];\n                    if (fie[j][now] > 0) {\n                        cnt++;\n                        if (bt == 0) cnt2++, bt = 1;\n                    } else bt = 0;\n                }\n                res += cnt * (b[i].y - ny);\n                res2 += cnt2 * 2 * (b[i].y - ny) + cnt3;\n            }\n            ny = b[i].y;\n            for (int j = b[i].x1; j <= b[i].x2; j++) fie[j][now] += b[i].f;\n        }\n\n        printf("%d\\n", res);\n        if (r == 2) {\n            swap(now, prev);\n            int cnt3 = 0;\n            for (int j = 0; j <= 10000; j++) {\n                if (fie[j][now] > 0 && fie[j][prev] == 0) cnt3++;\n                if (fie[j][now] == 0 && fie[j][prev] > 0) cnt3++;\n                fie[j][now] = fie[j][prev];\n            }\n            res2 += cnt3;\n            printf("%d\\n", res2);\n        }\n    }\n    return 0;\n}') | LineLLMMutation(('source.cpp', 28), '#include <iostream>\n#include <algorithm>\n#include <cstring>\n#include <cstdio>\n#include <vector>\n#include <array>\nusing namespace std;\n\ntypedef vector<int> PP;\ntypedef vector<PP> P;\n\nint n, r;\n\nstruct block {\n    int x1, x2, y, f;\n};\n\nblock b[20002];\nint fie[10002][2] = {}; // Changed to a 2D array for slightly better performance and reduced overhead\n\nbool comp(const block &b1, const block &b2) {\n    return b1.y < b2.y;\n}\n\nint main(void) {\n    while (1) {\n        scanf("%d%d", &n, &r);\n        if (n == 0 && r == 0) break;\n\n        for (int i = 0; i < n; i++) {\n            int y1, y2;\n            scanf("%d%d%d%d", &b[i * 2].x1, &y1, &b[i * 2].x2, &y2);\n            b[i * 2].x2--;\n            b[i * 2 + 1].x1 = b[i * 2].x1;\n            b[i * 2 + 1].x2 = b[i * 2].x2;\n            b[i * 2].y = y1;\n            b[i * 2 + 1].y = y2;\n            b[i * 2].f = 1;\n            b[i * 2 + 1].f = -1;\n        }\n\n        sort(b, b + n * 2, comp);\n        int ny = 0;\n        int now = 0, prev = 1;\n        int res = 0, res2 = 0;\n\n        for (int i = 0; i < n * 2; i++) {\n            if (ny != b[i].y) {\n                swap(now, prev);\n                int cnt = 0, cnt2 = 0, bt = 0, cnt3 = 0;\n                for (int j = 0; j <= 10000; j++) {\n                    if (fie[j][now] > 0 && fie[j][prev] == 0) cnt3++;\n                    if (fie[j][now] == 0 && fie[j][prev] > 0) cnt3++;\n                    fie[j][now] = fie[j][prev];\n                    if (fie[j][now] > 0) {\n                        cnt++;\n                        if (bt == 0) cnt2++, bt = 1;\n                    } else bt = 0;\n                }\n                res += cnt * (b[i].y - ny);\n                res2 += cnt2 * 2 * (b[i].y - ny) + cnt3;\n            }\n            ny = b[i].y;\n            for (int j = b[i].x1; j <= b[i].x2; j++) fie[j][now] += b[i].f;\n        }\n\n        printf("%d\\n", res);\n        if (r == 2) {\n            swap(now, prev);\n            int cnt3 = 0;\n            for (int j = 0; j <= 10000; j++) {\n                if (fie[j][now] > 0 && fie[j][prev] == 0) cnt3++;\n                if (fie[j][now] == 0 && fie[j][prev] > 0) cnt3++;\n                fie[j][now] = fie[j][prev];\n            }\n            res2 += cnt3;\n            printf("%d\\n", res2);\n        }\n    }\n    return 0;\n}') | LineLLMMutation(('source.cpp', 36), '#include <cstdio>\n#include <algorithm>\nusing namespace std;\n\nconst int MAX_N = 10002;\nconst int MAX_B = 20002;\n\nstruct block {\n    int x1, x2, y, f;\n};\n\nblock b[MAX_B];\nint fie[MAX_N][2] = {};\n\nbool comp(const block &b1, const block &b2) {\n    return b1.y < b2.y;\n}\n\nint main(void) {\n    int n, r;\n    while (scanf("%d%d", &n, &r) == 2 && (n || r)) {\n        for (int i = 0; i < n; i++) {\n            int y1, y2;\n            scanf("%d%d%d%d", &b[i * 2].x1, &y1, &b[i * 2].x2, &y2);\n            b[i * 2].x2--; // Decrement x2 for zero-indexed handling\n            b[i * 2 + 1] = {b[i * 2].x1, b[i * 2].x2, y2, -1}; // Simplified initialization\n            b[i * 2].y = y1;\n            b[i * 2].f = 1;\n        }\n\n        sort(b, b + n * 2, comp);\n        int ny = 0, now = 0, prev = 1, res = 0, res2 = 0;\n\n        for (int i = 0; i < n * 2; i++) {\n            if (ny != b[i].y) {\n                swap(now, prev);\n                int cnt = 0, cnt2 = 0, bt = 0, cnt3 = 0;\n                for (int j = 0; j <= MAX_N; j++) {\n                    if (fie[j][now] > 0 && fie[j][prev] == 0) cnt3++;\n                    if (fie[j][now] == 0 && fie[j][prev] > 0) cnt3++;\n                    fie[j][now] = fie[j][prev];\n                    if (fie[j][now] > 0) {\n                        cnt++;\n                        if (bt == 0) cnt2++, bt = 1;\n                    } else bt = 0;\n                }\n                res += cnt * (b[i].y - ny);\n                res2 += cnt2 * 2 * (b[i].y - ny) + cnt3;\n            }\n            ny = b[i].y;\n            for (int j = b[i].x1; j <= b[i].x2; j++) fie[j][now] += b[i].f;\n        }\n\n        printf("%d\\n", res);\n        if (r == 2) {\n            swap(now, prev);\n            int cnt3 = 0;\n            for (int j = 0; j <= MAX_N; j++) {\n                if (fie[j][now] > 0 && fie[j][prev] == 0) cnt3++;\n                if (fie[j][now] == 0 && fie[j][prev] > 0) cnt3++;\n                fie[j][now] = fie[j][prev];\n            }\n            res2 += cnt3;\n            printf("%d\\n", res2);\n        }\n    }\n    return 0;\n}') | LineLLMMutation(('source.cpp', 38), '#include <cstdio>\n#include <algorithm>\nusing namespace std;\n\nconst int MAX_N = 10002;\nconst int MAX_B = 20002;\n\nstruct block {\n    int x1, x2, y, f;\n};\n\nblock b[MAX_B];\nint fie[MAX_N][2] = {};\n\nbool comp(const block &b1, const block &b2) {\n    return b1.y < b2.y;\n}\n\nint main(void) {\n    int n, r;\n    while (scanf("%d%d", &n, &r) == 2 && (n || r)) {\n        // Use a single pass to read input and initialize blocks\n        for (int i = 0; i < n; i++) {\n            int y1, y2;\n            scanf("%d%d%d%d", &b[i * 2].x1, &y1, &b[i * 2].x2, &y2);\n            b[i * 2].x2--; // Decrement x2 for zero-indexed handling\n            b[i * 2].y = y1;\n            b[i * 2].f = 1;\n\n            // Initialize the second block in the same loop\n            b[i * 2 + 1] = {b[i * 2].x1, b[i * 2].x2, y2, -1};\n        }\n\n        sort(b, b + n * 2, comp);\n        int ny = 0, now = 0, prev = 1, res = 0, res2 = 0;\n\n        for (int i = 0; i < n * 2; i++) {\n            if (ny != b[i].y) {\n                swap(now, prev);\n                int cnt = 0, cnt2 = 0, bt = 0, cnt3 = 0;\n                for (int j = 0; j <= MAX_N; j++) {\n                    if (fie[j][now] > 0 && fie[j][prev] == 0) cnt3++;\n                    if (fie[j][now] == 0 && fie[j][prev] > 0) cnt3++;\n                    fie[j][now] = fie[j][prev];\n                    if (fie[j][now] > 0) {\n                        cnt++;\n                        if (bt == 0) cnt2++, bt = 1;\n                    } else bt = 0;\n                }\n                res += cnt * (b[i].y - ny);\n                res2 += cnt2 * 2 * (b[i].y - ny) + cnt3;\n            }\n            ny = b[i].y;\n            for (int j = b[i].x1; j <= b[i].x2; j++) fie[j][now] += b[i].f;\n        }\n\n        printf("%d\\n", res);\n        if (r == 2) {\n            swap(now, prev);\n            int cnt3 = 0;\n            for (int j = 0; j <= MAX_N; j++) {\n                if (fie[j][now] > 0 && fie[j][prev] == 0) cnt3++;\n                if (fie[j][now] == 0 && fie[j][prev] > 0) cnt3++;\n                fie[j][now] = fie[j][prev];\n            }\n            res2 += cnt3;\n            printf("%d\\n", res2);\n        }\n    }\n    return 0;\n}')"

2025-01-24 19:39:48,851	[INFO]	Step: 91
2025-01-24 19:39:48,851	[INFO]	Stop Steps: 100
2025-01-24 19:39:49,379	[DEBUG]	EXEC>  SUCCESS 1622309.875
2025-01-24 19:39:49,379	[INFO]	9-2     SUCCESS               1622309.88 (34.40%) [5 edit(s)]  
2025-01-24 19:39:49,379	[DEBUG]	patch(9-2)="LineLLMMutation(('source.cpp', 3), '#include <iostream>\n#include <algorithm>\n#include <cstring>\n#include <cstdio>\n#include <vector>\n#include <map>\n#include <array>\nusing namespace std;\n\ntypedef vector<int> PP;\ntypedef vector<PP> P;\n\nint n, r;\n\nstruct block {\n    int x1, x2, y, f;\n};\n\nblock b[20002];\narray<array<int, 2>, 10002> fie; // Using std::array\n\nbool comp(const block &b1, const block &b2) {\n    return b1.y < b2.y;\n}\n\nint main(void) {\n    while (1) {\n        scanf("%d%d", &n, &r);\n        if (n == 0 && r == 0) break;\n\n        fie.fill({0, 0}); // Initialize using std::array\n\n        for (int i = 0; i < n; i++) {\n            int y1, y2;\n            scanf("%d%d%d%d", &b[i * 2].x1, &y1, &b[i * 2].x2, &y2);\n            b[i * 2].x2--;\n            b[i * 2 + 1].x1 = b[i * 2].x1;\n            b[i * 2 + 1].x2 = b[i * 2].x2;\n            b[i * 2].y = y1;\n            b[i * 2 + 1].y = y2;\n            b[i * 2].f = 1;\n            b[i * 2 + 1].f = -1;\n        }\n\n        sort(b, b + n * 2, comp);\n        int ny = 0;\n        int now = 0, prev = 1;\n        int res = 0, res2 = 0;\n\n        for (int i = 0; i < n * 2; i++) {\n            if (ny != b[i].y) {\n                swap(now, prev);\n                int cnt = 0, cnt2 = 0, bt = 0, cnt3 = 0;\n                for (int j = 0; j <= 10000; j++) {\n                    if (fie[j][now] > 0 && fie[j][prev] == 0) cnt3++;\n                    if (fie[j][now] == 0 && fie[j][prev] > 0) cnt3++;\n                    fie[j][now] = fie[j][prev];\n                    if (fie[j][now] > 0) {\n                        cnt++;\n                        if (bt == 0) cnt2++, bt = 1;\n                    } else bt = 0;\n                }\n                res += cnt * (b[i].y - ny);\n                res2 += cnt2 * 2 * (b[i].y - ny) + cnt3;\n            }\n            ny = b[i].y;\n            for (int j = b[i].x1; j <= b[i].x2; j++) fie[j][now] += b[i].f;\n        }\n\n        printf("%d\\n", res);\n        if (r == 2) {\n            swap(now, prev);\n            int cnt3 = 0;\n            for (int j = 0; j <= 10000; j++) {\n                if (fie[j][now] > 0 && fie[j][prev] == 0) cnt3++;\n                if (fie[j][now] == 0 && fie[j][prev] > 0) cnt3++;\n                fie[j][now] = fie[j][prev];\n            }\n            res2 += cnt3;\n            printf("%d\\n", res2);\n        }\n    }\n    return 0;\n}') | LineLLMMutation(('source.cpp', 14), '#include <iostream>\n#include <algorithm>\n#include <cstring>\n#include <cstdio>\n#include <vector>\nusing namespace std;\n\ntypedef vector<int> PP;\ntypedef vector<PP> P;\n\nint n, r;\n\nstruct block {\n    int x1, x2, y, f;\n};\n\nblock b[20002];\nint fie[10002][2]; // Changed to a simple 2D array for better performance\n\nbool comp(const block &b1, const block &b2) {\n    return b1.y < b2.y;\n}\n\nint main(void) {\n    while (1) {\n        scanf("%d%d", &n, &r);\n        if (n == 0 && r == 0) break;\n\n        memset(fie, 0, sizeof(fie)); // Initialize using memset for speed\n\n        for (int i = 0; i < n; i++) {\n            int y1, y2;\n            scanf("%d%d%d%d", &b[i * 2].x1, &y1, &b[i * 2].x2, &y2);\n            b[i * 2].x2--;\n            b[i * 2 + 1].x1 = b[i * 2].x1;\n            b[i * 2 + 1].x2 = b[i * 2].x2;\n            b[i * 2].y = y1;\n            b[i * 2 + 1].y = y2;\n            b[i * 2].f = 1;\n            b[i * 2 + 1].f = -1;\n        }\n\n        sort(b, b + n * 2, comp);\n        int ny = 0;\n        int now = 0, prev = 1;\n        int res = 0, res2 = 0;\n\n        for (int i = 0; i < n * 2; i++) {\n            if (ny != b[i].y) {\n                swap(now, prev);\n                int cnt = 0, cnt2 = 0, bt = 0, cnt3 = 0;\n                for (int j = 0; j <= 10000; j++) {\n                    if (fie[j][now] > 0 && fie[j][prev] == 0) cnt3++;\n                    if (fie[j][now] == 0 && fie[j][prev] > 0) cnt3++;\n                    fie[j][now] = fie[j][prev];\n                    if (fie[j][now] > 0) {\n                        cnt++;\n                        if (bt == 0) cnt2++, bt = 1;\n                    } else bt = 0;\n                }\n                res += cnt * (b[i].y - ny);\n                res2 += cnt2 * 2 * (b[i].y - ny) + cnt3;\n            }\n            ny = b[i].y;\n            for (int j = b[i].x1; j <= b[i].x2; j++) fie[j][now] += b[i].f;\n        }\n\n        printf("%d\\n", res);\n        if (r == 2) {\n            swap(now, prev);\n            int cnt3 = 0;\n            for (int j = 0; j <= 10000; j++) {\n                if (fie[j][now] > 0 && fie[j][prev] == 0) cnt3++;\n                if (fie[j][now] == 0 && fie[j][prev] > 0) cnt3++;\n                fie[j][now] = fie[j][prev];\n            }\n            res2 += cnt3;\n            printf("%d\\n", res2);\n        }\n    }\n    return 0;\n}') | LineLLMMutation(('source.cpp', 18), '#include <iostream>\n#include <algorithm>\n#include <cstring>\n#include <cstdio>\n#include <vector>\n#include <array>\nusing namespace std;\n\ntypedef vector<int> PP;\ntypedef vector<PP> P;\n\nint n, r;\n\nstruct block {\n    int x1, x2, y, f;\n};\n\nblock b[20002];\narray<array<int, 2>, 10002> fie; // Changed to std::array for better performance and memory usage\n\nbool comp(const block &b1, const block &b2) {\n    return b1.y < b2.y;\n}\n\nint main(void) {\n    while (1) {\n        scanf("%d%d", &n, &r);\n        if (n == 0 && r == 0) break;\n\n        fie.fill({0, 0}); // Initialize using fill for clarity and performance\n\n        for (int i = 0; i < n; i++) {\n            int y1, y2;\n            scanf("%d%d%d%d", &b[i * 2].x1, &y1, &b[i * 2].x2, &y2);\n            b[i * 2].x2--;\n            b[i * 2 + 1].x1 = b[i * 2].x1;\n            b[i * 2 + 1].x2 = b[i * 2].x2;\n            b[i * 2].y = y1;\n            b[i * 2 + 1].y = y2;\n            b[i * 2].f = 1;\n            b[i * 2 + 1].f = -1;\n        }\n\n        sort(b, b + n * 2, comp);\n        int ny = 0;\n        int now = 0, prev = 1;\n        int res = 0, res2 = 0;\n\n        for (int i = 0; i < n * 2; i++) {\n            if (ny != b[i].y) {\n                swap(now, prev);\n                int cnt = 0, cnt2 = 0, bt = 0, cnt3 = 0;\n                for (int j = 0; j <= 10000; j++) {\n                    if (fie[j][now] > 0 && fie[j][prev] == 0) cnt3++;\n                    if (fie[j][now] == 0 && fie[j][prev] > 0) cnt3++;\n                    fie[j][now] = fie[j][prev];\n                    if (fie[j][now] > 0) {\n                        cnt++;\n                        if (bt == 0) cnt2++, bt = 1;\n                    } else bt = 0;\n                }\n                res += cnt * (b[i].y - ny);\n                res2 += cnt2 * 2 * (b[i].y - ny) + cnt3;\n            }\n            ny = b[i].y;\n            for (int j = b[i].x1; j <= b[i].x2; j++) fie[j][now] += b[i].f;\n        }\n\n        printf("%d\\n", res);\n        if (r == 2) {\n            swap(now, prev);\n            int cnt3 = 0;\n            for (int j = 0; j <= 10000; j++) {\n                if (fie[j][now] > 0 && fie[j][prev] == 0) cnt3++;\n                if (fie[j][now] == 0 && fie[j][prev] > 0) cnt3++;\n                fie[j][now] = fie[j][prev];\n            }\n            res2 += cnt3;\n            printf("%d\\n", res2);\n        }\n    }\n    return 0;\n}') | LineLLMMutation(('source.cpp', 28), '#include <iostream>\n#include <algorithm>\n#include <cstring>\n#include <cstdio>\n#include <vector>\n#include <array>\nusing namespace std;\n\ntypedef vector<int> PP;\ntypedef vector<PP> P;\n\nint n, r;\n\nstruct block {\n    int x1, x2, y, f;\n};\n\nblock b[20002];\nint fie[10002][2] = {}; // Changed to a 2D array for slightly better performance and reduced overhead\n\nbool comp(const block &b1, const block &b2) {\n    return b1.y < b2.y;\n}\n\nint main(void) {\n    while (1) {\n        scanf("%d%d", &n, &r);\n        if (n == 0 && r == 0) break;\n\n        for (int i = 0; i < n; i++) {\n            int y1, y2;\n            scanf("%d%d%d%d", &b[i * 2].x1, &y1, &b[i * 2].x2, &y2);\n            b[i * 2].x2--;\n            b[i * 2 + 1].x1 = b[i * 2].x1;\n            b[i * 2 + 1].x2 = b[i * 2].x2;\n            b[i * 2].y = y1;\n            b[i * 2 + 1].y = y2;\n            b[i * 2].f = 1;\n            b[i * 2 + 1].f = -1;\n        }\n\n        sort(b, b + n * 2, comp);\n        int ny = 0;\n        int now = 0, prev = 1;\n        int res = 0, res2 = 0;\n\n        for (int i = 0; i < n * 2; i++) {\n            if (ny != b[i].y) {\n                swap(now, prev);\n                int cnt = 0, cnt2 = 0, bt = 0, cnt3 = 0;\n                for (int j = 0; j <= 10000; j++) {\n                    if (fie[j][now] > 0 && fie[j][prev] == 0) cnt3++;\n                    if (fie[j][now] == 0 && fie[j][prev] > 0) cnt3++;\n                    fie[j][now] = fie[j][prev];\n                    if (fie[j][now] > 0) {\n                        cnt++;\n                        if (bt == 0) cnt2++, bt = 1;\n                    } else bt = 0;\n                }\n                res += cnt * (b[i].y - ny);\n                res2 += cnt2 * 2 * (b[i].y - ny) + cnt3;\n            }\n            ny = b[i].y;\n            for (int j = b[i].x1; j <= b[i].x2; j++) fie[j][now] += b[i].f;\n        }\n\n        printf("%d\\n", res);\n        if (r == 2) {\n            swap(now, prev);\n            int cnt3 = 0;\n            for (int j = 0; j <= 10000; j++) {\n                if (fie[j][now] > 0 && fie[j][prev] == 0) cnt3++;\n                if (fie[j][now] == 0 && fie[j][prev] > 0) cnt3++;\n                fie[j][now] = fie[j][prev];\n            }\n            res2 += cnt3;\n            printf("%d\\n", res2);\n        }\n    }\n    return 0;\n}') | LineLLMMutation(('source.cpp', 36), '#include <cstdio>\n#include <algorithm>\nusing namespace std;\n\nconst int MAX_N = 10002;\nconst int MAX_B = 20002;\n\nstruct block {\n    int x1, x2, y, f;\n};\n\nblock b[MAX_B];\nint fie[MAX_N][2] = {};\n\nbool comp(const block &b1, const block &b2) {\n    return b1.y < b2.y;\n}\n\nint main(void) {\n    int n, r;\n    while (scanf("%d%d", &n, &r) == 2 && (n || r)) {\n        for (int i = 0; i < n; i++) {\n            int y1, y2;\n            scanf("%d%d%d%d", &b[i * 2].x1, &y1, &b[i * 2].x2, &y2);\n            b[i * 2].x2--; // Decrement x2 for zero-indexed handling\n            b[i * 2 + 1] = {b[i * 2].x1, b[i * 2].x2, y2, -1}; // Simplified initialization\n            b[i * 2].y = y1;\n            b[i * 2].f = 1;\n        }\n\n        sort(b, b + n * 2, comp);\n        int ny = 0, now = 0, prev = 1, res = 0, res2 = 0;\n\n        for (int i = 0; i < n * 2; i++) {\n            if (ny != b[i].y) {\n                swap(now, prev);\n                int cnt = 0, cnt2 = 0, bt = 0, cnt3 = 0;\n                for (int j = 0; j <= MAX_N; j++) {\n                    if (fie[j][now] > 0 && fie[j][prev] == 0) cnt3++;\n                    if (fie[j][now] == 0 && fie[j][prev] > 0) cnt3++;\n                    fie[j][now] = fie[j][prev];\n                    if (fie[j][now] > 0) {\n                        cnt++;\n                        if (bt == 0) cnt2++, bt = 1;\n                    } else bt = 0;\n                }\n                res += cnt * (b[i].y - ny);\n                res2 += cnt2 * 2 * (b[i].y - ny) + cnt3;\n            }\n            ny = b[i].y;\n            for (int j = b[i].x1; j <= b[i].x2; j++) fie[j][now] += b[i].f;\n        }\n\n        printf("%d\\n", res);\n        if (r == 2) {\n            swap(now, prev);\n            int cnt3 = 0;\n            for (int j = 0; j <= MAX_N; j++) {\n                if (fie[j][now] > 0 && fie[j][prev] == 0) cnt3++;\n                if (fie[j][now] == 0 && fie[j][prev] > 0) cnt3++;\n                fie[j][now] = fie[j][prev];\n            }\n            res2 += cnt3;\n            printf("%d\\n", res2);\n        }\n    }\n    return 0;\n}')"
2025-01-24 19:39:49,379	[INFO]	Step: 92
2025-01-24 19:39:49,379	[INFO]	Stop Steps: 100
2025-01-24 19:39:50,070	[DEBUG]	EXEC>  SUCCESS 3009347.0
2025-01-24 19:39:50,070	[INFO]	9-3     SUCCESS               3009347.00 (63.82%) [1 edit(s)]  
2025-01-24 19:39:50,070	[DEBUG]	patch(9-3)="LineLLMCrossover(('source.cpp', 32), '#include <iostream>\n#include <algorithm>\n#include <cstdio>\n#include <array>\nusing namespace std;\n\nconst int MAX_N = 10002;\nconst int MAX_B = 20002;\n\nstruct block {\n    int x1, x2, y, f;\n};\n\nblock b[MAX_B];\narray<array<int, 2>, MAX_N> fie; // Using std::array for better performance\n\nbool comp(const block &b1, const block &b2) {\n    return b1.y < b2.y;\n}\n\nint main(void) {\n    int n, r;\n    while (scanf("%d%d", &n, &r) == 2 && (n || r)) {\n        fie.fill({0, 0}); // Efficient reset using std::array\n\n        for (int i = 0; i < n; i++) {\n            int y1, y2;\n            scanf("%d%d%d%d", &b[i * 2].x1, &y1, &b[i * 2].x2, &y2);\n            b[i * 2].x2--; // Decrement x2 for zero-indexed handling\n            b[i * 2].y = y1;\n            b[i * 2].f = 1;\n            b[i * 2 + 1] = {b[i * 2].x1, b[i * 2].x2, y2, -1}; // Simplified initialization\n        }\n\n        sort(b, b + n * 2, comp);\n        int ny = 0, now = 0, prev = 1, res = 0, res2 = 0;\n\n        for (int i = 0; i < n * 2; i++) {\n            if (ny != b[i].y) {\n                swap(now, prev);\n                int cnt = 0, cnt2 = 0, bt = 0, cnt3 = 0;\n                for (int j = 0; j <= MAX_N; j++) {\n                    if (fie[j][now] > 0 && fie[j][prev] == 0) cnt3++;\n                    if (fie[j][now] == 0 && fie[j][prev] > 0) cnt3++;\n                    fie[j][now] = fie[j][prev];\n                    if (fie[j][now] > 0) {\n                        cnt++;\n                        if (bt == 0) cnt2++, bt = 1;\n                    } else bt = 0;\n                }\n                res += cnt * (b[i].y - ny);\n                res2 += cnt2 * 2 * (b[i].y - ny) + cnt3;\n            }\n            ny = b[i].y;\n            for (int j = b[i].x1; j <= b[i].x2; j++) fie[j][now] += b[i].f;\n        }\n\n        printf("%d\\n", res);\n        if (r == 2) {\n            swap(now, prev);\n            int cnt3 = 0;\n            for (int j = 0; j <= MAX_N; j++) {\n                if (fie[j][now] > 0 && fie[j][prev] == 0) cnt3++;\n                if (fie[j][now] == 0 && fie[j][prev] > 0) cnt3++;\n                fie[j][now] = fie[j][prev];\n            }\n            res2 += cnt3;\n            printf("%d\\n", res2);\n        }\n    }\n    return 0;\n}')"
2025-01-24 19:39:50,070	[INFO]	Step: 93
2025-01-24 19:39:50,070	[INFO]	Stop Steps: 100
2025-01-24 19:39:50,395	[INFO]	9-4     COMPILE_CODE_ERROR    None (--) [1 edit(s)]  
2025-01-24 19:39:50,397	[DEBUG]	patch(9-4)="LineLLMCrossover(('source.cpp', 33), '#include <iostream>\n#include <algorithm>\n#include <cstdio>\n#include <array>\nusing namespace std;\n\ntypedef vector<int> PP;\ntypedef vector<PP> P;\n\nint n, r;\n\nstruct block {\n    int x1, x2, y, f;\n};\n\nblock b[20002];\narray<array<int, 2>, 10002> fie; // Using std::array for better performance\n\nbool comp(const block &b1, const block &b2) {\n    return b1.y < b2.y;\n}\n\nint main(void) {\n    while (1) {\n        scanf("%d%d", &n, &r);\n        if (n == 0 && r == 0) break;\n\n        fie.fill({0, 0}); // Efficient reset using std::array\n\n        for (int i = 0; i < n; i++) {\n            int y1, y2;\n            scanf("%d%d%d%d", &b[i * 2].x1, &y1, &b[i * 2].x2, &y2);\n            b[i * 2].x2--; // Decrement x2 for zero-indexed handling\n            b[i * 2].y = y1;\n            b[i * 2].f = 1;\n            b[i * 2 + 1] = {b[i * 2].x1, b[i * 2].x2, y2, -1}; // Simplified initialization\n        }\n\n        sort(b, b + n * 2, comp);\n        int ny = 0, now = 0, prev = 1, res = 0, res2 = 0;\n\n        for (int i = 0; i < n * 2; i++) {\n            if (ny != b[i].y) {\n                swap(now, prev);\n                int cnt = 0, cnt2 = 0, bt = 0, cnt3 = 0;\n                for (int j = 0; j <= 10000; j++) {\n                    if (fie[j][now] > 0 && fie[j][prev] == 0) cnt3++;\n                    if (fie[j][now] == 0 && fie[j][prev] > 0) cnt3++;\n                    fie[j][now] = fie[j][prev];\n                    if (fie[j][now] > 0) {\n                        cnt++;\n                        if (bt == 0) cnt2++, bt = 1;\n                    } else bt = 0;\n                }\n                res += cnt * (b[i].y - ny);\n                res2 += cnt2 * 2 * (b[i].y - ny) + cnt3;\n            }\n            ny = b[i].y;\n            for (int j = b[i].x1; j <= b[i].x2; j++) fie[j][now] += b[i].f;\n        }\n\n        printf("%d\\n", res);\n        if (r == 2) {\n            swap(now, prev);\n            int cnt3 = 0;\n            for (int j = 0; j <= 10000; j++) {\n                if (fie[j][now] > 0 && fie[j][prev] == 0) cnt3++;\n                if (fie[j][now] == 0 && fie[j][prev] > 0) cnt3++;\n                fie[j][now] = fie[j][prev];\n            }\n            res2 += cnt3;\n            printf("%d\\n", res2);\n        }\n    }\n    return 0;\n}')"
2025-01-24 19:39:50,398	[INFO]	Step: 94
2025-01-24 19:39:50,398	[INFO]	Stop Steps: 100
2025-01-24 19:39:51,181	[DEBUG]	EXEC>  SUCCESS 3310525.625
2025-01-24 19:39:51,181	[INFO]	9-5     SUCCESS               3310525.62 (70.20%) [1 edit(s)]  
2025-01-24 19:39:51,181	[DEBUG]	patch(9-5)="LineLLMCrossover(('source.cpp', 34), '#include <iostream>\n#include <algorithm>\n#include <cstdio>\n#include <array>\nusing namespace std;\n\nconst int MAX_N = 10002;\nconst int MAX_B = 20002;\n\nstruct block {\n    int x1, x2, y, f;\n};\n\nblock b[MAX_B];\narray<array<int, 2>, MAX_N> fie; // Using std::array for better performance\n\nbool comp(const block &b1, const block &b2) {\n    return b1.y < b2.y;\n}\n\nint main(void) {\n    int n, r;\n    while (scanf("%d%d", &n, &r) == 2 && (n || r)) {\n        fie.fill({0, 0}); // Efficient reset using std::array\n\n        for (int i = 0; i < n; i++) {\n            int y1, y2;\n            scanf("%d%d%d%d", &b[i * 2].x1, &y1, &b[i * 2].x2, &y2);\n            b[i * 2].x2--; // Decrement x2 for zero-indexed handling\n            b[i * 2].y = y1;\n            b[i * 2].f = 1;\n            b[i * 2 + 1] = {b[i * 2].x1, b[i * 2].x2, y2, -1}; // Simplified initialization\n        }\n\n        sort(b, b + n * 2, comp);\n        int ny = 0, now = 0, prev = 1, res = 0, res2 = 0;\n\n        for (int i = 0; i < n * 2; i++) {\n            if (ny != b[i].y) {\n                swap(now, prev);\n                int cnt = 0, cnt2 = 0, bt = 0, cnt3 = 0;\n                for (int j = 0; j <= MAX_N; j++) {\n                    if (fie[j][now] > 0 && fie[j][prev] == 0) cnt3++;\n                    if (fie[j][now] == 0 && fie[j][prev] > 0) cnt3++;\n                    fie[j][now] = fie[j][prev];\n                    if (fie[j][now] > 0) {\n                        cnt++;\n                        if (bt == 0) cnt2++, bt = 1;\n                    } else bt = 0;\n                }\n                res += cnt * (b[i].y - ny);\n                res2 += cnt2 * 2 * (b[i].y - ny) + cnt3;\n            }\n            ny = b[i].y;\n            for (int j = b[i].x1; j <= b[i].x2; j++) fie[j][now] += b[i].f;\n        }\n\n        printf("%d\\n", res);\n        if (r == 2) {\n            swap(now, prev);\n            int cnt3 = 0;\n            for (int j = 0; j <= MAX_N; j++) {\n                if (fie[j][now] > 0 && fie[j][prev] == 0) cnt3++;\n                if (fie[j][now] == 0 && fie[j][prev] > 0) cnt3++;\n                fie[j][now] = fie[j][prev];\n            }\n            res2 += cnt3;\n            printf("%d\\n", res2);\n        }\n    }\n    return 0;\n}')"
2025-01-24 19:39:51,181	[INFO]	Step: 95
2025-01-24 19:39:51,181	[INFO]	Stop Steps: 100
2025-01-24 19:39:51,877	[DEBUG]	EXEC>  SUCCESS 2976550.375
2025-01-24 19:39:51,877	[INFO]	9-6     SUCCESS               2976550.38 (63.12%) [1 edit(s)]  
2025-01-24 19:39:51,877	[DEBUG]	patch(9-6)="LineLLMCrossover(('source.cpp', 35), '#include <iostream>\n#include <algorithm>\n#include <cstdio>\n#include <array>\nusing namespace std;\n\nconst int MAX_N = 10002;\nconst int MAX_B = 20002;\n\nstruct block {\n    int x1, x2, y, f;\n};\n\nblock b[MAX_B];\narray<array<int, 2>, MAX_N> fie; // Using std::array for better performance\n\nbool comp(const block &b1, const block &b2) {\n    return b1.y < b2.y;\n}\n\nint main(void) {\n    int n, r;\n    while (scanf("%d%d", &n, &r) == 2 && (n || r)) {\n        fie.fill({0, 0}); // Efficient reset using std::array\n\n        for (int i = 0; i < n; i++) {\n            int y1, y2;\n            scanf("%d%d%d%d", &b[i * 2].x1, &y1, &b[i * 2].x2, &y2);\n            b[i * 2].x2--; // Decrement x2 for zero-indexed handling\n            b[i * 2].y = y1;\n            b[i * 2].f = 1;\n            b[i * 2 + 1] = {b[i * 2].x1, b[i * 2].x2, y2, -1}; // Simplified initialization\n        }\n\n        sort(b, b + n * 2, comp);\n        int ny = 0, now = 0, prev = 1, res = 0, res2 = 0;\n\n        for (int i = 0; i < n * 2; i++) {\n            if (ny != b[i].y) {\n                swap(now, prev);\n                int cnt = 0, cnt2 = 0, bt = 0, cnt3 = 0;\n                for (int j = 0; j <= MAX_N; j++) {\n                    if (fie[j][now] > 0 && fie[j][prev] == 0) cnt3++;\n                    if (fie[j][now] == 0 && fie[j][prev] > 0) cnt3++;\n                    fie[j][now] = fie[j][prev];\n                    if (fie[j][now] > 0) {\n                        cnt++;\n                        if (bt == 0) cnt2++, bt = 1;\n                    } else bt = 0;\n                }\n                res += cnt * (b[i].y - ny);\n                res2 += cnt2 * 2 * (b[i].y - ny) + cnt3;\n            }\n            ny = b[i].y;\n            for (int j = b[i].x1; j <= b[i].x2; j++) fie[j][now] += b[i].f;\n        }\n\n        printf("%d\\n", res);\n        if (r == 2) {\n            swap(now, prev);\n            int cnt3 = 0;\n            for (int j = 0; j <= MAX_N; j++) {\n                if (fie[j][now] > 0 && fie[j][prev] == 0) cnt3++;\n                if (fie[j][now] == 0 && fie[j][prev] > 0) cnt3++;\n                fie[j][now] = fie[j][prev];\n            }\n            res2 += cnt3;\n            printf("%d\\n", res2);\n        }\n    }\n    return 0;\n}')"
2025-01-24 19:39:51,877	[INFO]	Step: 96
2025-01-24 19:39:51,877	[INFO]	Stop Steps: 100
2025-01-24 19:39:52,179	[INFO]	9-7     TEST_CODE_ERROR       None (--) [7 edit(s)]  
2025-01-24 19:39:52,179	[DEBUG]	patch(9-7)="LineLLMMutation(('source.cpp', 3), '#include <iostream>\n#include <algorithm>\n#include <cstring>\n#include <cstdio>\n#include <vector>\n#include <map>\n#include <array>\nusing namespace std;\n\ntypedef vector<int> PP;\ntypedef vector<PP> P;\n\nint n, r;\n\nstruct block {\n    int x1, x2, y, f;\n};\n\nblock b[20002];\narray<array<int, 2>, 10002> fie; // Using std::array\n\nbool comp(const block &b1, const block &b2) {\n    return b1.y < b2.y;\n}\n\nint main(void) {\n    while (1) {\n        scanf("%d%d", &n, &r);\n        if (n == 0 && r == 0) break;\n\n        fie.fill({0, 0}); // Initialize using std::array\n\n        for (int i = 0; i < n; i++) {\n            int y1, y2;\n            scanf("%d%d%d%d", &b[i * 2].x1, &y1, &b[i * 2].x2, &y2);\n            b[i * 2].x2--;\n            b[i * 2 + 1].x1 = b[i * 2].x1;\n            b[i * 2 + 1].x2 = b[i * 2].x2;\n            b[i * 2].y = y1;\n            b[i * 2 + 1].y = y2;\n            b[i * 2].f = 1;\n            b[i * 2 + 1].f = -1;\n        }\n\n        sort(b, b + n * 2, comp);\n        int ny = 0;\n        int now = 0, prev = 1;\n        int res = 0, res2 = 0;\n\n        for (int i = 0; i < n * 2; i++) {\n            if (ny != b[i].y) {\n                swap(now, prev);\n                int cnt = 0, cnt2 = 0, bt = 0, cnt3 = 0;\n                for (int j = 0; j <= 10000; j++) {\n                    if (fie[j][now] > 0 && fie[j][prev] == 0) cnt3++;\n                    if (fie[j][now] == 0 && fie[j][prev] > 0) cnt3++;\n                    fie[j][now] = fie[j][prev];\n                    if (fie[j][now] > 0) {\n                        cnt++;\n                        if (bt == 0) cnt2++, bt = 1;\n                    } else bt = 0;\n                }\n                res += cnt * (b[i].y - ny);\n                res2 += cnt2 * 2 * (b[i].y - ny) + cnt3;\n            }\n            ny = b[i].y;\n            for (int j = b[i].x1; j <= b[i].x2; j++) fie[j][now] += b[i].f;\n        }\n\n        printf("%d\\n", res);\n        if (r == 2) {\n            swap(now, prev);\n            int cnt3 = 0;\n            for (int j = 0; j <= 10000; j++) {\n                if (fie[j][now] > 0 && fie[j][prev] == 0) cnt3++;\n                if (fie[j][now] == 0 && fie[j][prev] > 0) cnt3++;\n                fie[j][now] = fie[j][prev];\n            }\n            res2 += cnt3;\n            printf("%d\\n", res2);\n        }\n    }\n    return 0;\n}') | LineLLMMutation(('source.cpp', 14), '#include <iostream>\n#include <algorithm>\n#include <cstring>\n#include <cstdio>\n#include <vector>\nusing namespace std;\n\ntypedef vector<int> PP;\ntypedef vector<PP> P;\n\nint n, r;\n\nstruct block {\n    int x1, x2, y, f;\n};\n\nblock b[20002];\nint fie[10002][2]; // Changed to a simple 2D array for better performance\n\nbool comp(const block &b1, const block &b2) {\n    return b1.y < b2.y;\n}\n\nint main(void) {\n    while (1) {\n        scanf("%d%d", &n, &r);\n        if (n == 0 && r == 0) break;\n\n        memset(fie, 0, sizeof(fie)); // Initialize using memset for speed\n\n        for (int i = 0; i < n; i++) {\n            int y1, y2;\n            scanf("%d%d%d%d", &b[i * 2].x1, &y1, &b[i * 2].x2, &y2);\n            b[i * 2].x2--;\n            b[i * 2 + 1].x1 = b[i * 2].x1;\n            b[i * 2 + 1].x2 = b[i * 2].x2;\n            b[i * 2].y = y1;\n            b[i * 2 + 1].y = y2;\n            b[i * 2].f = 1;\n            b[i * 2 + 1].f = -1;\n        }\n\n        sort(b, b + n * 2, comp);\n        int ny = 0;\n        int now = 0, prev = 1;\n        int res = 0, res2 = 0;\n\n        for (int i = 0; i < n * 2; i++) {\n            if (ny != b[i].y) {\n                swap(now, prev);\n                int cnt = 0, cnt2 = 0, bt = 0, cnt3 = 0;\n                for (int j = 0; j <= 10000; j++) {\n                    if (fie[j][now] > 0 && fie[j][prev] == 0) cnt3++;\n                    if (fie[j][now] == 0 && fie[j][prev] > 0) cnt3++;\n                    fie[j][now] = fie[j][prev];\n                    if (fie[j][now] > 0) {\n                        cnt++;\n                        if (bt == 0) cnt2++, bt = 1;\n                    } else bt = 0;\n                }\n                res += cnt * (b[i].y - ny);\n                res2 += cnt2 * 2 * (b[i].y - ny) + cnt3;\n            }\n            ny = b[i].y;\n            for (int j = b[i].x1; j <= b[i].x2; j++) fie[j][now] += b[i].f;\n        }\n\n        printf("%d\\n", res);\n        if (r == 2) {\n            swap(now, prev);\n            int cnt3 = 0;\n            for (int j = 0; j <= 10000; j++) {\n                if (fie[j][now] > 0 && fie[j][prev] == 0) cnt3++;\n                if (fie[j][now] == 0 && fie[j][prev] > 0) cnt3++;\n                fie[j][now] = fie[j][prev];\n            }\n            res2 += cnt3;\n            printf("%d\\n", res2);\n        }\n    }\n    return 0;\n}') | LineLLMMutation(('source.cpp', 18), '#include <iostream>\n#include <algorithm>\n#include <cstring>\n#include <cstdio>\n#include <vector>\n#include <array>\nusing namespace std;\n\ntypedef vector<int> PP;\ntypedef vector<PP> P;\n\nint n, r;\n\nstruct block {\n    int x1, x2, y, f;\n};\n\nblock b[20002];\narray<array<int, 2>, 10002> fie; // Changed to std::array for better performance and memory usage\n\nbool comp(const block &b1, const block &b2) {\n    return b1.y < b2.y;\n}\n\nint main(void) {\n    while (1) {\n        scanf("%d%d", &n, &r);\n        if (n == 0 && r == 0) break;\n\n        fie.fill({0, 0}); // Initialize using fill for clarity and performance\n\n        for (int i = 0; i < n; i++) {\n            int y1, y2;\n            scanf("%d%d%d%d", &b[i * 2].x1, &y1, &b[i * 2].x2, &y2);\n            b[i * 2].x2--;\n            b[i * 2 + 1].x1 = b[i * 2].x1;\n            b[i * 2 + 1].x2 = b[i * 2].x2;\n            b[i * 2].y = y1;\n            b[i * 2 + 1].y = y2;\n            b[i * 2].f = 1;\n            b[i * 2 + 1].f = -1;\n        }\n\n        sort(b, b + n * 2, comp);\n        int ny = 0;\n        int now = 0, prev = 1;\n        int res = 0, res2 = 0;\n\n        for (int i = 0; i < n * 2; i++) {\n            if (ny != b[i].y) {\n                swap(now, prev);\n                int cnt = 0, cnt2 = 0, bt = 0, cnt3 = 0;\n                for (int j = 0; j <= 10000; j++) {\n                    if (fie[j][now] > 0 && fie[j][prev] == 0) cnt3++;\n                    if (fie[j][now] == 0 && fie[j][prev] > 0) cnt3++;\n                    fie[j][now] = fie[j][prev];\n                    if (fie[j][now] > 0) {\n                        cnt++;\n                        if (bt == 0) cnt2++, bt = 1;\n                    } else bt = 0;\n                }\n                res += cnt * (b[i].y - ny);\n                res2 += cnt2 * 2 * (b[i].y - ny) + cnt3;\n            }\n            ny = b[i].y;\n            for (int j = b[i].x1; j <= b[i].x2; j++) fie[j][now] += b[i].f;\n        }\n\n        printf("%d\\n", res);\n        if (r == 2) {\n            swap(now, prev);\n            int cnt3 = 0;\n            for (int j = 0; j <= 10000; j++) {\n                if (fie[j][now] > 0 && fie[j][prev] == 0) cnt3++;\n                if (fie[j][now] == 0 && fie[j][prev] > 0) cnt3++;\n                fie[j][now] = fie[j][prev];\n            }\n            res2 += cnt3;\n            printf("%d\\n", res2);\n        }\n    }\n    return 0;\n}') | LineLLMMutation(('source.cpp', 28), '#include <iostream>\n#include <algorithm>\n#include <cstring>\n#include <cstdio>\n#include <vector>\n#include <array>\nusing namespace std;\n\ntypedef vector<int> PP;\ntypedef vector<PP> P;\n\nint n, r;\n\nstruct block {\n    int x1, x2, y, f;\n};\n\nblock b[20002];\nint fie[10002][2] = {}; // Changed to a 2D array for slightly better performance and reduced overhead\n\nbool comp(const block &b1, const block &b2) {\n    return b1.y < b2.y;\n}\n\nint main(void) {\n    while (1) {\n        scanf("%d%d", &n, &r);\n        if (n == 0 && r == 0) break;\n\n        for (int i = 0; i < n; i++) {\n            int y1, y2;\n            scanf("%d%d%d%d", &b[i * 2].x1, &y1, &b[i * 2].x2, &y2);\n            b[i * 2].x2--;\n            b[i * 2 + 1].x1 = b[i * 2].x1;\n            b[i * 2 + 1].x2 = b[i * 2].x2;\n            b[i * 2].y = y1;\n            b[i * 2 + 1].y = y2;\n            b[i * 2].f = 1;\n            b[i * 2 + 1].f = -1;\n        }\n\n        sort(b, b + n * 2, comp);\n        int ny = 0;\n        int now = 0, prev = 1;\n        int res = 0, res2 = 0;\n\n        for (int i = 0; i < n * 2; i++) {\n            if (ny != b[i].y) {\n                swap(now, prev);\n                int cnt = 0, cnt2 = 0, bt = 0, cnt3 = 0;\n                for (int j = 0; j <= 10000; j++) {\n                    if (fie[j][now] > 0 && fie[j][prev] == 0) cnt3++;\n                    if (fie[j][now] == 0 && fie[j][prev] > 0) cnt3++;\n                    fie[j][now] = fie[j][prev];\n                    if (fie[j][now] > 0) {\n                        cnt++;\n                        if (bt == 0) cnt2++, bt = 1;\n                    } else bt = 0;\n                }\n                res += cnt * (b[i].y - ny);\n                res2 += cnt2 * 2 * (b[i].y - ny) + cnt3;\n            }\n            ny = b[i].y;\n            for (int j = b[i].x1; j <= b[i].x2; j++) fie[j][now] += b[i].f;\n        }\n\n        printf("%d\\n", res);\n        if (r == 2) {\n            swap(now, prev);\n            int cnt3 = 0;\n            for (int j = 0; j <= 10000; j++) {\n                if (fie[j][now] > 0 && fie[j][prev] == 0) cnt3++;\n                if (fie[j][now] == 0 && fie[j][prev] > 0) cnt3++;\n                fie[j][now] = fie[j][prev];\n            }\n            res2 += cnt3;\n            printf("%d\\n", res2);\n        }\n    }\n    return 0;\n}') | LineLLMMutation(('source.cpp', 36), '#include <cstdio>\n#include <algorithm>\nusing namespace std;\n\nconst int MAX_N = 10002;\nconst int MAX_B = 20002;\n\nstruct block {\n    int x1, x2, y, f;\n};\n\nblock b[MAX_B];\nint fie[MAX_N][2] = {};\n\nbool comp(const block &b1, const block &b2) {\n    return b1.y < b2.y;\n}\n\nint main(void) {\n    int n, r;\n    while (scanf("%d%d", &n, &r) == 2 && (n || r)) {\n        for (int i = 0; i < n; i++) {\n            int y1, y2;\n            scanf("%d%d%d%d", &b[i * 2].x1, &y1, &b[i * 2].x2, &y2);\n            b[i * 2].x2--; // Decrement x2 for zero-indexed handling\n            b[i * 2 + 1] = {b[i * 2].x1, b[i * 2].x2, y2, -1}; // Simplified initialization\n            b[i * 2].y = y1;\n            b[i * 2].f = 1;\n        }\n\n        sort(b, b + n * 2, comp);\n        int ny = 0, now = 0, prev = 1, res = 0, res2 = 0;\n\n        for (int i = 0; i < n * 2; i++) {\n            if (ny != b[i].y) {\n                swap(now, prev);\n                int cnt = 0, cnt2 = 0, bt = 0, cnt3 = 0;\n                for (int j = 0; j <= MAX_N; j++) {\n                    if (fie[j][now] > 0 && fie[j][prev] == 0) cnt3++;\n                    if (fie[j][now] == 0 && fie[j][prev] > 0) cnt3++;\n                    fie[j][now] = fie[j][prev];\n                    if (fie[j][now] > 0) {\n                        cnt++;\n                        if (bt == 0) cnt2++, bt = 1;\n                    } else bt = 0;\n                }\n                res += cnt * (b[i].y - ny);\n                res2 += cnt2 * 2 * (b[i].y - ny) + cnt3;\n            }\n            ny = b[i].y;\n            for (int j = b[i].x1; j <= b[i].x2; j++) fie[j][now] += b[i].f;\n        }\n\n        printf("%d\\n", res);\n        if (r == 2) {\n            swap(now, prev);\n            int cnt3 = 0;\n            for (int j = 0; j <= MAX_N; j++) {\n                if (fie[j][now] > 0 && fie[j][prev] == 0) cnt3++;\n                if (fie[j][now] == 0 && fie[j][prev] > 0) cnt3++;\n                fie[j][now] = fie[j][prev];\n            }\n            res2 += cnt3;\n            printf("%d\\n", res2);\n        }\n    }\n    return 0;\n}') | LineLLMMutation(('source.cpp', 38), '#include <cstdio>\n#include <algorithm>\nusing namespace std;\n\nconst int MAX_N = 10002;\nconst int MAX_B = 20002;\n\nstruct block {\n    int x1, x2, y, f;\n};\n\nblock b[MAX_B];\nint fie[MAX_N][2] = {};\n\nbool comp(const block &b1, const block &b2) {\n    return b1.y < b2.y;\n}\n\nint main(void) {\n    int n, r;\n    while (scanf("%d%d", &n, &r) == 2 && (n || r)) {\n        // Use a single pass to read input and initialize blocks\n        for (int i = 0; i < n; i++) {\n            int y1, y2;\n            scanf("%d%d%d%d", &b[i * 2].x1, &y1, &b[i * 2].x2, &y2);\n            b[i * 2].x2--; // Decrement x2 for zero-indexed handling\n            b[i * 2].y = y1;\n            b[i * 2].f = 1;\n\n            // Initialize the second block in the same loop\n            b[i * 2 + 1] = {b[i * 2].x1, b[i * 2].x2, y2, -1};\n        }\n\n        sort(b, b + n * 2, comp);\n        int ny = 0, now = 0, prev = 1, res = 0, res2 = 0;\n\n        for (int i = 0; i < n * 2; i++) {\n            if (ny != b[i].y) {\n                swap(now, prev);\n                int cnt = 0, cnt2 = 0, bt = 0, cnt3 = 0;\n                for (int j = 0; j <= MAX_N; j++) {\n                    if (fie[j][now] > 0 && fie[j][prev] == 0) cnt3++;\n                    if (fie[j][now] == 0 && fie[j][prev] > 0) cnt3++;\n                    fie[j][now] = fie[j][prev];\n                    if (fie[j][now] > 0) {\n                        cnt++;\n                        if (bt == 0) cnt2++, bt = 1;\n                    } else bt = 0;\n                }\n                res += cnt * (b[i].y - ny);\n                res2 += cnt2 * 2 * (b[i].y - ny) + cnt3;\n            }\n            ny = b[i].y;\n            for (int j = b[i].x1; j <= b[i].x2; j++) fie[j][now] += b[i].f;\n        }\n\n        printf("%d\\n", res);\n        if (r == 2) {\n            swap(now, prev);\n            int cnt3 = 0;\n            for (int j = 0; j <= MAX_N; j++) {\n                if (fie[j][now] > 0 && fie[j][prev] == 0) cnt3++;\n                if (fie[j][now] == 0 && fie[j][prev] > 0) cnt3++;\n                fie[j][now] = fie[j][prev];\n            }\n            res2 += cnt3;\n            printf("%d\\n", res2);\n        }\n    }\n    return 0;\n}') | LineLLMMutation(('source.cpp', 42), '#include <cstdio>\n#include <algorithm>\nusing namespace std;\n\nconst int MAX_N = 10002;\nconst int MAX_B = 20002;\n\nstruct block {\n    int x1, x2, y, f;\n};\n\nblock b[MAX_B];\nint fie[MAX_N][2] = {};\n\nbool comp(const block &b1, const block &b2) {\n    return b1.y < b2.y;\n}\n\nint main(void) {\n    int n, r;\n    while (scanf("%d%d", &n, &r) == 2 && (n || r)) {\n        // Use a single pass to read input and initialize blocks\n        for (int i = 0; i < n; i++) {\n            int y1, y2;\n            scanf("%d%d%d%d", &b[i * 2].x1, &y1, &b[i * 2].x2, &y2);\n            b[i * 2].x2--; // Decrement x2 for zero-indexed handling\n            b[i * 2].y = y1;\n            b[i * 2].f = 1;\n\n            // Initialize the second block in the same loop\n            b[i * 2 + 1] = {b[i * 2].x1, b[i * 2].x2, y2, -1};\n        }\n\n        sort(b, b + n * 2, comp);\n        int ny = 0, now = 0, prev = 1, res = 0, res2 = 0;\n\n        for (int i = 0; i < n * 2; i++) {\n            if (ny != b[i].y) {\n                swap(now, prev);\n                int cnt = 0, cnt2 = 0, bt = 0, cnt3 = 0;\n\n                // Optimize the loop that updates \'fie\' array\n                for (int j = 0; j <= MAX_N; j++) {\n                    if (fie[j][now] > 0) {\n                        cnt++;\n                        if (bt == 0) cnt2++, bt = 1;\n                    } else {\n                        if (bt == 1) {\n                            cnt2++;\n                            bt = 0;\n                        }\n                    }\n                    // Directly copy the previous state only when necessary\n                    fie[j][now] = fie[j][prev];\n                    if (fie[j][now] > 0 && fie[j][prev] == 0) cnt3++;\n                    if (fie[j][now] == 0 && fie[j][prev] > 0) cnt3++;\n                }\n                res += cnt * (b[i].y - ny);\n                res2 += cnt2 * 2 * (b[i].y - ny) + cnt3;\n            }\n            ny = b[i].y;\n            for (int j = b[i].x1; j <= b[i].x2; j++) fie[j][now] += b[i].f;\n        }\n\n        printf("%d\\n", res);\n        if (r == 2) {\n            swap(now, prev);\n            int cnt3 = 0;\n            for (int j = 0; j <= MAX_N; j++) {\n                if (fie[j][now] > 0 && fie[j][prev] == 0) cnt3++;\n                if (fie[j][now] == 0 && fie[j][prev] > 0) cnt3++;\n                fie[j][now] = fie[j][prev];\n            }\n            res2 += cnt3;\n            printf("%d\\n", res2);\n        }\n    }\n    return 0;\n}')"
2025-01-24 19:39:52,179	[INFO]	Step: 97
2025-01-24 19:39:52,179	[INFO]	Stop Steps: 100
2025-01-24 19:39:52,679	[DEBUG]	EXEC>  SUCCESS 1643789.5
2025-01-24 19:39:52,679	[INFO]	9-8     SUCCESS               1643789.50 (34.86%) [6 edit(s)]  
2025-01-24 19:39:52,679	[DEBUG]	patch(9-8)="LineLLMMutation(('source.cpp', 3), '#include <iostream>\n#include <algorithm>\n#include <cstring>\n#include <cstdio>\n#include <vector>\n#include <map>\n#include <array>\nusing namespace std;\n\ntypedef vector<int> PP;\ntypedef vector<PP> P;\n\nint n, r;\n\nstruct block {\n    int x1, x2, y, f;\n};\n\nblock b[20002];\narray<array<int, 2>, 10002> fie; // Using std::array\n\nbool comp(const block &b1, const block &b2) {\n    return b1.y < b2.y;\n}\n\nint main(void) {\n    while (1) {\n        scanf("%d%d", &n, &r);\n        if (n == 0 && r == 0) break;\n\n        fie.fill({0, 0}); // Initialize using std::array\n\n        for (int i = 0; i < n; i++) {\n            int y1, y2;\n            scanf("%d%d%d%d", &b[i * 2].x1, &y1, &b[i * 2].x2, &y2);\n            b[i * 2].x2--;\n            b[i * 2 + 1].x1 = b[i * 2].x1;\n            b[i * 2 + 1].x2 = b[i * 2].x2;\n            b[i * 2].y = y1;\n            b[i * 2 + 1].y = y2;\n            b[i * 2].f = 1;\n            b[i * 2 + 1].f = -1;\n        }\n\n        sort(b, b + n * 2, comp);\n        int ny = 0;\n        int now = 0, prev = 1;\n        int res = 0, res2 = 0;\n\n        for (int i = 0; i < n * 2; i++) {\n            if (ny != b[i].y) {\n                swap(now, prev);\n                int cnt = 0, cnt2 = 0, bt = 0, cnt3 = 0;\n                for (int j = 0; j <= 10000; j++) {\n                    if (fie[j][now] > 0 && fie[j][prev] == 0) cnt3++;\n                    if (fie[j][now] == 0 && fie[j][prev] > 0) cnt3++;\n                    fie[j][now] = fie[j][prev];\n                    if (fie[j][now] > 0) {\n                        cnt++;\n                        if (bt == 0) cnt2++, bt = 1;\n                    } else bt = 0;\n                }\n                res += cnt * (b[i].y - ny);\n                res2 += cnt2 * 2 * (b[i].y - ny) + cnt3;\n            }\n            ny = b[i].y;\n            for (int j = b[i].x1; j <= b[i].x2; j++) fie[j][now] += b[i].f;\n        }\n\n        printf("%d\\n", res);\n        if (r == 2) {\n            swap(now, prev);\n            int cnt3 = 0;\n            for (int j = 0; j <= 10000; j++) {\n                if (fie[j][now] > 0 && fie[j][prev] == 0) cnt3++;\n                if (fie[j][now] == 0 && fie[j][prev] > 0) cnt3++;\n                fie[j][now] = fie[j][prev];\n            }\n            res2 += cnt3;\n            printf("%d\\n", res2);\n        }\n    }\n    return 0;\n}') | LineLLMMutation(('source.cpp', 14), '#include <iostream>\n#include <algorithm>\n#include <cstring>\n#include <cstdio>\n#include <vector>\nusing namespace std;\n\ntypedef vector<int> PP;\ntypedef vector<PP> P;\n\nint n, r;\n\nstruct block {\n    int x1, x2, y, f;\n};\n\nblock b[20002];\nint fie[10002][2]; // Changed to a simple 2D array for better performance\n\nbool comp(const block &b1, const block &b2) {\n    return b1.y < b2.y;\n}\n\nint main(void) {\n    while (1) {\n        scanf("%d%d", &n, &r);\n        if (n == 0 && r == 0) break;\n\n        memset(fie, 0, sizeof(fie)); // Initialize using memset for speed\n\n        for (int i = 0; i < n; i++) {\n            int y1, y2;\n            scanf("%d%d%d%d", &b[i * 2].x1, &y1, &b[i * 2].x2, &y2);\n            b[i * 2].x2--;\n            b[i * 2 + 1].x1 = b[i * 2].x1;\n            b[i * 2 + 1].x2 = b[i * 2].x2;\n            b[i * 2].y = y1;\n            b[i * 2 + 1].y = y2;\n            b[i * 2].f = 1;\n            b[i * 2 + 1].f = -1;\n        }\n\n        sort(b, b + n * 2, comp);\n        int ny = 0;\n        int now = 0, prev = 1;\n        int res = 0, res2 = 0;\n\n        for (int i = 0; i < n * 2; i++) {\n            if (ny != b[i].y) {\n                swap(now, prev);\n                int cnt = 0, cnt2 = 0, bt = 0, cnt3 = 0;\n                for (int j = 0; j <= 10000; j++) {\n                    if (fie[j][now] > 0 && fie[j][prev] == 0) cnt3++;\n                    if (fie[j][now] == 0 && fie[j][prev] > 0) cnt3++;\n                    fie[j][now] = fie[j][prev];\n                    if (fie[j][now] > 0) {\n                        cnt++;\n                        if (bt == 0) cnt2++, bt = 1;\n                    } else bt = 0;\n                }\n                res += cnt * (b[i].y - ny);\n                res2 += cnt2 * 2 * (b[i].y - ny) + cnt3;\n            }\n            ny = b[i].y;\n            for (int j = b[i].x1; j <= b[i].x2; j++) fie[j][now] += b[i].f;\n        }\n\n        printf("%d\\n", res);\n        if (r == 2) {\n            swap(now, prev);\n            int cnt3 = 0;\n            for (int j = 0; j <= 10000; j++) {\n                if (fie[j][now] > 0 && fie[j][prev] == 0) cnt3++;\n                if (fie[j][now] == 0 && fie[j][prev] > 0) cnt3++;\n                fie[j][now] = fie[j][prev];\n            }\n            res2 += cnt3;\n            printf("%d\\n", res2);\n        }\n    }\n    return 0;\n}') | LineLLMMutation(('source.cpp', 18), '#include <iostream>\n#include <algorithm>\n#include <cstring>\n#include <cstdio>\n#include <vector>\n#include <array>\nusing namespace std;\n\ntypedef vector<int> PP;\ntypedef vector<PP> P;\n\nint n, r;\n\nstruct block {\n    int x1, x2, y, f;\n};\n\nblock b[20002];\narray<array<int, 2>, 10002> fie; // Changed to std::array for better performance and memory usage\n\nbool comp(const block &b1, const block &b2) {\n    return b1.y < b2.y;\n}\n\nint main(void) {\n    while (1) {\n        scanf("%d%d", &n, &r);\n        if (n == 0 && r == 0) break;\n\n        fie.fill({0, 0}); // Initialize using fill for clarity and performance\n\n        for (int i = 0; i < n; i++) {\n            int y1, y2;\n            scanf("%d%d%d%d", &b[i * 2].x1, &y1, &b[i * 2].x2, &y2);\n            b[i * 2].x2--;\n            b[i * 2 + 1].x1 = b[i * 2].x1;\n            b[i * 2 + 1].x2 = b[i * 2].x2;\n            b[i * 2].y = y1;\n            b[i * 2 + 1].y = y2;\n            b[i * 2].f = 1;\n            b[i * 2 + 1].f = -1;\n        }\n\n        sort(b, b + n * 2, comp);\n        int ny = 0;\n        int now = 0, prev = 1;\n        int res = 0, res2 = 0;\n\n        for (int i = 0; i < n * 2; i++) {\n            if (ny != b[i].y) {\n                swap(now, prev);\n                int cnt = 0, cnt2 = 0, bt = 0, cnt3 = 0;\n                for (int j = 0; j <= 10000; j++) {\n                    if (fie[j][now] > 0 && fie[j][prev] == 0) cnt3++;\n                    if (fie[j][now] == 0 && fie[j][prev] > 0) cnt3++;\n                    fie[j][now] = fie[j][prev];\n                    if (fie[j][now] > 0) {\n                        cnt++;\n                        if (bt == 0) cnt2++, bt = 1;\n                    } else bt = 0;\n                }\n                res += cnt * (b[i].y - ny);\n                res2 += cnt2 * 2 * (b[i].y - ny) + cnt3;\n            }\n            ny = b[i].y;\n            for (int j = b[i].x1; j <= b[i].x2; j++) fie[j][now] += b[i].f;\n        }\n\n        printf("%d\\n", res);\n        if (r == 2) {\n            swap(now, prev);\n            int cnt3 = 0;\n            for (int j = 0; j <= 10000; j++) {\n                if (fie[j][now] > 0 && fie[j][prev] == 0) cnt3++;\n                if (fie[j][now] == 0 && fie[j][prev] > 0) cnt3++;\n                fie[j][now] = fie[j][prev];\n            }\n            res2 += cnt3;\n            printf("%d\\n", res2);\n        }\n    }\n    return 0;\n}') | LineLLMMutation(('source.cpp', 28), '#include <iostream>\n#include <algorithm>\n#include <cstring>\n#include <cstdio>\n#include <vector>\n#include <array>\nusing namespace std;\n\ntypedef vector<int> PP;\ntypedef vector<PP> P;\n\nint n, r;\n\nstruct block {\n    int x1, x2, y, f;\n};\n\nblock b[20002];\nint fie[10002][2] = {}; // Changed to a 2D array for slightly better performance and reduced overhead\n\nbool comp(const block &b1, const block &b2) {\n    return b1.y < b2.y;\n}\n\nint main(void) {\n    while (1) {\n        scanf("%d%d", &n, &r);\n        if (n == 0 && r == 0) break;\n\n        for (int i = 0; i < n; i++) {\n            int y1, y2;\n            scanf("%d%d%d%d", &b[i * 2].x1, &y1, &b[i * 2].x2, &y2);\n            b[i * 2].x2--;\n            b[i * 2 + 1].x1 = b[i * 2].x1;\n            b[i * 2 + 1].x2 = b[i * 2].x2;\n            b[i * 2].y = y1;\n            b[i * 2 + 1].y = y2;\n            b[i * 2].f = 1;\n            b[i * 2 + 1].f = -1;\n        }\n\n        sort(b, b + n * 2, comp);\n        int ny = 0;\n        int now = 0, prev = 1;\n        int res = 0, res2 = 0;\n\n        for (int i = 0; i < n * 2; i++) {\n            if (ny != b[i].y) {\n                swap(now, prev);\n                int cnt = 0, cnt2 = 0, bt = 0, cnt3 = 0;\n                for (int j = 0; j <= 10000; j++) {\n                    if (fie[j][now] > 0 && fie[j][prev] == 0) cnt3++;\n                    if (fie[j][now] == 0 && fie[j][prev] > 0) cnt3++;\n                    fie[j][now] = fie[j][prev];\n                    if (fie[j][now] > 0) {\n                        cnt++;\n                        if (bt == 0) cnt2++, bt = 1;\n                    } else bt = 0;\n                }\n                res += cnt * (b[i].y - ny);\n                res2 += cnt2 * 2 * (b[i].y - ny) + cnt3;\n            }\n            ny = b[i].y;\n            for (int j = b[i].x1; j <= b[i].x2; j++) fie[j][now] += b[i].f;\n        }\n\n        printf("%d\\n", res);\n        if (r == 2) {\n            swap(now, prev);\n            int cnt3 = 0;\n            for (int j = 0; j <= 10000; j++) {\n                if (fie[j][now] > 0 && fie[j][prev] == 0) cnt3++;\n                if (fie[j][now] == 0 && fie[j][prev] > 0) cnt3++;\n                fie[j][now] = fie[j][prev];\n            }\n            res2 += cnt3;\n            printf("%d\\n", res2);\n        }\n    }\n    return 0;\n}') | LineLLMMutation(('source.cpp', 36), '#include <cstdio>\n#include <algorithm>\nusing namespace std;\n\nconst int MAX_N = 10002;\nconst int MAX_B = 20002;\n\nstruct block {\n    int x1, x2, y, f;\n};\n\nblock b[MAX_B];\nint fie[MAX_N][2] = {};\n\nbool comp(const block &b1, const block &b2) {\n    return b1.y < b2.y;\n}\n\nint main(void) {\n    int n, r;\n    while (scanf("%d%d", &n, &r) == 2 && (n || r)) {\n        for (int i = 0; i < n; i++) {\n            int y1, y2;\n            scanf("%d%d%d%d", &b[i * 2].x1, &y1, &b[i * 2].x2, &y2);\n            b[i * 2].x2--; // Decrement x2 for zero-indexed handling\n            b[i * 2 + 1] = {b[i * 2].x1, b[i * 2].x2, y2, -1}; // Simplified initialization\n            b[i * 2].y = y1;\n            b[i * 2].f = 1;\n        }\n\n        sort(b, b + n * 2, comp);\n        int ny = 0, now = 0, prev = 1, res = 0, res2 = 0;\n\n        for (int i = 0; i < n * 2; i++) {\n            if (ny != b[i].y) {\n                swap(now, prev);\n                int cnt = 0, cnt2 = 0, bt = 0, cnt3 = 0;\n                for (int j = 0; j <= MAX_N; j++) {\n                    if (fie[j][now] > 0 && fie[j][prev] == 0) cnt3++;\n                    if (fie[j][now] == 0 && fie[j][prev] > 0) cnt3++;\n                    fie[j][now] = fie[j][prev];\n                    if (fie[j][now] > 0) {\n                        cnt++;\n                        if (bt == 0) cnt2++, bt = 1;\n                    } else bt = 0;\n                }\n                res += cnt * (b[i].y - ny);\n                res2 += cnt2 * 2 * (b[i].y - ny) + cnt3;\n            }\n            ny = b[i].y;\n            for (int j = b[i].x1; j <= b[i].x2; j++) fie[j][now] += b[i].f;\n        }\n\n        printf("%d\\n", res);\n        if (r == 2) {\n            swap(now, prev);\n            int cnt3 = 0;\n            for (int j = 0; j <= MAX_N; j++) {\n                if (fie[j][now] > 0 && fie[j][prev] == 0) cnt3++;\n                if (fie[j][now] == 0 && fie[j][prev] > 0) cnt3++;\n                fie[j][now] = fie[j][prev];\n            }\n            res2 += cnt3;\n            printf("%d\\n", res2);\n        }\n    }\n    return 0;\n}') | LineLLMMutation(('source.cpp', 43), '#include <cstdio>\n#include <algorithm>\nusing namespace std;\n\nconst int MAX_N = 10002;\nconst int MAX_B = 20002;\n\nstruct block {\n    int x1, x2, y, f;\n};\n\nblock b[MAX_B];\nint fie[MAX_N][2] = {};\n\nbool comp(const block &b1, const block &b2) {\n    return b1.y < b2.y;\n}\n\nint main(void) {\n    int n, r;\n    while (scanf("%d%d", &n, &r) == 2 && (n || r)) {\n        for (int i = 0; i < n; i++) {\n            int y1, y2;\n            scanf("%d%d%d%d", &b[i * 2].x1, &y1, &b[i * 2].x2, &y2);\n            b[i * 2].x2--; // Decrement x2 for zero-indexed handling\n            b[i * 2 + 1] = {b[i * 2].x1, b[i * 2].x2, y2, -1}; // Simplified initialization\n            b[i * 2].y = y1;\n            b[i * 2].f = 1;\n        }\n\n        sort(b, b + n * 2, comp);\n        int ny = 0, now = 0, prev = 1, res = 0, res2 = 0;\n\n        for (int i = 0; i < n * 2; i++) {\n            if (ny != b[i].y) {\n                swap(now, prev);\n                int cnt = 0, cnt2 = 0, bt = 0, cnt3 = 0;\n                // Change the loop\'s upper limit to MAX_N - 1 to reduce unnecessary iterations\n                for (int j = 0; j < MAX_N; j++) {\n                    if (fie[j][now] > 0 && fie[j][prev] == 0) cnt3++;\n                    if (fie[j][now] == 0 && fie[j][prev] > 0) cnt3++;\n                    fie[j][now] = fie[j][prev];\n                    if (fie[j][now] > 0) {\n                        cnt++;\n                        if (bt == 0) cnt2++, bt = 1;\n                    } else bt = 0;\n                }\n                res += cnt * (b[i].y - ny);\n                res2 += cnt2 * 2 * (b[i].y - ny) + cnt3;\n            }\n            ny = b[i].y;\n            for (int j = b[i].x1; j <= b[i].x2; j++) fie[j][now] += b[i].f;\n        }\n\n        printf("%d\\n", res);\n        if (r == 2) {\n            swap(now, prev);\n            int cnt3 = 0;\n            for (int j = 0; j < MAX_N; j++) {\n                if (fie[j][now] > 0 && fie[j][prev] == 0) cnt3++;\n                if (fie[j][now] == 0 && fie[j][prev] > 0) cnt3++;\n                fie[j][now] = fie[j][prev];\n            }\n            res2 += cnt3;\n            printf("%d\\n", res2);\n        }\n    }\n    return 0;\n}')"
2025-01-24 19:39:52,679	[INFO]	Step: 98
2025-01-24 19:39:52,680	[INFO]	Stop Steps: 100
2025-01-24 19:39:53,386	[DEBUG]	EXEC>  SUCCESS 3179774.875
2025-01-24 19:39:53,386	[INFO]	9-9     SUCCESS               3179774.88 (67.43%) [5 edit(s)]  
2025-01-24 19:39:53,386	[DEBUG]	patch(9-9)="LineLLMCrossover(('source.cpp', 13), '#include <iostream>\n#include <algorithm>\n#include <cstring>\n#include <cstdio>\n#include <vector>\nusing namespace std;\n\ntypedef vector<int> PP;\ntypedef vector<PP> P;\n\nint n, r;\n\nstruct block {\n    int x1, x2, y, f;\n};\n\nblock b[20002];\nint fie[10002][2] = {}; // Directly initializing to zero\n\nbool comp(const block &b1, const block &b2) {\n    return b1.y < b2.y;\n}\n\nint main(void) {\n    while (1) {\n        scanf("%d%d", &n, &r);\n        if (n == 0 && r == 0) break;\n\n        memset(fie, 0, sizeof(fie)); // Efficient reset using memset\n\n        for (int i = 0; i < n; i++) {\n            int y1, y2;\n            scanf("%d%d%d%d", &b[i * 2].x1, &y1, &b[i * 2].x2, &y2);\n            b[i * 2].x2--;\n            b[i * 2 + 1].x1 = b[i * 2].x1;\n            b[i * 2 + 1].x2 = b[i * 2].x2;\n            b[i * 2].y = y1;\n            b[i * 2 + 1].y = y2;\n            b[i * 2].f = 1;\n            b[i * 2 + 1].f = -1;\n        }\n\n        sort(b, b + n * 2, comp);\n        int ny = 0;\n        int now = 0, prev = 1;\n        int res = 0, res2 = 0;\n\n        for (int i = 0; i < n * 2; i++) {\n            if (ny != b[i].y) {\n                swap(now, prev);\n                int cnt = 0, cnt2 = 0, bt = 0, cnt3 = 0;\n                for (int j = 0; j <= 10000; j++) {\n                    if (fie[j][now] > 0 && fie[j][prev] == 0) cnt3++;\n                    if (fie[j][now] == 0 && fie[j][prev] > 0) cnt3++;\n                    fie[j][now] = fie[j][prev];\n                    if (fie[j][now] > 0) {\n                        cnt++;\n                        if (bt == 0) cnt2++, bt = 1;\n                    } else bt = 0;\n                }\n                res += cnt * (b[i].y - ny);\n                res2 += cnt2 * 2 * (b[i].y - ny) + cnt3;\n            }\n            ny = b[i].y;\n            for (int j = b[i].x1; j <= b[i].x2; j++) fie[j][now] += b[i].f;\n        }\n\n        printf("%d\\n", res);\n        if (r == 2) {\n            swap(now, prev);\n            int cnt3 = 0;\n            for (int j = 0; j <= 10000; j++) {\n                if (fie[j][now] > 0 && fie[j][prev] == 0) cnt3++;\n                if (fie[j][now] == 0 && fie[j][prev] > 0) cnt3++;\n                fie[j][now] = fie[j][prev];\n            }\n            res2 += cnt3;\n            printf("%d\\n", res2);\n        }\n    }\n    return 0;\n}') | LineLLMMutation(('source.cpp', 29), '#include <iostream>\n#include <algorithm>\n#include <cstring>\n#include <cstdio>\n#include <vector>\nusing namespace std;\n\ntypedef vector<int> PP;\ntypedef vector<PP> P;\n\nint n, r;\n\nstruct block {\n    int x1, x2, y, f;\n};\n\nblock b[20002];\nint fie[10002][2] = {}; // Directly initializing to zero\n\nbool comp(const block &b1, const block &b2) {\n    return b1.y < b2.y;\n}\n\nint main(void) {\n    while (1) {\n        scanf("%d%d", &n, &r);\n        if (n == 0 && r == 0) break;\n\n        memset(fie, 0, sizeof(fie)); // Efficient reset using memset\n\n        for (int i = 0; i < n; i++) {\n            int y1, y2;\n            scanf("%d%d%d%d", &b[i * 2].x1, &y1, &b[i * 2].x2, &y2);\n            b[i * 2].x2--;\n            b[i * 2 + 1].x1 = b[i * 2].x1;\n            b[i * 2 + 1].x2 = b[i * 2].x2;\n            b[i * 2].y = y1;\n            b[i * 2 + 1].y = y2;\n            b[i * 2].f = 1;\n            b[i * 2 + 1].f = -1;\n        }\n\n        sort(b, b + n * 2, comp);\n        int ny = 0;\n        int now = 0, prev = 1;\n        int res = 0, res2 = 0;\n\n        for (int i = 0; i < n * 2; i++) {\n            if (ny != b[i].y) {\n                swap(now, prev);\n                int cnt = 0, cnt2 = 0, bt = 0, cnt3 = 0;\n                for (int j = 0; j <= 10000; j++) {\n                    if (fie[j][now] > 0 && fie[j][prev] == 0) cnt3++;\n                    if (fie[j][now] == 0 && fie[j][prev] > 0) cnt3++;\n                    fie[j][now] = fie[j][prev];\n                    if (fie[j][now] > 0) {\n                        cnt++;\n                        if (bt == 0) cnt2++, bt = 1;\n                    } else bt = 0;\n                }\n                res += cnt * (b[i].y - ny);\n                res2 += cnt2 * 2 * (b[i].y - ny) + cnt3;\n            }\n            ny = b[i].y;\n            for (int j = b[i].x1; j <= b[i].x2; j++) fie[j][now] += b[i].f;\n        }\n\n        printf("%d\\n", res);\n        if (r == 2) {\n            swap(now, prev);\n            int cnt3 = 0;\n            for (int j = 0; j <= 10000; j++) {\n                if (fie[j][now] > 0 && fie[j][prev] == 0) cnt3++;\n                if (fie[j][now] == 0 && fie[j][prev] > 0) cnt3++;\n                fie[j][now] = fie[j][prev];\n            }\n            res2 += cnt3;\n            printf("%d\\n", res2);\n        }\n    }\n    return 0;\n}') | LineLLMMutation(('source.cpp', 33), '#include <iostream>\n#include <algorithm>\n#include <cstring>\n#include <cstdio>\n#include <vector>\nusing namespace std;\n\ntypedef vector<int> PP;\ntypedef vector<PP> P;\n\nint n, r;\n\nstruct block {\n    int x1, x2, y, f;\n};\n\nblock b[20002];\nint fie[10002][2] = {}; // Directly initializing to zero\n\nbool comp(const block &b1, const block &b2) {\n    return b1.y < b2.y;\n}\n\nint main(void) {\n    while (1) {\n        scanf("%d%d", &n, &r);\n        if (n == 0 && r == 0) break;\n\n        // Replacing memset with a simple loop for initialization\n        for (int i = 0; i < 10002; ++i) {\n            fie[i][0] = 0;\n            fie[i][1] = 0;\n        }\n\n        for (int i = 0; i < n; i++) {\n            int y1, y2;\n            scanf("%d%d%d%d", &b[i * 2].x1, &y1, &b[i * 2].x2, &y2);\n            b[i * 2].x2--;\n            b[i * 2 + 1].x1 = b[i * 2].x1;\n            b[i * 2 + 1].x2 = b[i * 2].x2;\n            b[i * 2].y = y1;\n            b[i * 2 + 1].y = y2;\n            b[i * 2].f = 1;\n            b[i * 2 + 1].f = -1;\n        }\n\n        sort(b, b + n * 2, comp);\n        int ny = 0;\n        int now = 0, prev = 1;\n        int res = 0, res2 = 0;\n\n        for (int i = 0; i < n * 2; i++) {\n            if (ny != b[i].y) {\n                swap(now, prev);\n                int cnt = 0, cnt2 = 0, bt = 0, cnt3 = 0;\n                for (int j = 0; j <= 10000; j++) {\n                    if (fie[j][now] > 0 && fie[j][prev] == 0) cnt3++;\n                    if (fie[j][now] == 0 && fie[j][prev] > 0) cnt3++;\n                    fie[j][now] = fie[j][prev];\n                    if (fie[j][now] > 0) {\n                        cnt++;\n                        if (bt == 0) cnt2++, bt = 1;\n                    } else bt = 0;\n                }\n                res += cnt * (b[i].y - ny);\n                res2 += cnt2 * 2 * (b[i].y - ny) + cnt3;\n            }\n            ny = b[i].y;\n            for (int j = b[i].x1; j <= b[i].x2; j++) fie[j][now] += b[i].f;\n        }\n\n        printf("%d\\n", res);\n        if (r == 2) {\n            swap(now, prev);\n            int cnt3 = 0;\n            for (int j = 0; j <= 10000; j++) {\n                if (fie[j][now] > 0 && fie[j][prev] == 0) cnt3++;\n                if (fie[j][now] == 0 && fie[j][prev] > 0) cnt3++;\n                fie[j][now] = fie[j][prev];\n            }\n            res2 += cnt3;\n            printf("%d\\n", res2);\n        }\n    }\n    return 0;\n}') | LineLLMMutation(('source.cpp', 39), '#include <iostream>\n#include <algorithm>\n#include <cstring>\n#include <cstdio>\n#include <vector>\nusing namespace std;\n\ntypedef vector<int> PP;\ntypedef vector<PP> P;\n\nint n, r;\n\nstruct block {\n    int x1, x2, y, f;\n};\n\nblock b[20002];\nint fie[10002][2]; // Declare without initialization\n\nbool comp(const block &b1, const block &b2) {\n    return b1.y < b2.y;\n}\n\nint main(void) {\n    while (1) {\n        scanf("%d%d", &n, &r);\n        if (n == 0 && r == 0) break;\n\n        // Use std::fill for initialization\n        std::fill(&fie[0][0], &fie[0][0] + sizeof(fie) / sizeof(int), 0);\n\n        for (int i = 0; i < n; i++) {\n            int y1, y2;\n            scanf("%d%d%d%d", &b[i * 2].x1, &y1, &b[i * 2].x2, &y2);\n            b[i * 2].x2--;\n            b[i * 2 + 1].x1 = b[i * 2].x1;\n            b[i * 2 + 1].x2 = b[i * 2].x2;\n            b[i * 2].y = y1;\n            b[i * 2 + 1].y = y2;\n            b[i * 2].f = 1;\n            b[i * 2 + 1].f = -1;\n        }\n\n        sort(b, b + n * 2, comp);\n        int ny = 0;\n        int now = 0, prev = 1;\n        int res = 0, res2 = 0;\n\n        for (int i = 0; i < n * 2; i++) {\n            if (ny != b[i].y) {\n                swap(now, prev);\n                int cnt = 0, cnt2 = 0, bt = 0, cnt3 = 0;\n                for (int j = 0; j <= 10000; j++) {\n                    if (fie[j][now] > 0 && fie[j][prev] == 0) cnt3++;\n                    if (fie[j][now] == 0 && fie[j][prev] > 0) cnt3++;\n                    fie[j][now] = fie[j][prev];\n                    if (fie[j][now] > 0) {\n                        cnt++;\n                        if (bt == 0) cnt2++, bt = 1;\n                    } else bt = 0;\n                }\n                res += cnt * (b[i].y - ny);\n                res2 += cnt2 * 2 * (b[i].y - ny) + cnt3;\n            }\n            ny = b[i].y;\n            for (int j = b[i].x1; j <= b[i].x2; j++) fie[j][now] += b[i].f;\n        }\n\n        printf("%d\\n", res);\n        if (r == 2) {\n            swap(now, prev);\n            int cnt3 = 0;\n            for (int j = 0; j <= 10000; j++) {\n                if (fie[j][now] > 0 && fie[j][prev] == 0) cnt3++;\n                if (fie[j][now] == 0 && fie[j][prev] > 0) cnt3++;\n                fie[j][now] = fie[j][prev];\n            }\n            res2 += cnt3;\n            printf("%d\\n", res2);\n        }\n    }\n    return 0;\n}') | LineLLMMutation(('source.cpp', 44), '#include <iostream>\n#include <algorithm>\n#include <cstring>\n#include <cstdio>\n#include <vector>\n#include <array>\nusing namespace std;\n\ntypedef vector<int> PP;\ntypedef vector<PP> P;\n\nint n, r;\n\nstruct block {\n    int x1, x2, y, f;\n};\n\nblock b[20002];\nstd::array<std::array<int, 2>, 10002> fie; // Use std::array for better safety\n\nbool comp(const block &b1, const block &b2) {\n    return b1.y < b2.y;\n}\n\nint main(void) {\n    while (1) {\n        scanf("%d%d", &n, &r);\n        if (n == 0 && r == 0) break;\n\n        // Use std::fill for initialization\n        std::fill(fie.begin(), fie.end(), std::array<int, 2>{0, 0});\n\n        for (int i = 0; i < n; i++) {\n            int y1, y2;\n            scanf("%d%d%d%d", &b[i * 2].x1, &y1, &b[i * 2].x2, &y2);\n            b[i * 2].x2--;\n            b[i * 2 + 1].x1 = b[i * 2].x1;\n            b[i * 2 + 1].x2 = b[i * 2].x2;\n            b[i * 2].y = y1;\n            b[i * 2 + 1].y = y2;\n            b[i * 2].f = 1;\n            b[i * 2 + 1].f = -1;\n        }\n\n        sort(b, b + n * 2, comp);\n        int ny = 0;\n        int now = 0, prev = 1;\n        int res = 0, res2 = 0;\n\n        for (int i = 0; i < n * 2; i++) {\n            if (ny != b[i].y) {\n                swap(now, prev);\n                int cnt = 0, cnt2 = 0, bt = 0, cnt3 = 0;\n                for (int j = 0; j <= 10000; j++) {\n                    if (fie[j][now] > 0 && fie[j][prev] == 0) cnt3++;\n                    if (fie[j][now] == 0 && fie[j][prev] > 0) cnt3++;\n                    fie[j][now] = fie[j][prev];\n                    if (fie[j][now] > 0) {\n                        cnt++;\n                        if (bt == 0) cnt2++, bt = 1;\n                    } else bt = 0;\n                }\n                res += cnt * (b[i].y - ny);\n                res2 += cnt2 * 2 * (b[i].y - ny) + cnt3;\n            }\n            ny = b[i].y;\n            for (int j = b[i].x1; j <= b[i].x2; j++) fie[j][now] += b[i].f;\n        }\n\n        printf("%d\\n", res);\n        if (r == 2) {\n            swap(now, prev);\n            int cnt3 = 0;\n            for (int j = 0; j <= 10000; j++) {\n                if (fie[j][now] > 0 && fie[j][prev] == 0) cnt3++;\n                if (fie[j][now] == 0 && fie[j][prev] > 0) cnt3++;\n                fie[j][now] = fie[j][prev];\n            }\n            res2 += cnt3;\n            printf("%d\\n", res2);\n        }\n    }\n    return 0;\n}')"
2025-01-24 19:39:53,387	[INFO]	Step: 99
2025-01-24 19:39:53,387	[INFO]	Stop Steps: 100
2025-01-24 19:39:54,136	[DEBUG]	EXEC>  SUCCESS 3879755.125
2025-01-24 19:39:54,136	[INFO]	9-10    SUCCESS               3879755.12 (82.27%) [4 edit(s)]  
2025-01-24 19:39:54,136	[DEBUG]	patch(9-10)="LineLLMCrossover(('source.cpp', 12), '#include <iostream>\n#include <algorithm>\n#include <cstring>\n#include <cstdio>\n#include <vector>\n#include <array>\nusing namespace std;\n\ntypedef vector<int> PP;\ntypedef vector<PP> P;\n\nint n, r;\n\nstruct block {\n    int x1, x2, y, f;\n};\n\nblock b[20002];\narray<array<int, 2>, 10002> fie; // Using std::array for better performance and memory usage\n\nbool comp(const block &b1, const block &b2) {\n    return b1.y < b2.y;\n}\n\nint main(void) {\n    while (1) {\n        scanf("%d%d", &n, &r);\n        if (n == 0 && r == 0) break;\n\n        fie.fill({0, 0}); // Efficient reset using std::array\n\n        for (int i = 0; i < n; i++) {\n            int y1, y2;\n            scanf("%d%d%d%d", &b[i * 2].x1, &y1, &b[i * 2].x2, &y2);\n            b[i * 2].x2--;\n            b[i * 2 + 1].x1 = b[i * 2].x1;\n            b[i * 2 + 1].x2 = b[i * 2].x2;\n            b[i * 2].y = y1;\n            b[i * 2 + 1].y = y2;\n            b[i * 2].f = 1;\n            b[i * 2 + 1].f = -1;\n        }\n\n        sort(b, b + n * 2, comp);\n        int ny = 0;\n        int now = 0, prev = 1;\n        int res = 0, res2 = 0;\n\n        for (int i = 0; i < n * 2; i++) {\n            if (ny != b[i].y) {\n                swap(now, prev);\n                int cnt = 0, cnt2 = 0, bt = 0, cnt3 = 0;\n                for (int j = 0; j <= 10000; j++) {\n                    if (fie[j][now] > 0 && fie[j][prev] == 0) cnt3++;\n                    if (fie[j][now] == 0 && fie[j][prev] > 0) cnt3++;\n                    fie[j][now] = fie[j][prev];\n                    if (fie[j][now] > 0) {\n                        cnt++;\n                        if (bt == 0) cnt2++, bt = 1;\n                    } else bt = 0;\n                }\n                res += cnt * (b[i].y - ny);\n                res2 += cnt2 * 2 * (b[i].y - ny) + cnt3;\n            }\n            ny = b[i].y;\n            for (int j = b[i].x1; j <= b[i].x2; j++) fie[j][now] += b[i].f;\n        }\n\n        printf("%d\\n", res);\n        if (r == 2) {\n            swap(now, prev);\n            int cnt3 = 0;\n            for (int j = 0; j <= 10000; j++) {\n                if (fie[j][now] > 0 && fie[j][prev] == 0) cnt3++;\n                if (fie[j][now] == 0 && fie[j][prev] > 0) cnt3++;\n                fie[j][now] = fie[j][prev];\n            }\n            res2 += cnt3;\n            printf("%d\\n", res2);\n        }\n    }\n    return 0;\n}') | LineLLMMutation(('source.cpp', 32), '#include <iostream>\n#include <algorithm>\n#include <cstring>\n#include <cstdio>\n#include <vector>\n#include <array>\nusing namespace std;\n\ntypedef vector<int> PP;\ntypedef vector<PP> P;\n\nint n, r;\n\nstruct block {\n    int x1, x2, y, f;\n};\n\nblock b[20002];\narray<array<int, 2>, 10002> fie; // Using std::array for better performance and memory usage\n\nbool comp(const block &b1, const block &b2) {\n    return b1.y < b2.y;\n}\n\nint main(void) {\n    while (1) {\n        scanf("%d%d", &n, &r);\n        if (n == 0 && r == 0) break;\n\n        fie.fill({0, 0}); // Efficient reset using std::array\n\n        for (int i = 0; i < n; i++) {\n            int y1, y2;\n            // Optimized to read multiple integers in a single scan\n            scanf("%d%d%d%d", &b[i*2].x1, &y1, &b[i*2].x2, &y2);\n            b[i*2].x2--; // Decrement x2 directly\n            b[i*2 + 1] = {b[i*2].x1, b[i*2].x2, y2, -1}; // Direct initialization\n            b[i*2].y = y1;\n            b[i*2].f = 1;\n        }\n\n        sort(b, b + n * 2, comp);\n        int ny = 0;\n        int now = 0, prev = 1;\n        int res = 0, res2 = 0;\n\n        for (int i = 0; i < n * 2; i++) {\n            if (ny != b[i].y) {\n                swap(now, prev);\n                int cnt = 0, cnt2 = 0, bt = 0, cnt3 = 0;\n                for (int j = 0; j <= 10000; j++) {\n                    if (fie[j][now] > 0 && fie[j][prev] == 0) cnt3++;\n                    if (fie[j][now] == 0 && fie[j][prev] > 0) cnt3++;\n                    fie[j][now] = fie[j][prev];\n                    if (fie[j][now] > 0) {\n                        cnt++;\n                        if (bt == 0) cnt2++, bt = 1;\n                    } else bt = 0;\n                }\n                res += cnt * (b[i].y - ny);\n                res2 += cnt2 * 2 * (b[i].y - ny) + cnt3;\n            }\n            ny = b[i].y;\n            for (int j = b[i].x1; j <= b[i].x2; j++) fie[j][now] += b[i].f;\n        }\n\n        printf("%d\\n", res);\n        if (r == 2) {\n            swap(now, prev);\n            int cnt3 = 0;\n            for (int j = 0; j <= 10000; j++) {\n                if (fie[j][now] > 0 && fie[j][prev] == 0) cnt3++;\n                if (fie[j][now] == 0 && fie[j][prev] > 0) cnt3++;\n                fie[j][now] = fie[j][prev];\n            }\n            res2 += cnt3;\n            printf("%d\\n", res2);\n        }\n    }\n    return 0;\n}') | LineLLMMutation(('source.cpp', 40), '#include <iostream>\n#include <algorithm>\n#include <cstring>\n#include <cstdio>\n#include <vector>\n#include <array>\nusing namespace std;\n\ntypedef vector<int> PP;\ntypedef vector<PP> P;\n\nint n, r;\n\nstruct block {\n    int x1, x2, y, f;\n};\n\nblock b[20002];\narray<array<int, 2>, 10002> fie; // Using std::array for better performance and memory usage\n\nbool comp(const block &b1, const block &b2) {\n    return b1.y < b2.y;\n}\n\nint main(void) {\n    while (1) {\n        scanf("%d%d", &n, &r);\n        if (n == 0 && r == 0) break;\n\n        fie.fill({0, 0}); // Efficient reset using std::array\n\n        for (int i = 0; i < n; i++) {\n            int y1, y2, x1, x2;\n            // Optimized to read multiple integers in a single scan\n            scanf("%d%d%d%d", &x1, &y1, &x2, &y2);\n            b[i*2] = {x1, x2 - 1, y1, 1}; // Initialize directly\n            b[i*2 + 1] = {x1, x2 - 1, y2, -1}; // Direct initialization\n        }\n\n        sort(b, b + n * 2, comp);\n        int ny = 0;\n        int now = 0, prev = 1;\n        int res = 0, res2 = 0;\n\n        for (int i = 0; i < n * 2; i++) {\n            if (ny != b[i].y) {\n                swap(now, prev);\n                int cnt = 0, cnt2 = 0, bt = 0, cnt3 = 0;\n                for (int j = 0; j <= 10000; j++) {\n                    if (fie[j][now] > 0 && fie[j][prev] == 0) cnt3++;\n                    if (fie[j][now] == 0 && fie[j][prev] > 0) cnt3++;\n                    fie[j][now] = fie[j][prev];\n                    if (fie[j][now] > 0) {\n                        cnt++;\n                        if (bt == 0) cnt2++, bt = 1;\n                    } else bt = 0;\n                }\n                res += cnt * (b[i].y - ny);\n                res2 += cnt2 * 2 * (b[i].y - ny) + cnt3;\n            }\n            ny = b[i].y;\n            for (int j = b[i].x1; j <= b[i].x2; j++) fie[j][now] += b[i].f;\n        }\n\n        printf("%d\\n", res);\n        if (r == 2) {\n            swap(now, prev);\n            int cnt3 = 0;\n            for (int j = 0; j <= 10000; j++) {\n                if (fie[j][now] > 0 && fie[j][prev] == 0) cnt3++;\n                if (fie[j][now] == 0 && fie[j][prev] > 0) cnt3++;\n                fie[j][now] = fie[j][prev];\n            }\n            res2 += cnt3;\n            printf("%d\\n", res2);\n        }\n    }\n    return 0;\n}') | LineLLMMutation(('source.cpp', 45), '#include <iostream>\n#include <algorithm>\n#include <cstring>\n#include <cstdio>\n#include <vector>\n#include <array>\nusing namespace std;\n\ntypedef vector<int> PP;\ntypedef vector<PP> P;\n\nint n, r;\n\nstruct block {\n    int x1, x2, y, f;\n};\n\nblock b[20002];\narray<array<int, 2>, 10002> fie;\n\nbool comp(const block &b1, const block &b2) {\n    return b1.y < b2.y;\n}\n\nint main(void) {\n    while (1) {\n        scanf("%d%d", &n, &r);\n        if (n == 0 && r == 0) break;\n\n        fie.fill({0, 0});\n\n        for (int i = 0; i < n; i++) {\n            int x1, y1, x2, y2;\n            // Using a single scan to read all integers\n            scanf("%d%d%d%d", &x1, &y1, &x2, &y2);\n            b[i*2] = {x1, x2 - 1, y1, 1};\n            b[i*2 + 1] = {x1, x2 - 1, y2, -1};\n        }\n\n        sort(b, b + n * 2, comp);\n        int ny = 0;\n        int now = 0, prev = 1;\n        int res = 0, res2 = 0;\n\n        for (int i = 0; i < n * 2; i++) {\n            if (ny != b[i].y) {\n                swap(now, prev);\n                int cnt = 0, cnt2 = 0, bt = 0, cnt3 = 0;\n                for (int j = 0; j <= 10000; j++) {\n                    if (fie[j][now] > 0 && fie[j][prev] == 0) cnt3++;\n                    if (fie[j][now] == 0 && fie[j][prev] > 0) cnt3++;\n                    fie[j][now] = fie[j][prev];\n                    if (fie[j][now] > 0) {\n                        cnt++;\n                        if (bt == 0) cnt2++, bt = 1;\n                    } else bt = 0;\n                }\n                res += cnt * (b[i].y - ny);\n                res2 += cnt2 * 2 * (b[i].y - ny) + cnt3;\n            }\n            ny = b[i].y;\n            for (int j = b[i].x1; j <= b[i].x2; j++) fie[j][now] += b[i].f;\n        }\n\n        printf("%d\\n", res);\n        if (r == 2) {\n            swap(now, prev);\n            int cnt3 = 0;\n            for (int j = 0; j <= 10000; j++) {\n                if (fie[j][now] > 0 && fie[j][prev] == 0) cnt3++;\n                if (fie[j][now] == 0 && fie[j][prev] > 0) cnt3++;\n                fie[j][now] = fie[j][prev];\n            }\n            res2 += cnt3;\n            printf("%d\\n", res2);\n        }\n    }\n    return 0;\n}')"
2025-01-24 19:39:54,137	[INFO]	Step: 100
2025-01-24 19:39:54,137	[INFO]	Stop Steps: 100
2025-01-24 19:39:54,137	[INFO]	(Abstract Algorithm) Stopping Condition: step budget
2025-01-24 19:40:01,399	[INFO]	~~~~ END ~~~~
2025-01-24 19:40:01,399	[INFO]	Best patch step: 90
2025-01-24 19:40:01,399	[INFO]	
2025-01-24 19:40:01,399	[INFO]	==== REPORT ====
2025-01-24 19:40:01,399	[INFO]	Termination: step budget
2025-01-24 19:40:01,399	[INFO]	Log file: /home/ubuntu/eoc/magpie2/_magpie_logs/0120_1737746371.log
2025-01-24 19:40:01,399	[INFO]	Patch file: _magpie_logs/0120_1737746371.patch
2025-01-24 19:40:01,399	[INFO]	Diff file: _magpie_logs/0120_1737746371.diff
2025-01-24 19:40:01,399	[INFO]	Reference fitness: 4715700.38
2025-01-24 19:40:01,399	[INFO]	Best fitness: 1565565.56
2025-01-24 19:40:01,399	[INFO]	
2025-01-24 19:40:01,400	[INFO]	==== BEST PATCH ====
LineLLMMutation(('source.cpp', 3), '#include <iostream>\n#include <algorithm>\n#include <cstring>\n#include <cstdio>\n#include <vector>\n#include <map>\n#include <array>\nusing namespace std;\n\ntypedef vector<int> PP;\ntypedef vector<PP> P;\n\nint n, r;\n\nstruct block {\n    int x1, x2, y, f;\n};\n\nblock b[20002];\narray<array<int, 2>, 10002> fie; // Using std::array\n\nbool comp(const block &b1, const block &b2) {\n    return b1.y < b2.y;\n}\n\nint main(void) {\n    while (1) {\n        scanf("%d%d", &n, &r);\n        if (n == 0 && r == 0) break;\n\n        fie.fill({0, 0}); // Initialize using std::array\n\n        for (int i = 0; i < n; i++) {\n            int y1, y2;\n            scanf("%d%d%d%d", &b[i * 2].x1, &y1, &b[i * 2].x2, &y2);\n            b[i * 2].x2--;\n            b[i * 2 + 1].x1 = b[i * 2].x1;\n            b[i * 2 + 1].x2 = b[i * 2].x2;\n            b[i * 2].y = y1;\n            b[i * 2 + 1].y = y2;\n            b[i * 2].f = 1;\n            b[i * 2 + 1].f = -1;\n        }\n\n        sort(b, b + n * 2, comp);\n        int ny = 0;\n        int now = 0, prev = 1;\n        int res = 0, res2 = 0;\n\n        for (int i = 0; i < n * 2; i++) {\n            if (ny != b[i].y) {\n                swap(now, prev);\n                int cnt = 0, cnt2 = 0, bt = 0, cnt3 = 0;\n                for (int j = 0; j <= 10000; j++) {\n                    if (fie[j][now] > 0 && fie[j][prev] == 0) cnt3++;\n                    if (fie[j][now] == 0 && fie[j][prev] > 0) cnt3++;\n                    fie[j][now] = fie[j][prev];\n                    if (fie[j][now] > 0) {\n                        cnt++;\n                        if (bt == 0) cnt2++, bt = 1;\n                    } else bt = 0;\n                }\n                res += cnt * (b[i].y - ny);\n                res2 += cnt2 * 2 * (b[i].y - ny) + cnt3;\n            }\n            ny = b[i].y;\n            for (int j = b[i].x1; j <= b[i].x2; j++) fie[j][now] += b[i].f;\n        }\n\n        printf("%d\\n", res);\n        if (r == 2) {\n            swap(now, prev);\n            int cnt3 = 0;\n            for (int j = 0; j <= 10000; j++) {\n                if (fie[j][now] > 0 && fie[j][prev] == 0) cnt3++;\n                if (fie[j][now] == 0 && fie[j][prev] > 0) cnt3++;\n                fie[j][now] = fie[j][prev];\n            }\n            res2 += cnt3;\n            printf("%d\\n", res2);\n        }\n    }\n    return 0;\n}') + LineLLMMutation(('source.cpp', 14), '#include <iostream>\n#include <algorithm>\n#include <cstring>\n#include <cstdio>\n#include <vector>\nusing namespace std;\n\ntypedef vector<int> PP;\ntypedef vector<PP> P;\n\nint n, r;\n\nstruct block {\n    int x1, x2, y, f;\n};\n\nblock b[20002];\nint fie[10002][2]; // Changed to a simple 2D array for better performance\n\nbool comp(const block &b1, const block &b2) {\n    return b1.y < b2.y;\n}\n\nint main(void) {\n    while (1) {\n        scanf("%d%d", &n, &r);\n        if (n == 0 && r == 0) break;\n\n        memset(fie, 0, sizeof(fie)); // Initialize using memset for speed\n\n        for (int i = 0; i < n; i++) {\n            int y1, y2;\n            scanf("%d%d%d%d", &b[i * 2].x1, &y1, &b[i * 2].x2, &y2);\n            b[i * 2].x2--;\n            b[i * 2 + 1].x1 = b[i * 2].x1;\n            b[i * 2 + 1].x2 = b[i * 2].x2;\n            b[i * 2].y = y1;\n            b[i * 2 + 1].y = y2;\n            b[i * 2].f = 1;\n            b[i * 2 + 1].f = -1;\n        }\n\n        sort(b, b + n * 2, comp);\n        int ny = 0;\n        int now = 0, prev = 1;\n        int res = 0, res2 = 0;\n\n        for (int i = 0; i < n * 2; i++) {\n            if (ny != b[i].y) {\n                swap(now, prev);\n                int cnt = 0, cnt2 = 0, bt = 0, cnt3 = 0;\n                for (int j = 0; j <= 10000; j++) {\n                    if (fie[j][now] > 0 && fie[j][prev] == 0) cnt3++;\n                    if (fie[j][now] == 0 && fie[j][prev] > 0) cnt3++;\n                    fie[j][now] = fie[j][prev];\n                    if (fie[j][now] > 0) {\n                        cnt++;\n                        if (bt == 0) cnt2++, bt = 1;\n                    } else bt = 0;\n                }\n                res += cnt * (b[i].y - ny);\n                res2 += cnt2 * 2 * (b[i].y - ny) + cnt3;\n            }\n            ny = b[i].y;\n            for (int j = b[i].x1; j <= b[i].x2; j++) fie[j][now] += b[i].f;\n        }\n\n        printf("%d\\n", res);\n        if (r == 2) {\n            swap(now, prev);\n            int cnt3 = 0;\n            for (int j = 0; j <= 10000; j++) {\n                if (fie[j][now] > 0 && fie[j][prev] == 0) cnt3++;\n                if (fie[j][now] == 0 && fie[j][prev] > 0) cnt3++;\n                fie[j][now] = fie[j][prev];\n            }\n            res2 += cnt3;\n            printf("%d\\n", res2);\n        }\n    }\n    return 0;\n}') + LineLLMMutation(('source.cpp', 18), '#include <iostream>\n#include <algorithm>\n#include <cstring>\n#include <cstdio>\n#include <vector>\n#include <array>\nusing namespace std;\n\ntypedef vector<int> PP;\ntypedef vector<PP> P;\n\nint n, r;\n\nstruct block {\n    int x1, x2, y, f;\n};\n\nblock b[20002];\narray<array<int, 2>, 10002> fie; // Changed to std::array for better performance and memory usage\n\nbool comp(const block &b1, const block &b2) {\n    return b1.y < b2.y;\n}\n\nint main(void) {\n    while (1) {\n        scanf("%d%d", &n, &r);\n        if (n == 0 && r == 0) break;\n\n        fie.fill({0, 0}); // Initialize using fill for clarity and performance\n\n        for (int i = 0; i < n; i++) {\n            int y1, y2;\n            scanf("%d%d%d%d", &b[i * 2].x1, &y1, &b[i * 2].x2, &y2);\n            b[i * 2].x2--;\n            b[i * 2 + 1].x1 = b[i * 2].x1;\n            b[i * 2 + 1].x2 = b[i * 2].x2;\n            b[i * 2].y = y1;\n            b[i * 2 + 1].y = y2;\n            b[i * 2].f = 1;\n            b[i * 2 + 1].f = -1;\n        }\n\n        sort(b, b + n * 2, comp);\n        int ny = 0;\n        int now = 0, prev = 1;\n        int res = 0, res2 = 0;\n\n        for (int i = 0; i < n * 2; i++) {\n            if (ny != b[i].y) {\n                swap(now, prev);\n                int cnt = 0, cnt2 = 0, bt = 0, cnt3 = 0;\n                for (int j = 0; j <= 10000; j++) {\n                    if (fie[j][now] > 0 && fie[j][prev] == 0) cnt3++;\n                    if (fie[j][now] == 0 && fie[j][prev] > 0) cnt3++;\n                    fie[j][now] = fie[j][prev];\n                    if (fie[j][now] > 0) {\n                        cnt++;\n                        if (bt == 0) cnt2++, bt = 1;\n                    } else bt = 0;\n                }\n                res += cnt * (b[i].y - ny);\n                res2 += cnt2 * 2 * (b[i].y - ny) + cnt3;\n            }\n            ny = b[i].y;\n            for (int j = b[i].x1; j <= b[i].x2; j++) fie[j][now] += b[i].f;\n        }\n\n        printf("%d\\n", res);\n        if (r == 2) {\n            swap(now, prev);\n            int cnt3 = 0;\n            for (int j = 0; j <= 10000; j++) {\n                if (fie[j][now] > 0 && fie[j][prev] == 0) cnt3++;\n                if (fie[j][now] == 0 && fie[j][prev] > 0) cnt3++;\n                fie[j][now] = fie[j][prev];\n            }\n            res2 += cnt3;\n            printf("%d\\n", res2);\n        }\n    }\n    return 0;\n}') + LineLLMMutation(('source.cpp', 28), '#include <iostream>\n#include <algorithm>\n#include <cstring>\n#include <cstdio>\n#include <vector>\n#include <array>\nusing namespace std;\n\ntypedef vector<int> PP;\ntypedef vector<PP> P;\n\nint n, r;\n\nstruct block {\n    int x1, x2, y, f;\n};\n\nblock b[20002];\nint fie[10002][2] = {}; // Changed to a 2D array for slightly better performance and reduced overhead\n\nbool comp(const block &b1, const block &b2) {\n    return b1.y < b2.y;\n}\n\nint main(void) {\n    while (1) {\n        scanf("%d%d", &n, &r);\n        if (n == 0 && r == 0) break;\n\n        for (int i = 0; i < n; i++) {\n            int y1, y2;\n            scanf("%d%d%d%d", &b[i * 2].x1, &y1, &b[i * 2].x2, &y2);\n            b[i * 2].x2--;\n            b[i * 2 + 1].x1 = b[i * 2].x1;\n            b[i * 2 + 1].x2 = b[i * 2].x2;\n            b[i * 2].y = y1;\n            b[i * 2 + 1].y = y2;\n            b[i * 2].f = 1;\n            b[i * 2 + 1].f = -1;\n        }\n\n        sort(b, b + n * 2, comp);\n        int ny = 0;\n        int now = 0, prev = 1;\n        int res = 0, res2 = 0;\n\n        for (int i = 0; i < n * 2; i++) {\n            if (ny != b[i].y) {\n                swap(now, prev);\n                int cnt = 0, cnt2 = 0, bt = 0, cnt3 = 0;\n                for (int j = 0; j <= 10000; j++) {\n                    if (fie[j][now] > 0 && fie[j][prev] == 0) cnt3++;\n                    if (fie[j][now] == 0 && fie[j][prev] > 0) cnt3++;\n                    fie[j][now] = fie[j][prev];\n                    if (fie[j][now] > 0) {\n                        cnt++;\n                        if (bt == 0) cnt2++, bt = 1;\n                    } else bt = 0;\n                }\n                res += cnt * (b[i].y - ny);\n                res2 += cnt2 * 2 * (b[i].y - ny) + cnt3;\n            }\n            ny = b[i].y;\n            for (int j = b[i].x1; j <= b[i].x2; j++) fie[j][now] += b[i].f;\n        }\n\n        printf("%d\\n", res);\n        if (r == 2) {\n            swap(now, prev);\n            int cnt3 = 0;\n            for (int j = 0; j <= 10000; j++) {\n                if (fie[j][now] > 0 && fie[j][prev] == 0) cnt3++;\n                if (fie[j][now] == 0 && fie[j][prev] > 0) cnt3++;\n                fie[j][now] = fie[j][prev];\n            }\n            res2 += cnt3;\n            printf("%d\\n", res2);\n        }\n    }\n    return 0;\n}') + LineLLMMutation(('source.cpp', 36), '#include <cstdio>\n#include <algorithm>\nusing namespace std;\n\nconst int MAX_N = 10002;\nconst int MAX_B = 20002;\n\nstruct block {\n    int x1, x2, y, f;\n};\n\nblock b[MAX_B];\nint fie[MAX_N][2] = {};\n\nbool comp(const block &b1, const block &b2) {\n    return b1.y < b2.y;\n}\n\nint main(void) {\n    int n, r;\n    while (scanf("%d%d", &n, &r) == 2 && (n || r)) {\n        for (int i = 0; i < n; i++) {\n            int y1, y2;\n            scanf("%d%d%d%d", &b[i * 2].x1, &y1, &b[i * 2].x2, &y2);\n            b[i * 2].x2--; // Decrement x2 for zero-indexed handling\n            b[i * 2 + 1] = {b[i * 2].x1, b[i * 2].x2, y2, -1}; // Simplified initialization\n            b[i * 2].y = y1;\n            b[i * 2].f = 1;\n        }\n\n        sort(b, b + n * 2, comp);\n        int ny = 0, now = 0, prev = 1, res = 0, res2 = 0;\n\n        for (int i = 0; i < n * 2; i++) {\n            if (ny != b[i].y) {\n                swap(now, prev);\n                int cnt = 0, cnt2 = 0, bt = 0, cnt3 = 0;\n                for (int j = 0; j <= MAX_N; j++) {\n                    if (fie[j][now] > 0 && fie[j][prev] == 0) cnt3++;\n                    if (fie[j][now] == 0 && fie[j][prev] > 0) cnt3++;\n                    fie[j][now] = fie[j][prev];\n                    if (fie[j][now] > 0) {\n                        cnt++;\n                        if (bt == 0) cnt2++, bt = 1;\n                    } else bt = 0;\n                }\n                res += cnt * (b[i].y - ny);\n                res2 += cnt2 * 2 * (b[i].y - ny) + cnt3;\n            }\n            ny = b[i].y;\n            for (int j = b[i].x1; j <= b[i].x2; j++) fie[j][now] += b[i].f;\n        }\n\n        printf("%d\\n", res);\n        if (r == 2) {\n            swap(now, prev);\n            int cnt3 = 0;\n            for (int j = 0; j <= MAX_N; j++) {\n                if (fie[j][now] > 0 && fie[j][prev] == 0) cnt3++;\n                if (fie[j][now] == 0 && fie[j][prev] > 0) cnt3++;\n                fie[j][now] = fie[j][prev];\n            }\n            res2 += cnt3;\n            printf("%d\\n", res2);\n        }\n    }\n    return 0;\n}') + LineLLMMutation(('source.cpp', 38), '#include <cstdio>\n#include <algorithm>\nusing namespace std;\n\nconst int MAX_N = 10002;\nconst int MAX_B = 20002;\n\nstruct block {\n    int x1, x2, y, f;\n};\n\nblock b[MAX_B];\nint fie[MAX_N][2] = {};\n\nbool comp(const block &b1, const block &b2) {\n    return b1.y < b2.y;\n}\n\nint main(void) {\n    int n, r;\n    while (scanf("%d%d", &n, &r) == 2 && (n || r)) {\n        // Use a single pass to read input and initialize blocks\n        for (int i = 0; i < n; i++) {\n            int y1, y2;\n            scanf("%d%d%d%d", &b[i * 2].x1, &y1, &b[i * 2].x2, &y2);\n            b[i * 2].x2--; // Decrement x2 for zero-indexed handling\n            b[i * 2].y = y1;\n            b[i * 2].f = 1;\n\n            // Initialize the second block in the same loop\n            b[i * 2 + 1] = {b[i * 2].x1, b[i * 2].x2, y2, -1};\n        }\n\n        sort(b, b + n * 2, comp);\n        int ny = 0, now = 0, prev = 1, res = 0, res2 = 0;\n\n        for (int i = 0; i < n * 2; i++) {\n            if (ny != b[i].y) {\n                swap(now, prev);\n                int cnt = 0, cnt2 = 0, bt = 0, cnt3 = 0;\n                for (int j = 0; j <= MAX_N; j++) {\n                    if (fie[j][now] > 0 && fie[j][prev] == 0) cnt3++;\n                    if (fie[j][now] == 0 && fie[j][prev] > 0) cnt3++;\n                    fie[j][now] = fie[j][prev];\n                    if (fie[j][now] > 0) {\n                        cnt++;\n                        if (bt == 0) cnt2++, bt = 1;\n                    } else bt = 0;\n                }\n                res += cnt * (b[i].y - ny);\n                res2 += cnt2 * 2 * (b[i].y - ny) + cnt3;\n            }\n            ny = b[i].y;\n            for (int j = b[i].x1; j <= b[i].x2; j++) fie[j][now] += b[i].f;\n        }\n\n        printf("%d\\n", res);\n        if (r == 2) {\n            swap(now, prev);\n            int cnt3 = 0;\n            for (int j = 0; j <= MAX_N; j++) {\n                if (fie[j][now] > 0 && fie[j][prev] == 0) cnt3++;\n                if (fie[j][now] == 0 && fie[j][prev] > 0) cnt3++;\n                fie[j][now] = fie[j][prev];\n            }\n            res2 += cnt3;\n            printf("%d\\n", res2);\n        }\n    }\n    return 0;\n}')
2025-01-24 19:40:01,400	[INFO]	
2025-01-24 19:40:01,400	[INFO]	==== DIFF ====

