2025-01-24 22:11:32,196	[DEBUG]	==== CONFIG ====
[magpie]
import = 
seed = 7727513111754006
log_dir = _magpie_logs
work_dir = _magpie_work
local_original_copy = True
local_original_name = __original__
output_encoding = ascii
edit_retries = 10
default_timeout = 30
default_lengthout = 10000.0
diff_method = unified
trust_local_filesystem = True

[magpie.log]
color_output = True
format_info = {counter:<7} {status:<20} {best}{fitness} ({ratio}) [{size}] {cached} {log}
format_debug = patch({counter})="{patch}"{diffifbest}
format_fitness = {:.2f}
format_ratio = {:.2%%}
format_patchif = 
	 --> {patch}
format_diffif = 
	{diff}

[software]
path = dataset/magpie_dataset/train/0134
target_files = 
	source.cpp
software = BasicSoftware
model_rules = 
	*.params : ParamFileConfigModel
	*.xml : SrcmlModel
	* : LineModel
model_config = 
	*.params : [paramconfig]
	*.xml : [srcml]
init_cmd = 
init_timeout = 60
init_lengthout = -1
setup_cmd = bash setup.sh
setup_timeout = 
setup_lengthout = 
compile_cmd = bash compile.sh
compile_timeout = 
compile_lengthout = 
test_cmd = bash test.sh
test_timeout = 
test_lengthout = 
run_cmd = bash run.sh
run_timeout = 3
run_lengthout = 
batch_timeout = 
batch_lengthout = 
batch_bin_fitness_strategy = aggregate
batch_fitness_strategy = sum
fitness = time

[srcml]
rename = 
	stmt: break continue decl_stmt do expr_stmt for goto if return switch while
	number: literal_number
focus = block stmt operator_comp operator_arith number
internodes = block
process_pseudo_blocks = True
process_literals = True
process_operators = True

[paramconfig]
timing = test run
cli_prefix = --
cli_glue = =
cli_boolean = show
cli_boolean_prefix_true = 
cli_boolean_prefix_false = no-
cli_none = hide
silent_prefix = @
silent_suffix = $

[search]
protocol = BasicProtocol
algorithm = GeneticProgrammingLLM
possible_edits = 
	LineLLMMutation
	LineLLMCrossover
	LineDeletion
	LineInsertion
	LineReplacement
llm_prob = 1.0
warmup = 5
warmup_strategy = last
max_steps = 100
max_time = 20000
target_fitness = 
cache_maxsize = 100
cache_keep = 0.2
batch_instances = 
batch_shuffle = True
batch_bin_shuffle = False
batch_sample_size = 1

[search.ls]
delete_prob = 0.5
max_neighbours = 
when_trapped = continue
accept_fail = False
tabu_length = 10

[search.gp]
pop_size = 10
delete_prob = 0.0
offspring_elitism = 0.2
offspring_crossover = 0.4
offspring_mutation = 0.4
uniform_rate = 0.5
batch_reset = True

[search.minify]
do_cleanup = True
do_rebuild = True
do_simplify = True
round_robin_limit = 3


2025-01-24 22:11:32,196	[DEBUG]	
2025-01-24 22:11:32,196	[INFO]	==== SEARCH: GeneticProgrammingLLM ====
2025-01-24 22:11:32,198	[INFO]	~~~~ WARMUP ~~~~
2025-01-24 22:11:33,573	[DEBUG]	EXEC>  SUCCESS 3878230.125
2025-01-24 22:11:33,573	[INFO]	WARM    SUCCESS               3878230.12 (--) [0 edit(s)]  
2025-01-24 22:11:34,263	[DEBUG]	EXEC>  SUCCESS 4055717.5
2025-01-24 22:11:34,263	[INFO]	WARM    SUCCESS               4055717.50 (--) [0 edit(s)]  
2025-01-24 22:11:34,912	[DEBUG]	EXEC>  SUCCESS 4157796.875
2025-01-24 22:11:34,912	[INFO]	WARM    SUCCESS               4157796.88 (--) [0 edit(s)]  
2025-01-24 22:11:35,689	[DEBUG]	EXEC>  SUCCESS 3866348.5625
2025-01-24 22:11:35,689	[INFO]	WARM    SUCCESS               3866348.56 (--) [0 edit(s)]  
2025-01-24 22:11:36,348	[DEBUG]	EXEC>  SUCCESS 3903814.3125
2025-01-24 22:11:36,348	[INFO]	WARM    SUCCESS               3903814.31 (--) [0 edit(s)]  
2025-01-24 22:11:36,349	[INFO]	REF     SUCCESS               3903814.31 (--) [0 edit(s)]  
2025-01-24 22:11:36,349	[INFO]	
2025-01-24 22:11:36,349	[INFO]	~~~~ START ~~~~
2025-01-24 22:14:42,246	[DEBUG]	EXEC>  SUCCESS 3271537.5
2025-01-24 22:14:42,247	[INFO]	0-1     SUCCESS              *3271537.50 (83.80%) [1 edit(s)]  
2025-01-24 22:14:42,247	[DEBUG]	patch(0-1)="LineLLMMutation(('source.cpp', 0), '#include <iostream>\n#include <vector>\nusing namespace std;\n\nconst int MAX = 100000000;\nconst int Is = 110;\n\nint n, k, req, a, b, c, d, e, i, j, map[Is][Is], ans;\n\nint dik(int s, int g) {\n    vector<int> cost(Is, MAX), f(Is, 0);\n    cost[s] = 0;\n\n    for (i = 0; i < Is; i++) {\n        f[s] = 1;\n        for (j = 0; j < Is; j++) \n            if (!f[j] && map[s][j] != MAX && cost[j] > cost[s] + map[s][j]) \n                cost[j] = cost[s] + map[s][j];\n\n        int min = MAX + 1;\n        for (j = 0; j < Is; j++) \n            if (!f[j] && min > cost[j]) \n                min = cost[s = j];\n    }\n    return cost[g];\n}\n\nint main() {\n    while (cin >> n >> k, n != 0 || k != 0) {\n        for (i = 0; i < Is; i++) {\n            for (j = 0; j < Is; j++) {\n                map[i][j] = MAX;\n            }\n        }\n\n        while (k--) {\n            cin >> req;\n            if (req) {\n                cin >> c >> d >> e;\n                if (e < map[c][d]) map[c][d] = map[d][c] = e;\n            } else {\n                cin >> a >> b;\n                if ((ans = dik(a, b)) != MAX) cout << ans << endl;\n                else cout << "-1" << endl;\n            }\n        }\n    }\n    return 0;\n}')"

2025-01-24 22:14:43,878	[DEBUG]	EXEC>  SUCCESS 4249757.8125
2025-01-24 22:14:43,878	[INFO]	0-2     SUCCESS               4249757.81 (108.86%) [1 edit(s)]  
2025-01-24 22:14:43,878	[DEBUG]	patch(0-2)="LineLLMMutation(('source.cpp', 1), '#include <iostream>\n#include <array>\nusing namespace std;\n\nconst int MAX = 100000000;\nconst int Is = 110;\n\nint n, k, req, a, b, c, d, e, i, j, map[Is][Is], ans;\n\nint dik(int s, int g) {\n    array<int, Is> cost;\n    cost.fill(MAX);\n    array<int, Is> f;\n    f.fill(0);\n    cost[s] = 0;\n\n    for (i = 0; i < Is; i++) {\n        f[s] = 1;\n        for (j = 0; j < Is; j++) \n            if (!f[j] && map[s][j] != MAX && cost[j] > cost[s] + map[s][j]) \n                cost[j] = cost[s] + map[s][j];\n\n        int min = MAX + 1;\n        for (j = 0; j < Is; j++) \n            if (!f[j] && min > cost[j]) \n                min = cost[s = j];\n    }\n    return cost[g];\n}\n\nint main() {\n    while (cin >> n >> k, n != 0 || k != 0) {\n        for (i = 0; i < Is; i++) {\n            for (j = 0; j < Is; j++) {\n                map[i][j] = MAX;\n            }\n        }\n\n        while (k--) {\n            cin >> req;\n            if (req) {\n                cin >> c >> d >> e;\n                if (e < map[c][d]) map[c][d] = map[d][c] = e;\n            } else {\n                cin >> a >> b;\n                if ((ans = dik(a, b)) != MAX) cout << ans << endl;\n                else cout << "-1" << endl;\n            }\n        }\n    }\n    return 0;\n}')"
2025-01-24 22:14:45,617	[DEBUG]	EXEC>  SUCCESS 2672277.875
2025-01-24 22:14:45,618	[INFO]	0-3     SUCCESS              *2672277.88 (68.45%) [1 edit(s)]  
2025-01-24 22:14:45,618	[DEBUG]	patch(0-3)="LineLLMMutation(('source.cpp', 2), '#include <iostream>\n#include <vector>\n#include <queue>\nusing namespace std;\n\nconst int MAX = 100000000;\nconst int Is = 110;\n\nint n, k, req, a, b, c, d, e, i, j, map[Is][Is], ans;\n\nint dik(int s, int g) {\n    vector<int> cost(Is, MAX);\n    vector<bool> visited(Is, false);\n    cost[s] = 0;\n\n    priority_queue<pair<int, int>, vector<pair<int, int>>, greater<pair<int, int>>> pq;\n    pq.push({0, s});\n\n    while (!pq.empty()) {\n        auto [current_cost, current_node] = pq.top();\n        pq.pop();\n        \n        if (visited[current_node]) continue;\n        visited[current_node] = true;\n\n        for (j = 0; j < Is; j++) {\n            if (map[current_node][j] != MAX && !visited[j]) {\n                if (cost[j] > current_cost + map[current_node][j]) {\n                    cost[j] = current_cost + map[current_node][j];\n                    pq.push({cost[j], j});\n                }\n            }\n        }\n    }\n    return cost[g];\n}\n\nint main() {\n    while (cin >> n >> k, n != 0 || k != 0) {\n        for (i = 0; i < Is; i++) {\n            for (j = 0; j < Is; j++) {\n                map[i][j] = MAX;\n            }\n        }\n\n        while (k--) {\n            cin >> req;\n            if (req) {\n                cin >> c >> d >> e;\n                if (e < map[c][d]) map[c][d] = map[d][c] = e;\n            } else {\n                cin >> a >> b;\n                if ((ans = dik(a, b)) != MAX) cout << ans << endl;\n                else cout << "-1" << endl;\n            }\n        }\n    }\n    return 0;\n}')"

2025-01-24 22:14:47,315	[DEBUG]	EXEC>  SUCCESS 3344557.1875
2025-01-24 22:14:47,316	[INFO]	0-4     SUCCESS               3344557.19 (85.67%) [1 edit(s)]  
2025-01-24 22:14:47,316	[DEBUG]	patch(0-4)="LineLLMMutation(('source.cpp', 3), '#include <iostream>\n#include <vector>\n#include <limits>\nusing namespace std;\n\nconst int MAX = 100000000;\nconst int Is = 110;\n\nint n, k, req, a, b, c, d, e, ans;\n\nint dik(int s, int g, const vector<vector<int>>& map) {\n    vector<int> cost(Is, MAX);\n    vector<bool> visited(Is, false);\n    cost[s] = 0;\n\n    for (int i = 0; i < Is; i++) {\n        int min_cost = MAX + 1, min_index = -1;\n        for (int j = 0; j < Is; j++) {\n            if (!visited[j] && cost[j] < min_cost) {\n                min_cost = cost[j];\n                min_index = j;\n            }\n        }\n        if (min_index == -1) break;\n        visited[min_index] = true;\n\n        for (int j = 0; j < Is; j++) {\n            if (map[min_index][j] != MAX && cost[j] > cost[min_index] + map[min_index][j]) {\n                cost[j] = cost[min_index] + map[min_index][j];\n            }\n        }\n    }\n    return cost[g];\n}\n\nint main() {\n    while (cin >> n >> k, n != 0 || k != 0) {\n        vector<vector<int>> map(Is, vector<int>(Is, MAX));\n\n        while (k--) {\n            cin >> req;\n            if (req) {\n                cin >> c >> d >> e;\n                if (e < map[c][d]) map[c][d] = map[d][c] = e;\n            } else {\n                cin >> a >> b;\n                if ((ans = dik(a, b, map)) != MAX) cout << ans << endl;\n                else cout << "-1" << endl;\n            }\n        }\n    }\n    return 0;\n}')"
2025-01-24 22:14:49,075	[DEBUG]	EXEC>  SUCCESS 2675713.3125
2025-01-24 22:14:49,075	[INFO]	0-5     SUCCESS               2675713.31 (68.54%) [1 edit(s)]  
2025-01-24 22:14:49,075	[DEBUG]	patch(0-5)="LineLLMMutation(('source.cpp', 4), '#include <iostream>\n#include <vector>\n#include <limits>\nusing namespace std;\n\nconst int MAX = 100000000;\nconst int Is = 110;\n\nint dik(int s, int g, int n, const vector<vector<int>>& map) {\n    vector<int> cost(Is, MAX);\n    vector<bool> visited(Is, false);\n    cost[s] = 0;\n\n    for (int i = 0; i < n; i++) {\n        int min_cost = MAX + 1, min_index = -1;\n        for (int j = 0; j < Is; j++) {\n            if (!visited[j] && cost[j] < min_cost) {\n                min_cost = cost[j];\n                min_index = j;\n            }\n        }\n        if (min_index == -1) break;\n        visited[min_index] = true;\n\n        for (int j = 0; j < Is; j++) {\n            if (map[min_index][j] != MAX && cost[j] > cost[min_index] + map[min_index][j]) {\n                cost[j] = cost[min_index] + map[min_index][j];\n            }\n        }\n    }\n    return cost[g];\n}\n\nint main() {\n    int n, k, req, a, b, c, d, e, ans;\n    while (cin >> n >> k, n != 0 || k != 0) {\n        vector<vector<int>> map(Is, vector<int>(Is, MAX));\n        \n        while (k--) {\n            cin >> req;\n            if (req) {\n                cin >> c >> d >> e;\n                if (e < map[c][d]) map[c][d] = map[d][c] = e;\n            } else {\n                cin >> a >> b;\n                if ((ans = dik(a, b, n, map)) != MAX) cout << ans << endl;\n                else cout << "-1" << endl;\n            }\n        }\n    }\n    return 0;\n}')"
2025-01-24 22:14:52,957	[INFO]	0-6     TEST_CODE_ERROR       None (--) [1 edit(s)]  
2025-01-24 22:14:52,957	[DEBUG]	patch(0-6)="LineLLMMutation(('source.cpp', 5), '#include <iostream>\n#include <unordered_map>\n#include <vector>\n#include <limits>\nusing namespace std;\n\nconst int MAX = 100000000;\nconst int Is = 110;\n\nint dik(int s, int g, const unordered_map<int, unordered_map<int, int>>& map) {\n    vector<int> cost(Is, MAX);\n    vector<bool> visited(Is, false);\n    cost[s] = 0;\n\n    for (int i = 0; i < Is; i++) {\n        int min_cost = MAX + 1, min_index = -1;\n        for (int j = 0; j < Is; j++) {\n            if (!visited[j] && cost[j] < min_cost) {\n                min_cost = cost[j];\n                min_index = j;\n            }\n        }\n        if (min_index == -1) break;\n        visited[min_index] = true;\n\n        for (const auto& neighbor : map.at(min_index)) {\n            if (cost[neighbor.first] > cost[min_index] + neighbor.second) {\n                cost[neighbor.first] = cost[min_index] + neighbor.second;\n            }\n        }\n    }\n    return cost[g];\n}\n\nint main() {\n    int n, k, req, a, b, c, d, e, ans;\n    while (cin >> n >> k, n != 0 || k != 0) {\n        unordered_map<int, unordered_map<int, int>> map;\n\n        while (k--) {\n            cin >> req;\n            if (req) {\n                cin >> c >> d >> e;\n                if (e < map[c][d]) map[c][d] = map[d][c] = e;\n            } else {\n                cin >> a >> b;\n                if ((ans = dik(a, b, map)) != MAX) cout << ans << endl;\n                else cout << "-1" << endl;\n            }\n        }\n    }\n    return 0;\n}')"
2025-01-24 22:14:54,745	[DEBUG]	EXEC>  SUCCESS 3467379.3125
2025-01-24 22:14:54,745	[INFO]	0-7     SUCCESS               3467379.31 (88.82%) [1 edit(s)]  
2025-01-24 22:14:54,745	[DEBUG]	patch(0-7)="LineLLMMutation(('source.cpp', 6), '#include <iostream>\n#include <vector>\n#include <cstdio>\n#include <limits>\nusing namespace std;\n\nconst int MAX = 100000000;\nconst int Is = 110;\n\nint dik(int s, int g, const vector<vector<int>>& map) {\n    vector<int> cost(Is, MAX);\n    vector<bool> visited(Is, false);\n    cost[s] = 0;\n\n    for (int i = 0; i < Is; i++) {\n        int min_cost = MAX + 1, min_index = -1;\n        for (int j = 0; j < Is; j++) {\n            if (!visited[j] && cost[j] < min_cost) {\n                min_cost = cost[j];\n                min_index = j;\n            }\n        }\n        if (min_index == -1) break;\n        visited[min_index] = true;\n\n        for (int j = 0; j < Is; j++) {\n            if (map[min_index][j] != MAX && cost[j] > cost[min_index] + map[min_index][j]) {\n                cost[j] = cost[min_index] + map[min_index][j];\n            }\n        }\n    }\n    return cost[g];\n}\n\nint main() {\n    int n, k, req, a, b, c, d, e, ans;\n    while (scanf("%d %d", &n, &k), n != 0 || k != 0) {\n        vector<vector<int>> map(Is, vector<int>(Is, MAX));\n\n        while (k--) {\n            scanf("%d", &req);\n            if (req) {\n                scanf("%d %d %d", &c, &d, &e);\n                if (e < map[c][d]) map[c][d] = map[d][c] = e;\n            } else {\n                scanf("%d %d", &a, &b);\n                if ((ans = dik(a, b, map)) != MAX) printf("%d\\n", ans);\n                else printf("-1\\n");\n            }\n        }\n    }\n    return 0;\n}')"
2025-01-24 22:14:56,422	[DEBUG]	EXEC>  SUCCESS 2582571.125
2025-01-24 22:14:56,422	[INFO]	0-8     SUCCESS              *2582571.12 (66.16%) [1 edit(s)]  
2025-01-24 22:14:56,422	[DEBUG]	patch(0-8)="LineLLMMutation(('source.cpp', 7), '#include <iostream>\n#include <vector>\n#include <cstdio>\n#include <limits>\nusing namespace std;\n\nconst int MAX = 100000000;\nconst int Is = 110;\n\nint dik(int s, int g, int n, const vector<vector<int>>& map) {\n    vector<int> cost(Is, MAX);\n    vector<bool> visited(Is, false);\n    cost[s] = 0;\n\n    for (int i = 0; i < n; i++) {\n        int min_cost = MAX + 1, min_index = -1;\n        for (int j = 0; j < Is; j++) {\n            if (!visited[j] && cost[j] < min_cost) {\n                min_cost = cost[j];\n                min_index = j;\n            }\n        }\n        if (min_index == -1) break;\n        visited[min_index] = true;\n\n        for (int j = 0; j < Is; j++) {\n            if (map[min_index][j] != MAX && cost[j] > cost[min_index] + map[min_index][j]) {\n                cost[j] = cost[min_index] + map[min_index][j];\n            }\n        }\n    }\n    return cost[g];\n}\n\nint main() {\n    int n, k, req, a, b, c, d, e, ans;\n    while (scanf("%d %d", &n, &k), n != 0 || k != 0) {\n        vector<vector<int>> map(Is, vector<int>(Is, MAX));\n        \n        while (k--) {\n            scanf("%d", &req);\n            if (req) {\n                scanf("%d %d %d", &c, &d, &e);\n                if (e < map[c][d]) map[c][d] = map[d][c] = e;\n            } else {\n                scanf("%d %d", &a, &b);\n                if ((ans = dik(a, b, n, map)) != MAX) printf("%d\\n", ans);\n                else printf("-1\\n");\n            }\n        }\n    }\n    return 0;\n}')"

2025-01-24 22:14:58,195	[DEBUG]	EXEC>  SUCCESS 2954833.5
2025-01-24 22:14:58,195	[INFO]	0-9     SUCCESS               2954833.50 (75.69%) [1 edit(s)]  
2025-01-24 22:14:58,195	[DEBUG]	patch(0-9)="LineLLMMutation(('source.cpp', 8), '#include <iostream>\n#include <vector>\n#include <cstdio>\n#include <limits>\nusing namespace std;\n\nconst int MAX = 100000000;\nconst int Is = 110;\n\nint dik(int s, int g, const vector<vector<int>>& map) {\n    vector<int> cost(Is, MAX);\n    vector<bool> visited(Is, false);\n    cost[s] = 0;\n\n    for (int i = 0; i < Is; i++) {\n        int min_cost = MAX + 1, min_index = -1;\n        for (int j = 0; j < Is; j++) {\n            if (!visited[j] && cost[j] < min_cost) {\n                min_cost = cost[j];\n                min_index = j;\n            }\n        }\n        if (min_index == -1) break;\n        visited[min_index] = true;\n\n        if (min_index == g) return cost[g]; // Early exit if destination reached\n\n        for (int j = 0; j < Is; j++) {\n            if (map[min_index][j] != MAX && cost[j] > cost[min_index] + map[min_index][j]) {\n                cost[j] = cost[min_index] + map[min_index][j];\n            }\n        }\n    }\n    return cost[g];\n}\n\nint main() {\n    int n, k, req, a, b, c, d, e, ans;\n    while (scanf("%d %d", &n, &k), n != 0 || k != 0) {\n        vector<vector<int>> map(Is, vector<int>(Is, MAX));\n        \n        while (k--) {\n            scanf("%d", &req);\n            if (req) {\n                scanf("%d %d %d", &c, &d, &e);\n                if (e < map[c][d]) map[c][d] = map[d][c] = e;\n            } else {\n                scanf("%d %d", &a, &b);\n                if ((ans = dik(a, b, map)) != MAX) printf("%d\\n", ans);\n                else printf("-1\\n");\n            }\n        }\n    }\n    return 0;\n}')"
2025-01-24 22:14:59,849	[INFO]	0-10    TEST_CODE_ERROR       None (--) [1 edit(s)]  
2025-01-24 22:14:59,849	[DEBUG]	patch(0-10)="LineLLMMutation(('source.cpp', 9), '#include <iostream>\n#include <vector>\n#include <unordered_map>\n#include <cstdio>\n#include <limits>\nusing namespace std;\n\nconst int MAX = 100000000;\nconst int Is = 110;\n\nunordered_map<int, vector<int>> cache;\n\nint dik(int s, int g, const vector<vector<int>>& map) {\n    if (cache.find(s) != cache.end() && cache[s][g] != MAX) return cache[s][g];\n\n    vector<int> cost(Is, MAX);\n    vector<bool> visited(Is, false);\n    cost[s] = 0;\n\n    for (int i = 0; i < Is; i++) {\n        int min_cost = MAX + 1, min_index = -1;\n        for (int j = 0; j < Is; j++) {\n            if (!visited[j] && cost[j] < min_cost) {\n                min_cost = cost[j];\n                min_index = j;\n            }\n        }\n        if (min_index == -1) break;\n        visited[min_index] = true;\n\n        for (int j = 0; j < Is; j++) {\n            if (map[min_index][j] != MAX && cost[j] > cost[min_index] + map[min_index][j]) {\n                cost[j] = cost[min_index] + map[min_index][j];\n            }\n        }\n    }\n    cache[s] = cost;\n    return cost[g];\n}\n\nint main() {\n    int n, k, req, a, b, c, d, e, ans;\n    while (scanf("%d %d", &n, &k), n != 0 || k != 0) {\n        vector<vector<int>> map(Is, vector<int>(Is, MAX));\n        \n        while (k--) {\n            scanf("%d", &req);\n            if (req) {\n                scanf("%d %d %d", &c, &d, &e);\n                if (e < map[c][d]) map[c][d] = map[d][c] = e;\n            } else {\n                scanf("%d %d", &a, &b);\n                if ((ans = dik(a, b, map)) != MAX) printf("%d\\n", ans);\n                else printf("-1\\n");\n            }\n        }\n    }\n    return 0;\n}')"
2025-01-24 22:15:00,850	[INFO]	Step: 10
2025-01-24 22:15:00,850	[INFO]	Stop Steps: 100
2025-01-24 22:15:02,635	[DEBUG]	EXEC>  SUCCESS 3404556.25
2025-01-24 22:15:02,635	[INFO]	REF     SUCCESS               3404556.25 (--) [0 edit(s)]  
2025-01-24 22:15:02,635	[INFO]	Best patch: 7
2025-01-24 22:15:03,307	[DEBUG]	EXEC>  SUCCESS 2552634.25
2025-01-24 22:15:03,307	[INFO]	BEST    SUCCESS              *2552634.25 (74.98%) [0 edit(s)]  
2025-01-24 22:15:03,307	[INFO]	Best patch step: 7
2025-01-24 22:16:08,708	[INFO]	Step: 10
2025-01-24 22:16:08,709	[INFO]	Stop Steps: 100
2025-01-24 22:16:09,509	[DEBUG]	EXEC>  SUCCESS 2833457.4375
2025-01-24 22:16:09,510	[INFO]	1-1     SUCCESS              +2833457.44 (83.23%) [1 edit(s)]  
2025-01-24 22:16:09,510	[DEBUG]	patch(1-1)="LineLLMMutation(('source.cpp', 7), '#include <iostream>\n#include <vector>\n#include <cstdio>\n#include <limits>\nusing namespace std;\n\nconst int MAX = 100000000;\nconst int Is = 110;\n\nint dik(int s, int g, int n, const vector<vector<int>>& map) {\n    vector<int> cost(Is, MAX);\n    vector<bool> visited(Is, false);\n    cost[s] = 0;\n\n    for (int i = 0; i < n; i++) {\n        int min_cost = MAX + 1, min_index = -1;\n        for (int j = 0; j < Is; j++) {\n            if (!visited[j] && cost[j] < min_cost) {\n                min_cost = cost[j];\n                min_index = j;\n            }\n        }\n        if (min_index == -1) break;\n        visited[min_index] = true;\n\n        for (int j = 0; j < Is; j++) {\n            if (map[min_index][j] != MAX && cost[j] > cost[min_index] + map[min_index][j]) {\n                cost[j] = cost[min_index] + map[min_index][j];\n            }\n        }\n    }\n    return cost[g];\n}\n\nint main() {\n    int n, k, req, a, b, c, d, e, ans;\n    while (scanf("%d %d", &n, &k), n != 0 || k != 0) {\n        vector<vector<int>> map(Is, vector<int>(Is, MAX));\n        \n        while (k--) {\n            scanf("%d", &req);\n            if (req) {\n                scanf("%d %d %d", &c, &d, &e);\n                if (e < map[c][d]) map[c][d] = map[d][c] = e;\n            } else {\n                scanf("%d %d", &a, &b);\n                if ((ans = dik(a, b, n, map)) != MAX) printf("%d\\n", ans);\n                else printf("-1\\n");\n            }\n        }\n    }\n    return 0;\n}')"
2025-01-24 22:16:09,510	[INFO]	Step: 11
2025-01-24 22:16:09,510	[INFO]	Stop Steps: 100
2025-01-24 22:16:10,312	[DEBUG]	EXEC>  SUCCESS 2768816.75
2025-01-24 22:16:10,312	[INFO]	1-2     SUCCESS              +2768816.75 (81.33%) [1 edit(s)]  
2025-01-24 22:16:10,312	[DEBUG]	patch(1-2)="LineLLMMutation(('source.cpp', 2), '#include <iostream>\n#include <vector>\n#include <queue>\nusing namespace std;\n\nconst int MAX = 100000000;\nconst int Is = 110;\n\nint n, k, req, a, b, c, d, e, i, j, map[Is][Is], ans;\n\nint dik(int s, int g) {\n    vector<int> cost(Is, MAX);\n    vector<bool> visited(Is, false);\n    cost[s] = 0;\n\n    priority_queue<pair<int, int>, vector<pair<int, int>>, greater<pair<int, int>>> pq;\n    pq.push({0, s});\n\n    while (!pq.empty()) {\n        auto [current_cost, current_node] = pq.top();\n        pq.pop();\n        \n        if (visited[current_node]) continue;\n        visited[current_node] = true;\n\n        for (j = 0; j < Is; j++) {\n            if (map[current_node][j] != MAX && !visited[j]) {\n                if (cost[j] > current_cost + map[current_node][j]) {\n                    cost[j] = current_cost + map[current_node][j];\n                    pq.push({cost[j], j});\n                }\n            }\n        }\n    }\n    return cost[g];\n}\n\nint main() {\n    while (cin >> n >> k, n != 0 || k != 0) {\n        for (i = 0; i < Is; i++) {\n            for (j = 0; j < Is; j++) {\n                map[i][j] = MAX;\n            }\n        }\n\n        while (k--) {\n            cin >> req;\n            if (req) {\n                cin >> c >> d >> e;\n                if (e < map[c][d]) map[c][d] = map[d][c] = e;\n            } else {\n                cin >> a >> b;\n                if ((ans = dik(a, b)) != MAX) cout << ans << endl;\n                else cout << "-1" << endl;\n            }\n        }\n    }\n    return 0;\n}')"
2025-01-24 22:16:10,312	[INFO]	Step: 12
2025-01-24 22:16:10,312	[INFO]	Stop Steps: 100
2025-01-24 22:16:11,010	[DEBUG]	EXEC>  SUCCESS 2658777.1875
2025-01-24 22:16:11,010	[INFO]	1-3     SUCCESS              +2658777.19 (78.09%) [1 edit(s)]  
2025-01-24 22:16:11,010	[DEBUG]	patch(1-3)="LineLLMCrossover(('source.cpp', 0), '#include <iostream>\n#include <vector>\n#include <cstdio>\n#include <limits>\nusing namespace std;\n\nconst int MAX = 100000000;\nconst int Is = 110;\n\nint dik(int s, int g, int n, const vector<vector<int>>& map) {\n    vector<int> cost(Is, MAX);\n    vector<bool> visited(Is, false);\n    cost[s] = 0;\n\n    for (int i = 0; i < n; i++) {\n        int min_cost = MAX + 1, min_index = -1;\n        for (int j = 0; j < Is; j++) {\n            if (!visited[j] && cost[j] < min_cost) {\n                min_cost = cost[j];\n                min_index = j;\n            }\n        }\n        if (min_index == -1) break;\n        visited[min_index] = true;\n\n        for (int j = 0; j < Is; j++) {\n            if (map[min_index][j] != MAX && cost[j] > cost[min_index] + map[min_index][j]) {\n                cost[j] = cost[min_index] + map[min_index][j];\n            }\n        }\n    }\n    return cost[g];\n}\n\nint main() {\n    int n, k, req, a, b, c, d, e, ans;\n    while (cin >> n >> k, n != 0 || k != 0) {\n        vector<vector<int>> map(Is, vector<int>(Is, MAX));\n        \n        while (k--) {\n            cin >> req;\n            if (req) {\n                cin >> c >> d >> e;\n                if (e < map[c][d]) map[c][d] = map[d][c] = e;\n            } else {\n                cin >> a >> b;\n                if ((ans = dik(a, b, n, map)) != MAX) cout << ans << endl;\n                else cout << "-1" << endl;\n            }\n        }\n    }\n    return 0;\n}')"
2025-01-24 22:16:11,010	[INFO]	Step: 13
2025-01-24 22:16:11,010	[INFO]	Stop Steps: 100
2025-01-24 22:16:11,678	[DEBUG]	EXEC>  SUCCESS 2647255.0
2025-01-24 22:16:11,679	[INFO]	1-4     SUCCESS              +2647255.00 (77.76%) [1 edit(s)]  
2025-01-24 22:16:11,679	[DEBUG]	patch(1-4)="LineLLMCrossover(('source.cpp', 1), '#include <iostream>\n#include <vector>\n#include <limits>\nusing namespace std;\n\nconst int MAX = 100000000;\nconst int Is = 110;\n\nint dik(int s, int g, const vector<vector<int>>& map) {\n    vector<int> cost(Is, MAX);\n    vector<bool> visited(Is, false);\n    cost[s] = 0;\n\n    for (int i = 0; i < Is; i++) {\n        int min_cost = MAX + 1, min_index = -1;\n        for (int j = 0; j < Is; j++) {\n            if (!visited[j] && cost[j] < min_cost) {\n                min_cost = cost[j];\n                min_index = j;\n            }\n        }\n        if (min_index == -1) break;\n        visited[min_index] = true;\n\n        if (min_index == g) return cost[g]; // Early exit if destination reached\n\n        for (int j = 0; j < Is; j++) {\n            if (map[min_index][j] != MAX && cost[j] > cost[min_index] + map[min_index][j]) {\n                cost[j] = cost[min_index] + map[min_index][j];\n            }\n        }\n    }\n    return cost[g];\n}\n\nint main() {\n    int n, k, req, a, b, c, d, e, ans;\n    while (cin >> n >> k, n != 0 || k != 0) {\n        vector<vector<int>> map(Is, vector<int>(Is, MAX));\n        \n        while (k--) {\n            cin >> req;\n            if (req) {\n                cin >> c >> d >> e;\n                if (e < map[c][d]) map[c][d] = map[d][c] = e;\n            } else {\n                cin >> a >> b;\n                if ((ans = dik(a, b, map)) != MAX) cout << ans << endl;\n                else cout << "-1" << endl;\n            }\n        }\n    }\n    return 0;\n}')"
2025-01-24 22:16:11,679	[INFO]	Step: 14
2025-01-24 22:16:11,679	[INFO]	Stop Steps: 100
2025-01-24 22:16:11,992	[INFO]	1-5     COMPILE_CODE_ERROR    None (--) [1 edit(s)]  
2025-01-24 22:16:11,992	[DEBUG]	patch(1-5)="LineLLMCrossover(('source.cpp', 2), '#include <iostream>\n#include <vector>\n#include <cstdio>\n#include <limits>\nusing namespace std;\n\nconst int MAX = 100000000;\nconst int Is = 110;\n\nint dik(int s, int g) {\n    vector<int> cost(Is, MAX);\n    vector<bool> visited(Is, false);\n    cost[s] = 0;\n\n    priority_queue<pair<int, int>, vector<pair<int, int>>, greater<pair<int, int>>> pq;\n    pq.push({0, s});\n    \n    while (!pq.empty()) {\n        auto [current_cost, current_node] = pq.top();\n        pq.pop();\n        \n        if (visited[current_node]) continue;\n        visited[current_node] = true;\n\n        for (int j = 0; j < Is; j++) {\n            if (map[current_node][j] != MAX && !visited[j]) {\n                if (cost[j] > current_cost + map[current_node][j]) {\n                    cost[j] = current_cost + map[current_node][j];\n                    pq.push({cost[j], j});\n                }\n            }\n        }\n    }\n    return cost[g];\n}\n\nint main() {\n    int n, k, req, a, b, c, d, e, ans;\n    while (scanf("%d %d", &n, &k), n != 0 || k != 0) {\n        vector<vector<int>> map(Is, vector<int>(Is, MAX));\n        \n        while (k--) {\n            scanf("%d", &req);\n            if (req) {\n                scanf("%d %d %d", &c, &d, &e);\n                if (e < map[c][d]) map[c][d] = map[d][c] = e;\n            } else {\n                scanf("%d %d", &a, &b);\n                if ((ans = dik(a, b)) != MAX) printf("%d\\n", ans);\n                else printf("-1\\n");\n            }\n        }\n    }\n    return 0;\n}')"
2025-01-24 22:16:11,992	[INFO]	Step: 15
2025-01-24 22:16:11,992	[INFO]	Stop Steps: 100
2025-01-24 22:16:12,682	[DEBUG]	EXEC>  SUCCESS 3172858.0
2025-01-24 22:16:12,682	[INFO]	1-6     SUCCESS               3172858.00 (93.19%) [1 edit(s)]  
2025-01-24 22:16:12,682	[DEBUG]	patch(1-6)="LineLLMCrossover(('source.cpp', 3), '#include <iostream>\n#include <vector>\n#include <cstdio>\n#include <limits>\nusing namespace std;\n\nconst int MAX = 100000000;\nconst int Is = 110;\n\nint dik(int s, int g, int n, const vector<vector<int>>& map) {\n    vector<int> cost(Is, MAX);\n    vector<bool> visited(Is, false);\n    cost[s] = 0;\n\n    for (int i = 0; i < n; i++) {\n        int min_cost = MAX + 1, min_index = -1;\n        for (int j = 0; j < Is; j++) {\n            if (!visited[j] && cost[j] < min_cost) {\n                min_cost = cost[j];\n                min_index = j;\n            }\n        }\n        if (min_index == -1) break;\n        visited[min_index] = true;\n\n        for (int j = 0; j < Is; j++) {\n            if (map[min_index][j] != MAX && cost[j] > cost[min_index] + map[min_index][j]) {\n                cost[j] = cost[min_index] + map[min_index][j];\n            }\n        }\n    }\n    return cost[g];\n}\n\nint main() {\n    int n, k, req, a, b, c, d, e, ans;\n    while (scanf("%d %d", &n, &k), n != 0 || k != 0) {\n        vector<vector<int>> map(Is, vector<int>(Is, MAX));\n        \n        while (k--) {\n            scanf("%d", &req);\n            if (req) {\n                scanf("%d %d %d", &c, &d, &e);\n                if (e < map[c][d]) map[c][d] = map[d][c] = e;\n            } else {\n                scanf("%d %d", &a, &b);\n                if ((ans = dik(a, b, n, map)) != MAX) printf("%d\\n", ans);\n                else printf("-1\\n");\n            }\n        }\n    }\n    return 0;\n}')"
2025-01-24 22:16:12,682	[INFO]	Step: 16
2025-01-24 22:16:12,682	[INFO]	Stop Steps: 100
2025-01-24 22:16:12,956	[INFO]	1-7     COMPILE_CODE_ERROR    None (--) [2 edit(s)]  
2025-01-24 22:16:12,956	[DEBUG]	patch(1-7)="LineLLMMutation(('source.cpp', 7), '#include <iostream>\n#include <vector>\n#include <cstdio>\n#include <limits>\nusing namespace std;\n\nconst int MAX = 100000000;\nconst int Is = 110;\n\nint dik(int s, int g, int n, const vector<vector<int>>& map) {\n    vector<int> cost(Is, MAX);\n    vector<bool> visited(Is, false);\n    cost[s] = 0;\n\n    for (int i = 0; i < n; i++) {\n        int min_cost = MAX + 1, min_index = -1;\n        for (int j = 0; j < Is; j++) {\n            if (!visited[j] && cost[j] < min_cost) {\n                min_cost = cost[j];\n                min_index = j;\n            }\n        }\n        if (min_index == -1) break;\n        visited[min_index] = true;\n\n        for (int j = 0; j < Is; j++) {\n            if (map[min_index][j] != MAX && cost[j] > cost[min_index] + map[min_index][j]) {\n                cost[j] = cost[min_index] + map[min_index][j];\n            }\n        }\n    }\n    return cost[g];\n}\n\nint main() {\n    int n, k, req, a, b, c, d, e, ans;\n    while (scanf("%d %d", &n, &k), n != 0 || k != 0) {\n        vector<vector<int>> map(Is, vector<int>(Is, MAX));\n        \n        while (k--) {\n            scanf("%d", &req);\n            if (req) {\n                scanf("%d %d %d", &c, &d, &e);\n                if (e < map[c][d]) map[c][d] = map[d][c] = e;\n            } else {\n                scanf("%d %d", &a, &b);\n                if ((ans = dik(a, b, n, map)) != MAX) printf("%d\\n", ans);\n                else printf("-1\\n");\n            }\n        }\n    }\n    return 0;\n}') | LineLLMMutation(('source.cpp', 10), '#include <iostream>\n#include <vector>\n#include <cstdio>\n#include <limits>\nusing namespace std;\n\nconst int MAX = 100000000;\nconst int Is = 110;\n\nint dik(int s, int g, int n, const vector<vector<int>>& map) {\n    vector<int> cost(Is, MAX);\n    vector<bool> visited(Is, false);\n    cost[s] = 0;\n\n    for (int i = 0; i < n; i++) {\n        int min_cost = MAX + 1, min_index = -1;\n        for (int j = 0; j < Is; j++) {\n            if (!visited[j] && cost[j] < min_cost) {\n                min_cost = cost[j];\n                min_index = j;\n            }\n        }\n        if (min_index == -1) break;\n        visited[min_index] = true;\n\n        for (int j = 0; j < Is; j++) {\n            if (map[min_index][j] != MAX && cost[j] > cost[min_index] + map[min_index][j]) {\n                cost[j] = cost[min_index] + map[min_index][j];\n            }\n        }\n    }\n    return cost[g];\n}\n\nint main() {\n    int n, k, req, a, b, c, d, e, ans;\n    while (scanf("%d %d", &n, &k), n != 0 || k != 0) {\n        int map[Is][Is];\n        fill(&map[0][0], &map[0][0] + sizeof(map) / sizeof(int), MAX); // Optimize initialization\n        \n        while (k--) {\n            scanf("%d", &req);\n            if (req) {\n                scanf("%d %d %d", &c, &d, &e);\n                if (e < map[c][d]) map[c][d] = map[d][c] = e;\n            } else {\n                scanf("%d %d", &a, &b);\n                if ((ans = dik(a, b, n, map)) != MAX) printf("%d\\n", ans);\n                else printf("-1\\n");\n            }\n        }\n    }\n    return 0;\n}')"
2025-01-24 22:16:12,956	[INFO]	Step: 17
2025-01-24 22:16:12,956	[INFO]	Stop Steps: 100
2025-01-24 22:16:13,561	[INFO]	1-8     TEST_CODE_ERROR       None (--) [2 edit(s)]  
2025-01-24 22:16:13,562	[DEBUG]	patch(1-8)="LineLLMMutation(('source.cpp', 2), '#include <iostream>\n#include <vector>\n#include <queue>\nusing namespace std;\n\nconst int MAX = 100000000;\nconst int Is = 110;\n\nint n, k, req, a, b, c, d, e, i, j, map[Is][Is], ans;\n\nint dik(int s, int g) {\n    vector<int> cost(Is, MAX);\n    vector<bool> visited(Is, false);\n    cost[s] = 0;\n\n    priority_queue<pair<int, int>, vector<pair<int, int>>, greater<pair<int, int>>> pq;\n    pq.push({0, s});\n\n    while (!pq.empty()) {\n        auto [current_cost, current_node] = pq.top();\n        pq.pop();\n        \n        if (visited[current_node]) continue;\n        visited[current_node] = true;\n\n        for (j = 0; j < Is; j++) {\n            if (map[current_node][j] != MAX && !visited[j]) {\n                if (cost[j] > current_cost + map[current_node][j]) {\n                    cost[j] = current_cost + map[current_node][j];\n                    pq.push({cost[j], j});\n                }\n            }\n        }\n    }\n    return cost[g];\n}\n\nint main() {\n    while (cin >> n >> k, n != 0 || k != 0) {\n        for (i = 0; i < Is; i++) {\n            for (j = 0; j < Is; j++) {\n                map[i][j] = MAX;\n            }\n        }\n\n        while (k--) {\n            cin >> req;\n            if (req) {\n                cin >> c >> d >> e;\n                if (e < map[c][d]) map[c][d] = map[d][c] = e;\n            } else {\n                cin >> a >> b;\n                if ((ans = dik(a, b)) != MAX) cout << ans << endl;\n                else cout << "-1" << endl;\n            }\n        }\n    }\n    return 0;\n}') | LineLLMMutation(('source.cpp', 11), '#include <iostream>\n#include <vector>\n#include <queue>\n#include <limits>\nusing namespace std;\n\nconst int MAX = numeric_limits<int>::max();\nconst int Is = 110;\n\nint n, k, req, a, b, c, d, e, i, j, ans;\nvector<vector<int>> map(Is, vector<int>(Is, MAX));\n\nint dik(int s, int g) {\n    vector<int> cost(Is, MAX);\n    vector<bool> visited(Is, false);\n    cost[s] = 0;\n\n    priority_queue<pair<int, int>, vector<pair<int, int>>, greater<pair<int, int>>> pq;\n    pq.push({0, s});\n\n    while (!pq.empty()) {\n        auto [current_cost, current_node] = pq.top();\n        pq.pop();\n        \n        if (visited[current_node]) continue;\n        visited[current_node] = true;\n\n        for (j = 0; j < Is; j++) {\n            if (map[current_node][j] != MAX && !visited[j]) {\n                if (cost[j] > current_cost + map[current_node][j]) {\n                    cost[j] = current_cost + map[current_node][j];\n                    pq.push({cost[j], j});\n                }\n            }\n        }\n    }\n    return cost[g];\n}\n\nint main() {\n    while (cin >> n >> k, n != 0 || k != 0) {\n        for (i = 0; i < Is; i++) {\n            fill(map[i].begin(), map[i].end(), MAX);\n        }\n\n        while (k--) {\n            cin >> req;\n            if (req) {\n                cin >> c >> d >> e;\n                if (e < map[c][d]) map[c][d] = map[d][c] = e;\n            } else {\n                if ((ans = dik(a, b)) != MAX) cout << ans << endl;\n                else cout << "-1" << endl;\n            }\n        }\n    }\n    return 0;\n}')"
2025-01-24 22:16:13,562	[INFO]	Step: 18
2025-01-24 22:16:13,562	[INFO]	Stop Steps: 100
2025-01-24 22:16:14,040	[INFO]	1-9     TEST_CODE_ERROR       None (--) [2 edit(s)]  
2025-01-24 22:16:14,040	[DEBUG]	patch(1-9)="LineLLMMutation(('source.cpp', 4), '#include <iostream>\n#include <vector>\n#include <limits>\nusing namespace std;\n\nconst int MAX = 100000000;\nconst int Is = 110;\n\nint dik(int s, int g, int n, const vector<vector<int>>& map) {\n    vector<int> cost(Is, MAX);\n    vector<bool> visited(Is, false);\n    cost[s] = 0;\n\n    for (int i = 0; i < n; i++) {\n        int min_cost = MAX + 1, min_index = -1;\n        for (int j = 0; j < Is; j++) {\n            if (!visited[j] && cost[j] < min_cost) {\n                min_cost = cost[j];\n                min_index = j;\n            }\n        }\n        if (min_index == -1) break;\n        visited[min_index] = true;\n\n        for (int j = 0; j < Is; j++) {\n            if (map[min_index][j] != MAX && cost[j] > cost[min_index] + map[min_index][j]) {\n                cost[j] = cost[min_index] + map[min_index][j];\n            }\n        }\n    }\n    return cost[g];\n}\n\nint main() {\n    int n, k, req, a, b, c, d, e, ans;\n    while (cin >> n >> k, n != 0 || k != 0) {\n        vector<vector<int>> map(Is, vector<int>(Is, MAX));\n        \n        while (k--) {\n            cin >> req;\n            if (req) {\n                cin >> c >> d >> e;\n                if (e < map[c][d]) map[c][d] = map[d][c] = e;\n            } else {\n                cin >> a >> b;\n                if ((ans = dik(a, b, n, map)) != MAX) cout << ans << endl;\n                else cout << "-1" << endl;\n            }\n        }\n    }\n    return 0;\n}') | LineLLMMutation(('source.cpp', 12), '#include <iostream>\n#include <vector>\n#include <limits>\n#include <array>\nusing namespace std;\n\nconst int MAX = 100000000;\nconst int Is = 110;\n\nint dik(int s, int g, int n, const array<array<int, Is>, Is>& map) {\n    vector<int> cost(Is, MAX);\n    vector<bool> visited(Is, false);\n    cost[s] = 0;\n\n    for (int i = 0; i < n; i++) {\n        int min_cost = MAX + 1, min_index = -1;\n        for (int j = 0; j < Is; j++) {\n            if (!visited[j] && cost[j] < min_cost) {\n                min_cost = cost[j];\n                min_index = j;\n            }\n        }\n        if (min_index == -1) break;\n        visited[min_index] = true;\n\n        for (int j = 0; j < Is; j++) {\n            if (map[min_index][j] != MAX && cost[j] > cost[min_index] + map[min_index][j]) {\n                cost[j] = cost[min_index] + map[min_index][j];\n            }\n        }\n    }\n    return cost[g];\n}\n\nint main() {\n    int n, k, req, a, b, c, d, e, ans;\n    while (cin >> n >> k, n != 0 || k != 0) {\n        array<array<int, Is>, Is> map; // Use fixed-size array for efficiency\n        for (auto &row : map) {\n            row.fill(MAX);\n        }\n        \n        while (k--) {\n            cin >> req;\n            if (req) {\n                cin >> c >> d >> e;\n                if (e < map[c][d]) map[c][d] = map[d][c] = e;\n            } else {\n                if ((ans = dik(a, b, n, map)) != MAX) cout << ans << endl;\n                else cout << "-1" << endl;\n            }\n        }\n    }\n    return 0;\n}')"
2025-01-24 22:16:14,040	[INFO]	Step: 19
2025-01-24 22:16:14,040	[INFO]	Stop Steps: 100
2025-01-24 22:16:14,954	[DEBUG]	EXEC>  SUCCESS 3463348.875
2025-01-24 22:16:14,954	[INFO]	1-10    SUCCESS               3463348.88 (101.73%) [2 edit(s)]  
2025-01-24 22:16:14,954	[DEBUG]	patch(1-10)="LineLLMMutation(('source.cpp', 8), '#include <iostream>\n#include <vector>\n#include <cstdio>\n#include <limits>\nusing namespace std;\n\nconst int MAX = 100000000;\nconst int Is = 110;\n\nint dik(int s, int g, const vector<vector<int>>& map) {\n    vector<int> cost(Is, MAX);\n    vector<bool> visited(Is, false);\n    cost[s] = 0;\n\n    for (int i = 0; i < Is; i++) {\n        int min_cost = MAX + 1, min_index = -1;\n        for (int j = 0; j < Is; j++) {\n            if (!visited[j] && cost[j] < min_cost) {\n                min_cost = cost[j];\n                min_index = j;\n            }\n        }\n        if (min_index == -1) break;\n        visited[min_index] = true;\n\n        if (min_index == g) return cost[g]; // Early exit if destination reached\n\n        for (int j = 0; j < Is; j++) {\n            if (map[min_index][j] != MAX && cost[j] > cost[min_index] + map[min_index][j]) {\n                cost[j] = cost[min_index] + map[min_index][j];\n            }\n        }\n    }\n    return cost[g];\n}\n\nint main() {\n    int n, k, req, a, b, c, d, e, ans;\n    while (scanf("%d %d", &n, &k), n != 0 || k != 0) {\n        vector<vector<int>> map(Is, vector<int>(Is, MAX));\n        \n        while (k--) {\n            scanf("%d", &req);\n            if (req) {\n                scanf("%d %d %d", &c, &d, &e);\n                if (e < map[c][d]) map[c][d] = map[d][c] = e;\n            } else {\n                scanf("%d %d", &a, &b);\n                if ((ans = dik(a, b, map)) != MAX) printf("%d\\n", ans);\n                else printf("-1\\n");\n            }\n        }\n    }\n    return 0;\n}') | LineLLMMutation(('source.cpp', 13), '#include <iostream>\n#include <vector>\n#include <cstdio>\n#include <limits>\n#include <queue>\nusing namespace std;\n\nconst int MAX = 100000000;\nconst int Is = 110;\n\nint dik(int s, int g, const vector<vector<int>>& map) {\n    vector<int> cost(Is, MAX);\n    cost[s] = 0;\n\n    // Use a priority queue to store the nodes and their costs\n    priority_queue<pair<int, int>, vector<pair<int, int>>, greater<pair<int, int>>> pq;\n    pq.push({0, s}); // cost, node\n\n    while (!pq.empty()) {\n        int min_cost = pq.top().first;\n        int min_index = pq.top().second;\n        pq.pop();\n\n        if (min_index == g) return cost[g]; // Early exit if destination reached\n\n        if (min_cost > cost[min_index]) continue; // Skip if we already found a better path\n\n        for (int j = 0; j < Is; j++) {\n            if (map[min_index][j] != MAX && cost[j] > cost[min_index] + map[min_index][j]) {\n                cost[j] = cost[min_index] + map[min_index][j];\n                pq.push({cost[j], j}); // Push the updated cost into the queue\n            }\n        }\n    }\n    return cost[g];\n}\n\nint main() {\n    int n, k, req, a, b, c, d, e, ans;\n    while (scanf("%d %d", &n, &k), n != 0 || k != 0) {\n        vector<vector<int>> map(Is, vector<int>(Is, MAX));\n        \n        while (k--) {\n            scanf("%d", &req);\n            if (req) {\n                scanf("%d %d %d", &c, &d, &e);\n                if (e < map[c][d]) map[c][d] = map[d][c] = e;\n            } else {\n                scanf("%d %d", &a, &b);\n                if ((ans = dik(a, b, map)) != MAX) printf("%d\\n", ans);\n                else printf("-1\\n");\n            }\n        }\n    }\n    return 0;\n}')"
2025-01-24 22:16:14,954	[INFO]	Step: 20
2025-01-24 22:16:14,954	[INFO]	Stop Steps: 100
2025-01-24 22:16:16,608	[DEBUG]	EXEC>  SUCCESS 3268161.125
2025-01-24 22:16:16,608	[INFO]	REF     SUCCESS               3268161.12 (--) [0 edit(s)]  
2025-01-24 22:16:16,608	[INFO]	Best patch: 7
2025-01-24 22:16:17,275	[DEBUG]	EXEC>  SUCCESS 2646067.9375
2025-01-24 22:16:17,276	[INFO]	BEST    SUCCESS              *2646067.94 (80.97%) [0 edit(s)]  
2025-01-24 22:16:17,276	[INFO]	Best patch step: 7
2025-01-24 22:17:13,547	[INFO]	Step: 20
2025-01-24 22:17:13,548	[INFO]	Stop Steps: 100
2025-01-24 22:17:14,368	[DEBUG]	EXEC>  SUCCESS 2942854.0
2025-01-24 22:17:14,369	[INFO]	2-1     SUCCESS              +2942854.00 (90.05%) [1 edit(s)]  
2025-01-24 22:17:14,369	[DEBUG]	patch(2-1)="LineLLMCrossover(('source.cpp', 1), '#include <iostream>\n#include <vector>\n#include <limits>\nusing namespace std;\n\nconst int MAX = 100000000;\nconst int Is = 110;\n\nint dik(int s, int g, const vector<vector<int>>& map) {\n    vector<int> cost(Is, MAX);\n    vector<bool> visited(Is, false);\n    cost[s] = 0;\n\n    for (int i = 0; i < Is; i++) {\n        int min_cost = MAX + 1, min_index = -1;\n        for (int j = 0; j < Is; j++) {\n            if (!visited[j] && cost[j] < min_cost) {\n                min_cost = cost[j];\n                min_index = j;\n            }\n        }\n        if (min_index == -1) break;\n        visited[min_index] = true;\n\n        if (min_index == g) return cost[g]; // Early exit if destination reached\n\n        for (int j = 0; j < Is; j++) {\n            if (map[min_index][j] != MAX && cost[j] > cost[min_index] + map[min_index][j]) {\n                cost[j] = cost[min_index] + map[min_index][j];\n            }\n        }\n    }\n    return cost[g];\n}\n\nint main() {\n    int n, k, req, a, b, c, d, e, ans;\n    while (cin >> n >> k, n != 0 || k != 0) {\n        vector<vector<int>> map(Is, vector<int>(Is, MAX));\n        \n        while (k--) {\n            cin >> req;\n            if (req) {\n                cin >> c >> d >> e;\n                if (e < map[c][d]) map[c][d] = map[d][c] = e;\n            } else {\n                cin >> a >> b;\n                if ((ans = dik(a, b, map)) != MAX) cout << ans << endl;\n                else cout << "-1" << endl;\n            }\n        }\n    }\n    return 0;\n}')"
2025-01-24 22:17:14,369	[INFO]	Step: 21
2025-01-24 22:17:14,369	[INFO]	Stop Steps: 100
2025-01-24 22:17:15,056	[DEBUG]	EXEC>  SUCCESS 2721111.1875
2025-01-24 22:17:15,056	[INFO]	2-2     SUCCESS              +2721111.19 (83.26%) [1 edit(s)]  
2025-01-24 22:17:15,056	[DEBUG]	patch(2-2)="LineLLMCrossover(('source.cpp', 0), '#include <iostream>\n#include <vector>\n#include <cstdio>\n#include <limits>\nusing namespace std;\n\nconst int MAX = 100000000;\nconst int Is = 110;\n\nint dik(int s, int g, int n, const vector<vector<int>>& map) {\n    vector<int> cost(Is, MAX);\n    vector<bool> visited(Is, false);\n    cost[s] = 0;\n\n    for (int i = 0; i < n; i++) {\n        int min_cost = MAX + 1, min_index = -1;\n        for (int j = 0; j < Is; j++) {\n            if (!visited[j] && cost[j] < min_cost) {\n                min_cost = cost[j];\n                min_index = j;\n            }\n        }\n        if (min_index == -1) break;\n        visited[min_index] = true;\n\n        for (int j = 0; j < Is; j++) {\n            if (map[min_index][j] != MAX && cost[j] > cost[min_index] + map[min_index][j]) {\n                cost[j] = cost[min_index] + map[min_index][j];\n            }\n        }\n    }\n    return cost[g];\n}\n\nint main() {\n    int n, k, req, a, b, c, d, e, ans;\n    while (cin >> n >> k, n != 0 || k != 0) {\n        vector<vector<int>> map(Is, vector<int>(Is, MAX));\n        \n        while (k--) {\n            cin >> req;\n            if (req) {\n                cin >> c >> d >> e;\n                if (e < map[c][d]) map[c][d] = map[d][c] = e;\n            } else {\n                cin >> a >> b;\n                if ((ans = dik(a, b, n, map)) != MAX) cout << ans << endl;\n                else cout << "-1" << endl;\n            }\n        }\n    }\n    return 0;\n}')"
2025-01-24 22:17:15,056	[INFO]	Step: 22
2025-01-24 22:17:15,056	[INFO]	Stop Steps: 100
2025-01-24 22:17:15,797	[DEBUG]	EXEC>  SUCCESS 4105877.6875
2025-01-24 22:17:15,798	[INFO]	2-3     SUCCESS               4105877.69 (125.63%) [1 edit(s)]  
2025-01-24 22:17:15,798	[DEBUG]	patch(2-3)="LineLLMCrossover(('source.cpp', 4), '#include <iostream>\n#include <vector>\n#include <limits>\nusing namespace std;\n\nconst int MAX = 100000000;\nconst int Is = 110;\n\nint dik(int s, int g, const vector<vector<int>>& map) {\n    vector<int> cost(Is, MAX);\n    vector<bool> visited(Is, false);\n    cost[s] = 0;\n\n    for (int i = 0; i < Is; i++) {\n        int min_cost = MAX + 1, min_index = -1;\n        for (int j = 0; j < Is; j++) {\n            if (!visited[j] && cost[j] < min_cost) {\n                min_cost = cost[j];\n                min_index = j;\n            }\n        }\n        if (min_index == -1) break;\n        visited[min_index] = true;\n\n        for (int j = 0; j < Is; j++) {\n            if (map[min_index][j] != MAX && cost[j] > cost[min_index] + map[min_index][j]) {\n                cost[j] = cost[min_index] + map[min_index][j];\n            }\n        }\n    }\n    return cost[g];\n}\n\nint main() {\n    int n, k, req, a, b, c, d, e, ans;\n    while (cin >> n >> k, n != 0 || k != 0) {\n        vector<vector<int>> map(Is, vector<int>(Is, MAX));\n        \n        while (k--) {\n            cin >> req;\n            if (req) {\n                cin >> c >> d >> e;\n                if (e < map[c][d]) map[c][d] = map[d][c] = e;\n            } else {\n                cin >> a >> b;\n                if ((ans = dik(a, b, map)) != MAX) cout << ans << endl;\n                else cout << "-1" << endl;\n            }\n        }\n    }\n    return 0;\n}')"
2025-01-24 22:17:15,798	[INFO]	Step: 23
2025-01-24 22:17:15,798	[INFO]	Stop Steps: 100
2025-01-24 22:17:16,617	[DEBUG]	EXEC>  SUCCESS 3515013.25
2025-01-24 22:17:16,617	[INFO]	2-4     SUCCESS               3515013.25 (107.55%) [1 edit(s)]  
2025-01-24 22:17:16,617	[DEBUG]	patch(2-4)="LineLLMCrossover(('source.cpp', 5), '#include <iostream>\n#include <vector>\n#include <queue>\n#include <cstdio>\n#include <limits>\nusing namespace std;\n\nconst int MAX = 100000000;\nconst int Is = 110;\n\nint dik(int s, int g, const vector<vector<int>>& map) {\n    vector<int> cost(Is, MAX);\n    vector<bool> visited(Is, false);\n    cost[s] = 0;\n\n    priority_queue<pair<int, int>, vector<pair<int, int>>, greater<pair<int, int>>> pq;\n    pq.push({0, s});\n\n    while (!pq.empty()) {\n        auto [current_cost, current_node] = pq.top();\n        pq.pop();\n        \n        if (visited[current_node]) continue;\n        visited[current_node] = true;\n\n        for (int j = 0; j < Is; j++) {\n            if (map[current_node][j] != MAX && !visited[j]) {\n                if (cost[j] > current_cost + map[current_node][j]) {\n                    cost[j] = current_cost + map[current_node][j];\n                    pq.push({cost[j], j});\n                }\n            }\n        }\n    }\n    return cost[g];\n}\n\nint main() {\n    int n, k, req, a, b, c, d, e, ans;\n    while (scanf("%d %d", &n, &k), n != 0 || k != 0) {\n        vector<vector<int>> map(Is, vector<int>(Is, MAX));\n        \n        while (k--) {\n            scanf("%d", &req);\n            if (req) {\n                scanf("%d %d %d", &c, &d, &e);\n                if (e < map[c][d]) map[c][d] = map[d][c] = e;\n            } else {\n                scanf("%d %d", &a, &b);\n                if ((ans = dik(a, b, map)) != MAX) printf("%d\\n", ans);\n                else printf("-1\\n");\n            }\n        }\n    }\n    return 0;\n}')"
2025-01-24 22:17:16,617	[INFO]	Step: 24
2025-01-24 22:17:16,617	[INFO]	Stop Steps: 100
2025-01-24 22:17:17,407	[DEBUG]	EXEC>  SUCCESS 2891475.375
2025-01-24 22:17:17,407	[INFO]	2-5     SUCCESS               2891475.38 (88.47%) [1 edit(s)]  
2025-01-24 22:17:17,407	[DEBUG]	patch(2-5)="LineLLMCrossover(('source.cpp', 6), '#include <iostream>\n#include <vector>\n#include <limits>\nusing namespace std;\n\nconst int MAX = 100000000;\nconst int Is = 110;\n\nint dik(int s, int g, int n, const vector<vector<int>>& map) {\n    vector<int> cost(Is, MAX);\n    vector<bool> visited(Is, false);\n    cost[s] = 0;\n\n    for (int i = 0; i < n; i++) {\n        int min_cost = MAX + 1, min_index = -1;\n        for (int j = 0; j < Is; j++) {\n            if (!visited[j] && cost[j] < min_cost) {\n                min_cost = cost[j];\n                min_index = j;\n            }\n        }\n        if (min_index == -1) break;\n        visited[min_index] = true;\n\n        for (int j = 0; j < Is; j++) {\n            if (map[min_index][j] != MAX && cost[j] > cost[min_index] + map[min_index][j]) {\n                cost[j] = cost[min_index] + map[min_index][j];\n            }\n        }\n    }\n    return cost[g];\n}\n\nint main() {\n    int n, k, req, a, b, c, d, e, ans;\n    while (cin >> n >> k, n != 0 || k != 0) {\n        vector<vector<int>> map(Is, vector<int>(Is, MAX));\n        \n        while (k--) {\n            cin >> req;\n            if (req) {\n                cin >> c >> d >> e;\n                if (e < map[c][d]) map[c][d] = map[d][c] = e;\n            } else {\n                cin >> a >> b;\n                if ((ans = dik(a, b, n, map)) != MAX) cout << ans << endl;\n                else cout << "-1" << endl;\n            }\n        }\n    }\n    return 0;\n}')"
2025-01-24 22:17:17,407	[INFO]	Step: 25
2025-01-24 22:17:17,407	[INFO]	Stop Steps: 100
2025-01-24 22:17:18,147	[DEBUG]	EXEC>  SUCCESS 2591488.6875
2025-01-24 22:17:18,147	[INFO]	2-6     SUCCESS              *2591488.69 (79.30%) [1 edit(s)]  
2025-01-24 22:17:18,148	[DEBUG]	patch(2-6)="LineLLMCrossover(('source.cpp', 7), '#include <iostream>\n#include <vector>\n#include <queue>\n#include <cstdio>\nusing namespace std;\n\nconst int MAX = 100000000;\nconst int Is = 110;\n\nint dik(int s, int g, const vector<vector<int>>& map) {\n    vector<int> cost(Is, MAX);\n    vector<bool> visited(Is, false);\n    cost[s] = 0;\n\n    priority_queue<pair<int, int>, vector<pair<int, int>>, greater<pair<int, int>>> pq;\n    pq.push({0, s});\n\n    while (!pq.empty()) {\n        auto [current_cost, current_node] = pq.top();\n        pq.pop();\n        \n        if (visited[current_node]) continue;\n        visited[current_node] = true;\n\n        for (int j = 0; j < Is; j++) {\n            if (map[current_node][j] != MAX && !visited[j]) {\n                if (cost[j] > current_cost + map[current_node][j]) {\n                    cost[j] = current_cost + map[current_node][j];\n                    pq.push({cost[j], j});\n                }\n            }\n        }\n    }\n    return cost[g];\n}\n\nint main() {\n    int n, k, req, a, b, c, d, e, ans;\n    while (scanf("%d %d", &n, &k), n != 0 || k != 0) {\n        vector<vector<int>> map(Is, vector<int>(Is, MAX));\n        \n        while (k--) {\n            scanf("%d", &req);\n            if (req) {\n                scanf("%d %d %d", &c, &d, &e);\n                if (e < map[c][d]) map[c][d] = map[d][c] = e;\n            } else {\n                scanf("%d %d", &a, &b);\n                if ((ans = dik(a, b, map)) != MAX) printf("%d\\n", ans);\n                else printf("-1\\n");\n            }\n        }\n    }\n    return 0;\n}')"

2025-01-24 22:17:18,148	[INFO]	Step: 26
2025-01-24 22:17:18,148	[INFO]	Stop Steps: 100
2025-01-24 22:17:18,595	[INFO]	2-7     TEST_CODE_ERROR       None (--) [2 edit(s)]  
2025-01-24 22:17:18,595	[DEBUG]	patch(2-7)="LineLLMCrossover(('source.cpp', 1), '#include <iostream>\n#include <vector>\n#include <limits>\nusing namespace std;\n\nconst int MAX = 100000000;\nconst int Is = 110;\n\nint dik(int s, int g, const vector<vector<int>>& map) {\n    vector<int> cost(Is, MAX);\n    vector<bool> visited(Is, false);\n    cost[s] = 0;\n\n    for (int i = 0; i < Is; i++) {\n        int min_cost = MAX + 1, min_index = -1;\n        for (int j = 0; j < Is; j++) {\n            if (!visited[j] && cost[j] < min_cost) {\n                min_cost = cost[j];\n                min_index = j;\n            }\n        }\n        if (min_index == -1) break;\n        visited[min_index] = true;\n\n        if (min_index == g) return cost[g]; // Early exit if destination reached\n\n        for (int j = 0; j < Is; j++) {\n            if (map[min_index][j] != MAX && cost[j] > cost[min_index] + map[min_index][j]) {\n                cost[j] = cost[min_index] + map[min_index][j];\n            }\n        }\n    }\n    return cost[g];\n}\n\nint main() {\n    int n, k, req, a, b, c, d, e, ans;\n    while (cin >> n >> k, n != 0 || k != 0) {\n        vector<vector<int>> map(Is, vector<int>(Is, MAX));\n        \n        while (k--) {\n            cin >> req;\n            if (req) {\n                cin >> c >> d >> e;\n                if (e < map[c][d]) map[c][d] = map[d][c] = e;\n            } else {\n                cin >> a >> b;\n                if ((ans = dik(a, b, map)) != MAX) cout << ans << endl;\n                else cout << "-1" << endl;\n            }\n        }\n    }\n    return 0;\n}') | LineLLMMutation(('source.cpp', 14), '#include <iostream>\n#include <limits>\nusing namespace std;\n\nconst int MAX = 100000000;\nconst int Is = 110;\n\nint dik(int s, int g, int map[Is][Is]) {\n    int cost[Is];\n    bool visited[Is] = {false};\n    fill(cost, cost + Is, MAX);\n    cost[s] = 0;\n\n    for (int i = 0; i < Is; i++) {\n        int min_cost = MAX + 1, min_index = -1;\n        for (int j = 0; j < Is; j++) {\n            if (!visited[j] && cost[j] < min_cost) {\n                min_cost = cost[j];\n                min_index = j;\n            }\n        }\n        if (min_index == -1) break;\n        visited[min_index] = true;\n\n        if (min_index == g) return cost[g]; // Early exit if destination reached\n\n        for (int j = 0; j < Is; j++) {\n            if (map[min_index][j] != MAX && cost[j] > cost[min_index] + map[min_index][j]) {\n                cost[j] = cost[min_index] + map[min_index][j];\n            }\n        }\n    }\n    return cost[g];\n}\n\nint main() {\n    int n, k, req, a, b, c, d, e, ans;\n    while (cin >> n >> k, n != 0 || k != 0) {\n        int map[Is][Is];\n        fill(&map[0][0], &map[0][0] + sizeof(map) / sizeof(int), MAX);\n        \n        while (k--) {\n            cin >> req;\n            if (req) {\n                cin >> c >> d >> e;\n                if (e < map[c][d]) map[c][d] = map[d][c] = e;\n            } else {\n                if ((ans = dik(a, b, map)) != MAX) cout << ans << endl;\n                else cout << "-1" << endl;\n            }\n        }\n    }\n    return 0;\n}')"
2025-01-24 22:17:18,595	[INFO]	Step: 27
2025-01-24 22:17:18,595	[INFO]	Stop Steps: 100
2025-01-24 22:17:18,959	[INFO]	2-8     TEST_CODE_ERROR       None (--) [2 edit(s)]  
2025-01-24 22:17:18,959	[DEBUG]	patch(2-8)="LineLLMCrossover(('source.cpp', 0), '#include <iostream>\n#include <vector>\n#include <cstdio>\n#include <limits>\nusing namespace std;\n\nconst int MAX = 100000000;\nconst int Is = 110;\n\nint dik(int s, int g, int n, const vector<vector<int>>& map) {\n    vector<int> cost(Is, MAX);\n    vector<bool> visited(Is, false);\n    cost[s] = 0;\n\n    for (int i = 0; i < n; i++) {\n        int min_cost = MAX + 1, min_index = -1;\n        for (int j = 0; j < Is; j++) {\n            if (!visited[j] && cost[j] < min_cost) {\n                min_cost = cost[j];\n                min_index = j;\n            }\n        }\n        if (min_index == -1) break;\n        visited[min_index] = true;\n\n        for (int j = 0; j < Is; j++) {\n            if (map[min_index][j] != MAX && cost[j] > cost[min_index] + map[min_index][j]) {\n                cost[j] = cost[min_index] + map[min_index][j];\n            }\n        }\n    }\n    return cost[g];\n}\n\nint main() {\n    int n, k, req, a, b, c, d, e, ans;\n    while (cin >> n >> k, n != 0 || k != 0) {\n        vector<vector<int>> map(Is, vector<int>(Is, MAX));\n        \n        while (k--) {\n            cin >> req;\n            if (req) {\n                cin >> c >> d >> e;\n                if (e < map[c][d]) map[c][d] = map[d][c] = e;\n            } else {\n                cin >> a >> b;\n                if ((ans = dik(a, b, n, map)) != MAX) cout << ans << endl;\n                else cout << "-1" << endl;\n            }\n        }\n    }\n    return 0;\n}') | LineLLMMutation(('source.cpp', 15), '#include <iostream>\n#include <cstdio>\n#include <limits>\nusing namespace std;\n\nconst int MAX = 100000000;\nconst int Is = 110;\n\nint dik(int s, int g, int n, const int map[Is][Is]) {\n    int cost[Is];\n    bool visited[Is] = {false};\n    fill(cost, cost + Is, MAX);\n    cost[s] = 0;\n\n    for (int i = 0; i < n; i++) {\n        int min_cost = MAX + 1, min_index = -1;\n        for (int j = 0; j < Is; j++) {\n            if (!visited[j] && cost[j] < min_cost) {\n                min_cost = cost[j];\n                min_index = j;\n            }\n        }\n        if (min_index == -1) break;\n        visited[min_index] = true;\n\n        for (int j = 0; j < Is; j++) {\n            if (map[min_index][j] != MAX && cost[j] > cost[min_index] + map[min_index][j]) {\n                cost[j] = cost[min_index] + map[min_index][j];\n            }\n        }\n    }\n    return cost[g];\n}\n\nint main() {\n    int n, k, req, a, b, c, d, e, ans;\n    while (cin >> n >> k, n != 0 || k != 0) {\n        int map[Is][Is];\n        fill(&map[0][0], &map[0][0] + sizeof(map) / sizeof(int), MAX);\n        \n        while (k--) {\n            cin >> req;\n            if (req) {\n                cin >> c >> d >> e;\n                if (e < map[c][d]) map[c][d] = map[d][c] = e;\n            } else {\n                if ((ans = dik(a, b, n, map)) != MAX) cout << ans << endl;\n                else cout << "-1" << endl;\n            }\n        }\n    }\n    return 0;\n}')"
2025-01-24 22:17:18,959	[INFO]	Step: 28
2025-01-24 22:17:18,959	[INFO]	Stop Steps: 100
2025-01-24 22:17:19,502	[INFO]	2-9     TEST_CODE_ERROR       None (--) [2 edit(s)]  
2025-01-24 22:17:19,502	[DEBUG]	patch(2-9)="LineLLMMutation(('source.cpp', 2), '#include <iostream>\n#include <vector>\n#include <queue>\nusing namespace std;\n\nconst int MAX = 100000000;\nconst int Is = 110;\n\nint n, k, req, a, b, c, d, e, i, j, map[Is][Is], ans;\n\nint dik(int s, int g) {\n    vector<int> cost(Is, MAX);\n    vector<bool> visited(Is, false);\n    cost[s] = 0;\n\n    priority_queue<pair<int, int>, vector<pair<int, int>>, greater<pair<int, int>>> pq;\n    pq.push({0, s});\n\n    while (!pq.empty()) {\n        auto [current_cost, current_node] = pq.top();\n        pq.pop();\n        \n        if (visited[current_node]) continue;\n        visited[current_node] = true;\n\n        for (j = 0; j < Is; j++) {\n            if (map[current_node][j] != MAX && !visited[j]) {\n                if (cost[j] > current_cost + map[current_node][j]) {\n                    cost[j] = current_cost + map[current_node][j];\n                    pq.push({cost[j], j});\n                }\n            }\n        }\n    }\n    return cost[g];\n}\n\nint main() {\n    while (cin >> n >> k, n != 0 || k != 0) {\n        for (i = 0; i < Is; i++) {\n            for (j = 0; j < Is; j++) {\n                map[i][j] = MAX;\n            }\n        }\n\n        while (k--) {\n            cin >> req;\n            if (req) {\n                cin >> c >> d >> e;\n                if (e < map[c][d]) map[c][d] = map[d][c] = e;\n            } else {\n                cin >> a >> b;\n                if ((ans = dik(a, b)) != MAX) cout << ans << endl;\n                else cout << "-1" << endl;\n            }\n        }\n    }\n    return 0;\n}') | LineLLMMutation(('source.cpp', 16), '#include <iostream>\n#include <vector>\n#include <queue>\nusing namespace std;\n\nconst int MAX = 100000000;\nconst int Is = 110;\n\nint n, k, req, a, b, c, d, e, i, j, map[Is][Is], ans;\n\nint dik(int s, int g) {\n    vector<int> cost(Is, MAX);\n    vector<bool> visited(Is, false);\n    cost[s] = 0;\n\n    priority_queue<pair<int, int>, vector<pair<int, int>>, greater<pair<int, int>>> pq;\n    pq.push({0, s});\n\n    while (!pq.empty()) {\n        auto [current_cost, current_node] = pq.top();\n        pq.pop();\n        \n        if (visited[current_node]) continue;\n        visited[current_node] = true;\n\n        for (j = 0; j < Is; j++) {\n            if (map[current_node][j] != MAX) {\n                int new_cost = current_cost + map[current_node][j];\n                if (new_cost < cost[j]) {\n                    cost[j] = new_cost;\n                    pq.push({new_cost, j});\n                }\n            }\n        }\n    }\n    return cost[g];\n}\n\nint main() {\n    while (cin >> n >> k, n != 0 || k != 0) {\n        for (i = 0; i < Is; i++) {\n            fill(map[i], map[i] + Is, MAX); // Optimize initialization using fill\n        }\n\n        while (k--) {\n            cin >> req;\n            if (req) {\n                cin >> c >> d >> e;\n                if (e < map[c][d]) map[c][d] = map[d][c] = e;\n            } else {\n                if ((ans = dik(a, b)) != MAX) cout << ans << endl;\n                else cout << "-1" << endl;\n            }\n        }\n    }\n    return 0;\n}')"
2025-01-24 22:17:19,502	[INFO]	Step: 29
2025-01-24 22:17:19,502	[INFO]	Stop Steps: 100
2025-01-24 22:17:20,280	[DEBUG]	EXEC>  SUCCESS 2728456.375
2025-01-24 22:17:20,281	[INFO]	2-10    SUCCESS               2728456.38 (83.49%) [2 edit(s)]  
2025-01-24 22:17:20,281	[DEBUG]	patch(2-10)="LineLLMMutation(('source.cpp', 7), '#include <iostream>\n#include <vector>\n#include <cstdio>\n#include <limits>\nusing namespace std;\n\nconst int MAX = 100000000;\nconst int Is = 110;\n\nint dik(int s, int g, int n, const vector<vector<int>>& map) {\n    vector<int> cost(Is, MAX);\n    vector<bool> visited(Is, false);\n    cost[s] = 0;\n\n    for (int i = 0; i < n; i++) {\n        int min_cost = MAX + 1, min_index = -1;\n        for (int j = 0; j < Is; j++) {\n            if (!visited[j] && cost[j] < min_cost) {\n                min_cost = cost[j];\n                min_index = j;\n            }\n        }\n        if (min_index == -1) break;\n        visited[min_index] = true;\n\n        for (int j = 0; j < Is; j++) {\n            if (map[min_index][j] != MAX && cost[j] > cost[min_index] + map[min_index][j]) {\n                cost[j] = cost[min_index] + map[min_index][j];\n            }\n        }\n    }\n    return cost[g];\n}\n\nint main() {\n    int n, k, req, a, b, c, d, e, ans;\n    while (scanf("%d %d", &n, &k), n != 0 || k != 0) {\n        vector<vector<int>> map(Is, vector<int>(Is, MAX));\n        \n        while (k--) {\n            scanf("%d", &req);\n            if (req) {\n                scanf("%d %d %d", &c, &d, &e);\n                if (e < map[c][d]) map[c][d] = map[d][c] = e;\n            } else {\n                scanf("%d %d", &a, &b);\n                if ((ans = dik(a, b, n, map)) != MAX) printf("%d\\n", ans);\n                else printf("-1\\n");\n            }\n        }\n    }\n    return 0;\n}') | LineLLMMutation(('source.cpp', 17), '#include <iostream>\n#include <vector>\n#include <cstdio>\n#include <limits>\n#include <queue>\nusing namespace std;\n\nconst int MAX = 100000000;\nconst int Is = 110;\n\nint dik(int s, int g, int n, const vector<vector<int>>& map) {\n    vector<int> cost(Is, MAX);\n    priority_queue<pair<int, int>, vector<pair<int, int>>, greater<pair<int, int>>> pq;\n    cost[s] = 0;\n    pq.push({0, s});\n\n    while (!pq.empty()) {\n        int min_cost = pq.top().first;\n        int min_index = pq.top().second;\n        pq.pop();\n\n        if (min_cost > cost[min_index]) continue;\n\n        for (int j = 0; j < Is; j++) {\n            if (map[min_index][j] != MAX && cost[j] > cost[min_index] + map[min_index][j]) {\n                cost[j] = cost[min_index] + map[min_index][j];\n                pq.push({cost[j], j});\n            }\n        }\n    }\n    return cost[g];\n}\n\nint main() {\n    int n, k, req, a, b, c, d, e, ans;\n    while (scanf("%d %d", &n, &k), n != 0 || k != 0) {\n        vector<vector<int>> map(Is, vector<int>(Is, MAX));\n        \n        while (k--) {\n            scanf("%d", &req);\n            if (req) {\n                scanf("%d %d %d", &c, &d, &e);\n                if (e < map[c][d]) map[c][d] = map[d][c] = e;\n            } else {\n                scanf("%d %d", &a, &b);\n                if ((ans = dik(a, b, n, map)) != MAX) printf("%d\\n", ans);\n                else printf("-1\\n");\n            }\n        }\n    }\n    return 0;\n}')"
2025-01-24 22:17:20,281	[INFO]	Step: 30
2025-01-24 22:17:20,281	[INFO]	Stop Steps: 100
2025-01-24 22:17:21,914	[DEBUG]	EXEC>  SUCCESS 3298913.875
2025-01-24 22:17:21,914	[INFO]	REF     SUCCESS               3298913.88 (--) [0 edit(s)]  
2025-01-24 22:17:21,915	[INFO]	Best patch: 7
2025-01-24 22:17:22,669	[DEBUG]	EXEC>  SUCCESS 2650225.375
2025-01-24 22:17:22,669	[INFO]	BEST    SUCCESS              *2650225.38 (80.34%) [0 edit(s)]  
2025-01-24 22:17:22,669	[INFO]	Best patch step: 25
2025-01-24 22:18:32,591	[INFO]	Step: 30
2025-01-24 22:18:32,591	[INFO]	Stop Steps: 100
2025-01-24 22:18:33,543	[DEBUG]	EXEC>  SUCCESS 3223303.0625
2025-01-24 22:18:33,543	[INFO]	3-1     SUCCESS              +3223303.06 (97.71%) [1 edit(s)]  
2025-01-24 22:18:33,543	[DEBUG]	patch(3-1)="LineLLMCrossover(('source.cpp', 7), '#include <iostream>\n#include <vector>\n#include <queue>\n#include <cstdio>\nusing namespace std;\n\nconst int MAX = 100000000;\nconst int Is = 110;\n\nint dik(int s, int g, const vector<vector<int>>& map) {\n    vector<int> cost(Is, MAX);\n    vector<bool> visited(Is, false);\n    cost[s] = 0;\n\n    priority_queue<pair<int, int>, vector<pair<int, int>>, greater<pair<int, int>>> pq;\n    pq.push({0, s});\n\n    while (!pq.empty()) {\n        auto [current_cost, current_node] = pq.top();\n        pq.pop();\n        \n        if (visited[current_node]) continue;\n        visited[current_node] = true;\n\n        for (int j = 0; j < Is; j++) {\n            if (map[current_node][j] != MAX && !visited[j]) {\n                if (cost[j] > current_cost + map[current_node][j]) {\n                    cost[j] = current_cost + map[current_node][j];\n                    pq.push({cost[j], j});\n                }\n            }\n        }\n    }\n    return cost[g];\n}\n\nint main() {\n    int n, k, req, a, b, c, d, e, ans;\n    while (scanf("%d %d", &n, &k), n != 0 || k != 0) {\n        vector<vector<int>> map(Is, vector<int>(Is, MAX));\n        \n        while (k--) {\n            scanf("%d", &req);\n            if (req) {\n                scanf("%d %d %d", &c, &d, &e);\n                if (e < map[c][d]) map[c][d] = map[d][c] = e;\n            } else {\n                scanf("%d %d", &a, &b);\n                if ((ans = dik(a, b, map)) != MAX) printf("%d\\n", ans);\n                else printf("-1\\n");\n            }\n        }\n    }\n    return 0;\n}')"
2025-01-24 22:18:33,544	[INFO]	Step: 31
2025-01-24 22:18:33,544	[INFO]	Stop Steps: 100
2025-01-24 22:18:34,236	[DEBUG]	EXEC>  SUCCESS 3277097.5625
2025-01-24 22:18:34,236	[INFO]	3-2     SUCCESS               3277097.56 (99.34%) [1 edit(s)]  
2025-01-24 22:18:34,236	[DEBUG]	patch(3-2)="LineLLMCrossover(('source.cpp', 0), '#include <iostream>\n#include <vector>\n#include <cstdio>\n#include <limits>\nusing namespace std;\n\nconst int MAX = 100000000;\nconst int Is = 110;\n\nint dik(int s, int g, int n, const vector<vector<int>>& map) {\n    vector<int> cost(Is, MAX);\n    vector<bool> visited(Is, false);\n    cost[s] = 0;\n\n    for (int i = 0; i < n; i++) {\n        int min_cost = MAX + 1, min_index = -1;\n        for (int j = 0; j < Is; j++) {\n            if (!visited[j] && cost[j] < min_cost) {\n                min_cost = cost[j];\n                min_index = j;\n            }\n        }\n        if (min_index == -1) break;\n        visited[min_index] = true;\n\n        for (int j = 0; j < Is; j++) {\n            if (map[min_index][j] != MAX && cost[j] > cost[min_index] + map[min_index][j]) {\n                cost[j] = cost[min_index] + map[min_index][j];\n            }\n        }\n    }\n    return cost[g];\n}\n\nint main() {\n    int n, k, req, a, b, c, d, e, ans;\n    while (cin >> n >> k, n != 0 || k != 0) {\n        vector<vector<int>> map(Is, vector<int>(Is, MAX));\n        \n        while (k--) {\n            cin >> req;\n            if (req) {\n                cin >> c >> d >> e;\n                if (e < map[c][d]) map[c][d] = map[d][c] = e;\n            } else {\n                cin >> a >> b;\n                if ((ans = dik(a, b, n, map)) != MAX) cout << ans << endl;\n                else cout << "-1" << endl;\n            }\n        }\n    }\n    return 0;\n}')"
2025-01-24 22:18:34,236	[INFO]	Step: 32
2025-01-24 22:18:34,236	[INFO]	Stop Steps: 100
2025-01-24 22:18:35,000	[DEBUG]	EXEC>  SUCCESS 2682798.625
2025-01-24 22:18:35,001	[INFO]	3-3     SUCCESS              +2682798.62 (81.32%) [1 edit(s)]  
2025-01-24 22:18:35,001	[DEBUG]	patch(3-3)="LineLLMCrossover(('source.cpp', 8), '#include <iostream>\n#include <vector>\n#include <cstdio>\n#include <limits>\n#include <queue>\nusing namespace std;\n\nconst int MAX = 100000000;\nconst int Is = 110;\n\nint dik(int s, int g, const vector<vector<int>>& map) {\n    vector<int> cost(Is, MAX);\n    vector<bool> visited(Is, false);\n    cost[s] = 0;\n\n    priority_queue<pair<int, int>, vector<pair<int, int>>, greater<pair<int, int>>> pq;\n    pq.push({0, s});\n\n    while (!pq.empty()) {\n        auto [current_cost, current_node] = pq.top();\n        pq.pop();\n        \n        if (visited[current_node]) continue;\n        visited[current_node] = true;\n\n        for (int j = 0; j < Is; j++) {\n            if (map[current_node][j] != MAX && !visited[j]) {\n                if (cost[j] > current_cost + map[current_node][j]) {\n                    cost[j] = current_cost + map[current_node][j];\n                    pq.push({cost[j], j});\n                }\n            }\n        }\n    }\n    return cost[g];\n}\n\nint main() {\n    int n, k, req, a, b, c, d, e, ans;\n    while (cin >> n >> k, n != 0 || k != 0) {\n        vector<vector<int>> map(Is, vector<int>(Is, MAX));\n        \n        while (k--) {\n            cin >> req;\n            if (req) {\n                cin >> c >> d >> e;\n                if (e < map[c][d]) map[c][d] = map[d][c] = e;\n            } else {\n                cin >> a >> b;\n                if ((ans = dik(a, b, map)) != MAX) cout << ans << endl;\n                else cout << "-1" << endl;\n            }\n        }\n    }\n    return 0;\n}')"
2025-01-24 22:18:35,001	[INFO]	Step: 33
2025-01-24 22:18:35,001	[INFO]	Stop Steps: 100
2025-01-24 22:18:35,781	[DEBUG]	EXEC>  SUCCESS 2788109.875
2025-01-24 22:18:35,781	[INFO]	3-4     SUCCESS               2788109.88 (84.52%) [1 edit(s)]  
2025-01-24 22:18:35,781	[DEBUG]	patch(3-4)="LineLLMCrossover(('source.cpp', 9), '#include <iostream>\n#include <vector>\n#include <limits>\n#include <queue>\nusing namespace std;\n\nconst int MAX = 100000000;\nconst int Is = 110;\n\nint dik(int s, int g, int n, const vector<vector<int>>& map) {\n    vector<int> cost(Is, MAX);\n    priority_queue<pair<int, int>, vector<pair<int, int>>, greater<pair<int, int>>> pq;\n    cost[s] = 0;\n    pq.push({0, s});\n\n    while (!pq.empty()) {\n        int min_cost = pq.top().first;\n        int min_index = pq.top().second;\n        pq.pop();\n\n        if (min_cost > cost[min_index]) continue;\n\n        for (int j = 0; j < Is; j++) {\n            if (map[min_index][j] != MAX && cost[j] > cost[min_index] + map[min_index][j]) {\n                cost[j] = cost[min_index] + map[min_index][j];\n                pq.push({cost[j], j});\n            }\n        }\n    }\n    return cost[g];\n}\n\nint main() {\n    int n, k, req, a, b, c, d, e, ans;\n    while (cin >> n >> k, n != 0 || k != 0) {\n        vector<vector<int>> map(Is, vector<int>(Is, MAX));\n        \n        while (k--) {\n            cin >> req;\n            if (req) {\n                cin >> c >> d >> e;\n                if (e < map[c][d]) map[c][d] = map[d][c] = e;\n            } else {\n                cin >> a >> b;\n                if ((ans = dik(a, b, n, map)) != MAX) cout << ans << endl;\n                else cout << "-1" << endl;\n            }\n        }\n    }\n    return 0;\n}')"
2025-01-24 22:18:35,781	[INFO]	Step: 34
2025-01-24 22:18:35,781	[INFO]	Stop Steps: 100
2025-01-24 22:18:36,578	[DEBUG]	EXEC>  SUCCESS 3067345.9375
2025-01-24 22:18:36,580	[INFO]	3-5     SUCCESS               3067345.94 (92.98%) [1 edit(s)]  
2025-01-24 22:18:36,580	[DEBUG]	patch(3-5)="LineLLMCrossover(('source.cpp', 10), '#include <iostream>\n#include <vector>\n#include <cstdio>\n#include <limits>\n#include <queue>\nusing namespace std;\n\nconst int MAX = 100000000;\nconst int Is = 110;\n\nint dik(int s, int g, const vector<vector<int>>& map) {\n    vector<int> cost(Is, MAX);\n    priority_queue<pair<int, int>, vector<pair<int, int>>, greater<pair<int, int>>> pq;\n    cost[s] = 0;\n    pq.push({0, s});\n\n    while (!pq.empty()) {\n        auto [current_cost, current_node] = pq.top();\n        pq.pop();\n\n        if (current_cost > cost[current_node]) continue;\n\n        for (int j = 0; j < Is; j++) {\n            if (map[current_node][j] != MAX && cost[j] > cost[current_node] + map[current_node][j]) {\n                cost[j] = cost[current_node] + map[current_node][j];\n                pq.push({cost[j], j});\n            }\n        }\n    }\n    return cost[g];\n}\n\nint main() {\n    int n, k, req, a, b, c, d, e, ans;\n    while (scanf("%d %d", &n, &k), n != 0 || k != 0) {\n        vector<vector<int>> map(Is, vector<int>(Is, MAX));\n        \n        while (k--) {\n            scanf("%d", &req);\n            if (req) {\n                scanf("%d %d %d", &c, &d, &e);\n                if (e < map[c][d]) map[c][d] = map[d][c] = e;\n            } else {\n                scanf("%d %d", &a, &b);\n                if ((ans = dik(a, b, map)) != MAX) printf("%d\\n", ans);\n                else printf("-1\\n");\n            }\n        }\n    }\n    return 0;\n}')"
2025-01-24 22:18:36,580	[INFO]	Step: 35
2025-01-24 22:18:36,580	[INFO]	Stop Steps: 100
2025-01-24 22:18:37,408	[DEBUG]	EXEC>  SUCCESS 3178955.875
2025-01-24 22:18:37,409	[INFO]	3-6     SUCCESS               3178955.88 (96.36%) [1 edit(s)]  
2025-01-24 22:18:37,409	[DEBUG]	patch(3-6)="LineLLMCrossover(('source.cpp', 11), '#include <iostream>\n#include <vector>\n#include <cstdio>\n#include <limits>\n#include <queue>\nusing namespace std;\n\nconst int MAX = 100000000;\nconst int Is = 110;\n\nint dik(int s, int g, const vector<vector<int>>& map) {\n    vector<int> cost(Is, MAX);\n    vector<bool> visited(Is, false);\n    cost[s] = 0;\n\n    priority_queue<pair<int, int>, vector<pair<int, int>>, greater<pair<int, int>>> pq;\n    pq.push({0, s});\n\n    while (!pq.empty()) {\n        auto [current_cost, current_node] = pq.top();\n        pq.pop();\n\n        if (visited[current_node]) continue;\n        visited[current_node] = true;\n\n        for (int j = 0; j < Is; j++) {\n            if (map[current_node][j] != MAX && !visited[j]) {\n                if (cost[j] > current_cost + map[current_node][j]) {\n                    cost[j] = current_cost + map[current_node][j];\n                    pq.push({cost[j], j});\n                }\n            }\n        }\n    }\n    return cost[g];\n}\n\nint main() {\n    int n, k, req, a, b, c, d, e, ans;\n    while (scanf("%d %d", &n, &k), n != 0 || k != 0) {\n        vector<vector<int>> map(Is, vector<int>(Is, MAX));\n        \n        while (k--) {\n            scanf("%d", &req);\n            if (req) {\n                scanf("%d %d %d", &c, &d, &e);\n                if (e < map[c][d]) map[c][d] = map[d][c] = e;\n            } else {\n                scanf("%d %d", &a, &b);\n                if ((ans = dik(a, b, map)) != MAX) printf("%d\\n", ans);\n                else printf("-1\\n");\n            }\n        }\n    }\n    return 0;\n}')"
2025-01-24 22:18:37,409	[INFO]	Step: 36
2025-01-24 22:18:37,409	[INFO]	Stop Steps: 100
2025-01-24 22:18:38,206	[DEBUG]	EXEC>  SUCCESS 3100603.5
2025-01-24 22:18:38,206	[INFO]	3-7     SUCCESS               3100603.50 (93.99%) [2 edit(s)]  
2025-01-24 22:18:38,206	[DEBUG]	patch(3-7)="LineLLMCrossover(('source.cpp', 7), '#include <iostream>\n#include <vector>\n#include <queue>\n#include <cstdio>\nusing namespace std;\n\nconst int MAX = 100000000;\nconst int Is = 110;\n\nint dik(int s, int g, const vector<vector<int>>& map) {\n    vector<int> cost(Is, MAX);\n    vector<bool> visited(Is, false);\n    cost[s] = 0;\n\n    priority_queue<pair<int, int>, vector<pair<int, int>>, greater<pair<int, int>>> pq;\n    pq.push({0, s});\n\n    while (!pq.empty()) {\n        auto [current_cost, current_node] = pq.top();\n        pq.pop();\n        \n        if (visited[current_node]) continue;\n        visited[current_node] = true;\n\n        for (int j = 0; j < Is; j++) {\n            if (map[current_node][j] != MAX && !visited[j]) {\n                if (cost[j] > current_cost + map[current_node][j]) {\n                    cost[j] = current_cost + map[current_node][j];\n                    pq.push({cost[j], j});\n                }\n            }\n        }\n    }\n    return cost[g];\n}\n\nint main() {\n    int n, k, req, a, b, c, d, e, ans;\n    while (scanf("%d %d", &n, &k), n != 0 || k != 0) {\n        vector<vector<int>> map(Is, vector<int>(Is, MAX));\n        \n        while (k--) {\n            scanf("%d", &req);\n            if (req) {\n                scanf("%d %d %d", &c, &d, &e);\n                if (e < map[c][d]) map[c][d] = map[d][c] = e;\n            } else {\n                scanf("%d %d", &a, &b);\n                if ((ans = dik(a, b, map)) != MAX) printf("%d\\n", ans);\n                else printf("-1\\n");\n            }\n        }\n    }\n    return 0;\n}') | LineLLMMutation(('source.cpp', 18), '#include <iostream>\n#include <vector>\n#include <queue>\n#include <cstdio>\n#include <algorithm>\nusing namespace std;\n\nconst int MAX = 100000000;\nconst int Is = 110;\n\nint dik(int s, int g, const vector<vector<int>>& map) {\n    vector<int> cost(Is, MAX);\n    vector<bool> visited(Is, false);\n    cost[s] = 0;\n\n    priority_queue<pair<int, int>, vector<pair<int, int>>, greater<pair<int, int>>> pq;\n    pq.push({0, s});\n\n    while (!pq.empty()) {\n        auto [current_cost, current_node] = pq.top();\n        pq.pop();\n        \n        if (visited[current_node]) continue;\n        visited[current_node] = true;\n\n        for (int j = 0; j < Is; j++) {\n            if (map[current_node][j] != MAX && !visited[j]) {\n                if (cost[j] > current_cost + map[current_node][j]) {\n                    cost[j] = current_cost + map[current_node][j];\n                    pq.push({cost[j], j});\n                }\n            }\n        }\n    }\n    return cost[g];\n}\n\nint main() {\n    int n, k, req, a, b, c, d, e, ans;\n    while (scanf("%d %d", &n, &k), n != 0 || k != 0) {\n        vector<vector<int>> map(Is, vector<int>(Is));\n        for (auto& row : map) {\n            fill(row.begin(), row.end(), MAX);\n        }\n        \n        while (k--) {\n            scanf("%d", &req);\n            if (req) {\n                scanf("%d %d %d", &c, &d, &e);\n                if (e < map[c][d]) map[c][d] = map[d][c] = e;\n            } else {\n                scanf("%d %d", &a, &b);\n                if ((ans = dik(a, b, map)) != MAX) printf("%d\\n", ans);\n                else printf("-1\\n");\n            }\n        }\n    }\n    return 0;\n}')"
2025-01-24 22:18:38,206	[INFO]	Step: 37
2025-01-24 22:18:38,206	[INFO]	Stop Steps: 100
2025-01-24 22:18:38,891	[DEBUG]	EXEC>  SUCCESS 2654858.8125
2025-01-24 22:18:38,891	[INFO]	3-8     SUCCESS              +2654858.81 (80.48%) [2 edit(s)]  
2025-01-24 22:18:38,891	[DEBUG]	patch(3-8)="LineLLMCrossover(('source.cpp', 0), '#include <iostream>\n#include <vector>\n#include <cstdio>\n#include <limits>\nusing namespace std;\n\nconst int MAX = 100000000;\nconst int Is = 110;\n\nint dik(int s, int g, int n, const vector<vector<int>>& map) {\n    vector<int> cost(Is, MAX);\n    vector<bool> visited(Is, false);\n    cost[s] = 0;\n\n    for (int i = 0; i < n; i++) {\n        int min_cost = MAX + 1, min_index = -1;\n        for (int j = 0; j < Is; j++) {\n            if (!visited[j] && cost[j] < min_cost) {\n                min_cost = cost[j];\n                min_index = j;\n            }\n        }\n        if (min_index == -1) break;\n        visited[min_index] = true;\n\n        for (int j = 0; j < Is; j++) {\n            if (map[min_index][j] != MAX && cost[j] > cost[min_index] + map[min_index][j]) {\n                cost[j] = cost[min_index] + map[min_index][j];\n            }\n        }\n    }\n    return cost[g];\n}\n\nint main() {\n    int n, k, req, a, b, c, d, e, ans;\n    while (cin >> n >> k, n != 0 || k != 0) {\n        vector<vector<int>> map(Is, vector<int>(Is, MAX));\n        \n        while (k--) {\n            cin >> req;\n            if (req) {\n                cin >> c >> d >> e;\n                if (e < map[c][d]) map[c][d] = map[d][c] = e;\n            } else {\n                cin >> a >> b;\n                if ((ans = dik(a, b, n, map)) != MAX) cout << ans << endl;\n                else cout << "-1" << endl;\n            }\n        }\n    }\n    return 0;\n}') | LineLLMMutation(('source.cpp', 19), '#include <iostream>\n#include <vector>\n#include <cstdio>\n#include <limits>\nusing namespace std;\n\nconst int MAX = 100000000;\nconst int Is = 110;\n\nint dik(int s, int g, int n, const vector<vector<int>>& map) {\n    vector<int> cost(Is, MAX);\n    vector<bool> visited(Is, false);\n    cost[s] = 0;\n\n    for (int i = 0; i < n; i++) {\n        int min_cost = MAX, min_index = -1;\n        for (int j = 0; j < Is; j++) {\n            if (!visited[j] && cost[j] < min_cost) {\n                min_cost = cost[j];\n                min_index = j;\n            }\n        }\n        if (min_index == -1) break;\n        visited[min_index] = true;\n\n        for (int j = 0; j < Is; j++) {\n            if (map[min_index][j] != MAX && cost[j] > cost[min_index] + map[min_index][j]) {\n                cost[j] = cost[min_index] + map[min_index][j];\n            }\n        }\n    }\n    return cost[g] == MAX ? -1 : cost[g]; // Return -1 if not reachable\n}\n\nint main() {\n    int n, k, req, a, b, c, d, e, ans;\n    while (cin >> n >> k, n != 0 || k != 0) {\n        vector<vector<int>> map(Is, vector<int>(Is, MAX));\n        \n        while (k--) {\n            cin >> req;\n            if (req) {\n                cin >> c >> d >> e;\n                map[c][d] = map[d][c] = min(map[c][d], e); // Use min directly\n            } else {\n                cin >> a >> b;\n                if ((ans = dik(a, b, n, map)) != MAX) cout << ans << endl;\n                else cout << "-1" << endl;\n            }\n        }\n    }\n    return 0;\n}')"
2025-01-24 22:18:38,891	[INFO]	Step: 38
2025-01-24 22:18:38,891	[INFO]	Stop Steps: 100
2025-01-24 22:18:39,499	[INFO]	3-9     TEST_CODE_ERROR       None (--) [3 edit(s)]  
2025-01-24 22:18:39,500	[DEBUG]	patch(3-9)="LineLLMMutation(('source.cpp', 7), '#include <iostream>\n#include <vector>\n#include <cstdio>\n#include <limits>\nusing namespace std;\n\nconst int MAX = 100000000;\nconst int Is = 110;\n\nint dik(int s, int g, int n, const vector<vector<int>>& map) {\n    vector<int> cost(Is, MAX);\n    vector<bool> visited(Is, false);\n    cost[s] = 0;\n\n    for (int i = 0; i < n; i++) {\n        int min_cost = MAX + 1, min_index = -1;\n        for (int j = 0; j < Is; j++) {\n            if (!visited[j] && cost[j] < min_cost) {\n                min_cost = cost[j];\n                min_index = j;\n            }\n        }\n        if (min_index == -1) break;\n        visited[min_index] = true;\n\n        for (int j = 0; j < Is; j++) {\n            if (map[min_index][j] != MAX && cost[j] > cost[min_index] + map[min_index][j]) {\n                cost[j] = cost[min_index] + map[min_index][j];\n            }\n        }\n    }\n    return cost[g];\n}\n\nint main() {\n    int n, k, req, a, b, c, d, e, ans;\n    while (scanf("%d %d", &n, &k), n != 0 || k != 0) {\n        vector<vector<int>> map(Is, vector<int>(Is, MAX));\n        \n        while (k--) {\n            scanf("%d", &req);\n            if (req) {\n                scanf("%d %d %d", &c, &d, &e);\n                if (e < map[c][d]) map[c][d] = map[d][c] = e;\n            } else {\n                scanf("%d %d", &a, &b);\n                if ((ans = dik(a, b, n, map)) != MAX) printf("%d\\n", ans);\n                else printf("-1\\n");\n            }\n        }\n    }\n    return 0;\n}') | LineLLMMutation(('source.cpp', 17), '#include <iostream>\n#include <vector>\n#include <cstdio>\n#include <limits>\n#include <queue>\nusing namespace std;\n\nconst int MAX = 100000000;\nconst int Is = 110;\n\nint dik(int s, int g, int n, const vector<vector<int>>& map) {\n    vector<int> cost(Is, MAX);\n    priority_queue<pair<int, int>, vector<pair<int, int>>, greater<pair<int, int>>> pq;\n    cost[s] = 0;\n    pq.push({0, s});\n\n    while (!pq.empty()) {\n        int min_cost = pq.top().first;\n        int min_index = pq.top().second;\n        pq.pop();\n\n        if (min_cost > cost[min_index]) continue;\n\n        for (int j = 0; j < Is; j++) {\n            if (map[min_index][j] != MAX && cost[j] > cost[min_index] + map[min_index][j]) {\n                cost[j] = cost[min_index] + map[min_index][j];\n                pq.push({cost[j], j});\n            }\n        }\n    }\n    return cost[g];\n}\n\nint main() {\n    int n, k, req, a, b, c, d, e, ans;\n    while (scanf("%d %d", &n, &k), n != 0 || k != 0) {\n        vector<vector<int>> map(Is, vector<int>(Is, MAX));\n        \n        while (k--) {\n            scanf("%d", &req);\n            if (req) {\n                scanf("%d %d %d", &c, &d, &e);\n                if (e < map[c][d]) map[c][d] = map[d][c] = e;\n            } else {\n                scanf("%d %d", &a, &b);\n                if ((ans = dik(a, b, n, map)) != MAX) printf("%d\\n", ans);\n                else printf("-1\\n");\n            }\n        }\n    }\n    return 0;\n}') | LineLLMMutation(('source.cpp', 20), '#include <iostream>\n#include <vector>\n#include <cstdio>\n#include <limits>\n#include <queue>\n#include <tuple>\nusing namespace std;\n\nconst int MAX = 100000000;\nconst int Is = 110;\n\nint dik(int s, int g, int n, const vector<vector<int>>& map) {\n    vector<int> cost(Is, MAX);\n    priority_queue<pair<int, int>, vector<pair<int, int>>, greater<pair<int, int>>> pq;\n    cost[s] = 0;\n    pq.push({0, s});\n\n    while (!pq.empty()) {\n        int min_cost = pq.top().first;\n        int min_index = pq.top().second;\n        pq.pop();\n\n        if (min_cost > cost[min_index]) continue;\n\n        for (int j = 0; j < Is; j++) {\n            if (map[min_index][j] != MAX && cost[j] > cost[min_index] + map[min_index][j]) {\n                cost[j] = cost[min_index] + map[min_index][j];\n                pq.push({cost[j], j});\n            }\n        }\n    }\n    return cost[g];\n}\n\nint main() {\n    int n, k, req, a, b, c, d, e, ans;\n    while (scanf("%d %d", &n, &k), n != 0 || k != 0) {\n        // Using a more space-efficient adjacency list instead of a 2D vector\n        vector<vector<pair<int, int>>> map(Is);\n        \n        while (k--) {\n            scanf("%d", &req);\n            if (req) {\n                scanf("%d %d %d", &c, &d, &e);\n                // Adding edges in a more efficient way\n                map[c].emplace_back(d, e);\n                map[d].emplace_back(c, e);\n            } else {\n                scanf("%d %d", &a, &b);\n                // Reconstructing the graph for Dijkstra\'s algorithm\n                vector<vector<int>> adj(Is, vector<int>(Is, MAX));\n                for (const auto& edge : map[a]) {\n                    adj[a][edge.first] = edge.second;\n                }\n                if ((ans = dik(a, b, n, adj)) != MAX) printf("%d\\n", ans);\n                else printf("-1\\n");\n            }\n        }\n    }\n    return 0;\n}')"
2025-01-24 22:18:39,500	[INFO]	Step: 39
2025-01-24 22:18:39,500	[INFO]	Stop Steps: 100
2025-01-24 22:18:40,199	[DEBUG]	EXEC>  SUCCESS 2690430.375
2025-01-24 22:18:40,200	[INFO]	3-10    SUCCESS               2690430.38 (81.56%) [2 edit(s)]  
2025-01-24 22:18:40,200	[DEBUG]	patch(3-10)="LineLLMCrossover(('source.cpp', 6), '#include <iostream>\n#include <vector>\n#include <limits>\nusing namespace std;\n\nconst int MAX = 100000000;\nconst int Is = 110;\n\nint dik(int s, int g, int n, const vector<vector<int>>& map) {\n    vector<int> cost(Is, MAX);\n    vector<bool> visited(Is, false);\n    cost[s] = 0;\n\n    for (int i = 0; i < n; i++) {\n        int min_cost = MAX + 1, min_index = -1;\n        for (int j = 0; j < Is; j++) {\n            if (!visited[j] && cost[j] < min_cost) {\n                min_cost = cost[j];\n                min_index = j;\n            }\n        }\n        if (min_index == -1) break;\n        visited[min_index] = true;\n\n        for (int j = 0; j < Is; j++) {\n            if (map[min_index][j] != MAX && cost[j] > cost[min_index] + map[min_index][j]) {\n                cost[j] = cost[min_index] + map[min_index][j];\n            }\n        }\n    }\n    return cost[g];\n}\n\nint main() {\n    int n, k, req, a, b, c, d, e, ans;\n    while (cin >> n >> k, n != 0 || k != 0) {\n        vector<vector<int>> map(Is, vector<int>(Is, MAX));\n        \n        while (k--) {\n            cin >> req;\n            if (req) {\n                cin >> c >> d >> e;\n                if (e < map[c][d]) map[c][d] = map[d][c] = e;\n            } else {\n                cin >> a >> b;\n                if ((ans = dik(a, b, n, map)) != MAX) cout << ans << endl;\n                else cout << "-1" << endl;\n            }\n        }\n    }\n    return 0;\n}') | LineLLMMutation(('source.cpp', 21), '#include <iostream>\n#include <vector>\n#include <limits>\nusing namespace std;\n\nconst int MAX = 100000000;\nconst int Is = 110;\n\nint dik(int s, int g, int n, const vector<vector<int>>& map) {\n    vector<int> cost(Is, MAX);\n    vector<bool> visited(Is, false);\n    cost[s] = 0;\n\n    for (int i = 0; i < n; i++) {\n        int min_cost = MAX + 1, min_index = -1;\n        for (int j = 0; j < Is; j++) {\n            if (!visited[j] && cost[j] < min_cost) {\n                min_cost = cost[j];\n                min_index = j;\n            }\n        }\n        if (min_index == -1) break;\n        visited[min_index] = true;\n\n        for (int j = 0; j < Is; j++) {\n            if (map[min_index][j] != MAX && cost[j] > cost[min_index] + map[min_index][j]) {\n                cost[j] = cost[min_index] + map[min_index][j];\n            }\n        }\n    }\n    return cost[g];\n}\n\nint main() {\n    int n, k, req, a, b, c, d, e, ans;\n    while (cin >> n >> k, n != 0 || k != 0) {\n        vector<vector<int>> map(Is, vector<int>(Is, MAX));\n        \n        while (k--) {\n            cin >> req;\n            if (req) {\n                cin >> c >> d >> e;\n                if (e < map[c][d]) {\n                    map[c][d] = e; \n                    map[d][c] = e; // Only update once instead of twice\n                }\n            } else {\n                cin >> a >> b;\n                if ((ans = dik(a, b, n, map)) != MAX) \n                    cout << ans << endl;\n                else \n                    cout << "-1" << endl;\n            }\n        }\n    }\n    return 0;\n}')"
2025-01-24 22:18:40,200	[INFO]	Step: 40
2025-01-24 22:18:40,200	[INFO]	Stop Steps: 100
2025-01-24 22:18:41,970	[DEBUG]	EXEC>  SUCCESS 4357589.5
2025-01-24 22:18:41,972	[INFO]	REF     SUCCESS               4357589.50 (--) [0 edit(s)]  
2025-01-24 22:18:41,972	[INFO]	Best patch: 7
2025-01-24 22:18:43,050	[DEBUG]	EXEC>  SUCCESS 3324177.5625
2025-01-24 22:18:43,050	[INFO]	BEST    SUCCESS              *3324177.56 (76.28%) [0 edit(s)]  
2025-01-24 22:18:43,050	[INFO]	Best patch step: 25
2025-01-24 22:19:39,261	[INFO]	Step: 40
2025-01-24 22:19:39,261	[INFO]	Stop Steps: 100
2025-01-24 22:19:40,047	[DEBUG]	EXEC>  SUCCESS 2648902.3125
2025-01-24 22:19:40,047	[INFO]	4-1     SUCCESS              *2648902.31 (60.79%) [2 edit(s)]  
2025-01-24 22:19:40,047	[DEBUG]	patch(4-1)="LineLLMCrossover(('source.cpp', 0), '#include <iostream>\n#include <vector>\n#include <cstdio>\n#include <limits>\nusing namespace std;\n\nconst int MAX = 100000000;\nconst int Is = 110;\n\nint dik(int s, int g, int n, const vector<vector<int>>& map) {\n    vector<int> cost(Is, MAX);\n    vector<bool> visited(Is, false);\n    cost[s] = 0;\n\n    for (int i = 0; i < n; i++) {\n        int min_cost = MAX + 1, min_index = -1;\n        for (int j = 0; j < Is; j++) {\n            if (!visited[j] && cost[j] < min_cost) {\n                min_cost = cost[j];\n                min_index = j;\n            }\n        }\n        if (min_index == -1) break;\n        visited[min_index] = true;\n\n        for (int j = 0; j < Is; j++) {\n            if (map[min_index][j] != MAX && cost[j] > cost[min_index] + map[min_index][j]) {\n                cost[j] = cost[min_index] + map[min_index][j];\n            }\n        }\n    }\n    return cost[g];\n}\n\nint main() {\n    int n, k, req, a, b, c, d, e, ans;\n    while (cin >> n >> k, n != 0 || k != 0) {\n        vector<vector<int>> map(Is, vector<int>(Is, MAX));\n        \n        while (k--) {\n            cin >> req;\n            if (req) {\n                cin >> c >> d >> e;\n                if (e < map[c][d]) map[c][d] = map[d][c] = e;\n            } else {\n                cin >> a >> b;\n                if ((ans = dik(a, b, n, map)) != MAX) cout << ans << endl;\n                else cout << "-1" << endl;\n            }\n        }\n    }\n    return 0;\n}') | LineLLMMutation(('source.cpp', 19), '#include <iostream>\n#include <vector>\n#include <cstdio>\n#include <limits>\nusing namespace std;\n\nconst int MAX = 100000000;\nconst int Is = 110;\n\nint dik(int s, int g, int n, const vector<vector<int>>& map) {\n    vector<int> cost(Is, MAX);\n    vector<bool> visited(Is, false);\n    cost[s] = 0;\n\n    for (int i = 0; i < n; i++) {\n        int min_cost = MAX, min_index = -1;\n        for (int j = 0; j < Is; j++) {\n            if (!visited[j] && cost[j] < min_cost) {\n                min_cost = cost[j];\n                min_index = j;\n            }\n        }\n        if (min_index == -1) break;\n        visited[min_index] = true;\n\n        for (int j = 0; j < Is; j++) {\n            if (map[min_index][j] != MAX && cost[j] > cost[min_index] + map[min_index][j]) {\n                cost[j] = cost[min_index] + map[min_index][j];\n            }\n        }\n    }\n    return cost[g] == MAX ? -1 : cost[g]; // Return -1 if not reachable\n}\n\nint main() {\n    int n, k, req, a, b, c, d, e, ans;\n    while (cin >> n >> k, n != 0 || k != 0) {\n        vector<vector<int>> map(Is, vector<int>(Is, MAX));\n        \n        while (k--) {\n            cin >> req;\n            if (req) {\n                cin >> c >> d >> e;\n                map[c][d] = map[d][c] = min(map[c][d], e); // Use min directly\n            } else {\n                cin >> a >> b;\n                if ((ans = dik(a, b, n, map)) != MAX) cout << ans << endl;\n                else cout << "-1" << endl;\n            }\n        }\n    }\n    return 0;\n}')"

2025-01-24 22:19:40,048	[INFO]	Step: 41
2025-01-24 22:19:40,048	[INFO]	Stop Steps: 100
2025-01-24 22:19:40,825	[DEBUG]	EXEC>  SUCCESS 2743194.6875
2025-01-24 22:19:40,825	[INFO]	4-2     SUCCESS               2743194.69 (62.95%) [1 edit(s)]  
2025-01-24 22:19:40,825	[DEBUG]	patch(4-2)="LineLLMCrossover(('source.cpp', 8), '#include <iostream>\n#include <vector>\n#include <cstdio>\n#include <limits>\n#include <queue>\nusing namespace std;\n\nconst int MAX = 100000000;\nconst int Is = 110;\n\nint dik(int s, int g, const vector<vector<int>>& map) {\n    vector<int> cost(Is, MAX);\n    vector<bool> visited(Is, false);\n    cost[s] = 0;\n\n    priority_queue<pair<int, int>, vector<pair<int, int>>, greater<pair<int, int>>> pq;\n    pq.push({0, s});\n\n    while (!pq.empty()) {\n        auto [current_cost, current_node] = pq.top();\n        pq.pop();\n        \n        if (visited[current_node]) continue;\n        visited[current_node] = true;\n\n        for (int j = 0; j < Is; j++) {\n            if (map[current_node][j] != MAX && !visited[j]) {\n                if (cost[j] > current_cost + map[current_node][j]) {\n                    cost[j] = current_cost + map[current_node][j];\n                    pq.push({cost[j], j});\n                }\n            }\n        }\n    }\n    return cost[g];\n}\n\nint main() {\n    int n, k, req, a, b, c, d, e, ans;\n    while (cin >> n >> k, n != 0 || k != 0) {\n        vector<vector<int>> map(Is, vector<int>(Is, MAX));\n        \n        while (k--) {\n            cin >> req;\n            if (req) {\n                cin >> c >> d >> e;\n                if (e < map[c][d]) map[c][d] = map[d][c] = e;\n            } else {\n                cin >> a >> b;\n                if ((ans = dik(a, b, map)) != MAX) cout << ans << endl;\n                else cout << "-1" << endl;\n            }\n        }\n    }\n    return 0;\n}')"
2025-01-24 22:19:40,825	[INFO]	Step: 42
2025-01-24 22:19:40,825	[INFO]	Stop Steps: 100
2025-01-24 22:19:41,601	[DEBUG]	EXEC>  SUCCESS 2893528.625
2025-01-24 22:19:41,602	[INFO]	4-3     SUCCESS               2893528.62 (66.40%) [1 edit(s)]  
2025-01-24 22:19:41,603	[DEBUG]	patch(4-3)="LineLLMCrossover(('source.cpp', 12), '#include <iostream>\n#include <vector>\n#include <limits>\n#include <queue>\nusing namespace std;\n\nconst int MAX = 100000000;\nconst int Is = 110;\n\nint dik(int s, int g, const vector<vector<int>>& map) {\n    vector<int> cost(Is, MAX);\n    vector<bool> visited(Is, false);\n    cost[s] = 0;\n    priority_queue<pair<int, int>, vector<pair<int, int>>, greater<pair<int, int>>> pq;\n    pq.push({0, s});\n\n    while (!pq.empty()) {\n        auto [current_cost, current_node] = pq.top();\n        pq.pop();\n\n        if (visited[current_node]) continue;\n        visited[current_node] = true;\n\n        for (int j = 0; j < Is; j++) {\n            if (map[current_node][j] != MAX && !visited[j]) {\n                if (cost[j] > current_cost + map[current_node][j]) {\n                    cost[j] = current_cost + map[current_node][j];\n                    pq.push({cost[j], j});\n                }\n            }\n        }\n    }\n    return cost[g] == MAX ? -1 : cost[g]; // Return -1 if not reachable\n}\n\nint main() {\n    int n, k, req, a, b, c, d, e, ans;\n    while (cin >> n >> k, n != 0 || k != 0) {\n        vector<vector<int>> map(Is, vector<int>(Is, MAX));\n\n        while (k--) {\n            cin >> req;\n            if (req) {\n                cin >> c >> d >> e;\n                if (e < map[c][d]) map[c][d] = map[d][c] = e;\n            } else {\n                cin >> a >> b;\n                if ((ans = dik(a, b, map)) != MAX) cout << ans << endl;\n                else cout << "-1" << endl;\n            }\n        }\n    }\n    return 0;\n}')"
2025-01-24 22:19:41,603	[INFO]	Step: 43
2025-01-24 22:19:41,603	[INFO]	Stop Steps: 100
2025-01-24 22:19:42,411	[DEBUG]	EXEC>  SUCCESS 2965286.5
2025-01-24 22:19:42,411	[INFO]	4-4     SUCCESS               2965286.50 (68.05%) [1 edit(s)]  
2025-01-24 22:19:42,412	[DEBUG]	patch(4-4)="LineLLMCrossover(('source.cpp', 13), '#include <iostream>\n#include <vector>\n#include <limits>\n#include <queue>\nusing namespace std;\n\nconst int MAX = 100000000;\nconst int Is = 110;\n\nint dik(int s, int g, int n, const vector<vector<int>>& map) {\n    vector<int> cost(Is, MAX);\n    priority_queue<pair<int, int>, vector<pair<int, int>>, greater<pair<int, int>>> pq;\n    cost[s] = 0;\n    pq.push({0, s});\n\n    while (!pq.empty()) {\n        auto [current_cost, current_node] = pq.top();\n        pq.pop();\n\n        if (current_cost > cost[current_node]) continue;\n\n        for (int j = 0; j < Is; j++) {\n            if (map[current_node][j] != MAX && cost[j] > current_cost + map[current_node][j]) {\n                cost[j] = current_cost + map[current_node][j];\n                pq.push({cost[j], j});\n            }\n        }\n    }\n    return cost[g] == MAX ? -1 : cost[g]; // Return -1 if not reachable\n}\n\nint main() {\n    int n, k, req, a, b, c, d, e, ans;\n    while (cin >> n >> k, n != 0 || k != 0) {\n        vector<vector<int>> map(Is, vector<int>(Is, MAX));\n\n        while (k--) {\n            cin >> req;\n            if (req) {\n                cin >> c >> d >> e;\n                if (e < map[c][d]) map[c][d] = map[d][c] = e;\n            } else {\n                cin >> a >> b;\n                if ((ans = dik(a, b, n, map)) != MAX) cout << ans << endl;\n                else cout << "-1" << endl;\n            }\n        }\n    }\n    return 0;\n}')"
2025-01-24 22:19:42,412	[INFO]	Step: 44
2025-01-24 22:19:42,412	[INFO]	Stop Steps: 100
2025-01-24 22:19:43,161	[DEBUG]	EXEC>  SUCCESS 2682139.75
2025-01-24 22:19:43,161	[INFO]	4-5     SUCCESS               2682139.75 (61.55%) [1 edit(s)]  
2025-01-24 22:19:43,162	[DEBUG]	patch(4-5)="LineLLMCrossover(('source.cpp', 14), '#include <iostream>\n#include <vector>\n#include <limits>\n#include <queue>\nusing namespace std;\n\nconst int MAX = 100000000;\nconst int Is = 110;\n\nint dik(int s, int g, const vector<vector<int>>& map) {\n    vector<int> cost(Is, MAX);\n    cost[s] = 0;\n    priority_queue<pair<int, int>, vector<pair<int, int>>, greater<pair<int, int>>> pq;\n    pq.push({0, s});\n\n    while (!pq.empty()) {\n        auto [current_cost, current_node] = pq.top();\n        pq.pop();\n\n        if (current_cost > cost[current_node]) continue;\n\n        for (int j = 0; j < Is; j++) {\n            if (map[current_node][j] != MAX && cost[j] > current_cost + map[current_node][j]) {\n                cost[j] = current_cost + map[current_node][j];\n                pq.push({cost[j], j});\n            }\n        }\n    }\n    return cost[g] == MAX ? -1 : cost[g]; // Return -1 if not reachable\n}\n\nint main() {\n    int n, k, req, a, b, c, d, e, ans;\n    while (cin >> n >> k, n != 0 || k != 0) {\n        vector<vector<int>> map(Is, vector<int>(Is, MAX));\n\n        while (k--) {\n            cin >> req;\n            if (req) {\n                cin >> c >> d >> e;\n                map[c][d] = map[d][c] = min(map[c][d], e); // Use min directly\n            } else {\n                cin >> a >> b;\n                if ((ans = dik(a, b, map)) != MAX) cout << ans << endl;\n                else cout << "-1" << endl;\n            }\n        }\n    }\n    return 0;\n}')"
2025-01-24 22:19:43,162	[INFO]	Step: 45
2025-01-24 22:19:43,162	[INFO]	Stop Steps: 100
2025-01-24 22:19:43,985	[DEBUG]	EXEC>  SUCCESS 2671978.6875
2025-01-24 22:19:43,985	[INFO]	4-6     SUCCESS               2671978.69 (61.32%) [1 edit(s)]  
2025-01-24 22:19:43,985	[DEBUG]	patch(4-6)="LineLLMCrossover(('source.cpp', 15), '#include <iostream>\n#include <vector>\n#include <limits>\n#include <queue>\nusing namespace std;\n\nconst int MAX = 100000000;\nconst int Is = 110;\n\nint dik(int s, int g, const vector<vector<int>>& map) {\n    vector<int> cost(Is, MAX);\n    priority_queue<pair<int, int>, vector<pair<int, int>>, greater<pair<int, int>>> pq;\n    cost[s] = 0;\n    pq.push({0, s});\n\n    while (!pq.empty()) {\n        auto [current_cost, current_node] = pq.top();\n        pq.pop();\n\n        if (current_cost > cost[current_node]) continue;\n\n        for (int j = 0; j < Is; j++) {\n            if (map[current_node][j] != MAX && cost[j] > current_cost + map[current_node][j]) {\n                cost[j] = current_cost + map[current_node][j];\n                pq.push({cost[j], j});\n            }\n        }\n    }\n    return cost[g] == MAX ? -1 : cost[g]; // Return -1 if not reachable\n}\n\nint main() {\n    int n, k, req, a, b, c, d, e, ans;\n    while (cin >> n >> k, n != 0 || k != 0) {\n        vector<vector<int>> map(Is, vector<int>(Is, MAX));\n\n        while (k--) {\n            cin >> req;\n            if (req) {\n                cin >> c >> d >> e;\n                if (e < map[c][d]) {\n                    map[c][d] = e; \n                    map[d][c] = e; // Only update once instead of twice\n                }\n            } else {\n                cin >> a >> b;\n                if ((ans = dik(a, b, map)) != MAX) cout << ans << endl;\n                else cout << "-1" << endl;\n            }\n        }\n    }\n    return 0;\n}')"
2025-01-24 22:19:43,985	[INFO]	Step: 46
2025-01-24 22:19:43,985	[INFO]	Stop Steps: 100
2025-01-24 22:19:44,779	[DEBUG]	EXEC>  SUCCESS 2747423.875
2025-01-24 22:19:44,780	[INFO]	4-7     SUCCESS               2747423.88 (63.05%) [3 edit(s)]  
2025-01-24 22:19:44,780	[DEBUG]	patch(4-7)="LineLLMCrossover(('source.cpp', 0), '#include <iostream>\n#include <vector>\n#include <cstdio>\n#include <limits>\nusing namespace std;\n\nconst int MAX = 100000000;\nconst int Is = 110;\n\nint dik(int s, int g, int n, const vector<vector<int>>& map) {\n    vector<int> cost(Is, MAX);\n    vector<bool> visited(Is, false);\n    cost[s] = 0;\n\n    for (int i = 0; i < n; i++) {\n        int min_cost = MAX + 1, min_index = -1;\n        for (int j = 0; j < Is; j++) {\n            if (!visited[j] && cost[j] < min_cost) {\n                min_cost = cost[j];\n                min_index = j;\n            }\n        }\n        if (min_index == -1) break;\n        visited[min_index] = true;\n\n        for (int j = 0; j < Is; j++) {\n            if (map[min_index][j] != MAX && cost[j] > cost[min_index] + map[min_index][j]) {\n                cost[j] = cost[min_index] + map[min_index][j];\n            }\n        }\n    }\n    return cost[g];\n}\n\nint main() {\n    int n, k, req, a, b, c, d, e, ans;\n    while (cin >> n >> k, n != 0 || k != 0) {\n        vector<vector<int>> map(Is, vector<int>(Is, MAX));\n        \n        while (k--) {\n            cin >> req;\n            if (req) {\n                cin >> c >> d >> e;\n                if (e < map[c][d]) map[c][d] = map[d][c] = e;\n            } else {\n                cin >> a >> b;\n                if ((ans = dik(a, b, n, map)) != MAX) cout << ans << endl;\n                else cout << "-1" << endl;\n            }\n        }\n    }\n    return 0;\n}') | LineLLMMutation(('source.cpp', 19), '#include <iostream>\n#include <vector>\n#include <cstdio>\n#include <limits>\nusing namespace std;\n\nconst int MAX = 100000000;\nconst int Is = 110;\n\nint dik(int s, int g, int n, const vector<vector<int>>& map) {\n    vector<int> cost(Is, MAX);\n    vector<bool> visited(Is, false);\n    cost[s] = 0;\n\n    for (int i = 0; i < n; i++) {\n        int min_cost = MAX, min_index = -1;\n        for (int j = 0; j < Is; j++) {\n            if (!visited[j] && cost[j] < min_cost) {\n                min_cost = cost[j];\n                min_index = j;\n            }\n        }\n        if (min_index == -1) break;\n        visited[min_index] = true;\n\n        for (int j = 0; j < Is; j++) {\n            if (map[min_index][j] != MAX && cost[j] > cost[min_index] + map[min_index][j]) {\n                cost[j] = cost[min_index] + map[min_index][j];\n            }\n        }\n    }\n    return cost[g] == MAX ? -1 : cost[g]; // Return -1 if not reachable\n}\n\nint main() {\n    int n, k, req, a, b, c, d, e, ans;\n    while (cin >> n >> k, n != 0 || k != 0) {\n        vector<vector<int>> map(Is, vector<int>(Is, MAX));\n        \n        while (k--) {\n            cin >> req;\n            if (req) {\n                cin >> c >> d >> e;\n                map[c][d] = map[d][c] = min(map[c][d], e); // Use min directly\n            } else {\n                cin >> a >> b;\n                if ((ans = dik(a, b, n, map)) != MAX) cout << ans << endl;\n                else cout << "-1" << endl;\n            }\n        }\n    }\n    return 0;\n}') | LineLLMMutation(('source.cpp', 22), '#include <iostream>\n#include <vector>\n#include <cstdio>\n#include <limits>\n#include <queue> // Include queue for priority queue\nusing namespace std;\n\nconst int MAX = 100000000;\nconst int Is = 110;\n\nint dik(int s, int g, int n, const vector<vector<int>>& map) {\n    vector<int> cost(Is, MAX);\n    vector<bool> visited(Is, false);\n    cost[s] = 0;\n    priority_queue<pair<int, int>, vector<pair<int, int>>, greater<pair<int, int>>> pq; // Min-heap\n    pq.push({0, s}); // Push the starting vertex\n\n    while (!pq.empty()) {\n        int min_cost = pq.top().first;\n        int min_index = pq.top().second;\n        pq.pop();\n        \n        if (visited[min_index]) continue; // Skip if already visited\n        visited[min_index] = true;\n\n        for (int j = 0; j < Is; j++) {\n            if (map[min_index][j] != MAX && cost[j] > min_cost + map[min_index][j]) {\n                cost[j] = min_cost + map[min_index][j];\n                pq.push({cost[j], j}); // Push updated cost to the priority queue\n            }\n        }\n    }\n    return cost[g] == MAX ? -1 : cost[g]; // Return -1 if not reachable\n}\n\nint main() {\n    int n, k, req, a, b, c, d, e, ans;\n    while (cin >> n >> k, n != 0 || k != 0) {\n        vector<vector<int>> map(Is, vector<int>(Is, MAX));\n        \n        while (k--) {\n            cin >> req;\n            if (req) {\n                cin >> c >> d >> e;\n                map[c][d] = map[d][c] = min(map[c][d], e); // Use min directly\n            } else {\n                cin >> a >> b;\n                if ((ans = dik(a, b, n, map)) != MAX) cout << ans << endl;\n                else cout << "-1" << endl;\n            }\n        }\n    }\n    return 0;\n}')"
2025-01-24 22:19:44,780	[INFO]	Step: 47
2025-01-24 22:19:44,780	[INFO]	Stop Steps: 100
2025-01-24 22:19:45,296	[INFO]	4-8     TEST_CODE_ERROR       None (--) [2 edit(s)]  
2025-01-24 22:19:45,296	[DEBUG]	patch(4-8)="LineLLMCrossover(('source.cpp', 8), '#include <iostream>\n#include <vector>\n#include <cstdio>\n#include <limits>\n#include <queue>\nusing namespace std;\n\nconst int MAX = 100000000;\nconst int Is = 110;\n\nint dik(int s, int g, const vector<vector<int>>& map) {\n    vector<int> cost(Is, MAX);\n    vector<bool> visited(Is, false);\n    cost[s] = 0;\n\n    priority_queue<pair<int, int>, vector<pair<int, int>>, greater<pair<int, int>>> pq;\n    pq.push({0, s});\n\n    while (!pq.empty()) {\n        auto [current_cost, current_node] = pq.top();\n        pq.pop();\n        \n        if (visited[current_node]) continue;\n        visited[current_node] = true;\n\n        for (int j = 0; j < Is; j++) {\n            if (map[current_node][j] != MAX && !visited[j]) {\n                if (cost[j] > current_cost + map[current_node][j]) {\n                    cost[j] = current_cost + map[current_node][j];\n                    pq.push({cost[j], j});\n                }\n            }\n        }\n    }\n    return cost[g];\n}\n\nint main() {\n    int n, k, req, a, b, c, d, e, ans;\n    while (cin >> n >> k, n != 0 || k != 0) {\n        vector<vector<int>> map(Is, vector<int>(Is, MAX));\n        \n        while (k--) {\n            cin >> req;\n            if (req) {\n                cin >> c >> d >> e;\n                if (e < map[c][d]) map[c][d] = map[d][c] = e;\n            } else {\n                cin >> a >> b;\n                if ((ans = dik(a, b, map)) != MAX) cout << ans << endl;\n                else cout << "-1" << endl;\n            }\n        }\n    }\n    return 0;\n}') | LineLLMMutation(('source.cpp', 23), '#include <iostream>\n#include <cstdio>\n#include <limits>\n#include <queue>\nusing namespace std;\n\nconst int MAX = 100000000;\nconst int Is = 110;\n\nint dik(int s, int g, int map[Is][Is]) {\n    int cost[Is];\n    bool visited[Is] = {false};\n    fill(cost, cost + Is, MAX);\n    cost[s] = 0;\n\n    priority_queue<pair<int, int>, vector<pair<int, int>>, greater<pair<int, int>>> pq;\n    pq.push({0, s});\n\n    while (!pq.empty()) {\n        auto [current_cost, current_node] = pq.top();\n        pq.pop();\n        \n        if (visited[current_node]) continue;\n        visited[current_node] = true;\n\n        for (int j = 0; j < Is; j++) {\n            if (map[current_node][j] != MAX && !visited[j]) {\n                if (cost[j] > current_cost + map[current_node][j]) {\n                    cost[j] = current_cost + map[current_node][j];\n                    pq.push({cost[j], j});\n                }\n            }\n        }\n    }\n    return cost[g];\n}\n\nint main() {\n    int n, k, req, a, b, c, d, e, ans;\n    while (cin >> n >> k, n != 0 || k != 0) {\n        int map[Is][Is];\n        fill(&map[0][0], &map[0][0] + sizeof(map) / sizeof(int), MAX);\n        \n        while (k--) {\n            cin >> req;\n            if (req) {\n                cin >> c >> d >> e;\n                if (e < map[c][d]) map[c][d] = map[d][c] = e;\n            } else {\n                if ((ans = dik(a, b, map)) != MAX) cout << ans << endl;\n                else cout << "-1" << endl;\n            }\n        }\n    }\n    return 0;\n}')"
2025-01-24 22:19:45,296	[INFO]	Step: 48
2025-01-24 22:19:45,296	[INFO]	Stop Steps: 100
2025-01-24 22:19:45,988	[DEBUG]	EXEC>  SUCCESS 2710642.875
2025-01-24 22:19:45,988	[INFO]	4-9     SUCCESS               2710642.88 (62.21%) [3 edit(s)]  
2025-01-24 22:19:45,988	[DEBUG]	patch(4-9)="LineLLMCrossover(('source.cpp', 6), '#include <iostream>\n#include <vector>\n#include <limits>\nusing namespace std;\n\nconst int MAX = 100000000;\nconst int Is = 110;\n\nint dik(int s, int g, int n, const vector<vector<int>>& map) {\n    vector<int> cost(Is, MAX);\n    vector<bool> visited(Is, false);\n    cost[s] = 0;\n\n    for (int i = 0; i < n; i++) {\n        int min_cost = MAX + 1, min_index = -1;\n        for (int j = 0; j < Is; j++) {\n            if (!visited[j] && cost[j] < min_cost) {\n                min_cost = cost[j];\n                min_index = j;\n            }\n        }\n        if (min_index == -1) break;\n        visited[min_index] = true;\n\n        for (int j = 0; j < Is; j++) {\n            if (map[min_index][j] != MAX && cost[j] > cost[min_index] + map[min_index][j]) {\n                cost[j] = cost[min_index] + map[min_index][j];\n            }\n        }\n    }\n    return cost[g];\n}\n\nint main() {\n    int n, k, req, a, b, c, d, e, ans;\n    while (cin >> n >> k, n != 0 || k != 0) {\n        vector<vector<int>> map(Is, vector<int>(Is, MAX));\n        \n        while (k--) {\n            cin >> req;\n            if (req) {\n                cin >> c >> d >> e;\n                if (e < map[c][d]) map[c][d] = map[d][c] = e;\n            } else {\n                cin >> a >> b;\n                if ((ans = dik(a, b, n, map)) != MAX) cout << ans << endl;\n                else cout << "-1" << endl;\n            }\n        }\n    }\n    return 0;\n}') | LineLLMMutation(('source.cpp', 21), '#include <iostream>\n#include <vector>\n#include <limits>\nusing namespace std;\n\nconst int MAX = 100000000;\nconst int Is = 110;\n\nint dik(int s, int g, int n, const vector<vector<int>>& map) {\n    vector<int> cost(Is, MAX);\n    vector<bool> visited(Is, false);\n    cost[s] = 0;\n\n    for (int i = 0; i < n; i++) {\n        int min_cost = MAX + 1, min_index = -1;\n        for (int j = 0; j < Is; j++) {\n            if (!visited[j] && cost[j] < min_cost) {\n                min_cost = cost[j];\n                min_index = j;\n            }\n        }\n        if (min_index == -1) break;\n        visited[min_index] = true;\n\n        for (int j = 0; j < Is; j++) {\n            if (map[min_index][j] != MAX && cost[j] > cost[min_index] + map[min_index][j]) {\n                cost[j] = cost[min_index] + map[min_index][j];\n            }\n        }\n    }\n    return cost[g];\n}\n\nint main() {\n    int n, k, req, a, b, c, d, e, ans;\n    while (cin >> n >> k, n != 0 || k != 0) {\n        vector<vector<int>> map(Is, vector<int>(Is, MAX));\n        \n        while (k--) {\n            cin >> req;\n            if (req) {\n                cin >> c >> d >> e;\n                if (e < map[c][d]) {\n                    map[c][d] = e; \n                    map[d][c] = e; // Only update once instead of twice\n                }\n            } else {\n                cin >> a >> b;\n                if ((ans = dik(a, b, n, map)) != MAX) \n                    cout << ans << endl;\n                else \n                    cout << "-1" << endl;\n            }\n        }\n    }\n    return 0;\n}') | LineLLMMutation(('source.cpp', 24), '#include <iostream>\n#include <vector>\n#include <limits>\nusing namespace std;\n\nconst int MAX = 100000000;\nconst int Is = 110;\n\nint dik(int s, int g, int n, const vector<vector<int>>& map) {\n    vector<int> cost(Is, MAX);\n    vector<bool> visited(Is, false);\n    cost[s] = 0;\n\n    for (int i = 0; i < n; i++) {\n        int min_cost = MAX + 1, min_index = -1;\n        for (int j = 0; j < Is; j++) {\n            if (!visited[j] && cost[j] < min_cost) {\n                min_cost = cost[j];\n                min_index = j;\n            }\n        }\n        if (min_index == -1) break;\n        visited[min_index] = true;\n\n        for (int j = 0; j < Is; j++) {\n            if (map[min_index][j] != MAX && cost[j] > cost[min_index] + map[min_index][j]) {\n                cost[j] = cost[min_index] + map[min_index][j];\n            }\n        }\n    }\n    return cost[g];\n}\n\nint main() {\n    int n, k, req, a, b, c, d, e, ans;\n    while (cin >> n >> k, n != 0 || k != 0) {\n        vector<vector<int>> map(Is, vector<int>(Is, MAX));\n        \n        while (k--) {\n            cin >> req;\n            if (req) {\n                cin >> c >> d >> e;\n                map[c][d] = min(map[c][d], e); \n                map[d][c] = min(map[d][c], e); // Handle both directions in one line\n            } else {\n                cin >> a >> b;\n                if ((ans = dik(a, b, n, map)) != MAX) \n                    cout << ans << endl;\n                else \n                    cout << "-1" << endl;\n            }\n        }\n    }\n    return 0;\n}')"
2025-01-24 22:19:45,988	[INFO]	Step: 49
2025-01-24 22:19:45,988	[INFO]	Stop Steps: 100
2025-01-24 22:19:46,542	[INFO]	4-10    TEST_CODE_ERROR       None (--) [2 edit(s)]  
2025-01-24 22:19:46,543	[DEBUG]	patch(4-10)="LineLLMCrossover(('source.cpp', 9), '#include <iostream>\n#include <vector>\n#include <limits>\n#include <queue>\nusing namespace std;\n\nconst int MAX = 100000000;\nconst int Is = 110;\n\nint dik(int s, int g, int n, const vector<vector<int>>& map) {\n    vector<int> cost(Is, MAX);\n    priority_queue<pair<int, int>, vector<pair<int, int>>, greater<pair<int, int>>> pq;\n    cost[s] = 0;\n    pq.push({0, s});\n\n    while (!pq.empty()) {\n        int min_cost = pq.top().first;\n        int min_index = pq.top().second;\n        pq.pop();\n\n        if (min_cost > cost[min_index]) continue;\n\n        for (int j = 0; j < Is; j++) {\n            if (map[min_index][j] != MAX && cost[j] > cost[min_index] + map[min_index][j]) {\n                cost[j] = cost[min_index] + map[min_index][j];\n                pq.push({cost[j], j});\n            }\n        }\n    }\n    return cost[g];\n}\n\nint main() {\n    int n, k, req, a, b, c, d, e, ans;\n    while (cin >> n >> k, n != 0 || k != 0) {\n        vector<vector<int>> map(Is, vector<int>(Is, MAX));\n        \n        while (k--) {\n            cin >> req;\n            if (req) {\n                cin >> c >> d >> e;\n                if (e < map[c][d]) map[c][d] = map[d][c] = e;\n            } else {\n                cin >> a >> b;\n                if ((ans = dik(a, b, n, map)) != MAX) cout << ans << endl;\n                else cout << "-1" << endl;\n            }\n        }\n    }\n    return 0;\n}') | LineLLMMutation(('source.cpp', 25), '#include <iostream>\n#include <limits>\n#include <queue>\nusing namespace std;\n\nconst int MAX = 100000000;\nconst int Is = 110;\n\nint map[Is][Is]; // Use a static array instead of vector\nint dik(int s, int g, int n) {\n    int cost[Is];\n    fill(cost, cost + Is, MAX);\n    priority_queue<pair<int, int>, vector<pair<int, int>>, greater<pair<int, int>>> pq;\n    cost[s] = 0;\n    pq.push({0, s});\n\n    while (!pq.empty()) {\n        int min_cost = pq.top().first;\n        int min_index = pq.top().second;\n        pq.pop();\n\n        if (min_cost > cost[min_index]) continue;\n\n        for (int j = 0; j < Is; j++) {\n            if (map[min_index][j] != MAX && cost[j] > cost[min_index] + map[min_index][j]) {\n                cost[j] = cost[min_index] + map[min_index][j];\n                pq.push({cost[j], j});\n            }\n        }\n    }\n    return cost[g];\n}\n\nint main() {\n    int n, k, req, a, b, c, d, e, ans;\n    while (cin >> n >> k, n != 0 || k != 0) {\n        fill(&map[0][0], &map[0][0] + sizeof(map) / sizeof(int), MAX); // Initialize the static array\n        \n        while (k--) {\n            cin >> req;\n            if (req) {\n                cin >> c >> d >> e;\n                if (e < map[c][d]) map[c][d] = map[d][c] = e;\n            } else {\n                if ((ans = dik(a, b, n)) != MAX) cout << ans << endl;\n                else cout << "-1" << endl;\n            }\n        }\n    }\n    return 0;\n}')"
2025-01-24 22:19:46,543	[INFO]	Step: 50
2025-01-24 22:19:46,543	[INFO]	Stop Steps: 100
2025-01-24 22:19:48,377	[DEBUG]	EXEC>  SUCCESS 4492842.0
2025-01-24 22:19:48,377	[INFO]	REF     SUCCESS               4492842.00 (--) [0 edit(s)]  
2025-01-24 22:19:48,378	[INFO]	Best patch: 0_19
2025-01-24 22:19:49,268	[DEBUG]	EXEC>  SUCCESS 3191666.75
2025-01-24 22:19:49,269	[INFO]	BEST    SUCCESS              *3191666.75 (71.04%) [0 edit(s)]  
2025-01-24 22:19:49,269	[INFO]	Best patch step: 40
2025-01-24 22:20:47,359	[INFO]	Step: 50
2025-01-24 22:20:47,359	[INFO]	Stop Steps: 100
2025-01-24 22:20:48,156	[DEBUG]	EXEC>  SUCCESS 2644915.4375
2025-01-24 22:20:48,157	[INFO]	5-1     SUCCESS              *2644915.44 (58.87%) [2 edit(s)]  
2025-01-24 22:20:48,157	[DEBUG]	patch(5-1)="LineLLMCrossover(('source.cpp', 0), '#include <iostream>\n#include <vector>\n#include <cstdio>\n#include <limits>\nusing namespace std;\n\nconst int MAX = 100000000;\nconst int Is = 110;\n\nint dik(int s, int g, int n, const vector<vector<int>>& map) {\n    vector<int> cost(Is, MAX);\n    vector<bool> visited(Is, false);\n    cost[s] = 0;\n\n    for (int i = 0; i < n; i++) {\n        int min_cost = MAX + 1, min_index = -1;\n        for (int j = 0; j < Is; j++) {\n            if (!visited[j] && cost[j] < min_cost) {\n                min_cost = cost[j];\n                min_index = j;\n            }\n        }\n        if (min_index == -1) break;\n        visited[min_index] = true;\n\n        for (int j = 0; j < Is; j++) {\n            if (map[min_index][j] != MAX && cost[j] > cost[min_index] + map[min_index][j]) {\n                cost[j] = cost[min_index] + map[min_index][j];\n            }\n        }\n    }\n    return cost[g];\n}\n\nint main() {\n    int n, k, req, a, b, c, d, e, ans;\n    while (cin >> n >> k, n != 0 || k != 0) {\n        vector<vector<int>> map(Is, vector<int>(Is, MAX));\n        \n        while (k--) {\n            cin >> req;\n            if (req) {\n                cin >> c >> d >> e;\n                if (e < map[c][d]) map[c][d] = map[d][c] = e;\n            } else {\n                cin >> a >> b;\n                if ((ans = dik(a, b, n, map)) != MAX) cout << ans << endl;\n                else cout << "-1" << endl;\n            }\n        }\n    }\n    return 0;\n}') | LineLLMMutation(('source.cpp', 19), '#include <iostream>\n#include <vector>\n#include <cstdio>\n#include <limits>\nusing namespace std;\n\nconst int MAX = 100000000;\nconst int Is = 110;\n\nint dik(int s, int g, int n, const vector<vector<int>>& map) {\n    vector<int> cost(Is, MAX);\n    vector<bool> visited(Is, false);\n    cost[s] = 0;\n\n    for (int i = 0; i < n; i++) {\n        int min_cost = MAX, min_index = -1;\n        for (int j = 0; j < Is; j++) {\n            if (!visited[j] && cost[j] < min_cost) {\n                min_cost = cost[j];\n                min_index = j;\n            }\n        }\n        if (min_index == -1) break;\n        visited[min_index] = true;\n\n        for (int j = 0; j < Is; j++) {\n            if (map[min_index][j] != MAX && cost[j] > cost[min_index] + map[min_index][j]) {\n                cost[j] = cost[min_index] + map[min_index][j];\n            }\n        }\n    }\n    return cost[g] == MAX ? -1 : cost[g]; // Return -1 if not reachable\n}\n\nint main() {\n    int n, k, req, a, b, c, d, e, ans;\n    while (cin >> n >> k, n != 0 || k != 0) {\n        vector<vector<int>> map(Is, vector<int>(Is, MAX));\n        \n        while (k--) {\n            cin >> req;\n            if (req) {\n                cin >> c >> d >> e;\n                map[c][d] = map[d][c] = min(map[c][d], e); // Use min directly\n            } else {\n                cin >> a >> b;\n                if ((ans = dik(a, b, n, map)) != MAX) cout << ans << endl;\n                else cout << "-1" << endl;\n            }\n        }\n    }\n    return 0;\n}')"

2025-01-24 22:20:48,157	[INFO]	Step: 51
2025-01-24 22:20:48,157	[INFO]	Stop Steps: 100
2025-01-24 22:20:48,954	[DEBUG]	EXEC>  SUCCESS 2919353.6875
2025-01-24 22:20:48,955	[INFO]	5-2     SUCCESS               2919353.69 (64.98%) [1 edit(s)]  
2025-01-24 22:20:48,955	[DEBUG]	patch(5-2)="LineLLMCrossover(('source.cpp', 15), '#include <iostream>\n#include <vector>\n#include <limits>\n#include <queue>\nusing namespace std;\n\nconst int MAX = 100000000;\nconst int Is = 110;\n\nint dik(int s, int g, const vector<vector<int>>& map) {\n    vector<int> cost(Is, MAX);\n    priority_queue<pair<int, int>, vector<pair<int, int>>, greater<pair<int, int>>> pq;\n    cost[s] = 0;\n    pq.push({0, s});\n\n    while (!pq.empty()) {\n        auto [current_cost, current_node] = pq.top();\n        pq.pop();\n\n        if (current_cost > cost[current_node]) continue;\n\n        for (int j = 0; j < Is; j++) {\n            if (map[current_node][j] != MAX && cost[j] > current_cost + map[current_node][j]) {\n                cost[j] = current_cost + map[current_node][j];\n                pq.push({cost[j], j});\n            }\n        }\n    }\n    return cost[g] == MAX ? -1 : cost[g]; // Return -1 if not reachable\n}\n\nint main() {\n    int n, k, req, a, b, c, d, e, ans;\n    while (cin >> n >> k, n != 0 || k != 0) {\n        vector<vector<int>> map(Is, vector<int>(Is, MAX));\n\n        while (k--) {\n            cin >> req;\n            if (req) {\n                cin >> c >> d >> e;\n                if (e < map[c][d]) {\n                    map[c][d] = e; \n                    map[d][c] = e; // Only update once instead of twice\n                }\n            } else {\n                cin >> a >> b;\n                if ((ans = dik(a, b, map)) != MAX) cout << ans << endl;\n                else cout << "-1" << endl;\n            }\n        }\n    }\n    return 0;\n}')"
2025-01-24 22:20:48,955	[INFO]	Step: 52
2025-01-24 22:20:48,955	[INFO]	Stop Steps: 100
2025-01-24 22:20:49,697	[DEBUG]	EXEC>  SUCCESS 2647058.4375
2025-01-24 22:20:49,697	[INFO]	5-3     SUCCESS               2647058.44 (58.92%) [1 edit(s)]  
2025-01-24 22:20:49,697	[DEBUG]	patch(5-3)="LineLLMCrossover(('source.cpp', 16), '#include <iostream>\n#include <vector>\n#include <limits>\n#include <queue>\nusing namespace std;\n\nconst int MAX = 100000000;\nconst int Is = 110;\n\nint dik(int s, int g, const vector<vector<int>>& map) {\n    vector<int> cost(Is, MAX);\n    priority_queue<pair<int, int>, vector<pair<int, int>>, greater<pair<int, int>>> pq;\n    cost[s] = 0;\n    pq.push({0, s});\n\n    while (!pq.empty()) {\n        auto [current_cost, current_node] = pq.top();\n        pq.pop();\n\n        if (current_cost > cost[current_node]) continue;\n\n        for (int j = 0; j < Is; j++) {\n            if (map[current_node][j] != MAX && cost[j] > current_cost + map[current_node][j]) {\n                cost[j] = current_cost + map[current_node][j];\n                pq.push({cost[j], j});\n            }\n        }\n    }\n    return cost[g] == MAX ? -1 : cost[g]; // Return -1 if not reachable\n}\n\nint main() {\n    int n, k, req, a, b, c, d, e, ans;\n    while (cin >> n >> k, n != 0 || k != 0) {\n        vector<vector<int>> map(Is, vector<int>(Is, MAX));\n\n        while (k--) {\n            cin >> req;\n            if (req) {\n                cin >> c >> d >> e;\n                map[c][d] = map[d][c] = min(map[c][d], e); // Use min directly\n            } else {\n                cin >> a >> b;\n                if ((ans = dik(a, b, map)) != MAX) cout << ans << endl;\n                else cout << "-1" << endl;\n            }\n        }\n    }\n    return 0;\n}')"
2025-01-24 22:20:49,697	[INFO]	Step: 53
2025-01-24 22:20:49,697	[INFO]	Stop Steps: 100
2025-01-24 22:20:50,435	[DEBUG]	EXEC>  SUCCESS 2757532.625
2025-01-24 22:20:50,435	[INFO]	5-4     SUCCESS               2757532.62 (61.38%) [1 edit(s)]  
2025-01-24 22:20:50,436	[DEBUG]	patch(5-4)="LineLLMCrossover(('source.cpp', 17), '#include <iostream>\n#include <vector>\n#include <limits>\n#include <queue>\nusing namespace std;\n\nconst int MAX = 100000000;\nconst int Is = 110;\n\nint dik(int s, int g, const vector<vector<int>>& map) {\n    vector<int> cost(Is, MAX);\n    cost[s] = 0;\n    priority_queue<pair<int, int>, vector<pair<int, int>>, greater<pair<int, int>>> pq;\n    pq.push({0, s});\n\n    while (!pq.empty()) {\n        auto [current_cost, current_node] = pq.top();\n        pq.pop();\n\n        if (current_cost > cost[current_node]) continue;\n\n        for (int j = 0; j < Is; j++) {\n            if (map[current_node][j] != MAX && cost[j] > current_cost + map[current_node][j]) {\n                cost[j] = current_cost + map[current_node][j];\n                pq.push({cost[j], j});\n            }\n        }\n    }\n    return cost[g] == MAX ? -1 : cost[g]; // Return -1 if not reachable\n}\n\nint main() {\n    int n, k, req, a, b, c, d, e, ans;\n    while (cin >> n >> k, n != 0 || k != 0) {\n        vector<vector<int>> map(Is, vector<int>(Is, MAX));\n\n        while (k--) {\n            cin >> req;\n            if (req) {\n                cin >> c >> d >> e;\n                map[c][d] = min(map[c][d], e);\n                map[d][c] = min(map[d][c], e); // Handle both directions in one line\n            } else {\n                cin >> a >> b;\n                if ((ans = dik(a, b, map)) != MAX) cout << ans << endl;\n                else cout << "-1" << endl;\n            }\n        }\n    }\n    return 0;\n}')"
2025-01-24 22:20:50,436	[INFO]	Step: 54
2025-01-24 22:20:50,436	[INFO]	Stop Steps: 100
2025-01-24 22:20:51,182	[DEBUG]	EXEC>  SUCCESS 2665660.3125
2025-01-24 22:20:51,182	[INFO]	5-5     SUCCESS               2665660.31 (59.33%) [1 edit(s)]  
2025-01-24 22:20:51,183	[DEBUG]	patch(5-5)="LineLLMCrossover(('source.cpp', 18), '#include <iostream>\n#include <vector>\n#include <limits>\n#include <queue>\nusing namespace std;\n\nconst int MAX = 100000000;\nconst int Is = 110;\n\nint dik(int s, int g, const vector<vector<int>>& map) {\n    vector<int> cost(Is, MAX);\n    priority_queue<pair<int, int>, vector<pair<int, int>>, greater<pair<int, int>>> pq;\n    cost[s] = 0;\n    pq.push({0, s});\n\n    while (!pq.empty()) {\n        auto [current_cost, current_node] = pq.top();\n        pq.pop();\n\n        if (current_cost > cost[current_node]) continue;\n\n        for (int j = 0; j < Is; j++) {\n            if (map[current_node][j] != MAX && cost[j] > current_cost + map[current_node][j]) {\n                cost[j] = current_cost + map[current_node][j];\n                pq.push({cost[j], j});\n            }\n        }\n    }\n    return cost[g] == MAX ? -1 : cost[g]; // Return -1 if not reachable\n}\n\nint main() {\n    int n, k, req, a, b, c, d, e, ans;\n    while (cin >> n >> k, n != 0 || k != 0) {\n        vector<vector<int>> map(Is, vector<int>(Is, MAX));\n\n        while (k--) {\n            cin >> req;\n            if (req) {\n                cin >> c >> d >> e;\n                map[c][d] = min(map[c][d], e); // Use min directly\n                map[d][c] = min(map[d][c], e); // Handle both directions in one line\n            } else {\n                cin >> a >> b;\n                if ((ans = dik(a, b, map)) != MAX) cout << ans << endl;\n                else cout << "-1" << endl;\n            }\n        }\n    }\n    return 0;\n}')"
2025-01-24 22:20:51,183	[INFO]	Step: 55
2025-01-24 22:20:51,183	[INFO]	Stop Steps: 100
2025-01-24 22:20:51,911	[DEBUG]	EXEC>  SUCCESS 2774218.875
2025-01-24 22:20:51,912	[INFO]	5-6     SUCCESS               2774218.88 (61.75%) [1 edit(s)]  
2025-01-24 22:20:51,912	[DEBUG]	patch(5-6)="LineLLMCrossover(('source.cpp', 19), '#include <iostream>\n#include <vector>\n#include <limits>\n#include <queue>\nusing namespace std;\n\nconst int MAX = 100000000;\nconst int Is = 110;\n\nint dik(int s, int g, const vector<vector<int>>& map) {\n    vector<int> cost(Is, MAX);\n    cost[s] = 0;\n    priority_queue<pair<int, int>, vector<pair<int, int>>, greater<pair<int, int>>> pq;\n    pq.push({0, s});\n\n    while (!pq.empty()) {\n        auto [current_cost, current_node] = pq.top();\n        pq.pop();\n\n        if (current_cost > cost[current_node]) continue;\n\n        for (int j = 0; j < Is; j++) {\n            if (map[current_node][j] != MAX && cost[j] > current_cost + map[current_node][j]) {\n                cost[j] = current_cost + map[current_node][j];\n                pq.push({cost[j], j});\n            }\n        }\n    }\n    return cost[g]; // Return cost directly; handle unreachable cases in main\n}\n\nint main() {\n    int n, k, req, a, b, c, d, e, ans;\n    while (cin >> n >> k, n != 0 || k != 0) {\n        vector<vector<int>> map(Is, vector<int>(Is, MAX));\n\n        while (k--) {\n            cin >> req;\n            if (req) {\n                cin >> c >> d >> e;\n                map[c][d] = min(map[c][d], e); \n                map[d][c] = min(map[d][c], e); // Handle both directions in one line\n            } else {\n                cin >> a >> b;\n                if ((ans = dik(a, b, map)) != MAX) cout << ans << endl;\n                else cout << "-1" << endl;\n            }\n        }\n    }\n    return 0;\n}')"
2025-01-24 22:20:51,912	[INFO]	Step: 56
2025-01-24 22:20:51,912	[INFO]	Stop Steps: 100
2025-01-24 22:20:52,759	[DEBUG]	EXEC>  SUCCESS 3175123.5
2025-01-24 22:20:52,760	[INFO]	5-7     SUCCESS               3175123.50 (70.67%) [3 edit(s)]  
2025-01-24 22:20:52,760	[DEBUG]	patch(5-7)="LineLLMCrossover(('source.cpp', 0), '#include <iostream>\n#include <vector>\n#include <cstdio>\n#include <limits>\nusing namespace std;\n\nconst int MAX = 100000000;\nconst int Is = 110;\n\nint dik(int s, int g, int n, const vector<vector<int>>& map) {\n    vector<int> cost(Is, MAX);\n    vector<bool> visited(Is, false);\n    cost[s] = 0;\n\n    for (int i = 0; i < n; i++) {\n        int min_cost = MAX + 1, min_index = -1;\n        for (int j = 0; j < Is; j++) {\n            if (!visited[j] && cost[j] < min_cost) {\n                min_cost = cost[j];\n                min_index = j;\n            }\n        }\n        if (min_index == -1) break;\n        visited[min_index] = true;\n\n        for (int j = 0; j < Is; j++) {\n            if (map[min_index][j] != MAX && cost[j] > cost[min_index] + map[min_index][j]) {\n                cost[j] = cost[min_index] + map[min_index][j];\n            }\n        }\n    }\n    return cost[g];\n}\n\nint main() {\n    int n, k, req, a, b, c, d, e, ans;\n    while (cin >> n >> k, n != 0 || k != 0) {\n        vector<vector<int>> map(Is, vector<int>(Is, MAX));\n        \n        while (k--) {\n            cin >> req;\n            if (req) {\n                cin >> c >> d >> e;\n                if (e < map[c][d]) map[c][d] = map[d][c] = e;\n            } else {\n                cin >> a >> b;\n                if ((ans = dik(a, b, n, map)) != MAX) cout << ans << endl;\n                else cout << "-1" << endl;\n            }\n        }\n    }\n    return 0;\n}') | LineLLMMutation(('source.cpp', 19), '#include <iostream>\n#include <vector>\n#include <cstdio>\n#include <limits>\nusing namespace std;\n\nconst int MAX = 100000000;\nconst int Is = 110;\n\nint dik(int s, int g, int n, const vector<vector<int>>& map) {\n    vector<int> cost(Is, MAX);\n    vector<bool> visited(Is, false);\n    cost[s] = 0;\n\n    for (int i = 0; i < n; i++) {\n        int min_cost = MAX, min_index = -1;\n        for (int j = 0; j < Is; j++) {\n            if (!visited[j] && cost[j] < min_cost) {\n                min_cost = cost[j];\n                min_index = j;\n            }\n        }\n        if (min_index == -1) break;\n        visited[min_index] = true;\n\n        for (int j = 0; j < Is; j++) {\n            if (map[min_index][j] != MAX && cost[j] > cost[min_index] + map[min_index][j]) {\n                cost[j] = cost[min_index] + map[min_index][j];\n            }\n        }\n    }\n    return cost[g] == MAX ? -1 : cost[g]; // Return -1 if not reachable\n}\n\nint main() {\n    int n, k, req, a, b, c, d, e, ans;\n    while (cin >> n >> k, n != 0 || k != 0) {\n        vector<vector<int>> map(Is, vector<int>(Is, MAX));\n        \n        while (k--) {\n            cin >> req;\n            if (req) {\n                cin >> c >> d >> e;\n                map[c][d] = map[d][c] = min(map[c][d], e); // Use min directly\n            } else {\n                cin >> a >> b;\n                if ((ans = dik(a, b, n, map)) != MAX) cout << ans << endl;\n                else cout << "-1" << endl;\n            }\n        }\n    }\n    return 0;\n}') | LineLLMMutation(('source.cpp', 26), '#include <iostream>\n#include <vector>\n#include <cstdio>\n#include <limits>\n#include <queue>\nusing namespace std;\n\nconst int MAX = 100000000;\nconst int Is = 110;\n\nint dik(int s, int g, int n, const vector<vector<int>>& map) {\n    vector<int> cost(Is, MAX);\n    vector<bool> visited(Is, false);\n    cost[s] = 0;\n\n    using PII = pair<int, int>; // Pair of (cost, node)\n    priority_queue<PII, vector<PII>, greater<PII>> pq; // Min-heap priority queue\n    pq.push({0, s}); // Start with the source node\n\n    while (!pq.empty()) {\n        int min_cost = pq.top().first;\n        int min_index = pq.top().second;\n        pq.pop();\n\n        if (visited[min_index]) continue; // Skip if already visited\n        visited[min_index] = true;\n\n        for (int j = 0; j < Is; j++) {\n            if (map[min_index][j] != MAX && cost[j] > min_cost + map[min_index][j]) {\n                cost[j] = min_cost + map[min_index][j];\n                pq.push({cost[j], j}); // Push updated cost and node to the priority queue\n            }\n        }\n    }\n    return cost[g] == MAX ? -1 : cost[g]; // Return -1 if not reachable\n}\n\nint main() {\n    int n, k, req, a, b, c, d, e, ans;\n    while (cin >> n >> k, n != 0 || k != 0) {\n        vector<vector<int>> map(Is, vector<int>(Is, MAX));\n        \n        while (k--) {\n            cin >> req;\n            if (req) {\n                cin >> c >> d >> e;\n                map[c][d] = map[d][c] = min(map[c][d], e); // Use min directly\n            } else {\n                cin >> a >> b;\n                if ((ans = dik(a, b, n, map)) != MAX) cout << ans << endl;\n                else cout << "-1" << endl;\n            }\n        }\n    }\n    return 0;\n}')"
2025-01-24 22:20:52,760	[INFO]	Step: 57
2025-01-24 22:20:52,760	[INFO]	Stop Steps: 100
2025-01-24 22:20:53,647	[DEBUG]	EXEC>  SUCCESS 2995220.625
2025-01-24 22:20:53,648	[INFO]	5-8     SUCCESS               2995220.62 (66.67%) [2 edit(s)]  
2025-01-24 22:20:53,648	[DEBUG]	patch(5-8)="LineLLMCrossover(('source.cpp', 15), '#include <iostream>\n#include <vector>\n#include <limits>\n#include <queue>\nusing namespace std;\n\nconst int MAX = 100000000;\nconst int Is = 110;\n\nint dik(int s, int g, const vector<vector<int>>& map) {\n    vector<int> cost(Is, MAX);\n    priority_queue<pair<int, int>, vector<pair<int, int>>, greater<pair<int, int>>> pq;\n    cost[s] = 0;\n    pq.push({0, s});\n\n    while (!pq.empty()) {\n        auto [current_cost, current_node] = pq.top();\n        pq.pop();\n\n        if (current_cost > cost[current_node]) continue;\n\n        for (int j = 0; j < Is; j++) {\n            if (map[current_node][j] != MAX && cost[j] > current_cost + map[current_node][j]) {\n                cost[j] = current_cost + map[current_node][j];\n                pq.push({cost[j], j});\n            }\n        }\n    }\n    return cost[g] == MAX ? -1 : cost[g]; // Return -1 if not reachable\n}\n\nint main() {\n    int n, k, req, a, b, c, d, e, ans;\n    while (cin >> n >> k, n != 0 || k != 0) {\n        vector<vector<int>> map(Is, vector<int>(Is, MAX));\n\n        while (k--) {\n            cin >> req;\n            if (req) {\n                cin >> c >> d >> e;\n                if (e < map[c][d]) {\n                    map[c][d] = e; \n                    map[d][c] = e; // Only update once instead of twice\n                }\n            } else {\n                cin >> a >> b;\n                if ((ans = dik(a, b, map)) != MAX) cout << ans << endl;\n                else cout << "-1" << endl;\n            }\n        }\n    }\n    return 0;\n}') | LineLLMMutation(('source.cpp', 27), '#include <iostream>\n#include <vector>\n#include <limits>\n#include <queue>\nusing namespace std;\n\nconst int MAX = 100000000;\nconst int Is = 110;\n\nint dik(int s, int g, const vector<vector<int>>& map) {\n    vector<int> cost(Is, MAX);\n    priority_queue<pair<int, int>, vector<pair<int, int>>, greater<pair<int, int>>> pq;\n    cost[s] = 0;\n    pq.push({0, s});\n\n    while (!pq.empty()) {\n        auto [current_cost, current_node] = pq.top();\n        pq.pop();\n\n        if (current_cost > cost[current_node]) continue;\n\n        for (int j = 0; j < Is; j++) {\n            if (map[current_node][j] != MAX && cost[j] > current_cost + map[current_node][j]) {\n                cost[j] = current_cost + map[current_node][j];\n                pq.push({cost[j], j});\n            }\n        }\n    }\n    return cost[g] == MAX ? -1 : cost[g]; // Return -1 if not reachable\n}\n\nint main() {\n    int n, k, req, a, b, c, d, e, ans;\n    while (cin >> n >> k, n != 0 || k != 0) {\n        vector<vector<int>> map(Is, vector<int>(Is, MAX));\n\n        while (k--) {\n            cin >> req;\n            if (req) {\n                cin >> c >> d >> e;\n                if (e < map[c][d]) {\n                    map[c][d] = e; \n                    map[d][c] = e; // Only update once instead of twice\n                }\n            } else {\n                cin >> a >> b;\n                if ((ans = dik(a, b, map)) != MAX) cout << ans << endl;\n                else cout << "-1" << endl;\n            }\n        }\n    }\n    return 0;\n}')"
2025-01-24 22:20:53,648	[INFO]	Step: 58
2025-01-24 22:20:53,648	[INFO]	Stop Steps: 100
2025-01-24 22:20:54,188	[INFO]	5-9     TEST_CODE_ERROR       None (--) [2 edit(s)]  
2025-01-24 22:20:54,188	[DEBUG]	patch(5-9)="LineLLMCrossover(('source.cpp', 14), '#include <iostream>\n#include <vector>\n#include <limits>\n#include <queue>\nusing namespace std;\n\nconst int MAX = 100000000;\nconst int Is = 110;\n\nint dik(int s, int g, const vector<vector<int>>& map) {\n    vector<int> cost(Is, MAX);\n    cost[s] = 0;\n    priority_queue<pair<int, int>, vector<pair<int, int>>, greater<pair<int, int>>> pq;\n    pq.push({0, s});\n\n    while (!pq.empty()) {\n        auto [current_cost, current_node] = pq.top();\n        pq.pop();\n\n        if (current_cost > cost[current_node]) continue;\n\n        for (int j = 0; j < Is; j++) {\n            if (map[current_node][j] != MAX && cost[j] > current_cost + map[current_node][j]) {\n                cost[j] = current_cost + map[current_node][j];\n                pq.push({cost[j], j});\n            }\n        }\n    }\n    return cost[g] == MAX ? -1 : cost[g]; // Return -1 if not reachable\n}\n\nint main() {\n    int n, k, req, a, b, c, d, e, ans;\n    while (cin >> n >> k, n != 0 || k != 0) {\n        vector<vector<int>> map(Is, vector<int>(Is, MAX));\n\n        while (k--) {\n            cin >> req;\n            if (req) {\n                cin >> c >> d >> e;\n                map[c][d] = map[d][c] = min(map[c][d], e); // Use min directly\n            } else {\n                cin >> a >> b;\n                if ((ans = dik(a, b, map)) != MAX) cout << ans << endl;\n                else cout << "-1" << endl;\n            }\n        }\n    }\n    return 0;\n}') | LineLLMMutation(('source.cpp', 28), '#include <iostream>\n#include <vector>\n#include <limits>\n#include <queue>\n#include <tuple>\nusing namespace std;\n\nconst int MAX = 100000000;\nconst int Is = 110;\n\nint dik(int s, int g, const vector<vector<int>>& map) {\n    vector<int> cost(Is, MAX);\n    cost[s] = 0;\n    priority_queue<tuple<int, int>, vector<tuple<int, int>>, greater<tuple<int, int>>> pq; // Use tuple for clarity\n    pq.emplace(0, s); // Emplace for potentially better performance\n\n    while (!pq.empty()) {\n        auto [current_cost, current_node] = pq.top();\n        pq.pop();\n\n        if (current_cost > cost[current_node]) continue;\n\n        for (int j = 0; j < Is; j++) {\n            if (map[current_node][j] != MAX && cost[j] > current_cost + map[current_node][j]) {\n                cost[j] = current_cost + map[current_node][j];\n                pq.emplace(cost[j], j); // Emplace for consistency\n            }\n        }\n    }\n    return cost[g] == MAX ? -1 : cost[g]; // Return -1 if not reachable\n}\n\nint main() {\n    int n, k, req, a, b, c, d, e, ans;\n    while (cin >> n >> k, n != 0 || k != 0) {\n        vector<vector<int>> map(Is, vector<int>(Is, MAX));\n\n        while (k--) {\n            cin >> req;\n            if (req) {\n                cin >> c >> d >> e;\n                map[c][d] = map[d][c] = min(map[c][d], e); // Use min directly\n            } else {\n                if ((ans = dik(a, b, map)) != MAX) cout << ans << endl;\n                else cout << "-1" << endl;\n            }\n        }\n    }\n    return 0;\n}')"
2025-01-24 22:20:54,188	[INFO]	Step: 59
2025-01-24 22:20:54,188	[INFO]	Stop Steps: 100
2025-01-24 22:20:54,860	[DEBUG]	EXEC>  SUCCESS 2946690.9375
2025-01-24 22:20:54,860	[INFO]	5-10    SUCCESS               2946690.94 (65.59%) [4 edit(s)]  
2025-01-24 22:20:54,860	[DEBUG]	patch(5-10)="LineLLMCrossover(('source.cpp', 6), '#include <iostream>\n#include <vector>\n#include <limits>\nusing namespace std;\n\nconst int MAX = 100000000;\nconst int Is = 110;\n\nint dik(int s, int g, int n, const vector<vector<int>>& map) {\n    vector<int> cost(Is, MAX);\n    vector<bool> visited(Is, false);\n    cost[s] = 0;\n\n    for (int i = 0; i < n; i++) {\n        int min_cost = MAX + 1, min_index = -1;\n        for (int j = 0; j < Is; j++) {\n            if (!visited[j] && cost[j] < min_cost) {\n                min_cost = cost[j];\n                min_index = j;\n            }\n        }\n        if (min_index == -1) break;\n        visited[min_index] = true;\n\n        for (int j = 0; j < Is; j++) {\n            if (map[min_index][j] != MAX && cost[j] > cost[min_index] + map[min_index][j]) {\n                cost[j] = cost[min_index] + map[min_index][j];\n            }\n        }\n    }\n    return cost[g];\n}\n\nint main() {\n    int n, k, req, a, b, c, d, e, ans;\n    while (cin >> n >> k, n != 0 || k != 0) {\n        vector<vector<int>> map(Is, vector<int>(Is, MAX));\n        \n        while (k--) {\n            cin >> req;\n            if (req) {\n                cin >> c >> d >> e;\n                if (e < map[c][d]) map[c][d] = map[d][c] = e;\n            } else {\n                cin >> a >> b;\n                if ((ans = dik(a, b, n, map)) != MAX) cout << ans << endl;\n                else cout << "-1" << endl;\n            }\n        }\n    }\n    return 0;\n}') | LineLLMMutation(('source.cpp', 21), '#include <iostream>\n#include <vector>\n#include <limits>\nusing namespace std;\n\nconst int MAX = 100000000;\nconst int Is = 110;\n\nint dik(int s, int g, int n, const vector<vector<int>>& map) {\n    vector<int> cost(Is, MAX);\n    vector<bool> visited(Is, false);\n    cost[s] = 0;\n\n    for (int i = 0; i < n; i++) {\n        int min_cost = MAX + 1, min_index = -1;\n        for (int j = 0; j < Is; j++) {\n            if (!visited[j] && cost[j] < min_cost) {\n                min_cost = cost[j];\n                min_index = j;\n            }\n        }\n        if (min_index == -1) break;\n        visited[min_index] = true;\n\n        for (int j = 0; j < Is; j++) {\n            if (map[min_index][j] != MAX && cost[j] > cost[min_index] + map[min_index][j]) {\n                cost[j] = cost[min_index] + map[min_index][j];\n            }\n        }\n    }\n    return cost[g];\n}\n\nint main() {\n    int n, k, req, a, b, c, d, e, ans;\n    while (cin >> n >> k, n != 0 || k != 0) {\n        vector<vector<int>> map(Is, vector<int>(Is, MAX));\n        \n        while (k--) {\n            cin >> req;\n            if (req) {\n                cin >> c >> d >> e;\n                if (e < map[c][d]) {\n                    map[c][d] = e; \n                    map[d][c] = e; // Only update once instead of twice\n                }\n            } else {\n                cin >> a >> b;\n                if ((ans = dik(a, b, n, map)) != MAX) \n                    cout << ans << endl;\n                else \n                    cout << "-1" << endl;\n            }\n        }\n    }\n    return 0;\n}') | LineLLMMutation(('source.cpp', 24), '#include <iostream>\n#include <vector>\n#include <limits>\nusing namespace std;\n\nconst int MAX = 100000000;\nconst int Is = 110;\n\nint dik(int s, int g, int n, const vector<vector<int>>& map) {\n    vector<int> cost(Is, MAX);\n    vector<bool> visited(Is, false);\n    cost[s] = 0;\n\n    for (int i = 0; i < n; i++) {\n        int min_cost = MAX + 1, min_index = -1;\n        for (int j = 0; j < Is; j++) {\n            if (!visited[j] && cost[j] < min_cost) {\n                min_cost = cost[j];\n                min_index = j;\n            }\n        }\n        if (min_index == -1) break;\n        visited[min_index] = true;\n\n        for (int j = 0; j < Is; j++) {\n            if (map[min_index][j] != MAX && cost[j] > cost[min_index] + map[min_index][j]) {\n                cost[j] = cost[min_index] + map[min_index][j];\n            }\n        }\n    }\n    return cost[g];\n}\n\nint main() {\n    int n, k, req, a, b, c, d, e, ans;\n    while (cin >> n >> k, n != 0 || k != 0) {\n        vector<vector<int>> map(Is, vector<int>(Is, MAX));\n        \n        while (k--) {\n            cin >> req;\n            if (req) {\n                cin >> c >> d >> e;\n                map[c][d] = min(map[c][d], e); \n                map[d][c] = min(map[d][c], e); // Handle both directions in one line\n            } else {\n                cin >> a >> b;\n                if ((ans = dik(a, b, n, map)) != MAX) \n                    cout << ans << endl;\n                else \n                    cout << "-1" << endl;\n            }\n        }\n    }\n    return 0;\n}') | LineLLMMutation(('source.cpp', 29), '#include <iostream>\n#include <vector>\n#include <limits>\nusing namespace std;\n\nconst int MAX = 100000000;\nconst int Is = 110;\n\nint dik(int s, int g, int n, const vector<int>& map) {\n    vector<int> cost(Is, MAX);\n    vector<bool> visited(Is, false);\n    cost[s] = 0;\n\n    for (int i = 0; i < n; i++) {\n        int min_cost = MAX + 1, min_index = -1;\n        for (int j = 0; j < Is; j++) {\n            if (!visited[j] && cost[j] < min_cost) {\n                min_cost = cost[j];\n                min_index = j;\n            }\n        }\n        if (min_index == -1) break;\n        visited[min_index] = true;\n\n        for (int j = 0; j < Is; j++) {\n            int edge_cost = map[min_index * Is + j];\n            if (edge_cost != MAX && cost[j] > cost[min_index] + edge_cost) {\n                cost[j] = cost[min_index] + edge_cost;\n            }\n        }\n    }\n    return cost[g];\n}\n\nint main() {\n    int n, k, req, a, b, c, d, e, ans;\n    while (cin >> n >> k, n != 0 || k != 0) {\n        vector<int> map(Is * Is, MAX);  // Optimized to a 1D array\n        \n        while (k--) {\n            cin >> req;\n            if (req) {\n                cin >> c >> d >> e;\n                map[c * Is + d] = min(map[c * Is + d], e); \n                map[d * Is + c] = min(map[d * Is + c], e); // Handle both directions in one line\n            } else {\n                cin >> a >> b;\n                if ((ans = dik(a, b, n, map)) != MAX) \n                    cout << ans << endl;\n                else \n                    cout << "-1" << endl;\n            }\n        }\n    }\n    return 0;\n}')"
2025-01-24 22:20:54,860	[INFO]	Step: 60
2025-01-24 22:20:54,860	[INFO]	Stop Steps: 100
2025-01-24 22:20:56,491	[DEBUG]	EXEC>  SUCCESS 3316860.875
2025-01-24 22:20:56,491	[INFO]	REF     SUCCESS               3316860.88 (--) [0 edit(s)]  
2025-01-24 22:20:56,491	[INFO]	Best patch: 0_19
2025-01-24 22:20:57,182	[DEBUG]	EXEC>  SUCCESS 2750879.6875
2025-01-24 22:20:57,182	[INFO]	BEST    SUCCESS              *2750879.69 (82.94%) [0 edit(s)]  
2025-01-24 22:20:57,182	[INFO]	Best patch step: 50
2025-01-24 22:21:54,808	[INFO]	Step: 60
2025-01-24 22:21:54,808	[INFO]	Stop Steps: 100
2025-01-24 22:21:55,588	[DEBUG]	EXEC>  SUCCESS 2773084.25
2025-01-24 22:21:55,589	[INFO]	6-1     SUCCESS              +2773084.25 (83.61%) [2 edit(s)]  
2025-01-24 22:21:55,589	[DEBUG]	patch(6-1)="LineLLMCrossover(('source.cpp', 0), '#include <iostream>\n#include <vector>\n#include <cstdio>\n#include <limits>\nusing namespace std;\n\nconst int MAX = 100000000;\nconst int Is = 110;\n\nint dik(int s, int g, int n, const vector<vector<int>>& map) {\n    vector<int> cost(Is, MAX);\n    vector<bool> visited(Is, false);\n    cost[s] = 0;\n\n    for (int i = 0; i < n; i++) {\n        int min_cost = MAX + 1, min_index = -1;\n        for (int j = 0; j < Is; j++) {\n            if (!visited[j] && cost[j] < min_cost) {\n                min_cost = cost[j];\n                min_index = j;\n            }\n        }\n        if (min_index == -1) break;\n        visited[min_index] = true;\n\n        for (int j = 0; j < Is; j++) {\n            if (map[min_index][j] != MAX && cost[j] > cost[min_index] + map[min_index][j]) {\n                cost[j] = cost[min_index] + map[min_index][j];\n            }\n        }\n    }\n    return cost[g];\n}\n\nint main() {\n    int n, k, req, a, b, c, d, e, ans;\n    while (cin >> n >> k, n != 0 || k != 0) {\n        vector<vector<int>> map(Is, vector<int>(Is, MAX));\n        \n        while (k--) {\n            cin >> req;\n            if (req) {\n                cin >> c >> d >> e;\n                if (e < map[c][d]) map[c][d] = map[d][c] = e;\n            } else {\n                cin >> a >> b;\n                if ((ans = dik(a, b, n, map)) != MAX) cout << ans << endl;\n                else cout << "-1" << endl;\n            }\n        }\n    }\n    return 0;\n}') | LineLLMMutation(('source.cpp', 19), '#include <iostream>\n#include <vector>\n#include <cstdio>\n#include <limits>\nusing namespace std;\n\nconst int MAX = 100000000;\nconst int Is = 110;\n\nint dik(int s, int g, int n, const vector<vector<int>>& map) {\n    vector<int> cost(Is, MAX);\n    vector<bool> visited(Is, false);\n    cost[s] = 0;\n\n    for (int i = 0; i < n; i++) {\n        int min_cost = MAX, min_index = -1;\n        for (int j = 0; j < Is; j++) {\n            if (!visited[j] && cost[j] < min_cost) {\n                min_cost = cost[j];\n                min_index = j;\n            }\n        }\n        if (min_index == -1) break;\n        visited[min_index] = true;\n\n        for (int j = 0; j < Is; j++) {\n            if (map[min_index][j] != MAX && cost[j] > cost[min_index] + map[min_index][j]) {\n                cost[j] = cost[min_index] + map[min_index][j];\n            }\n        }\n    }\n    return cost[g] == MAX ? -1 : cost[g]; // Return -1 if not reachable\n}\n\nint main() {\n    int n, k, req, a, b, c, d, e, ans;\n    while (cin >> n >> k, n != 0 || k != 0) {\n        vector<vector<int>> map(Is, vector<int>(Is, MAX));\n        \n        while (k--) {\n            cin >> req;\n            if (req) {\n                cin >> c >> d >> e;\n                map[c][d] = map[d][c] = min(map[c][d], e); // Use min directly\n            } else {\n                cin >> a >> b;\n                if ((ans = dik(a, b, n, map)) != MAX) cout << ans << endl;\n                else cout << "-1" << endl;\n            }\n        }\n    }\n    return 0;\n}')"
2025-01-24 22:21:55,589	[INFO]	Step: 61
2025-01-24 22:21:55,589	[INFO]	Stop Steps: 100
2025-01-24 22:21:56,324	[DEBUG]	EXEC>  SUCCESS 2639040.875
2025-01-24 22:21:56,325	[INFO]	6-2     SUCCESS              *2639040.88 (79.56%) [1 edit(s)]  
2025-01-24 22:21:56,325	[DEBUG]	patch(6-2)="LineLLMCrossover(('source.cpp', 16), '#include <iostream>\n#include <vector>\n#include <limits>\n#include <queue>\nusing namespace std;\n\nconst int MAX = 100000000;\nconst int Is = 110;\n\nint dik(int s, int g, const vector<vector<int>>& map) {\n    vector<int> cost(Is, MAX);\n    priority_queue<pair<int, int>, vector<pair<int, int>>, greater<pair<int, int>>> pq;\n    cost[s] = 0;\n    pq.push({0, s});\n\n    while (!pq.empty()) {\n        auto [current_cost, current_node] = pq.top();\n        pq.pop();\n\n        if (current_cost > cost[current_node]) continue;\n\n        for (int j = 0; j < Is; j++) {\n            if (map[current_node][j] != MAX && cost[j] > current_cost + map[current_node][j]) {\n                cost[j] = current_cost + map[current_node][j];\n                pq.push({cost[j], j});\n            }\n        }\n    }\n    return cost[g] == MAX ? -1 : cost[g]; // Return -1 if not reachable\n}\n\nint main() {\n    int n, k, req, a, b, c, d, e, ans;\n    while (cin >> n >> k, n != 0 || k != 0) {\n        vector<vector<int>> map(Is, vector<int>(Is, MAX));\n\n        while (k--) {\n            cin >> req;\n            if (req) {\n                cin >> c >> d >> e;\n                map[c][d] = map[d][c] = min(map[c][d], e); // Use min directly\n            } else {\n                cin >> a >> b;\n                if ((ans = dik(a, b, map)) != MAX) cout << ans << endl;\n                else cout << "-1" << endl;\n            }\n        }\n    }\n    return 0;\n}')"

2025-01-24 22:21:56,325	[INFO]	Step: 62
2025-01-24 22:21:56,325	[INFO]	Stop Steps: 100
2025-01-24 22:21:57,073	[DEBUG]	EXEC>  SUCCESS 2723898.875
2025-01-24 22:21:57,074	[INFO]	6-3     SUCCESS               2723898.88 (82.12%) [1 edit(s)]  
2025-01-24 22:21:57,074	[DEBUG]	patch(6-3)="LineLLMCrossover(('source.cpp', 20), '#include <iostream>\n#include <vector>\n#include <limits>\n#include <queue>\nusing namespace std;\n\nconst int MAX = 100000000;\nconst int Is = 110;\n\nint dik(int s, int g, const vector<vector<int>>& map) {\n    vector<int> cost(Is, MAX);\n    priority_queue<pair<int, int>, vector<pair<int, int>>, greater<pair<int, int>>> pq;\n    cost[s] = 0;\n    pq.push({0, s});\n\n    while (!pq.empty()) {\n        auto [current_cost, current_node] = pq.top();\n        pq.pop();\n\n        if (current_cost > cost[current_node]) continue;\n\n        for (int j = 0; j < Is; j++) {\n            if (map[current_node][j] != MAX && cost[j] > current_cost + map[current_node][j]) {\n                cost[j] = current_cost + map[current_node][j];\n                pq.push({cost[j], j});\n            }\n        }\n    }\n    return cost[g] == MAX ? -1 : cost[g]; // Return -1 if not reachable\n}\n\nint main() {\n    int n, k, req, a, b, c, d, e, ans;\n    while (cin >> n >> k, n != 0 || k != 0) {\n        vector<vector<int>> map(Is, vector<int>(Is, MAX));\n\n        while (k--) {\n            cin >> req;\n            if (req) {\n                cin >> c >> d >> e;\n                map[c][d] = map[d][c] = min(map[c][d], e); // Use min directly\n            } else {\n                cin >> a >> b;\n                if ((ans = dik(a, b, map)) != MAX) cout << ans << endl;\n                else cout << "-1" << endl;\n            }\n        }\n    }\n    return 0;\n}')"
2025-01-24 22:21:57,074	[INFO]	Step: 63
2025-01-24 22:21:57,074	[INFO]	Stop Steps: 100
2025-01-24 22:21:57,843	[DEBUG]	EXEC>  SUCCESS 3350175.125
2025-01-24 22:21:57,843	[INFO]	6-4     SUCCESS               3350175.12 (101.00%) [1 edit(s)]  
2025-01-24 22:21:57,843	[DEBUG]	patch(6-4)="LineLLMCrossover(('source.cpp', 21), '#include <iostream>\n#include <vector>\n#include <limits>\n#include <queue>\nusing namespace std;\n\nconst int MAX = 100000000;\nconst int Is = 110;\n\nint dik(int s, int g, const vector<vector<int>>& map) {\n    vector<int> cost(Is, MAX);\n    cost[s] = 0; // Initialize cost for the start node\n    priority_queue<pair<int, int>, vector<pair<int, int>>, greater<pair<int, int>>> pq;\n    pq.push({0, s});\n\n    while (!pq.empty()) {\n        auto [current_cost, current_node] = pq.top();\n        pq.pop();\n\n        if (current_cost > cost[current_node]) continue;\n\n        for (int j = 0; j < Is; j++) {\n            if (map[current_node][j] != MAX && cost[j] > current_cost + map[current_node][j]) {\n                cost[j] = current_cost + map[current_node][j];\n                pq.push({cost[j], j});\n            }\n        }\n    }\n    return cost[g] == MAX ? -1 : cost[g]; // Return -1 if not reachable\n}\n\nint main() {\n    int n, k, req, a, b, c, d, e, ans;\n    while (cin >> n >> k, n != 0 || k != 0) {\n        vector<vector<int>> map(Is, vector<int>(Is, MAX));\n\n        while (k--) {\n            cin >> req;\n            if (req) {\n                cin >> c >> d >> e;\n                map[c][d] = map[d][c] = min(map[c][d], e); // Update the map efficiently\n            } else {\n                cin >> a >> b;\n                if ((ans = dik(a, b, map)) != MAX) cout << ans << endl;\n                else cout << "-1" << endl;\n            }\n        }\n    }\n    return 0;\n}')"
2025-01-24 22:21:57,843	[INFO]	Step: 64
2025-01-24 22:21:57,843	[INFO]	Stop Steps: 100
2025-01-24 22:21:58,627	[DEBUG]	EXEC>  SUCCESS 2893796.4375
2025-01-24 22:21:58,627	[INFO]	6-5     SUCCESS               2893796.44 (87.25%) [1 edit(s)]  
2025-01-24 22:21:58,627	[DEBUG]	patch(6-5)="LineLLMCrossover(('source.cpp', 22), '#include <iostream>\n#include <vector>\n#include <limits>\n#include <queue>\nusing namespace std;\n\nconst int MAX = 100000000;\nconst int Is = 110;\n\nint dik(int s, int g, const vector<vector<int>>& map) {\n    vector<int> cost(Is, MAX);\n    priority_queue<pair<int, int>, vector<pair<int, int>>, greater<pair<int, int>>> pq;\n    cost[s] = 0;\n    pq.push({0, s});\n\n    while (!pq.empty()) {\n        auto [current_cost, current_node] = pq.top();\n        pq.pop();\n\n        if (current_cost > cost[current_node]) continue;\n\n        for (int j = 0; j < Is; j++) {\n            if (map[current_node][j] != MAX && cost[j] > current_cost + map[current_node][j]) {\n                cost[j] = current_cost + map[current_node][j];\n                pq.push({cost[j], j});\n            }\n        }\n    }\n    return cost[g] == MAX ? -1 : cost[g]; // Return -1 if not reachable\n}\n\nint main() {\n    int n, k, req, a, b, c, d, e, ans;\n    while (cin >> n >> k, n != 0 || k != 0) {\n        vector<vector<int>> map(Is, vector<int>(Is, MAX));\n\n        while (k--) {\n            cin >> req;\n            if (req) {\n                cin >> c >> d >> e;\n                map[c][d] = map[d][c] = min(map[c][d], e); // Efficiently update costs\n            } else {\n                cin >> a >> b;\n                if ((ans = dik(a, b, map)) != MAX) cout << ans << endl;\n                else cout << "-1" << endl;\n            }\n        }\n    }\n    return 0;\n}')"
2025-01-24 22:21:58,627	[INFO]	Step: 65
2025-01-24 22:21:58,628	[INFO]	Stop Steps: 100
2025-01-24 22:21:59,451	[DEBUG]	EXEC>  SUCCESS 2850257.625
2025-01-24 22:21:59,451	[INFO]	6-6     SUCCESS               2850257.62 (85.93%) [1 edit(s)]  
2025-01-24 22:21:59,451	[DEBUG]	patch(6-6)="LineLLMCrossover(('source.cpp', 23), '#include <iostream>\n#include <vector>\n#include <limits>\n#include <queue>\nusing namespace std;\n\nconst int MAX = 100000000;\nconst int Is = 110;\n\nint dik(int s, int g, const vector<vector<int>>& map) {\n    vector<int> cost(Is, MAX);\n    cost[s] = 0;\n    priority_queue<pair<int, int>, vector<pair<int, int>>, greater<pair<int, int>>> pq;\n    pq.push({0, s});\n\n    while (!pq.empty()) {\n        auto [current_cost, current_node] = pq.top();\n        pq.pop();\n\n        if (current_cost > cost[current_node]) continue;\n\n        for (int j = 0; j < Is; j++) {\n            if (map[current_node][j] != MAX && cost[j] > current_cost + map[current_node][j]) {\n                cost[j] = current_cost + map[current_node][j];\n                pq.push({cost[j], j});\n            }\n        }\n    }\n    return cost[g] == MAX ? -1 : cost[g]; // Return -1 if not reachable\n}\n\nint main() {\n    int n, k, req, a, b, c, d, e, ans;\n    while (cin >> n >> k, n != 0 || k != 0) {\n        vector<vector<int>> map(Is, vector<int>(Is, MAX));\n\n        while (k--) {\n            cin >> req;\n            if (req) {\n                cin >> c >> d >> e;\n                map[c][d] = map[d][c] = min(map[c][d], e); // Handle both directions\n            } else {\n                cin >> a >> b;\n                if ((ans = dik(a, b, map)) != MAX) cout << ans << endl;\n                else cout << "-1" << endl;\n            }\n        }\n    }\n    return 0;\n}')"
2025-01-24 22:21:59,451	[INFO]	Step: 66
2025-01-24 22:21:59,451	[INFO]	Stop Steps: 100
2025-01-24 22:22:00,227	[DEBUG]	EXEC>  SUCCESS 2766483.75
2025-01-24 22:22:00,227	[INFO]	6-7     SUCCESS               2766483.75 (83.41%) [3 edit(s)]  
2025-01-24 22:22:00,227	[DEBUG]	patch(6-7)="LineLLMCrossover(('source.cpp', 0), '#include <iostream>\n#include <vector>\n#include <cstdio>\n#include <limits>\nusing namespace std;\n\nconst int MAX = 100000000;\nconst int Is = 110;\n\nint dik(int s, int g, int n, const vector<vector<int>>& map) {\n    vector<int> cost(Is, MAX);\n    vector<bool> visited(Is, false);\n    cost[s] = 0;\n\n    for (int i = 0; i < n; i++) {\n        int min_cost = MAX + 1, min_index = -1;\n        for (int j = 0; j < Is; j++) {\n            if (!visited[j] && cost[j] < min_cost) {\n                min_cost = cost[j];\n                min_index = j;\n            }\n        }\n        if (min_index == -1) break;\n        visited[min_index] = true;\n\n        for (int j = 0; j < Is; j++) {\n            if (map[min_index][j] != MAX && cost[j] > cost[min_index] + map[min_index][j]) {\n                cost[j] = cost[min_index] + map[min_index][j];\n            }\n        }\n    }\n    return cost[g];\n}\n\nint main() {\n    int n, k, req, a, b, c, d, e, ans;\n    while (cin >> n >> k, n != 0 || k != 0) {\n        vector<vector<int>> map(Is, vector<int>(Is, MAX));\n        \n        while (k--) {\n            cin >> req;\n            if (req) {\n                cin >> c >> d >> e;\n                if (e < map[c][d]) map[c][d] = map[d][c] = e;\n            } else {\n                cin >> a >> b;\n                if ((ans = dik(a, b, n, map)) != MAX) cout << ans << endl;\n                else cout << "-1" << endl;\n            }\n        }\n    }\n    return 0;\n}') | LineLLMMutation(('source.cpp', 19), '#include <iostream>\n#include <vector>\n#include <cstdio>\n#include <limits>\nusing namespace std;\n\nconst int MAX = 100000000;\nconst int Is = 110;\n\nint dik(int s, int g, int n, const vector<vector<int>>& map) {\n    vector<int> cost(Is, MAX);\n    vector<bool> visited(Is, false);\n    cost[s] = 0;\n\n    for (int i = 0; i < n; i++) {\n        int min_cost = MAX, min_index = -1;\n        for (int j = 0; j < Is; j++) {\n            if (!visited[j] && cost[j] < min_cost) {\n                min_cost = cost[j];\n                min_index = j;\n            }\n        }\n        if (min_index == -1) break;\n        visited[min_index] = true;\n\n        for (int j = 0; j < Is; j++) {\n            if (map[min_index][j] != MAX && cost[j] > cost[min_index] + map[min_index][j]) {\n                cost[j] = cost[min_index] + map[min_index][j];\n            }\n        }\n    }\n    return cost[g] == MAX ? -1 : cost[g]; // Return -1 if not reachable\n}\n\nint main() {\n    int n, k, req, a, b, c, d, e, ans;\n    while (cin >> n >> k, n != 0 || k != 0) {\n        vector<vector<int>> map(Is, vector<int>(Is, MAX));\n        \n        while (k--) {\n            cin >> req;\n            if (req) {\n                cin >> c >> d >> e;\n                map[c][d] = map[d][c] = min(map[c][d], e); // Use min directly\n            } else {\n                cin >> a >> b;\n                if ((ans = dik(a, b, n, map)) != MAX) cout << ans << endl;\n                else cout << "-1" << endl;\n            }\n        }\n    }\n    return 0;\n}') | LineLLMMutation(('source.cpp', 30), '#include <iostream>\n#include <vector>\n#include <cstdio>\n#include <limits>\n#include <queue>\nusing namespace std;\n\nconst int MAX = 100000000;\nconst int Is = 110;\n\nint dik(int s, int g, int n, const vector<vector<int>>& map) {\n    vector<int> cost(Is, MAX);\n    cost[s] = 0;\n    priority_queue<pair<int, int>, vector<pair<int, int>>, greater<pair<int, int>>> pq;\n    pq.push({0, s}); // {cost, node}\n\n    while (!pq.empty()) {\n        int min_cost = pq.top().first;\n        int min_index = pq.top().second;\n        pq.pop();\n\n        if (min_cost > cost[min_index]) continue; // Skip if we have found a better cost already\n\n        for (int j = 0; j < Is; j++) {\n            if (map[min_index][j] != MAX) {\n                int new_cost = cost[min_index] + map[min_index][j];\n                if (new_cost < cost[j]) {\n                    cost[j] = new_cost;\n                    pq.push({new_cost, j}); // Push the updated cost and node into the priority queue\n                }\n            }\n        }\n    }\n    return cost[g] == MAX ? -1 : cost[g]; // Return -1 if not reachable\n}\n\nint main() {\n    int n, k, req, a, b, c, d, e, ans;\n    while (cin >> n >> k, n != 0 || k != 0) {\n        vector<vector<int>> map(Is, vector<int>(Is, MAX));\n        \n        while (k--) {\n            cin >> req;\n            if (req) {\n                cin >> c >> d >> e;\n                map[c][d] = map[d][c] = min(map[c][d], e); // Use min directly\n            } else {\n                cin >> a >> b;\n                if ((ans = dik(a, b, n, map)) != MAX) cout << ans << endl;\n                else cout << "-1" << endl;\n            }\n        }\n    }\n    return 0;\n}')"
2025-01-24 22:22:00,227	[INFO]	Step: 67
2025-01-24 22:22:00,227	[INFO]	Stop Steps: 100
2025-01-24 22:22:00,954	[DEBUG]	EXEC>  SUCCESS 2756460.3125
2025-01-24 22:22:00,954	[INFO]	6-8     SUCCESS               2756460.31 (83.10%) [2 edit(s)]  
2025-01-24 22:22:00,954	[DEBUG]	patch(6-8)="LineLLMCrossover(('source.cpp', 16), '#include <iostream>\n#include <vector>\n#include <limits>\n#include <queue>\nusing namespace std;\n\nconst int MAX = 100000000;\nconst int Is = 110;\n\nint dik(int s, int g, const vector<vector<int>>& map) {\n    vector<int> cost(Is, MAX);\n    priority_queue<pair<int, int>, vector<pair<int, int>>, greater<pair<int, int>>> pq;\n    cost[s] = 0;\n    pq.push({0, s});\n\n    while (!pq.empty()) {\n        auto [current_cost, current_node] = pq.top();\n        pq.pop();\n\n        if (current_cost > cost[current_node]) continue;\n\n        for (int j = 0; j < Is; j++) {\n            if (map[current_node][j] != MAX && cost[j] > current_cost + map[current_node][j]) {\n                cost[j] = current_cost + map[current_node][j];\n                pq.push({cost[j], j});\n            }\n        }\n    }\n    return cost[g] == MAX ? -1 : cost[g]; // Return -1 if not reachable\n}\n\nint main() {\n    int n, k, req, a, b, c, d, e, ans;\n    while (cin >> n >> k, n != 0 || k != 0) {\n        vector<vector<int>> map(Is, vector<int>(Is, MAX));\n\n        while (k--) {\n            cin >> req;\n            if (req) {\n                cin >> c >> d >> e;\n                map[c][d] = map[d][c] = min(map[c][d], e); // Use min directly\n            } else {\n                cin >> a >> b;\n                if ((ans = dik(a, b, map)) != MAX) cout << ans << endl;\n                else cout << "-1" << endl;\n            }\n        }\n    }\n    return 0;\n}') | LineLLMMutation(('source.cpp', 31), '#include <iostream>\n#include <vector>\n#include <limits>\n#include <queue>\nusing namespace std;\n\nconst int MAX = 100000000;\nconst int Is = 110;\n\nint dik(int s, int g, const vector<vector<int>>& map) {\n    vector<int> cost(Is, MAX);\n    priority_queue<pair<int, int>, vector<pair<int, int>>, greater<pair<int, int>>> pq;\n    cost[s] = 0;\n    pq.push({0, s});\n\n    while (!pq.empty()) {\n        auto [current_cost, current_node] = pq.top();\n        pq.pop();\n\n        if (current_cost > cost[current_node]) continue;\n\n        for (int j = 0; j < Is; j++) {\n            if (map[current_node][j] != MAX) {\n                int new_cost = current_cost + map[current_node][j];\n                if (cost[j] > new_cost) {\n                    cost[j] = new_cost;\n                    pq.push({new_cost, j}); // Only push if cost is updated\n                }\n            }\n        }\n    }\n    return cost[g] == MAX ? -1 : cost[g]; // Return -1 if not reachable\n}\n\nint main() {\n    int n, k, req, a, b, c, d, e, ans;\n    while (cin >> n >> k, n != 0 || k != 0) {\n        vector<vector<int>> map(Is, vector<int>(Is, MAX));\n\n        while (k--) {\n            cin >> req;\n            if (req) {\n                cin >> c >> d >> e;\n                map[c][d] = map[d][c] = min(map[c][d], e); // Use min directly\n            } else {\n                cin >> a >> b;\n                if ((ans = dik(a, b, map)) != MAX) cout << ans << endl;\n                else cout << "-1" << endl;\n            }\n        }\n    }\n    return 0;\n}')"
2025-01-24 22:22:00,954	[INFO]	Step: 68
2025-01-24 22:22:00,954	[INFO]	Stop Steps: 100
2025-01-24 22:22:01,314	[INFO]	6-9     COMPILE_CODE_ERROR    None (--) [2 edit(s)]  
2025-01-24 22:22:01,314	[DEBUG]	patch(6-9)="LineLLMCrossover(('source.cpp', 18), '#include <iostream>\n#include <vector>\n#include <limits>\n#include <queue>\nusing namespace std;\n\nconst int MAX = 100000000;\nconst int Is = 110;\n\nint dik(int s, int g, const vector<vector<int>>& map) {\n    vector<int> cost(Is, MAX);\n    priority_queue<pair<int, int>, vector<pair<int, int>>, greater<pair<int, int>>> pq;\n    cost[s] = 0;\n    pq.push({0, s});\n\n    while (!pq.empty()) {\n        auto [current_cost, current_node] = pq.top();\n        pq.pop();\n\n        if (current_cost > cost[current_node]) continue;\n\n        for (int j = 0; j < Is; j++) {\n            if (map[current_node][j] != MAX && cost[j] > current_cost + map[current_node][j]) {\n                cost[j] = current_cost + map[current_node][j];\n                pq.push({cost[j], j});\n            }\n        }\n    }\n    return cost[g] == MAX ? -1 : cost[g]; // Return -1 if not reachable\n}\n\nint main() {\n    int n, k, req, a, b, c, d, e, ans;\n    while (cin >> n >> k, n != 0 || k != 0) {\n        vector<vector<int>> map(Is, vector<int>(Is, MAX));\n\n        while (k--) {\n            cin >> req;\n            if (req) {\n                cin >> c >> d >> e;\n                map[c][d] = min(map[c][d], e); // Use min directly\n                map[d][c] = min(map[d][c], e); // Handle both directions in one line\n            } else {\n                cin >> a >> b;\n                if ((ans = dik(a, b, map)) != MAX) cout << ans << endl;\n                else cout << "-1" << endl;\n            }\n        }\n    }\n    return 0;\n}') | LineLLMMutation(('source.cpp', 32), '#include <iostream>\n#include <vector>\n#include <limits>\n#include <queue>\nusing namespace std;\n\nconst int MAX = 100000000;\nconst int Is = 110;\n\nint dik(int s, int g, const vector<vector<int>>& map) {\n    vector<int> cost(Is, MAX);\n    cost[s] = 0;\n    \n    // Using a vector of pairs instead of priority_queue for a smaller footprint\n    vector<pair<int, int>> pq;\n    pq.push_back({0, s}); \n\n    while (!pq.empty()) {\n        // Extract the minimum cost node\n        auto it = min_element(pq.begin(), pq.end());\n        auto [current_cost, current_node] = *it;\n        pq.erase(it);\n\n        if (current_cost > cost[current_node]) continue;\n\n        for (int j = 0; j < Is; j++) {\n            if (map[current_node][j] != MAX && cost[j] > current_cost + map[current_node][j]) {\n                cost[j] = current_cost + map[current_node][j];\n                pq.push_back({cost[j], j}); // Add new cost-node pair\n            }\n        }\n    }\n    return cost[g] == MAX ? -1 : cost[g]; // Return -1 if not reachable\n}\n\nint main() {\n    int n, k, req, a, b, c, d, e, ans;\n    while (cin >> n >> k, n != 0 || k != 0) {\n        vector<vector<int>> map(Is, vector<int>(Is, MAX));\n\n        while (k--) {\n            cin >> req;\n            if (req) {\n                cin >> c >> d >> e;\n                map[c][d] = min(map[c][d], e); // Use min directly\n                map[d][c] = min(map[d][c], e); // Handle both directions in one line\n            } else {\n                cin >> a >> b;\n                if ((ans = dik(a, b, map)) != MAX) cout << ans << endl;\n                else cout << "-1" << endl;\n            }\n        }\n    }\n    return 0;\n}')"
2025-01-24 22:22:01,314	[INFO]	Step: 69
2025-01-24 22:22:01,314	[INFO]	Stop Steps: 100
2025-01-24 22:22:01,823	[INFO]	6-10    TEST_CODE_ERROR       None (--) [2 edit(s)]  
2025-01-24 22:22:01,823	[DEBUG]	patch(6-10)="LineLLMCrossover(('source.cpp', 17), '#include <iostream>\n#include <vector>\n#include <limits>\n#include <queue>\nusing namespace std;\n\nconst int MAX = 100000000;\nconst int Is = 110;\n\nint dik(int s, int g, const vector<vector<int>>& map) {\n    vector<int> cost(Is, MAX);\n    cost[s] = 0;\n    priority_queue<pair<int, int>, vector<pair<int, int>>, greater<pair<int, int>>> pq;\n    pq.push({0, s});\n\n    while (!pq.empty()) {\n        auto [current_cost, current_node] = pq.top();\n        pq.pop();\n\n        if (current_cost > cost[current_node]) continue;\n\n        for (int j = 0; j < Is; j++) {\n            if (map[current_node][j] != MAX && cost[j] > current_cost + map[current_node][j]) {\n                cost[j] = current_cost + map[current_node][j];\n                pq.push({cost[j], j});\n            }\n        }\n    }\n    return cost[g] == MAX ? -1 : cost[g]; // Return -1 if not reachable\n}\n\nint main() {\n    int n, k, req, a, b, c, d, e, ans;\n    while (cin >> n >> k, n != 0 || k != 0) {\n        vector<vector<int>> map(Is, vector<int>(Is, MAX));\n\n        while (k--) {\n            cin >> req;\n            if (req) {\n                cin >> c >> d >> e;\n                map[c][d] = min(map[c][d], e);\n                map[d][c] = min(map[d][c], e); // Handle both directions in one line\n            } else {\n                cin >> a >> b;\n                if ((ans = dik(a, b, map)) != MAX) cout << ans << endl;\n                else cout << "-1" << endl;\n            }\n        }\n    }\n    return 0;\n}') | LineLLMMutation(('source.cpp', 33), '#include <iostream>\n#include <vector>\n#include <limits>\n#include <queue>\nusing namespace std;\n\nconst int MAX = 100000000;\nconst int Is = 110;\n\nint dik(int s, int g, const vector<int>& map) {\n    vector<int> cost(Is, MAX);\n    cost[s] = 0;\n    priority_queue<pair<int, int>, vector<pair<int, int>>, greater<pair<int, int>>> pq;\n    pq.push({0, s});\n\n    while (!pq.empty()) {\n        auto [current_cost, current_node] = pq.top();\n        pq.pop();\n\n        if (current_cost > cost[current_node]) continue;\n\n        for (int j = 0; j < Is; j++) {\n            int edge_cost = map[current_node * Is + j]; // Accessing the flat vector\n            if (edge_cost != MAX && cost[j] > current_cost + edge_cost) {\n                cost[j] = current_cost + edge_cost;\n                pq.push({cost[j], j});\n            }\n        }\n    }\n    return cost[g] == MAX ? -1 : cost[g]; // Return -1 if not reachable\n}\n\nint main() {\n    int n, k, req, a, b, c, d, e, ans;\n    while (cin >> n >> k, n != 0 || k != 0) {\n        vector<int> map(Is * Is, MAX); // Using a flat vector instead of a 2D vector\n\n        while (k--) {\n            cin >> req;\n            if (req) {\n                cin >> c >> d >> e;\n                map[c * Is + d] = min(map[c * Is + d], e);\n                map[d * Is + c] = min(map[d * Is + c], e); // Handle both directions in one line\n            } else {\n                if ((ans = dik(a, b, map)) != MAX) cout << ans << endl;\n                else cout << "-1" << endl;\n            }\n        }\n    }\n    return 0;\n}')"
2025-01-24 22:22:01,824	[INFO]	Step: 70
2025-01-24 22:22:01,824	[INFO]	Stop Steps: 100
2025-01-24 22:22:03,456	[DEBUG]	EXEC>  SUCCESS 3351531.875
2025-01-24 22:22:03,456	[INFO]	REF     SUCCESS               3351531.88 (--) [0 edit(s)]  
2025-01-24 22:22:03,456	[INFO]	Best patch: 16
2025-01-24 22:22:04,263	[DEBUG]	EXEC>  SUCCESS 3005685.0625
2025-01-24 22:22:04,264	[INFO]	BEST    SUCCESS              *3005685.06 (89.68%) [0 edit(s)]  
2025-01-24 22:22:04,264	[INFO]	Best patch step: 61
2025-01-24 22:23:01,671	[INFO]	Step: 70
2025-01-24 22:23:01,671	[INFO]	Stop Steps: 100
2025-01-24 22:23:02,592	[DEBUG]	EXEC>  SUCCESS 3074559.0625
2025-01-24 22:23:02,593	[INFO]	7-1     SUCCESS              +3074559.06 (91.74%) [1 edit(s)]  
2025-01-24 22:23:02,594	[DEBUG]	patch(7-1)="LineLLMCrossover(('source.cpp', 16), '#include <iostream>\n#include <vector>\n#include <limits>\n#include <queue>\nusing namespace std;\n\nconst int MAX = 100000000;\nconst int Is = 110;\n\nint dik(int s, int g, const vector<vector<int>>& map) {\n    vector<int> cost(Is, MAX);\n    priority_queue<pair<int, int>, vector<pair<int, int>>, greater<pair<int, int>>> pq;\n    cost[s] = 0;\n    pq.push({0, s});\n\n    while (!pq.empty()) {\n        auto [current_cost, current_node] = pq.top();\n        pq.pop();\n\n        if (current_cost > cost[current_node]) continue;\n\n        for (int j = 0; j < Is; j++) {\n            if (map[current_node][j] != MAX && cost[j] > current_cost + map[current_node][j]) {\n                cost[j] = current_cost + map[current_node][j];\n                pq.push({cost[j], j});\n            }\n        }\n    }\n    return cost[g] == MAX ? -1 : cost[g]; // Return -1 if not reachable\n}\n\nint main() {\n    int n, k, req, a, b, c, d, e, ans;\n    while (cin >> n >> k, n != 0 || k != 0) {\n        vector<vector<int>> map(Is, vector<int>(Is, MAX));\n\n        while (k--) {\n            cin >> req;\n            if (req) {\n                cin >> c >> d >> e;\n                map[c][d] = map[d][c] = min(map[c][d], e); // Use min directly\n            } else {\n                cin >> a >> b;\n                if ((ans = dik(a, b, map)) != MAX) cout << ans << endl;\n                else cout << "-1" << endl;\n            }\n        }\n    }\n    return 0;\n}')"
2025-01-24 22:23:02,595	[INFO]	Step: 71
2025-01-24 22:23:02,595	[INFO]	Stop Steps: 100
2025-01-24 22:23:03,458	[DEBUG]	EXEC>  SUCCESS 3276387.5625
2025-01-24 22:23:03,459	[INFO]	7-2     SUCCESS               3276387.56 (97.76%) [1 edit(s)]  
2025-01-24 22:23:03,459	[DEBUG]	patch(7-2)="LineLLMCrossover(('source.cpp', 20), '#include <iostream>\n#include <vector>\n#include <limits>\n#include <queue>\nusing namespace std;\n\nconst int MAX = 100000000;\nconst int Is = 110;\n\nint dik(int s, int g, const vector<vector<int>>& map) {\n    vector<int> cost(Is, MAX);\n    priority_queue<pair<int, int>, vector<pair<int, int>>, greater<pair<int, int>>> pq;\n    cost[s] = 0;\n    pq.push({0, s});\n\n    while (!pq.empty()) {\n        auto [current_cost, current_node] = pq.top();\n        pq.pop();\n\n        if (current_cost > cost[current_node]) continue;\n\n        for (int j = 0; j < Is; j++) {\n            if (map[current_node][j] != MAX && cost[j] > current_cost + map[current_node][j]) {\n                cost[j] = current_cost + map[current_node][j];\n                pq.push({cost[j], j});\n            }\n        }\n    }\n    return cost[g] == MAX ? -1 : cost[g]; // Return -1 if not reachable\n}\n\nint main() {\n    int n, k, req, a, b, c, d, e, ans;\n    while (cin >> n >> k, n != 0 || k != 0) {\n        vector<vector<int>> map(Is, vector<int>(Is, MAX));\n\n        while (k--) {\n            cin >> req;\n            if (req) {\n                cin >> c >> d >> e;\n                map[c][d] = map[d][c] = min(map[c][d], e); // Use min directly\n            } else {\n                cin >> a >> b;\n                if ((ans = dik(a, b, map)) != MAX) cout << ans << endl;\n                else cout << "-1" << endl;\n            }\n        }\n    }\n    return 0;\n}')"
2025-01-24 22:23:03,459	[INFO]	Step: 72
2025-01-24 22:23:03,459	[INFO]	Stop Steps: 100
2025-01-24 22:23:04,218	[DEBUG]	EXEC>  SUCCESS 2633473.75
2025-01-24 22:23:04,218	[INFO]	7-3     SUCCESS              *2633473.75 (78.58%) [1 edit(s)]  
2025-01-24 22:23:04,218	[DEBUG]	patch(7-3)="LineLLMCrossover(('source.cpp', 24), '#include <iostream>\n#include <vector>\n#include <cstdio>\n#include <limits>\n#include <queue>\nusing namespace std;\n\nconst int MAX = 100000000;\nconst int Is = 110;\n\nint dik(int s, int g, const vector<vector<int>>& map) {\n    vector<int> cost(Is, MAX);\n    cost[s] = 0;\n    priority_queue<pair<int, int>, vector<pair<int, int>>, greater<pair<int, int>>> pq;\n    pq.push({0, s}); // {cost, node}\n\n    while (!pq.empty()) {\n        auto [current_cost, current_node] = pq.top();\n        pq.pop();\n\n        if (current_cost > cost[current_node]) continue;\n\n        for (int j = 0; j < Is; j++) {\n            if (map[current_node][j] != MAX) {\n                int new_cost = cost[current_node] + map[current_node][j];\n                if (new_cost < cost[j]) {\n                    cost[j] = new_cost;\n                    pq.push({new_cost, j}); // Push the updated cost and node into the priority queue\n                }\n            }\n        }\n    }\n    return cost[g] == MAX ? -1 : cost[g]; // Return -1 if not reachable\n}\n\nint main() {\n    int n, k, req, a, b, c, d, e, ans;\n    while (cin >> n >> k, n != 0 || k != 0) {\n        vector<vector<int>> map(Is, vector<int>(Is, MAX));\n\n        while (k--) {\n            cin >> req;\n            if (req) {\n                cin >> c >> d >> e;\n                map[c][d] = map[d][c] = min(map[c][d], e); // Use min directly\n            } else {\n                cin >> a >> b;\n                if ((ans = dik(a, b, map)) != MAX) cout << ans << endl;\n                else cout << "-1" << endl;\n            }\n        }\n    }\n    return 0;\n}')"

2025-01-24 22:23:04,218	[INFO]	Step: 73
2025-01-24 22:23:04,218	[INFO]	Stop Steps: 100
2025-01-24 22:23:04,980	[DEBUG]	EXEC>  SUCCESS 2824694.125
2025-01-24 22:23:04,981	[INFO]	7-4     SUCCESS               2824694.12 (84.28%) [1 edit(s)]  
2025-01-24 22:23:04,981	[DEBUG]	patch(7-4)="LineLLMCrossover(('source.cpp', 25), '#include <iostream>\n#include <vector>\n#include <limits>\n#include <queue>\nusing namespace std;\n\nconst int MAX = 100000000;\nconst int Is = 110;\n\nint dik(int s, int g, const vector<vector<int>>& map) {\n    vector<int> cost(Is, MAX);\n    priority_queue<pair<int, int>, vector<pair<int, int>>, greater<pair<int, int>>> pq;\n    cost[s] = 0;\n    pq.push({0, s});\n\n    while (!pq.empty()) {\n        auto [current_cost, current_node] = pq.top();\n        pq.pop();\n\n        if (current_cost > cost[current_node]) continue;\n\n        for (int j = 0; j < Is; j++) {\n            if (map[current_node][j] != MAX) {\n                int new_cost = current_cost + map[current_node][j];\n                if (cost[j] > new_cost) {\n                    cost[j] = new_cost;\n                    pq.push({new_cost, j}); // Only push if cost is updated\n                }\n            }\n        }\n    }\n    return cost[g] == MAX ? -1 : cost[g]; // Return -1 if not reachable\n}\n\nint main() {\n    int n, k, req, a, b, c, d, e, ans;\n    while (cin >> n >> k, n != 0 || k != 0) {\n        vector<vector<int>> map(Is, vector<int>(Is, MAX));\n\n        while (k--) {\n            cin >> req;\n            if (req) {\n                cin >> c >> d >> e;\n                map[c][d] = map[d][c] = min(map[c][d], e); // Use min directly\n            } else {\n                cin >> a >> b;\n                if ((ans = dik(a, b, map)) != MAX) cout << ans << endl;\n                else cout << "-1" << endl;\n            }\n        }\n    }\n    return 0;\n}')"
2025-01-24 22:23:04,981	[INFO]	Step: 74
2025-01-24 22:23:04,981	[INFO]	Stop Steps: 100
2025-01-24 22:23:05,740	[DEBUG]	EXEC>  SUCCESS 2906655.0625
2025-01-24 22:23:05,741	[INFO]	7-5     SUCCESS               2906655.06 (86.73%) [1 edit(s)]  
2025-01-24 22:23:05,741	[DEBUG]	patch(7-5)="LineLLMCrossover(('source.cpp', 26), '#include <iostream>\n#include <vector>\n#include <cstdio>\n#include <limits>\n#include <queue>\nusing namespace std;\n\nconst int MAX = 100000000;\nconst int Is = 110;\n\nint dik(int s, int g, const vector<vector<int>>& map) {\n    vector<int> cost(Is, MAX);\n    cost[s] = 0;\n    priority_queue<pair<int, int>, vector<pair<int, int>>, greater<pair<int, int>>> pq;\n    pq.push({0, s}); // {cost, node}\n\n    while (!pq.empty()) {\n        auto [current_cost, current_node] = pq.top();\n        pq.pop();\n\n        if (current_cost > cost[current_node]) continue;\n\n        for (int j = 0; j < Is; j++) {\n            if (map[current_node][j] != MAX) {\n                int new_cost = cost[current_node] + map[current_node][j];\n                if (new_cost < cost[j]) {\n                    cost[j] = new_cost;\n                    pq.push({new_cost, j}); // Push the updated cost and node into the priority queue\n                }\n            }\n        }\n    }\n    return cost[g] == MAX ? -1 : cost[g]; // Return -1 if not reachable\n}\n\nint main() {\n    int n, k, req, a, b, c, d, e, ans;\n    while (cin >> n >> k, n != 0 || k != 0) {\n        vector<vector<int>> map(Is, vector<int>(Is, MAX));\n\n        while (k--) {\n            cin >> req;\n            if (req) {\n                cin >> c >> d >> e;\n                map[c][d] = map[d][c] = min(map[c][d], e); // Use min directly\n            } else {\n                cin >> a >> b;\n                if ((ans = dik(a, b, map)) != MAX) cout << ans << endl;\n                else cout << "-1" << endl;\n            }\n        }\n    }\n    return 0;\n}')"
2025-01-24 22:23:05,741	[INFO]	Step: 75
2025-01-24 22:23:05,741	[INFO]	Stop Steps: 100
2025-01-24 22:23:06,536	[DEBUG]	EXEC>  SUCCESS 3124842.4375
2025-01-24 22:23:06,536	[INFO]	7-6     SUCCESS               3124842.44 (93.24%) [1 edit(s)]  
2025-01-24 22:23:06,536	[DEBUG]	patch(7-6)="LineLLMCrossover(('source.cpp', 27), '#include <iostream>\n#include <vector>\n#include <cstdio>\n#include <limits>\n#include <queue>\nusing namespace std;\n\nconst int MAX = 100000000;\nconst int Is = 110;\n\nint dik(int s, int g, const vector<vector<int>>& map) {\n    vector<int> cost(Is, MAX);\n    cost[s] = 0;\n    priority_queue<pair<int, int>, vector<pair<int, int>>, greater<pair<int, int>>> pq;\n    pq.push({0, s}); // {cost, node}\n\n    while (!pq.empty()) {\n        auto [current_cost, current_node] = pq.top();\n        pq.pop();\n\n        if (current_cost > cost[current_node]) continue; // Skip if we have found a better cost already\n\n        for (int j = 0; j < Is; j++) {\n            if (map[current_node][j] != MAX) {\n                int new_cost = cost[current_node] + map[current_node][j];\n                if (new_cost < cost[j]) {\n                    cost[j] = new_cost;\n                    pq.push({new_cost, j}); // Push the updated cost and node into the priority queue\n                }\n            }\n        }\n    }\n    return cost[g] == MAX ? -1 : cost[g]; // Return -1 if not reachable\n}\n\nint main() {\n    int n, k, req, a, b, c, d, e, ans;\n    while (cin >> n >> k, n != 0 || k != 0) {\n        vector<vector<int>> map(Is, vector<int>(Is, MAX));\n\n        while (k--) {\n            cin >> req;\n            if (req) {\n                cin >> c >> d >> e;\n                map[c][d] = map[d][c] = min(map[c][d], e); // Use min directly\n            } else {\n                cin >> a >> b;\n                if ((ans = dik(a, b, map)) != MAX) cout << ans << endl;\n                else cout << "-1" << endl;\n            }\n        }\n    }\n    return 0;\n}')"
2025-01-24 22:23:06,536	[INFO]	Step: 76
2025-01-24 22:23:06,537	[INFO]	Stop Steps: 100
2025-01-24 22:23:07,365	[DEBUG]	EXEC>  SUCCESS 3141568.3125
2025-01-24 22:23:07,365	[INFO]	7-7     SUCCESS               3141568.31 (93.74%) [2 edit(s)]  
2025-01-24 22:23:07,365	[DEBUG]	patch(7-7)="LineLLMCrossover(('source.cpp', 16), '#include <iostream>\n#include <vector>\n#include <limits>\n#include <queue>\nusing namespace std;\n\nconst int MAX = 100000000;\nconst int Is = 110;\n\nint dik(int s, int g, const vector<vector<int>>& map) {\n    vector<int> cost(Is, MAX);\n    priority_queue<pair<int, int>, vector<pair<int, int>>, greater<pair<int, int>>> pq;\n    cost[s] = 0;\n    pq.push({0, s});\n\n    while (!pq.empty()) {\n        auto [current_cost, current_node] = pq.top();\n        pq.pop();\n\n        if (current_cost > cost[current_node]) continue;\n\n        for (int j = 0; j < Is; j++) {\n            if (map[current_node][j] != MAX && cost[j] > current_cost + map[current_node][j]) {\n                cost[j] = current_cost + map[current_node][j];\n                pq.push({cost[j], j});\n            }\n        }\n    }\n    return cost[g] == MAX ? -1 : cost[g]; // Return -1 if not reachable\n}\n\nint main() {\n    int n, k, req, a, b, c, d, e, ans;\n    while (cin >> n >> k, n != 0 || k != 0) {\n        vector<vector<int>> map(Is, vector<int>(Is, MAX));\n\n        while (k--) {\n            cin >> req;\n            if (req) {\n                cin >> c >> d >> e;\n                map[c][d] = map[d][c] = min(map[c][d], e); // Use min directly\n            } else {\n                cin >> a >> b;\n                if ((ans = dik(a, b, map)) != MAX) cout << ans << endl;\n                else cout << "-1" << endl;\n            }\n        }\n    }\n    return 0;\n}') | LineLLMMutation(('source.cpp', 34), '#include <iostream>\n#include <vector>\n#include <limits>\n#include <queue>\nusing namespace std;\n\nconst int MAX = 100000000;\nconst int Is = 110;\n\nint dik(int s, int g, const vector<vector<int>>& map) {\n    vector<int> cost(Is, MAX);\n    priority_queue<pair<int, int>, vector<pair<int, int>>, greater<pair<int, int>>> pq;\n    cost[s] = 0;\n    pq.push({0, s});\n\n    while (!pq.empty()) {\n        auto [current_cost, current_node] = pq.top();\n        pq.pop();\n\n        if (current_cost > cost[current_node]) continue;\n\n        for (int j = 0; j < Is; j++) {\n            if (map[current_node][j] != MAX && cost[j] > current_cost + map[current_node][j]) {\n                cost[j] = current_cost + map[current_node][j];\n                pq.push({cost[j], j});\n            }\n        }\n    }\n    return cost[g] == MAX ? -1 : cost[g]; // Return -1 if not reachable\n}\n\nint main() {\n    int n, k, req, a, b, c, d, e, ans;\n    while (cin >> n >> k, n != 0 || k != 0) {\n        vector<vector<int>> map(Is, vector<int>(Is)); // Remove MAX initialization\n\n        for (auto& row : map) { // Initialize to MAX in a single loop\n            fill(row.begin(), row.end(), MAX);\n        }\n\n        while (k--) {\n            cin >> req;\n            if (req) {\n                cin >> c >> d >> e;\n                map[c][d] = map[d][c] = min(map[c][d], e); // Use min directly\n            } else {\n                cin >> a >> b;\n                if ((ans = dik(a, b, map)) != MAX) cout << ans << endl;\n                else cout << "-1" << endl;\n            }\n        }\n    }\n    return 0;\n}')"
2025-01-24 22:23:07,365	[INFO]	Step: 77
2025-01-24 22:23:07,365	[INFO]	Stop Steps: 100
2025-01-24 22:23:08,146	[DEBUG]	EXEC>  SUCCESS 3029877.4375
2025-01-24 22:23:08,147	[INFO]	7-8     SUCCESS               3029877.44 (90.40%) [2 edit(s)]  
2025-01-24 22:23:08,147	[DEBUG]	patch(7-8)="LineLLMCrossover(('source.cpp', 20), '#include <iostream>\n#include <vector>\n#include <limits>\n#include <queue>\nusing namespace std;\n\nconst int MAX = 100000000;\nconst int Is = 110;\n\nint dik(int s, int g, const vector<vector<int>>& map) {\n    vector<int> cost(Is, MAX);\n    priority_queue<pair<int, int>, vector<pair<int, int>>, greater<pair<int, int>>> pq;\n    cost[s] = 0;\n    pq.push({0, s});\n\n    while (!pq.empty()) {\n        auto [current_cost, current_node] = pq.top();\n        pq.pop();\n\n        if (current_cost > cost[current_node]) continue;\n\n        for (int j = 0; j < Is; j++) {\n            if (map[current_node][j] != MAX && cost[j] > current_cost + map[current_node][j]) {\n                cost[j] = current_cost + map[current_node][j];\n                pq.push({cost[j], j});\n            }\n        }\n    }\n    return cost[g] == MAX ? -1 : cost[g]; // Return -1 if not reachable\n}\n\nint main() {\n    int n, k, req, a, b, c, d, e, ans;\n    while (cin >> n >> k, n != 0 || k != 0) {\n        vector<vector<int>> map(Is, vector<int>(Is, MAX));\n\n        while (k--) {\n            cin >> req;\n            if (req) {\n                cin >> c >> d >> e;\n                map[c][d] = map[d][c] = min(map[c][d], e); // Use min directly\n            } else {\n                cin >> a >> b;\n                if ((ans = dik(a, b, map)) != MAX) cout << ans << endl;\n                else cout << "-1" << endl;\n            }\n        }\n    }\n    return 0;\n}') | LineLLMMutation(('source.cpp', 35), '#include <iostream>\n#include <vector>\n#include <limits>\n#include <queue>\nusing namespace std;\n\nconst int MAX = 100000000;\nconst int Is = 110;\n\nint dik(int s, int g, const vector<vector<int>>& map) {\n    vector<int> cost(Is, MAX);\n    priority_queue<pair<int, int>, vector<pair<int, int>>, greater<pair<int, int>>> pq;\n    cost[s] = 0;\n    pq.push({0, s});\n\n    while (!pq.empty()) {\n        auto [current_cost, current_node] = pq.top();\n        pq.pop();\n\n        if (current_cost > cost[current_node]) continue;\n\n        for (int j = 0; j < Is; j++) {\n            if (map[current_node][j] != MAX && cost[j] > current_cost + map[current_node][j]) {\n                cost[j] = current_cost + map[current_node][j];\n                pq.push({cost[j], j});\n            }\n        }\n    }\n    return cost[g] == MAX ? -1 : cost[g]; // Return -1 if not reachable\n}\n\nint main() {\n    int n, k, req, a, b, c, d, e, ans;\n    while (cin >> n >> k, n != 0 || k != 0) {\n        vector<vector<int>> map(Is, vector<int>(Is));\n        for (auto& row : map) {\n            fill(row.begin(), row.end(), MAX); // Use std::fill for initialization\n        }\n\n        while (k--) {\n            cin >> req;\n            if (req) {\n                cin >> c >> d >> e;\n                map[c][d] = map[d][c] = min(map[c][d], e); // Use min directly\n            } else {\n                cin >> a >> b;\n                if ((ans = dik(a, b, map)) != MAX) cout << ans << endl;\n                else cout << "-1" << endl;\n            }\n        }\n    }\n    return 0;\n}')"
2025-01-24 22:23:08,147	[INFO]	Step: 78
2025-01-24 22:23:08,147	[INFO]	Stop Steps: 100
2025-01-24 22:23:08,896	[DEBUG]	EXEC>  SUCCESS 2650701.8125
2025-01-24 22:23:08,897	[INFO]	7-9     SUCCESS               2650701.81 (79.09%) [3 edit(s)]  
2025-01-24 22:23:08,897	[DEBUG]	patch(7-9)="LineLLMCrossover(('source.cpp', 16), '#include <iostream>\n#include <vector>\n#include <limits>\n#include <queue>\nusing namespace std;\n\nconst int MAX = 100000000;\nconst int Is = 110;\n\nint dik(int s, int g, const vector<vector<int>>& map) {\n    vector<int> cost(Is, MAX);\n    priority_queue<pair<int, int>, vector<pair<int, int>>, greater<pair<int, int>>> pq;\n    cost[s] = 0;\n    pq.push({0, s});\n\n    while (!pq.empty()) {\n        auto [current_cost, current_node] = pq.top();\n        pq.pop();\n\n        if (current_cost > cost[current_node]) continue;\n\n        for (int j = 0; j < Is; j++) {\n            if (map[current_node][j] != MAX && cost[j] > current_cost + map[current_node][j]) {\n                cost[j] = current_cost + map[current_node][j];\n                pq.push({cost[j], j});\n            }\n        }\n    }\n    return cost[g] == MAX ? -1 : cost[g]; // Return -1 if not reachable\n}\n\nint main() {\n    int n, k, req, a, b, c, d, e, ans;\n    while (cin >> n >> k, n != 0 || k != 0) {\n        vector<vector<int>> map(Is, vector<int>(Is, MAX));\n\n        while (k--) {\n            cin >> req;\n            if (req) {\n                cin >> c >> d >> e;\n                map[c][d] = map[d][c] = min(map[c][d], e); // Use min directly\n            } else {\n                cin >> a >> b;\n                if ((ans = dik(a, b, map)) != MAX) cout << ans << endl;\n                else cout << "-1" << endl;\n            }\n        }\n    }\n    return 0;\n}') | LineLLMMutation(('source.cpp', 31), '#include <iostream>\n#include <vector>\n#include <limits>\n#include <queue>\nusing namespace std;\n\nconst int MAX = 100000000;\nconst int Is = 110;\n\nint dik(int s, int g, const vector<vector<int>>& map) {\n    vector<int> cost(Is, MAX);\n    priority_queue<pair<int, int>, vector<pair<int, int>>, greater<pair<int, int>>> pq;\n    cost[s] = 0;\n    pq.push({0, s});\n\n    while (!pq.empty()) {\n        auto [current_cost, current_node] = pq.top();\n        pq.pop();\n\n        if (current_cost > cost[current_node]) continue;\n\n        for (int j = 0; j < Is; j++) {\n            if (map[current_node][j] != MAX) {\n                int new_cost = current_cost + map[current_node][j];\n                if (cost[j] > new_cost) {\n                    cost[j] = new_cost;\n                    pq.push({new_cost, j}); // Only push if cost is updated\n                }\n            }\n        }\n    }\n    return cost[g] == MAX ? -1 : cost[g]; // Return -1 if not reachable\n}\n\nint main() {\n    int n, k, req, a, b, c, d, e, ans;\n    while (cin >> n >> k, n != 0 || k != 0) {\n        vector<vector<int>> map(Is, vector<int>(Is, MAX));\n\n        while (k--) {\n            cin >> req;\n            if (req) {\n                cin >> c >> d >> e;\n                map[c][d] = map[d][c] = min(map[c][d], e); // Use min directly\n            } else {\n                cin >> a >> b;\n                if ((ans = dik(a, b, map)) != MAX) cout << ans << endl;\n                else cout << "-1" << endl;\n            }\n        }\n    }\n    return 0;\n}') | LineLLMMutation(('source.cpp', 36), '#include <iostream>\n#include <vector>\n#include <limits>\n#include <queue>\nusing namespace std;\n\nconst int MAX = 100000000;\nconst int Is = 110;\n\nint dik(int s, int g, const vector<vector<int>>& map) {\n    vector<int> cost(Is, MAX);\n    priority_queue<pair<int, int>, vector<pair<int, int>>, greater<pair<int, int>>> pq;\n    cost[s] = 0;\n    pq.push({0, s});\n\n    while (!pq.empty()) {\n        auto [current_cost, current_node] = pq.top();\n        pq.pop();\n\n        if (current_cost > cost[current_node]) continue;\n\n        for (int j = 0; j < Is; j++) {\n            if (map[current_node][j] != MAX) {\n                int new_cost = current_cost + map[current_node][j];\n                if (cost[j] > new_cost) {\n                    cost[j] = new_cost;\n                    pq.push({new_cost, j});\n                }\n            }\n        }\n    }\n    return cost[g] == MAX ? -1 : cost[g];\n}\n\nint main() {\n    int n, k, req, a, b, c, d, e, ans;\n    while (cin >> n >> k, n != 0 || k != 0) {\n        vector<vector<int>> map(Is, vector<int>(Is, MAX));\n\n        while (k--) {\n            cin >> req;\n            if (req) {\n                cin >> c >> d >> e;\n                // Simplifying edge updates by directly checking the value and updating\n                if (e < map[c][d]) {\n                    map[c][d] = e;\n                    map[d][c] = e; // Ensure undirected graph property\n                }\n            } else {\n                cin >> a >> b;\n                if ((ans = dik(a, b, map)) != MAX) cout << ans << endl;\n                else cout << "-1" << endl;\n            }\n        }\n    }\n    return 0;\n}')"
2025-01-24 22:23:08,897	[INFO]	Step: 79
2025-01-24 22:23:08,897	[INFO]	Stop Steps: 100
2025-01-24 22:23:09,737	[DEBUG]	EXEC>  SUCCESS 2782228.125
2025-01-24 22:23:09,737	[INFO]	7-10    SUCCESS               2782228.12 (83.01%) [4 edit(s)]  
2025-01-24 22:23:09,737	[DEBUG]	patch(7-10)="LineLLMCrossover(('source.cpp', 0), '#include <iostream>\n#include <vector>\n#include <cstdio>\n#include <limits>\nusing namespace std;\n\nconst int MAX = 100000000;\nconst int Is = 110;\n\nint dik(int s, int g, int n, const vector<vector<int>>& map) {\n    vector<int> cost(Is, MAX);\n    vector<bool> visited(Is, false);\n    cost[s] = 0;\n\n    for (int i = 0; i < n; i++) {\n        int min_cost = MAX + 1, min_index = -1;\n        for (int j = 0; j < Is; j++) {\n            if (!visited[j] && cost[j] < min_cost) {\n                min_cost = cost[j];\n                min_index = j;\n            }\n        }\n        if (min_index == -1) break;\n        visited[min_index] = true;\n\n        for (int j = 0; j < Is; j++) {\n            if (map[min_index][j] != MAX && cost[j] > cost[min_index] + map[min_index][j]) {\n                cost[j] = cost[min_index] + map[min_index][j];\n            }\n        }\n    }\n    return cost[g];\n}\n\nint main() {\n    int n, k, req, a, b, c, d, e, ans;\n    while (cin >> n >> k, n != 0 || k != 0) {\n        vector<vector<int>> map(Is, vector<int>(Is, MAX));\n        \n        while (k--) {\n            cin >> req;\n            if (req) {\n                cin >> c >> d >> e;\n                if (e < map[c][d]) map[c][d] = map[d][c] = e;\n            } else {\n                cin >> a >> b;\n                if ((ans = dik(a, b, n, map)) != MAX) cout << ans << endl;\n                else cout << "-1" << endl;\n            }\n        }\n    }\n    return 0;\n}') | LineLLMMutation(('source.cpp', 19), '#include <iostream>\n#include <vector>\n#include <cstdio>\n#include <limits>\nusing namespace std;\n\nconst int MAX = 100000000;\nconst int Is = 110;\n\nint dik(int s, int g, int n, const vector<vector<int>>& map) {\n    vector<int> cost(Is, MAX);\n    vector<bool> visited(Is, false);\n    cost[s] = 0;\n\n    for (int i = 0; i < n; i++) {\n        int min_cost = MAX, min_index = -1;\n        for (int j = 0; j < Is; j++) {\n            if (!visited[j] && cost[j] < min_cost) {\n                min_cost = cost[j];\n                min_index = j;\n            }\n        }\n        if (min_index == -1) break;\n        visited[min_index] = true;\n\n        for (int j = 0; j < Is; j++) {\n            if (map[min_index][j] != MAX && cost[j] > cost[min_index] + map[min_index][j]) {\n                cost[j] = cost[min_index] + map[min_index][j];\n            }\n        }\n    }\n    return cost[g] == MAX ? -1 : cost[g]; // Return -1 if not reachable\n}\n\nint main() {\n    int n, k, req, a, b, c, d, e, ans;\n    while (cin >> n >> k, n != 0 || k != 0) {\n        vector<vector<int>> map(Is, vector<int>(Is, MAX));\n        \n        while (k--) {\n            cin >> req;\n            if (req) {\n                cin >> c >> d >> e;\n                map[c][d] = map[d][c] = min(map[c][d], e); // Use min directly\n            } else {\n                cin >> a >> b;\n                if ((ans = dik(a, b, n, map)) != MAX) cout << ans << endl;\n                else cout << "-1" << endl;\n            }\n        }\n    }\n    return 0;\n}') | LineLLMMutation(('source.cpp', 30), '#include <iostream>\n#include <vector>\n#include <cstdio>\n#include <limits>\n#include <queue>\nusing namespace std;\n\nconst int MAX = 100000000;\nconst int Is = 110;\n\nint dik(int s, int g, int n, const vector<vector<int>>& map) {\n    vector<int> cost(Is, MAX);\n    cost[s] = 0;\n    priority_queue<pair<int, int>, vector<pair<int, int>>, greater<pair<int, int>>> pq;\n    pq.push({0, s}); // {cost, node}\n\n    while (!pq.empty()) {\n        int min_cost = pq.top().first;\n        int min_index = pq.top().second;\n        pq.pop();\n\n        if (min_cost > cost[min_index]) continue; // Skip if we have found a better cost already\n\n        for (int j = 0; j < Is; j++) {\n            if (map[min_index][j] != MAX) {\n                int new_cost = cost[min_index] + map[min_index][j];\n                if (new_cost < cost[j]) {\n                    cost[j] = new_cost;\n                    pq.push({new_cost, j}); // Push the updated cost and node into the priority queue\n                }\n            }\n        }\n    }\n    return cost[g] == MAX ? -1 : cost[g]; // Return -1 if not reachable\n}\n\nint main() {\n    int n, k, req, a, b, c, d, e, ans;\n    while (cin >> n >> k, n != 0 || k != 0) {\n        vector<vector<int>> map(Is, vector<int>(Is, MAX));\n        \n        while (k--) {\n            cin >> req;\n            if (req) {\n                cin >> c >> d >> e;\n                map[c][d] = map[d][c] = min(map[c][d], e); // Use min directly\n            } else {\n                cin >> a >> b;\n                if ((ans = dik(a, b, n, map)) != MAX) cout << ans << endl;\n                else cout << "-1" << endl;\n            }\n        }\n    }\n    return 0;\n}') | LineLLMMutation(('source.cpp', 37), '#include <iostream>\n#include <vector>\n#include <cstdio>\n#include <limits>\n#include <queue>\n#include <functional>\nusing namespace std;\n\nconst int MAX = 100000000;\nconst int Is = 110;\n\nint dik(int s, int g, int n, const vector<vector<int>>& map) {\n    vector<int> cost(Is, MAX);\n    cost[s] = 0;\n\n    // Using a priority queue to manage the costs\n    priority_queue<pair<int, int>, vector<pair<int, int>>, greater<pair<int, int>>> pq;\n    pq.emplace(0, s); // {cost, node}\n\n    while (!pq.empty()) {\n        auto [min_cost, min_index] = pq.top();\n        pq.pop();\n\n        if (min_cost > cost[min_index]) continue; // Skip if we have found a better cost already\n\n        for (int j = 0; j < Is; j++) {\n            if (map[min_index][j] != MAX) {\n                int new_cost = cost[min_index] + map[min_index][j];\n                if (new_cost < cost[j]) {\n                    cost[j] = new_cost;\n                    pq.emplace(new_cost, j); // Push the updated cost and node into the priority queue\n                }\n            }\n        }\n    }\n    return cost[g] == MAX ? -1 : cost[g]; // Return -1 if not reachable\n}\n\nint main() {\n    int n, k, req, a, b, c, d, e, ans;\n    while (cin >> n >> k, n != 0 || k != 0) {\n        vector<vector<int>> map(Is, vector<int>(Is, MAX));\n        \n        while (k--) {\n            cin >> req;\n            if (req) {\n                cin >> c >> d >> e;\n                map[c][d] = map[d][c] = min(map[c][d], e); // Use min directly\n            } else {\n                cin >> a >> b;\n                if ((ans = dik(a, b, n, map)) != MAX) cout << ans << endl;\n                else cout << "-1" << endl;\n            }\n        }\n    }\n    return 0;\n}')"
2025-01-24 22:23:09,738	[INFO]	Step: 80
2025-01-24 22:23:09,738	[INFO]	Stop Steps: 100
2025-01-24 22:23:11,595	[DEBUG]	EXEC>  SUCCESS 4438187.5
2025-01-24 22:23:11,596	[INFO]	REF     SUCCESS               4438187.50 (--) [0 edit(s)]  
2025-01-24 22:23:11,596	[INFO]	Best patch: 24
2025-01-24 22:23:12,529	[DEBUG]	EXEC>  SUCCESS 2672226.3125
2025-01-24 22:23:12,529	[INFO]	BEST    SUCCESS              *2672226.31 (60.21%) [0 edit(s)]  
2025-01-24 22:23:12,529	[INFO]	Best patch step: 72
2025-01-24 22:24:14,262	[INFO]	Step: 80
2025-01-24 22:24:14,263	[INFO]	Stop Steps: 100
2025-01-24 22:24:15,236	[DEBUG]	EXEC>  SUCCESS 3006475.1875
2025-01-24 22:24:15,237	[INFO]	8-1     SUCCESS              +3006475.19 (67.74%) [1 edit(s)]  
2025-01-24 22:24:15,237	[DEBUG]	patch(8-1)="LineLLMCrossover(('source.cpp', 24), '#include <iostream>\n#include <vector>\n#include <cstdio>\n#include <limits>\n#include <queue>\nusing namespace std;\n\nconst int MAX = 100000000;\nconst int Is = 110;\n\nint dik(int s, int g, const vector<vector<int>>& map) {\n    vector<int> cost(Is, MAX);\n    cost[s] = 0;\n    priority_queue<pair<int, int>, vector<pair<int, int>>, greater<pair<int, int>>> pq;\n    pq.push({0, s}); // {cost, node}\n\n    while (!pq.empty()) {\n        auto [current_cost, current_node] = pq.top();\n        pq.pop();\n\n        if (current_cost > cost[current_node]) continue;\n\n        for (int j = 0; j < Is; j++) {\n            if (map[current_node][j] != MAX) {\n                int new_cost = cost[current_node] + map[current_node][j];\n                if (new_cost < cost[j]) {\n                    cost[j] = new_cost;\n                    pq.push({new_cost, j}); // Push the updated cost and node into the priority queue\n                }\n            }\n        }\n    }\n    return cost[g] == MAX ? -1 : cost[g]; // Return -1 if not reachable\n}\n\nint main() {\n    int n, k, req, a, b, c, d, e, ans;\n    while (cin >> n >> k, n != 0 || k != 0) {\n        vector<vector<int>> map(Is, vector<int>(Is, MAX));\n\n        while (k--) {\n            cin >> req;\n            if (req) {\n                cin >> c >> d >> e;\n                map[c][d] = map[d][c] = min(map[c][d], e); // Use min directly\n            } else {\n                cin >> a >> b;\n                if ((ans = dik(a, b, map)) != MAX) cout << ans << endl;\n                else cout << "-1" << endl;\n            }\n        }\n    }\n    return 0;\n}')"
2025-01-24 22:24:15,237	[INFO]	Step: 81
2025-01-24 22:24:15,237	[INFO]	Stop Steps: 100
2025-01-24 22:24:15,980	[DEBUG]	EXEC>  SUCCESS 2622483.125
2025-01-24 22:24:15,981	[INFO]	8-2     SUCCESS              *2622483.12 (59.09%) [3 edit(s)]  
2025-01-24 22:24:15,981	[DEBUG]	patch(8-2)="LineLLMCrossover(('source.cpp', 16), '#include <iostream>\n#include <vector>\n#include <limits>\n#include <queue>\nusing namespace std;\n\nconst int MAX = 100000000;\nconst int Is = 110;\n\nint dik(int s, int g, const vector<vector<int>>& map) {\n    vector<int> cost(Is, MAX);\n    priority_queue<pair<int, int>, vector<pair<int, int>>, greater<pair<int, int>>> pq;\n    cost[s] = 0;\n    pq.push({0, s});\n\n    while (!pq.empty()) {\n        auto [current_cost, current_node] = pq.top();\n        pq.pop();\n\n        if (current_cost > cost[current_node]) continue;\n\n        for (int j = 0; j < Is; j++) {\n            if (map[current_node][j] != MAX && cost[j] > current_cost + map[current_node][j]) {\n                cost[j] = current_cost + map[current_node][j];\n                pq.push({cost[j], j});\n            }\n        }\n    }\n    return cost[g] == MAX ? -1 : cost[g]; // Return -1 if not reachable\n}\n\nint main() {\n    int n, k, req, a, b, c, d, e, ans;\n    while (cin >> n >> k, n != 0 || k != 0) {\n        vector<vector<int>> map(Is, vector<int>(Is, MAX));\n\n        while (k--) {\n            cin >> req;\n            if (req) {\n                cin >> c >> d >> e;\n                map[c][d] = map[d][c] = min(map[c][d], e); // Use min directly\n            } else {\n                cin >> a >> b;\n                if ((ans = dik(a, b, map)) != MAX) cout << ans << endl;\n                else cout << "-1" << endl;\n            }\n        }\n    }\n    return 0;\n}') | LineLLMMutation(('source.cpp', 31), '#include <iostream>\n#include <vector>\n#include <limits>\n#include <queue>\nusing namespace std;\n\nconst int MAX = 100000000;\nconst int Is = 110;\n\nint dik(int s, int g, const vector<vector<int>>& map) {\n    vector<int> cost(Is, MAX);\n    priority_queue<pair<int, int>, vector<pair<int, int>>, greater<pair<int, int>>> pq;\n    cost[s] = 0;\n    pq.push({0, s});\n\n    while (!pq.empty()) {\n        auto [current_cost, current_node] = pq.top();\n        pq.pop();\n\n        if (current_cost > cost[current_node]) continue;\n\n        for (int j = 0; j < Is; j++) {\n            if (map[current_node][j] != MAX) {\n                int new_cost = current_cost + map[current_node][j];\n                if (cost[j] > new_cost) {\n                    cost[j] = new_cost;\n                    pq.push({new_cost, j}); // Only push if cost is updated\n                }\n            }\n        }\n    }\n    return cost[g] == MAX ? -1 : cost[g]; // Return -1 if not reachable\n}\n\nint main() {\n    int n, k, req, a, b, c, d, e, ans;\n    while (cin >> n >> k, n != 0 || k != 0) {\n        vector<vector<int>> map(Is, vector<int>(Is, MAX));\n\n        while (k--) {\n            cin >> req;\n            if (req) {\n                cin >> c >> d >> e;\n                map[c][d] = map[d][c] = min(map[c][d], e); // Use min directly\n            } else {\n                cin >> a >> b;\n                if ((ans = dik(a, b, map)) != MAX) cout << ans << endl;\n                else cout << "-1" << endl;\n            }\n        }\n    }\n    return 0;\n}') | LineLLMMutation(('source.cpp', 36), '#include <iostream>\n#include <vector>\n#include <limits>\n#include <queue>\nusing namespace std;\n\nconst int MAX = 100000000;\nconst int Is = 110;\n\nint dik(int s, int g, const vector<vector<int>>& map) {\n    vector<int> cost(Is, MAX);\n    priority_queue<pair<int, int>, vector<pair<int, int>>, greater<pair<int, int>>> pq;\n    cost[s] = 0;\n    pq.push({0, s});\n\n    while (!pq.empty()) {\n        auto [current_cost, current_node] = pq.top();\n        pq.pop();\n\n        if (current_cost > cost[current_node]) continue;\n\n        for (int j = 0; j < Is; j++) {\n            if (map[current_node][j] != MAX) {\n                int new_cost = current_cost + map[current_node][j];\n                if (cost[j] > new_cost) {\n                    cost[j] = new_cost;\n                    pq.push({new_cost, j});\n                }\n            }\n        }\n    }\n    return cost[g] == MAX ? -1 : cost[g];\n}\n\nint main() {\n    int n, k, req, a, b, c, d, e, ans;\n    while (cin >> n >> k, n != 0 || k != 0) {\n        vector<vector<int>> map(Is, vector<int>(Is, MAX));\n\n        while (k--) {\n            cin >> req;\n            if (req) {\n                cin >> c >> d >> e;\n                // Simplifying edge updates by directly checking the value and updating\n                if (e < map[c][d]) {\n                    map[c][d] = e;\n                    map[d][c] = e; // Ensure undirected graph property\n                }\n            } else {\n                cin >> a >> b;\n                if ((ans = dik(a, b, map)) != MAX) cout << ans << endl;\n                else cout << "-1" << endl;\n            }\n        }\n    }\n    return 0;\n}')"

2025-01-24 22:24:15,981	[INFO]	Step: 82
2025-01-24 22:24:15,981	[INFO]	Stop Steps: 100
2025-01-24 22:24:16,742	[DEBUG]	EXEC>  SUCCESS 2700200.875
2025-01-24 22:24:16,743	[INFO]	8-3     SUCCESS               2700200.88 (60.84%) [1 edit(s)]  
2025-01-24 22:24:16,743	[DEBUG]	patch(8-3)="LineLLMCrossover(('source.cpp', 28), '#include <iostream>\n#include <vector>\n#include <limits>\n#include <queue>\nusing namespace std;\n\nconst int MAX = 100000000;\nconst int Is = 110;\n\nint dik(int s, int g, const vector<vector<int>>& map) {\n    vector<int> cost(Is, MAX);\n    cost[s] = 0;\n    priority_queue<pair<int, int>, vector<pair<int, int>>, greater<pair<int, int>>> pq;\n    pq.push({0, s}); // {cost, node}\n\n    while (!pq.empty()) {\n        auto [current_cost, current_node] = pq.top();\n        pq.pop();\n\n        if (current_cost > cost[current_node]) continue;\n\n        for (int j = 0; j < Is; j++) {\n            if (map[current_node][j] != MAX) {\n                int new_cost = cost[current_node] + map[current_node][j];\n                if (new_cost < cost[j]) {\n                    cost[j] = new_cost;\n                    pq.push({new_cost, j}); // Push the updated cost and node into the priority queue\n                }\n            }\n        }\n    }\n    return cost[g] == MAX ? -1 : cost[g]; // Return -1 if not reachable\n}\n\nint main() {\n    int n, k, req, a, b, c, d, e, ans;\n    while (cin >> n >> k, n != 0 || k != 0) {\n        vector<vector<int>> map(Is, vector<int>(Is, MAX));\n\n        while (k--) {\n            cin >> req;\n            if (req) {\n                cin >> c >> d >> e;\n                if (e < map[c][d]) {\n                    map[c][d] = e;\n                    map[d][c] = e; // Ensure undirected graph property\n                }\n            } else {\n                cin >> a >> b;\n                if ((ans = dik(a, b, map)) != MAX) cout << ans << endl;\n                else cout << "-1" << endl;\n            }\n        }\n    }\n    return 0;\n}')"
2025-01-24 22:24:16,743	[INFO]	Step: 83
2025-01-24 22:24:16,743	[INFO]	Stop Steps: 100
2025-01-24 22:24:17,601	[DEBUG]	EXEC>  SUCCESS 3100468.125
2025-01-24 22:24:17,601	[INFO]	8-4     SUCCESS               3100468.12 (69.86%) [1 edit(s)]  
2025-01-24 22:24:17,601	[DEBUG]	patch(8-4)="LineLLMCrossover(('source.cpp', 29), '#include <iostream>\n#include <vector>\n#include <limits>\n#include <queue>\n#include <functional>\nusing namespace std;\n\nconst int MAX = 100000000;\nconst int Is = 110;\n\nint dik(int s, int g, const vector<vector<int>>& map) {\n    vector<int> cost(Is, MAX);\n    cost[s] = 0;\n    priority_queue<pair<int, int>, vector<pair<int, int>>, greater<pair<int, int>>> pq;\n    pq.emplace(0, s); // {cost, node}\n\n    while (!pq.empty()) {\n        auto [min_cost, min_index] = pq.top();\n        pq.pop();\n\n        if (min_cost > cost[min_index]) continue; // Skip if we have found a better cost already\n\n        for (int j = 0; j < Is; j++) {\n            if (map[min_index][j] != MAX) {\n                int new_cost = cost[min_index] + map[min_index][j];\n                if (new_cost < cost[j]) {\n                    cost[j] = new_cost;\n                    pq.emplace(new_cost, j); // Push the updated cost and node into the priority queue\n                }\n            }\n        }\n    }\n    return cost[g] == MAX ? -1 : cost[g]; // Return -1 if not reachable\n}\n\nint main() {\n    int n, k, req, a, b, c, d, e, ans;\n    while (cin >> n >> k, n != 0 || k != 0) {\n        vector<vector<int>> map(Is, vector<int>(Is, MAX));\n        \n        while (k--) {\n            cin >> req;\n            if (req) {\n                cin >> c >> d >> e;\n                map[c][d] = map[d][c] = min(map[c][d], e); // Use min directly\n            } else {\n                cin >> a >> b;\n                if ((ans = dik(a, b, map)) != MAX) cout << ans << endl;\n                else cout << "-1" << endl;\n            }\n        }\n    }\n    return 0;\n}')"
2025-01-24 22:24:17,602	[INFO]	Step: 84
2025-01-24 22:24:17,602	[INFO]	Stop Steps: 100
2025-01-24 22:24:18,370	[DEBUG]	EXEC>  SUCCESS 3026843.5
2025-01-24 22:24:18,371	[INFO]	8-5     SUCCESS               3026843.50 (68.20%) [1 edit(s)]  
2025-01-24 22:24:18,371	[DEBUG]	patch(8-5)="LineLLMCrossover(('source.cpp', 30), '#include <iostream>\n#include <vector>\n#include <limits>\n#include <queue>\nusing namespace std;\n\nconst int MAX = 100000000;\nconst int Is = 110;\n\nint dik(int s, int g, const vector<vector<int>>& map) {\n    vector<int> cost(Is, MAX);\n    cost[s] = 0;\n    priority_queue<pair<int, int>, vector<pair<int, int>>, greater<pair<int, int>>> pq;\n    pq.push({0, s}); // {cost, node}\n\n    while (!pq.empty()) {\n        auto [current_cost, current_node] = pq.top();\n        pq.pop();\n\n        if (current_cost > cost[current_node]) continue;\n\n        for (int j = 0; j < Is; j++) {\n            if (map[current_node][j] != MAX) {\n                int new_cost = cost[current_node] + map[current_node][j];\n                if (new_cost < cost[j]) {\n                    cost[j] = new_cost;\n                    pq.push({new_cost, j}); // Push the updated cost and node into the priority queue\n                }\n            }\n        }\n    }\n    return cost[g] == MAX ? -1 : cost[g]; // Return -1 if not reachable\n}\n\nint main() {\n    int n, k, req, a, b, c, d, e, ans;\n    while (cin >> n >> k, n != 0 || k != 0) {\n        vector<vector<int>> map(Is, vector<int>(Is, MAX));\n\n        while (k--) {\n            cin >> req;\n            if (req) {\n                cin >> c >> d >> e;\n                map[c][d] = map[d][c] = min(map[c][d], e); // Use min directly\n            } else {\n                cin >> a >> b;\n                if ((ans = dik(a, b, map)) != MAX) cout << ans << endl;\n                else cout << "-1" << endl;\n            }\n        }\n    }\n    return 0;\n}')"
2025-01-24 22:24:18,371	[INFO]	Step: 85
2025-01-24 22:24:18,371	[INFO]	Stop Steps: 100
2025-01-24 22:24:19,164	[DEBUG]	EXEC>  SUCCESS 2751339.375
2025-01-24 22:24:19,164	[INFO]	8-6     SUCCESS               2751339.38 (61.99%) [1 edit(s)]  
2025-01-24 22:24:19,164	[DEBUG]	patch(8-6)="LineLLMCrossover(('source.cpp', 31), '#include <iostream>\n#include <vector>\n#include <limits>\n#include <queue>\n#include <functional>\nusing namespace std;\n\nconst int MAX = 100000000;\nconst int Is = 110;\n\nint dik(int s, int g, const vector<vector<int>>& map) {\n    vector<int> cost(Is, MAX);\n    cost[s] = 0;\n    priority_queue<pair<int, int>, vector<pair<int, int>>, greater<pair<int, int>>> pq;\n    pq.emplace(0, s); // {cost, node}\n\n    while (!pq.empty()) {\n        auto [min_cost, min_index] = pq.top();\n        pq.pop();\n\n        if (min_cost > cost[min_index]) continue; // Skip if we have found a better cost already\n\n        for (int j = 0; j < Is; j++) {\n            if (map[min_index][j] != MAX) {\n                int new_cost = cost[min_index] + map[min_index][j];\n                if (new_cost < cost[j]) {\n                    cost[j] = new_cost;\n                    pq.emplace(new_cost, j); // Push the updated cost and node into the priority queue\n                }\n            }\n        }\n    }\n    return cost[g] == MAX ? -1 : cost[g]; // Return -1 if not reachable\n}\n\nint main() {\n    int n, k, req, a, b, c, d, e, ans;\n    while (cin >> n >> k, n != 0 || k != 0) {\n        vector<vector<int>> map(Is, vector<int>(Is, MAX));\n\n        while (k--) {\n            cin >> req;\n            if (req) {\n                cin >> c >> d >> e;\n                if (e < map[c][d]) {\n                    map[c][d] = e;\n                    map[d][c] = e; // Ensure undirected graph property\n                }\n            } else {\n                cin >> a >> b;\n                if ((ans = dik(a, b, map)) != MAX) cout << ans << endl;\n                else cout << "-1" << endl;\n            }\n        }\n    }\n    return 0;\n}')"
2025-01-24 22:24:19,164	[INFO]	Step: 86
2025-01-24 22:24:19,164	[INFO]	Stop Steps: 100
2025-01-24 22:24:19,978	[DEBUG]	EXEC>  SUCCESS 2664867.125
2025-01-24 22:24:19,978	[INFO]	8-7     SUCCESS               2664867.12 (60.04%) [2 edit(s)]  
2025-01-24 22:24:19,978	[DEBUG]	patch(8-7)="LineLLMCrossover(('source.cpp', 24), '#include <iostream>\n#include <vector>\n#include <cstdio>\n#include <limits>\n#include <queue>\nusing namespace std;\n\nconst int MAX = 100000000;\nconst int Is = 110;\n\nint dik(int s, int g, const vector<vector<int>>& map) {\n    vector<int> cost(Is, MAX);\n    cost[s] = 0;\n    priority_queue<pair<int, int>, vector<pair<int, int>>, greater<pair<int, int>>> pq;\n    pq.push({0, s}); // {cost, node}\n\n    while (!pq.empty()) {\n        auto [current_cost, current_node] = pq.top();\n        pq.pop();\n\n        if (current_cost > cost[current_node]) continue;\n\n        for (int j = 0; j < Is; j++) {\n            if (map[current_node][j] != MAX) {\n                int new_cost = cost[current_node] + map[current_node][j];\n                if (new_cost < cost[j]) {\n                    cost[j] = new_cost;\n                    pq.push({new_cost, j}); // Push the updated cost and node into the priority queue\n                }\n            }\n        }\n    }\n    return cost[g] == MAX ? -1 : cost[g]; // Return -1 if not reachable\n}\n\nint main() {\n    int n, k, req, a, b, c, d, e, ans;\n    while (cin >> n >> k, n != 0 || k != 0) {\n        vector<vector<int>> map(Is, vector<int>(Is, MAX));\n\n        while (k--) {\n            cin >> req;\n            if (req) {\n                cin >> c >> d >> e;\n                map[c][d] = map[d][c] = min(map[c][d], e); // Use min directly\n            } else {\n                cin >> a >> b;\n                if ((ans = dik(a, b, map)) != MAX) cout << ans << endl;\n                else cout << "-1" << endl;\n            }\n        }\n    }\n    return 0;\n}') | LineLLMMutation(('source.cpp', 38), '#include <iostream>\n#include <vector>\n#include <cstdio>\n#include <limits>\n#include <queue>\nusing namespace std;\n\nconst int MAX = 100000000;\nconst int Is = 110;\n\nint dik(int s, int g, const vector<vector<int>>& map) {\n    vector<int> cost(Is, MAX);\n    cost[s] = 0;\n    priority_queue<pair<int, int>, vector<pair<int, int>>, greater<pair<int, int>>> pq;\n    pq.push({0, s}); // {cost, node}\n\n    while (!pq.empty()) {\n        auto [current_cost, current_node] = pq.top();\n        pq.pop();\n\n        if (current_cost > cost[current_node]) continue;\n\n        for (int j = 0; j < Is; j++) {\n            if (map[current_node][j] != MAX) {\n                int new_cost = cost[current_node] + map[current_node][j];\n                if (new_cost < cost[j]) {\n                    cost[j] = new_cost;\n                    pq.push({new_cost, j}); // Push the updated cost and node into the priority queue\n                }\n            }\n        }\n    }\n    return cost[g] == MAX ? -1 : cost[g]; // Return -1 if not reachable\n}\n\nint main() {\n    int n, k, req, a, b, c, d, e, ans;\n    while (cin >> n >> k, n != 0 || k != 0) {\n        vector<vector<int>> map(Is, vector<int>(Is, MAX)); // Optimization in initialization\n\n        while (k--) {\n            cin >> req;\n            if (req) {\n                cin >> c >> d >> e;\n                map[c][d] = map[d][c] = min(map[c][d], e); // Use min directly\n            } else {\n                cin >> a >> b;\n                if ((ans = dik(a, b, map)) != MAX) cout << ans << endl;\n                else cout << "-1" << endl;\n            }\n        }\n    }\n    return 0;\n}')"
2025-01-24 22:24:19,978	[INFO]	Step: 87
2025-01-24 22:24:19,978	[INFO]	Stop Steps: 100
2025-01-24 22:24:20,668	[DEBUG]	EXEC>  SUCCESS 2699828.4375
2025-01-24 22:24:20,668	[INFO]	8-8     SUCCESS               2699828.44 (60.83%) [4 edit(s)]  
2025-01-24 22:24:20,668	[DEBUG]	patch(8-8)="LineLLMCrossover(('source.cpp', 16), '#include <iostream>\n#include <vector>\n#include <limits>\n#include <queue>\nusing namespace std;\n\nconst int MAX = 100000000;\nconst int Is = 110;\n\nint dik(int s, int g, const vector<vector<int>>& map) {\n    vector<int> cost(Is, MAX);\n    priority_queue<pair<int, int>, vector<pair<int, int>>, greater<pair<int, int>>> pq;\n    cost[s] = 0;\n    pq.push({0, s});\n\n    while (!pq.empty()) {\n        auto [current_cost, current_node] = pq.top();\n        pq.pop();\n\n        if (current_cost > cost[current_node]) continue;\n\n        for (int j = 0; j < Is; j++) {\n            if (map[current_node][j] != MAX && cost[j] > current_cost + map[current_node][j]) {\n                cost[j] = current_cost + map[current_node][j];\n                pq.push({cost[j], j});\n            }\n        }\n    }\n    return cost[g] == MAX ? -1 : cost[g]; // Return -1 if not reachable\n}\n\nint main() {\n    int n, k, req, a, b, c, d, e, ans;\n    while (cin >> n >> k, n != 0 || k != 0) {\n        vector<vector<int>> map(Is, vector<int>(Is, MAX));\n\n        while (k--) {\n            cin >> req;\n            if (req) {\n                cin >> c >> d >> e;\n                map[c][d] = map[d][c] = min(map[c][d], e); // Use min directly\n            } else {\n                cin >> a >> b;\n                if ((ans = dik(a, b, map)) != MAX) cout << ans << endl;\n                else cout << "-1" << endl;\n            }\n        }\n    }\n    return 0;\n}') | LineLLMMutation(('source.cpp', 31), '#include <iostream>\n#include <vector>\n#include <limits>\n#include <queue>\nusing namespace std;\n\nconst int MAX = 100000000;\nconst int Is = 110;\n\nint dik(int s, int g, const vector<vector<int>>& map) {\n    vector<int> cost(Is, MAX);\n    priority_queue<pair<int, int>, vector<pair<int, int>>, greater<pair<int, int>>> pq;\n    cost[s] = 0;\n    pq.push({0, s});\n\n    while (!pq.empty()) {\n        auto [current_cost, current_node] = pq.top();\n        pq.pop();\n\n        if (current_cost > cost[current_node]) continue;\n\n        for (int j = 0; j < Is; j++) {\n            if (map[current_node][j] != MAX) {\n                int new_cost = current_cost + map[current_node][j];\n                if (cost[j] > new_cost) {\n                    cost[j] = new_cost;\n                    pq.push({new_cost, j}); // Only push if cost is updated\n                }\n            }\n        }\n    }\n    return cost[g] == MAX ? -1 : cost[g]; // Return -1 if not reachable\n}\n\nint main() {\n    int n, k, req, a, b, c, d, e, ans;\n    while (cin >> n >> k, n != 0 || k != 0) {\n        vector<vector<int>> map(Is, vector<int>(Is, MAX));\n\n        while (k--) {\n            cin >> req;\n            if (req) {\n                cin >> c >> d >> e;\n                map[c][d] = map[d][c] = min(map[c][d], e); // Use min directly\n            } else {\n                cin >> a >> b;\n                if ((ans = dik(a, b, map)) != MAX) cout << ans << endl;\n                else cout << "-1" << endl;\n            }\n        }\n    }\n    return 0;\n}') | LineLLMMutation(('source.cpp', 36), '#include <iostream>\n#include <vector>\n#include <limits>\n#include <queue>\nusing namespace std;\n\nconst int MAX = 100000000;\nconst int Is = 110;\n\nint dik(int s, int g, const vector<vector<int>>& map) {\n    vector<int> cost(Is, MAX);\n    priority_queue<pair<int, int>, vector<pair<int, int>>, greater<pair<int, int>>> pq;\n    cost[s] = 0;\n    pq.push({0, s});\n\n    while (!pq.empty()) {\n        auto [current_cost, current_node] = pq.top();\n        pq.pop();\n\n        if (current_cost > cost[current_node]) continue;\n\n        for (int j = 0; j < Is; j++) {\n            if (map[current_node][j] != MAX) {\n                int new_cost = current_cost + map[current_node][j];\n                if (cost[j] > new_cost) {\n                    cost[j] = new_cost;\n                    pq.push({new_cost, j});\n                }\n            }\n        }\n    }\n    return cost[g] == MAX ? -1 : cost[g];\n}\n\nint main() {\n    int n, k, req, a, b, c, d, e, ans;\n    while (cin >> n >> k, n != 0 || k != 0) {\n        vector<vector<int>> map(Is, vector<int>(Is, MAX));\n\n        while (k--) {\n            cin >> req;\n            if (req) {\n                cin >> c >> d >> e;\n                // Simplifying edge updates by directly checking the value and updating\n                if (e < map[c][d]) {\n                    map[c][d] = e;\n                    map[d][c] = e; // Ensure undirected graph property\n                }\n            } else {\n                cin >> a >> b;\n                if ((ans = dik(a, b, map)) != MAX) cout << ans << endl;\n                else cout << "-1" << endl;\n            }\n        }\n    }\n    return 0;\n}') | LineLLMMutation(('source.cpp', 39), '#include <iostream>\n#include <limits>\n#include <queue>\nusing namespace std;\n\nconst int MAX = 100000000;\nconst int Is = 110;\n\nint dik(int s, int g, const int map[Is][Is]) {\n    int cost[Is];\n    fill(cost, cost + Is, MAX);\n    priority_queue<pair<int, int>, vector<pair<int, int>>, greater<pair<int, int>>> pq;\n    cost[s] = 0;\n    pq.push({0, s});\n\n    while (!pq.empty()) {\n        auto [current_cost, current_node] = pq.top();\n        pq.pop();\n\n        if (current_cost > cost[current_node]) continue;\n\n        for (int j = 0; j < Is; j++) {\n            if (map[current_node][j] != MAX) {\n                int new_cost = current_cost + map[current_node][j];\n                if (cost[j] > new_cost) {\n                    cost[j] = new_cost;\n                    pq.push({new_cost, j});\n                }\n            }\n        }\n    }\n    return cost[g] == MAX ? -1 : cost[g];\n}\n\nint main() {\n    int n, k, req, a, b, c, d, e, ans;\n    while (cin >> n >> k, n != 0 || k != 0) {\n        int map[Is][Is];\n        fill(&map[0][0], &map[0][0] + sizeof(map) / sizeof(int), MAX);\n\n        while (k--) {\n            cin >> req;\n            if (req) {\n                cin >> c >> d >> e;\n                if (e < map[c][d]) {\n                    map[c][d] = e;\n                    map[d][c] = e; // Ensure undirected graph property\n                }\n            } else {\n                cin >> a >> b;\n                if ((ans = dik(a, b, map)) != MAX) cout << ans << endl;\n                else cout << "-1" << endl;\n            }\n        }\n    }\n    return 0;\n}')"
2025-01-24 22:24:20,668	[INFO]	Step: 88
2025-01-24 22:24:20,668	[INFO]	Stop Steps: 100
2025-01-24 22:24:21,482	[DEBUG]	EXEC>  SUCCESS 3144820.1875
2025-01-24 22:24:21,482	[INFO]	8-9     SUCCESS               3144820.19 (70.86%) [5 edit(s)]  
2025-01-24 22:24:21,482	[DEBUG]	patch(8-9)="LineLLMCrossover(('source.cpp', 0), '#include <iostream>\n#include <vector>\n#include <cstdio>\n#include <limits>\nusing namespace std;\n\nconst int MAX = 100000000;\nconst int Is = 110;\n\nint dik(int s, int g, int n, const vector<vector<int>>& map) {\n    vector<int> cost(Is, MAX);\n    vector<bool> visited(Is, false);\n    cost[s] = 0;\n\n    for (int i = 0; i < n; i++) {\n        int min_cost = MAX + 1, min_index = -1;\n        for (int j = 0; j < Is; j++) {\n            if (!visited[j] && cost[j] < min_cost) {\n                min_cost = cost[j];\n                min_index = j;\n            }\n        }\n        if (min_index == -1) break;\n        visited[min_index] = true;\n\n        for (int j = 0; j < Is; j++) {\n            if (map[min_index][j] != MAX && cost[j] > cost[min_index] + map[min_index][j]) {\n                cost[j] = cost[min_index] + map[min_index][j];\n            }\n        }\n    }\n    return cost[g];\n}\n\nint main() {\n    int n, k, req, a, b, c, d, e, ans;\n    while (cin >> n >> k, n != 0 || k != 0) {\n        vector<vector<int>> map(Is, vector<int>(Is, MAX));\n        \n        while (k--) {\n            cin >> req;\n            if (req) {\n                cin >> c >> d >> e;\n                if (e < map[c][d]) map[c][d] = map[d][c] = e;\n            } else {\n                cin >> a >> b;\n                if ((ans = dik(a, b, n, map)) != MAX) cout << ans << endl;\n                else cout << "-1" << endl;\n            }\n        }\n    }\n    return 0;\n}') | LineLLMMutation(('source.cpp', 19), '#include <iostream>\n#include <vector>\n#include <cstdio>\n#include <limits>\nusing namespace std;\n\nconst int MAX = 100000000;\nconst int Is = 110;\n\nint dik(int s, int g, int n, const vector<vector<int>>& map) {\n    vector<int> cost(Is, MAX);\n    vector<bool> visited(Is, false);\n    cost[s] = 0;\n\n    for (int i = 0; i < n; i++) {\n        int min_cost = MAX, min_index = -1;\n        for (int j = 0; j < Is; j++) {\n            if (!visited[j] && cost[j] < min_cost) {\n                min_cost = cost[j];\n                min_index = j;\n            }\n        }\n        if (min_index == -1) break;\n        visited[min_index] = true;\n\n        for (int j = 0; j < Is; j++) {\n            if (map[min_index][j] != MAX && cost[j] > cost[min_index] + map[min_index][j]) {\n                cost[j] = cost[min_index] + map[min_index][j];\n            }\n        }\n    }\n    return cost[g] == MAX ? -1 : cost[g]; // Return -1 if not reachable\n}\n\nint main() {\n    int n, k, req, a, b, c, d, e, ans;\n    while (cin >> n >> k, n != 0 || k != 0) {\n        vector<vector<int>> map(Is, vector<int>(Is, MAX));\n        \n        while (k--) {\n            cin >> req;\n            if (req) {\n                cin >> c >> d >> e;\n                map[c][d] = map[d][c] = min(map[c][d], e); // Use min directly\n            } else {\n                cin >> a >> b;\n                if ((ans = dik(a, b, n, map)) != MAX) cout << ans << endl;\n                else cout << "-1" << endl;\n            }\n        }\n    }\n    return 0;\n}') | LineLLMMutation(('source.cpp', 30), '#include <iostream>\n#include <vector>\n#include <cstdio>\n#include <limits>\n#include <queue>\nusing namespace std;\n\nconst int MAX = 100000000;\nconst int Is = 110;\n\nint dik(int s, int g, int n, const vector<vector<int>>& map) {\n    vector<int> cost(Is, MAX);\n    cost[s] = 0;\n    priority_queue<pair<int, int>, vector<pair<int, int>>, greater<pair<int, int>>> pq;\n    pq.push({0, s}); // {cost, node}\n\n    while (!pq.empty()) {\n        int min_cost = pq.top().first;\n        int min_index = pq.top().second;\n        pq.pop();\n\n        if (min_cost > cost[min_index]) continue; // Skip if we have found a better cost already\n\n        for (int j = 0; j < Is; j++) {\n            if (map[min_index][j] != MAX) {\n                int new_cost = cost[min_index] + map[min_index][j];\n                if (new_cost < cost[j]) {\n                    cost[j] = new_cost;\n                    pq.push({new_cost, j}); // Push the updated cost and node into the priority queue\n                }\n            }\n        }\n    }\n    return cost[g] == MAX ? -1 : cost[g]; // Return -1 if not reachable\n}\n\nint main() {\n    int n, k, req, a, b, c, d, e, ans;\n    while (cin >> n >> k, n != 0 || k != 0) {\n        vector<vector<int>> map(Is, vector<int>(Is, MAX));\n        \n        while (k--) {\n            cin >> req;\n            if (req) {\n                cin >> c >> d >> e;\n                map[c][d] = map[d][c] = min(map[c][d], e); // Use min directly\n            } else {\n                cin >> a >> b;\n                if ((ans = dik(a, b, n, map)) != MAX) cout << ans << endl;\n                else cout << "-1" << endl;\n            }\n        }\n    }\n    return 0;\n}') | LineLLMMutation(('source.cpp', 37), '#include <iostream>\n#include <vector>\n#include <cstdio>\n#include <limits>\n#include <queue>\n#include <functional>\nusing namespace std;\n\nconst int MAX = 100000000;\nconst int Is = 110;\n\nint dik(int s, int g, int n, const vector<vector<int>>& map) {\n    vector<int> cost(Is, MAX);\n    cost[s] = 0;\n\n    // Using a priority queue to manage the costs\n    priority_queue<pair<int, int>, vector<pair<int, int>>, greater<pair<int, int>>> pq;\n    pq.emplace(0, s); // {cost, node}\n\n    while (!pq.empty()) {\n        auto [min_cost, min_index] = pq.top();\n        pq.pop();\n\n        if (min_cost > cost[min_index]) continue; // Skip if we have found a better cost already\n\n        for (int j = 0; j < Is; j++) {\n            if (map[min_index][j] != MAX) {\n                int new_cost = cost[min_index] + map[min_index][j];\n                if (new_cost < cost[j]) {\n                    cost[j] = new_cost;\n                    pq.emplace(new_cost, j); // Push the updated cost and node into the priority queue\n                }\n            }\n        }\n    }\n    return cost[g] == MAX ? -1 : cost[g]; // Return -1 if not reachable\n}\n\nint main() {\n    int n, k, req, a, b, c, d, e, ans;\n    while (cin >> n >> k, n != 0 || k != 0) {\n        vector<vector<int>> map(Is, vector<int>(Is, MAX));\n        \n        while (k--) {\n            cin >> req;\n            if (req) {\n                cin >> c >> d >> e;\n                map[c][d] = map[d][c] = min(map[c][d], e); // Use min directly\n            } else {\n                cin >> a >> b;\n                if ((ans = dik(a, b, n, map)) != MAX) cout << ans << endl;\n                else cout << "-1" << endl;\n            }\n        }\n    }\n    return 0;\n}') | LineLLMMutation(('source.cpp', 40), '#include <iostream>\n#include <cstdio>\n#include <limits>\n#include <queue>\n#include <functional>\nusing namespace std;\n\nconst int MAX = 100000000;\nconst int Is = 110;\n\nint map[Is][Is]; // Using a static array instead of a vector\n\nint dik(int s, int g) {\n    int cost[Is];\n    fill(cost, cost + Is, MAX);\n    cost[s] = 0;\n\n    // Using a priority queue to manage the costs\n    priority_queue<pair<int, int>, vector<pair<int, int>>, greater<pair<int, int>>> pq;\n    pq.emplace(0, s); // {cost, node}\n\n    while (!pq.empty()) {\n        auto [min_cost, min_index] = pq.top();\n        pq.pop();\n\n        if (min_cost > cost[min_index]) continue; // Skip if we have found a better cost already\n\n        for (int j = 0; j < Is; j++) {\n            if (map[min_index][j] != MAX) {\n                int new_cost = cost[min_index] + map[min_index][j];\n                if (new_cost < cost[j]) {\n                    cost[j] = new_cost;\n                    pq.emplace(new_cost, j); // Push the updated cost and node into the priority queue\n                }\n            }\n        }\n    }\n    return cost[g] == MAX ? -1 : cost[g]; // Return -1 if not reachable\n}\n\nint main() {\n    int n, k, req, a, b, c, d, e, ans;\n    while (cin >> n >> k, n != 0 || k != 0) {\n        fill(&map[0][0], &map[0][0] + sizeof(map) / sizeof(int), MAX); // Initialize map\n\n        while (k--) {\n            cin >> req;\n            if (req) {\n                cin >> c >> d >> e;\n                map[c][d] = map[d][c] = min(map[c][d], e); // Use min directly\n            } else {\n                cin >> a >> b;\n                if ((ans = dik(a, b)) != MAX) cout << ans << endl;\n                else cout << "-1" << endl;\n            }\n        }\n    }\n    return 0;\n}')"
2025-01-24 22:24:21,483	[INFO]	Step: 89
2025-01-24 22:24:21,483	[INFO]	Stop Steps: 100
2025-01-24 22:24:22,210	[DEBUG]	EXEC>  SUCCESS 3274278.0
2025-01-24 22:24:22,210	[INFO]	8-10    SUCCESS               3274278.00 (73.78%) [2 edit(s)]  
2025-01-24 22:24:22,210	[DEBUG]	patch(8-10)="LineLLMCrossover(('source.cpp', 25), '#include <iostream>\n#include <vector>\n#include <limits>\n#include <queue>\nusing namespace std;\n\nconst int MAX = 100000000;\nconst int Is = 110;\n\nint dik(int s, int g, const vector<vector<int>>& map) {\n    vector<int> cost(Is, MAX);\n    priority_queue<pair<int, int>, vector<pair<int, int>>, greater<pair<int, int>>> pq;\n    cost[s] = 0;\n    pq.push({0, s});\n\n    while (!pq.empty()) {\n        auto [current_cost, current_node] = pq.top();\n        pq.pop();\n\n        if (current_cost > cost[current_node]) continue;\n\n        for (int j = 0; j < Is; j++) {\n            if (map[current_node][j] != MAX) {\n                int new_cost = current_cost + map[current_node][j];\n                if (cost[j] > new_cost) {\n                    cost[j] = new_cost;\n                    pq.push({new_cost, j}); // Only push if cost is updated\n                }\n            }\n        }\n    }\n    return cost[g] == MAX ? -1 : cost[g]; // Return -1 if not reachable\n}\n\nint main() {\n    int n, k, req, a, b, c, d, e, ans;\n    while (cin >> n >> k, n != 0 || k != 0) {\n        vector<vector<int>> map(Is, vector<int>(Is, MAX));\n\n        while (k--) {\n            cin >> req;\n            if (req) {\n                cin >> c >> d >> e;\n                map[c][d] = map[d][c] = min(map[c][d], e); // Use min directly\n            } else {\n                cin >> a >> b;\n                if ((ans = dik(a, b, map)) != MAX) cout << ans << endl;\n                else cout << "-1" << endl;\n            }\n        }\n    }\n    return 0;\n}') | LineLLMMutation(('source.cpp', 41), '#include <iostream>\n#include <limits>\n#include <queue>\nusing namespace std;\n\nconst int MAX = 100000000;\nconst int Is = 110;\n\nint dik(int s, int g, int map[Is][Is]) {\n    vector<int> cost(Is, MAX);\n    priority_queue<pair<int, int>, vector<pair<int, int>>, greater<pair<int, int>>> pq;\n    cost[s] = 0;\n    pq.push({0, s});\n\n    while (!pq.empty()) {\n        auto [current_cost, current_node] = pq.top();\n        pq.pop();\n\n        if (current_cost > cost[current_node]) continue;\n\n        for (int j = 0; j < Is; j++) {\n            if (map[current_node][j] != MAX) {\n                int new_cost = current_cost + map[current_node][j];\n                if (cost[j] > new_cost) {\n                    cost[j] = new_cost;\n                    pq.push({new_cost, j}); // Only push if cost is updated\n                }\n            }\n        }\n    }\n    return cost[g] == MAX ? -1 : cost[g]; // Return -1 if not reachable\n}\n\nint main() {\n    int n, k, req, a, b, c, d, e, ans;\n    while (cin >> n >> k, n != 0 || k != 0) {\n        int map[Is][Is]; // Use fixed-size array instead of vector\n        for (int i = 0; i < Is; i++) {\n            fill(map[i], map[i] + Is, MAX); // Initialize the array\n        }\n\n        while (k--) {\n            cin >> req;\n            if (req) {\n                cin >> c >> d >> e;\n                map[c][d] = map[d][c] = min(map[c][d], e); // Use min directly\n            } else {\n                cin >> a >> b;\n                if ((ans = dik(a, b, map)) != MAX) cout << ans << endl;\n                else cout << "-1" << endl;\n            }\n        }\n    }\n    return 0;\n}')"
2025-01-24 22:24:22,210	[INFO]	Step: 90
2025-01-24 22:24:22,211	[INFO]	Stop Steps: 100
2025-01-24 22:24:23,864	[DEBUG]	EXEC>  SUCCESS 3426230.125
2025-01-24 22:24:23,865	[INFO]	REF     SUCCESS               3426230.12 (--) [0 edit(s)]  
2025-01-24 22:24:23,865	[INFO]	Best patch: 16_31_36
2025-01-24 22:24:24,712	[DEBUG]	EXEC>  SUCCESS 3353097.9375
2025-01-24 22:24:24,713	[INFO]	BEST    SUCCESS              *3353097.94 (97.87%) [0 edit(s)]  
2025-01-24 22:24:24,713	[INFO]	Best patch step: 81
2025-01-24 22:25:30,839	[INFO]	Step: 90
2025-01-24 22:25:30,839	[INFO]	Stop Steps: 100
2025-01-24 22:25:31,815	[DEBUG]	EXEC>  SUCCESS 2975789.875
2025-01-24 22:25:31,815	[INFO]	9-1     SUCCESS              *2975789.88 (86.85%) [3 edit(s)]  
2025-01-24 22:25:31,815	[DEBUG]	patch(9-1)="LineLLMCrossover(('source.cpp', 16), '#include <iostream>\n#include <vector>\n#include <limits>\n#include <queue>\nusing namespace std;\n\nconst int MAX = 100000000;\nconst int Is = 110;\n\nint dik(int s, int g, const vector<vector<int>>& map) {\n    vector<int> cost(Is, MAX);\n    priority_queue<pair<int, int>, vector<pair<int, int>>, greater<pair<int, int>>> pq;\n    cost[s] = 0;\n    pq.push({0, s});\n\n    while (!pq.empty()) {\n        auto [current_cost, current_node] = pq.top();\n        pq.pop();\n\n        if (current_cost > cost[current_node]) continue;\n\n        for (int j = 0; j < Is; j++) {\n            if (map[current_node][j] != MAX && cost[j] > current_cost + map[current_node][j]) {\n                cost[j] = current_cost + map[current_node][j];\n                pq.push({cost[j], j});\n            }\n        }\n    }\n    return cost[g] == MAX ? -1 : cost[g]; // Return -1 if not reachable\n}\n\nint main() {\n    int n, k, req, a, b, c, d, e, ans;\n    while (cin >> n >> k, n != 0 || k != 0) {\n        vector<vector<int>> map(Is, vector<int>(Is, MAX));\n\n        while (k--) {\n            cin >> req;\n            if (req) {\n                cin >> c >> d >> e;\n                map[c][d] = map[d][c] = min(map[c][d], e); // Use min directly\n            } else {\n                cin >> a >> b;\n                if ((ans = dik(a, b, map)) != MAX) cout << ans << endl;\n                else cout << "-1" << endl;\n            }\n        }\n    }\n    return 0;\n}') | LineLLMMutation(('source.cpp', 31), '#include <iostream>\n#include <vector>\n#include <limits>\n#include <queue>\nusing namespace std;\n\nconst int MAX = 100000000;\nconst int Is = 110;\n\nint dik(int s, int g, const vector<vector<int>>& map) {\n    vector<int> cost(Is, MAX);\n    priority_queue<pair<int, int>, vector<pair<int, int>>, greater<pair<int, int>>> pq;\n    cost[s] = 0;\n    pq.push({0, s});\n\n    while (!pq.empty()) {\n        auto [current_cost, current_node] = pq.top();\n        pq.pop();\n\n        if (current_cost > cost[current_node]) continue;\n\n        for (int j = 0; j < Is; j++) {\n            if (map[current_node][j] != MAX) {\n                int new_cost = current_cost + map[current_node][j];\n                if (cost[j] > new_cost) {\n                    cost[j] = new_cost;\n                    pq.push({new_cost, j}); // Only push if cost is updated\n                }\n            }\n        }\n    }\n    return cost[g] == MAX ? -1 : cost[g]; // Return -1 if not reachable\n}\n\nint main() {\n    int n, k, req, a, b, c, d, e, ans;\n    while (cin >> n >> k, n != 0 || k != 0) {\n        vector<vector<int>> map(Is, vector<int>(Is, MAX));\n\n        while (k--) {\n            cin >> req;\n            if (req) {\n                cin >> c >> d >> e;\n                map[c][d] = map[d][c] = min(map[c][d], e); // Use min directly\n            } else {\n                cin >> a >> b;\n                if ((ans = dik(a, b, map)) != MAX) cout << ans << endl;\n                else cout << "-1" << endl;\n            }\n        }\n    }\n    return 0;\n}') | LineLLMMutation(('source.cpp', 36), '#include <iostream>\n#include <vector>\n#include <limits>\n#include <queue>\nusing namespace std;\n\nconst int MAX = 100000000;\nconst int Is = 110;\n\nint dik(int s, int g, const vector<vector<int>>& map) {\n    vector<int> cost(Is, MAX);\n    priority_queue<pair<int, int>, vector<pair<int, int>>, greater<pair<int, int>>> pq;\n    cost[s] = 0;\n    pq.push({0, s});\n\n    while (!pq.empty()) {\n        auto [current_cost, current_node] = pq.top();\n        pq.pop();\n\n        if (current_cost > cost[current_node]) continue;\n\n        for (int j = 0; j < Is; j++) {\n            if (map[current_node][j] != MAX) {\n                int new_cost = current_cost + map[current_node][j];\n                if (cost[j] > new_cost) {\n                    cost[j] = new_cost;\n                    pq.push({new_cost, j});\n                }\n            }\n        }\n    }\n    return cost[g] == MAX ? -1 : cost[g];\n}\n\nint main() {\n    int n, k, req, a, b, c, d, e, ans;\n    while (cin >> n >> k, n != 0 || k != 0) {\n        vector<vector<int>> map(Is, vector<int>(Is, MAX));\n\n        while (k--) {\n            cin >> req;\n            if (req) {\n                cin >> c >> d >> e;\n                // Simplifying edge updates by directly checking the value and updating\n                if (e < map[c][d]) {\n                    map[c][d] = e;\n                    map[d][c] = e; // Ensure undirected graph property\n                }\n            } else {\n                cin >> a >> b;\n                if ((ans = dik(a, b, map)) != MAX) cout << ans << endl;\n                else cout << "-1" << endl;\n            }\n        }\n    }\n    return 0;\n}')"

2025-01-24 22:25:31,816	[INFO]	Step: 91
2025-01-24 22:25:31,816	[INFO]	Stop Steps: 100
2025-01-24 22:25:32,615	[DEBUG]	EXEC>  SUCCESS 3018247.25
2025-01-24 22:25:32,615	[INFO]	9-2     SUCCESS               3018247.25 (88.09%) [2 edit(s)]  
2025-01-24 22:25:32,616	[DEBUG]	patch(9-2)="LineLLMCrossover(('source.cpp', 24), '#include <iostream>\n#include <vector>\n#include <cstdio>\n#include <limits>\n#include <queue>\nusing namespace std;\n\nconst int MAX = 100000000;\nconst int Is = 110;\n\nint dik(int s, int g, const vector<vector<int>>& map) {\n    vector<int> cost(Is, MAX);\n    cost[s] = 0;\n    priority_queue<pair<int, int>, vector<pair<int, int>>, greater<pair<int, int>>> pq;\n    pq.push({0, s}); // {cost, node}\n\n    while (!pq.empty()) {\n        auto [current_cost, current_node] = pq.top();\n        pq.pop();\n\n        if (current_cost > cost[current_node]) continue;\n\n        for (int j = 0; j < Is; j++) {\n            if (map[current_node][j] != MAX) {\n                int new_cost = cost[current_node] + map[current_node][j];\n                if (new_cost < cost[j]) {\n                    cost[j] = new_cost;\n                    pq.push({new_cost, j}); // Push the updated cost and node into the priority queue\n                }\n            }\n        }\n    }\n    return cost[g] == MAX ? -1 : cost[g]; // Return -1 if not reachable\n}\n\nint main() {\n    int n, k, req, a, b, c, d, e, ans;\n    while (cin >> n >> k, n != 0 || k != 0) {\n        vector<vector<int>> map(Is, vector<int>(Is, MAX));\n\n        while (k--) {\n            cin >> req;\n            if (req) {\n                cin >> c >> d >> e;\n                map[c][d] = map[d][c] = min(map[c][d], e); // Use min directly\n            } else {\n                cin >> a >> b;\n                if ((ans = dik(a, b, map)) != MAX) cout << ans << endl;\n                else cout << "-1" << endl;\n            }\n        }\n    }\n    return 0;\n}') | LineLLMMutation(('source.cpp', 38), '#include <iostream>\n#include <vector>\n#include <cstdio>\n#include <limits>\n#include <queue>\nusing namespace std;\n\nconst int MAX = 100000000;\nconst int Is = 110;\n\nint dik(int s, int g, const vector<vector<int>>& map) {\n    vector<int> cost(Is, MAX);\n    cost[s] = 0;\n    priority_queue<pair<int, int>, vector<pair<int, int>>, greater<pair<int, int>>> pq;\n    pq.push({0, s}); // {cost, node}\n\n    while (!pq.empty()) {\n        auto [current_cost, current_node] = pq.top();\n        pq.pop();\n\n        if (current_cost > cost[current_node]) continue;\n\n        for (int j = 0; j < Is; j++) {\n            if (map[current_node][j] != MAX) {\n                int new_cost = cost[current_node] + map[current_node][j];\n                if (new_cost < cost[j]) {\n                    cost[j] = new_cost;\n                    pq.push({new_cost, j}); // Push the updated cost and node into the priority queue\n                }\n            }\n        }\n    }\n    return cost[g] == MAX ? -1 : cost[g]; // Return -1 if not reachable\n}\n\nint main() {\n    int n, k, req, a, b, c, d, e, ans;\n    while (cin >> n >> k, n != 0 || k != 0) {\n        vector<vector<int>> map(Is, vector<int>(Is, MAX)); // Optimization in initialization\n\n        while (k--) {\n            cin >> req;\n            if (req) {\n                cin >> c >> d >> e;\n                map[c][d] = map[d][c] = min(map[c][d], e); // Use min directly\n            } else {\n                cin >> a >> b;\n                if ((ans = dik(a, b, map)) != MAX) cout << ans << endl;\n                else cout << "-1" << endl;\n            }\n        }\n    }\n    return 0;\n}')"
2025-01-24 22:25:32,616	[INFO]	Step: 92
2025-01-24 22:25:32,616	[INFO]	Stop Steps: 100
2025-01-24 22:25:33,368	[DEBUG]	EXEC>  SUCCESS 2643566.8125
2025-01-24 22:25:33,368	[INFO]	9-3     SUCCESS              *2643566.81 (77.16%) [1 edit(s)]  
2025-01-24 22:25:33,368	[DEBUG]	patch(9-3)="LineLLMCrossover(('source.cpp', 32), '#include <iostream>\n#include <vector>\n#include <limits>\n#include <queue>\nusing namespace std;\n\nconst int MAX = 100000000;\nconst int Is = 110;\n\nint dik(int s, int g, const vector<vector<int>>& map) {\n    vector<int> cost(Is, MAX);\n    cost[s] = 0;\n    priority_queue<pair<int, int>, vector<pair<int, int>>, greater<pair<int, int>>> pq;\n    pq.push({0, s}); // {cost, node}\n\n    while (!pq.empty()) {\n        auto [current_cost, current_node] = pq.top();\n        pq.pop();\n\n        if (current_cost > cost[current_node]) continue;\n\n        for (int j = 0; j < Is; j++) {\n            if (map[current_node][j] != MAX) {\n                int new_cost = current_cost + map[current_node][j];\n                if (cost[j] > new_cost) {\n                    cost[j] = new_cost;\n                    pq.push({new_cost, j});\n                }\n            }\n        }\n    }\n    return cost[g] == MAX ? -1 : cost[g];\n}\n\nint main() {\n    int n, k, req, a, b, c, d, e, ans;\n    while (cin >> n >> k, n != 0 || k != 0) {\n        vector<vector<int>> map(Is, vector<int>(Is, MAX)); // Optimized initialization\n\n        while (k--) {\n            cin >> req;\n            if (req) {\n                cin >> c >> d >> e;\n                map[c][d] = map[d][c] = min(map[c][d], e); // Use min directly\n            } else {\n                cin >> a >> b;\n                if ((ans = dik(a, b, map)) != MAX) cout << ans << endl;\n                else cout << "-1" << endl;\n            }\n        }\n    }\n    return 0;\n}')"

2025-01-24 22:25:33,368	[INFO]	Step: 93
2025-01-24 22:25:33,368	[INFO]	Stop Steps: 100
2025-01-24 22:25:34,052	[DEBUG]	EXEC>  SUCCESS 2656259.125
2025-01-24 22:25:34,052	[INFO]	9-4     SUCCESS               2656259.12 (77.53%) [1 edit(s)]  
2025-01-24 22:25:34,053	[DEBUG]	patch(9-4)="LineLLMCrossover(('source.cpp', 33), '#include <iostream>\n#include <vector>\n#include <limits>\n#include <queue>\nusing namespace std;\n\nconst int MAX = 100000000;\nconst int Is = 110;\n\nint dik(int s, int g, const int map[Is][Is]) {\n    int cost[Is];\n    fill(cost, cost + Is, MAX);\n    priority_queue<pair<int, int>, vector<pair<int, int>>, greater<pair<int, int>>> pq;\n    cost[s] = 0;\n    pq.push({0, s});\n\n    while (!pq.empty()) {\n        auto [current_cost, current_node] = pq.top();\n        pq.pop();\n\n        if (current_cost > cost[current_node]) continue;\n\n        for (int j = 0; j < Is; j++) {\n            if (map[current_node][j] != MAX) {\n                int new_cost = current_cost + map[current_node][j];\n                if (cost[j] > new_cost) {\n                    cost[j] = new_cost;\n                    pq.push({new_cost, j});\n                }\n            }\n        }\n    }\n    return cost[g] == MAX ? -1 : cost[g];\n}\n\nint main() {\n    int n, k, req, a, b, c, d, e, ans;\n    while (cin >> n >> k, n != 0 || k != 0) {\n        int map[Is][Is];\n        fill(&map[0][0], &map[0][0] + sizeof(map) / sizeof(int), MAX); // Efficient initialization\n\n        while (k--) {\n            cin >> req;\n            if (req) {\n                cin >> c >> d >> e;\n                if (e < map[c][d]) {\n                    map[c][d] = e;\n                    map[d][c] = e; // Ensure undirected graph property\n                }\n            } else {\n                cin >> a >> b;\n                if ((ans = dik(a, b, map)) != MAX) cout << ans << endl;\n                else cout << "-1" << endl;\n            }\n        }\n    }\n    return 0;\n}')"
2025-01-24 22:25:34,053	[INFO]	Step: 94
2025-01-24 22:25:34,053	[INFO]	Stop Steps: 100
2025-01-24 22:25:34,813	[DEBUG]	EXEC>  SUCCESS 2751456.875
2025-01-24 22:25:34,814	[INFO]	9-5     SUCCESS               2751456.88 (80.31%) [1 edit(s)]  
2025-01-24 22:25:34,814	[DEBUG]	patch(9-5)="LineLLMCrossover(('source.cpp', 34), '#include <iostream>\n#include <vector>\n#include <limits>\n#include <queue>\nusing namespace std;\n\nconst int MAX = 100000000;\nconst int Is = 110;\n\nint dik(int s, int g, const vector<vector<int>>& map) {\n    vector<int> cost(Is, MAX);\n    cost[s] = 0;\n    priority_queue<pair<int, int>, vector<pair<int, int>>, greater<pair<int, int>>> pq;\n    pq.push({0, s}); // {cost, node}\n\n    while (!pq.empty()) {\n        auto [current_cost, current_node] = pq.top();\n        pq.pop();\n\n        if (current_cost > cost[current_node]) continue;\n\n        for (int j = 0; j < Is; j++) {\n            if (map[current_node][j] != MAX) {\n                int new_cost = cost[current_node] + map[current_node][j];\n                if (cost[j] > new_cost) {\n                    cost[j] = new_cost;\n                    pq.push({new_cost, j});\n                }\n            }\n        }\n    }\n    return cost[g] == MAX ? -1 : cost[g];\n}\n\nint main() {\n    int n, k, req, a, b, c, d, e, ans;\n    while (cin >> n >> k, n != 0 || k != 0) {\n        vector<vector<int>> map(Is, vector<int>(Is, MAX)); // Optimized initialization\n\n        while (k--) {\n            cin >> req;\n            if (req) {\n                cin >> c >> d >> e;\n                if (e < map[c][d]) {\n                    map[c][d] = e;\n                    map[d][c] = e; // Ensure undirected graph property\n                }\n            } else {\n                cin >> a >> b;\n                if ((ans = dik(a, b, map)) != MAX) cout << ans << endl;\n                else cout << "-1" << endl;\n            }\n        }\n    }\n    return 0;\n}')"
2025-01-24 22:25:34,814	[INFO]	Step: 95
2025-01-24 22:25:34,814	[INFO]	Stop Steps: 100
2025-01-24 22:25:35,560	[DEBUG]	EXEC>  SUCCESS 2986704.25
2025-01-24 22:25:35,560	[INFO]	9-6     SUCCESS               2986704.25 (87.17%) [1 edit(s)]  
2025-01-24 22:25:35,560	[DEBUG]	patch(9-6)="LineLLMCrossover(('source.cpp', 35), '#include <iostream>\n#include <limits>\n#include <queue>\nusing namespace std;\n\nconst int MAX = 100000000;\nconst int Is = 110;\n\nint dik(int s, int g, const int map[Is][Is]) {\n    int cost[Is];\n    fill(cost, cost + Is, MAX);\n    priority_queue<pair<int, int>, vector<pair<int, int>>, greater<pair<int, int>>> pq;\n    cost[s] = 0;\n    pq.push({0, s}); // {cost, node}\n\n    while (!pq.empty()) {\n        auto [current_cost, current_node] = pq.top();\n        pq.pop();\n\n        if (current_cost > cost[current_node]) continue;\n\n        for (int j = 0; j < Is; j++) {\n            if (map[current_node][j] != MAX) {\n                int new_cost = current_cost + map[current_node][j];\n                if (cost[j] > new_cost) {\n                    cost[j] = new_cost;\n                    pq.push({new_cost, j});\n                }\n            }\n        }\n    }\n    return cost[g] == MAX ? -1 : cost[g];\n}\n\nint main() {\n    int n, k, req, a, b, c, d, e, ans;\n    while (cin >> n >> k, n != 0 || k != 0) {\n        int map[Is][Is];\n        fill(&map[0][0], &map[0][0] + sizeof(map) / sizeof(int), MAX); // Efficient initialization\n\n        while (k--) {\n            cin >> req;\n            if (req) {\n                cin >> c >> d >> e;\n                if (e < map[c][d]) {\n                    map[c][d] = e;\n                    map[d][c] = e; // Ensure undirected graph property\n                }\n            } else {\n                cin >> a >> b;\n                if ((ans = dik(a, b, map)) != MAX) cout << ans << endl;\n                else cout << "-1" << endl;\n            }\n        }\n    }\n    return 0;\n}')"
2025-01-24 22:25:35,560	[INFO]	Step: 96
2025-01-24 22:25:35,560	[INFO]	Stop Steps: 100
2025-01-24 22:25:35,938	[INFO]	9-7     COMPILE_CODE_ERROR    None (--) [4 edit(s)]  
2025-01-24 22:25:35,938	[DEBUG]	patch(9-7)="LineLLMCrossover(('source.cpp', 16), '#include <iostream>\n#include <vector>\n#include <limits>\n#include <queue>\nusing namespace std;\n\nconst int MAX = 100000000;\nconst int Is = 110;\n\nint dik(int s, int g, const vector<vector<int>>& map) {\n    vector<int> cost(Is, MAX);\n    priority_queue<pair<int, int>, vector<pair<int, int>>, greater<pair<int, int>>> pq;\n    cost[s] = 0;\n    pq.push({0, s});\n\n    while (!pq.empty()) {\n        auto [current_cost, current_node] = pq.top();\n        pq.pop();\n\n        if (current_cost > cost[current_node]) continue;\n\n        for (int j = 0; j < Is; j++) {\n            if (map[current_node][j] != MAX && cost[j] > current_cost + map[current_node][j]) {\n                cost[j] = current_cost + map[current_node][j];\n                pq.push({cost[j], j});\n            }\n        }\n    }\n    return cost[g] == MAX ? -1 : cost[g]; // Return -1 if not reachable\n}\n\nint main() {\n    int n, k, req, a, b, c, d, e, ans;\n    while (cin >> n >> k, n != 0 || k != 0) {\n        vector<vector<int>> map(Is, vector<int>(Is, MAX));\n\n        while (k--) {\n            cin >> req;\n            if (req) {\n                cin >> c >> d >> e;\n                map[c][d] = map[d][c] = min(map[c][d], e); // Use min directly\n            } else {\n                cin >> a >> b;\n                if ((ans = dik(a, b, map)) != MAX) cout << ans << endl;\n                else cout << "-1" << endl;\n            }\n        }\n    }\n    return 0;\n}') | LineLLMMutation(('source.cpp', 31), '#include <iostream>\n#include <vector>\n#include <limits>\n#include <queue>\nusing namespace std;\n\nconst int MAX = 100000000;\nconst int Is = 110;\n\nint dik(int s, int g, const vector<vector<int>>& map) {\n    vector<int> cost(Is, MAX);\n    priority_queue<pair<int, int>, vector<pair<int, int>>, greater<pair<int, int>>> pq;\n    cost[s] = 0;\n    pq.push({0, s});\n\n    while (!pq.empty()) {\n        auto [current_cost, current_node] = pq.top();\n        pq.pop();\n\n        if (current_cost > cost[current_node]) continue;\n\n        for (int j = 0; j < Is; j++) {\n            if (map[current_node][j] != MAX) {\n                int new_cost = current_cost + map[current_node][j];\n                if (cost[j] > new_cost) {\n                    cost[j] = new_cost;\n                    pq.push({new_cost, j}); // Only push if cost is updated\n                }\n            }\n        }\n    }\n    return cost[g] == MAX ? -1 : cost[g]; // Return -1 if not reachable\n}\n\nint main() {\n    int n, k, req, a, b, c, d, e, ans;\n    while (cin >> n >> k, n != 0 || k != 0) {\n        vector<vector<int>> map(Is, vector<int>(Is, MAX));\n\n        while (k--) {\n            cin >> req;\n            if (req) {\n                cin >> c >> d >> e;\n                map[c][d] = map[d][c] = min(map[c][d], e); // Use min directly\n            } else {\n                cin >> a >> b;\n                if ((ans = dik(a, b, map)) != MAX) cout << ans << endl;\n                else cout << "-1" << endl;\n            }\n        }\n    }\n    return 0;\n}') | LineLLMMutation(('source.cpp', 36), '#include <iostream>\n#include <vector>\n#include <limits>\n#include <queue>\nusing namespace std;\n\nconst int MAX = 100000000;\nconst int Is = 110;\n\nint dik(int s, int g, const vector<vector<int>>& map) {\n    vector<int> cost(Is, MAX);\n    priority_queue<pair<int, int>, vector<pair<int, int>>, greater<pair<int, int>>> pq;\n    cost[s] = 0;\n    pq.push({0, s});\n\n    while (!pq.empty()) {\n        auto [current_cost, current_node] = pq.top();\n        pq.pop();\n\n        if (current_cost > cost[current_node]) continue;\n\n        for (int j = 0; j < Is; j++) {\n            if (map[current_node][j] != MAX) {\n                int new_cost = current_cost + map[current_node][j];\n                if (cost[j] > new_cost) {\n                    cost[j] = new_cost;\n                    pq.push({new_cost, j});\n                }\n            }\n        }\n    }\n    return cost[g] == MAX ? -1 : cost[g];\n}\n\nint main() {\n    int n, k, req, a, b, c, d, e, ans;\n    while (cin >> n >> k, n != 0 || k != 0) {\n        vector<vector<int>> map(Is, vector<int>(Is, MAX));\n\n        while (k--) {\n            cin >> req;\n            if (req) {\n                cin >> c >> d >> e;\n                // Simplifying edge updates by directly checking the value and updating\n                if (e < map[c][d]) {\n                    map[c][d] = e;\n                    map[d][c] = e; // Ensure undirected graph property\n                }\n            } else {\n                cin >> a >> b;\n                if ((ans = dik(a, b, map)) != MAX) cout << ans << endl;\n                else cout << "-1" << endl;\n            }\n        }\n    }\n    return 0;\n}') | LineLLMMutation(('source.cpp', 42), '#include <iostream>\n#include <vector>\n#include <limits>\n#include <queue>\nusing namespace std;\n\nconst int MAX = 100000000;\nconst int Is = 110;\n\nint dik(int s, int g, const vector<vector<int>>& map) {\n    vector<int> cost(Is, MAX);\n    priority_queue<pair<int, int>, vector<pair<int, int>>, greater<pair<int, int>>> pq;\n    cost[s] = 0;\n    pq.push({0, s});\n\n    while (!pq.empty()) {\n        auto [current_cost, current_node] = pq.top();\n        pq.pop();\n\n        if (current_cost > cost[current_node]) continue;\n\n        for (int j = 0; j < Is; j++) {\n            if (map[current_node][j] != MAX) {\n                int new_cost = current_cost + map[current_node][j];\n                if (cost[j] > new_cost) {\n                    cost[j] = new_cost;\n                    pq.push({new_cost, j});\n                }\n            }\n        }\n    }\n    return cost[g] == MAX ? -1 : cost[g];\n}\n\nint main() {\n    int n, k, req, c, d, ans;\n    while (cin >> n >> k, n != 0 || k != 0) {\n        vector<vector<int>> map(Is, vector<int>(Is, MAX));\n\n        while (k--) {\n            cin >> req;\n            if (req) {\n                cin >> c >> d >> e;\n                // Use a conditional operator to simplify edge updates\n                if (e < map[c][d]) {\n                    map[c][d] = map[d][c] = e; // Ensure undirected graph property\n                }\n            } else {\n                int a, b;\n                cin >> a >> b;\n                ans = dik(a, b, map);\n                cout << (ans != MAX ? ans : -1) << endl; // Simplifying output\n            }\n        }\n    }\n    return 0;\n}')"
2025-01-24 22:25:35,938	[INFO]	Step: 97
2025-01-24 22:25:35,938	[INFO]	Stop Steps: 100
2025-01-24 22:25:36,684	[DEBUG]	EXEC>  SUCCESS 2659845.0
2025-01-24 22:25:36,685	[INFO]	9-8     SUCCESS               2659845.00 (77.63%) [3 edit(s)]  
2025-01-24 22:25:36,685	[DEBUG]	patch(9-8)="LineLLMCrossover(('source.cpp', 24), '#include <iostream>\n#include <vector>\n#include <cstdio>\n#include <limits>\n#include <queue>\nusing namespace std;\n\nconst int MAX = 100000000;\nconst int Is = 110;\n\nint dik(int s, int g, const vector<vector<int>>& map) {\n    vector<int> cost(Is, MAX);\n    cost[s] = 0;\n    priority_queue<pair<int, int>, vector<pair<int, int>>, greater<pair<int, int>>> pq;\n    pq.push({0, s}); // {cost, node}\n\n    while (!pq.empty()) {\n        auto [current_cost, current_node] = pq.top();\n        pq.pop();\n\n        if (current_cost > cost[current_node]) continue;\n\n        for (int j = 0; j < Is; j++) {\n            if (map[current_node][j] != MAX) {\n                int new_cost = cost[current_node] + map[current_node][j];\n                if (new_cost < cost[j]) {\n                    cost[j] = new_cost;\n                    pq.push({new_cost, j}); // Push the updated cost and node into the priority queue\n                }\n            }\n        }\n    }\n    return cost[g] == MAX ? -1 : cost[g]; // Return -1 if not reachable\n}\n\nint main() {\n    int n, k, req, a, b, c, d, e, ans;\n    while (cin >> n >> k, n != 0 || k != 0) {\n        vector<vector<int>> map(Is, vector<int>(Is, MAX));\n\n        while (k--) {\n            cin >> req;\n            if (req) {\n                cin >> c >> d >> e;\n                map[c][d] = map[d][c] = min(map[c][d], e); // Use min directly\n            } else {\n                cin >> a >> b;\n                if ((ans = dik(a, b, map)) != MAX) cout << ans << endl;\n                else cout << "-1" << endl;\n            }\n        }\n    }\n    return 0;\n}') | LineLLMMutation(('source.cpp', 38), '#include <iostream>\n#include <vector>\n#include <cstdio>\n#include <limits>\n#include <queue>\nusing namespace std;\n\nconst int MAX = 100000000;\nconst int Is = 110;\n\nint dik(int s, int g, const vector<vector<int>>& map) {\n    vector<int> cost(Is, MAX);\n    cost[s] = 0;\n    priority_queue<pair<int, int>, vector<pair<int, int>>, greater<pair<int, int>>> pq;\n    pq.push({0, s}); // {cost, node}\n\n    while (!pq.empty()) {\n        auto [current_cost, current_node] = pq.top();\n        pq.pop();\n\n        if (current_cost > cost[current_node]) continue;\n\n        for (int j = 0; j < Is; j++) {\n            if (map[current_node][j] != MAX) {\n                int new_cost = cost[current_node] + map[current_node][j];\n                if (new_cost < cost[j]) {\n                    cost[j] = new_cost;\n                    pq.push({new_cost, j}); // Push the updated cost and node into the priority queue\n                }\n            }\n        }\n    }\n    return cost[g] == MAX ? -1 : cost[g]; // Return -1 if not reachable\n}\n\nint main() {\n    int n, k, req, a, b, c, d, e, ans;\n    while (cin >> n >> k, n != 0 || k != 0) {\n        vector<vector<int>> map(Is, vector<int>(Is, MAX)); // Optimization in initialization\n\n        while (k--) {\n            cin >> req;\n            if (req) {\n                cin >> c >> d >> e;\n                map[c][d] = map[d][c] = min(map[c][d], e); // Use min directly\n            } else {\n                cin >> a >> b;\n                if ((ans = dik(a, b, map)) != MAX) cout << ans << endl;\n                else cout << "-1" << endl;\n            }\n        }\n    }\n    return 0;\n}') | LineLLMMutation(('source.cpp', 43), '#include <iostream>\n#include <vector>\n#include <cstdio>\n#include <limits>\n#include <queue>\nusing namespace std;\n\nconst int MAX = 100000000;\nconst int Is = 110;\n\nint dik(int s, int g, const vector<vector<int>>& map) {\n    vector<int> cost(Is, MAX);\n    cost[s] = 0;\n    priority_queue<pair<int, int>, vector<pair<int, int>>, greater<pair<int, int>>> pq;\n    pq.push({0, s}); // {cost, node}\n\n    while (!pq.empty()) {\n        auto [current_cost, current_node] = pq.top();\n        pq.pop();\n\n        if (current_cost > cost[current_node]) continue;\n\n        for (int j = 0; j < Is; j++) {\n            if (map[current_node][j] != MAX) {\n                int new_cost = cost[current_node] + map[current_node][j];\n                if (new_cost < cost[j]) {\n                    cost[j] = new_cost;\n                    pq.push({new_cost, j}); // Push the updated cost and node into the priority queue\n                }\n            }\n        }\n    }\n    return cost[g] == MAX ? -1 : cost[g]; // Return -1 if not reachable\n}\n\nint main() {\n    int n, k, req, a, b, c, d, e, ans;\n    while (cin >> n >> k, n != 0 || k != 0) {\n        vector<vector<int>> map(Is, vector<int>(Is, MAX)); // Optimization in initialization\n\n        while (k--) {\n            cin >> req;\n            if (req) {\n                cin >> c >> d >> e;\n                map[c][d] = map[d][c] = min(map[c][d], e); // Use min directly\n            } else {\n                cin >> a >> b;\n                if ((ans = dik(a, b, map)) != MAX) cout << ans << endl;\n                else cout << "-1" << endl;\n            }\n        }\n    }\n    return 0;\n}')"
2025-01-24 22:25:36,685	[INFO]	Step: 98
2025-01-24 22:25:36,685	[INFO]	Stop Steps: 100
2025-01-24 22:25:37,458	[DEBUG]	EXEC>  SUCCESS 2590668.4375
2025-01-24 22:25:37,458	[INFO]	9-9     SUCCESS              *2590668.44 (75.61%) [5 edit(s)]  
2025-01-24 22:25:37,458	[DEBUG]	patch(9-9)="LineLLMCrossover(('source.cpp', 16), '#include <iostream>\n#include <vector>\n#include <limits>\n#include <queue>\nusing namespace std;\n\nconst int MAX = 100000000;\nconst int Is = 110;\n\nint dik(int s, int g, const vector<vector<int>>& map) {\n    vector<int> cost(Is, MAX);\n    priority_queue<pair<int, int>, vector<pair<int, int>>, greater<pair<int, int>>> pq;\n    cost[s] = 0;\n    pq.push({0, s});\n\n    while (!pq.empty()) {\n        auto [current_cost, current_node] = pq.top();\n        pq.pop();\n\n        if (current_cost > cost[current_node]) continue;\n\n        for (int j = 0; j < Is; j++) {\n            if (map[current_node][j] != MAX && cost[j] > current_cost + map[current_node][j]) {\n                cost[j] = current_cost + map[current_node][j];\n                pq.push({cost[j], j});\n            }\n        }\n    }\n    return cost[g] == MAX ? -1 : cost[g]; // Return -1 if not reachable\n}\n\nint main() {\n    int n, k, req, a, b, c, d, e, ans;\n    while (cin >> n >> k, n != 0 || k != 0) {\n        vector<vector<int>> map(Is, vector<int>(Is, MAX));\n\n        while (k--) {\n            cin >> req;\n            if (req) {\n                cin >> c >> d >> e;\n                map[c][d] = map[d][c] = min(map[c][d], e); // Use min directly\n            } else {\n                cin >> a >> b;\n                if ((ans = dik(a, b, map)) != MAX) cout << ans << endl;\n                else cout << "-1" << endl;\n            }\n        }\n    }\n    return 0;\n}') | LineLLMMutation(('source.cpp', 31), '#include <iostream>\n#include <vector>\n#include <limits>\n#include <queue>\nusing namespace std;\n\nconst int MAX = 100000000;\nconst int Is = 110;\n\nint dik(int s, int g, const vector<vector<int>>& map) {\n    vector<int> cost(Is, MAX);\n    priority_queue<pair<int, int>, vector<pair<int, int>>, greater<pair<int, int>>> pq;\n    cost[s] = 0;\n    pq.push({0, s});\n\n    while (!pq.empty()) {\n        auto [current_cost, current_node] = pq.top();\n        pq.pop();\n\n        if (current_cost > cost[current_node]) continue;\n\n        for (int j = 0; j < Is; j++) {\n            if (map[current_node][j] != MAX) {\n                int new_cost = current_cost + map[current_node][j];\n                if (cost[j] > new_cost) {\n                    cost[j] = new_cost;\n                    pq.push({new_cost, j}); // Only push if cost is updated\n                }\n            }\n        }\n    }\n    return cost[g] == MAX ? -1 : cost[g]; // Return -1 if not reachable\n}\n\nint main() {\n    int n, k, req, a, b, c, d, e, ans;\n    while (cin >> n >> k, n != 0 || k != 0) {\n        vector<vector<int>> map(Is, vector<int>(Is, MAX));\n\n        while (k--) {\n            cin >> req;\n            if (req) {\n                cin >> c >> d >> e;\n                map[c][d] = map[d][c] = min(map[c][d], e); // Use min directly\n            } else {\n                cin >> a >> b;\n                if ((ans = dik(a, b, map)) != MAX) cout << ans << endl;\n                else cout << "-1" << endl;\n            }\n        }\n    }\n    return 0;\n}') | LineLLMMutation(('source.cpp', 36), '#include <iostream>\n#include <vector>\n#include <limits>\n#include <queue>\nusing namespace std;\n\nconst int MAX = 100000000;\nconst int Is = 110;\n\nint dik(int s, int g, const vector<vector<int>>& map) {\n    vector<int> cost(Is, MAX);\n    priority_queue<pair<int, int>, vector<pair<int, int>>, greater<pair<int, int>>> pq;\n    cost[s] = 0;\n    pq.push({0, s});\n\n    while (!pq.empty()) {\n        auto [current_cost, current_node] = pq.top();\n        pq.pop();\n\n        if (current_cost > cost[current_node]) continue;\n\n        for (int j = 0; j < Is; j++) {\n            if (map[current_node][j] != MAX) {\n                int new_cost = current_cost + map[current_node][j];\n                if (cost[j] > new_cost) {\n                    cost[j] = new_cost;\n                    pq.push({new_cost, j});\n                }\n            }\n        }\n    }\n    return cost[g] == MAX ? -1 : cost[g];\n}\n\nint main() {\n    int n, k, req, a, b, c, d, e, ans;\n    while (cin >> n >> k, n != 0 || k != 0) {\n        vector<vector<int>> map(Is, vector<int>(Is, MAX));\n\n        while (k--) {\n            cin >> req;\n            if (req) {\n                cin >> c >> d >> e;\n                // Simplifying edge updates by directly checking the value and updating\n                if (e < map[c][d]) {\n                    map[c][d] = e;\n                    map[d][c] = e; // Ensure undirected graph property\n                }\n            } else {\n                cin >> a >> b;\n                if ((ans = dik(a, b, map)) != MAX) cout << ans << endl;\n                else cout << "-1" << endl;\n            }\n        }\n    }\n    return 0;\n}') | LineLLMMutation(('source.cpp', 39), '#include <iostream>\n#include <limits>\n#include <queue>\nusing namespace std;\n\nconst int MAX = 100000000;\nconst int Is = 110;\n\nint dik(int s, int g, const int map[Is][Is]) {\n    int cost[Is];\n    fill(cost, cost + Is, MAX);\n    priority_queue<pair<int, int>, vector<pair<int, int>>, greater<pair<int, int>>> pq;\n    cost[s] = 0;\n    pq.push({0, s});\n\n    while (!pq.empty()) {\n        auto [current_cost, current_node] = pq.top();\n        pq.pop();\n\n        if (current_cost > cost[current_node]) continue;\n\n        for (int j = 0; j < Is; j++) {\n            if (map[current_node][j] != MAX) {\n                int new_cost = current_cost + map[current_node][j];\n                if (cost[j] > new_cost) {\n                    cost[j] = new_cost;\n                    pq.push({new_cost, j});\n                }\n            }\n        }\n    }\n    return cost[g] == MAX ? -1 : cost[g];\n}\n\nint main() {\n    int n, k, req, a, b, c, d, e, ans;\n    while (cin >> n >> k, n != 0 || k != 0) {\n        int map[Is][Is];\n        fill(&map[0][0], &map[0][0] + sizeof(map) / sizeof(int), MAX);\n\n        while (k--) {\n            cin >> req;\n            if (req) {\n                cin >> c >> d >> e;\n                if (e < map[c][d]) {\n                    map[c][d] = e;\n                    map[d][c] = e; // Ensure undirected graph property\n                }\n            } else {\n                cin >> a >> b;\n                if ((ans = dik(a, b, map)) != MAX) cout << ans << endl;\n                else cout << "-1" << endl;\n            }\n        }\n    }\n    return 0;\n}') | LineLLMMutation(('source.cpp', 44), '#include <iostream>\n#include <limits>\n#include <queue>\n#include <vector>\nusing namespace std;\n\nconst int MAX = 100000000;\n\nint dik(int s, int g, const vector<vector<int>>& map) {\n    int Is = map.size();\n    vector<int> cost(Is, MAX);\n    priority_queue<pair<int, int>, vector<pair<int, int>>, greater<pair<int, int>>> pq;\n    cost[s] = 0;\n    pq.push({0, s});\n\n    while (!pq.empty()) {\n        auto [current_cost, current_node] = pq.top();\n        pq.pop();\n\n        if (current_cost > cost[current_node]) continue;\n\n        for (int j = 0; j < Is; j++) {\n            if (map[current_node][j] != MAX) {\n                int new_cost = current_cost + map[current_node][j];\n                if (cost[j] > new_cost) {\n                    cost[j] = new_cost;\n                    pq.push({new_cost, j});\n                }\n            }\n        }\n    }\n    return cost[g] == MAX ? -1 : cost[g];\n}\n\nint main() {\n    int n, k, req, a, b, c, d, e, ans;\n    while (cin >> n >> k, n != 0 || k != 0) {\n        vector<vector<int>> map(n + 1, vector<int>(n + 1, MAX));\n\n        while (k--) {\n            cin >> req;\n            if (req) {\n                cin >> c >> d >> e;\n                if (e < map[c][d]) {\n                    map[c][d] = e;\n                    map[d][c] = e; // Ensure undirected graph property\n                }\n            } else {\n                cin >> a >> b;\n                if ((ans = dik(a, b, map)) != MAX) cout << ans << endl;\n                else cout << "-1" << endl;\n            }\n        }\n    }\n    return 0;\n}')"

2025-01-24 22:25:37,458	[INFO]	Step: 99
2025-01-24 22:25:37,458	[INFO]	Stop Steps: 100
2025-01-24 22:25:38,188	[DEBUG]	EXEC>  SUCCESS 2884578.125
2025-01-24 22:25:38,189	[INFO]	9-10    SUCCESS               2884578.12 (84.19%) [2 edit(s)]  
2025-01-24 22:25:38,189	[DEBUG]	patch(9-10)="LineLLMCrossover(('source.cpp', 28), '#include <iostream>\n#include <vector>\n#include <limits>\n#include <queue>\nusing namespace std;\n\nconst int MAX = 100000000;\nconst int Is = 110;\n\nint dik(int s, int g, const vector<vector<int>>& map) {\n    vector<int> cost(Is, MAX);\n    cost[s] = 0;\n    priority_queue<pair<int, int>, vector<pair<int, int>>, greater<pair<int, int>>> pq;\n    pq.push({0, s}); // {cost, node}\n\n    while (!pq.empty()) {\n        auto [current_cost, current_node] = pq.top();\n        pq.pop();\n\n        if (current_cost > cost[current_node]) continue;\n\n        for (int j = 0; j < Is; j++) {\n            if (map[current_node][j] != MAX) {\n                int new_cost = cost[current_node] + map[current_node][j];\n                if (new_cost < cost[j]) {\n                    cost[j] = new_cost;\n                    pq.push({new_cost, j}); // Push the updated cost and node into the priority queue\n                }\n            }\n        }\n    }\n    return cost[g] == MAX ? -1 : cost[g]; // Return -1 if not reachable\n}\n\nint main() {\n    int n, k, req, a, b, c, d, e, ans;\n    while (cin >> n >> k, n != 0 || k != 0) {\n        vector<vector<int>> map(Is, vector<int>(Is, MAX));\n\n        while (k--) {\n            cin >> req;\n            if (req) {\n                cin >> c >> d >> e;\n                if (e < map[c][d]) {\n                    map[c][d] = e;\n                    map[d][c] = e; // Ensure undirected graph property\n                }\n            } else {\n                cin >> a >> b;\n                if ((ans = dik(a, b, map)) != MAX) cout << ans << endl;\n                else cout << "-1" << endl;\n            }\n        }\n    }\n    return 0;\n}') | LineLLMMutation(('source.cpp', 45), '#include <iostream>\n#include <limits>\n#include <queue>\nusing namespace std;\n\nconst int MAX = 100000000;\nconst int Is = 110;\n\nint map[Is][Is]; // Use fixed-size array instead of vector\n\nint dik(int s, int g) {\n    vector<int> cost(Is, MAX);\n    cost[s] = 0;\n    priority_queue<pair<int, int>, vector<pair<int, int>>, greater<pair<int, int>>> pq;\n    pq.push({0, s}); // {cost, node}\n\n    while (!pq.empty()) {\n        auto [current_cost, current_node] = pq.top();\n        pq.pop();\n\n        if (current_cost > cost[current_node]) continue;\n\n        for (int j = 0; j < Is; j++) {\n            if (map[current_node][j] != MAX) {\n                int new_cost = cost[current_node] + map[current_node][j];\n                if (new_cost < cost[j]) {\n                    cost[j] = new_cost;\n                    pq.push({new_cost, j}); // Push the updated cost and node into the priority queue\n                }\n            }\n        }\n    }\n    return cost[g] == MAX ? -1 : cost[g]; // Return -1 if not reachable\n}\n\nint main() {\n    int n, k, req, a, b, c, d, e, ans;\n    while (cin >> n >> k, n != 0 || k != 0) {\n        fill(&map[0][0], &map[0][0] + sizeof(map) / sizeof(map[0][0]), MAX); // Initialize the map\n\n        while (k--) {\n            cin >> req;\n            if (req) {\n                cin >> c >> d >> e;\n                if (e < map[c][d]) {\n                    map[c][d] = e;\n                    map[d][c] = e; // Ensure undirected graph property\n                }\n            } else {\n                cin >> a >> b;\n                if ((ans = dik(a, b)) != MAX) cout << ans << endl;\n                else cout << "-1" << endl;\n            }\n        }\n    }\n    return 0;\n}')"
2025-01-24 22:25:38,189	[INFO]	Step: 100
2025-01-24 22:25:38,189	[INFO]	Stop Steps: 100
2025-01-24 22:25:38,189	[INFO]	(Abstract Algorithm) Stopping Condition: step budget
2025-01-24 22:25:48,006	[INFO]	~~~~ END ~~~~
2025-01-24 22:25:48,006	[INFO]	Best patch step: 98
2025-01-24 22:25:48,006	[INFO]	
2025-01-24 22:25:48,006	[INFO]	==== REPORT ====
2025-01-24 22:25:48,006	[INFO]	Termination: step budget
2025-01-24 22:25:48,006	[INFO]	Log file: /home/ubuntu/eoc/magpie2/_magpie_logs/0134_1737756692.log
2025-01-24 22:25:48,006	[INFO]	Patch file: _magpie_logs/0134_1737756692.patch
2025-01-24 22:25:48,006	[INFO]	Diff file: _magpie_logs/0134_1737756692.diff
2025-01-24 22:25:48,006	[INFO]	Reference fitness: 3426230.12
2025-01-24 22:25:48,006	[INFO]	Best fitness: 2590668.44
2025-01-24 22:25:48,006	[INFO]	
2025-01-24 22:25:48,007	[INFO]	==== BEST PATCH ====
LineLLMCrossover(('source.cpp', 16), '#include <iostream>\n#include <vector>\n#include <limits>\n#include <queue>\nusing namespace std;\n\nconst int MAX = 100000000;\nconst int Is = 110;\n\nint dik(int s, int g, const vector<vector<int>>& map) {\n    vector<int> cost(Is, MAX);\n    priority_queue<pair<int, int>, vector<pair<int, int>>, greater<pair<int, int>>> pq;\n    cost[s] = 0;\n    pq.push({0, s});\n\n    while (!pq.empty()) {\n        auto [current_cost, current_node] = pq.top();\n        pq.pop();\n\n        if (current_cost > cost[current_node]) continue;\n\n        for (int j = 0; j < Is; j++) {\n            if (map[current_node][j] != MAX && cost[j] > current_cost + map[current_node][j]) {\n                cost[j] = current_cost + map[current_node][j];\n                pq.push({cost[j], j});\n            }\n        }\n    }\n    return cost[g] == MAX ? -1 : cost[g]; // Return -1 if not reachable\n}\n\nint main() {\n    int n, k, req, a, b, c, d, e, ans;\n    while (cin >> n >> k, n != 0 || k != 0) {\n        vector<vector<int>> map(Is, vector<int>(Is, MAX));\n\n        while (k--) {\n            cin >> req;\n            if (req) {\n                cin >> c >> d >> e;\n                map[c][d] = map[d][c] = min(map[c][d], e); // Use min directly\n            } else {\n                cin >> a >> b;\n                if ((ans = dik(a, b, map)) != MAX) cout << ans << endl;\n                else cout << "-1" << endl;\n            }\n        }\n    }\n    return 0;\n}') + LineLLMMutation(('source.cpp', 31), '#include <iostream>\n#include <vector>\n#include <limits>\n#include <queue>\nusing namespace std;\n\nconst int MAX = 100000000;\nconst int Is = 110;\n\nint dik(int s, int g, const vector<vector<int>>& map) {\n    vector<int> cost(Is, MAX);\n    priority_queue<pair<int, int>, vector<pair<int, int>>, greater<pair<int, int>>> pq;\n    cost[s] = 0;\n    pq.push({0, s});\n\n    while (!pq.empty()) {\n        auto [current_cost, current_node] = pq.top();\n        pq.pop();\n\n        if (current_cost > cost[current_node]) continue;\n\n        for (int j = 0; j < Is; j++) {\n            if (map[current_node][j] != MAX) {\n                int new_cost = current_cost + map[current_node][j];\n                if (cost[j] > new_cost) {\n                    cost[j] = new_cost;\n                    pq.push({new_cost, j}); // Only push if cost is updated\n                }\n            }\n        }\n    }\n    return cost[g] == MAX ? -1 : cost[g]; // Return -1 if not reachable\n}\n\nint main() {\n    int n, k, req, a, b, c, d, e, ans;\n    while (cin >> n >> k, n != 0 || k != 0) {\n        vector<vector<int>> map(Is, vector<int>(Is, MAX));\n\n        while (k--) {\n            cin >> req;\n            if (req) {\n                cin >> c >> d >> e;\n                map[c][d] = map[d][c] = min(map[c][d], e); // Use min directly\n            } else {\n                cin >> a >> b;\n                if ((ans = dik(a, b, map)) != MAX) cout << ans << endl;\n                else cout << "-1" << endl;\n            }\n        }\n    }\n    return 0;\n}') + LineLLMMutation(('source.cpp', 36), '#include <iostream>\n#include <vector>\n#include <limits>\n#include <queue>\nusing namespace std;\n\nconst int MAX = 100000000;\nconst int Is = 110;\n\nint dik(int s, int g, const vector<vector<int>>& map) {\n    vector<int> cost(Is, MAX);\n    priority_queue<pair<int, int>, vector<pair<int, int>>, greater<pair<int, int>>> pq;\n    cost[s] = 0;\n    pq.push({0, s});\n\n    while (!pq.empty()) {\n        auto [current_cost, current_node] = pq.top();\n        pq.pop();\n\n        if (current_cost > cost[current_node]) continue;\n\n        for (int j = 0; j < Is; j++) {\n            if (map[current_node][j] != MAX) {\n                int new_cost = current_cost + map[current_node][j];\n                if (cost[j] > new_cost) {\n                    cost[j] = new_cost;\n                    pq.push({new_cost, j});\n                }\n            }\n        }\n    }\n    return cost[g] == MAX ? -1 : cost[g];\n}\n\nint main() {\n    int n, k, req, a, b, c, d, e, ans;\n    while (cin >> n >> k, n != 0 || k != 0) {\n        vector<vector<int>> map(Is, vector<int>(Is, MAX));\n\n        while (k--) {\n            cin >> req;\n            if (req) {\n                cin >> c >> d >> e;\n                // Simplifying edge updates by directly checking the value and updating\n                if (e < map[c][d]) {\n                    map[c][d] = e;\n                    map[d][c] = e; // Ensure undirected graph property\n                }\n            } else {\n                cin >> a >> b;\n                if ((ans = dik(a, b, map)) != MAX) cout << ans << endl;\n                else cout << "-1" << endl;\n            }\n        }\n    }\n    return 0;\n}') + LineLLMMutation(('source.cpp', 39), '#include <iostream>\n#include <limits>\n#include <queue>\nusing namespace std;\n\nconst int MAX = 100000000;\nconst int Is = 110;\n\nint dik(int s, int g, const int map[Is][Is]) {\n    int cost[Is];\n    fill(cost, cost + Is, MAX);\n    priority_queue<pair<int, int>, vector<pair<int, int>>, greater<pair<int, int>>> pq;\n    cost[s] = 0;\n    pq.push({0, s});\n\n    while (!pq.empty()) {\n        auto [current_cost, current_node] = pq.top();\n        pq.pop();\n\n        if (current_cost > cost[current_node]) continue;\n\n        for (int j = 0; j < Is; j++) {\n            if (map[current_node][j] != MAX) {\n                int new_cost = current_cost + map[current_node][j];\n                if (cost[j] > new_cost) {\n                    cost[j] = new_cost;\n                    pq.push({new_cost, j});\n                }\n            }\n        }\n    }\n    return cost[g] == MAX ? -1 : cost[g];\n}\n\nint main() {\n    int n, k, req, a, b, c, d, e, ans;\n    while (cin >> n >> k, n != 0 || k != 0) {\n        int map[Is][Is];\n        fill(&map[0][0], &map[0][0] + sizeof(map) / sizeof(int), MAX);\n\n        while (k--) {\n            cin >> req;\n            if (req) {\n                cin >> c >> d >> e;\n                if (e < map[c][d]) {\n                    map[c][d] = e;\n                    map[d][c] = e; // Ensure undirected graph property\n                }\n            } else {\n                cin >> a >> b;\n                if ((ans = dik(a, b, map)) != MAX) cout << ans << endl;\n                else cout << "-1" << endl;\n            }\n        }\n    }\n    return 0;\n}') + LineLLMMutation(('source.cpp', 44), '#include <iostream>\n#include <limits>\n#include <queue>\n#include <vector>\nusing namespace std;\n\nconst int MAX = 100000000;\n\nint dik(int s, int g, const vector<vector<int>>& map) {\n    int Is = map.size();\n    vector<int> cost(Is, MAX);\n    priority_queue<pair<int, int>, vector<pair<int, int>>, greater<pair<int, int>>> pq;\n    cost[s] = 0;\n    pq.push({0, s});\n\n    while (!pq.empty()) {\n        auto [current_cost, current_node] = pq.top();\n        pq.pop();\n\n        if (current_cost > cost[current_node]) continue;\n\n        for (int j = 0; j < Is; j++) {\n            if (map[current_node][j] != MAX) {\n                int new_cost = current_cost + map[current_node][j];\n                if (cost[j] > new_cost) {\n                    cost[j] = new_cost;\n                    pq.push({new_cost, j});\n                }\n            }\n        }\n    }\n    return cost[g] == MAX ? -1 : cost[g];\n}\n\nint main() {\n    int n, k, req, a, b, c, d, e, ans;\n    while (cin >> n >> k, n != 0 || k != 0) {\n        vector<vector<int>> map(n + 1, vector<int>(n + 1, MAX));\n\n        while (k--) {\n            cin >> req;\n            if (req) {\n                cin >> c >> d >> e;\n                if (e < map[c][d]) {\n                    map[c][d] = e;\n                    map[d][c] = e; // Ensure undirected graph property\n                }\n            } else {\n                cin >> a >> b;\n                if ((ans = dik(a, b, map)) != MAX) cout << ans << endl;\n                else cout << "-1" << endl;\n            }\n        }\n    }\n    return 0;\n}')
2025-01-24 22:25:48,007	[INFO]	
2025-01-24 22:25:48,007	[INFO]	==== DIFF ====

