2025-01-26 13:52:10,904	[DEBUG]	==== CONFIG ====
[magpie]
import = 
seed = 3352667184248775
log_dir = _magpie_logs
work_dir = _magpie_work
local_original_copy = True
local_original_name = __original__
output_encoding = ascii
edit_retries = 10
default_timeout = 30
default_lengthout = 10000.0
diff_method = unified
trust_local_filesystem = True

[magpie.log]
color_output = True
format_info = {counter:<7} {status:<20} {best}{fitness} ({ratio}) [{size}] {cached} {log}
format_debug = patch({counter})="{patch}"{diffifbest}
format_fitness = {:.2f}
format_ratio = {:.2%%}
format_patchif = 
	 --> {patch}
format_diffif = 
	{diff}

[software]
path = dataset/magpie_dataset/train/0173
target_files = 
	source.cpp
software = BasicSoftware
model_rules = 
	*.params : ParamFileConfigModel
	*.xml : SrcmlModel
	* : LineModel
model_config = 
	*.params : [paramconfig]
	*.xml : [srcml]
init_cmd = 
init_timeout = 60
init_lengthout = -1
setup_cmd = bash setup.sh
setup_timeout = 
setup_lengthout = 
compile_cmd = bash compile.sh
compile_timeout = 
compile_lengthout = 
test_cmd = bash test.sh
test_timeout = 
test_lengthout = 
run_cmd = bash run.sh
run_timeout = 3
run_lengthout = 
batch_timeout = 
batch_lengthout = 
batch_bin_fitness_strategy = aggregate
batch_fitness_strategy = sum
fitness = time

[srcml]
rename = 
	stmt: break continue decl_stmt do expr_stmt for goto if return switch while
	number: literal_number
focus = block stmt operator_comp operator_arith number
internodes = block
process_pseudo_blocks = True
process_literals = True
process_operators = True

[paramconfig]
timing = test run
cli_prefix = --
cli_glue = =
cli_boolean = show
cli_boolean_prefix_true = 
cli_boolean_prefix_false = no-
cli_none = hide
silent_prefix = @
silent_suffix = $

[search]
protocol = BasicProtocol
algorithm = GeneticProgrammingLLM
possible_edits = 
	LineLLMMutation
	LineLLMCrossover
	LineDeletion
	LineInsertion
	LineReplacement
llm_prob = 1.0
warmup = 5
warmup_strategy = last
max_steps = 50
max_time = 20000
target_fitness = 
cache_maxsize = 100
cache_keep = 0.2
batch_instances = 
batch_shuffle = True
batch_bin_shuffle = False
batch_sample_size = 1

[search.ls]
delete_prob = 0.5
max_neighbours = 
when_trapped = continue
accept_fail = False
tabu_length = 10

[search.gp]
pop_size = 10
delete_prob = 0.0
offspring_elitism = 0.2
offspring_crossover = 0.4
offspring_mutation = 0.4
uniform_rate = 0.5
batch_reset = True
llm_type = baseline

[search.minify]
do_cleanup = True
do_rebuild = True
do_simplify = True
round_robin_limit = 3


2025-01-26 13:52:10,905	[DEBUG]	
2025-01-26 13:52:10,905	[INFO]	==== SEARCH: GeneticProgrammingLLM ====
2025-01-26 13:52:10,905	[INFO]	~~~~ WARMUP ~~~~
2025-01-26 13:52:12,103	[DEBUG]	EXEC>  SUCCESS 8775224.125
2025-01-26 13:52:12,103	[INFO]	WARM    SUCCESS               8775224.12 (--) [0 edit(s)]  
2025-01-26 13:52:12,764	[DEBUG]	EXEC>  SUCCESS 8422140.375
2025-01-26 13:52:12,764	[INFO]	WARM    SUCCESS               8422140.38 (--) [0 edit(s)]  
2025-01-26 13:52:13,435	[DEBUG]	EXEC>  SUCCESS 8667646.375
2025-01-26 13:52:13,435	[INFO]	WARM    SUCCESS               8667646.38 (--) [0 edit(s)]  
2025-01-26 13:52:14,097	[DEBUG]	EXEC>  SUCCESS 8460235.5
2025-01-26 13:52:14,097	[INFO]	WARM    SUCCESS               8460235.50 (--) [0 edit(s)]  
2025-01-26 13:52:14,769	[DEBUG]	EXEC>  SUCCESS 8622171.1875
2025-01-26 13:52:14,769	[INFO]	WARM    SUCCESS               8622171.19 (--) [0 edit(s)]  
2025-01-26 13:52:14,769	[INFO]	REF     SUCCESS               8622171.19 (--) [0 edit(s)]  
2025-01-26 13:52:14,770	[INFO]	
2025-01-26 13:52:14,770	[INFO]	~~~~ START ~~~~
2025-01-26 13:53:26,188	[DEBUG]	EXEC>  SUCCESS 9172751.4375
2025-01-26 13:53:26,188	[INFO]	0-1     SUCCESS              +9172751.44 (106.39%) [1 edit(s)]  
2025-01-26 13:53:26,188	[DEBUG]	patch(0-1)="LineLLMMutation(('source.cpp', 0), '#include <cstdio>\n#include <cstring>\n#include <queue>\n\n#define MAX_H 1100\n#define MAX_W 1100\n\nstruct status {\n    int x, y, step, n;\n};\n\nint dx[4] = {1, 0, -1, 0};\nint dy[4] = {0, 1, 0, -1};\n\nint H, W, N;\nchar maze[MAX_H][MAX_W];\nint flag[MAX_H][MAX_W];\nint xs, ys;\nstd::queue<status> Q;\n\nint BFS();\n\nint main() {\n    while (scanf("%d%d%d", &H, &W, &N) == 3) {\n        getchar(); // consume newline\n        for (int i = 0; i < H; i++) {\n            fgets(maze[i], MAX_W, stdin);\n        }\n\n        for (int j = 0; j < H; j++) {\n            for (int i = 0; i < W; i++) {\n                if (maze[j][i] == \'S\') {\n                    xs = i;\n                    ys = j;\n                    break;\n                }\n            }\n        }\n        memset(flag, 0, sizeof(flag));\n        printf("%d\\n", BFS());\n    }\n}\n\nint BFS() {\n    while (!Q.empty()) Q.pop();\n    status start = {xs, ys, 0, 1};\n    Q.push(start);\n\n    while (!Q.empty()) {\n        status tmp = Q.front(); Q.pop();\n        for (int i = 0; i < 4; i++) {\n            int cx = tmp.x + dx[i], cy = tmp.y + dy[i], cstep = tmp.step + 1, cn = tmp.n;\n\n            if (cx < 0 || cx >= W || cy < 0 || cy >= H || maze[cy][cx] == \'X\') continue;\n            cn = (maze[cy][cx] - \'0\' == tmp.n) ? tmp.n + 1 : tmp.n;\n\n            if (cn == N + 1) return cstep;\n            if (flag[cy][cx] >= cn) continue;\n\n            flag[cy][cx] = cn;\n            Q.push({cx, cy, cstep, cn});\n        }\n    }\n    return -1;\n}')"
2025-01-26 13:53:27,692	[DEBUG]	EXEC>  SUCCESS 9225823.1875
2025-01-26 13:53:27,693	[INFO]	0-2     SUCCESS               9225823.19 (107.00%) [1 edit(s)]  
2025-01-26 13:53:27,693	[DEBUG]	patch(0-2)="LineLLMMutation(('source.cpp', 1), '#include <cstdio>\n#include <cstring>\n#include <queue>\n\n#define MAX_H 1100\n#define MAX_W 1100\n\nstruct status {\n    int x, y, step, n;\n};\n\nint dx[4] = {1, 0, -1, 0};\nint dy[4] = {0, 1, 0, -1};\n\nint H, W, N;\nchar maze[MAX_H][MAX_W];\nint flag[MAX_H][MAX_W];\nint xs, ys;\nstd::queue<status> Q;\n\nint BFS();\n\nint main() {\n    while (scanf("%d%d%d", &H, &W, &N) == 3) {\n        getchar();\n        for (int i = 0; i < H; i++) {\n            fgets(maze[i], MAX_W, stdin);\n        }\n\n        for (int j = 0; j < H; j++) {\n            for (int i = 0; i < W; i++) {\n                if (maze[j][i] == \'S\') {\n                    xs = i;\n                    ys = j;\n                    break;\n                }\n            }\n        }\n        memset(flag, 0, sizeof(flag));\n        printf("%d\\n", BFS());\n    }\n}\n\nint BFS() {\n    while (!Q.empty()) Q.pop();\n    Q.push({xs, ys, 0, 1});\n    while (!Q.empty()) {\n        status tmp = Q.front(); Q.pop();\n        for (int i = 0; i < 4; i++) {\n            int cx = tmp.x + dx[i], cy = tmp.y + dy[i];\n            if (cx < 0 || cx >= W || cy < 0 || cy >= H || maze[cy][cx] == \'X\') continue;\n\n            int cn = (maze[cy][cx] - \'0\' == tmp.n) ? tmp.n + 1 : tmp.n;\n            if (cn == N + 1) return tmp.step + 1;\n            if (flag[cy][cx] >= cn) continue;\n\n            flag[cy][cx] = cn;\n            Q.push({cx, cy, tmp.step + 1, cn});\n        }\n    }\n    return -1;\n}')"
2025-01-26 13:53:29,345	[DEBUG]	EXEC>  SUCCESS 10415092.125
2025-01-26 13:53:29,345	[INFO]	0-3     SUCCESS               10415092.12 (120.79%) [1 edit(s)]  
2025-01-26 13:53:29,346	[DEBUG]	patch(0-3)="LineLLMMutation(('source.cpp', 2), '#include <cstdio>\n#include <cstring>\n#include <queue>\n#include <array>\n\n#define MAX_H 1100\n#define MAX_W 1100\n\nstruct status {\n    int x, y, step, n;\n};\n\nstd::array<int, 4> dx = {1, 0, -1, 0};\nstd::array<int, 4> dy = {0, 1, 0, -1};\n\nint H, W, N;\nchar maze[MAX_H][MAX_W];\nint flag[MAX_H][MAX_W];\nint xs, ys;\nstd::queue<status> Q;\n\nint BFS();\n\nint main() {\n    while (scanf("%d%d%d", &H, &W, &N) == 3) {\n        getchar();\n        for (int i = 0; i < H; i++) {\n            fgets(maze[i], MAX_W, stdin);\n        }\n\n        for (int j = 0; j < H; j++) {\n            for (int i = 0; i < W; i++) {\n                if (maze[j][i] == \'S\') {\n                    xs = i;\n                    ys = j;\n                    break;\n                }\n            }\n        }\n        memset(flag, 0, sizeof(flag));\n        printf("%d\\n", BFS());\n    }\n}\n\nint BFS() {\n    while (!Q.empty()) Q.pop();\n    Q.push({xs, ys, 0, 1});\n    while (!Q.empty()) {\n        status tmp = Q.front(); Q.pop();\n        for (int i = 0; i < 4; i++) {\n            int cx = tmp.x + dx[i], cy = tmp.y + dy[i];\n            if (cx < 0 || cx >= W || cy < 0 || cy >= H || maze[cy][cx] == \'X\') continue;\n\n            int cn = (maze[cy][cx] - \'0\' == tmp.n) ? tmp.n + 1 : tmp.n;\n            if (cn == N + 1) return tmp.step + 1;\n            if (flag[cy][cx] >= cn) continue;\n\n            flag[cy][cx] = cn;\n            Q.push({cx, cy, tmp.step + 1, cn});\n        }\n    }\n    return -1;\n}')"
2025-01-26 13:53:30,487	[INFO]	0-4     COMPILE_CODE_ERROR    None (--) [1 edit(s)]  
2025-01-26 13:53:30,488	[DEBUG]	patch(0-4)="LineLLMMutation(('source.cpp', 3), '#include <cstdio>\n#include <cstring>\n#include <queue>\n#include <vector>\n\n#define MAX_H 1100\n#define MAX_W 1100\n\nstruct status {\n    int x, y, step, n;\n};\n\nint dx[4] = {1, 0, -1, 0};\nint dy[4] = {0, 1, 0, -1};\n\nint H, W, N;\nstd::vector<std::string> maze(MAX_H);\nint flag[MAX_H][MAX_W];\nint xs, ys;\nstd::queue<status> Q;\n\nint BFS();\n\nint main() {\n    while (scanf("%d%d%d", &H, &W, &N) == 3) {\n        getchar();\n        for (int i = 0; i < H; i++) {\n            std::getline(std::cin, maze[i]);\n        }\n\n        for (int j = 0; j < H; j++) {\n            for (int i = 0; i < W; i++) {\n                if (maze[j][i] == \'S\') {\n                    xs = i;\n                    ys = j;\n                    break;\n                }\n            }\n        }\n        memset(flag, 0, sizeof(flag));\n        printf("%d\\n", BFS());\n    }\n}\n\nint BFS() {\n    while (!Q.empty()) Q.pop();\n    Q.push({xs, ys, 0, 1});\n    while (!Q.empty()) {\n        status tmp = Q.front(); Q.pop();\n        for (int i = 0; i < 4; i++) {\n            int cx = tmp.x + dx[i], cy = tmp.y + dy[i];\n            if (cx < 0 || cx >= W || cy < 0 || cy >= H || maze[cy][cx] == \'X\') continue;\n\n            int cn = (maze[cy][cx] - \'0\' == tmp.n) ? tmp.n + 1 : tmp.n;\n            if (cn == N + 1) return tmp.step + 1;\n            if (flag[cy][cx] >= cn) continue;\n\n            flag[cy][cx] = cn;\n            Q.push({cx, cy, tmp.step + 1, cn});\n        }\n    }\n    return -1;\n}')"
2025-01-26 13:53:31,964	[DEBUG]	EXEC>  SUCCESS 2504165.25
2025-01-26 13:53:31,964	[INFO]	0-5     SUCCESS              *2504165.25 (29.04%) [1 edit(s)]  
2025-01-26 13:53:31,964	[DEBUG]	patch(0-5)="LineLLMMutation(('source.cpp', 4), '#include <cstdio>\n#include <cstring>\n#include <queue>\n\n#define MAX_H 1100\n#define MAX_W 1100\n\nstruct status {\n    int x, y, step, n;\n};\n\nint dx[4] = {1, 0, -1, 0};\nint dy[4] = {0, 1, 0, -1};\n\nint H, W, N;\nint flag[MAX_H][MAX_W] = {0};\nchar maze[MAX_H][MAX_W];\nint xs, ys;\nstd::queue<status> Q;\n\nint BFS();\n\nint main() {\n    while (scanf("%d%d%d", &H, &W, &N) == 3) {\n        getchar();\n        for (int i = 0; i < H; i++) {\n            fgets(maze[i], MAX_W, stdin);\n        }\n\n        for (int j = 0; j < H; j++) {\n            for (int i = 0; i < W; i++) {\n                if (maze[j][i] == \'S\') {\n                    xs = i;\n                    ys = j;\n                    break;\n                }\n            }\n        }\n        // Initialize only the required part of the flag array\n        for (int i = 0; i < H; i++) {\n            memset(flag[i], 0, sizeof(int) * W);\n        }\n        printf("%d\\n", BFS());\n    }\n}\n\nint BFS() {\n    while (!Q.empty()) Q.pop();\n    Q.push({xs, ys, 0, 1});\n    while (!Q.empty()) {\n        status tmp = Q.front(); Q.pop();\n        for (int i = 0; i < 4; i++) {\n            int cx = tmp.x + dx[i], cy = tmp.y + dy[i];\n            if (cx < 0 || cx >= W || cy < 0 || cy >= H || maze[cy][cx] == \'X\') continue;\n\n            int cn = (maze[cy][cx] - \'0\' == tmp.n) ? tmp.n + 1 : tmp.n;\n            if (cn == N + 1) return tmp.step + 1;\n            if (flag[cy][cx] >= cn) continue;\n\n            flag[cy][cx] = cn;\n            Q.push({cx, cy, tmp.step + 1, cn});\n        }\n    }\n    return -1;\n}')"

2025-01-26 13:53:33,504	[DEBUG]	EXEC>  SUCCESS 8569365.3125
2025-01-26 13:53:33,504	[INFO]	0-6     SUCCESS               8569365.31 (99.39%) [1 edit(s)]  
2025-01-26 13:53:33,504	[DEBUG]	patch(0-6)="LineLLMMutation(('source.cpp', 5), '#include <cstdio>\n#include <cstring>\n#include <queue>\n#include <vector>\n\n#define MAX_H 1100\n#define MAX_W 1100\n\nstruct status {\n    int x, y, step, n;\n};\n\nint dx[4] = {1, 0, -1, 0};\nint dy[4] = {0, 1, 0, -1};\n\nint H, W, N;\nchar maze[MAX_H][MAX_W];\nstd::vector<std::vector<int>> flag(MAX_H, std::vector<int>(MAX_W, 0));\nint xs, ys;\nstd::queue<status> Q;\n\nint BFS();\n\nint main() {\n    while (scanf("%d%d%d", &H, &W, &N) == 3) {\n        getchar();\n        for (int i = 0; i < H; i++) {\n            fgets(maze[i], MAX_W, stdin);\n        }\n\n        for (int j = 0; j < H; j++) {\n            for (int i = 0; i < W; i++) {\n                if (maze[j][i] == \'S\') {\n                    xs = i;\n                    ys = j;\n                    break;\n                }\n            }\n        }\n        printf("%d\\n", BFS());\n    }\n}\n\nint BFS() {\n    while (!Q.empty()) Q.pop();\n    Q.push({xs, ys, 0, 1});\n    while (!Q.empty()) {\n        status tmp = Q.front(); Q.pop();\n        for (int i = 0; i < 4; i++) {\n            int cx = tmp.x + dx[i], cy = tmp.y + dy[i];\n            if (cx < 0 || cx >= W || cy < 0 || cy >= H || maze[cy][cx] == \'X\') continue;\n\n            int cn = (maze[cy][cx] - \'0\' == tmp.n) ? tmp.n + 1 : tmp.n;\n            if (cn == N + 1) return tmp.step + 1;\n            if (flag[cy][cx] >= cn) continue;\n\n            flag[cy][cx] = cn;\n            Q.push({cx, cy, tmp.step + 1, cn});\n        }\n    }\n    return -1;\n}')"
2025-01-26 13:53:35,008	[DEBUG]	EXEC>  SUCCESS 8962594.8125
2025-01-26 13:53:35,009	[INFO]	0-7     SUCCESS               8962594.81 (103.95%) [1 edit(s)]  
2025-01-26 13:53:35,009	[DEBUG]	patch(0-7)="LineLLMMutation(('source.cpp', 6), '#include <cstdio>\n#include <cstring>\n#include <queue>\n\n#define MAX_H 1100\n#define MAX_W 1100\n\nstruct status {\n    int x, y, step, n;\n};\n\nint dx[4] = {1, 0, -1, 0};\nint dy[4] = {0, 1, 0, -1};\n\nint H, W, N;\nchar maze[MAX_H][MAX_W];\nint flag[MAX_H][MAX_W];\nint xs, ys;\nstd::queue<status> Q;\n\nint BFS();\n\nint main() {\n    while (scanf("%d%d%d", &H, &W, &N) == 3) {\n        getchar();\n        for (int i = 0; i < H; i++) {\n            fgets(maze[i], MAX_W, stdin);\n        }\n\n        for (int j = 0; j < H; j++) {\n            for (int i = 0; i < W; i++) {\n                if (maze[j][i] == \'S\') {\n                    xs = i;\n                    ys = j;\n                    break;\n                }\n            }\n        }\n        memset(flag, 0, sizeof(flag));\n        printf("%d\\n", BFS());\n    }\n}\n\nint BFS() {\n    while (!Q.empty()) Q.pop();\n    Q.push({xs, ys, 0, 1});\n    while (!Q.empty()) {\n        status tmp = Q.front(); Q.pop();\n        for (int i = 0; i < 4; i++) {\n            int cx = tmp.x + dx[i], cy = tmp.y + dy[i];\n            if (cx < 0 || cx >= W || cy < 0 || cy >= H || maze[cy][cx] == \'X\') continue;\n\n            int cn = (maze[cy][cx] - \'0\' == tmp.n) ? tmp.n + 1 : tmp.n;\n            if (cn == N + 1) return tmp.step + 1;\n            if (flag[cy][cx] >= cn) continue;\n\n            flag[cy][cx] = cn;\n            Q.push({cx, cy, tmp.step + 1, cn});\n        }\n    }\n    return -1;\n}')"
2025-01-26 13:53:36,650	[DEBUG]	EXEC>  SUCCESS 3428578.3125
2025-01-26 13:53:36,651	[INFO]	0-8     SUCCESS               3428578.31 (39.76%) [1 edit(s)]  
2025-01-26 13:53:36,651	[DEBUG]	patch(0-8)="LineLLMMutation(('source.cpp', 7), '#include <cstdio>\n#include <cstring>\n#include <queue>\n#include <array>\n\n#define MAX_H 1100\n#define MAX_W 1100\n\nstruct status {\n    int x, y, step, n;\n};\n\nint dx[4] = {1, 0, -1, 0};\nint dy[4] = {0, 1, 0, -1};\n\nint H, W, N;\nstd::array<std::array<int, MAX_W>, MAX_H> flag = {};\nchar maze[MAX_H][MAX_W];\nint xs, ys;\nstd::queue<status> Q;\n\nint BFS();\n\nint main() {\n    while (scanf("%d%d%d", &H, &W, &N) == 3) {\n        getchar();\n        for (int i = 0; i < H; i++) {\n            fgets(maze[i], MAX_W, stdin);\n        }\n\n        for (int j = 0; j < H; j++) {\n            for (int i = 0; i < W; i++) {\n                if (maze[j][i] == \'S\') {\n                    xs = i;\n                    ys = j;\n                    break;\n                }\n            }\n        }\n        printf("%d\\n", BFS());\n    }\n}\n\nint BFS() {\n    while (!Q.empty()) Q.pop();\n    Q.push({xs, ys, 0, 1});\n    while (!Q.empty()) {\n        status tmp = Q.front(); Q.pop();\n        for (int i = 0; i < 4; i++) {\n            int cx = tmp.x + dx[i], cy = tmp.y + dy[i];\n            if (cx < 0 || cx >= W || cy < 0 || cy >= H || maze[cy][cx] == \'X\') continue;\n\n            int cn = (maze[cy][cx] - \'0\' == tmp.n) ? tmp.n + 1 : tmp.n;\n            if (cn == N + 1) return tmp.step + 1;\n            if (flag[cy][cx] >= cn) continue;\n\n            flag[cy][cx] = cn;\n            Q.push({cx, cy, tmp.step + 1, cn});\n        }\n    }\n    return -1;\n}')"
2025-01-26 13:53:38,108	[DEBUG]	EXEC>  SUCCESS 2484185.0625
2025-01-26 13:53:38,108	[INFO]	0-9     SUCCESS              *2484185.06 (28.81%) [1 edit(s)]  
2025-01-26 13:53:38,108	[DEBUG]	patch(0-9)="LineLLMMutation(('source.cpp', 8), '#include <cstdio>\n#include <cstring>\n#include <queue>\n\n#define MAX_H 1100\n#define MAX_W 1100\n\nstruct status {\n    int x, y, step, n;\n};\n\nint dx[4] = {1, 0, -1, 0};\nint dy[4] = {0, 1, 0, -1};\n\nint H, W, N;\nchar maze[MAX_H][MAX_W];\nint flag[MAX_H][MAX_W] = {0};\nint xs, ys;\nstd::queue<status> Q;\n\nint BFS();\n\nint main() {\n    while (scanf("%d%d%d", &H, &W, &N) == 3) {\n        getchar();\n        for (int i = 0; i < H; i++) {\n            fgets(maze[i], MAX_W, stdin);\n            for (int j = 0; j < W; j++) {\n                if (maze[i][j] == \'S\') {\n                    xs = j;\n                    ys = i;\n                }\n            }\n        }\n        printf("%d\\n", BFS());\n    }\n}\n\nint BFS() {\n    while (!Q.empty()) Q.pop();\n    Q.push({xs, ys, 0, 1});\n    while (!Q.empty()) {\n        status tmp = Q.front(); Q.pop();\n        for (int i = 0; i < 4; i++) {\n            int cx = tmp.x + dx[i], cy = tmp.y + dy[i];\n            if (cx < 0 || cx >= W || cy < 0 || cy >= H || maze[cy][cx] == \'X\') continue;\n\n            int cn = (maze[cy][cx] - \'0\' == tmp.n) ? tmp.n + 1 : tmp.n;\n            if (cn == N + 1) return tmp.step + 1;\n            if (flag[cy][cx] >= cn) continue;\n\n            flag[cy][cx] = cn;\n            Q.push({cx, cy, tmp.step + 1, cn});\n        }\n    }\n    return -1;\n}')"

2025-01-26 13:53:39,568	[DEBUG]	EXEC>  SUCCESS 2501966.5625
2025-01-26 13:53:39,569	[INFO]	0-10    SUCCESS               2501966.56 (29.02%) [1 edit(s)]  
2025-01-26 13:53:39,569	[DEBUG]	patch(0-10)="LineLLMMutation(('source.cpp', 9), '#include <cstdio>\n#include <cstring>\n#include <queue>\n\n#define MAX_H 1100\n#define MAX_W 1100\n\nstruct status {\n    int x, y, step, n;\n};\n\nint dx[4] = {1, 0, -1, 0};\nint dy[4] = {0, 1, 0, -1};\n\nint H, W, N;\nchar maze[MAX_H][MAX_W];\nint flag[MAX_H][MAX_W] = {0};\nint xs, ys;\nstd::queue<status> Q;\n\nint BFS();\n\nint main() {\n    while (scanf("%d%d%d", &H, &W, &N) == 3) {\n        getchar();\n        for (int i = 0; i < H; i++) {\n            fgets(maze[i], MAX_W, stdin);\n            for (int j = 0; j < W; j++) {\n                if (maze[i][j] == \'S\') {\n                    xs = j;\n                    ys = i;\n                }\n            }\n        }\n        printf("%d\\n", BFS());\n    }\n}\n\nint BFS() {\n    while (!Q.empty()) Q.pop();\n    Q.push({xs, ys, 0, 1});\n    while (!Q.empty()) {\n        status tmp = Q.front(); Q.pop();\n        for (int i = 0; i < 4; i++) {\n            int cx = tmp.x + dx[i], cy = tmp.y + dy[i];\n            if (cx < 0 || cx >= W || cy < 0 || cy >= H || maze[cy][cx] == \'X\') continue;\n\n            int cn = (maze[cy][cx] - \'0\' == tmp.n) ? tmp.n + 1 : tmp.n;\n            if (cn == N + 1) return tmp.step + 1;\n            if (flag[cy][cx] >= cn) continue;\n\n            flag[cy][cx] = cn;\n            Q.push({cx, cy, tmp.step + 1, cn});\n        }\n    }\n    return -1;\n}')"
2025-01-26 13:53:40,569	[INFO]	Step: 10
2025-01-26 13:53:40,569	[INFO]	Stop Steps: 50
2025-01-26 13:53:42,433	[DEBUG]	EXEC>  SUCCESS 8728285.75
2025-01-26 13:53:42,434	[INFO]	REF     SUCCESS               8728285.75 (--) [0 edit(s)]  
2025-01-26 13:53:42,434	[INFO]	Best patch: 8
2025-01-26 13:53:42,886	[DEBUG]	EXEC>  SUCCESS 2483055.375
2025-01-26 13:53:42,886	[INFO]	BEST    SUCCESS              *2483055.38 (28.45%) [0 edit(s)]  
2025-01-26 13:53:42,886	[INFO]	Best patch step: 8
2025-01-26 13:55:23,983	[INFO]	Step: 10
2025-01-26 13:55:23,983	[INFO]	Stop Steps: 50
2025-01-26 13:55:24,475	[DEBUG]	EXEC>  SUCCESS 2561246.9375
2025-01-26 13:55:24,475	[INFO]	1-1     SUCCESS              +2561246.94 (29.34%) [1 edit(s)]  
2025-01-26 13:55:24,475	[DEBUG]	patch(1-1)="LineLLMMutation(('source.cpp', 8), '#include <cstdio>\n#include <cstring>\n#include <queue>\n\n#define MAX_H 1100\n#define MAX_W 1100\n\nstruct status {\n    int x, y, step, n;\n};\n\nint dx[4] = {1, 0, -1, 0};\nint dy[4] = {0, 1, 0, -1};\n\nint H, W, N;\nchar maze[MAX_H][MAX_W];\nint flag[MAX_H][MAX_W] = {0};\nint xs, ys;\nstd::queue<status> Q;\n\nint BFS();\n\nint main() {\n    while (scanf("%d%d%d", &H, &W, &N) == 3) {\n        getchar();\n        for (int i = 0; i < H; i++) {\n            fgets(maze[i], MAX_W, stdin);\n            for (int j = 0; j < W; j++) {\n                if (maze[i][j] == \'S\') {\n                    xs = j;\n                    ys = i;\n                }\n            }\n        }\n        printf("%d\\n", BFS());\n    }\n}\n\nint BFS() {\n    while (!Q.empty()) Q.pop();\n    Q.push({xs, ys, 0, 1});\n    while (!Q.empty()) {\n        status tmp = Q.front(); Q.pop();\n        for (int i = 0; i < 4; i++) {\n            int cx = tmp.x + dx[i], cy = tmp.y + dy[i];\n            if (cx < 0 || cx >= W || cy < 0 || cy >= H || maze[cy][cx] == \'X\') continue;\n\n            int cn = (maze[cy][cx] - \'0\' == tmp.n) ? tmp.n + 1 : tmp.n;\n            if (cn == N + 1) return tmp.step + 1;\n            if (flag[cy][cx] >= cn) continue;\n\n            flag[cy][cx] = cn;\n            Q.push({cx, cy, tmp.step + 1, cn});\n        }\n    }\n    return -1;\n}')"
2025-01-26 13:55:24,476	[INFO]	Step: 11
2025-01-26 13:55:24,476	[INFO]	Stop Steps: 50
2025-01-26 13:55:24,927	[DEBUG]	EXEC>  SUCCESS 2510212.75
2025-01-26 13:55:24,928	[INFO]	1-2     SUCCESS              +2510212.75 (28.76%) [1 edit(s)]  
2025-01-26 13:55:24,928	[DEBUG]	patch(1-2)="LineLLMMutation(('source.cpp', 9), '#include <cstdio>\n#include <cstring>\n#include <queue>\n\n#define MAX_H 1100\n#define MAX_W 1100\n\nstruct status {\n    int x, y, step, n;\n};\n\nint dx[4] = {1, 0, -1, 0};\nint dy[4] = {0, 1, 0, -1};\n\nint H, W, N;\nchar maze[MAX_H][MAX_W];\nint flag[MAX_H][MAX_W] = {0};\nint xs, ys;\nstd::queue<status> Q;\n\nint BFS();\n\nint main() {\n    while (scanf("%d%d%d", &H, &W, &N) == 3) {\n        getchar();\n        for (int i = 0; i < H; i++) {\n            fgets(maze[i], MAX_W, stdin);\n            for (int j = 0; j < W; j++) {\n                if (maze[i][j] == \'S\') {\n                    xs = j;\n                    ys = i;\n                }\n            }\n        }\n        printf("%d\\n", BFS());\n    }\n}\n\nint BFS() {\n    while (!Q.empty()) Q.pop();\n    Q.push({xs, ys, 0, 1});\n    while (!Q.empty()) {\n        status tmp = Q.front(); Q.pop();\n        for (int i = 0; i < 4; i++) {\n            int cx = tmp.x + dx[i], cy = tmp.y + dy[i];\n            if (cx < 0 || cx >= W || cy < 0 || cy >= H || maze[cy][cx] == \'X\') continue;\n\n            int cn = (maze[cy][cx] - \'0\' == tmp.n) ? tmp.n + 1 : tmp.n;\n            if (cn == N + 1) return tmp.step + 1;\n            if (flag[cy][cx] >= cn) continue;\n\n            flag[cy][cx] = cn;\n            Q.push({cx, cy, tmp.step + 1, cn});\n        }\n    }\n    return -1;\n}')"
2025-01-26 13:55:24,928	[INFO]	Step: 12
2025-01-26 13:55:24,928	[INFO]	Stop Steps: 50
2025-01-26 13:55:25,404	[DEBUG]	EXEC>  SUCCESS 2512901.625
2025-01-26 13:55:25,405	[INFO]	1-3     SUCCESS               2512901.62 (28.79%) [1 edit(s)]  
2025-01-26 13:55:25,405	[DEBUG]	patch(1-3)="LineLLMCrossover(('source.cpp', 0), '#include <cstdio>\n#include <cstring>\n#include <queue>\n#include <array>\n\n#define MAX_H 1100\n#define MAX_W 1100\n\nstruct status {\n    int x, y, step, n;\n};\n\nint dx[4] = {1, 0, -1, 0};\nint dy[4] = {0, 1, 0, -1};\n\nint H, W, N;\nstd::array<std::array<int, MAX_W>, MAX_H> flag = {};\nchar maze[MAX_H][MAX_W];\nint xs, ys;\nstd::queue<status> Q;\n\nint BFS();\n\nint main() {\n    while (scanf("%d%d%d", &H, &W, &N) == 3) {\n        getchar();\n        for (int i = 0; i < H; i++) {\n            fgets(maze[i], MAX_W, stdin);\n            for (int j = 0; j < W; j++) {\n                if (maze[i][j] == \'S\') {\n                    xs = j;\n                    ys = i;\n                }\n            }\n        }\n        printf("%d\\n", BFS());\n    }\n}\n\nint BFS() {\n    while (!Q.empty()) Q.pop();\n    Q.push({xs, ys, 0, 1});\n    while (!Q.empty()) {\n        status tmp = Q.front(); Q.pop();\n        for (int i = 0; i < 4; i++) {\n            int cx = tmp.x + dx[i], cy = tmp.y + dy[i];\n            if (cx < 0 || cx >= W || cy < 0 || cy >= H || maze[cy][cx] == \'X\') continue;\n\n            int cn = (maze[cy][cx] - \'0\' == tmp.n) ? tmp.n + 1 : tmp.n;\n            if (cn == N + 1) return tmp.step + 1;\n            if (flag[cy][cx] >= cn) continue;\n\n            flag[cy][cx] = cn;\n            Q.push({cx, cy, tmp.step + 1, cn});\n        }\n    }\n    return -1;\n}')"
2025-01-26 13:55:25,405	[INFO]	Step: 13
2025-01-26 13:55:25,405	[INFO]	Stop Steps: 50
2025-01-26 13:55:25,859	[DEBUG]	EXEC>  SUCCESS 2528915.5
2025-01-26 13:55:25,860	[INFO]	1-4     SUCCESS               2528915.50 (28.97%) [1 edit(s)]  
2025-01-26 13:55:25,860	[DEBUG]	patch(1-4)="LineLLMCrossover(('source.cpp', 1), '#include <cstdio>\n#include <cstring>\n#include <queue>\n#include <array>\n\n#define MAX_H 1100\n#define MAX_W 1100\n\nstruct status {\n    int x, y, step, n;\n};\n\nint dx[4] = {1, 0, -1, 0};\nint dy[4] = {0, 1, 0, -1};\n\nint H, W, N;\nstd::array<std::array<int, MAX_W>, MAX_H> flag = {};\nchar maze[MAX_H][MAX_W];\nint xs, ys;\nstd::queue<status> Q;\n\nint BFS();\n\nint main() {\n    while (scanf("%d%d%d", &H, &W, &N) == 3) {\n        getchar();\n        for (int i = 0; i < H; i++) {\n            fgets(maze[i], MAX_W, stdin);\n        }\n        for (int j = 0; j < H; j++) {\n            for (int i = 0; i < W; i++) {\n                if (maze[j][i] == \'S\') {\n                    xs = i;\n                    ys = j;\n                    break;\n                }\n            }\n        }\n        printf("%d\\n", BFS());\n    }\n}\n\nint BFS() {\n    while (!Q.empty()) Q.pop();\n    Q.push({xs, ys, 0, 1});\n    while (!Q.empty()) {\n        status tmp = Q.front(); Q.pop();\n        for (int i = 0; i < 4; i++) {\n            int cx = tmp.x + dx[i], cy = tmp.y + dy[i];\n            if (cx < 0 || cx >= W || cy < 0 || cy >= H || maze[cy][cx] == \'X\') continue;\n\n            int cn = (maze[cy][cx] - \'0\' == tmp.n) ? tmp.n + 1 : tmp.n;\n            if (cn == N + 1) return tmp.step + 1;\n            if (flag[cy][cx] >= cn) continue;\n\n            flag[cy][cx] = cn;\n            Q.push({cx, cy, tmp.step + 1, cn});\n        }\n    }\n    return -1;\n}')"
2025-01-26 13:55:25,860	[INFO]	Step: 14
2025-01-26 13:55:25,860	[INFO]	Stop Steps: 50
2025-01-26 13:55:26,314	[DEBUG]	EXEC>  SUCCESS 2503772.25
2025-01-26 13:55:26,314	[INFO]	1-5     SUCCESS              +2503772.25 (28.69%) [1 edit(s)]  
2025-01-26 13:55:26,315	[DEBUG]	patch(1-5)="LineLLMCrossover(('source.cpp', 2), '#include <cstdio>\n#include <cstring>\n#include <queue>\n\n#define MAX_H 1100\n#define MAX_W 1100\n\nstruct status {\n    int x, y, step, n;\n};\n\nint dx[4] = {1, 0, -1, 0};\nint dy[4] = {0, 1, 0, -1};\n\nint H, W, N;\nchar maze[MAX_H][MAX_W];\nint flag[MAX_H][MAX_W] = {0};\nint xs, ys;\nstd::queue<status> Q;\n\nint BFS();\n\nint main() {\n    while (scanf("%d%d%d", &H, &W, &N) == 3) {\n        getchar();\n        for (int i = 0; i < H; i++) {\n            fgets(maze[i], MAX_W, stdin);\n            for (int j = 0; j < W; j++) {\n                if (maze[i][j] == \'S\') {\n                    xs = j;\n                    ys = i;\n                }\n            }\n        }\n        printf("%d\\n", BFS());\n    }\n}\n\nint BFS() {\n    while (!Q.empty()) Q.pop();\n    Q.push({xs, ys, 0, 1});\n    while (!Q.empty()) {\n        status tmp = Q.front(); Q.pop();\n        for (int i = 0; i < 4; i++) {\n            int cx = tmp.x + dx[i], cy = tmp.y + dy[i];\n            if (cx < 0 || cx >= W || cy < 0 || cy >= H || maze[cy][cx] == \'X\') continue;\n\n            int cn = (maze[cy][cx] - \'0\' == tmp.n) ? tmp.n + 1 : tmp.n;\n            if (cn == N + 1) return tmp.step + 1;\n            if (flag[cy][cx] >= cn) continue;\n\n            flag[cy][cx] = cn;\n            Q.push({cx, cy, tmp.step + 1, cn});\n        }\n    }\n    return -1;\n}')"
2025-01-26 13:55:26,315	[INFO]	Step: 15
2025-01-26 13:55:26,315	[INFO]	Stop Steps: 50
2025-01-26 13:55:26,775	[DEBUG]	EXEC>  SUCCESS 2532375.875
2025-01-26 13:55:26,775	[INFO]	1-6     SUCCESS               2532375.88 (29.01%) [1 edit(s)]  
2025-01-26 13:55:26,776	[DEBUG]	patch(1-6)="LineLLMCrossover(('source.cpp', 3), '#include <cstdio>\n#include <cstring>\n#include <queue>\n#include <array>\n\n#define MAX_H 1100\n#define MAX_W 1100\n\nstruct status {\n    int x, y, step, n;\n};\n\nint dx[4] = {1, 0, -1, 0};\nint dy[4] = {0, 1, 0, -1};\n\nint H, W, N;\nstd::array<std::array<int, MAX_W>, MAX_H> flag = {};\nchar maze[MAX_H][MAX_W];\nint xs, ys;\nstd::queue<status> Q;\n\nint BFS();\n\nint main() {\n    while (scanf("%d%d%d", &H, &W, &N) == 3) {\n        getchar();\n        for (int i = 0; i < H; i++) {\n            fgets(maze[i], MAX_W, stdin);\n            for (int j = 0; j < W; j++) {\n                if (maze[i][j] == \'S\') {\n                    xs = j;\n                    ys = i;\n                }\n            }\n        }\n        printf("%d\\n", BFS());\n    }\n}\n\nint BFS() {\n    while (!Q.empty()) Q.pop();\n    Q.push({xs, ys, 0, 1});\n    while (!Q.empty()) {\n        status tmp = Q.front(); Q.pop();\n        for (int i = 0; i < 4; i++) {\n            int cx = tmp.x + dx[i], cy = tmp.y + dy[i];\n            if (cx < 0 || cx >= W || cy < 0 || cy >= H || maze[cy][cx] == \'X\') continue;\n\n            int cn = (maze[cy][cx] - \'0\' == tmp.n) ? tmp.n + 1 : tmp.n;\n            if (cn == N + 1) return tmp.step + 1;\n            if (flag[cy][cx] >= cn) continue;\n\n            flag[cy][cx] = cn;\n            Q.push({cx, cy, tmp.step + 1, cn});\n        }\n    }\n    return -1;\n}')"
2025-01-26 13:55:26,776	[INFO]	Step: 16
2025-01-26 13:55:26,776	[INFO]	Stop Steps: 50
2025-01-26 13:55:27,225	[DEBUG]	EXEC>  SUCCESS 2456319.0625
2025-01-26 13:55:27,225	[INFO]	1-7     SUCCESS              *2456319.06 (28.14%) [2 edit(s)]  
2025-01-26 13:55:27,225	[DEBUG]	patch(1-7)="LineLLMMutation(('source.cpp', 8), '#include <cstdio>\n#include <cstring>\n#include <queue>\n\n#define MAX_H 1100\n#define MAX_W 1100\n\nstruct status {\n    int x, y, step, n;\n};\n\nint dx[4] = {1, 0, -1, 0};\nint dy[4] = {0, 1, 0, -1};\n\nint H, W, N;\nchar maze[MAX_H][MAX_W];\nint flag[MAX_H][MAX_W] = {0};\nint xs, ys;\nstd::queue<status> Q;\n\nint BFS();\n\nint main() {\n    while (scanf("%d%d%d", &H, &W, &N) == 3) {\n        getchar();\n        for (int i = 0; i < H; i++) {\n            fgets(maze[i], MAX_W, stdin);\n            for (int j = 0; j < W; j++) {\n                if (maze[i][j] == \'S\') {\n                    xs = j;\n                    ys = i;\n                }\n            }\n        }\n        printf("%d\\n", BFS());\n    }\n}\n\nint BFS() {\n    while (!Q.empty()) Q.pop();\n    Q.push({xs, ys, 0, 1});\n    while (!Q.empty()) {\n        status tmp = Q.front(); Q.pop();\n        for (int i = 0; i < 4; i++) {\n            int cx = tmp.x + dx[i], cy = tmp.y + dy[i];\n            if (cx < 0 || cx >= W || cy < 0 || cy >= H || maze[cy][cx] == \'X\') continue;\n\n            int cn = (maze[cy][cx] - \'0\' == tmp.n) ? tmp.n + 1 : tmp.n;\n            if (cn == N + 1) return tmp.step + 1;\n            if (flag[cy][cx] >= cn) continue;\n\n            flag[cy][cx] = cn;\n            Q.push({cx, cy, tmp.step + 1, cn});\n        }\n    }\n    return -1;\n}') | LineLLMMutation(('source.cpp', 10), '#include <cstdio>\n#include <cstring>\n#include <queue>\n\n#define MAX_H 1100\n#define MAX_W 1100\n\nstruct status {\n    int x, y, step, n;\n};\n\nint dx[4] = {1, 0, -1, 0};\nint dy[4] = {0, 1, 0, -1};\n\nint H, W, N;\nchar maze[MAX_H][MAX_W];\nint flag[MAX_H][MAX_W] = {0};\nint xs, ys;\nstd::queue<status> Q;\n\nint BFS();\n\nint main() {\n    while (scanf("%d%d%d", &H, &W, &N) == 3) {\n        for (int i = 0; i < H; i++) {\n            for (int j = 0; j < W; j++) {\n                scanf(" %c", &maze[i][j]); // Using scanf to read the maze character by character\n                if (maze[i][j] == \'S\') {\n                    xs = j;\n                    ys = i;\n                }\n            }\n        }\n        printf("%d\\n", BFS());\n    }\n}\n\nint BFS() {\n    while (!Q.empty()) Q.pop();\n    Q.push({xs, ys, 0, 1});\n    while (!Q.empty()) {\n        status tmp = Q.front(); Q.pop();\n        for (int i = 0; i < 4; i++) {\n            int cx = tmp.x + dx[i], cy = tmp.y + dy[i];\n            if (cx < 0 || cx >= W || cy < 0 || cy >= H || maze[cy][cx] == \'X\') continue;\n\n            int cn = (maze[cy][cx] - \'0\' == tmp.n) ? tmp.n + 1 : tmp.n;\n            if (cn == N + 1) return tmp.step + 1;\n            if (flag[cy][cx] >= cn) continue;\n\n            flag[cy][cx] = cn;\n            Q.push({cx, cy, tmp.step + 1, cn});\n        }\n    }\n    return -1;\n}')"

2025-01-26 13:55:27,226	[INFO]	Step: 17
2025-01-26 13:55:27,226	[INFO]	Stop Steps: 50
2025-01-26 13:55:27,717	[DEBUG]	EXEC>  SUCCESS 8592058.0
2025-01-26 13:55:27,717	[INFO]	1-8     SUCCESS               8592058.00 (98.44%) [2 edit(s)]  
2025-01-26 13:55:27,717	[DEBUG]	patch(1-8)="LineLLMMutation(('source.cpp', 9), '#include <cstdio>\n#include <cstring>\n#include <queue>\n\n#define MAX_H 1100\n#define MAX_W 1100\n\nstruct status {\n    int x, y, step, n;\n};\n\nint dx[4] = {1, 0, -1, 0};\nint dy[4] = {0, 1, 0, -1};\n\nint H, W, N;\nchar maze[MAX_H][MAX_W];\nint flag[MAX_H][MAX_W] = {0};\nint xs, ys;\nstd::queue<status> Q;\n\nint BFS();\n\nint main() {\n    while (scanf("%d%d%d", &H, &W, &N) == 3) {\n        getchar();\n        for (int i = 0; i < H; i++) {\n            fgets(maze[i], MAX_W, stdin);\n            for (int j = 0; j < W; j++) {\n                if (maze[i][j] == \'S\') {\n                    xs = j;\n                    ys = i;\n                }\n            }\n        }\n        printf("%d\\n", BFS());\n    }\n}\n\nint BFS() {\n    while (!Q.empty()) Q.pop();\n    Q.push({xs, ys, 0, 1});\n    while (!Q.empty()) {\n        status tmp = Q.front(); Q.pop();\n        for (int i = 0; i < 4; i++) {\n            int cx = tmp.x + dx[i], cy = tmp.y + dy[i];\n            if (cx < 0 || cx >= W || cy < 0 || cy >= H || maze[cy][cx] == \'X\') continue;\n\n            int cn = (maze[cy][cx] - \'0\' == tmp.n) ? tmp.n + 1 : tmp.n;\n            if (cn == N + 1) return tmp.step + 1;\n            if (flag[cy][cx] >= cn) continue;\n\n            flag[cy][cx] = cn;\n            Q.push({cx, cy, tmp.step + 1, cn});\n        }\n    }\n    return -1;\n}') | LineLLMMutation(('source.cpp', 11), '#include <cstdio>\n#include <cstring>\n#include <queue>\n\n#define MAX_H 1100\n#define MAX_W 1100\n\nstruct status {\n    int x, y, step, n;\n};\n\nint dx[4] = {1, 0, -1, 0};\nint dy[4] = {0, 1, 0, -1};\n\nint H, W, N;\nchar maze[MAX_H][MAX_W];\nint flag[MAX_H][MAX_W] = {0};\nint xs, ys;\nstd::queue<status> Q;\n\nint BFS();\n\nint main() {\n    while (scanf("%d%d%d", &H, &W, &N) == 3) {\n        getchar();\n        for (int i = 0; i < H; i++) {\n            fgets(maze[i], MAX_W, stdin);\n            for (int j = 0; j < W; j++) {\n                if (maze[i][j] == \'S\') {\n                    xs = j;\n                    ys = i;\n                }\n            }\n        }\n        printf("%d\\n", BFS());\n    }\n}\n\nint BFS() {\n    memset(flag, 0, sizeof(flag)); // Resetting the flag array\n    Q.push({xs, ys, 0, 1});\n    while (!Q.empty()) {\n        status tmp = Q.front(); Q.pop();\n        for (int i = 0; i < 4; i++) {\n            int cx = tmp.x + dx[i], cy = tmp.y + dy[i];\n            if (cx < 0 || cx >= W || cy < 0 || cy >= H || maze[cy][cx] == \'X\') continue;\n\n            int cn = (maze[cy][cx] - \'0\' == tmp.n) ? tmp.n + 1 : tmp.n;\n            if (cn == N + 1) return tmp.step + 1;\n            if (flag[cy][cx] >= cn) continue;\n\n            flag[cy][cx] = cn;\n            Q.push({cx, cy, tmp.step + 1, cn});\n        }\n    }\n    return -1;\n}')"
2025-01-26 13:55:27,718	[INFO]	Step: 18
2025-01-26 13:55:27,718	[INFO]	Stop Steps: 50
2025-01-26 13:55:28,210	[DEBUG]	EXEC>  SUCCESS 8924567.4375
2025-01-26 13:55:28,211	[INFO]	1-9     SUCCESS               8924567.44 (102.25%) [2 edit(s)]  
2025-01-26 13:55:28,211	[DEBUG]	patch(1-9)="LineLLMMutation(('source.cpp', 4), '#include <cstdio>\n#include <cstring>\n#include <queue>\n\n#define MAX_H 1100\n#define MAX_W 1100\n\nstruct status {\n    int x, y, step, n;\n};\n\nint dx[4] = {1, 0, -1, 0};\nint dy[4] = {0, 1, 0, -1};\n\nint H, W, N;\nint flag[MAX_H][MAX_W] = {0};\nchar maze[MAX_H][MAX_W];\nint xs, ys;\nstd::queue<status> Q;\n\nint BFS();\n\nint main() {\n    while (scanf("%d%d%d", &H, &W, &N) == 3) {\n        getchar();\n        for (int i = 0; i < H; i++) {\n            fgets(maze[i], MAX_W, stdin);\n        }\n\n        for (int j = 0; j < H; j++) {\n            for (int i = 0; i < W; i++) {\n                if (maze[j][i] == \'S\') {\n                    xs = i;\n                    ys = j;\n                    break;\n                }\n            }\n        }\n        // Initialize only the required part of the flag array\n        for (int i = 0; i < H; i++) {\n            memset(flag[i], 0, sizeof(int) * W);\n        }\n        printf("%d\\n", BFS());\n    }\n}\n\nint BFS() {\n    while (!Q.empty()) Q.pop();\n    Q.push({xs, ys, 0, 1});\n    while (!Q.empty()) {\n        status tmp = Q.front(); Q.pop();\n        for (int i = 0; i < 4; i++) {\n            int cx = tmp.x + dx[i], cy = tmp.y + dy[i];\n            if (cx < 0 || cx >= W || cy < 0 || cy >= H || maze[cy][cx] == \'X\') continue;\n\n            int cn = (maze[cy][cx] - \'0\' == tmp.n) ? tmp.n + 1 : tmp.n;\n            if (cn == N + 1) return tmp.step + 1;\n            if (flag[cy][cx] >= cn) continue;\n\n            flag[cy][cx] = cn;\n            Q.push({cx, cy, tmp.step + 1, cn});\n        }\n    }\n    return -1;\n}') | LineLLMMutation(('source.cpp', 12), '#include <cstdio>\n#include <cstring>\n#include <queue>\n\n#define MAX_H 1100\n#define MAX_W 1100\n\nstruct status {\n    int x, y, step, n;\n};\n\nint dx[4] = {1, 0, -1, 0};\nint dy[4] = {0, 1, 0, -1};\n\nint H, W, N;\nint flag[MAX_H][MAX_W];\nchar maze[MAX_H][MAX_W];\nint xs, ys;\nstd::queue<status> Q;\n\nint BFS();\n\nint main() {\n    while (scanf("%d%d%d", &H, &W, &N) == 3) {\n        getchar();\n        for (int i = 0; i < H; i++) {\n            fgets(maze[i], MAX_W, stdin);\n        }\n\n        for (int j = 0; j < H; j++) {\n            for (int i = 0; i < W; i++) {\n                if (maze[j][i] == \'S\') {\n                    xs = i;\n                    ys = j;\n                    break;\n                }\n            }\n        }\n        // Initialize the entire flag array in one go\n        memset(flag, 0, sizeof(flag));\n        printf("%d\\n", BFS());\n    }\n}\n\nint BFS() {\n    while (!Q.empty()) Q.pop();\n    Q.push({xs, ys, 0, 1});\n    while (!Q.empty()) {\n        status tmp = Q.front(); Q.pop();\n        for (int i = 0; i < 4; i++) {\n            int cx = tmp.x + dx[i], cy = tmp.y + dy[i];\n            if (cx < 0 || cx >= W || cy < 0 || cy >= H || maze[cy][cx] == \'X\') continue;\n\n            int cn = (maze[cy][cx] - \'0\' == tmp.n) ? tmp.n + 1 : tmp.n;\n            if (cn == N + 1) return tmp.step + 1;\n            if (flag[cy][cx] >= cn) continue;\n\n            flag[cy][cx] = cn;\n            Q.push({cx, cy, tmp.step + 1, cn});\n        }\n    }\n    return -1;\n}')"
2025-01-26 13:55:28,211	[INFO]	Step: 19
2025-01-26 13:55:28,211	[INFO]	Stop Steps: 50
2025-01-26 13:55:28,648	[DEBUG]	EXEC>  SUCCESS 2450358.375
2025-01-26 13:55:28,648	[INFO]	1-10    SUCCESS              *2450358.38 (28.07%) [2 edit(s)]  
2025-01-26 13:55:28,648	[DEBUG]	patch(1-10)="LineLLMMutation(('source.cpp', 7), '#include <cstdio>\n#include <cstring>\n#include <queue>\n#include <array>\n\n#define MAX_H 1100\n#define MAX_W 1100\n\nstruct status {\n    int x, y, step, n;\n};\n\nint dx[4] = {1, 0, -1, 0};\nint dy[4] = {0, 1, 0, -1};\n\nint H, W, N;\nstd::array<std::array<int, MAX_W>, MAX_H> flag = {};\nchar maze[MAX_H][MAX_W];\nint xs, ys;\nstd::queue<status> Q;\n\nint BFS();\n\nint main() {\n    while (scanf("%d%d%d", &H, &W, &N) == 3) {\n        getchar();\n        for (int i = 0; i < H; i++) {\n            fgets(maze[i], MAX_W, stdin);\n        }\n\n        for (int j = 0; j < H; j++) {\n            for (int i = 0; i < W; i++) {\n                if (maze[j][i] == \'S\') {\n                    xs = i;\n                    ys = j;\n                    break;\n                }\n            }\n        }\n        printf("%d\\n", BFS());\n    }\n}\n\nint BFS() {\n    while (!Q.empty()) Q.pop();\n    Q.push({xs, ys, 0, 1});\n    while (!Q.empty()) {\n        status tmp = Q.front(); Q.pop();\n        for (int i = 0; i < 4; i++) {\n            int cx = tmp.x + dx[i], cy = tmp.y + dy[i];\n            if (cx < 0 || cx >= W || cy < 0 || cy >= H || maze[cy][cx] == \'X\') continue;\n\n            int cn = (maze[cy][cx] - \'0\' == tmp.n) ? tmp.n + 1 : tmp.n;\n            if (cn == N + 1) return tmp.step + 1;\n            if (flag[cy][cx] >= cn) continue;\n\n            flag[cy][cx] = cn;\n            Q.push({cx, cy, tmp.step + 1, cn});\n        }\n    }\n    return -1;\n}') | LineLLMMutation(('source.cpp', 13), '#include <cstdio>\n#include <cstring>\n#include <deque>\n#include <array>\n\n#define MAX_H 1100\n#define MAX_W 1100\n\nstruct status {\n    int x, y, step, n;\n};\n\nint dx[4] = {1, 0, -1, 0};\nint dy[4] = {0, 1, 0, -1};\n\nint H, W, N;\nstd::array<std::array<int, MAX_W>, MAX_H> flag = {};\nchar maze[MAX_H][MAX_W];\nint xs, ys;\nstd::deque<status> Q;\n\nint BFS();\n\nint main() {\n    while (scanf("%d%d%d", &H, &W, &N) == 3) {\n        getchar();\n        for (int i = 0; i < H; i++) {\n            fgets(maze[i], MAX_W, stdin);\n        }\n\n        for (int j = 0; j < H; j++) {\n            for (int i = 0; i < W; i++) {\n                if (maze[j][i] == \'S\') {\n                    xs = i;\n                    ys = j;\n                    break;\n                }\n            }\n        }\n        printf("%d\\n", BFS());\n    }\n}\n\nint BFS() {\n    Q.clear(); // Clear the deque instead of popping all elements\n    Q.push_back({xs, ys, 0, 1});\n    while (!Q.empty()) {\n        status tmp = Q.front(); Q.pop_front(); // Use pop_front for deque\n        for (int i = 0; i < 4; i++) {\n            int cx = tmp.x + dx[i], cy = tmp.y + dy[i];\n            if (cx < 0 || cx >= W || cy < 0 || cy >= H || maze[cy][cx] == \'X\') continue;\n\n            int cn = (maze[cy][cx] - \'0\' == tmp.n) ? tmp.n + 1 : tmp.n;\n            if (cn == N + 1) return tmp.step + 1;\n            if (flag[cy][cx] >= cn) continue;\n\n            flag[cy][cx] = cn;\n            Q.push_back({cx, cy, tmp.step + 1, cn}); // Use push_back for deque\n        }\n    }\n    return -1;\n}')"

2025-01-26 13:55:28,648	[INFO]	Step: 20
2025-01-26 13:55:28,648	[INFO]	Stop Steps: 50
2025-01-26 13:55:29,318	[DEBUG]	EXEC>  SUCCESS 8820940.25
2025-01-26 13:55:29,319	[INFO]	1-1     SUCCESS               8820940.25 (101.06%) [1 edit(s)]  
2025-01-26 13:55:29,319	[DEBUG]	patch(1-1)="LineLLMMutation(('source.cpp', 14), "#include <cstdlib>\n#include <cstdio>\n#include <cstring>\n#include <cmath>\n#include <climits>\n#include <queue>\n#include <iostream>\n\n#define MAX_H 1100\n#define MAX_W 1100\n\nstruct status {\n    int x;\n    int y;\n    int step;\n    int n;\n};\n\nint dx[4]={1,0,-1,0};\nint dy[4]={0,1,0,-1};\n\nint H,W,N;\nchar maze[MAX_H][MAX_W];\nint flag[MAX_H][MAX_W];\nint xs,ys;\nstd::queue<status> Q;\n\nint BFS();\n\nint main(int argc, char* argv[]) {\n    while(std::cin >> H >> W >> N) {\n        std::cin.get();\n        for(int i = 0 ; i < H ; i++)\n            std::cin.getline(maze[i],MAX_W);\n\n        for(int j = 0 ; j < H ; j++)\n            for(int i = 0 ; i < W ; i++)\n                if(maze[j][i] == 'S' ) {\n                    xs = i;\n                    ys = j;\n                    break;\n                }\n\n        memset(flag,0,sizeof(flag));\n        std::cout << BFS() << std::endl;\n    }\n}\n\nint BFS() {\n    while(Q.empty() == false)\n        Q.pop();\n\n    status start;\n    start.x = xs;\n    start.y = ys;\n    start.step = 0;\n    start.n = 1;\n\n    Q.push(start);\n\n    while(Q.empty() == false ) {\n        status tmp = Q.front();\n        Q.pop();\n\n        for(int i = 0; i < 4; i++) {\n            int cx = tmp.x + dx[i];\n            int cy = tmp.y + dy[i];\n            int cstep = tmp.step + 1;\n            int cn = tmp.n;\n\n            if(cx < 0 || cx >= W ) continue;\n            if(cy < 0 || cy >= H ) continue;\n            if(maze[cy][cx] == 'X' ) continue;\n\n            if( (maze[cy][cx] - '0') == tmp.n )\n                cn = tmp.n + 1;\n            else\n                cn = tmp.n;\n\n            if(cn == N + 1)\n                return cstep;\n\n            if(flag[cy][cx] >= cn) continue;\n\n            flag[cy][cx] = cn;\n            status nstatus;\n            nstatus.x = cx;\n            nstatus.y = cy;\n            nstatus.n = cn;\n            nstatus.step = cstep;\n            Q.push(nstatus);\n        }\n    }\n\n    return -1;\n}")"
2025-01-26 13:55:29,319	[INFO]	Step: 21
2025-01-26 13:55:29,319	[INFO]	Stop Steps: 50
2025-01-26 13:55:30,989	[DEBUG]	EXEC>  SUCCESS 8727203.5625
2025-01-26 13:55:30,989	[INFO]	REF     SUCCESS               8727203.56 (--) [0 edit(s)]  
2025-01-26 13:55:30,989	[INFO]	Best patch: 7_13
2025-01-26 13:55:31,429	[DEBUG]	EXEC>  SUCCESS 2471870.125
2025-01-26 13:55:31,429	[INFO]	BEST    SUCCESS              *2471870.12 (28.32%) [0 edit(s)]  
2025-01-26 13:55:31,429	[INFO]	Best patch step: 19
2025-01-26 13:56:57,071	[INFO]	Step: 21
2025-01-26 13:56:57,071	[INFO]	Stop Steps: 50
2025-01-26 13:56:57,636	[DEBUG]	EXEC>  SUCCESS 2474637.1875
2025-01-26 13:56:57,637	[INFO]	2-2     SUCCESS              +2474637.19 (28.36%) [2 edit(s)]  
2025-01-26 13:56:57,637	[DEBUG]	patch(2-2)="LineLLMMutation(('source.cpp', 7), '#include <cstdio>\n#include <cstring>\n#include <queue>\n#include <array>\n\n#define MAX_H 1100\n#define MAX_W 1100\n\nstruct status {\n    int x, y, step, n;\n};\n\nint dx[4] = {1, 0, -1, 0};\nint dy[4] = {0, 1, 0, -1};\n\nint H, W, N;\nstd::array<std::array<int, MAX_W>, MAX_H> flag = {};\nchar maze[MAX_H][MAX_W];\nint xs, ys;\nstd::queue<status> Q;\n\nint BFS();\n\nint main() {\n    while (scanf("%d%d%d", &H, &W, &N) == 3) {\n        getchar();\n        for (int i = 0; i < H; i++) {\n            fgets(maze[i], MAX_W, stdin);\n        }\n\n        for (int j = 0; j < H; j++) {\n            for (int i = 0; i < W; i++) {\n                if (maze[j][i] == \'S\') {\n                    xs = i;\n                    ys = j;\n                    break;\n                }\n            }\n        }\n        printf("%d\\n", BFS());\n    }\n}\n\nint BFS() {\n    while (!Q.empty()) Q.pop();\n    Q.push({xs, ys, 0, 1});\n    while (!Q.empty()) {\n        status tmp = Q.front(); Q.pop();\n        for (int i = 0; i < 4; i++) {\n            int cx = tmp.x + dx[i], cy = tmp.y + dy[i];\n            if (cx < 0 || cx >= W || cy < 0 || cy >= H || maze[cy][cx] == \'X\') continue;\n\n            int cn = (maze[cy][cx] - \'0\' == tmp.n) ? tmp.n + 1 : tmp.n;\n            if (cn == N + 1) return tmp.step + 1;\n            if (flag[cy][cx] >= cn) continue;\n\n            flag[cy][cx] = cn;\n            Q.push({cx, cy, tmp.step + 1, cn});\n        }\n    }\n    return -1;\n}') | LineLLMMutation(('source.cpp', 13), '#include <cstdio>\n#include <cstring>\n#include <deque>\n#include <array>\n\n#define MAX_H 1100\n#define MAX_W 1100\n\nstruct status {\n    int x, y, step, n;\n};\n\nint dx[4] = {1, 0, -1, 0};\nint dy[4] = {0, 1, 0, -1};\n\nint H, W, N;\nstd::array<std::array<int, MAX_W>, MAX_H> flag = {};\nchar maze[MAX_H][MAX_W];\nint xs, ys;\nstd::deque<status> Q;\n\nint BFS();\n\nint main() {\n    while (scanf("%d%d%d", &H, &W, &N) == 3) {\n        getchar();\n        for (int i = 0; i < H; i++) {\n            fgets(maze[i], MAX_W, stdin);\n        }\n\n        for (int j = 0; j < H; j++) {\n            for (int i = 0; i < W; i++) {\n                if (maze[j][i] == \'S\') {\n                    xs = i;\n                    ys = j;\n                    break;\n                }\n            }\n        }\n        printf("%d\\n", BFS());\n    }\n}\n\nint BFS() {\n    Q.clear(); // Clear the deque instead of popping all elements\n    Q.push_back({xs, ys, 0, 1});\n    while (!Q.empty()) {\n        status tmp = Q.front(); Q.pop_front(); // Use pop_front for deque\n        for (int i = 0; i < 4; i++) {\n            int cx = tmp.x + dx[i], cy = tmp.y + dy[i];\n            if (cx < 0 || cx >= W || cy < 0 || cy >= H || maze[cy][cx] == \'X\') continue;\n\n            int cn = (maze[cy][cx] - \'0\' == tmp.n) ? tmp.n + 1 : tmp.n;\n            if (cn == N + 1) return tmp.step + 1;\n            if (flag[cy][cx] >= cn) continue;\n\n            flag[cy][cx] = cn;\n            Q.push_back({cx, cy, tmp.step + 1, cn}); // Use push_back for deque\n        }\n    }\n    return -1;\n}')"
2025-01-26 13:56:57,637	[INFO]	Step: 22
2025-01-26 13:56:57,637	[INFO]	Stop Steps: 50
2025-01-26 13:56:58,086	[DEBUG]	EXEC>  SUCCESS 2555494.1875
2025-01-26 13:56:58,087	[INFO]	2-3     SUCCESS               2555494.19 (29.28%) [2 edit(s)]  
2025-01-26 13:56:58,087	[DEBUG]	patch(2-3)="LineLLMMutation(('source.cpp', 8), '#include <cstdio>\n#include <cstring>\n#include <queue>\n\n#define MAX_H 1100\n#define MAX_W 1100\n\nstruct status {\n    int x, y, step, n;\n};\n\nint dx[4] = {1, 0, -1, 0};\nint dy[4] = {0, 1, 0, -1};\n\nint H, W, N;\nchar maze[MAX_H][MAX_W];\nint flag[MAX_H][MAX_W] = {0};\nint xs, ys;\nstd::queue<status> Q;\n\nint BFS();\n\nint main() {\n    while (scanf("%d%d%d", &H, &W, &N) == 3) {\n        getchar();\n        for (int i = 0; i < H; i++) {\n            fgets(maze[i], MAX_W, stdin);\n            for (int j = 0; j < W; j++) {\n                if (maze[i][j] == \'S\') {\n                    xs = j;\n                    ys = i;\n                }\n            }\n        }\n        printf("%d\\n", BFS());\n    }\n}\n\nint BFS() {\n    while (!Q.empty()) Q.pop();\n    Q.push({xs, ys, 0, 1});\n    while (!Q.empty()) {\n        status tmp = Q.front(); Q.pop();\n        for (int i = 0; i < 4; i++) {\n            int cx = tmp.x + dx[i], cy = tmp.y + dy[i];\n            if (cx < 0 || cx >= W || cy < 0 || cy >= H || maze[cy][cx] == \'X\') continue;\n\n            int cn = (maze[cy][cx] - \'0\' == tmp.n) ? tmp.n + 1 : tmp.n;\n            if (cn == N + 1) return tmp.step + 1;\n            if (flag[cy][cx] >= cn) continue;\n\n            flag[cy][cx] = cn;\n            Q.push({cx, cy, tmp.step + 1, cn});\n        }\n    }\n    return -1;\n}') | LineLLMMutation(('source.cpp', 10), '#include <cstdio>\n#include <cstring>\n#include <queue>\n\n#define MAX_H 1100\n#define MAX_W 1100\n\nstruct status {\n    int x, y, step, n;\n};\n\nint dx[4] = {1, 0, -1, 0};\nint dy[4] = {0, 1, 0, -1};\n\nint H, W, N;\nchar maze[MAX_H][MAX_W];\nint flag[MAX_H][MAX_W] = {0};\nint xs, ys;\nstd::queue<status> Q;\n\nint BFS();\n\nint main() {\n    while (scanf("%d%d%d", &H, &W, &N) == 3) {\n        for (int i = 0; i < H; i++) {\n            for (int j = 0; j < W; j++) {\n                scanf(" %c", &maze[i][j]); // Using scanf to read the maze character by character\n                if (maze[i][j] == \'S\') {\n                    xs = j;\n                    ys = i;\n                }\n            }\n        }\n        printf("%d\\n", BFS());\n    }\n}\n\nint BFS() {\n    while (!Q.empty()) Q.pop();\n    Q.push({xs, ys, 0, 1});\n    while (!Q.empty()) {\n        status tmp = Q.front(); Q.pop();\n        for (int i = 0; i < 4; i++) {\n            int cx = tmp.x + dx[i], cy = tmp.y + dy[i];\n            if (cx < 0 || cx >= W || cy < 0 || cy >= H || maze[cy][cx] == \'X\') continue;\n\n            int cn = (maze[cy][cx] - \'0\' == tmp.n) ? tmp.n + 1 : tmp.n;\n            if (cn == N + 1) return tmp.step + 1;\n            if (flag[cy][cx] >= cn) continue;\n\n            flag[cy][cx] = cn;\n            Q.push({cx, cy, tmp.step + 1, cn});\n        }\n    }\n    return -1;\n}')"
2025-01-26 13:56:58,087	[INFO]	Step: 23
2025-01-26 13:56:58,087	[INFO]	Stop Steps: 50
2025-01-26 13:56:58,525	[DEBUG]	EXEC>  SUCCESS 2510350.5625
2025-01-26 13:56:58,525	[INFO]	2-4     SUCCESS               2510350.56 (28.76%) [1 edit(s)]  
2025-01-26 13:56:58,525	[DEBUG]	patch(2-4)="LineLLMCrossover(('source.cpp', 4), '#include <cstdio>\n#include <cstring>\n#include <deque>\n#include <array>\n\n#define MAX_H 1100\n#define MAX_W 1100\n\nstruct status {\n    int x, y, step, n;\n};\n\nint dx[4] = {1, 0, -1, 0};\nint dy[4] = {0, 1, 0, -1};\n\nint H, W, N;\nstd::array<std::array<int, MAX_W>, MAX_H> flag = {};\nchar maze[MAX_H][MAX_W];\nint xs, ys;\nstd::deque<status> Q;\n\nint BFS();\n\nint main() {\n    while (scanf("%d%d%d", &H, &W, &N) == 3) {\n        for (int i = 0; i < H; i++) {\n            for (int j = 0; j < W; j++) {\n                scanf(" %c", &maze[i][j]); // Using scanf to read the maze character by character\n                if (maze[i][j] == \'S\') {\n                    xs = j;\n                    ys = i;\n                }\n            }\n        }\n        printf("%d\\n", BFS());\n    }\n}\n\nint BFS() {\n    Q.clear(); // Clear the deque instead of popping all elements\n    Q.push_back({xs, ys, 0, 1});\n    while (!Q.empty()) {\n        status tmp = Q.front(); Q.pop_front(); // Use pop_front for deque\n        for (int i = 0; i < 4; i++) {\n            int cx = tmp.x + dx[i], cy = tmp.y + dy[i];\n            if (cx < 0 || cx >= W || cy < 0 || cy >= H || maze[cy][cx] == \'X\') continue;\n\n            int cn = (maze[cy][cx] - \'0\' == tmp.n) ? tmp.n + 1 : tmp.n;\n            if (cn == N + 1) return tmp.step + 1;\n            if (flag[cy][cx] >= cn) continue;\n\n            flag[cy][cx] = cn;\n            Q.push_back({cx, cy, tmp.step + 1, cn}); // Use push_back for deque\n        }\n    }\n    return -1;\n}')"
2025-01-26 13:56:58,525	[INFO]	Step: 24
2025-01-26 13:56:58,525	[INFO]	Stop Steps: 50
2025-01-26 13:56:58,987	[DEBUG]	EXEC>  SUCCESS 2515534.875
2025-01-26 13:56:58,987	[INFO]	2-5     SUCCESS               2515534.88 (28.82%) [1 edit(s)]  
2025-01-26 13:56:58,987	[DEBUG]	patch(2-5)="LineLLMCrossover(('source.cpp', 5), '#include <cstdio>\n#include <cstring>\n#include <queue>\n\n#define MAX_H 1100\n#define MAX_W 1100\n\nstruct status {\n    int x, y, step, n;\n};\n\nint dx[4] = {1, 0, -1, 0};\nint dy[4] = {0, 1, 0, -1};\n\nint H, W, N;\nchar maze[MAX_H][MAX_W];\nint flag[MAX_H][MAX_W] = {0};\nint xs, ys;\nstd::queue<status> Q;\n\nint BFS();\n\nint main() {\n    while (scanf("%d%d%d", &H, &W, &N) == 3) {\n        getchar();\n        for (int i = 0; i < H; i++) {\n            fgets(maze[i], MAX_W, stdin);\n            for (int j = 0; j < W; j++) {\n                if (maze[i][j] == \'S\') {\n                    xs = j;\n                    ys = i;\n                }\n            }\n        }\n        printf("%d\\n", BFS());\n    }\n}\n\nint BFS() {\n    while (!Q.empty()) Q.pop();\n    Q.push({xs, ys, 0, 1});\n    while (!Q.empty()) {\n        status tmp = Q.front(); Q.pop();\n        for (int i = 0; i < 4; i++) {\n            int cx = tmp.x + dx[i], cy = tmp.y + dy[i];\n            if (cx < 0 || cx >= W || cy < 0 || cy >= H || maze[cy][cx] == \'X\') continue;\n\n            int cn = (maze[cy][cx] - \'0\' == tmp.n) ? tmp.n + 1 : tmp.n;\n            if (cn == N + 1) return tmp.step + 1;\n            if (flag[cy][cx] >= cn) continue;\n\n            flag[cy][cx] = cn;\n            Q.push({cx, cy, tmp.step + 1, cn});\n        }\n    }\n    return -1;\n}')"
2025-01-26 13:56:58,987	[INFO]	Step: 25
2025-01-26 13:56:58,987	[INFO]	Stop Steps: 50
2025-01-26 13:56:59,438	[DEBUG]	EXEC>  SUCCESS 2478095.8125
2025-01-26 13:56:59,439	[INFO]	2-6     SUCCESS               2478095.81 (28.40%) [1 edit(s)]  
2025-01-26 13:56:59,439	[DEBUG]	patch(2-6)="LineLLMCrossover(('source.cpp', 6), '#include <cstdio>\n#include <cstring>\n#include <queue>\n\n#define MAX_H 1100\n#define MAX_W 1100\n\nstruct status {\n    int x, y, step, n;\n};\n\nint dx[4] = {1, 0, -1, 0};\nint dy[4] = {0, 1, 0, -1};\n\nint H, W, N;\nchar maze[MAX_H][MAX_W];\nint flag[MAX_H][MAX_W] = {0};\nint xs, ys;\nstd::queue<status> Q;\n\nint BFS();\n\nint main() {\n    while (scanf("%d%d%d", &H, &W, &N) == 3) {\n        getchar();\n        for (int i = 0; i < H; i++) {\n            fgets(maze[i], MAX_W, stdin);\n        }\n        for (int j = 0; j < H; j++) {\n            for (int i = 0; i < W; i++) {\n                if (maze[j][i] == \'S\') {\n                    xs = i;\n                    ys = j;\n                    break;\n                }\n            }\n        }\n        printf("%d\\n", BFS());\n    }\n}\n\nint BFS() {\n    while (!Q.empty()) Q.pop();\n    Q.push({xs, ys, 0, 1});\n    while (!Q.empty()) {\n        status tmp = Q.front(); Q.pop();\n        for (int i = 0; i < 4; i++) {\n            int cx = tmp.x + dx[i], cy = tmp.y + dy[i];\n            if (cx < 0 || cx >= W || cy < 0 || cy >= H || maze[cy][cx] == \'X\') continue;\n\n            int cn = (maze[cy][cx] - \'0\' == tmp.n) ? tmp.n + 1 : tmp.n;\n            if (cn == N + 1) return tmp.step + 1;\n            if (flag[cy][cx] >= cn) continue;\n\n            flag[cy][cx] = cn;\n            Q.push({cx, cy, tmp.step + 1, cn});\n        }\n    }\n    return -1;\n}')"
2025-01-26 13:56:59,439	[INFO]	Step: 26
2025-01-26 13:56:59,439	[INFO]	Stop Steps: 50
2025-01-26 13:56:59,904	[DEBUG]	EXEC>  SUCCESS 2522647.0625
2025-01-26 13:56:59,905	[INFO]	2-7     SUCCESS               2522647.06 (28.91%) [1 edit(s)]  
2025-01-26 13:56:59,905	[DEBUG]	patch(2-7)="LineLLMCrossover(('source.cpp', 7), '#include <cstdio>\n#include <cstring>\n#include <queue>\n\n#define MAX_H 1100\n#define MAX_W 1100\n\nstruct status {\n    int x, y, step, n;\n};\n\nint dx[4] = {1, 0, -1, 0};\nint dy[4] = {0, 1, 0, -1};\n\nint H, W, N;\nchar maze[MAX_H][MAX_W];\nint flag[MAX_H][MAX_W] = {0};\nint xs, ys;\nstd::queue<status> Q;\n\nint BFS();\n\nint main() {\n    while (scanf("%d%d%d", &H, &W, &N) == 3) {\n        getchar();\n        for (int i = 0; i < H; i++) {\n            fgets(maze[i], MAX_W, stdin);\n            for (int j = 0; j < W; j++) {\n                if (maze[i][j] == \'S\') {\n                    xs = j;\n                    ys = i;\n                }\n            }\n        }\n        printf("%d\\n", BFS());\n    }\n}\n\nint BFS() {\n    while (!Q.empty()) Q.pop();\n    Q.push({xs, ys, 0, 1});\n    while (!Q.empty()) {\n        status tmp = Q.front(); Q.pop();\n        for (int i = 0; i < 4; i++) {\n            int cx = tmp.x + dx[i], cy = tmp.y + dy[i];\n            if (cx < 0 || cx >= W || cy < 0 || cy >= H || maze[cy][cx] == \'X\') continue;\n\n            int cn = (maze[cy][cx] - \'0\' == tmp.n) ? tmp.n + 1 : tmp.n;\n            if (cn == N + 1) return tmp.step + 1;\n            if (flag[cy][cx] >= cn) continue;\n\n            flag[cy][cx] = cn;\n            Q.push({cx, cy, tmp.step + 1, cn});\n        }\n    }\n    return -1;\n}')"
2025-01-26 13:56:59,905	[INFO]	Step: 27
2025-01-26 13:56:59,905	[INFO]	Stop Steps: 50
2025-01-26 13:57:00,340	[DEBUG]	EXEC>  SUCCESS 2480763.5625
2025-01-26 13:57:00,340	[INFO]	2-8     SUCCESS               2480763.56 (28.43%) [3 edit(s)]  
2025-01-26 13:57:00,340	[DEBUG]	patch(2-8)="LineLLMMutation(('source.cpp', 7), '#include <cstdio>\n#include <cstring>\n#include <queue>\n#include <array>\n\n#define MAX_H 1100\n#define MAX_W 1100\n\nstruct status {\n    int x, y, step, n;\n};\n\nint dx[4] = {1, 0, -1, 0};\nint dy[4] = {0, 1, 0, -1};\n\nint H, W, N;\nstd::array<std::array<int, MAX_W>, MAX_H> flag = {};\nchar maze[MAX_H][MAX_W];\nint xs, ys;\nstd::queue<status> Q;\n\nint BFS();\n\nint main() {\n    while (scanf("%d%d%d", &H, &W, &N) == 3) {\n        getchar();\n        for (int i = 0; i < H; i++) {\n            fgets(maze[i], MAX_W, stdin);\n        }\n\n        for (int j = 0; j < H; j++) {\n            for (int i = 0; i < W; i++) {\n                if (maze[j][i] == \'S\') {\n                    xs = i;\n                    ys = j;\n                    break;\n                }\n            }\n        }\n        printf("%d\\n", BFS());\n    }\n}\n\nint BFS() {\n    while (!Q.empty()) Q.pop();\n    Q.push({xs, ys, 0, 1});\n    while (!Q.empty()) {\n        status tmp = Q.front(); Q.pop();\n        for (int i = 0; i < 4; i++) {\n            int cx = tmp.x + dx[i], cy = tmp.y + dy[i];\n            if (cx < 0 || cx >= W || cy < 0 || cy >= H || maze[cy][cx] == \'X\') continue;\n\n            int cn = (maze[cy][cx] - \'0\' == tmp.n) ? tmp.n + 1 : tmp.n;\n            if (cn == N + 1) return tmp.step + 1;\n            if (flag[cy][cx] >= cn) continue;\n\n            flag[cy][cx] = cn;\n            Q.push({cx, cy, tmp.step + 1, cn});\n        }\n    }\n    return -1;\n}') | LineLLMMutation(('source.cpp', 13), '#include <cstdio>\n#include <cstring>\n#include <deque>\n#include <array>\n\n#define MAX_H 1100\n#define MAX_W 1100\n\nstruct status {\n    int x, y, step, n;\n};\n\nint dx[4] = {1, 0, -1, 0};\nint dy[4] = {0, 1, 0, -1};\n\nint H, W, N;\nstd::array<std::array<int, MAX_W>, MAX_H> flag = {};\nchar maze[MAX_H][MAX_W];\nint xs, ys;\nstd::deque<status> Q;\n\nint BFS();\n\nint main() {\n    while (scanf("%d%d%d", &H, &W, &N) == 3) {\n        getchar();\n        for (int i = 0; i < H; i++) {\n            fgets(maze[i], MAX_W, stdin);\n        }\n\n        for (int j = 0; j < H; j++) {\n            for (int i = 0; i < W; i++) {\n                if (maze[j][i] == \'S\') {\n                    xs = i;\n                    ys = j;\n                    break;\n                }\n            }\n        }\n        printf("%d\\n", BFS());\n    }\n}\n\nint BFS() {\n    Q.clear(); // Clear the deque instead of popping all elements\n    Q.push_back({xs, ys, 0, 1});\n    while (!Q.empty()) {\n        status tmp = Q.front(); Q.pop_front(); // Use pop_front for deque\n        for (int i = 0; i < 4; i++) {\n            int cx = tmp.x + dx[i], cy = tmp.y + dy[i];\n            if (cx < 0 || cx >= W || cy < 0 || cy >= H || maze[cy][cx] == \'X\') continue;\n\n            int cn = (maze[cy][cx] - \'0\' == tmp.n) ? tmp.n + 1 : tmp.n;\n            if (cn == N + 1) return tmp.step + 1;\n            if (flag[cy][cx] >= cn) continue;\n\n            flag[cy][cx] = cn;\n            Q.push_back({cx, cy, tmp.step + 1, cn}); // Use push_back for deque\n        }\n    }\n    return -1;\n}') | LineLLMMutation(('source.cpp', 15), '#include <cstdio>\n#include <cstring>\n#include <deque>\n#include <array>\n\n#define MAX_H 1100\n#define MAX_W 1100\n\nstruct status {\n    int x, y, step, n;\n};\n\nint dx[4] = {1, 0, -1, 0};\nint dy[4] = {0, 1, 0, -1};\n\nint H, W, N;\nstd::array<std::array<int, MAX_W>, MAX_H> flag = {};\nchar maze[MAX_H][MAX_W];\nint xs, ys;\nstd::deque<status> Q;\n\nint BFS();\n\nint main() {\n    while (scanf("%d%d%d", &H, &W, &N) == 3) {\n        getchar();\n        for (int i = 0; i < H; i++) {\n            scanf("%s", maze[i]); // Changed from fgets to scanf for improved performance\n        }\n\n        for (int j = 0; j < H; j++) {\n            for (int i = 0; i < W; i++) {\n                if (maze[j][i] == \'S\') {\n                    xs = i;\n                    ys = j;\n                    break;\n                }\n            }\n        }\n        printf("%d\\n", BFS());\n    }\n}\n\nint BFS() {\n    Q.clear();\n    Q.push_back({xs, ys, 0, 1});\n    while (!Q.empty()) {\n        status tmp = Q.front(); Q.pop_front();\n        for (int i = 0; i < 4; i++) {\n            int cx = tmp.x + dx[i], cy = tmp.y + dy[i];\n            if (cx < 0 || cx >= W || cy < 0 || cy >= H || maze[cy][cx] == \'X\') continue;\n\n            int cn = (maze[cy][cx] - \'0\' == tmp.n) ? tmp.n + 1 : tmp.n;\n            if (cn == N + 1) return tmp.step + 1;\n            if (flag[cy][cx] >= cn) continue;\n\n            flag[cy][cx] = cn;\n            Q.push_back({cx, cy, tmp.step + 1, cn});\n        }\n    }\n    return -1;\n}')"
2025-01-26 13:57:00,340	[INFO]	Step: 28
2025-01-26 13:57:00,340	[INFO]	Stop Steps: 50
2025-01-26 13:57:00,782	[DEBUG]	EXEC>  SUCCESS 2466731.6875
2025-01-26 13:57:00,782	[INFO]	2-9     SUCCESS              *2466731.69 (28.26%) [3 edit(s)]  
2025-01-26 13:57:00,782	[DEBUG]	patch(2-9)="LineLLMMutation(('source.cpp', 8), '#include <cstdio>\n#include <cstring>\n#include <queue>\n\n#define MAX_H 1100\n#define MAX_W 1100\n\nstruct status {\n    int x, y, step, n;\n};\n\nint dx[4] = {1, 0, -1, 0};\nint dy[4] = {0, 1, 0, -1};\n\nint H, W, N;\nchar maze[MAX_H][MAX_W];\nint flag[MAX_H][MAX_W] = {0};\nint xs, ys;\nstd::queue<status> Q;\n\nint BFS();\n\nint main() {\n    while (scanf("%d%d%d", &H, &W, &N) == 3) {\n        getchar();\n        for (int i = 0; i < H; i++) {\n            fgets(maze[i], MAX_W, stdin);\n            for (int j = 0; j < W; j++) {\n                if (maze[i][j] == \'S\') {\n                    xs = j;\n                    ys = i;\n                }\n            }\n        }\n        printf("%d\\n", BFS());\n    }\n}\n\nint BFS() {\n    while (!Q.empty()) Q.pop();\n    Q.push({xs, ys, 0, 1});\n    while (!Q.empty()) {\n        status tmp = Q.front(); Q.pop();\n        for (int i = 0; i < 4; i++) {\n            int cx = tmp.x + dx[i], cy = tmp.y + dy[i];\n            if (cx < 0 || cx >= W || cy < 0 || cy >= H || maze[cy][cx] == \'X\') continue;\n\n            int cn = (maze[cy][cx] - \'0\' == tmp.n) ? tmp.n + 1 : tmp.n;\n            if (cn == N + 1) return tmp.step + 1;\n            if (flag[cy][cx] >= cn) continue;\n\n            flag[cy][cx] = cn;\n            Q.push({cx, cy, tmp.step + 1, cn});\n        }\n    }\n    return -1;\n}') | LineLLMMutation(('source.cpp', 10), '#include <cstdio>\n#include <cstring>\n#include <queue>\n\n#define MAX_H 1100\n#define MAX_W 1100\n\nstruct status {\n    int x, y, step, n;\n};\n\nint dx[4] = {1, 0, -1, 0};\nint dy[4] = {0, 1, 0, -1};\n\nint H, W, N;\nchar maze[MAX_H][MAX_W];\nint flag[MAX_H][MAX_W] = {0};\nint xs, ys;\nstd::queue<status> Q;\n\nint BFS();\n\nint main() {\n    while (scanf("%d%d%d", &H, &W, &N) == 3) {\n        for (int i = 0; i < H; i++) {\n            for (int j = 0; j < W; j++) {\n                scanf(" %c", &maze[i][j]); // Using scanf to read the maze character by character\n                if (maze[i][j] == \'S\') {\n                    xs = j;\n                    ys = i;\n                }\n            }\n        }\n        printf("%d\\n", BFS());\n    }\n}\n\nint BFS() {\n    while (!Q.empty()) Q.pop();\n    Q.push({xs, ys, 0, 1});\n    while (!Q.empty()) {\n        status tmp = Q.front(); Q.pop();\n        for (int i = 0; i < 4; i++) {\n            int cx = tmp.x + dx[i], cy = tmp.y + dy[i];\n            if (cx < 0 || cx >= W || cy < 0 || cy >= H || maze[cy][cx] == \'X\') continue;\n\n            int cn = (maze[cy][cx] - \'0\' == tmp.n) ? tmp.n + 1 : tmp.n;\n            if (cn == N + 1) return tmp.step + 1;\n            if (flag[cy][cx] >= cn) continue;\n\n            flag[cy][cx] = cn;\n            Q.push({cx, cy, tmp.step + 1, cn});\n        }\n    }\n    return -1;\n}') | LineLLMMutation(('source.cpp', 16), '#include <cstdio>\n#include <cstring>\n#include <queue>\n#include <vector>\n\n#define MAX_H 1100\n#define MAX_W 1100\n\nstruct status {\n    int x, y, step, n;\n};\n\nint dx[4] = {1, 0, -1, 0};\nint dy[4] = {0, 1, 0, -1};\n\nint H, W, N;\nchar maze[MAX_H][MAX_W];\nint flag[MAX_H][MAX_W] = {0};\nint xs, ys;\nstd::vector<status> Q; // Use vector instead of queue for better performance\n\nint BFS();\n\nint main() {\n    while (scanf("%d%d%d", &H, &W, &N) == 3) {\n        for (int i = 0; i < H; i++) {\n            for (int j = 0; j < W; j++) {\n                scanf(" %c", &maze[i][j]);\n                if (maze[i][j] == \'S\') {\n                    xs = j;\n                    ys = i;\n                }\n            }\n        }\n        printf("%d\\n", BFS());\n    }\n}\n\nint BFS() {\n    Q.clear(); // Clear the vector\n    Q.push_back({xs, ys, 0, 1}); // Push the initial status\n    int front = 0; // Use an index to simulate queue behavior\n    while (front < Q.size()) {\n        status tmp = Q[front++]; // Get the current status\n        for (int i = 0; i < 4; i++) {\n            int cx = tmp.x + dx[i], cy = tmp.y + dy[i];\n            if (cx < 0 || cx >= W || cy < 0 || cy >= H || maze[cy][cx] == \'X\') continue;\n\n            int cn = (maze[cy][cx] - \'0\' == tmp.n) ? tmp.n + 1 : tmp.n;\n            if (cn == N + 1) return tmp.step + 1;\n            if (flag[cy][cx] >= cn) continue;\n\n            flag[cy][cx] = cn;\n            Q.push_back({cx, cy, tmp.step + 1, cn}); // Add new status to the vector\n        }\n    }\n    return -1;\n}')"

2025-01-26 13:57:00,782	[INFO]	Step: 29
2025-01-26 13:57:00,782	[INFO]	Stop Steps: 50
2025-01-26 13:57:01,219	[DEBUG]	EXEC>  SUCCESS 2482274.75
2025-01-26 13:57:01,219	[INFO]	2-10    SUCCESS               2482274.75 (28.44%) [2 edit(s)]  
2025-01-26 13:57:01,219	[DEBUG]	patch(2-10)="LineLLMCrossover(('source.cpp', 2), '#include <cstdio>\n#include <cstring>\n#include <queue>\n\n#define MAX_H 1100\n#define MAX_W 1100\n\nstruct status {\n    int x, y, step, n;\n};\n\nint dx[4] = {1, 0, -1, 0};\nint dy[4] = {0, 1, 0, -1};\n\nint H, W, N;\nchar maze[MAX_H][MAX_W];\nint flag[MAX_H][MAX_W] = {0};\nint xs, ys;\nstd::queue<status> Q;\n\nint BFS();\n\nint main() {\n    while (scanf("%d%d%d", &H, &W, &N) == 3) {\n        getchar();\n        for (int i = 0; i < H; i++) {\n            fgets(maze[i], MAX_W, stdin);\n            for (int j = 0; j < W; j++) {\n                if (maze[i][j] == \'S\') {\n                    xs = j;\n                    ys = i;\n                }\n            }\n        }\n        printf("%d\\n", BFS());\n    }\n}\n\nint BFS() {\n    while (!Q.empty()) Q.pop();\n    Q.push({xs, ys, 0, 1});\n    while (!Q.empty()) {\n        status tmp = Q.front(); Q.pop();\n        for (int i = 0; i < 4; i++) {\n            int cx = tmp.x + dx[i], cy = tmp.y + dy[i];\n            if (cx < 0 || cx >= W || cy < 0 || cy >= H || maze[cy][cx] == \'X\') continue;\n\n            int cn = (maze[cy][cx] - \'0\' == tmp.n) ? tmp.n + 1 : tmp.n;\n            if (cn == N + 1) return tmp.step + 1;\n            if (flag[cy][cx] >= cn) continue;\n\n            flag[cy][cx] = cn;\n            Q.push({cx, cy, tmp.step + 1, cn});\n        }\n    }\n    return -1;\n}') | LineLLMMutation(('source.cpp', 17), '#include <cstdio>\n#include <cstring>\n#include <deque>\n\n#define MAX_H 1100\n#define MAX_W 1100\n\nstruct status {\n    int x, y, step, n;\n};\n\nint dx[4] = {1, 0, -1, 0};\nint dy[4] = {0, 1, 0, -1};\n\nint H, W, N;\nchar maze[MAX_H][MAX_W];\nint flag[MAX_H][MAX_W] = {0};\nint xs, ys;\nstd::deque<status> Q;\n\nint BFS();\n\nint main() {\n    while (scanf("%d%d%d", &H, &W, &N) == 3) {\n        getchar();\n        for (int i = 0; i < H; i++) {\n            fgets(maze[i], MAX_W, stdin);\n            for (int j = 0; j < W; j++) {\n                if (maze[i][j] == \'S\') {\n                    xs = j;\n                    ys = i;\n                }\n            }\n        }\n        printf("%d\\n", BFS());\n    }\n}\n\nint BFS() {\n    Q.clear();\n    Q.push_back({xs, ys, 0, 1});\n    while (!Q.empty()) {\n        status tmp = Q.front(); Q.pop_front();\n        for (int i = 0; i < 4; i++) {\n            int cx = tmp.x + dx[i], cy = tmp.y + dy[i];\n            if (cx < 0 || cx >= W || cy < 0 || cy >= H || maze[cy][cx] == \'X\') continue;\n\n            int cn = (maze[cy][cx] - \'0\' == tmp.n) ? tmp.n + 1 : tmp.n;\n            if (cn == N + 1) return tmp.step + 1;\n            if (flag[cy][cx] >= cn) continue;\n\n            flag[cy][cx] = cn;\n            Q.push_back({cx, cy, tmp.step + 1, cn});\n        }\n    }\n    return -1;\n}')"
2025-01-26 13:57:01,219	[INFO]	Step: 30
2025-01-26 13:57:01,219	[INFO]	Stop Steps: 50
2025-01-26 13:57:01,689	[DEBUG]	EXEC>  SUCCESS 2543035.9375
2025-01-26 13:57:01,689	[INFO]	2-1     SUCCESS               2543035.94 (29.14%) [2 edit(s)]  
2025-01-26 13:57:01,689	[DEBUG]	patch(2-1)="LineLLMMutation(('source.cpp', 9), '#include <cstdio>\n#include <cstring>\n#include <queue>\n\n#define MAX_H 1100\n#define MAX_W 1100\n\nstruct status {\n    int x, y, step, n;\n};\n\nint dx[4] = {1, 0, -1, 0};\nint dy[4] = {0, 1, 0, -1};\n\nint H, W, N;\nchar maze[MAX_H][MAX_W];\nint flag[MAX_H][MAX_W] = {0};\nint xs, ys;\nstd::queue<status> Q;\n\nint BFS();\n\nint main() {\n    while (scanf("%d%d%d", &H, &W, &N) == 3) {\n        getchar();\n        for (int i = 0; i < H; i++) {\n            fgets(maze[i], MAX_W, stdin);\n            for (int j = 0; j < W; j++) {\n                if (maze[i][j] == \'S\') {\n                    xs = j;\n                    ys = i;\n                }\n            }\n        }\n        printf("%d\\n", BFS());\n    }\n}\n\nint BFS() {\n    while (!Q.empty()) Q.pop();\n    Q.push({xs, ys, 0, 1});\n    while (!Q.empty()) {\n        status tmp = Q.front(); Q.pop();\n        for (int i = 0; i < 4; i++) {\n            int cx = tmp.x + dx[i], cy = tmp.y + dy[i];\n            if (cx < 0 || cx >= W || cy < 0 || cy >= H || maze[cy][cx] == \'X\') continue;\n\n            int cn = (maze[cy][cx] - \'0\' == tmp.n) ? tmp.n + 1 : tmp.n;\n            if (cn == N + 1) return tmp.step + 1;\n            if (flag[cy][cx] >= cn) continue;\n\n            flag[cy][cx] = cn;\n            Q.push({cx, cy, tmp.step + 1, cn});\n        }\n    }\n    return -1;\n}') | LineLLMMutation(('source.cpp', 18), '#include <cstdio>\n#include <cstring>\n#include <queue>\n\n#define MAX_H 1100\n#define MAX_W 1100\n\nstruct status {\n    int x, y, step, n;\n};\n\nint dx[4] = {1, 0, -1, 0};\nint dy[4] = {0, 1, 0, -1};\n\nint H, W, N;\nchar maze[MAX_H][MAX_W];\nint flag[MAX_H][MAX_W] = {0};\nint xs, ys;\nstd::queue<status> Q;\n\nint BFS();\n\nint main() {\n    while (scanf("%d%d%d", &H, &W, &N) == 3) {\n        getchar();\n        for (int i = 0; i < H; i++) {\n            fgets(maze[i], MAX_W, stdin);\n            for (int j = 0; j < W; j++) {\n                if (maze[i][j] == \'S\') {\n                    xs = j;\n                    ys = i;\n                }\n            }\n        }\n        printf("%d\\n", BFS());\n    }\n}\n\nint BFS() {\n    Q = std::queue<status>(); // Reset the queue\n    Q.push({xs, ys, 0, 1});\n    \n    while (!Q.empty()) {\n        status tmp = Q.front(); Q.pop();\n        for (int i = 0; i < 4; i++) {\n            int cx = tmp.x + dx[i], cy = tmp.y + dy[i];\n            if (cx < 0 || cx >= W || cy < 0 || cy >= H || maze[cy][cx] == \'X\') continue;\n\n            int cn = (maze[cy][cx] - \'0\' == tmp.n) ? tmp.n + 1 : tmp.n;\n            if (cn == N + 1) return tmp.step + 1;\n            if (flag[cy][cx] >= cn) continue;\n\n            flag[cy][cx] = cn;\n            Q.push({cx, cy, tmp.step + 1, cn});\n        }\n    }\n    return -1;\n}')"
2025-01-26 13:57:01,689	[INFO]	Step: 31
2025-01-26 13:57:01,689	[INFO]	Stop Steps: 50
2025-01-26 13:57:02,365	[DEBUG]	EXEC>  SUCCESS 8824064.4375
2025-01-26 13:57:02,366	[INFO]	2-2     SUCCESS               8824064.44 (101.11%) [1 edit(s)]  
2025-01-26 13:57:02,366	[DEBUG]	patch(2-2)="LineLLMMutation(('source.cpp', 19), "#include <cstdlib>\n#include <cstdio>\n#include <cstring>\n#include <cmath>\n#include <climits>\n#include <queue>\n#include <iostream>\n\n#define MAX_H 1100\n#define MAX_W 1100\n\nstruct status {\n    int x;\n    int y;\n    int step;\n    int n;\n};\n\nint dx[4] = {1, 0, -1, 0};\nint dy[4] = {0, 1, 0, -1};\n\nint H, W, N;\nchar maze[MAX_H][MAX_W];\nint flag[MAX_H][MAX_W];\nint xs, ys;\nstd::queue<status> Q;\n\nint BFS();\n\nint main(int argc, char* argv[]) {\n    while (std::cin >> H >> W >> N) {\n        std::cin.get();\n        for (int i = 0; i < H; i++)\n            std::cin.getline(maze[i], MAX_W);\n\n        for (int j = 0; j < H; j++)\n            for (int i = 0; i < W; i++)\n                if (maze[j][i] == 'S') {\n                    xs = i;\n                    ys = j;\n                    break;\n                }\n\n        memset(flag, 0, sizeof(flag));\n        std::cout << BFS() << std::endl;\n    }\n}\n\nint BFS() {\n    while (Q.empty() == false)\n        Q.pop();\n\n    status start;\n    start.x = xs;\n    start.y = ys;\n    start.step = 0;\n    start.n = 1;\n\n    Q.push(start);\n\n    while (Q.empty() == false) {\n        status tmp = Q.front();\n        Q.pop();\n\n        for (int i = 0; i < 4; i++) {\n            int cx = tmp.x + dx[i];\n            int cy = tmp.y + dy[i];\n            int cstep = tmp.step + 1;\n            int cn = tmp.n;\n\n            if (cx < 0 || cx >= W) continue;\n            if (cy < 0 || cy >= H) continue;\n            if (maze[cy][cx] == 'X') continue;\n\n            if ((maze[cy][cx] - '0') == tmp.n)\n                cn = tmp.n + 1;\n\n            if (cn == N + 1)\n                return cstep;\n\n            if (flag[cy][cx] >= cn) continue;\n\n            flag[cy][cx] = cn;\n\n            status nstatus;\n            nstatus.x = cx;\n            nstatus.y = cy;\n            nstatus.n = cn;\n            nstatus.step = cstep;\n            Q.push(nstatus);\n        }\n    }\n\n    return -1;\n}")"
2025-01-26 13:57:02,366	[INFO]	Step: 32
2025-01-26 13:57:02,366	[INFO]	Stop Steps: 50
2025-01-26 13:57:04,048	[DEBUG]	EXEC>  SUCCESS 8599739.25
2025-01-26 13:57:04,048	[INFO]	REF     SUCCESS               8599739.25 (--) [0 edit(s)]  
2025-01-26 13:57:04,048	[INFO]	Best patch: 8_10_16
2025-01-26 13:57:04,478	[DEBUG]	EXEC>  SUCCESS 2442793.9375
2025-01-26 13:57:04,479	[INFO]	BEST    SUCCESS              *2442793.94 (28.41%) [0 edit(s)]  
2025-01-26 13:57:04,479	[INFO]	Best patch step: 28
2025-01-26 13:58:55,089	[INFO]	Step: 32
2025-01-26 13:58:55,089	[INFO]	Stop Steps: 50
2025-01-26 13:58:55,642	[DEBUG]	EXEC>  SUCCESS 2430328.125
2025-01-26 13:58:55,642	[INFO]	3-3     SUCCESS              *2430328.12 (28.26%) [3 edit(s)]  
2025-01-26 13:58:55,642	[DEBUG]	patch(3-3)="LineLLMMutation(('source.cpp', 8), '#include <cstdio>\n#include <cstring>\n#include <queue>\n\n#define MAX_H 1100\n#define MAX_W 1100\n\nstruct status {\n    int x, y, step, n;\n};\n\nint dx[4] = {1, 0, -1, 0};\nint dy[4] = {0, 1, 0, -1};\n\nint H, W, N;\nchar maze[MAX_H][MAX_W];\nint flag[MAX_H][MAX_W] = {0};\nint xs, ys;\nstd::queue<status> Q;\n\nint BFS();\n\nint main() {\n    while (scanf("%d%d%d", &H, &W, &N) == 3) {\n        getchar();\n        for (int i = 0; i < H; i++) {\n            fgets(maze[i], MAX_W, stdin);\n            for (int j = 0; j < W; j++) {\n                if (maze[i][j] == \'S\') {\n                    xs = j;\n                    ys = i;\n                }\n            }\n        }\n        printf("%d\\n", BFS());\n    }\n}\n\nint BFS() {\n    while (!Q.empty()) Q.pop();\n    Q.push({xs, ys, 0, 1});\n    while (!Q.empty()) {\n        status tmp = Q.front(); Q.pop();\n        for (int i = 0; i < 4; i++) {\n            int cx = tmp.x + dx[i], cy = tmp.y + dy[i];\n            if (cx < 0 || cx >= W || cy < 0 || cy >= H || maze[cy][cx] == \'X\') continue;\n\n            int cn = (maze[cy][cx] - \'0\' == tmp.n) ? tmp.n + 1 : tmp.n;\n            if (cn == N + 1) return tmp.step + 1;\n            if (flag[cy][cx] >= cn) continue;\n\n            flag[cy][cx] = cn;\n            Q.push({cx, cy, tmp.step + 1, cn});\n        }\n    }\n    return -1;\n}') | LineLLMMutation(('source.cpp', 10), '#include <cstdio>\n#include <cstring>\n#include <queue>\n\n#define MAX_H 1100\n#define MAX_W 1100\n\nstruct status {\n    int x, y, step, n;\n};\n\nint dx[4] = {1, 0, -1, 0};\nint dy[4] = {0, 1, 0, -1};\n\nint H, W, N;\nchar maze[MAX_H][MAX_W];\nint flag[MAX_H][MAX_W] = {0};\nint xs, ys;\nstd::queue<status> Q;\n\nint BFS();\n\nint main() {\n    while (scanf("%d%d%d", &H, &W, &N) == 3) {\n        for (int i = 0; i < H; i++) {\n            for (int j = 0; j < W; j++) {\n                scanf(" %c", &maze[i][j]); // Using scanf to read the maze character by character\n                if (maze[i][j] == \'S\') {\n                    xs = j;\n                    ys = i;\n                }\n            }\n        }\n        printf("%d\\n", BFS());\n    }\n}\n\nint BFS() {\n    while (!Q.empty()) Q.pop();\n    Q.push({xs, ys, 0, 1});\n    while (!Q.empty()) {\n        status tmp = Q.front(); Q.pop();\n        for (int i = 0; i < 4; i++) {\n            int cx = tmp.x + dx[i], cy = tmp.y + dy[i];\n            if (cx < 0 || cx >= W || cy < 0 || cy >= H || maze[cy][cx] == \'X\') continue;\n\n            int cn = (maze[cy][cx] - \'0\' == tmp.n) ? tmp.n + 1 : tmp.n;\n            if (cn == N + 1) return tmp.step + 1;\n            if (flag[cy][cx] >= cn) continue;\n\n            flag[cy][cx] = cn;\n            Q.push({cx, cy, tmp.step + 1, cn});\n        }\n    }\n    return -1;\n}') | LineLLMMutation(('source.cpp', 16), '#include <cstdio>\n#include <cstring>\n#include <queue>\n#include <vector>\n\n#define MAX_H 1100\n#define MAX_W 1100\n\nstruct status {\n    int x, y, step, n;\n};\n\nint dx[4] = {1, 0, -1, 0};\nint dy[4] = {0, 1, 0, -1};\n\nint H, W, N;\nchar maze[MAX_H][MAX_W];\nint flag[MAX_H][MAX_W] = {0};\nint xs, ys;\nstd::vector<status> Q; // Use vector instead of queue for better performance\n\nint BFS();\n\nint main() {\n    while (scanf("%d%d%d", &H, &W, &N) == 3) {\n        for (int i = 0; i < H; i++) {\n            for (int j = 0; j < W; j++) {\n                scanf(" %c", &maze[i][j]);\n                if (maze[i][j] == \'S\') {\n                    xs = j;\n                    ys = i;\n                }\n            }\n        }\n        printf("%d\\n", BFS());\n    }\n}\n\nint BFS() {\n    Q.clear(); // Clear the vector\n    Q.push_back({xs, ys, 0, 1}); // Push the initial status\n    int front = 0; // Use an index to simulate queue behavior\n    while (front < Q.size()) {\n        status tmp = Q[front++]; // Get the current status\n        for (int i = 0; i < 4; i++) {\n            int cx = tmp.x + dx[i], cy = tmp.y + dy[i];\n            if (cx < 0 || cx >= W || cy < 0 || cy >= H || maze[cy][cx] == \'X\') continue;\n\n            int cn = (maze[cy][cx] - \'0\' == tmp.n) ? tmp.n + 1 : tmp.n;\n            if (cn == N + 1) return tmp.step + 1;\n            if (flag[cy][cx] >= cn) continue;\n\n            flag[cy][cx] = cn;\n            Q.push_back({cx, cy, tmp.step + 1, cn}); // Add new status to the vector\n        }\n    }\n    return -1;\n}')"

2025-01-26 13:58:55,642	[INFO]	Step: 33
2025-01-26 13:58:55,642	[INFO]	Stop Steps: 50
2025-01-26 13:58:56,078	[DEBUG]	EXEC>  SUCCESS 2503683.0625
2025-01-26 13:58:56,078	[INFO]	3-4     SUCCESS               2503683.06 (29.11%) [2 edit(s)]  
2025-01-26 13:58:56,078	[DEBUG]	patch(3-4)="LineLLMMutation(('source.cpp', 7), '#include <cstdio>\n#include <cstring>\n#include <queue>\n#include <array>\n\n#define MAX_H 1100\n#define MAX_W 1100\n\nstruct status {\n    int x, y, step, n;\n};\n\nint dx[4] = {1, 0, -1, 0};\nint dy[4] = {0, 1, 0, -1};\n\nint H, W, N;\nstd::array<std::array<int, MAX_W>, MAX_H> flag = {};\nchar maze[MAX_H][MAX_W];\nint xs, ys;\nstd::queue<status> Q;\n\nint BFS();\n\nint main() {\n    while (scanf("%d%d%d", &H, &W, &N) == 3) {\n        getchar();\n        for (int i = 0; i < H; i++) {\n            fgets(maze[i], MAX_W, stdin);\n        }\n\n        for (int j = 0; j < H; j++) {\n            for (int i = 0; i < W; i++) {\n                if (maze[j][i] == \'S\') {\n                    xs = i;\n                    ys = j;\n                    break;\n                }\n            }\n        }\n        printf("%d\\n", BFS());\n    }\n}\n\nint BFS() {\n    while (!Q.empty()) Q.pop();\n    Q.push({xs, ys, 0, 1});\n    while (!Q.empty()) {\n        status tmp = Q.front(); Q.pop();\n        for (int i = 0; i < 4; i++) {\n            int cx = tmp.x + dx[i], cy = tmp.y + dy[i];\n            if (cx < 0 || cx >= W || cy < 0 || cy >= H || maze[cy][cx] == \'X\') continue;\n\n            int cn = (maze[cy][cx] - \'0\' == tmp.n) ? tmp.n + 1 : tmp.n;\n            if (cn == N + 1) return tmp.step + 1;\n            if (flag[cy][cx] >= cn) continue;\n\n            flag[cy][cx] = cn;\n            Q.push({cx, cy, tmp.step + 1, cn});\n        }\n    }\n    return -1;\n}') | LineLLMMutation(('source.cpp', 13), '#include <cstdio>\n#include <cstring>\n#include <deque>\n#include <array>\n\n#define MAX_H 1100\n#define MAX_W 1100\n\nstruct status {\n    int x, y, step, n;\n};\n\nint dx[4] = {1, 0, -1, 0};\nint dy[4] = {0, 1, 0, -1};\n\nint H, W, N;\nstd::array<std::array<int, MAX_W>, MAX_H> flag = {};\nchar maze[MAX_H][MAX_W];\nint xs, ys;\nstd::deque<status> Q;\n\nint BFS();\n\nint main() {\n    while (scanf("%d%d%d", &H, &W, &N) == 3) {\n        getchar();\n        for (int i = 0; i < H; i++) {\n            fgets(maze[i], MAX_W, stdin);\n        }\n\n        for (int j = 0; j < H; j++) {\n            for (int i = 0; i < W; i++) {\n                if (maze[j][i] == \'S\') {\n                    xs = i;\n                    ys = j;\n                    break;\n                }\n            }\n        }\n        printf("%d\\n", BFS());\n    }\n}\n\nint BFS() {\n    Q.clear(); // Clear the deque instead of popping all elements\n    Q.push_back({xs, ys, 0, 1});\n    while (!Q.empty()) {\n        status tmp = Q.front(); Q.pop_front(); // Use pop_front for deque\n        for (int i = 0; i < 4; i++) {\n            int cx = tmp.x + dx[i], cy = tmp.y + dy[i];\n            if (cx < 0 || cx >= W || cy < 0 || cy >= H || maze[cy][cx] == \'X\') continue;\n\n            int cn = (maze[cy][cx] - \'0\' == tmp.n) ? tmp.n + 1 : tmp.n;\n            if (cn == N + 1) return tmp.step + 1;\n            if (flag[cy][cx] >= cn) continue;\n\n            flag[cy][cx] = cn;\n            Q.push_back({cx, cy, tmp.step + 1, cn}); // Use push_back for deque\n        }\n    }\n    return -1;\n}')"
2025-01-26 13:58:56,078	[INFO]	Step: 34
2025-01-26 13:58:56,078	[INFO]	Stop Steps: 50
2025-01-26 13:58:56,524	[DEBUG]	EXEC>  SUCCESS 2490861.0
2025-01-26 13:58:56,524	[INFO]	3-5     SUCCESS               2490861.00 (28.96%) [1 edit(s)]  
2025-01-26 13:58:56,524	[DEBUG]	patch(3-5)="LineLLMCrossover(('source.cpp', 8), '#include <cstdio>\n#include <cstring>\n#include <deque>\n#include <array>\n\n#define MAX_H 1100\n#define MAX_W 1100\n\nstruct status {\n    int x, y, step, n;\n};\n\nint dx[4] = {1, 0, -1, 0};\nint dy[4] = {0, 1, 0, -1};\n\nint H, W, N;\nstd::array<std::array<int, MAX_W>, MAX_H> flag = {};\nchar maze[MAX_H][MAX_W];\nint xs, ys;\nstd::deque<status> Q;\n\nint BFS();\n\nint main() {\n    while (scanf("%d%d%d", &H, &W, &N) == 3) {\n        getchar();\n        for (int i = 0; i < H; i++) {\n            scanf("%s", maze[i]);\n        }\n        for (int j = 0; j < H; j++) {\n            for (int i = 0; i < W; i++) {\n                if (maze[j][i] == \'S\') {\n                    xs = i;\n                    ys = j;\n                    break;\n                }\n            }\n        }\n        printf("%d\\n", BFS());\n    }\n}\n\nint BFS() {\n    Q.clear();\n    Q.push_back({xs, ys, 0, 1});\n    while (!Q.empty()) {\n        status tmp = Q.front(); Q.pop_front();\n        for (int i = 0; i < 4; i++) {\n            int cx = tmp.x + dx[i], cy = tmp.y + dy[i];\n            if (cx < 0 || cx >= W || cy < 0 || cy >= H || maze[cy][cx] == \'X\') continue;\n\n            int cn = (maze[cy][cx] - \'0\' == tmp.n) ? tmp.n + 1 : tmp.n;\n            if (cn == N + 1) return tmp.step + 1;\n            if (flag[cy][cx] >= cn) continue;\n\n            flag[cy][cx] = cn;\n            Q.push_back({cx, cy, tmp.step + 1, cn});\n        }\n    }\n    return -1;\n}')"
2025-01-26 13:58:56,524	[INFO]	Step: 35
2025-01-26 13:58:56,524	[INFO]	Stop Steps: 50
2025-01-26 13:58:56,970	[DEBUG]	EXEC>  SUCCESS 2532361.375
2025-01-26 13:58:56,970	[INFO]	3-6     SUCCESS               2532361.38 (29.45%) [1 edit(s)]  
2025-01-26 13:58:56,970	[DEBUG]	patch(3-6)="LineLLMCrossover(('source.cpp', 9), '#include <cstdio>\n#include <cstring>\n#include <deque>\n#include <array>\n\n#define MAX_H 1100\n#define MAX_W 1100\n\nstruct status {\n    int x, y, step, n;\n};\n\nint dx[4] = {1, 0, -1, 0};\nint dy[4] = {0, 1, 0, -1};\n\nint H, W, N;\nstd::array<std::array<int, MAX_W>, MAX_H> flag = {};\nchar maze[MAX_H][MAX_W];\nint xs, ys;\nstd::deque<status> Q;\n\nint BFS();\n\nint main() {\n    while (scanf("%d%d%d", &H, &W, &N) == 3) {\n        getchar();\n        for (int i = 0; i < H; i++) {\n            fgets(maze[i], MAX_W, stdin);\n        }\n        for (int j = 0; j < H; j++) {\n            for (int i = 0; i < W; i++) {\n                if (maze[j][i] == \'S\') {\n                    xs = i;\n                    ys = j;\n                    break;\n                }\n            }\n        }\n        printf("%d\\n", BFS());\n    }\n}\n\nint BFS() {\n    Q.clear();\n    Q.push_back({xs, ys, 0, 1});\n    while (!Q.empty()) {\n        status tmp = Q.front(); Q.pop_front();\n        for (int i = 0; i < 4; i++) {\n            int cx = tmp.x + dx[i], cy = tmp.y + dy[i];\n            if (cx < 0 || cx >= W || cy < 0 || cy >= H || maze[cy][cx] == \'X\') continue;\n\n            int cn = (maze[cy][cx] - \'0\' == tmp.n) ? tmp.n + 1 : tmp.n;\n            if (cn == N + 1) return tmp.step + 1;\n            if (flag[cy][cx] >= cn) continue;\n\n            flag[cy][cx] = cn;\n            Q.push_back({cx, cy, tmp.step + 1, cn});\n        }\n    }\n    return -1;\n}')"
2025-01-26 13:58:56,970	[INFO]	Step: 36
2025-01-26 13:58:56,970	[INFO]	Stop Steps: 50
2025-01-26 13:58:57,412	[DEBUG]	EXEC>  SUCCESS 2475146.125
2025-01-26 13:58:57,412	[INFO]	3-7     SUCCESS               2475146.12 (28.78%) [1 edit(s)]  
2025-01-26 13:58:57,412	[DEBUG]	patch(3-7)="LineLLMCrossover(('source.cpp', 10), '#include <cstdio>\n#include <cstring>\n#include <deque>\n#include <array>\n\n#define MAX_H 1100\n#define MAX_W 1100\n\nstruct status {\n    int x, y, step, n;\n};\n\nint dx[4] = {1, 0, -1, 0};\nint dy[4] = {0, 1, 0, -1};\n\nint H, W, N;\nstd::array<std::array<int, MAX_W>, MAX_H> flag = {};\nchar maze[MAX_H][MAX_W];\nint xs, ys;\nstd::deque<status> Q;\n\nint BFS();\n\nint main() {\n    while (scanf("%d%d%d", &H, &W, &N) == 3) {\n        for (int i = 0; i < H; i++) {\n            scanf("%s", maze[i]);\n        }\n        for (int j = 0; j < H; j++) {\n            for (int i = 0; i < W; i++) {\n                if (maze[j][i] == \'S\') {\n                    xs = i;\n                    ys = j;\n                    break;\n                }\n            }\n        }\n        printf("%d\\n", BFS());\n    }\n}\n\nint BFS() {\n    Q.clear();\n    Q.push_back({xs, ys, 0, 1});\n    while (!Q.empty()) {\n        status tmp = Q.front(); Q.pop_front();\n        for (int i = 0; i < 4; i++) {\n            int cx = tmp.x + dx[i], cy = tmp.y + dy[i];\n            if (cx < 0 || cx >= W || cy < 0 || cy >= H || maze[cy][cx] == \'X\') continue;\n\n            int cn = (maze[cy][cx] - \'0\' == tmp.n) ? tmp.n + 1 : tmp.n;\n            if (cn == N + 1) return tmp.step + 1;\n            if (flag[cy][cx] >= cn) continue;\n\n            flag[cy][cx] = cn;\n            Q.push_back({cx, cy, tmp.step + 1, cn});\n        }\n    }\n    return -1;\n}')"
2025-01-26 13:58:57,412	[INFO]	Step: 37
2025-01-26 13:58:57,412	[INFO]	Stop Steps: 50
2025-01-26 13:58:57,849	[DEBUG]	EXEC>  SUCCESS 2464652.9375
2025-01-26 13:58:57,849	[INFO]	3-8     SUCCESS               2464652.94 (28.66%) [1 edit(s)]  
2025-01-26 13:58:57,849	[DEBUG]	patch(3-8)="LineLLMCrossover(('source.cpp', 11), '#include <cstdio>\n#include <cstring>\n#include <deque>\n#include <array>\n\n#define MAX_H 1100\n#define MAX_W 1100\n\nstruct status {\n    int x, y, step, n;\n};\n\nint dx[4] = {1, 0, -1, 0};\nint dy[4] = {0, 1, 0, -1};\n\nint H, W, N;\nstd::array<std::array<int, MAX_W>, MAX_H> flag = {};\nchar maze[MAX_H][MAX_W];\nint xs, ys;\nstd::deque<status> Q;\n\nint BFS();\n\nint main() {\n    while (scanf("%d%d%d", &H, &W, &N) == 3) {\n        for (int i = 0; i < H; i++) {\n            scanf("%s", maze[i]);\n        }\n        for (int j = 0; j < H; j++) {\n            for (int i = 0; i < W; i++) {\n                if (maze[j][i] == \'S\') {\n                    xs = i;\n                    ys = j;\n                    break;\n                }\n            }\n        }\n        printf("%d\\n", BFS());\n    }\n}\n\nint BFS() {\n    Q.clear();\n    Q.push_back({xs, ys, 0, 1});\n    while (!Q.empty()) {\n        status tmp = Q.front(); Q.pop_front();\n        for (int i = 0; i < 4; i++) {\n            int cx = tmp.x + dx[i], cy = tmp.y + dy[i];\n            if (cx < 0 || cx >= W || cy < 0 || cy >= H || maze[cy][cx] == \'X\') continue;\n\n            int cn = (maze[cy][cx] - \'0\' == tmp.n) ? tmp.n + 1 : tmp.n;\n            if (cn == N + 1) return tmp.step + 1;\n            if (flag[cy][cx] >= cn) continue;\n\n            flag[cy][cx] = cn;\n            Q.push_back({cx, cy, tmp.step + 1, cn});\n        }\n    }\n    return -1;\n}')"
2025-01-26 13:58:57,849	[INFO]	Step: 38
2025-01-26 13:58:57,849	[INFO]	Stop Steps: 50
2025-01-26 13:58:58,300	[DEBUG]	EXEC>  SUCCESS 2493321.1875
2025-01-26 13:58:58,300	[INFO]	3-9     SUCCESS               2493321.19 (28.99%) [4 edit(s)]  
2025-01-26 13:58:58,300	[DEBUG]	patch(3-9)="LineLLMMutation(('source.cpp', 8), '#include <cstdio>\n#include <cstring>\n#include <queue>\n\n#define MAX_H 1100\n#define MAX_W 1100\n\nstruct status {\n    int x, y, step, n;\n};\n\nint dx[4] = {1, 0, -1, 0};\nint dy[4] = {0, 1, 0, -1};\n\nint H, W, N;\nchar maze[MAX_H][MAX_W];\nint flag[MAX_H][MAX_W] = {0};\nint xs, ys;\nstd::queue<status> Q;\n\nint BFS();\n\nint main() {\n    while (scanf("%d%d%d", &H, &W, &N) == 3) {\n        getchar();\n        for (int i = 0; i < H; i++) {\n            fgets(maze[i], MAX_W, stdin);\n            for (int j = 0; j < W; j++) {\n                if (maze[i][j] == \'S\') {\n                    xs = j;\n                    ys = i;\n                }\n            }\n        }\n        printf("%d\\n", BFS());\n    }\n}\n\nint BFS() {\n    while (!Q.empty()) Q.pop();\n    Q.push({xs, ys, 0, 1});\n    while (!Q.empty()) {\n        status tmp = Q.front(); Q.pop();\n        for (int i = 0; i < 4; i++) {\n            int cx = tmp.x + dx[i], cy = tmp.y + dy[i];\n            if (cx < 0 || cx >= W || cy < 0 || cy >= H || maze[cy][cx] == \'X\') continue;\n\n            int cn = (maze[cy][cx] - \'0\' == tmp.n) ? tmp.n + 1 : tmp.n;\n            if (cn == N + 1) return tmp.step + 1;\n            if (flag[cy][cx] >= cn) continue;\n\n            flag[cy][cx] = cn;\n            Q.push({cx, cy, tmp.step + 1, cn});\n        }\n    }\n    return -1;\n}') | LineLLMMutation(('source.cpp', 10), '#include <cstdio>\n#include <cstring>\n#include <queue>\n\n#define MAX_H 1100\n#define MAX_W 1100\n\nstruct status {\n    int x, y, step, n;\n};\n\nint dx[4] = {1, 0, -1, 0};\nint dy[4] = {0, 1, 0, -1};\n\nint H, W, N;\nchar maze[MAX_H][MAX_W];\nint flag[MAX_H][MAX_W] = {0};\nint xs, ys;\nstd::queue<status> Q;\n\nint BFS();\n\nint main() {\n    while (scanf("%d%d%d", &H, &W, &N) == 3) {\n        for (int i = 0; i < H; i++) {\n            for (int j = 0; j < W; j++) {\n                scanf(" %c", &maze[i][j]); // Using scanf to read the maze character by character\n                if (maze[i][j] == \'S\') {\n                    xs = j;\n                    ys = i;\n                }\n            }\n        }\n        printf("%d\\n", BFS());\n    }\n}\n\nint BFS() {\n    while (!Q.empty()) Q.pop();\n    Q.push({xs, ys, 0, 1});\n    while (!Q.empty()) {\n        status tmp = Q.front(); Q.pop();\n        for (int i = 0; i < 4; i++) {\n            int cx = tmp.x + dx[i], cy = tmp.y + dy[i];\n            if (cx < 0 || cx >= W || cy < 0 || cy >= H || maze[cy][cx] == \'X\') continue;\n\n            int cn = (maze[cy][cx] - \'0\' == tmp.n) ? tmp.n + 1 : tmp.n;\n            if (cn == N + 1) return tmp.step + 1;\n            if (flag[cy][cx] >= cn) continue;\n\n            flag[cy][cx] = cn;\n            Q.push({cx, cy, tmp.step + 1, cn});\n        }\n    }\n    return -1;\n}') | LineLLMMutation(('source.cpp', 16), '#include <cstdio>\n#include <cstring>\n#include <queue>\n#include <vector>\n\n#define MAX_H 1100\n#define MAX_W 1100\n\nstruct status {\n    int x, y, step, n;\n};\n\nint dx[4] = {1, 0, -1, 0};\nint dy[4] = {0, 1, 0, -1};\n\nint H, W, N;\nchar maze[MAX_H][MAX_W];\nint flag[MAX_H][MAX_W] = {0};\nint xs, ys;\nstd::vector<status> Q; // Use vector instead of queue for better performance\n\nint BFS();\n\nint main() {\n    while (scanf("%d%d%d", &H, &W, &N) == 3) {\n        for (int i = 0; i < H; i++) {\n            for (int j = 0; j < W; j++) {\n                scanf(" %c", &maze[i][j]);\n                if (maze[i][j] == \'S\') {\n                    xs = j;\n                    ys = i;\n                }\n            }\n        }\n        printf("%d\\n", BFS());\n    }\n}\n\nint BFS() {\n    Q.clear(); // Clear the vector\n    Q.push_back({xs, ys, 0, 1}); // Push the initial status\n    int front = 0; // Use an index to simulate queue behavior\n    while (front < Q.size()) {\n        status tmp = Q[front++]; // Get the current status\n        for (int i = 0; i < 4; i++) {\n            int cx = tmp.x + dx[i], cy = tmp.y + dy[i];\n            if (cx < 0 || cx >= W || cy < 0 || cy >= H || maze[cy][cx] == \'X\') continue;\n\n            int cn = (maze[cy][cx] - \'0\' == tmp.n) ? tmp.n + 1 : tmp.n;\n            if (cn == N + 1) return tmp.step + 1;\n            if (flag[cy][cx] >= cn) continue;\n\n            flag[cy][cx] = cn;\n            Q.push_back({cx, cy, tmp.step + 1, cn}); // Add new status to the vector\n        }\n    }\n    return -1;\n}') | LineLLMMutation(('source.cpp', 20), '#include <cstdio>\n#include <cstring>\n#include <queue>\n#include <vector>\n\n#define MAX_H 1100\n#define MAX_W 1100\n\nstruct status {\n    int x, y, step, n;\n};\n\nint dx[4] = {1, 0, -1, 0};\nint dy[4] = {0, 1, 0, -1};\n\nint H, W, N;\nchar maze[MAX_H][MAX_W];\nint flag[MAX_H][MAX_W] = {0};\nint xs, ys;\nstd::vector<status> Q; // Use vector for dynamic size\n\nint BFS();\n\nint main() {\n    while (scanf("%d%d%d", &H, &W, &N) == 3) {\n        for (int i = 0; i < H; i++) {\n            for (int j = 0; j < W; j++) {\n                scanf(" %c", &maze[i][j]);\n                if (maze[i][j] == \'S\') {\n                    xs = j;\n                    ys = i;\n                }\n            }\n        }\n        printf("%d\\n", BFS());\n    }\n}\n\nint BFS() {\n    Q.reserve(H * W); // Reserve space to minimize reallocations\n    Q.push_back({xs, ys, 0, 1});\n    int front = 0; \n    while (front < Q.size()) {\n        status tmp = Q[front++]; \n        for (int i = 0; i < 4; i++) {\n            int cx = tmp.x + dx[i], cy = tmp.y + dy[i];\n            if (cx < 0 || cx >= W || cy < 0 || cy >= H || maze[cy][cx] == \'X\') continue;\n\n            int cn = (maze[cy][cx] - \'0\' == tmp.n) ? tmp.n + 1 : tmp.n;\n            if (cn == N + 1) return tmp.step + 1;\n            if (flag[cy][cx] < cn) { // Only update flag if the new value is greater\n                flag[cy][cx] = cn;\n                Q.push_back({cx, cy, tmp.step + 1, cn}); \n            }\n        }\n    }\n    return -1;\n}')"
2025-01-26 13:58:58,300	[INFO]	Step: 39
2025-01-26 13:58:58,300	[INFO]	Stop Steps: 50
2025-01-26 13:58:58,576	[INFO]	3-10    TEST_CODE_ERROR       None (--) [3 edit(s)]  
2025-01-26 13:58:58,576	[DEBUG]	patch(3-10)="LineLLMMutation(('source.cpp', 7), '#include <cstdio>\n#include <cstring>\n#include <queue>\n#include <array>\n\n#define MAX_H 1100\n#define MAX_W 1100\n\nstruct status {\n    int x, y, step, n;\n};\n\nint dx[4] = {1, 0, -1, 0};\nint dy[4] = {0, 1, 0, -1};\n\nint H, W, N;\nstd::array<std::array<int, MAX_W>, MAX_H> flag = {};\nchar maze[MAX_H][MAX_W];\nint xs, ys;\nstd::queue<status> Q;\n\nint BFS();\n\nint main() {\n    while (scanf("%d%d%d", &H, &W, &N) == 3) {\n        getchar();\n        for (int i = 0; i < H; i++) {\n            fgets(maze[i], MAX_W, stdin);\n        }\n\n        for (int j = 0; j < H; j++) {\n            for (int i = 0; i < W; i++) {\n                if (maze[j][i] == \'S\') {\n                    xs = i;\n                    ys = j;\n                    break;\n                }\n            }\n        }\n        printf("%d\\n", BFS());\n    }\n}\n\nint BFS() {\n    while (!Q.empty()) Q.pop();\n    Q.push({xs, ys, 0, 1});\n    while (!Q.empty()) {\n        status tmp = Q.front(); Q.pop();\n        for (int i = 0; i < 4; i++) {\n            int cx = tmp.x + dx[i], cy = tmp.y + dy[i];\n            if (cx < 0 || cx >= W || cy < 0 || cy >= H || maze[cy][cx] == \'X\') continue;\n\n            int cn = (maze[cy][cx] - \'0\' == tmp.n) ? tmp.n + 1 : tmp.n;\n            if (cn == N + 1) return tmp.step + 1;\n            if (flag[cy][cx] >= cn) continue;\n\n            flag[cy][cx] = cn;\n            Q.push({cx, cy, tmp.step + 1, cn});\n        }\n    }\n    return -1;\n}') | LineLLMMutation(('source.cpp', 13), '#include <cstdio>\n#include <cstring>\n#include <deque>\n#include <array>\n\n#define MAX_H 1100\n#define MAX_W 1100\n\nstruct status {\n    int x, y, step, n;\n};\n\nint dx[4] = {1, 0, -1, 0};\nint dy[4] = {0, 1, 0, -1};\n\nint H, W, N;\nstd::array<std::array<int, MAX_W>, MAX_H> flag = {};\nchar maze[MAX_H][MAX_W];\nint xs, ys;\nstd::deque<status> Q;\n\nint BFS();\n\nint main() {\n    while (scanf("%d%d%d", &H, &W, &N) == 3) {\n        getchar();\n        for (int i = 0; i < H; i++) {\n            fgets(maze[i], MAX_W, stdin);\n        }\n\n        for (int j = 0; j < H; j++) {\n            for (int i = 0; i < W; i++) {\n                if (maze[j][i] == \'S\') {\n                    xs = i;\n                    ys = j;\n                    break;\n                }\n            }\n        }\n        printf("%d\\n", BFS());\n    }\n}\n\nint BFS() {\n    Q.clear(); // Clear the deque instead of popping all elements\n    Q.push_back({xs, ys, 0, 1});\n    while (!Q.empty()) {\n        status tmp = Q.front(); Q.pop_front(); // Use pop_front for deque\n        for (int i = 0; i < 4; i++) {\n            int cx = tmp.x + dx[i], cy = tmp.y + dy[i];\n            if (cx < 0 || cx >= W || cy < 0 || cy >= H || maze[cy][cx] == \'X\') continue;\n\n            int cn = (maze[cy][cx] - \'0\' == tmp.n) ? tmp.n + 1 : tmp.n;\n            if (cn == N + 1) return tmp.step + 1;\n            if (flag[cy][cx] >= cn) continue;\n\n            flag[cy][cx] = cn;\n            Q.push_back({cx, cy, tmp.step + 1, cn}); // Use push_back for deque\n        }\n    }\n    return -1;\n}') | LineLLMMutation(('source.cpp', 21), '#include <cstdio>\n#include <cstring>\n#include <deque>\n#include <array>\n\n#define MAX_H 1100\n#define MAX_W 1100\n\nstruct status {\n    int x, y, step, n;\n};\n\nint dx[4] = {1, 0, -1, 0};\nint dy[4] = {0, 1, 0, -1};\n\nint H, W, N;\nstd::array<std::array<int, MAX_W>, MAX_H> flag = {};\nchar maze[MAX_H][MAX_W];\nint xs, ys;\nstd::deque<status> Q;\n\nint BFS();\n\nint main() {\n    while (scanf("%d%d%d", &H, &W, &N) == 3) {\n        getchar();\n        fread(maze, sizeof(char), H * MAX_W, stdin); // Read the entire maze at once\n        \n        for (int j = 0; j < H; j++) {\n            for (int i = 0; i < W; i++) {\n                if (maze[j][i] == \'S\') {\n                    xs = i;\n                    ys = j;\n                    break;\n                }\n            }\n        }\n        printf("%d\\n", BFS());\n    }\n}\n\nint BFS() {\n    Q.clear(); // Clear the deque instead of popping all elements\n    Q.push_back({xs, ys, 0, 1});\n    while (!Q.empty()) {\n        status tmp = Q.front(); Q.pop_front(); // Use pop_front for deque\n        for (int i = 0; i < 4; i++) {\n            int cx = tmp.x + dx[i], cy = tmp.y + dy[i];\n            if (cx < 0 || cx >= W || cy < 0 || cy >= H || maze[cy][cx] == \'X\') continue;\n\n            int cn = (maze[cy][cx] - \'0\' == tmp.n) ? tmp.n + 1 : tmp.n;\n            if (cn == N + 1) return tmp.step + 1;\n            if (flag[cy][cx] >= cn) continue;\n\n            flag[cy][cx] = cn;\n            Q.push_back({cx, cy, tmp.step + 1, cn}); // Use push_back for deque\n        }\n    }\n    return -1;\n}')"
2025-01-26 13:58:58,576	[INFO]	Step: 40
2025-01-26 13:58:58,576	[INFO]	Stop Steps: 50
2025-01-26 13:58:59,020	[DEBUG]	EXEC>  SUCCESS 2476701.25
2025-01-26 13:58:59,020	[INFO]	3-1     SUCCESS               2476701.25 (28.80%) [2 edit(s)]  
2025-01-26 13:58:59,020	[DEBUG]	patch(3-1)="LineLLMCrossover(('source.cpp', 6), '#include <cstdio>\n#include <cstring>\n#include <queue>\n\n#define MAX_H 1100\n#define MAX_W 1100\n\nstruct status {\n    int x, y, step, n;\n};\n\nint dx[4] = {1, 0, -1, 0};\nint dy[4] = {0, 1, 0, -1};\n\nint H, W, N;\nchar maze[MAX_H][MAX_W];\nint flag[MAX_H][MAX_W] = {0};\nint xs, ys;\nstd::queue<status> Q;\n\nint BFS();\n\nint main() {\n    while (scanf("%d%d%d", &H, &W, &N) == 3) {\n        getchar();\n        for (int i = 0; i < H; i++) {\n            fgets(maze[i], MAX_W, stdin);\n        }\n        for (int j = 0; j < H; j++) {\n            for (int i = 0; i < W; i++) {\n                if (maze[j][i] == \'S\') {\n                    xs = i;\n                    ys = j;\n                    break;\n                }\n            }\n        }\n        printf("%d\\n", BFS());\n    }\n}\n\nint BFS() {\n    while (!Q.empty()) Q.pop();\n    Q.push({xs, ys, 0, 1});\n    while (!Q.empty()) {\n        status tmp = Q.front(); Q.pop();\n        for (int i = 0; i < 4; i++) {\n            int cx = tmp.x + dx[i], cy = tmp.y + dy[i];\n            if (cx < 0 || cx >= W || cy < 0 || cy >= H || maze[cy][cx] == \'X\') continue;\n\n            int cn = (maze[cy][cx] - \'0\' == tmp.n) ? tmp.n + 1 : tmp.n;\n            if (cn == N + 1) return tmp.step + 1;\n            if (flag[cy][cx] >= cn) continue;\n\n            flag[cy][cx] = cn;\n            Q.push({cx, cy, tmp.step + 1, cn});\n        }\n    }\n    return -1;\n}') | LineLLMMutation(('source.cpp', 22), '#include <cstdio>\n#include <cstring>\n#include <vector>\n#include <algorithm>\n\n#define MAX_H 1100\n#define MAX_W 1100\n\nstruct status {\n    int x, y, step, n;\n};\n\nint dx[4] = {1, 0, -1, 0};\nint dy[4] = {0, 1, 0, -1};\n\nint H, W, N;\nchar maze[MAX_H][MAX_W];\nint flag[MAX_H][MAX_W] = {0};\nint xs, ys;\n\nint BFS();\n\nint main() {\n    while (scanf("%d%d%d", &H, &W, &N) == 3) {\n        getchar();\n        for (int i = 0; i < H; i++) {\n            fgets(maze[i], MAX_W, stdin);\n        }\n        for (int j = 0; j < H; j++) {\n            for (int i = 0; i < W; i++) {\n                if (maze[j][i] == \'S\') {\n                    xs = i;\n                    ys = j;\n                    break;\n                }\n            }\n        }\n        printf("%d\\n", BFS());\n    }\n}\n\nint BFS() {\n    std::vector<status> Q;\n    Q.reserve(H * W); // Reserve space to avoid frequent reallocations\n    Q.push_back({xs, ys, 0, 1});\n    \n    while (!Q.empty()) {\n        status tmp = Q.back(); Q.pop_back();\n        for (int i = 0; i < 4; i++) {\n            int cx = tmp.x + dx[i], cy = tmp.y + dy[i];\n            if (cx < 0 || cx >= W || cy < 0 || cy >= H || maze[cy][cx] == \'X\') continue;\n\n            int cn = (maze[cy][cx] - \'0\' == tmp.n) ? tmp.n + 1 : tmp.n;\n            if (cn == N + 1) return tmp.step + 1;\n            if (flag[cy][cx] >= cn) continue;\n\n            flag[cy][cx] = cn;\n            Q.push_back({cx, cy, tmp.step + 1, cn});\n        }\n    }\n    return -1;\n}')"
2025-01-26 13:58:59,020	[INFO]	Step: 41
2025-01-26 13:58:59,021	[INFO]	Stop Steps: 50
2025-01-26 13:58:59,551	[DEBUG]	EXEC>  SUCCESS 8385908.375
2025-01-26 13:58:59,552	[INFO]	3-2     SUCCESS               8385908.38 (97.51%) [4 edit(s)]  
2025-01-26 13:58:59,552	[DEBUG]	patch(3-2)="LineLLMMutation(('source.cpp', 7), '#include <cstdio>\n#include <cstring>\n#include <queue>\n#include <array>\n\n#define MAX_H 1100\n#define MAX_W 1100\n\nstruct status {\n    int x, y, step, n;\n};\n\nint dx[4] = {1, 0, -1, 0};\nint dy[4] = {0, 1, 0, -1};\n\nint H, W, N;\nstd::array<std::array<int, MAX_W>, MAX_H> flag = {};\nchar maze[MAX_H][MAX_W];\nint xs, ys;\nstd::queue<status> Q;\n\nint BFS();\n\nint main() {\n    while (scanf("%d%d%d", &H, &W, &N) == 3) {\n        getchar();\n        for (int i = 0; i < H; i++) {\n            fgets(maze[i], MAX_W, stdin);\n        }\n\n        for (int j = 0; j < H; j++) {\n            for (int i = 0; i < W; i++) {\n                if (maze[j][i] == \'S\') {\n                    xs = i;\n                    ys = j;\n                    break;\n                }\n            }\n        }\n        printf("%d\\n", BFS());\n    }\n}\n\nint BFS() {\n    while (!Q.empty()) Q.pop();\n    Q.push({xs, ys, 0, 1});\n    while (!Q.empty()) {\n        status tmp = Q.front(); Q.pop();\n        for (int i = 0; i < 4; i++) {\n            int cx = tmp.x + dx[i], cy = tmp.y + dy[i];\n            if (cx < 0 || cx >= W || cy < 0 || cy >= H || maze[cy][cx] == \'X\') continue;\n\n            int cn = (maze[cy][cx] - \'0\' == tmp.n) ? tmp.n + 1 : tmp.n;\n            if (cn == N + 1) return tmp.step + 1;\n            if (flag[cy][cx] >= cn) continue;\n\n            flag[cy][cx] = cn;\n            Q.push({cx, cy, tmp.step + 1, cn});\n        }\n    }\n    return -1;\n}') | LineLLMMutation(('source.cpp', 13), '#include <cstdio>\n#include <cstring>\n#include <deque>\n#include <array>\n\n#define MAX_H 1100\n#define MAX_W 1100\n\nstruct status {\n    int x, y, step, n;\n};\n\nint dx[4] = {1, 0, -1, 0};\nint dy[4] = {0, 1, 0, -1};\n\nint H, W, N;\nstd::array<std::array<int, MAX_W>, MAX_H> flag = {};\nchar maze[MAX_H][MAX_W];\nint xs, ys;\nstd::deque<status> Q;\n\nint BFS();\n\nint main() {\n    while (scanf("%d%d%d", &H, &W, &N) == 3) {\n        getchar();\n        for (int i = 0; i < H; i++) {\n            fgets(maze[i], MAX_W, stdin);\n        }\n\n        for (int j = 0; j < H; j++) {\n            for (int i = 0; i < W; i++) {\n                if (maze[j][i] == \'S\') {\n                    xs = i;\n                    ys = j;\n                    break;\n                }\n            }\n        }\n        printf("%d\\n", BFS());\n    }\n}\n\nint BFS() {\n    Q.clear(); // Clear the deque instead of popping all elements\n    Q.push_back({xs, ys, 0, 1});\n    while (!Q.empty()) {\n        status tmp = Q.front(); Q.pop_front(); // Use pop_front for deque\n        for (int i = 0; i < 4; i++) {\n            int cx = tmp.x + dx[i], cy = tmp.y + dy[i];\n            if (cx < 0 || cx >= W || cy < 0 || cy >= H || maze[cy][cx] == \'X\') continue;\n\n            int cn = (maze[cy][cx] - \'0\' == tmp.n) ? tmp.n + 1 : tmp.n;\n            if (cn == N + 1) return tmp.step + 1;\n            if (flag[cy][cx] >= cn) continue;\n\n            flag[cy][cx] = cn;\n            Q.push_back({cx, cy, tmp.step + 1, cn}); // Use push_back for deque\n        }\n    }\n    return -1;\n}') | LineLLMMutation(('source.cpp', 15), '#include <cstdio>\n#include <cstring>\n#include <deque>\n#include <array>\n\n#define MAX_H 1100\n#define MAX_W 1100\n\nstruct status {\n    int x, y, step, n;\n};\n\nint dx[4] = {1, 0, -1, 0};\nint dy[4] = {0, 1, 0, -1};\n\nint H, W, N;\nstd::array<std::array<int, MAX_W>, MAX_H> flag = {};\nchar maze[MAX_H][MAX_W];\nint xs, ys;\nstd::deque<status> Q;\n\nint BFS();\n\nint main() {\n    while (scanf("%d%d%d", &H, &W, &N) == 3) {\n        getchar();\n        for (int i = 0; i < H; i++) {\n            scanf("%s", maze[i]); // Changed from fgets to scanf for improved performance\n        }\n\n        for (int j = 0; j < H; j++) {\n            for (int i = 0; i < W; i++) {\n                if (maze[j][i] == \'S\') {\n                    xs = i;\n                    ys = j;\n                    break;\n                }\n            }\n        }\n        printf("%d\\n", BFS());\n    }\n}\n\nint BFS() {\n    Q.clear();\n    Q.push_back({xs, ys, 0, 1});\n    while (!Q.empty()) {\n        status tmp = Q.front(); Q.pop_front();\n        for (int i = 0; i < 4; i++) {\n            int cx = tmp.x + dx[i], cy = tmp.y + dy[i];\n            if (cx < 0 || cx >= W || cy < 0 || cy >= H || maze[cy][cx] == \'X\') continue;\n\n            int cn = (maze[cy][cx] - \'0\' == tmp.n) ? tmp.n + 1 : tmp.n;\n            if (cn == N + 1) return tmp.step + 1;\n            if (flag[cy][cx] >= cn) continue;\n\n            flag[cy][cx] = cn;\n            Q.push_back({cx, cy, tmp.step + 1, cn});\n        }\n    }\n    return -1;\n}') | LineLLMMutation(('source.cpp', 23), '#include <cstdio>\n#include <cstring>\n#include <deque>\n#include <array>\n#include <vector>\n\n#define MAX_H 1100\n#define MAX_W 1100\n\nstruct status {\n    int x, y, step, n;\n};\n\nint dx[4] = {1, 0, -1, 0};\nint dy[4] = {0, 1, 0, -1};\n\nint H, W, N;\nstd::vector<std::vector<int>> flag(MAX_H, std::vector<int>(MAX_W, 0)); // Use vector for dynamic size\nchar maze[MAX_H][MAX_W];\nint xs, ys;\nstd::deque<status> Q;\n\nint BFS();\n\nint main() {\n    while (scanf("%d%d%d", &H, &W, &N) == 3) {\n        getchar();\n        for (int i = 0; i < H; i++) {\n            scanf("%s", maze[i]);\n        }\n\n        for (int j = 0; j < H; j++) {\n            for (int i = 0; i < W; i++) {\n                if (maze[j][i] == \'S\') {\n                    xs = i;\n                    ys = j;\n                    break;\n                }\n            }\n        }\n        printf("%d\\n", BFS());\n    }\n}\n\nint BFS() {\n    Q.clear();\n    Q.push_back({xs, ys, 0, 1});\n    while (!Q.empty()) {\n        status tmp = Q.front(); Q.pop_front();\n        for (int i = 0; i < 4; i++) {\n            int cx = tmp.x + dx[i], cy = tmp.y + dy[i];\n            if (cx < 0 || cx >= W || cy < 0 || cy >= H || maze[cy][cx] == \'X\') continue;\n\n            int cn = (maze[cy][cx] - \'0\' == tmp.n) ? tmp.n + 1 : tmp.n;\n            if (cn == N + 1) return tmp.step + 1;\n            if (flag[cy][cx] >= cn) continue;\n\n            flag[cy][cx] = cn;\n            Q.push_back({cx, cy, tmp.step + 1, cn});\n        }\n    }\n    return -1;\n}')"
2025-01-26 13:58:59,552	[INFO]	Step: 42
2025-01-26 13:58:59,552	[INFO]	Stop Steps: 50
2025-01-26 13:59:00,217	[DEBUG]	EXEC>  SUCCESS 8788449.125
2025-01-26 13:59:00,218	[INFO]	3-3     SUCCESS               8788449.12 (102.19%) [1 edit(s)]  
2025-01-26 13:59:00,218	[DEBUG]	patch(3-3)="LineLLMMutation(('source.cpp', 24), "#include <cstdlib>\n\n#include <cstdio>\n\n#include <cstring>\n\n#include <cmath>\n\n#include <climits>\n\n#include <queue>\n\n#include <iostream>\n\n#define MAX_H 1100\n\n#define MAX_W 1100\n\nstruct status {\n    int x;\n    int y;\n    int step;\n    int n;\n};\n\nint dx[4] = {1, 0, -1, 0};\nint dy[4] = {0, 1, 0, -1};\n\nint H, W, N;\nchar maze[MAX_H][MAX_W];\nint flag[MAX_H][MAX_W];\nint xs, ys;\nstd::queue<status> Q;\n\nint BFS();\n\nint main(int argc, char* argv[]) {\n    while (std::cin >> H >> W >> N) {\n        std::cin.get();\n        for (int i = 0; i < H; i++)\n            std::cin.getline(maze[i], MAX_W);\n\n        for (int j = 0; j < H; j++)\n            for (int i = 0; i < W; i++)\n                if (maze[j][i] == 'S') {\n                    xs = i;\n                    ys = j;\n                    break;\n                }\n        memset(flag, 0, sizeof(flag));\n        std::cout << BFS() << std::endl;\n    }\n}\n\nint BFS() {\n    while (Q.empty() == false)\n        Q.pop();\n\n    status start;\n    start.x = xs;\n    start.y = ys;\n    start.step = 0;\n    start.n = 1;\n\n    Q.push(start);\n\n    while (Q.empty() == false) {\n        status tmp = Q.front();\n        Q.pop();\n\n        for (int i = 0; i < 4; i++) {\n            int cx = tmp.x + dx[i];\n            int cy = tmp.y + dy[i];\n            int cstep = tmp.step + 1;\n            int cn = tmp.n;\n\n            if (cx < 0 || cx >= W) continue;\n            if (cy < 0 || cy >= H) continue;\n            if (maze[cy][cx] == 'X') continue;\n\n            if ((maze[cy][cx] - '0') == tmp.n)\n                cn = tmp.n + 1;\n            else\n                cn = tmp.n;\n\n            if (cn == N + 1)\n                return cstep;\n\n            if (flag[cy][cx] >= cn) continue;\n\n            flag[cy][cx] = cn;\n\n            status nstatus;\n            nstatus.x = cx;\n            nstatus.y = cy;\n            nstatus.n = cn;\n            nstatus.step = cstep;\n            Q.push(nstatus);\n        }\n    }\n\n    return -1;\n}")"
2025-01-26 13:59:00,218	[INFO]	Step: 43
2025-01-26 13:59:00,218	[INFO]	Stop Steps: 50
2025-01-26 13:59:02,015	[DEBUG]	EXEC>  SUCCESS 8794305.9375
2025-01-26 13:59:02,015	[INFO]	REF     SUCCESS               8794305.94 (--) [0 edit(s)]  
2025-01-26 13:59:02,015	[INFO]	Best patch: 8_10_16
2025-01-26 13:59:02,452	[DEBUG]	EXEC>  SUCCESS 2425970.3125
2025-01-26 13:59:02,452	[INFO]	BEST    SUCCESS              *2425970.31 (27.59%) [0 edit(s)]  
2025-01-26 13:59:02,453	[INFO]	Best patch step: 32
2025-01-26 14:00:36,705	[INFO]	Step: 43
2025-01-26 14:00:36,705	[INFO]	Stop Steps: 50
2025-01-26 14:00:37,274	[DEBUG]	EXEC>  SUCCESS 2556210.3125
2025-01-26 14:00:37,275	[INFO]	4-4     SUCCESS              +2556210.31 (29.07%) [3 edit(s)]  
2025-01-26 14:00:37,275	[DEBUG]	patch(4-4)="LineLLMMutation(('source.cpp', 8), '#include <cstdio>\n#include <cstring>\n#include <queue>\n\n#define MAX_H 1100\n#define MAX_W 1100\n\nstruct status {\n    int x, y, step, n;\n};\n\nint dx[4] = {1, 0, -1, 0};\nint dy[4] = {0, 1, 0, -1};\n\nint H, W, N;\nchar maze[MAX_H][MAX_W];\nint flag[MAX_H][MAX_W] = {0};\nint xs, ys;\nstd::queue<status> Q;\n\nint BFS();\n\nint main() {\n    while (scanf("%d%d%d", &H, &W, &N) == 3) {\n        getchar();\n        for (int i = 0; i < H; i++) {\n            fgets(maze[i], MAX_W, stdin);\n            for (int j = 0; j < W; j++) {\n                if (maze[i][j] == \'S\') {\n                    xs = j;\n                    ys = i;\n                }\n            }\n        }\n        printf("%d\\n", BFS());\n    }\n}\n\nint BFS() {\n    while (!Q.empty()) Q.pop();\n    Q.push({xs, ys, 0, 1});\n    while (!Q.empty()) {\n        status tmp = Q.front(); Q.pop();\n        for (int i = 0; i < 4; i++) {\n            int cx = tmp.x + dx[i], cy = tmp.y + dy[i];\n            if (cx < 0 || cx >= W || cy < 0 || cy >= H || maze[cy][cx] == \'X\') continue;\n\n            int cn = (maze[cy][cx] - \'0\' == tmp.n) ? tmp.n + 1 : tmp.n;\n            if (cn == N + 1) return tmp.step + 1;\n            if (flag[cy][cx] >= cn) continue;\n\n            flag[cy][cx] = cn;\n            Q.push({cx, cy, tmp.step + 1, cn});\n        }\n    }\n    return -1;\n}') | LineLLMMutation(('source.cpp', 10), '#include <cstdio>\n#include <cstring>\n#include <queue>\n\n#define MAX_H 1100\n#define MAX_W 1100\n\nstruct status {\n    int x, y, step, n;\n};\n\nint dx[4] = {1, 0, -1, 0};\nint dy[4] = {0, 1, 0, -1};\n\nint H, W, N;\nchar maze[MAX_H][MAX_W];\nint flag[MAX_H][MAX_W] = {0};\nint xs, ys;\nstd::queue<status> Q;\n\nint BFS();\n\nint main() {\n    while (scanf("%d%d%d", &H, &W, &N) == 3) {\n        for (int i = 0; i < H; i++) {\n            for (int j = 0; j < W; j++) {\n                scanf(" %c", &maze[i][j]); // Using scanf to read the maze character by character\n                if (maze[i][j] == \'S\') {\n                    xs = j;\n                    ys = i;\n                }\n            }\n        }\n        printf("%d\\n", BFS());\n    }\n}\n\nint BFS() {\n    while (!Q.empty()) Q.pop();\n    Q.push({xs, ys, 0, 1});\n    while (!Q.empty()) {\n        status tmp = Q.front(); Q.pop();\n        for (int i = 0; i < 4; i++) {\n            int cx = tmp.x + dx[i], cy = tmp.y + dy[i];\n            if (cx < 0 || cx >= W || cy < 0 || cy >= H || maze[cy][cx] == \'X\') continue;\n\n            int cn = (maze[cy][cx] - \'0\' == tmp.n) ? tmp.n + 1 : tmp.n;\n            if (cn == N + 1) return tmp.step + 1;\n            if (flag[cy][cx] >= cn) continue;\n\n            flag[cy][cx] = cn;\n            Q.push({cx, cy, tmp.step + 1, cn});\n        }\n    }\n    return -1;\n}') | LineLLMMutation(('source.cpp', 16), '#include <cstdio>\n#include <cstring>\n#include <queue>\n#include <vector>\n\n#define MAX_H 1100\n#define MAX_W 1100\n\nstruct status {\n    int x, y, step, n;\n};\n\nint dx[4] = {1, 0, -1, 0};\nint dy[4] = {0, 1, 0, -1};\n\nint H, W, N;\nchar maze[MAX_H][MAX_W];\nint flag[MAX_H][MAX_W] = {0};\nint xs, ys;\nstd::vector<status> Q; // Use vector instead of queue for better performance\n\nint BFS();\n\nint main() {\n    while (scanf("%d%d%d", &H, &W, &N) == 3) {\n        for (int i = 0; i < H; i++) {\n            for (int j = 0; j < W; j++) {\n                scanf(" %c", &maze[i][j]);\n                if (maze[i][j] == \'S\') {\n                    xs = j;\n                    ys = i;\n                }\n            }\n        }\n        printf("%d\\n", BFS());\n    }\n}\n\nint BFS() {\n    Q.clear(); // Clear the vector\n    Q.push_back({xs, ys, 0, 1}); // Push the initial status\n    int front = 0; // Use an index to simulate queue behavior\n    while (front < Q.size()) {\n        status tmp = Q[front++]; // Get the current status\n        for (int i = 0; i < 4; i++) {\n            int cx = tmp.x + dx[i], cy = tmp.y + dy[i];\n            if (cx < 0 || cx >= W || cy < 0 || cy >= H || maze[cy][cx] == \'X\') continue;\n\n            int cn = (maze[cy][cx] - \'0\' == tmp.n) ? tmp.n + 1 : tmp.n;\n            if (cn == N + 1) return tmp.step + 1;\n            if (flag[cy][cx] >= cn) continue;\n\n            flag[cy][cx] = cn;\n            Q.push_back({cx, cy, tmp.step + 1, cn}); // Add new status to the vector\n        }\n    }\n    return -1;\n}')"
2025-01-26 14:00:37,275	[INFO]	Step: 44
2025-01-26 14:00:37,275	[INFO]	Stop Steps: 50
2025-01-26 14:00:37,708	[DEBUG]	EXEC>  SUCCESS 2504352.3125
2025-01-26 14:00:37,708	[INFO]	4-5     SUCCESS              +2504352.31 (28.48%) [1 edit(s)]  
2025-01-26 14:00:37,708	[DEBUG]	patch(4-5)="LineLLMCrossover(('source.cpp', 11), '#include <cstdio>\n#include <cstring>\n#include <deque>\n#include <array>\n\n#define MAX_H 1100\n#define MAX_W 1100\n\nstruct status {\n    int x, y, step, n;\n};\n\nint dx[4] = {1, 0, -1, 0};\nint dy[4] = {0, 1, 0, -1};\n\nint H, W, N;\nstd::array<std::array<int, MAX_W>, MAX_H> flag = {};\nchar maze[MAX_H][MAX_W];\nint xs, ys;\nstd::deque<status> Q;\n\nint BFS();\n\nint main() {\n    while (scanf("%d%d%d", &H, &W, &N) == 3) {\n        for (int i = 0; i < H; i++) {\n            scanf("%s", maze[i]);\n        }\n        for (int j = 0; j < H; j++) {\n            for (int i = 0; i < W; i++) {\n                if (maze[j][i] == \'S\') {\n                    xs = i;\n                    ys = j;\n                    break;\n                }\n            }\n        }\n        printf("%d\\n", BFS());\n    }\n}\n\nint BFS() {\n    Q.clear();\n    Q.push_back({xs, ys, 0, 1});\n    while (!Q.empty()) {\n        status tmp = Q.front(); Q.pop_front();\n        for (int i = 0; i < 4; i++) {\n            int cx = tmp.x + dx[i], cy = tmp.y + dy[i];\n            if (cx < 0 || cx >= W || cy < 0 || cy >= H || maze[cy][cx] == \'X\') continue;\n\n            int cn = (maze[cy][cx] - \'0\' == tmp.n) ? tmp.n + 1 : tmp.n;\n            if (cn == N + 1) return tmp.step + 1;\n            if (flag[cy][cx] >= cn) continue;\n\n            flag[cy][cx] = cn;\n            Q.push_back({cx, cy, tmp.step + 1, cn});\n        }\n    }\n    return -1;\n}')"
2025-01-26 14:00:37,709	[INFO]	Step: 45
2025-01-26 14:00:37,709	[INFO]	Stop Steps: 50
2025-01-26 14:00:38,164	[DEBUG]	EXEC>  SUCCESS 2484472.875
2025-01-26 14:00:38,164	[INFO]	4-6     SUCCESS              +2484472.88 (28.25%) [1 edit(s)]  
2025-01-26 14:00:38,164	[DEBUG]	patch(4-6)="LineLLMCrossover(('source.cpp', 12), '#include <cstdio>\n#include <cstring>\n#include <vector>\n#include <algorithm>\n\n#define MAX_H 1100\n#define MAX_W 1100\n\nstruct status {\n    int x, y, step, n;\n};\n\nint dx[4] = {1, 0, -1, 0};\nint dy[4] = {0, 1, 0, -1};\n\nint H, W, N;\nchar maze[MAX_H][MAX_W];\nint flag[MAX_H][MAX_W] = {0};\nint xs, ys;\n\nint BFS();\n\nint main() {\n    while (scanf("%d%d%d", &H, &W, &N) == 3) {\n        getchar();\n        for (int i = 0; i < H; i++) {\n            fgets(maze[i], MAX_W, stdin);\n        }\n        for (int j = 0; j < H; j++) {\n            for (int i = 0; i < W; i++) {\n                if (maze[j][i] == \'S\') {\n                    xs = i;\n                    ys = j;\n                    break;\n                }\n            }\n        }\n        printf("%d\\n", BFS());\n    }\n}\n\nint BFS() {\n    std::vector<status> Q;\n    Q.reserve(H * W);\n    Q.push_back({xs, ys, 0, 1});\n    \n    while (!Q.empty()) {\n        status tmp = Q.back(); Q.pop_back();\n        for (int i = 0; i < 4; i++) {\n            int cx = tmp.x + dx[i], cy = tmp.y + dy[i];\n            if (cx < 0 || cx >= W || cy < 0 || cy >= H || maze[cy][cx] == \'X\') continue;\n\n            int cn = (maze[cy][cx] - \'0\' == tmp.n) ? tmp.n + 1 : tmp.n;\n            if (cn == N + 1) return tmp.step + 1;\n            if (flag[cy][cx] >= cn) continue;\n\n            flag[cy][cx] = cn;\n            Q.push_back({cx, cy, tmp.step + 1, cn});\n        }\n    }\n    return -1;\n}')"
2025-01-26 14:00:38,164	[INFO]	Step: 46
2025-01-26 14:00:38,164	[INFO]	Stop Steps: 50
2025-01-26 14:00:38,608	[DEBUG]	EXEC>  SUCCESS 2478176.625
2025-01-26 14:00:38,608	[INFO]	4-7     SUCCESS              +2478176.62 (28.18%) [1 edit(s)]  
2025-01-26 14:00:38,609	[DEBUG]	patch(4-7)="LineLLMCrossover(('source.cpp', 13), '#include <cstdio>\n#include <cstring>\n#include <deque>\n#include <array>\n\n#define MAX_H 1100\n#define MAX_W 1100\n\nstruct status {\n    int x, y, step, n;\n};\n\nint dx[4] = {1, 0, -1, 0};\nint dy[4] = {0, 1, 0, -1};\n\nint H, W, N;\nstd::array<std::array<int, MAX_W>, MAX_H> flag = {};\nchar maze[MAX_H][MAX_W];\nint xs, ys;\nstd::deque<status> Q;\n\nint BFS();\n\nint main() {\n    while (scanf("%d%d%d", &H, &W, &N) == 3) {\n        for (int i = 0; i < H; i++) {\n            scanf("%s", maze[i]);\n        }\n        for (int j = 0; j < H; j++) {\n            for (int i = 0; i < W; i++) {\n                if (maze[j][i] == \'S\') {\n                    xs = i;\n                    ys = j;\n                    break;\n                }\n            }\n        }\n        printf("%d\\n", BFS());\n    }\n}\n\nint BFS() {\n    Q.clear();\n    Q.push_back({xs, ys, 0, 1});\n    while (!Q.empty()) {\n        status tmp = Q.front(); Q.pop_front();\n        for (int i = 0; i < 4; i++) {\n            int cx = tmp.x + dx[i], cy = tmp.y + dy[i];\n            if (cx < 0 || cx >= W || cy < 0 || cy >= H || maze[cy][cx] == \'X\') continue;\n\n            int cn = (maze[cy][cx] - \'0\' == tmp.n) ? tmp.n + 1 : tmp.n;\n            if (cn == N + 1) return tmp.step + 1;\n            if (flag[cy][cx] >= cn) continue;\n\n            flag[cy][cx] = cn;\n            Q.push_back({cx, cy, tmp.step + 1, cn});\n        }\n    }\n    return -1;\n}')"
2025-01-26 14:00:38,609	[INFO]	Step: 47
2025-01-26 14:00:38,609	[INFO]	Stop Steps: 50
2025-01-26 14:00:39,044	[DEBUG]	EXEC>  SUCCESS 2461011.875
2025-01-26 14:00:39,044	[INFO]	4-8     SUCCESS              +2461011.88 (27.98%) [1 edit(s)]  
2025-01-26 14:00:39,044	[DEBUG]	patch(4-8)="LineLLMCrossover(('source.cpp', 14), '#include <cstdio>\n#include <cstring>\n#include <deque>\n\n#define MAX_H 1100\n#define MAX_W 1100\n\nstruct status {\n    int x, y, step, n;\n};\n\nint dx[4] = {1, 0, -1, 0};\nint dy[4] = {0, 1, 0, -1};\n\nint H, W, N;\nchar maze[MAX_H][MAX_W];\nint flag[MAX_H][MAX_W] = {0};\nint xs, ys;\nstd::deque<status> Q;\n\nint BFS();\n\nint main() {\n    while (scanf("%d%d%d", &H, &W, &N) == 3) {\n        for (int i = 0; i < H; i++) {\n            for (int j = 0; j < W; j++) {\n                scanf(" %c", &maze[i][j]);\n                if (maze[i][j] == \'S\') {\n                    xs = j;\n                    ys = i;\n                }\n            }\n        }\n        printf("%d\\n", BFS());\n    }\n}\n\nint BFS() {\n    Q.clear();\n    Q.push_back({xs, ys, 0, 1});\n    while (!Q.empty()) {\n        status tmp = Q.front(); Q.pop_front();\n        for (int i = 0; i < 4; i++) {\n            int cx = tmp.x + dx[i], cy = tmp.y + dy[i];\n            if (cx < 0 || cx >= W || cy < 0 || cy >= H || maze[cy][cx] == \'X\') continue;\n\n            int cn = (maze[cy][cx] - \'0\' == tmp.n) ? tmp.n + 1 : tmp.n;\n            if (cn == N + 1) return tmp.step + 1;\n            if (flag[cy][cx] >= cn) continue;\n\n            flag[cy][cx] = cn;\n            Q.push_back({cx, cy, tmp.step + 1, cn});\n        }\n    }\n    return -1;\n}')"
2025-01-26 14:00:39,044	[INFO]	Step: 48
2025-01-26 14:00:39,044	[INFO]	Stop Steps: 50
2025-01-26 14:00:39,484	[DEBUG]	EXEC>  SUCCESS 2485707.5
2025-01-26 14:00:39,484	[INFO]	4-9     SUCCESS               2485707.50 (28.26%) [1 edit(s)]  
2025-01-26 14:00:39,485	[DEBUG]	patch(4-9)="LineLLMCrossover(('source.cpp', 15), '#include <cstdio>\n#include <cstring>\n#include <deque>\n#include <array>\n\n#define MAX_H 1100\n#define MAX_W 1100\n\nstruct status {\n    int x, y, step, n;\n};\n\nint dx[4] = {1, 0, -1, 0};\nint dy[4] = {0, 1, 0, -1};\n\nint H, W, N;\nstd::array<std::array<int, MAX_W>, MAX_H> flag = {};\nchar maze[MAX_H][MAX_W];\nint xs, ys;\nstd::deque<status> Q;\n\nint BFS();\n\nint main() {\n    while (scanf("%d%d%d", &H, &W, &N) == 3) {\n        getchar();\n        for (int i = 0; i < H; i++) {\n            fgets(maze[i], MAX_W, stdin);\n        }\n        for (int j = 0; j < H; j++) {\n            for (int i = 0; i < W; i++) {\n                if (maze[j][i] == \'S\') {\n                    xs = i;\n                    ys = j;\n                    break;\n                }\n            }\n        }\n        printf("%d\\n", BFS());\n    }\n}\n\nint BFS() {\n    Q.clear();\n    Q.push_back({xs, ys, 0, 1});\n    while (!Q.empty()) {\n        status tmp = Q.front(); Q.pop_front();\n        for (int i = 0; i < 4; i++) {\n            int cx = tmp.x + dx[i], cy = tmp.y + dy[i];\n            if (cx < 0 || cx >= W || cy < 0 || cy >= H || maze[cy][cx] == \'X\') continue;\n\n            int cn = (maze[cy][cx] - \'0\' == tmp.n) ? tmp.n + 1 : tmp.n;\n            if (cn == N + 1) return tmp.step + 1;\n            if (flag[cy][cx] >= cn) continue;\n\n            flag[cy][cx] = cn;\n            Q.push_back({cx, cy, tmp.step + 1, cn});\n        }\n    }\n    return -1;\n}')"
2025-01-26 14:00:39,485	[INFO]	Step: 49
2025-01-26 14:00:39,485	[INFO]	Stop Steps: 50
2025-01-26 14:00:39,872	[DEBUG]	EXEC>  SUCCESS 1003992.9375
2025-01-26 14:00:39,872	[INFO]	4-10    SUCCESS              *1003992.94 (11.42%) [4 edit(s)]  
2025-01-26 14:00:39,872	[DEBUG]	patch(4-10)="LineLLMMutation(('source.cpp', 8), '#include <cstdio>\n#include <cstring>\n#include <queue>\n\n#define MAX_H 1100\n#define MAX_W 1100\n\nstruct status {\n    int x, y, step, n;\n};\n\nint dx[4] = {1, 0, -1, 0};\nint dy[4] = {0, 1, 0, -1};\n\nint H, W, N;\nchar maze[MAX_H][MAX_W];\nint flag[MAX_H][MAX_W] = {0};\nint xs, ys;\nstd::queue<status> Q;\n\nint BFS();\n\nint main() {\n    while (scanf("%d%d%d", &H, &W, &N) == 3) {\n        getchar();\n        for (int i = 0; i < H; i++) {\n            fgets(maze[i], MAX_W, stdin);\n            for (int j = 0; j < W; j++) {\n                if (maze[i][j] == \'S\') {\n                    xs = j;\n                    ys = i;\n                }\n            }\n        }\n        printf("%d\\n", BFS());\n    }\n}\n\nint BFS() {\n    while (!Q.empty()) Q.pop();\n    Q.push({xs, ys, 0, 1});\n    while (!Q.empty()) {\n        status tmp = Q.front(); Q.pop();\n        for (int i = 0; i < 4; i++) {\n            int cx = tmp.x + dx[i], cy = tmp.y + dy[i];\n            if (cx < 0 || cx >= W || cy < 0 || cy >= H || maze[cy][cx] == \'X\') continue;\n\n            int cn = (maze[cy][cx] - \'0\' == tmp.n) ? tmp.n + 1 : tmp.n;\n            if (cn == N + 1) return tmp.step + 1;\n            if (flag[cy][cx] >= cn) continue;\n\n            flag[cy][cx] = cn;\n            Q.push({cx, cy, tmp.step + 1, cn});\n        }\n    }\n    return -1;\n}') | LineLLMMutation(('source.cpp', 10), '#include <cstdio>\n#include <cstring>\n#include <queue>\n\n#define MAX_H 1100\n#define MAX_W 1100\n\nstruct status {\n    int x, y, step, n;\n};\n\nint dx[4] = {1, 0, -1, 0};\nint dy[4] = {0, 1, 0, -1};\n\nint H, W, N;\nchar maze[MAX_H][MAX_W];\nint flag[MAX_H][MAX_W] = {0};\nint xs, ys;\nstd::queue<status> Q;\n\nint BFS();\n\nint main() {\n    while (scanf("%d%d%d", &H, &W, &N) == 3) {\n        for (int i = 0; i < H; i++) {\n            for (int j = 0; j < W; j++) {\n                scanf(" %c", &maze[i][j]); // Using scanf to read the maze character by character\n                if (maze[i][j] == \'S\') {\n                    xs = j;\n                    ys = i;\n                }\n            }\n        }\n        printf("%d\\n", BFS());\n    }\n}\n\nint BFS() {\n    while (!Q.empty()) Q.pop();\n    Q.push({xs, ys, 0, 1});\n    while (!Q.empty()) {\n        status tmp = Q.front(); Q.pop();\n        for (int i = 0; i < 4; i++) {\n            int cx = tmp.x + dx[i], cy = tmp.y + dy[i];\n            if (cx < 0 || cx >= W || cy < 0 || cy >= H || maze[cy][cx] == \'X\') continue;\n\n            int cn = (maze[cy][cx] - \'0\' == tmp.n) ? tmp.n + 1 : tmp.n;\n            if (cn == N + 1) return tmp.step + 1;\n            if (flag[cy][cx] >= cn) continue;\n\n            flag[cy][cx] = cn;\n            Q.push({cx, cy, tmp.step + 1, cn});\n        }\n    }\n    return -1;\n}') | LineLLMMutation(('source.cpp', 16), '#include <cstdio>\n#include <cstring>\n#include <queue>\n#include <vector>\n\n#define MAX_H 1100\n#define MAX_W 1100\n\nstruct status {\n    int x, y, step, n;\n};\n\nint dx[4] = {1, 0, -1, 0};\nint dy[4] = {0, 1, 0, -1};\n\nint H, W, N;\nchar maze[MAX_H][MAX_W];\nint flag[MAX_H][MAX_W] = {0};\nint xs, ys;\nstd::vector<status> Q; // Use vector instead of queue for better performance\n\nint BFS();\n\nint main() {\n    while (scanf("%d%d%d", &H, &W, &N) == 3) {\n        for (int i = 0; i < H; i++) {\n            for (int j = 0; j < W; j++) {\n                scanf(" %c", &maze[i][j]);\n                if (maze[i][j] == \'S\') {\n                    xs = j;\n                    ys = i;\n                }\n            }\n        }\n        printf("%d\\n", BFS());\n    }\n}\n\nint BFS() {\n    Q.clear(); // Clear the vector\n    Q.push_back({xs, ys, 0, 1}); // Push the initial status\n    int front = 0; // Use an index to simulate queue behavior\n    while (front < Q.size()) {\n        status tmp = Q[front++]; // Get the current status\n        for (int i = 0; i < 4; i++) {\n            int cx = tmp.x + dx[i], cy = tmp.y + dy[i];\n            if (cx < 0 || cx >= W || cy < 0 || cy >= H || maze[cy][cx] == \'X\') continue;\n\n            int cn = (maze[cy][cx] - \'0\' == tmp.n) ? tmp.n + 1 : tmp.n;\n            if (cn == N + 1) return tmp.step + 1;\n            if (flag[cy][cx] >= cn) continue;\n\n            flag[cy][cx] = cn;\n            Q.push_back({cx, cy, tmp.step + 1, cn}); // Add new status to the vector\n        }\n    }\n    return -1;\n}') | LineLLMMutation(('source.cpp', 25), '#include <cstdio>\n#include <cstring>\n#include <queue>\n#include <vector>\n\n#define MAX_H 1100\n#define MAX_W 1100\n#define MAX_Q 1000000 // Define a maximum size for the queue\n\nstruct status {\n    int x, y, step, n;\n};\n\nint dx[4] = {1, 0, -1, 0};\nint dy[4] = {0, 1, 0, -1};\n\nint H, W, N;\nchar maze[MAX_H][MAX_W];\nint flag[MAX_H][MAX_W] = {0};\nint xs, ys;\nstatus Q[MAX_Q]; // Use a static array for the queue\nint front, back;\n\nint BFS();\n\nint main() {\n    while (scanf("%d%d%d", &H, &W, &N) == 3) {\n        for (int i = 0; i < H; i++) {\n            for (int j = 0; j < W; j++) {\n                scanf(" %c", &maze[i][j]);\n                if (maze[i][j] == \'S\') {\n                    xs = j;\n                    ys = i;\n                }\n            }\n        }\n        printf("%d\\n", BFS());\n    }\n}\n\nint BFS() {\n    front = 0; // Initialize front\n    back = 0; // Initialize back\n    Q[back++] = {xs, ys, 0, 1}; // Push the initial status\n    while (front < back) {\n        status tmp = Q[front++]; // Get the current status\n        for (int i = 0; i < 4; i++) {\n            int cx = tmp.x + dx[i], cy = tmp.y + dy[i];\n            if (cx < 0 || cx >= W || cy < 0 || cy >= H || maze[cy][cx] == \'X\') continue;\n\n            int cn = (maze[cy][cx] - \'0\' == tmp.n) ? tmp.n + 1 : tmp.n;\n            if (cn == N + 1) return tmp.step + 1;\n            if (flag[cy][cx] >= cn) continue;\n\n            flag[cy][cx] = cn;\n            Q[back++] = {cx, cy, tmp.step + 1, cn}; // Add new status to the array\n        }\n    }\n    return -1;\n}')"

2025-01-26 14:00:39,873	[INFO]	Step: 50
2025-01-26 14:00:39,873	[INFO]	Stop Steps: 50
2025-01-26 14:00:39,873	[INFO]	(Abstract Algorithm) Stopping Condition: step budget
2025-01-26 14:00:39,873	[INFO]	Step: 50
2025-01-26 14:00:39,873	[INFO]	Stop Steps: 50
2025-01-26 14:00:41,108	[INFO]	~~~~ END ~~~~
2025-01-26 14:00:41,108	[INFO]	Best patch step: 49
2025-01-26 14:00:41,108	[INFO]	
2025-01-26 14:00:41,108	[INFO]	==== REPORT ====
2025-01-26 14:00:41,108	[INFO]	Termination: step budget
2025-01-26 14:00:41,108	[INFO]	Log file: /home/ubuntu/eoc/magpie2/_magpie_logs/0173_1737899530.log
2025-01-26 14:00:41,108	[INFO]	Patch file: _magpie_logs/0173_1737899530.patch
2025-01-26 14:00:41,108	[INFO]	Diff file: _magpie_logs/0173_1737899530.diff
2025-01-26 14:00:41,108	[INFO]	Reference fitness: 8794305.94
2025-01-26 14:00:41,108	[INFO]	Best fitness: 1003992.94
2025-01-26 14:00:41,108	[INFO]	
2025-01-26 14:00:41,109	[INFO]	==== BEST PATCH ====
LineLLMMutation(('source.cpp', 8), '#include <cstdio>\n#include <cstring>\n#include <queue>\n\n#define MAX_H 1100\n#define MAX_W 1100\n\nstruct status {\n    int x, y, step, n;\n};\n\nint dx[4] = {1, 0, -1, 0};\nint dy[4] = {0, 1, 0, -1};\n\nint H, W, N;\nchar maze[MAX_H][MAX_W];\nint flag[MAX_H][MAX_W] = {0};\nint xs, ys;\nstd::queue<status> Q;\n\nint BFS();\n\nint main() {\n    while (scanf("%d%d%d", &H, &W, &N) == 3) {\n        getchar();\n        for (int i = 0; i < H; i++) {\n            fgets(maze[i], MAX_W, stdin);\n            for (int j = 0; j < W; j++) {\n                if (maze[i][j] == \'S\') {\n                    xs = j;\n                    ys = i;\n                }\n            }\n        }\n        printf("%d\\n", BFS());\n    }\n}\n\nint BFS() {\n    while (!Q.empty()) Q.pop();\n    Q.push({xs, ys, 0, 1});\n    while (!Q.empty()) {\n        status tmp = Q.front(); Q.pop();\n        for (int i = 0; i < 4; i++) {\n            int cx = tmp.x + dx[i], cy = tmp.y + dy[i];\n            if (cx < 0 || cx >= W || cy < 0 || cy >= H || maze[cy][cx] == \'X\') continue;\n\n            int cn = (maze[cy][cx] - \'0\' == tmp.n) ? tmp.n + 1 : tmp.n;\n            if (cn == N + 1) return tmp.step + 1;\n            if (flag[cy][cx] >= cn) continue;\n\n            flag[cy][cx] = cn;\n            Q.push({cx, cy, tmp.step + 1, cn});\n        }\n    }\n    return -1;\n}') + LineLLMMutation(('source.cpp', 10), '#include <cstdio>\n#include <cstring>\n#include <queue>\n\n#define MAX_H 1100\n#define MAX_W 1100\n\nstruct status {\n    int x, y, step, n;\n};\n\nint dx[4] = {1, 0, -1, 0};\nint dy[4] = {0, 1, 0, -1};\n\nint H, W, N;\nchar maze[MAX_H][MAX_W];\nint flag[MAX_H][MAX_W] = {0};\nint xs, ys;\nstd::queue<status> Q;\n\nint BFS();\n\nint main() {\n    while (scanf("%d%d%d", &H, &W, &N) == 3) {\n        for (int i = 0; i < H; i++) {\n            for (int j = 0; j < W; j++) {\n                scanf(" %c", &maze[i][j]); // Using scanf to read the maze character by character\n                if (maze[i][j] == \'S\') {\n                    xs = j;\n                    ys = i;\n                }\n            }\n        }\n        printf("%d\\n", BFS());\n    }\n}\n\nint BFS() {\n    while (!Q.empty()) Q.pop();\n    Q.push({xs, ys, 0, 1});\n    while (!Q.empty()) {\n        status tmp = Q.front(); Q.pop();\n        for (int i = 0; i < 4; i++) {\n            int cx = tmp.x + dx[i], cy = tmp.y + dy[i];\n            if (cx < 0 || cx >= W || cy < 0 || cy >= H || maze[cy][cx] == \'X\') continue;\n\n            int cn = (maze[cy][cx] - \'0\' == tmp.n) ? tmp.n + 1 : tmp.n;\n            if (cn == N + 1) return tmp.step + 1;\n            if (flag[cy][cx] >= cn) continue;\n\n            flag[cy][cx] = cn;\n            Q.push({cx, cy, tmp.step + 1, cn});\n        }\n    }\n    return -1;\n}') + LineLLMMutation(('source.cpp', 16), '#include <cstdio>\n#include <cstring>\n#include <queue>\n#include <vector>\n\n#define MAX_H 1100\n#define MAX_W 1100\n\nstruct status {\n    int x, y, step, n;\n};\n\nint dx[4] = {1, 0, -1, 0};\nint dy[4] = {0, 1, 0, -1};\n\nint H, W, N;\nchar maze[MAX_H][MAX_W];\nint flag[MAX_H][MAX_W] = {0};\nint xs, ys;\nstd::vector<status> Q; // Use vector instead of queue for better performance\n\nint BFS();\n\nint main() {\n    while (scanf("%d%d%d", &H, &W, &N) == 3) {\n        for (int i = 0; i < H; i++) {\n            for (int j = 0; j < W; j++) {\n                scanf(" %c", &maze[i][j]);\n                if (maze[i][j] == \'S\') {\n                    xs = j;\n                    ys = i;\n                }\n            }\n        }\n        printf("%d\\n", BFS());\n    }\n}\n\nint BFS() {\n    Q.clear(); // Clear the vector\n    Q.push_back({xs, ys, 0, 1}); // Push the initial status\n    int front = 0; // Use an index to simulate queue behavior\n    while (front < Q.size()) {\n        status tmp = Q[front++]; // Get the current status\n        for (int i = 0; i < 4; i++) {\n            int cx = tmp.x + dx[i], cy = tmp.y + dy[i];\n            if (cx < 0 || cx >= W || cy < 0 || cy >= H || maze[cy][cx] == \'X\') continue;\n\n            int cn = (maze[cy][cx] - \'0\' == tmp.n) ? tmp.n + 1 : tmp.n;\n            if (cn == N + 1) return tmp.step + 1;\n            if (flag[cy][cx] >= cn) continue;\n\n            flag[cy][cx] = cn;\n            Q.push_back({cx, cy, tmp.step + 1, cn}); // Add new status to the vector\n        }\n    }\n    return -1;\n}') + LineLLMMutation(('source.cpp', 25), '#include <cstdio>\n#include <cstring>\n#include <queue>\n#include <vector>\n\n#define MAX_H 1100\n#define MAX_W 1100\n#define MAX_Q 1000000 // Define a maximum size for the queue\n\nstruct status {\n    int x, y, step, n;\n};\n\nint dx[4] = {1, 0, -1, 0};\nint dy[4] = {0, 1, 0, -1};\n\nint H, W, N;\nchar maze[MAX_H][MAX_W];\nint flag[MAX_H][MAX_W] = {0};\nint xs, ys;\nstatus Q[MAX_Q]; // Use a static array for the queue\nint front, back;\n\nint BFS();\n\nint main() {\n    while (scanf("%d%d%d", &H, &W, &N) == 3) {\n        for (int i = 0; i < H; i++) {\n            for (int j = 0; j < W; j++) {\n                scanf(" %c", &maze[i][j]);\n                if (maze[i][j] == \'S\') {\n                    xs = j;\n                    ys = i;\n                }\n            }\n        }\n        printf("%d\\n", BFS());\n    }\n}\n\nint BFS() {\n    front = 0; // Initialize front\n    back = 0; // Initialize back\n    Q[back++] = {xs, ys, 0, 1}; // Push the initial status\n    while (front < back) {\n        status tmp = Q[front++]; // Get the current status\n        for (int i = 0; i < 4; i++) {\n            int cx = tmp.x + dx[i], cy = tmp.y + dy[i];\n            if (cx < 0 || cx >= W || cy < 0 || cy >= H || maze[cy][cx] == \'X\') continue;\n\n            int cn = (maze[cy][cx] - \'0\' == tmp.n) ? tmp.n + 1 : tmp.n;\n            if (cn == N + 1) return tmp.step + 1;\n            if (flag[cy][cx] >= cn) continue;\n\n            flag[cy][cx] = cn;\n            Q[back++] = {cx, cy, tmp.step + 1, cn}; // Add new status to the array\n        }\n    }\n    return -1;\n}')
2025-01-26 14:00:41,109	[INFO]	
2025-01-26 14:00:41,109	[INFO]	==== DIFF ====

