index,llm_prob,reference_time,new_code_time,new_code,experiment_id
0001,1.0,2471206.5,953115.6875,#import <iostream>\n\n#import <sstream>\n\nusing namespace std;\n\n\n\nvoid problemOne(){\n\n      int a;\n\n      int b;\n\n      while (cin >> a >> b){\n\n            int sum = a + b;\n\n            int intLength = 0;\n\n            while (sum != 0) {\n\n                  sum /= 10;\n\n                  intLength += 1;\n\n            }\n\n            cout << intLength << endl;\n\n      }\n\n}\n\n\n\nint main(){\n\n      problemOne();\n\n},4.0
0002,1.0,2421819.5625,959545.1875,"#include <iostream>\n\n#include <cstdio>\n\n#include <algorithm>\n\n\n\nusing namespace std;\n\n\n\nint main()\n\n{\n\n    long long int num1 , num2, gcd , res, lcm;\n\n    while(scanf(""%lld%lld"",&num1,&num2)!=EOF){\n\n\n\n        res = num1 * num2 ;\n\n        while(num1 != num2){\n\n            if(num1 > num2)\n\n                num1 = num1 - num2 ;\n\n            else\n\n                num2 = num2 - num1 ;\n\n        }\n\n        gcd = num1 ;\n\n        lcm = res / gcd ;\n\n         printf(""%lld %lld\n"", gcd, lcm);\n\n    }\n\n    return 0;\n\n}",1.0
0003,1.0,4031911.9375,2996575.875,"#include<stdio.h>\n\n#include<math.h>\n\nbool flag[1000000];\n\nint main(void)\n\n{\n\n	long long i,j,p,n,count;\n\n	p = (long long)sqrt(1000000.0);\n\n	for(i = 3; i <= p; i = i + 2)\n\n	{\n\n		if(flag[i] == false)\n\n		{\n\n			for(j = i * i; j <= 1000000; j = j + 2 * i)\n\n			{\n\n				flag[j] = true;\n\n				\n\n			}\n\n		}\n\n	}\n\n		\n\n	while((scanf(""%lld"",&n)) != EOF)\n\n	{\n\n		\n\n		if(n == 1 || n == 0)\n\n			count = 0;\n\n		else\n\n		{\n\n			count = 1;\n\n			for(i = 3; i <= n; i = i + 2)\n\n			{\n\n				if(flag[i] == false)\n\n					count++;\n\n			}\n\n		}\n\n		printf(""%lld\n"",count);\n\n	}\n\n	\n\n\n\n		\n\n	return 0;\n\n}",1.0
0008,1.0,2503442.5,942125.0,"#include<iostream>\n\n#include<vector>\n\n#include<algorithm>\n\nusing namespace std;\n\n\n\nint main(){\n\n  vector<int> v,s(10001);\n\n  int a,b,n,o=0;\n\n  while(cin>>b){\n\n    fill(s.begin(),s.end(),0);\n\n    o =0;\n\n    if(b==0) break;\n\n    else{\n\n    for(int i=0;i<b;i++){\n\n      cin>>a;\n\n      v.push_back(a);\n\n    }\n\n    for(int i = 0; i < b; i++){\n\n      int sum = 0;\n\n      for(int j = i; j < b; j++){\n\n	sum += v[j];\n\n	s.push_back(sum);\n\n      }\n\n    } \n\n\n\n\n\n  int d = *max_element(s.begin(),s.end());\n\n  cout<<d<<endl;\n\n    }\n\n    s.clear(),v.clear();\n\n  }\n\n}",0.0
0009,1.0,2408095.375,942568.75,"#include""stdc++.h""\n\nusing namespace std;\n\n\n\nint a[20];\n\n\n\nbool check(int x)\n\n{\n\n	int pre = 0;\n\n	for (int i = 0; i < 10; i++) if (x & (1 << i))\n\n	{\n\n		if (a[i] < pre) return false;\n\n		pre = a[i];\n\n	}\n\n	return true;\n\n}\n\n\n\nbool dfs(int i, int x, int pre)\n\n{\n\n	if (i == 10)\n\n	{\n\n		return check(x);\n\n	}\n\n	bool temp = false;\n\n	if (a[i] > pre) temp = dfs(i + 1, x, a[i]);\n\n	return temp || dfs(i + 1, x | (1 << i), pre);\n\n}\n\n\n\nint main()\n\n{\n\n	int T;\n\n	cin >> T;\n\n	while (T--)\n\n	{\n\n		for (int i = 0; i < 10; i++) scanf(""%d"", &a[i]);\n\n		printf(""%s\n"", dfs(1, 0, a[0]) ? ""YES"" : ""NO"");\n\n	}\n\n	return 0;\n\n}",0.0
0012,1.0,3534201.9375,2684746.875,"#include<iostream>\n\n#include<string>\n\n#include<algorithm>\n\n#include<map>\n\n#include<set>\n\n#include<utility>\n\n#include<vector>\n\n#include<cmath>\n\n#include<cstdio>\n\n#define loop(i,a,b) for(int i=a;i<b;i++) \n\n#define rep(i,a) loop(i,0,a)\n\n#define pb push_back\n\n#define mp make_pair\n\n#define it ::iterator\n\n#define all(in) in.begin(),in.end()\n\nconst double PI=acos(-1);\n\nconst double ESP=1e-10;\n\nusing namespace std;\n\nint main(){\n\n  int n;\n\n  cin>>n;\n\n  rep(i,n){\n\n    string s;\n\n    string ans;\n\n    bool han=false;\n\n    if(i==0)getline(cin,s);\n\n    getline(cin,s);\n\n    rep(a,27){\n\n      rep(b,27){\n\n	string tmp=s;\n\n	rep(j,tmp.size())if(isalpha(tmp[j]))tmp[j]=(a*(tmp[j]-'a')+b)%26+'a';\n\n	rep(j,tmp.size()-3){\n\n	  if(tmp.substr(j,4)==""this""){ans=tmp;han=true;}\n\n	  if(tmp.substr(j,4)==""that""){ans=tmp;han=true;}\n\n	}\n\n	if(han==true)break;\n\n      }\n\n      if(han==true)break;\n\n    }\n\n    cout<<ans<<endl;\n\n  }\n\n\n\n\n\n}",0.0
0014,1.0,7762520.4375,2372075.9375,"#include <iostream>\n\n#include <cstdio>\n\n#include <cmath>\n\n#include <cstdlib>\n\n#include <map>\n\n#include <set>\n\n#include <queue>\n\n#include <algorithm>\n\n#include <cstring>\n\n#include <cmath>\n\n#include <sstream>\n\n#include <vector>\n\n#include <string>\n\n#include <iomanip>\n\n#include <bitset>\n\n#define INF	100000000\n\n#define pb	push_back\n\n#define fi first\n\n#define sec second\n\n#define SS stringstream\n\nusing namespace std;\n\ntypedef pair<int, int> P;\n\ntypedef long long int	ll;\n\n\n\nint w, n;\n\nint t = 0;\n\nint dp[1001][1001];\n\nvector<P> vec;\n\n\n\nint rec(int i, int j){\n\n	if(dp[i][j] >= 0) return dp[i][j];\n\n	int res;\n\n	if(i == n) res = 0;\n\n	else if(j < vec[i].sec) res = rec(i+1, j);\n\n	else res = max(rec(i+1, j), rec(i+1, j-vec[i].sec)+vec[i].fi);\n\n	return dp[i][j] = res;\n\n}\n\n\n\nint main(){\n\n	while(scanf(""%d"", &w)){\n\n		t++;\n\n		if(w == 0) break;\n\n		memset(dp, -1, sizeof(dp));\n\n		scanf(""%d"", &n);\n\n		for(int i = 0; i < n; i++){\n\n			int temp1, temp2;\n\n			char trash;\n\n			scanf(""%d%c%d"", &temp1, &trash, &temp2);\n\n			vec.pb(P(temp1, temp2));\n\n		}\n\n		printf(""Case %d:\n"", t);\n\n		printf(""%d\n"", rec(0, w));\n\n		for(int i = 1; i <= w; i++){\n\n			if(rec(0, w-i) != rec(0,w)){\n\n				printf(""%d\n"", w-i+1);\n\n				break;\n\n			}\n\n		}\n\n		vec.clear();\n\n	}\n\n}",0.0
0019,1.0,7100891.8125,6968498.8125,"#include<cstdio>\n\n\n\nusing namespace std;\n\n\n\nint n,s;\n\nint memo[1024][1000];\n\n\n\nint search(int stat,int sum,int dep){\n\n	if(dep==n)	return memo[stat][sum]=(s==sum);\n\n	if(~memo[stat][sum])	return memo[stat][sum];\n\n//	if(sum>s)	return 0;\n\n\n\n	int cnt=0;\n\n	for(int i=0;i<10;i++){\n\n		if((stat&(1<<i))==0){\n\n			stat|=1<<i;\n\n			cnt+=search(stat,sum+i*(n-dep),dep+1);\n\n			stat&=~(1<<i);\n\n		}\n\n	}\n\n	return memo[stat][sum]=cnt;\n\n}\n\n\n\nint main(){\n\n	for(;~scanf(""%d%d"",&n,&s);){\n\n		for(int i=0;i<1024;i++)for(int j=0;j<1000;j++)	memo[i][j]=-1;\n\n		if(n>10 || s>=1000){\n\n			puts(""0"");\n\n			continue;\n\n		}\n\n		printf(""%d\n"",search(0,0,0));\n\n	}\n\n	return 0;\n\n}",0.0
0021,1.0,15406098.25,2387570.4375,"#include<cstdio>\n\n#include<iostream>\n\n\n\n#define INF 2100000000\n\n\n\nusing namespace std;\n\n\n\nint minix(int a,int b,int c){\n\n	if(b>=a && c>=a){\n\n		return a;\n\n	}\n\n	if(a>=b && c>=b){\n\n		return b;\n\n	}\n\n	if(b>=c && a>=c){\n\n		return c;\n\n	}\n\n}\n\n\n\nint main(){\n\n	int n;\n\n	int masu[1002][1002];\n\n	int ura[1002][1002];\n\n	char str[1002];\n\n	while(1){\n\n		for(int i=0;i<=1001;i++){\n\n			for(int j=0;j<=1001;j++){\n\n				masu[i][j]=0;\n\n			}\n\n		}\n\n		scanf(""%d"",&n);\n\n		if(n==0){\n\n			break;\n\n		}\n\n		for(int i=1;i<=n;i++){\n\n			scanf(""%s"",str);\n\n			for(int j=1;j<=n;j++){\n\n				if(str[j-1]=='.'){\n\n					ura[i][j]=0;\n\n				}else{\n\n					ura[i][j]=1;\n\n				}\n\n			}\n\n		}\n\n		\n\n		int maxi=0;\n\n		for(int i=1;i<=n;i++){\n\n			for(int j=1;j<=n;j++){\n\n				if(ura[i][j]==0){\n\n					masu[i][j]=minix(masu[i-1][j],masu[i][j-1],masu[i-1][j-1])+1;\n\n					maxi=max(masu[i][j],maxi);\n\n				}\n\n			}\n\n		}\n\n		\n\n		printf(""%d\n"",maxi);\n\n	}\n\n}",0.0
0022,1.0,8770424.0625,2409968.75,"#include<iostream>\n\n#include<cstring>\n\n#include<algorithm>\n\nusing namespace std;\n\n\n\nint n;\n\nint s[1001][1024];\n\nint calc(int y,int x,int n){\n\n	int a,b,c,d;\n\n	n--;\n\n	a=s[y-1][x-1];\n\n	b=s[y-1][x+n];\n\n	c=s[y+n][x-1];\n\n	d=s[y+n][x+n];\n\n	return d-c-b+a;\n\n}\n\nint main(){\n\n	while(cin>>n,n){\n\n		memset(s,0,sizeof(s));\n\n		for(int i=1;i<=n;i++){\n\n			for(int j=1;j<=n;j++){\n\n				char c;\n\n				cin>>c;\n\n				s[i][j] = (c=='*')+s[i-1][j]+s[i][j-1]-s[i-1][j-1];\n\n			}\n\n		}\n\n		int ans=0;\n\n		for(int i=1;i<=n;i++){\n\n			for(int j=1;j<=n;j++){\n\n				int lb=0,ub=n-max(i,j)+2;\n\n				while(ub-lb>1){\n\n					int m=(lb+ub)/2;\n\n					if(calc(i,j,m))ub=m;\n\n					else lb=m;\n\n				}\n\n				ans=max(ans,lb);\n\n			}\n\n		}\n\n		cout<<ans<<endl;\n\n	}\n\n	return 0;\n\n}",0.0
0025,1.0,2548942.8125,2411524.625,"#include <iostream>\n\n#include <map>\n\n#include <vector>\n\nusing namespace std;\n\n\n\nint main(){\n\n	int n,a,b;\n\n	bool flag;\n\n	string number;\n\n	map<string,int> info;\n\n	vector<string> seq;\n\n	\n\n	while(cin >> n && n){\n\n		info.clear();\n\n		seq.clear();\n\n		while(n--){\n\n			cin >> number >> a >> b;\n\n			if(!info[number])seq.push_back(number);\n\n			while(b-- && info[number]<1000000){\n\n				info[number] += a;\n\n			}\n\n		}\n\n		flag = true;\n\n		for(int i=0;i<seq.size();i++){\n\n			if(info[seq[i]]>=1000000){\n\n				flag = false;\n\n				cout << seq[i] << endl;\n\n			}\n\n		}\n\n		if(flag)cout << ""NA"" << endl;\n\n	}\n\n}",0.0
0028,1.0,2358026.5625,948995.0625,#include<list>\n\n#include<iostream>\n\nusing namespace std;\n\nint main(){\n\n  int i;\n\n  int n;\n\n  long long c;\n\n  for(;;){\n\n    cin>>n;\n\n    if(n==0)\n\n      break;\n\n    list<int> t;\n\n    c=0;\n\n    for(i=0;i<n;i++){\n\n      int tmp;\n\n      cin>>tmp;\n\n      t.push_back(tmp);\n\n    }\n\n    t.sort();\n\n    list<int>::iterator it=t.begin();\n\n    for(i=0;i<n-1;i++){\n\n      c+=(*it)*(n-i-1);\n\n      it++;\n\n    }\n\n    cout<<c<<endl;\n\n  }\n\n  return 0;\n\n},0.0
0029,1.0,2444288.5,2444288.5,"#include <iostream>\n\n#include <cstdio>\n\n#include <cstring>\n\nusing namespace std;\n\n\n\nlong long int gcd(long long int a, long long int b){\n\n	if(b == 0)return a;\n\n	return gcd(b,a % b);\n\n}\n\n\n\nlong long int lcm(long long int a, long long int b){\n\n	return a * b / gcd(a,b);\n\n}\n\n\n\nint main(){\n\n	long long int a[3], m[3], p[3] = {1,1,1}, c[3] = {0};\n\n	while(1){\n\n		memset(c,0,sizeof(c));\n\n		cin >> a[0] >> m[0] >> a[1] >> m[1] >> a[2] >> m[2];\n\n		if(!a[0])break;\n\n		for(int i=0;i<3;i++){\n\n			do{\n\n			p[i] = (a[i] * p[i]) % m[i];\n\n			//cout << ""Turn "" << c[i] << "": "" << p[i] << endl;\n\n			c[i] += 1;\n\n			}while(p[i] != 1);\n\n		}\n\n		//cout << c[0] << c[1] << c[2] << endl;\n\n		//int gcd = rec(c[0],rec(c[1],c[2])),\n\n		//lcm = rec(c[0],gcd) * rec(c[1],gcd) * rec(c[2],gcd) * gcd;\n\n			//cout << gcd << "" "" << lcm << endl;\n\n		cout << lcm(lcm(c[0],c[1]),c[2]) << endl;\n\n	}\n\n	return 0;\n\n}",0.0
0031,1.0,3685423.5,2639345.125,"#include<iostream>\n\n#include<vector>\n\n#include<sstream>\n\n#include<cmath>\n\n\n\nusing namespace std;\n\n\n\nconst int MAX = 13;\n\nvector<double> Cake;\n\ndouble box;\n\ndouble dp[(1<<MAX)][MAX];\n\n\n\nvoid init(){\n\n  Cake.clear();\n\n  fill(dp[0],dp[0]+(1<<MAX)*MAX,100000000);\n\n  dp[0][0] = 0;\n\n}\n\n\n\nvoid make(){\n\n  string s;\n\n  getline(cin,s);\n\n  stringstream ss(s);\n\n  double num;\n\n  while(ss >> num) Cake.push_back(num);\n\n}\n\n\n\nvoid solve(){\n\n\n\n\n\n  for(int i = 0; i < (1<<Cake.size()); i++)\n\n    for(int j = 0; j < (int)Cake.size(); j++){\n\n      if(i == 0) {dp[(1<<j)][j] = Cake[j]; continue;}\n\n      for(int k = 0; k < (int)Cake.size(); k++)\n\n	if(!(i&(1<<k)) && j != k){\n\n	  dp[i+(1<<k)][k] = min(dp[i+(1<<k)][k],dp[i][j]+2.0*sqrt(Cake[j]*Cake[k]));\n\n	  //	  if(dp[i][j] == 0) cout << ""error"" << endl;\n\n	}\n\n    }\n\n\n\n  for(int i = 0; i < (int)Cake.size(); i++){\n\n    //    cout << ""cake "" << Cake[i] << endl;\n\n    //cout << dp[(1<<Cake.size())-1][i]+Cake[i] << endl;\n\n    if(dp[(1<<Cake.size())-1][i]+Cake[i] <= box) {cout << ""OK"" << endl;return;}\n\n  }\n\n  cout << ""NA"" << endl;\n\n}\n\n\n\nint main(){\n\n\n\n  while(cin >> box){\n\n    init();\n\n    make();\n\n    solve();\n\n  }\n\n  return 0;\n\n}",0.0
0032,1.0,3910861.4375,961548.5,"#include<iostream>\n\nusing namespace std;\n\nint t[10][10],u[10][10],ans[10][10],n,flg;\n\nint compute();\n\nvoid dfs(int);\n\nvoid change(int,int);\n\nint main(){\n\n  cin>>n;\n\n  while(n--){\n\n    flg=0;\n\n    for(int i=0;i<10;i++){\n\n      for(int j=0;j<10;j++){\n\n	cin>>t[i][j];\n\n	ans[i][j]=0;\n\n      }\n\n    }\n\n    dfs(0);\n\n  }\n\n  return 0;\n\n}\n\nvoid dfs(int x){\n\n  if(x==10){\n\n    /*\n\n    for(int i=0;i<10;i++)cout<<ans[0][i];\n\n    cout<<endl;\n\n    */\n\n    \n\n    if(compute()){\n\n      for(int i=0;i<10;i++){\n\n	for(int j=0;j<10;j++){\n\n	  if(j)cout<<' ';\n\n	  cout<<ans[i][j];\n\n	}\n\n	cout<<endl;\n\n      }\n\n    }\n\n    \n\n    return;\n\n  }\n\n  ans[0][x]=0;\n\n  dfs(x+1);\n\n  ans[0][x]=1;\n\n  dfs(x+1);\n\n}\n\n\n\nint compute(){\n\n  for(int i=0;i<10;i++){\n\n    for(int j=0;j<10;j++){\n\n      u[i][j]=t[i][j];\n\n      if(i)ans[i][j]=0;\n\n    }\n\n  }\n\n\n\n  for(int i=0;i<10;i++){\n\n    if(ans[0][i])change(0,i);\n\n  }\n\n\n\n  for(int i=1;i<10;i++){\n\n    for(int j=0;j<10;j++){\n\n      if(u[i-1][j]){\n\n	ans[i][j]=1;\n\n	change(i,j);\n\n      }\n\n    }\n\n  }\n\n  for(int i=0;i<10;i++){\n\n    if(u[9][i])return 0;\n\n  }\n\n  return 1;\n\n}\n\n\n\nvoid change(int y,int x){\n\n  u[y][x]=!u[y][x];\n\n  if(y>0)u[y-1][x]=!u[y-1][x];\n\n  if(x>0)u[y][x-1]=!u[y][x-1];\n\n  if(y<9)u[y+1][x]=!u[y+1][x];\n\n  if(x<9)u[y][x+1]=!u[y][x+1];\n\n}",0.0
0033,1.0,2381229.25,934299.1875,"#include <vector>\n\n#include <algorithm>\n\n#include <string>\n\n#include <map>\n\n#include <set>\n\n#include <queue>\n\n#include <cstring>\n\n#include <deque>\n\n#include <cstdio>\n\n#include <cmath>\n\n\n\nusing namespace std;\n\n\n\n#define reep(i,f,t) for(int i=f ; i<int(t) ; ++i)\n\n#define rep(i,n) reep(i, 0, n) \n\n\n\ntypedef vector<int> vi;\n\ntypedef vector<vi> vvi;\n\ntypedef pair<int,int> pii;\n\n\n\nint main()\n\n{\n\n	int n;\n\n	while(scanf(""%d"", &n), n){\n\n		vi nums(n, 0);\n\n		reep(i, 1, n)\n\n			nums[(i*i)%n] |= 1;\n\n		reep(i, 1, (n+1)/2){\n\n			int sum = 0;\n\n			rep(j, n)\n\n				sum += nums[j] & nums[(j+i)%n];\n\n			printf(""%d\n"", sum * 2);\n\n		}\n\n	}\n\n	\n\n	return 0;\n\n}",0.0
0036,1.0,1035210.375,996770.25,"#include ""stdio.h""\n\nconst int MAX_V = 10000; // 1????????§????´???°??¨?????????\n\nint prime[MAX_V+1]; // 1????´???°,0????´???°??§?????????\n\nint main() {\n\n    int i, k, n;\n\n    for(i = 2; i <= MAX_V; i++){\n\n        prime[i] = 1; // 2??\???????´???°??¨??????\n\n    }\n\n    for(i = 2; i * i <= MAX_V; i++) {\n\n        if(prime[i]) {\n\n            for(k = 2 * i; k <= MAX_V; k += i) {\n\n                prime[k] = 0; // ?´???°???2?????\???????????°????´???°??§?????????\n\n            }\n\n        }\n\n    }\n\n   while (1) {\n\n        scanf(""%d"",&n);\n\n        if (n == 0)break;\n\n//        while(scanf(""%d"", &n) != 0) {\n\n        int p1 = 0,q1 = 0;\n\n        for(i = n;3 <= i;i--){\n\n            if(prime[i] == 1 && prime[i-2] == 1){  //??????????´???°\n\n                q1 = i;\n\n                p1 = i-2;\n\n                break;\n\n            }\n\n        }\n\n        printf(""%d %d\n"",p1,q1);//for?????????????????????\n\n    }\n\n    return 0;\n\n}\n\n//????¨??????¨????????????????????????",0.0
0037,1.0,1034439.3125,972903.875,"#include <stdio.h>\n\n\n\nint main() {\n\n    int i, k, v,an1,an2,suu;\n\n    int MAX_V = 10000;\n\n    int prime[MAX_V+1];\n\n    for(i = 0; i <= MAX_V; i++) {\n\n        prime[i] = 1;\n\n    }\n\n    for(i = 2; i*i <= MAX_V; i++) {\n\n        if(prime[i]) {\n\n            for(k = 2 * i; k <= MAX_V; k += i) {\n\n                prime[k] = 0;   \n\n            } \n\n        }\n\n    }\n\n   while(1){\n\n        scanf(""%d"",&suu);\n\n        if(suu != 0){\n\n            for(k=2;k<=suu;k++){\n\n            	if(prime[k-2]==1 && prime[k]==1){\n\n        	    	an1=k-2;\n\n        	    	an2=k;\n\n            	}\n\n            }\n\n            printf(""%d %d\n"",an1,an2);\n\n        }\n\n        else{\n\n    	    break;\n\n        }\n\n    }\n\n    return 0; \n\n}",0.0
0038,1.0,1046390.5625,974524.0625,"#include <stdio.h>\n\nconst int MAX_V = 10000; // 1????????§????´???°??¨?????????\n\n\n\nint main() {\n\n	int i, k, n, p, q;\n\n	int prime[MAX_V+1]; // 1????´???°???0????´???°??§?????????\n\n	for(i = 2; i <= MAX_V; i++) {\n\n		prime[i] = 1; // 2??\???????´???°??¨??????\n\n	}\n\n	for(i = 2; i*i <= MAX_V; i++) {\n\n		if(prime[i]) {\n\n			for(k = 2 * i; k <= MAX_V; k += i) {\n\n				prime[k] = 0; // ?´???°???2?????\???????????°????´???°??§?????????\n\n			}\n\n		}\n\n	}\n\n	//?´???°??¨fin\n\n	//while(scanf(""%d"",&n) != 0){\n\n	while(1){\n\n		scanf(""%d"",&n);\n\n		if(n==0)break;\n\n		for(i=n;i>=3;i--){//???????????¨????´???°????????????\n\n			if(prime[i] == 1 && prime[i-2] == 1){\n\n				p = i;\n\n				q = p-2;\n\n				break;\n\n			}\n\n		}\n\n	// 	ans[a]=i; a++;\n\n	// 	ans[a]=i-2; a++;\n\n	// }\n\n	// for(i=0;i<=a;i=i+2){\n\n	// 	printf(""%d %d\n"",ans[i],ans[i+1]);\n\n	// }\n\n		printf(""%d %d\n"",q,p);\n\n	}\n\n	return 0;\n\n}",0.0
0040,1.0,2071342.125,2058241.8125,"#include<stdio.h>\n\n#include<map>\n\n#include<algorithm>\n\nusing namespace std;\n\ntypedef pair<int,int> P;\n\nP mt[200];\n\nint dp[1000][201];//hでn個のときのrの最小値\n\nint min(int a,int b){return a<b?a:b;}\n\nint max(int a,int b){return a>b?a:b;}\n\nint main(){\n\n	int n,m;\n\n	int i,j,k;\n\n	while(1){\n\n	scanf(""%d"",&n);\n\n	if(n==0)return 0;\n\n	for(i=0;i<n;i++){\n\n		int a,b;\n\n		scanf(""%d %d"",&a,&b);\n\n		mt[i]=P(a,b);\n\n	}\n\n	scanf(""%d"",&m);\n\n	for(i=0;i<m;i++){\n\n		int a,b;\n\n		scanf(""%d %d"",&a,&b);\n\n		mt[n+i]=P(a,b);\n\n	}\n\n	sort(mt,mt+m+n);\n\n	for(i=0;i<1000;i++)for(j=0;j<=m+n;j++)dp[i][j]=1000;\n\n	for(i=0;i<m+n;i++){\n\n		int h=mt[i].first;\n\n		int r=mt[i].second;\n\n		dp[h][1]=min(dp[h][1],r);\n\n		for(j=0;j<h;j++){\n\n			for(k=0;k<m+n;k++){\n\n				if(r>dp[j][k])dp[h][k+1]=min(dp[h][k+1],r);\n\n			}\n\n		}\n\n	}\n\n	int ans=0;\n\n	for(i=0;i<1000;i++)for(j=0;j<=m+n;j++){\n\n		if(dp[i][j]!=1000)ans=max(ans,j);\n\n	}\n\n	printf(""%d\n"",ans);\n\n	}\n\n}",0.0
0041,1.0,2628002.125,2415172.25,"#include <iostream>\n\n#include <vector>\n\n\n\nusing namespace std;\n\n\n\nint main() {\n\n	int n;\n\n	while ( cin >> n, n ) {\n\n		vector<int> h(n), r(n);\n\n		for (int i = 0; i < n; ++i) {\n\n			cin >> h[i] >> r[i];\n\n		}\n\n		int M; cin >> M;\n\n		h.resize(n+M);\n\n		r.resize(n+M);\n\n		for (int i = 0; i < M; ++i) {\n\n			cin >> h[n+i] >> r[n+i];\n\n		}\n\n		n += M;\n\n\n\n		int m[200][200] = {0};\n\n		for (int i = 0; i < n; ++i) {\n\n			for (int j = 0; j < n; ++j) {\n\n				if (h[i] < h[j] && r[i] < r[j]) {\n\n					m[i][j] = -1;\n\n				}\n\n			}\n\n		}\n\n		int ans = 0;\n\n		for (int k = 0; k < n; ++k) for (int i = 0; i < n; ++i) for (int j = 0; j < n; ++j) {\n\n			if (m[i][k] && m[k][j]) {\n\n				m[i][j] = min(m[i][j], m[i][k] + m[k][j]);\n\n			}\n\n			ans = min(ans, m[i][j]);\n\n		}\n\n		cout << (-ans + 1) << endl;\n\n	}\n\n}",0.0
0042,1.0,2413566.3125,980450.1875,"#include<iostream>\n\n#include<algorithm>\n\nusing namespace std;\n\n#define MAX 1000000\n\nint n;\n\n\n\npair<int, int> T[MAX];\n\n\n\nmain(){\n\n    int id, m, s;\n\n    while( cin >> n && n ){\n\n	for ( int i = 0; i < n; i++ ){\n\n	    cin >> id;\n\n	    int sum = 0;\n\n	    for ( int j = 0; j < 4; j++ ){\n\n		cin >> m >> s;\n\n		sum += m*60 + s;\n\n	    }\n\n	    T[i] = make_pair(sum, id);\n\n	}\n\n	sort( T, T + n );\n\n\n\n	cout << T[0].second << endl;\n\n	cout << T[1].second << endl;\n\n	cout << T[n-2].second << endl;\n\n    }\n\n}",0.0
0043,1.0,20421632.75,2378808.875,#include<iostream>\n\nusing namespace std;\n\n\n\nclass Answer\n\n{\n\npublic:\n\n	Answer(){day = 10; year = 365;}\n\n	\n\n	int N;	//??\???\n\n	int day;\n\n	int year;\n\n	unsigned long long count(int cnt);	//??¨??¢?´¢(???)\n\n	void set();	//??\???\n\n	void OutPut();	//???????????????\n\n	\n\n	bool empty();	//???????????¶?????????\n\n	bool ans();	//?§£???\n\n};\n\n\n\nunsigned long long Answer::count(int cnt)\n\n{\n\n	if( cnt < 0)\n\n		return 0;\n\n	\n\n	else if(cnt == 0)\n\n		return 1;\n\n	\n\n	return count(cnt - 1) + count(cnt - 2) + count(cnt - 3);\n\n}\n\n\n\nvoid Answer::OutPut()\n\n{\n\n	if( N == 0 )\n\n		return;\n\n	int ans_ = 1;	//??????????????´???\n\n	ans_ += (count( N )) / (day * year);	//??\???\n\n	\n\n	cout << ans_ << endl;;\n\n}\n\n\n\nvoid Answer::set()\n\n{\n\n	cin >> N;\n\n}\n\n\n\nbool Answer::empty()\n\n{\n\n	if( N == 0 )return false;\n\n	else return true;\n\n}\n\n\n\nbool Answer::ans()\n\n{\n\n	set();\n\n	OutPut();\n\n	return empty();\n\n}\n\n\n\nint main()\n\n{\n\n	Answer ans;\n\n\n\n	while( ans.ans() );\n\n	return 0;\n\n},0.0
0044,1.0,31310874.375,2346034.1875,"#include <iostream>\n\n#include <string>\n\n#include <algorithm>\n\n#include <stack>\n\n#include <queue>\n\nusing namespace std;\n\n\n\nint func(int kaidan,int now){\n\n	int a=0,b=0,c=0;\n\n	\n\n	if(now==kaidan){\n\n		return 1;\n\n	}else if(now>kaidan){\n\n		return 0;\n\n		}else{\n\n		a+=func(kaidan,now+1);\n\n		b+=func(kaidan,now+2);	\n\n		c+=func(kaidan,now+3);\n\n		}\n\n	\n\n	return a+b+c;\n\n	\n\n}\n\n\n\nint main(){\n\n	int n,ans;\n\n\n\n	while(cin>>n){\n\n		if(n==0)break;\n\n		ans=func(n,0);\n\n		cout<<ans/10/365+1<<endl;\n\n		\n\n		\n\n		\n\n	}\n\n	\n\n	\n\n	return 0;\n\n}",0.0
0045,1.0,32698540.0625,938650.4375,"#include <iostream>\n\nusing namespace std;\n\nint n;\n\nint saiki(int ima)\n\n{\n\n	if(ima == n)\n\n		return 1;\n\n	if(ima > n)\n\n		return 0;\n\n\n\n	int res = 0;\n\n	res += saiki(ima + 1) + saiki(ima + 2) + saiki(ima + 3);\n\n	return res;\n\n}\n\n\n\nint main() {\n\n	while (true){\n\n		cin >> n;\n\n		if (n == 0)\n\n			break;\n\n		\n\n		int ans,a;\n\n		ans = saiki(0);\n\n		a = ans;\n\n		ans /= 3650;\n\n		a %= 3650;\n\n		if( a == 0 )\n\n		{\n\n			cout << ans << endl;\n\n		}\n\n		else if( a != 0 )\n\n		{\n\n			ans++;\n\n			cout << ans << endl;\n\n			\n\n		}\n\n	}\n\n}",0.0
0046,1.0,23619163.4375,2361718.875,"#include <iostream>\n\n#include <iomanip>\n\n#include <sstream>\n\n#include <cstdio>\n\n#include <cstdlib>\n\n#include <cmath>\n\n#include <climits>\n\n#include <string>\n\n#include <vector>\n\n#include <stack>\n\n#include <queue>\n\n#include <set>\n\n#include <map>\n\n#include <algorithm>\n\n#include <functional>\n\n\n\nusing namespace std;\n\n\n\ntypedef vector<int> VI;\n\ntypedef vector<VI> VVI;\n\ntypedef vector<string> VS;\n\ntypedef pair<int,int> PII;\n\ntypedef long long ll;\n\ntypedef unsigned long long ull;\n\n\n\n#define REP( i, m, n ) for ( int i = (int)( m ); i < (int)( n ); i++ )\n\n#define UREP( i, m, n ) for ( unsigned int i = (unsigned int)( m ); i < (unsigned int)( n ); i++ )\n\n\n\n#define ITER( c ) __typeof( (c).begin() )\n\n#define IREP( c, it ) for ( ITER(c) it = c.begin(); it != c.end(); ++it )\n\n#define ALL( c ) (c).begin(), (c).end()\n\n#define RALL( c ) (c).rbegin(), (c).rend()\n\n\n\n#define PB( n ) push_back( n )\n\n#define MP( a, b ) make_pair( ( a ), ( b ) )\n\n#define EXIST( c, e ) ( (c).find( e ) != (c).end() )\n\n\n\n#define fst first\n\n#define snd second\n\n\n\n#define DUMP( x ) cerr << #x << "" = "" << ( x ) << endl\n\n#define DEBUG( x ) cerr << __FILE__ << "":"" << __LINE__ << "": "" << #x << "" = "" << ( x ) << endl\n\n\n\nVI memo;\n\n\n\nint solve( int n )\n\n{\n\n	if ( n == 0 )\n\n	{\n\n		return 1;\n\n	}\n\n	else if ( n < 0 )\n\n	{\n\n		return 0;\n\n	}\n\n\n\n	if ( memo[n] != -1 )\n\n	{\n\n		return memo[n];\n\n	}\n\n\n\n	return solve( n - 1 ) + solve( n - 2 ) + solve( n - 3 );\n\n}\n\n\n\nint main()\n\n{\n\n	while ( true )\n\n	{\n\n		int n;\n\n		cin >> n;\n\n\n\n		if ( n == 0 )\n\n		{\n\n			break;\n\n		}\n\n\n\n		memo.resize( n + 1 );\n\n		fill( ALL( memo ), -1 );\n\n\n\n		cout << solve( n ) / 3650 + 1 << endl;\n\n	}\n\n\n\n	return 0;\n\n}",0.0
0047,1.0,2471685.5625,2301858.25,"#include <cstdio>\n\n#include <cfloat>\n\nusing namespace std;\n\n\n\nchar f[10][21];\n\nint n, w[10], s[10], a[10], b[10];\n\nbool u[10];\n\ndouble maxg;\n\n\n\nvoid dfs(int x, int tw, int m, double g) {\n\n  if (m == n) {\n\n    if (maxg < g) {\n\n      maxg = g;\n\n      for (int i=0; i<n; i++) {\n\n        b[i] = a[i];\n\n      }\n\n    }\n\n    return;\n\n  }\n\n  if (x>=n) {\n\n    return;\n\n  }\n\n  if (!u[x] && tw <= s[x]) {\n\n    u[x] = true;\n\n    tw += w[x];\n\n    a[m] = x;\n\n    dfs(0, tw, m+1, g + w[x]*(m+1));\n\n    tw -= w[x];\n\n    u[x] = false;\n\n  }\n\n  dfs(x+1, tw, m, g);\n\n}\n\n\n\nint main() {\n\n  while (1) {\n\n    scanf(""%d"", &n);\n\n    if (!n) break;\n\n    for (int i=0; i<n; i++) {\n\n      scanf(""%s %d %d"", f[i], &w[i], &s[i]);\n\n    }\n\n    for (int i=0; i<n; i++) {\n\n      u[i] = false;\n\n    }\n\n    maxg = -DBL_MAX;\n\n    dfs(0, 0, 0, 0.);\n\n    for (int i=n-1; i>=0; i--) {\n\n      printf(""%s\n"", f[b[i]]);\n\n    }\n\n  }\n\n  return 0;\n\n}",0.0
0048,1.0,3918383.75,3518286.1875,"#include <iostream>\n\n#include <sstream>\n\n#include <iomanip>\n\n#include <algorithm>\n\n#include <cmath>\n\n#include <string>\n\n#include <vector>\n\n#include <list>\n\n#include <queue>\n\n#include <stack>\n\n#include <set>\n\n#include <map>\n\n#include <bitset>\n\n#include <numeric>\n\n#include <climits>\n\n#include <cfloat>\n\nusing namespace std;\n\n\n\nint n;\n\nvector<int> w, s;\n\nvector<bool> used;\n\nvector<int> bestIndex;\n\nint bestG;\n\n\n\nvoid solve(int k, vector<int>& index, int g, int sumW)\n\n{\n\n    if(k == n){\n\n        if(g < bestG){\n\n            bestG = g;\n\n            bestIndex = index;\n\n        }\n\n        return;\n\n    }\n\n\n\n    for(int i=0; i<n; ++i){\n\n        if(used[i])\n\n            continue;\n\n        used[i] = true;\n\n        if(s[i] >= sumW){\n\n            index[k] = i;\n\n            solve(k+1, index, g+(n-k)*w[i], sumW+w[i]);\n\n        }\n\n        used[i] = false;\n\n    }\n\n}\n\n\n\nint main()\n\n{\n\n    for(;;){\n\n        cin >> n;\n\n        if(n == 0)\n\n            return 0;\n\n\n\n        vector<string> name(n);\n\n        w.resize(n);\n\n        s.resize(n);\n\n        for(int i=0; i<n; ++i)\n\n            cin >> name[i] >> w[i] >> s[i];\n\n\n\n        bestG = INT_MAX;\n\n        used.assign(n, false);\n\n        vector<int> index(n);\n\n        solve(0, index, 0, 0);\n\n        for(int i=n-1; i>=0; --i)\n\n            cout << name[bestIndex[i]] << endl;\n\n    }\n\n}",0.0
0049,1.0,14137183.375,12376613.875,"#include<iostream>\n\n#include<cstdio>\n\n#include<cstring>\n\n#include<cstdlib>\n\n#include<cmath>\n\n#include<cctype>\n\n#include<queue>\n\n#include<vector>\n\n#include<algorithm>\n\n\n\nusing namespace std;\n\ntypedef long long LL;\n\n#define N 2010\n\n#define INF 0x3f3f3f\n\n\n\nint n;\n\nint maps[N][N];\n\nint dist[N], vis[N];\n\n\n\nvoid Init(int m)\n\n{\n\n    for(int i=0; i<=m; i++)\n\n        for(int j=0; j<=m; j++)\n\n        maps[i][j]=i==j ? 0 : INF;\n\n}\n\n\n\nvoid dij(int s, int m)\n\n{\n\n    for(int i=0; i<=m; i++)\n\n        dist[i]=maps[s][i];\n\n    memset(vis, 0, sizeof(vis));\n\n    vis[s]=1;\n\n\n\n    for(int i=0; i<=m; i++)\n\n    {\n\n        int Min=INF, index=-1;\n\n        for(int j=0; j<=m; j++)\n\n        {\n\n            if(!vis[j]&&dist[j]<Min)\n\n            {\n\n                Min=dist[j];\n\n                index=j;\n\n            }\n\n        }\n\n        if(index==-1) continue;\n\n        vis[index]=1;\n\n        for(int j=0; j<=m; j++)\n\n        {\n\n            if(!vis[j]&&dist[j]>Min+maps[index][j])\n\n                dist[j]=Min+maps[index][j];\n\n        }\n\n    }\n\n}\n\n\n\nint main()\n\n{\n\n    int a, b, c, Max, index, sum;\n\n    while(scanf(""%d"", &n), n)\n\n    {\n\n        Init(1100);\n\n        Max=-1;\n\n        for(int i=1; i<=n; i++)\n\n        {\n\n            scanf(""%d%d%d"", &a, &b, &c);\n\n            maps[a][b]=maps[b][a]=min(maps[a][b], c);\n\n            Max=max(Max, a);\n\n            Max=max(Max, b);\n\n        }\n\n        int s;\n\n        sum=INF;\n\n        for(int i=0; i<=Max; i++)\n\n        {\n\n            dij(i, Max);\n\n            s=0;\n\n            for(int j=0; j<=Max; j++)\n\n                s+=dist[j];\n\n            if(s<sum)\n\n            {\n\n                index=i;\n\n                sum=s;\n\n            }\n\n        }\n\n        printf(""%d %d\n"", index, sum);\n\n    }\n\n    return 0;\n\n}",0.0
0050,1.0,2751595.125,2445229.0,"#include ""bits/stdc++.h""\n\nusing namespace std;\n\ntypedef long long ll;\n\ntypedef pair<int,int> pii;\n\n#define rep(i,n) for(ll i=0;i<(ll)(n);i++)\n\n#define all(a)  (a).begin(),(a).end()\n\n#define pb push_back\n\n#define INF 999999999\n\n\n\nint main(){\n\n    double g[110][110];\n\n    rep(i,110)rep(j,110)g[i][j]=-1;\n\n    int n,m;\n\n    while(cin>>n>>m){\n\n        if(n==0&&m==0)break;\n\n        rep(i,n){\n\n            rep(j,n){\n\n                cin>>g[i][j];\n\n            }\n\n        }\n\n    \n\n    \n\n        double dp[110][110];\n\n        rep(i,110)rep(j,110)dp[i][j] = -1;\n\n        rep(i,n)dp[1][i]=1.0;\n\n    \n\n        for(int i=2;i<=m;i++){\n\n            for(int j=0;j<n;j++){\n\n                for(int k=0;k<n;k++){\n\n                    dp[i][j] = max(dp[i][j],dp[i-1][k]*g[k][j]);\n\n                }\n\n            }\n\n        }\n\n        double ans = -1;\n\n        rep(i,n){\n\n            ans = max(ans,dp[m][i]);\n\n        }\n\n        printf(""%.2lf\n"",ans);\n\n    }\n\n}",0.0
0051,1.0,3128551.625,2805506.875,"#include <iostream>\n\n#include <queue>\n\nusing namespace std;\n\n#define rep(i,n) for(int i=0;i<n;i++)\n\ntypedef pair<pair<int,int>,int> NODE;\n\n#define X first.second\n\n#define Y first.first\n\n#define depth second\n\n\n\n/*ï*/\n\nint ox[] = {-1, 1, 0, 0, 1,1};\n\nint oy[] = { 0, 0,-1, 1,-1,1};\n\n\n\n/*ô*/\n\nint ex[] = {-1, 1, 0, 0,-1,-1};\n\nint ey[] = { 0, 0,-1, 1,-1, 1};\n\n\n\nint main(){\n\n	int point[100][100];\n\n	int h,w,a,b,t,x,y,s;\n\n	while(cin >> w  && w){\n\n		int ret = 0;\n\n		cin >> h;\n\n		rep(i,100)rep(j,100)point[i][j] = 0;\n\n		cin >> t;\n\n		rep(i,t){\n\n			cin >> a >> b;\n\n			a--;b--;\n\n			point[b][a] = i+1;\n\n		}\n\n		cin >> s;\n\n		rep(P,s){\n\n			cin >> a >> b;\n\n			a--;b--;\n\n			point[b][a] = 50;\n\n			\n\n		//rep(i,h){rep(j,w)cout << point[i][j];cout << endl;}\n\n		int pt[100] = {0};\n\n		rep(i,h)rep(j,w){\n\n			x = j,y = i;\n\n			queue<NODE> Q;\n\n			pair<int,int> dp[100];\n\n			bool done[100][100]={0};\n\n			Q.push( make_pair(make_pair(y,x),0	) );\n\n			while( Q.size() ){\n\n				NODE q = Q.front(); Q.pop();\n\n				if(point[q.Y][q.X]){\n\n					dp[q.depth].first++;\n\n					dp[q.depth].second = point[q.Y][q.X];\n\n			  }\n\n				if( q.Y % 2 == 1){\n\n					rep(L,6){\n\n						if( q.X+ox[L] >=0 && q.X+ox[L] < w && q.Y+oy[L] < h && q.Y+oy[L]>=0 ){\n\n								if( !done[q.Y+oy[L]][q.X+ox[L]] )Q.push( make_pair(make_pair(q.Y+oy[L],q.X+ox[L]),q.depth+1) );\n\n							  	done[q.Y+oy[L]][q.X+ox[L]] = true;\n\n						}\n\n					}\n\n				}else{\n\n					rep(L,6){\n\n						if( q.X+ex[L] >=0 && q.X+ex[L] < w && q.Y+ey[L] < h && q.Y+ey[L]>=0 ){\n\n									if( !done[q.Y+ey[L]][q.X+ex[L]] )Q.push( make_pair(make_pair(q.Y+ey[L],q.X+ex[L]),q.depth+1) );\n\n							  	done[q.Y+ey[L]][q.X+ex[L]] = true;\n\n						}\n\n					}\n\n				}\n\n			}\n\n			rep(I,100){\n\n				if(dp[I].first){\n\n					if(dp[I].first==1)\n\n						pt[dp[I].second-1]++;\n\n					break;\n\n				}\n\n			}\n\n		}\n\n			ret = max(pt[49],ret);\n\n			point[b][a] = 0;\n\n		}\n\n		cout << ret << endl;\n\n	}\n\n	\n\n}",0.0
0055,1.0,2435878.9375,995382.5,"#include<algorithm>\n\n#include<iostream>\n\n\n\nconst int INF = 1 << 29;\n\n\n\nint n, m;\n\nint d[2][3000][3000];\n\n\n\nint main()\n\n{\n\n	while( std::cin >> n >> m, n | m )\n\n	{\n\n		for( int i = 0; i != n; ++i )\n\n			for( int j = 0; j != n; ++j )\n\n				for( int k = 0; k != 2; ++k )\n\n					d[k][i][j] = i == j ? 0 : INF;\n\n\n\n		for( int i = 0; i != n; ++i )\n\n		{\n\n			int a, b, c, t;\n\n			std::cin >> a >> b >> c >> t;\n\n			d[0][a-1][b-1] = d[0][b-1][a-1] = c;\n\n			d[1][a-1][b-1] = d[1][b-1][a-1] = t;\n\n		}\n\n\n\n		for( int k = 0; k != m; ++k )\n\n			for( int i = 0; i != m; ++i )\n\n				for( int j = 0; j != m; ++j )\n\n					for( int l = 0; l != 2; ++l )\n\n						d[l][i][j] = std::min( d[l][i][j], d[l][i][k] + d[l][k][j] );\n\n\n\n		int k;\n\n		std::cin >> k;\n\n		while( k-- )\n\n		{\n\n			int p, q, r;\n\n			std::cin >> p >> q >> r;\n\n\n\n			std::cout << d[r][p-1][q-1] << std::endl;\n\n		}\n\n	}\n\n\n\n	return 0;	\n\n}",0.0
0056,1.0,2502652.5625,1022157.875,"#include<iostream>\n\n#include<algorithm>\n\nusing namespace std;\n\n\n\nint main(){\n\n  int n,m,a,b,cost,time,k,p,q,r;\n\n  int t[100][100],c[100][100];\n\n\n\n  for(;;){\n\n    cin >> n >> m;\n\n    if(!n && !m)break;\n\n\n\n    for(int i=0;i<m;i++){\n\n      for(int j=0;j<m;j++){\n\n	if(i==j){\n\n	  t[i][j] = 0;\n\n	  c[i][j] = 0;\n\n	}else{\n\n	  t[i][j] = 1000000;\n\n	  c[i][j] = 1000000;\n\n	}\n\n      }\n\n    }\n\n\n\n    for(int i=0;i<n;i++){\n\n      cin >> a >> b >> cost >> time;\n\n      t[a-1][b-1] = time;\n\n      t[b-1][a-1] = time;\n\n      c[a-1][b-1] = cost;\n\n      c[b-1][a-1] = cost;\n\n    }\n\n\n\n    for(int x=0;x<m;x++){\n\n      for(int i=0;i<m;i++){\n\n	for(int j=0;j<m;j++){\n\n	  t[i][j] = min(t[i][j],t[i][x] + t[x][j]);\n\n	  c[i][j] = min(c[i][j],c[i][x] + c[x][j]);\n\n	}\n\n      }\n\n    }\n\n\n\n    cin >> k;\n\n    for(int i=0;i<k;i++){\n\n      cin >> p >> q >> r;\n\n      if(r)cout << t[p-1][q-1] << endl;\n\n      else cout << c[p-1][q-1] << endl;\n\n    }\n\n  }\n\n}",0.0
0058,1.0,2474461.125,947558.5625,"#include<vector>\n\n#include<list>\n\n#include<algorithm>\n\n#include<iostream>\n\n#include<string>\n\n#include<cstdio>\n\n#include<cstdlib>\n\n#include<cstring>\n\n#include<cmath>\n\nusing namespace std;\n\nint main(){\n\n  int i;\n\n  int a[]={0,1,2,3,5,7,8,9},n;\n\n  while(cin>>n&&n){\n\n    for(i=0;pow(8,i)<=n;i++);\n\n    for(i--;i>=0;i--){\n\n      cout<<a[n/(int)pow(8,i)];\n\n      n%=(int)pow(8,i);\n\n    }\n\n    cout<<endl;\n\n  }\n\n  return 0;\n\n}",0.0
0059,1.0,2395631.125,941152.375,"#include <iostream>\n\n#include <vector>\n\n#include <algorithm>\n\n\n\nvoid ToOctalNumber(int n){\n\n	if(!n)return;\n\n	ToOctalNumber(n >> 3);\n\n	std::cout << ((n&7)<4?n&7:(n&7)==4?5:(n&7)+2);\n\n}\n\n\n\nint main(){\n\n	int n;\n\n	while(std::cin >> n, n){\n\n		ToOctalNumber(n);\n\n		std::cout << ""\n"";\n\n	}\n\n}",0.0
0060,1.0,2393849.0,2362571.3125,"#include <iostream>\n\nusing namespace std;\n\n\n\nconst int t[8] = { 0, 1, 2, 3, 5, 7, 8, 9 };\n\n\n\n/*void solve(int n){\n\n    if(n >= 8)\n\n        solve(n / 8);\n\n    cout << table[n % 8] ;\n\n}*/\n\n\n\nlong long int solve(int n){\n\n	long long int s=0;\n\n	for(int i=1 ; n >0; i *= 10 , n /= 8)\n\n		s += (long long int)t[n%8]*i;\n\n	return s;\n\n}\n\nint main(){\n\n    int n;\n\n    \n\n    while( cin >> n , n ){\n\n		cout << solve(n) << endl;\n\n    }\n\n    \n\n}",0.0
0061,1.0,2434491.5625,963404.0,"#include <cstdio>\n\n#include <cstring>\n\n#include <algorithm>\n\n#include <string>\n\n#include <cmath>\n\n#include <stack>\n\n#include <vector>\n\n#include <map>\n\n#include <set>\n\n#include <queue>\n\n#include <list>\n\n#include <iostream>\n\n#include <sstream>\n\n#include <climits>\n\n#include <cfloat>\n\n#include <complex>\n\n\n\nusing namespace std;\n\n\n\ntypedef long long ll;\n\n\n\nll count_rooms_lesseq_than(ll newRoomNo)\n\n{\n\n	int t[10], d;\n\n	for (d = 0; newRoomNo; ++d, newRoomNo /= 10)\n\n		t[d] = newRoomNo % 10;\n\n	for (int i = d-1; i > 0; --i)\n\n	{\n\n		if (t[i] == 4 || t[i] == 6)\n\n		{\n\n			--t[i];\n\n			for (int j = 0; j < i; ++j)\n\n				t[j] = 9;\n\n			break;\n\n		}\n\n	}\n\n\n\n	ll res = 0;\n\n	for (int i = 0; i < d; ++i)\n\n	{\n\n		ll a = 1;\n\n		for (int j = 0; j < i; ++j)\n\n			a *= 8;\n\n		res += (t[i] - (t[i] >= 6 ? 2 : t[i] >= 4 ? 1 : 0)) * a;\n\n	}\n\n	return res;\n\n}\n\nint main()\n\n{\n\n	int n;\n\n	while (scanf(""%d"", &n), n)\n\n	{\n\n		ll l, u;\n\n		l = 1;\n\n		u = n * 10LL;\n\n		while (l < u)\n\n		{\n\n			ll m = (l + u) / 2;\n\n			ll t = count_rooms_lesseq_than(m);\n\n			if (t < n)\n\n				l = m + 1;\n\n			else\n\n				u = m;\n\n		}\n\n		printf(""%lld\n"", l);\n\n	}\n\n\n\n	return 0;\n\n}",0.0
0062,1.0,2406791.0625,936429.8125,"#include<iostream>\n\nusing namespace std;\n\n\n\ntypedef long long ll;\n\n\n\nll gcd(ll a,ll b){\n\n  return (!b)?a:gcd(b,a%b);\n\n}\n\n\n\nint main(){\n\n  int n;\n\n  ll d[10],v[10],t[10];\n\n\n\n  for(;;){\n\n    cin >> n;\n\n    if(!n)break;\n\n\n\n    for(int i=0;i<n;i++)cin >> d[i] >> v[i];\n\n    t[0] = 1;\n\n    for(int i=1;i<n;i++){\n\n      t[i] = t[i-1]*d[i-1]*v[i];\n\n      for(int j=0;j<i;j++)t[j] *= d[i]*v[i-1];\n\n      ll T = t[0];\n\n      for(int j=1;j<=i;j++)T = gcd(T,t[j]);\n\n      for(int j=0;j<=i;j++)t[j]/=T;\n\n    }\n\n\n\n    for(int i=0;i<n;i++)cout << t[i] << endl;\n\n  }\n\n}",0.0
0063,1.0,2429945.6875,940835.625,"#include <iostream>\n\n#include <algorithm>\n\nusing namespace std;\n\n\n\nlong long d[10],v[10];\n\n\n\nvoid compute(int n){\n\n    for(int i = 2 ; i <= min(d[n],v[n]) ; i++){\n\n        if(d[n]%i==0||v[n]%i==0){\n\n            while(d[n]%i==0&&v[n]%i==0){\n\n                d[n] /= i;\n\n                v[n] /= i;\n\n            }\n\n        }\n\n    }\n\n}\n\n\n\nint main(){\n\n    int n;\n\n    \n\n    while(cin >>n,n){\n\n        long long a,b;\n\n        for(int i = 0 ; i < n ; i++){\n\n            cin >> d[i] >> v[i];\n\n            compute(i);\n\n        }\n\n        \n\n        a = (d[0]*d[1])/__gcd(d[0],d[1]);\n\n        b = __gcd(v[0],v[1]);\n\n        \n\n        for(int i = 2 ; i < n ; i++){\n\n            a = (a*d[i])/__gcd(a,d[i]);\n\n            b = __gcd(b,v[i]);\n\n        }\n\n\n\n        for(int i = 0 ; i < n ; i++){\n\n            cout << a*v[i]/(b*d[i]) << endl;\n\n        }\n\n    }\n\n    \n\n    return 0;\n\n}",0.0
0065,1.0,3157081.125,2432575.75,"#include <iostream>\n\n#include <algorithm>\n\n#include <vector>\n\nusing namespace std;\n\n#define rep(i,n) for(int i = 0 ; i < n ; i++)\n\nstruct P{int x,y;P(){}P(int a,int b){x = a , y = b;}};\n\nint operator -(P a, P b){\n\n	return abs(a.x - b.x) + abs(a.y - b.y);\n\n}\n\nint dp[1<<5][5][1000];\n\n#define INF (1<<21)\n\nint main(){	\n\n	int W,H;\n\n	while(cin >> W >> H , W){\n\n		P s , g ;\n\n		vector<P> v[6];\n\n		rep(i,H)rep(j,W){\n\n			char c; cin >> c;\n\n			if(c == 'S') s = P(j,i);\n\n			else if(c == 'G') g = P(j,i);\n\n			else if(c != '.') v[c-'1'].push_back(P(j,i));\n\n		}\n\n		rep(i,1<<5)rep(k,5)rep(j,1000)dp[i][k][j] = INF;\n\n		rep(i,5)rep(j,v[(i+1)%5].size()){\n\n			dp[(1<<i) | (1<<((i+1)%5))][(i+1)%5][j] = s - v[(i+1)%5][j];\n\n		}\n\n		rep(bit,(1<<5)-1)rep(x,5){\n\n			int y = (x+1)%5;\n\n			rep(i,v[x].size()){\n\n				if( dp[bit][x][i] == INF ) break; // <- ツ催適ツ可サ\n\n				rep(j,v[y].size()){\n\n					dp[bit|(1<<y)][y][j] = min( dp[bit|(1<<y)][y][j] , dp[bit][x][i] + (v[x][i]-v[y][j]) );\n\n				}\n\n			}\n\n		}\n\n		int ans = INF , cho = -1;\n\n		rep(i,5) rep( j , v[i].size() ){\n\n			int cst = dp[(1<<5)-1][i][j] + (g - v[i][j]);\n\n			int w = (i+1)%5;\n\n			if(ans >= cst){\n\n				if(ans == cst){\n\n					cho = min(cho, w );\n\n				}else{\n\n					cho = w;\n\n					ans = cst;\n\n				}\n\n			}\n\n		}\n\n		if(ans == INF) cout << ""NA"" << endl;\n\n		else cout << cho+1 << "" "" << ans << endl;\n\n		\n\n		\n\n	}\n\n	\n\n}",0.0
0067,1.0,2399692.5,945278.375,"#include <iostream>\n\nusing namespace std;\n\n\n\n#define MAX 10000\n\n\n\nint main(void){\n\n  int n,data[MAX+1],des[2],num,max,mnum;\n\n\n\n  for(;;){\n\n\n\n    max = mnum = 0;\n\n\n\n    for( int i = 0 ; i <= MAX ; i++ )\n\n	data[i] = 0;\n\n\n\n    cin >> n;\n\n    if( n == 0 ) break;\n\n    for( int i = 0 ; i < n ; i++ ){\n\n      cin >> num >> des[1] >> des[0];\n\n      data[num] = des[0] + des[1];\n\n\n\n      if( data[num] > max ){\n\n	max = data[num];\n\n	mnum = num;\n\n      }\n\n\n\n    }\n\n\n\n    cout << mnum << "" "" << max << endl;\n\n\n\n  }\n\n\n\n  return 0;\n\n}",0.0
0068,1.0,2404740.6875,939333.3125,"#include <iostream>\n\n\n\nint main(){\n\n	int n;\n\n	while(std::cin >> n, n){\n\n		int max_p, max_d = 0;\n\n		for(;n;n--){\n\n			int p, d1, d2;\n\n			std::cin >> p >> d1 >> d2;\n\n			if(d1 + d2 > max_d)\n\n				max_p = p, max_d = d1 + d2;\n\n		}\n\n		std::cout << max_p << "" "" << max_d << std::endl;\n\n	}\n\n}",0.0
0069,1.0,2387923.375,937499.75,"#include<iostream>\n\nusing namespace std;\n\nint main()\n\n{\n\n	int s[10] = {0}, i, a, n,j;\n\n	while (1) {\n\n		cin >> n;\n\n		if (n == 0)\n\n			break;\n\n		for (i = 0; i < n; i++) {\n\n			cin >> a;\n\n			s[a]++;\n\n		}\n\n		for (i = 0; i < 10; i++) {\n\n			if (s[i] == 0)\n\n				cout << ""-"";\n\n			else {\n\n				for (j = 0; j < s[i]; j++) {\n\n					cout << ""*"";\n\n				}\n\n			}\n\n			cout << endl;\n\n			s[i] = 0;\n\n		}\n\n	}\n\n	return 0;\n\n}",0.0
0070,1.0,2404216.3125,941762.5625,"#include <iostream>\n\nusing namespace std;\n\n\n\nint main(){\n\n	int n;\n\n	while( cin >> n , n ){\n\n		int ice[10] = {};\n\n		for(int i=0 ; i<n ; ++i ){\n\n			int a;\n\n			cin >> a;\n\n			ice[a]++;\n\n		}\n\n		for(int i=0 ; i<10 ; ++i ){\n\n			for(int j=0 ; j<ice[i] ; ++j ){\n\n				cout << ""*"";\n\n			}\n\n			if(!ice[i]) cout << ""-"";\n\n			cout << endl;\n\n		}\n\n	}\n\n}",0.0
0071,1.0,2855066.0,2499356.875,"#include ""stdc++.h""\n\n\n\nusing namespace std;\n\n\n\n#define MAX 1000\n\n#define INF (1e9)\n\n\n\nstruct Edge{\n\n    int to,cost,c;\n\n    Edge(int to,int cost,int c) :\n\n        to(to),cost(cost),c(c) {}\n\n};\n\n\n\nint main(){\n\n    int M,D,N,K;\n\n    int d[MAX][1<<6];    \n\n    while(cin >> M >> N >> K >> D, M){\n\n        vector<Edge> G[MAX];\n\n        vector<int> cake(M);\n\n        for(int i = 0 ; i < M ; i++){\n\n            cin >> cake[i];\n\n        }\n\n        int idx = 0,c;\n\n        string a,b;\n\n        map<string,int> mp;\n\n        for(int i = 0 ; i < D ; i++){\n\n            cin >> a >> b >> c;\n\n            if(!mp.count(a)) mp[a] = idx++;\n\n            if(!mp.count(b)) mp[b] = idx++;\n\n            if(a[0] == 'C'){\n\n                G[mp[b]].push_back(Edge(mp[a],c,a[1]-'1'));             \n\n            }else{\n\n                G[mp[b]].push_back(Edge(mp[a],c,-1));           \n\n            }\n\n            if(b[0] == 'C'){\n\n                G[mp[a]].push_back(Edge(mp[b],c,b[1]-'1'));\n\n            }else{\n\n                G[mp[a]].push_back(Edge(mp[b],c,-1));           \n\n            }\n\n\n\n        }\n\n        int s = mp[""H""],t = mp[""D""];\n\n        for(int i = 0 ; i < MAX ; i++){\n\n            for(int j = 0 ; j < (1<<6) ; j++){\n\n                d[i][j] = INF;\n\n            }\n\n        }\n\n        d[s][0] = 0;\n\n        bool update = 1;\n\n        while(update){\n\n            update = 0;\n\n            for(int i = 0 ; i < (int)mp.size() ; i++){\n\n                for(int j = 0 ; j < (int)G[i].size() ; j++){\n\n                    Edge e = G[i][j];\n\n                    for(int S = (1<<6)-1 ; S >= 0 ; S--){\n\n                        int ncost = d[i][S];\n\n                        if(ncost == INF) continue;\n\n                        ncost += e.cost*K;\n\n                        if(e.c == -1){\n\n                            if(ncost < d[e.to][S]){\n\n                                d[e.to][S] = ncost;\n\n                                update = 1;\n\n                            }\n\n                        }else{\n\n                            if(S >> e.c & 1) continue;\n\n                            if(ncost-cake[e.c] < d[e.to][S|(1<<e.c)]){\n\n                                d[e.to][S|(1<<e.c)] = ncost-cake[e.c];\n\n                                update = 1;\n\n                            }\n\n                        }\n\n                    }\n\n                }\n\n            }\n\n        }\n\n        int res = INF;\n\n        for(int i = 0 ; i < (1<<6) ; i++){\n\n            res = min(res, d[t][i]);\n\n        }\n\n        cout << res << endl;\n\n    }\n\n    return 0;\n\n}",0.0
0072,1.0,2407609.1875,2377277.75,"#include<iostream>\n\nusing namespace std;\n\n\n\nbool visit[26],g[26][26];\n\n\n\nbool dfs(int v){\n\n  visit[v] = true;\n\n  bool f = false;\n\n  for(int i=0;i<26;i++)\n\n    if(g[v][i]){\n\n      f = true;\n\n      if(!visit[i])dfs(i);\n\n    }\n\n  return f;\n\n}\n\n \n\nint graph_num(void){\n\n  int res = 0;\n\n  for(int i=0;i<26;i++)\n\n    if(!visit[i] && dfs(i))res++;\n\n  return res;\n\n}\n\n  \n\nint main(){\n\n  int i,n,pre[26],suf[26],h,t;\n\n  string s;\n\n\n\n  while(cin>>n && n){\n\n    for(i=0;i<26;i++){\n\n      visit[i] = false;\n\n      pre[i] = suf[i] = 0;\n\n      for(int j=0;j<26;j++)g[i][j] = false;\n\n    }\n\n    \n\n    for(i=0;i<n;i++){\n\n      cin >> s;\n\n      h = s[0]-'a', t = s[(int)s.size()-1]-'a';\n\n      \n\n      pre[h]++;\n\n      suf[t]++;\n\n      g[h][t] = g[t][h] = true;\n\n    }\n\n  \n\n    if(graph_num() != 1)printf(""NG\n"");\n\n    else{\n\n      for(i=0;i<26;i++)if(pre[i] != suf[i])break;\n\n      \n\n      if(i==26)printf(""OK\n"");\n\n      else printf(""NG\n"");\n\n    }\n\n  }\n\n}",0.0
0073,1.0,2435674.0625,934377.375,"\n\n#include<iostream>\n\nint main(){\n\n  int f[2],i,j;\n\n  std::string r,a;\n\n  while(std::cin>>r>>a,r!=""0""&&a!=""0""){\n\n    for(f[0]=f[1]=i=0;i<4;i++)for(j=4;j-->0;)if(a[i]==r[j])f[i!=j]++;\n\n    std::cout<<f[0]<<"" ""<<f[1]<<""\n"";\n\n  }\n\n}",0.0
0074,1.0,8279351.375,3808798.6875,"#include<iostream>\n\n#include<algorithm>\n\n#define FOR(i,e) for(int i=0;i<(int)(e);i++)\n\nusing namespace std;\n\n\n\nint main(){\n\n  double pb[100][5001];\n\n  int x,y,z;\n\n  int v[4],e[51],a[51];\n\n\n\n  while(cin >> x >> y >> z && (x||y||z)){\n\n\n\n    FOR(i,x)cin >> v[i];\n\n    FOR(i,y+1)e[i] = a[i] = 0;\n\n    FOR(i,z){\n\n      int n,m,l;\n\n      cin >> n >> m >> l;\n\n      e[n] = m; a[n] = l;\n\n    }\n\n\n\n    FOR(i,y+1)FOR(j,5001)pb[i][j] = 0.0;\n\n    pb[0][0] = 1.0;\n\n\n\n    FOR(i,y)FOR(j,5001){\n\n      FOR(k,x){\n\n	if(pb[i][j] == 0.0)continue;\n\n	int next = min(y,i+v[k]),value = j;\n\n	if(e[next] == 1)next = min(y,next+a[next]);\n\n	else if(e[next] == 2)value = j + a[next];\n\n	else if(e[next] == 3)value = max(0,j-a[next]);\n\n	pb[next][value] += pb[i][j]/x;\n\n      }\n\n    }\n\n\n\n    double ans = 0.0;\n\n    FOR(i,5001)ans += pb[y][i] * i;\n\n    cout << (int)(ans) << endl;\n\n  }\n\n}",0.0
0075,1.0,6147981.75,1274349.3125,"#include<iostream>\n\n#include<string>\n\n#include<algorithm>\n\n#include<cctype>\n\n#include<vector>\n\n#include<map>\n\n#include<iomanip>\n\nusing namespace std;\n\n#define fr first\n\n#define sc second\n\ntypedef pair<int,int> P;\n\nint main(){\n\n  int X,Y,Z,N,E,A;\n\n  while(cin >> X >> Y >> Z , X){\n\n    int jump[X];\n\n    P ivent[Y+1];\n\n    for(int i = 0 ; i <= Y ; i++ ) ivent[i] = P( 0 , 0 );\n\n    double dp[51][5001]={{}};\n\n    dp[0][0] = 1.0;\n\n\n\n    for(int i = 0 ; i < X ; i++ ){\n\n      cin >> jump[i];\n\n    }\n\n    for(int i = 0 ; i < Z ; i++ ){\n\n      cin >> N >> E >> A;\n\n      switch(E){\n\n      case 1: ivent[N].fr = A; break;\n\n      case 2: ivent[N].sc = A; break;\n\n      case 3: ivent[N].sc = -A; break;\n\n      }\n\n    }\n\n    for(int i = 0 , limit = 0 ; i < Y ; i++ , limit += 100 ){\n\n      for(int j = 0 ; j <= limit ; j++ ){\n\n        if(dp[i][j]){\n\n          for(int k = 0 , p_mas , p_money ; k < X ; k++ ){\n\n            p_mas = min( i + jump[k] , Y );\n\n            p_money = max(0,ivent[p_mas].sc + j );\n\n            p_mas = min( p_mas + ivent[p_mas].fr , Y );\n\n\n\n            dp[p_mas][p_money] += dp[i][j] / X;\n\n          }\n\n        }\n\n      }\n\n    }\n\n    double ans = 0.0;\n\n    for(int i = 0 ; i < 5001 ; i++ ){\n\n      ans += dp[Y][i] * i;\n\n    }\n\n    cout << (int)ans << endl;\n\n  }\n\n}",0.0
0076,1.0,2464961.4375,1797790.125,"#include <cstdio>\n\n#include <map>\n\n\n\n//#define scanf scanf_s\n\n\n\nconst int kMaxSquare = 64;\n\n\n\nint roulette[4];\n\n\n\ntypedef struct{\n\n	int type;\n\n	int value;\n\n} BoardState;\n\n\n\nBoardState board[kMaxSquare];\n\n\n\nint bp(int X, int Y){\n\n	std::map<int, double> bp[kMaxSquare];\n\n	double prob = 1.0f / static_cast<double>(X);\n\n\n\n	bp[0][0] = 1.0f;\n\n	for (int n = 0; n < Y; n++){\n\n		for (std::map<int, double>::iterator it = bp[n].begin(); it != bp[n].end(); it++){\n\n			for (int k = 0; k < X; k++){\n\n				int pos = (n + roulette[k] < Y) ? n + roulette[k] : Y;\n\n				if (board[pos].type == 1)\n\n					bp[(pos + board[pos].value < Y) ? pos + board[pos].value : Y][it->first] \n\n						+= it->second * prob;\n\n				else if (board[pos].type == 2)\n\n					bp[pos][it->first + board[pos].value] += it->second * prob;\n\n				else if (board[pos].type == 3)\n\n					bp[pos][(it->first - board[pos].value > 0) ? it->first - board[pos].value : 0] \n\n						+= it->second * prob;\n\n				else\n\n					bp[pos][it->first] += it->second * prob;				\n\n			}\n\n		}\n\n	}\n\n\n\n	double res = 0.0f;\n\n	for (std::map<int, double>::iterator it = bp[Y].begin(); it != bp[Y].end(); it++)\n\n		res += static_cast<double>(it->first) * it->second;\n\n	return static_cast<int>(res);\n\n}\n\n\n\nint main(){\n\n	while (1){\n\n		int X, Y, Z; //X:????????¬?????????????????°, Y: ??????????????°(???: ????????????), Z: ???????????????????????°\n\n		scanf(""%d %d %d"", &X, &Y, &Z);\n\n		if (X == 0) return 0;\n\n		for (int i = 0; i < X; i++)\n\n			scanf(""%d"", &roulette[i]);\n\n		for (int i = 0; i < kMaxSquare; i++)\n\n			board[i] = { 0, 0 };\n\n		for (; Z > 0; Z--){\n\n			int N, E, A; //N: ?????????, E: ??????????¨????, A: ??????????????§????????° or ?¢????????????????\n\n			scanf(""%d %d %d"", &N, &E, &A);\n\n			board[N] = { E, A };\n\n		}\n\n		printf(""%d\n"", bp(X, Y));\n\n	}\n\n}",0.0
0078,1.0,3057209.125,2440682.0,"#include <stdio.h>\n\n#include <cctype>\n\n#include <limits.h>\n\n#include <math.h>\n\n#include <complex>\n\n#include <bitset>\n\n#include <vector>\n\n#include <map>\n\n#include <set>\n\n#include <stack>\n\n#include <queue>\n\n#include <cstring>\n\n#include <string>\n\n#include <sstream>\n\n#include <algorithm>\n\n#include <iomanip>\n\n#include <iostream>\n\n\n\n#define VARIABLE(x) cerr << #x << ""="" << x << endl\n\n#define BINARY(x) static_cast<bitset<16> >(x);\n\n#define rep(i,n) for(int i=0;i<(int)(n);i++)\n\n#define REP(i,m,n) for (int i=m;i<(int)(n);i++)\n\n#define if_range(x, y, w, h) if (0<=(int)(x) && (int)(x)<(int)(w) && 0<=(int)(y) && (int)(y)<(int)(h))\n\n\n\nconst int INF = 1000000000;\n\nconst double EPS = 1e-8;\n\nconst double PI = 3.14159;\n\nint dx[4]={0, 1, 0, -1}, dy[4]={-1, 0, 1, 0};\n\nusing namespace std;\n\n//typedef pair<int, int> P;\n\nstruct P {\n\n	int x, y;\n\n	P(int x, int y):x(x), y(y){}\n\n	P(){}\n\n};\n\n\n\n/** Problem0244 : Hot Spring Trip **/\n\nint cost[300][300];\n\n\n\nint main()\n\n{\n\n	int N, M;\n\n	\n\n	while (cin>>N>>M, N||M) {\n\n		rep(i, 300) rep(j, 300)\n\n			cost[i][j] = i==j?0:INF;\n\n	\n\n		rep(i, M) {\n\n			int a, b, c; cin>>a>>b>>c;\n\n			a--, b--;\n\n			cost[a][b] = cost[b][a] = c;\n\n		}\n\n		\n\n		vector<P> can_free;\n\n		rep(i, N) {\n\n			rep(j, N) {\n\n				if (cost[i][j]!=INF && i!=j) {\n\n					rep(k, N) {\n\n						if (cost[j][k]!=INF && i!=k && j!=k)\n\n							can_free.push_back(P(i, k));\n\n					}\n\n				}\n\n			}\n\n		}\n\n		\n\n		rep(k, N) {\n\n			rep(i, N) {\n\n				rep(j, N) {\n\n					cost[i][j] = min(cost[i][j], cost[i][k]+cost[k][j]);\n\n				}\n\n			}\n\n		}\n\n		\n\n		int ans=cost[0][N-1];\n\n		rep(i, can_free.size()) {\n\n			ans = min(cost[0][can_free[i].x]+cost[can_free[i].y][N-1], ans);\n\n		}\n\n		\n\n		cout << ans << endl;\n\n	}\n\n}",0.0
0081,1.0,2466772.5625,940225.5,"#include <cstdio>\n\n#include <sstream>\n\n#include <string>\n\n#include <algorithm>\n\nusing namespace std;\n\n\n\ntemplate <class F, class T>\n\nvoid convert(const F &f, T &t){\n\n	stringstream ss;\n\n	ss << f;\n\n	ss >> t;\n\n}\n\n\n\nint main(){\n\n	int x, a, b;\n\n	string s;\n\n	while(scanf(""%d"", &x), x){\n\n		if(x % 1111 == 0){\n\n			puts(""NA"");\n\n		}\n\n		else{\n\n			int ans;\n\n			for(ans = 0; x != 6174; ++ans){\n\n				convert(x, s);\n\n				s.resize(4, '0');\n\n				sort(s.begin(), s.end());\n\n				convert(s, a);\n\n				reverse(s.begin(), s.end());\n\n				convert(s, b);\n\n				x = b - a;\n\n			}\n\n			printf(""%d\n"", ans);\n\n		}\n\n	}\n\n}",0.0
0082,1.0,3495753.3125,1933861.0625,"#include<iostream>\n\n#include<algorithm>\n\nusing namespace std;\n\n\n\ntypedef long long ll;\n\n\n\nint main(){\n\n  ll i,n,num,len,p,l[100000];\n\n  while(cin >> n,n){\n\n    num = n; len = 0;\n\n    for(i=0;i<n;i++){\n\n      cin >> p; len += p;\n\n    }\n\n\n\n    for(i=0;i<n-1;i++)cin >> l[i];\n\n    sort(l,l+n-1);\n\n\n\n    for(i=n-2;i>=0;i--){\n\n      if( (num-1)*(len+l[i]) < num*len )break;\n\n      num--; len += l[i];\n\n    }\n\n    cout << num*len << endl;\n\n  }\n\n}\n\n   ",0.0
0084,1.0,5344516.6875,4331058.9375,"#include <iostream>\n\n\n\n#define C 300000\n\nusing namespace std;\n\n\n\nint main() {\n\n    int n, q;\n\n    int c[300000], query[100000];\n\n    bool has_c[C+1];\n\n    cin >> n >> q;\n\n    for (int i=0; i<n; i++) {\n\n        cin >> c[i];\n\n    }\n\n    for (int i=0; i<q; i++) {\n\n        cin >> query[i];\n\n    }\n\n    for (int i=0; i<=C; i++) {\n\n        has_c[i] = false;\n\n    }\n\n    for (int i=0; i<n; i++) {\n\n        has_c[c[i]] = true;\n\n    }\n\n    for (int i=0; i<q; i++) {\n\n        int max_r = -1;\n\n        for (int r=query[i]-1; r>=0; r--) {\n\n            for (int k=0; true; k++) {\n\n                int x = k*query[i]+r;\n\n                if (x > C) {\n\n                    break;\n\n                }\n\n                if (has_c[x]) {\n\n                    max_r = max(r, max_r);\n\n                    break;\n\n                }\n\n            }\n\n            if (max_r >= 0) {\n\n                break;\n\n            }\n\n        }\n\n        cout << max_r << endl;\n\n    }\n\n    return 0;\n\n}",0.0
0086,1.0,6151927.3125,1013396.6875,"#include""stdc++.h""\n\nusing namespace std;\n\ntypedef long long ll;\n\n#define MAX_N 100005\n\nll mod=1e9+7;\n\n\n\nll mul(ll a,ll b){\n\n  return (a*b)%mod;\n\n}\n\n\n\nint bit[MAX_N];\n\nvoid add(int i,int x){\n\n  i++;\n\n\n\n  while(i<MAX_N){\n\n    bit[i]+=x;\n\n    i+=(i&-i);\n\n  }\n\n}\n\n\n\nint sum(int i){\n\n  i++;\n\n\n\n  int res=0;\n\n  while(i){\n\n    res+=bit[i];\n\n    i-=(i&-i);\n\n  }\n\n  return res;\n\n}\n\n\n\nll N,R,a,b;\n\nll fact[MAX_N];\n\nint t[MAX_N];\n\n\n\nint main(){\n\n  fact[0]=1;\n\n  for(int i=1;i<MAX_N;i++)\n\n    fact[i]=mul(fact[i-1],i);\n\n\n\n  while(1){\n\n    scanf(""%lld"",&N);\n\n    if(N==0)break;\n\n    scanf(""%lld"",&R);\n\n    memset(bit,0,sizeof(bit));\n\n    for(int i=0;i<N;i++)t[i]=i;\n\n\n\n    for(int i=0;i<R;i++){\n\n      scanf(""%lld %lld"",&a,&b);\n\n      a--,b--;\n\n      swap(t[a],t[b]);\n\n    }\n\n\n\n    ll ans=0;\n\n    for(int i=0;i<N;i++){\n\n      ll num=t[i];\n\n      ll cnt=num-sum(num);\n\n      ans+= mul(fact[N-1-i],cnt);\n\n      ans%=mod;\n\n      add(t[i],1);\n\n    }\n\n\n\n    printf(""%lld\n"",ans);\n\n  }\n\n  return 0;\n\n}",0.0
0088,1.0,2462112.875,965019.8125,"#include<cstdio>\n\n#include<vector>\n\n#include<algorithm>\n\n\n\nusing namespace std;\n\n\n\nint main(){\n\n	int N;\n\n	vector<int> data;\n\n\n\n	while (1){\n\n		data.clear();\n\n		scanf(""%d"", &N);\n\n		if (N == 0)break;\n\n\n\n		for (int i = 0; i < N; i++){\n\n			int temp;\n\n			scanf(""%d"", &temp);\n\n			data.push_back(temp);\n\n		}\n\n		bool flag = false;\n\n		for (int i = 0; i < N; i++){\n\n			if (data[i] > 1){\n\n				flag = true;\n\n				break;\n\n			}\n\n		}\n\n		if (!flag){\n\n			printf(""NA\n"");\n\n		}\n\n		else{\n\n			if(N == 1)\n\n				printf(""2\n"");\n\n			else{\n\n				int ans = 1;\n\n				for (int i = 0; i < N; i++){\n\n					if (data[i] != 0 )ans++;\n\n				}\n\n				printf(""%d\n"", ans);\n\n			}\n\n		}\n\n	}\n\n	return 0;\n\n}",0.0
0089,1.0,2493171.0,974320.25,"#include<stdio.h>\n\nint main(void)\n\n{\n\n	int N,i,c;\n\n	int *k,*kk;\n\n	while(1){\n\n		scanf(""%d"",&N);\n\n		if(N==0) break;\n\n		k = new int [N];\n\n		kk = new int [N];\n\n		for(i=0;i<N;i++)\n\n			kk[i] = 0;\n\n		for(i=0;i<N;i++)\n\n			scanf(""%d"",&k[i]);\n\n		\n\n		i=0,c=0;\n\n		while(1){\n\n			if(k[i%N] > 0){\n\n				k[i%N]--;\n\n				kk[i%N]++;\n\n				c++;\n\n			}\n\n			if(kk[i%N] == 2){\n\n				printf(""%d\n"",c);\n\n				break;\n\n			}\n\n			if(i > N * 2){\n\n				printf(""NA\n"");\n\n				break;\n\n			}\n\n			i++;\n\n		}\n\n	}\n\n	return 0;\n\n}",0.0
0091,1.0,14162005.0,2448955.375,"#include<cstdio>\n\n#include<algorithm>\n\n#include<vector>\n\n#include<string>\n\n#include<set>\n\nusing namespace std;\n\n\n\n#define INF ( 1 << 30 )\n\ntypedef multiset<int,int>::iterator itr;\n\n\n\nint main()\n\n{\n\n  int N, Q;\n\n  int stmp[1000000], comp[1000000], a;\n\n  char buff[1024];\n\n  scanf( ""%d %d"", &N, &Q);\n\n  for(int i = 0 ; i < N ; i++ ){\n\n    scanf( ""%d"", &stmp[i]);\n\n    comp[i] = stmp[i];\n\n  }\n\n  sort( comp, comp + N);\n\n\n\n  multiset< int > sym;\n\n  while(Q--){\n\n    scanf(""%s %d"", buff, &a);\n\n    if(*buff == 'A'){ //ADD\n\n\n\n      sym.insert(stmp[a - 1]);\n\n\n\n    } else if(*buff == 'R'){ //REMOVE\n\n      try{\n\n        sym.erase( sym.lower_bound(stmp[a - 1]));\n\n      }catch( ... ){}\n\n    } else { //CHECK\n\n\n\n      int left = 0, right = INF;\n\n      while(left != right){\n\n        int center = ( left + right ) / 2;\n\n        int pre = 0, BAN = 0;\n\n        for(itr it = sym.begin() ; it != sym.end() ; it++ ){\n\n          int p = distance( comp,lower_bound( comp, comp + N, *it - center));\n\n          BAN += max( p - pre, 0);\n\n          pre = distance( comp, upper_bound( comp, comp + N, *it));\n\n        }\n\n        BAN += max( N - pre, 0);\n\n        if(BAN <= a) right = center;\n\n        else left = center + 1;\n\n      }\n\n      if( left != INF) printf(""%d\n"", left);\n\n      else puts(""NA"");\n\n\n\n    }\n\n  }\n\n  return false;\n\n}",0.0
0092,1.0,2467162.6875,1003152.375,"#include <iostream>\n\nusing namespace std;\n\nint N, M, L, R, s[50003], t[50003], e[50003], c[10003]; long long d[10003];\n\nint main() {\n\n	cin >> N >> M;\n\n	while(true) {\n\n		cin >> s[R] >> t[R] >> e[R]; s[R]--, t[R]--;\n\n		if (!e[R]) break; R++;\n\n	}\n\n	cin >> L;\n\n	for (int i = 0; i < L; i++) {\n\n		for (int j = 0; j < M; j++) cin >> c[j];\n\n		for (int j = 0; j < N; j++) d[j] = 0;\n\n		for (int j = 0; j < R; j++) d[s[j]] += c[t[j]] * e[j];\n\n		for (int j = 0; j < N; j++) cout << (j ? "" "" : """") << d[j];\n\n		cout << endl;\n\n	}\n\n}",0.0
0095,1.0,2493749.0,1004525.9375,"#include <iostream>\n\n#include <algorithm>\n\nusing namespace std;\n\nint D, N, a[111], e[111], r[111], dp[111][111];\n\nint main() {\n\n	while (cin >> D >> N, D | N) {\n\n		for (int i = 0; i < N; i++) cin >> a[i] >> e[i] >> r[i];\n\n		int maxr = *max_element(r, r + N);\n\n		for (int i = 0; i <= D; i++) fill(dp[i], dp[i] + maxr + 1, 999999999);\n\n		dp[0][0] = 0;\n\n		for (int i = 0; i < D; i++) {\n\n			for (int j = 0; j <= maxr; j++) {\n\n				for (int k = 0; k < N; k++) {\n\n					if (j < r[k]) continue;\n\n					int p = min(j + e[k], maxr), q = min(i + a[k], D);\n\n					dp[q][p] = min(dp[q][p], dp[i][j] + 1);\n\n				}\n\n			}\n\n		}\n\n		int ret = *min_element(dp[D], dp[D] + maxr + 1);\n\n		if (ret == 999999999) cout << ""NA"" << endl;\n\n		else cout << ret << endl;\n\n	}\n\n}",0.0
0096,1.0,2770162.5,2596285.875,"#include ""stdc++.h""\n\n#define range(i, a, b) for(int i = (a); i < (b); i++)\n\n#define rep(i, a) range(i, 0, a)\n\nusing namespace std;\n\nint d, n;\n\nvector <int> a, e, r;\n\nvector <vector <int>> memo;\n\nconst int INF = 1000000000;\n\n\n\nvoid rec(int c = 0, int exp = 0, int end = d) {\n\n	if (memo[exp][end] <= c) return;\n\n	memo[exp][end] = c;\n\n\n\n	rep (i, n) {\n\n		if (exp < r[i]) continue;\n\n		rec(c + 1, min(exp + e[i], 100), max(end - a[i], 0));\n\n	}\n\n}\n\n\n\nint main() {\n\n	while (cin >> d >> n, d) {\n\n		a = e = r = vector <int> (n);\n\n		rep (i, n) cin >> a[i] >> e[i] >> r[i];\n\n		memo = vector <vector <int>> (105, vector <int> (105, INF));\n\n		rec();\n\n		int ans = INF;\n\n		rep (i, 101) ans = min(ans, memo[i][0]);\n\n		cout << (ans == INF ? ""NA"" : to_string(ans)) << endl;\n\n	}\n\n	return 0;\n\n}\n",0.0
0097,1.0,3612300.25,1089816.0,"#define _CRT_SECURE_NO_WARNINGS\n\n// #define _GLIBCXX_DEBUG\n\n#include ""stdc++.h""\n\nusing namespace std;\n\ntypedef long long ll;\n\n// #define int ll\n\ntypedef vector<int> vi;\n\ntypedef vector<vi> vvi;\n\ntypedef pair<int,int> pii;\n\n#define all(c) begin(c), end(c)\n\n#define loop(i,a,b) for(ll i=a; i<ll(b); i++)\n\n#define rep(i,b) loop(i,0,b)\n\n#define loopi(i,a,b) for(ll a=a;i<=ll(b);i++)\n\n#define repi(i,b) loopi(i,1,b)\n\n#define pb push_back\n\n#define eb emplace_back\n\n#define mp make_pair\n\n#define mt make_tuple\n\ntemplate<class T> ostream & operator << (ostream &os, vector<T> const &);\n\ntemplate<int n, class...T>\n\ntypename enable_if<(n>=sizeof...(T))>::type\n\n_ot(ostream &, tuple<T...> const &){}\n\ntemplate<int n, class...T>\n\ntypename enable_if<(n< sizeof...(T))>::type\n\n_ot(ostream &os, tuple<T...> const &t){\n\n    os << (n==0?"""":"" "") << get<n>(t); _ot<n+1>(os, t);\n\n}\n\ntemplate<class...T>\n\nostream & operator << (ostream &os, tuple<T...> const &t){\n\n    _ot<0>(os, t); return os;\n\n}\n\ntemplate<class T, class U>\n\nostream & operator<<(ostream &os, pair<T,U> const &p){\n\n    return os << ""("" << p.first << "", "" << p.second << "") "";\n\n}\n\ntemplate<class T>\n\nostream & operator<<(ostream &os, vector<T> const &v){\n\n    rep(i,v.size()) os << v[i] << (i+1==(int)v.size()?"""":"" ""); return os;\n\n}\n\n#ifdef DEBUG\n\n#define dump(...) (cerr << #__VA_ARGS__ << "" = "" << mt(__VA_ARGS__) \\n\n                   << "" ["" << __LINE__ << ""]"" << endl)\n\n#else\n\n#define dump(...)\n\n#endif\n\nvoid fastios(){\n\n    ios_base::sync_with_stdio(0);\n\n    cin.tie(0);\n\n    // #define endl ""\n""\n\n}\n\ntemplate<class T>\n\nsize_t uniq(vector<T> &v){\n\n    sort(v.begin(), v.end());\n\n    v.erase(unique(v.begin(), v.end()), v.end());\n\n    return v.size();\n\n}\n\ntemplate<class T>\n\nsize_t uniq(T *l, size_t n){\n\n    sort(l,l+n);\n\n    return unique(l,n) - l;\n\n}\n\n#define mems(arr,val) memset(arr,val,sizeof(arr));\n\nint const mod = 1000000007;\n\nint const inf = numeric_limits<int>::max()/10;\n\n\n\nint popcount(unsigned long long x){\n\n    static int dp[66000];\n\n    if(dp[65536] != 16) for(int i = 0; i < 65536; i++) dp[i] = (i&1) + dp[i>>1];\n\n    int res = 0;\n\n    while(x) res += dp[x&65535], x >>= 16;\n\n    return res;\n\n}\n\n\n\nint solve(ll s, ll d){\n\n    //if(s <= 0 && d >= 0) return __builtin_popcount(-s) + __builtin_popcount(d);\n\n    if(s <= 0 && d >= 0) return popcount(-s) + popcount(d);\n\n    else if(s >= 0 && d >= 0){\n\n        int j = 0;\n\n        int ans = 0;\n\n        while(s < d){\n\n            if((s>>j&1) && (d>>j&1)){\n\n                s += 1LL<<j;\n\n                d -= 1LL<<j;\n\n                ans += 2;\n\n            } else if((s>>j&1) ^ (d>>j&1)){\n\n                s += 1LL<<j;\n\n                ans ++;\n\n            }\n\n            j++;\n\n        }\n\n        return ans;\n\n    } else return solve(-d,-s);\n\n}\n\n\n\nsigned main(){\n\n    fastios();\n\n    int N;\n\n    cin >> N;\n\n    rep(i,N){\n\n        ll s,d;\n\n        cin >> s >> d;\n\n        cout << solve(s,d) << endl;\n\n    }\n\n}",0.0
0099,1.0,2424827.1875,985024.3125,"#include <iostream>\n\nusing namespace std;\n\nint N, M, Q, p, r, a, prv[200007], nxt[200007];\n\nint main() {\n\n	cin >> N >> M >> Q;\n\n	for (int i = 0; i < N; i++) prv[i] = (i + N - 1) % N, nxt[i] = (i + 1) % N;\n\n	for (int i = 0; i < M; i++) {\n\n		cin >> a;\n\n		for (int j = 0; j < a; j++) p = a % 2 ? prv[p] : nxt[p];\n\n		nxt[prv[p]] = nxt[p], prv[nxt[p]] = prv[p];\n\n		r = nxt[p], prv[p] = nxt[p] = -1, p = r;\n\n	}\n\n	for (int i = 0; i < Q; i++) cin >> a, cout << (prv[a] != -1 ? 1 : 0) << endl;\n\n	return 0;\n\n}",0.0
0100,1.0,2447145.625,2437229.75,"#include <cstdio>\n\n#include <iostream>\n\n#include <map>\n\n#include <vector>\n\n#include <tuple>\n\n#include <algorithm>\n\nusing namespace std;\n\n\n\nint a[200010];\n\nint prv[200010],nxt[200010];\n\nbool win[200010];\n\n\n\nint main(void){\n\n	int n,m,q;\n\n	cin >> n >> m >> q;\n\n\n\n	for(int i=0;i<n;++i){\n\n		prv[i]=(i+n-1)%n,nxt[i]=(i+1)%n;win[i]=true;\n\n	}\n\n	int cur=0;\n\n	for(int i=0;i<m;++i){\n\n		cin >> a[i];\n\n		if(a[i]&1){\n\n			for(int j=0;j<a[i];++j) cur=prv[cur];\n\n		}else{\n\n			for(int j=0;j<a[i];++j) cur=nxt[cur];\n\n		}\n\n		win[cur]=false;\n\n		nxt[prv[cur]]=nxt[cur];\n\n		prv[nxt[cur]]=prv[cur];\n\n		cur=nxt[cur];\n\n	}\n\n\n\n	for(int i=0;i<q;++i){\n\n		int in;\n\n		cin >> in;\n\n		cout << win[in] << endl;\n\n	}\n\n	return 0;\n\n}",0.0
0101,1.0,2459597.5,2459597.5,"#include <cstdio>\n\n#include <cmath>\n\n#include <cstring>\n\n#include <utility>\n\n#include <queue>\n\n#include <vector>\n\n#include <string>\n\n#include <set>\n\n#include <functional>\n\n#include <algorithm>\n\n#include <iostream>\n\nusing namespace std;\n\ntypedef long long LL;\n\ntypedef pair<int,int> P;\n\nstruct Node {\n\n	int val;\n\n	Node *prev;\n\n	Node *next;\n\n	Node(int v) {\n\n		val=v;\n\n		prev=next=NULL;\n\n	}\n\n};\n\nNode *head=NULL,*tail=NULL;\n\nvoid add(int val) {\n\n	Node *New=new Node(val);\n\n	if(head==NULL) {\n\n		head=tail=New;\n\n	}else {\n\n		tail->next=New;\n\n		New->prev=tail;\n\n		tail=New;\n\n	}\n\n}\n\nvoid del(Node *node) {\n\n	if(node->prev!=NULL) {\n\n		node->prev->next=node->next;\n\n	}else {\n\n		head=node->next;\n\n	}\n\n	if(node->next!=NULL) {\n\n		node->next->prev=node->prev;\n\n	}else {\n\n		tail=node->prev;\n\n	}\n\n	delete node;\n\n}\n\nbool OK[200000];\n\nint main() {\n\n	int N,M,Q;\n\n	scanf(""%d %d %d"",&N,&M,&Q);\n\n	for(int i=0;i<N;i++) {\n\n		add(i);\n\n	}\n\n	Node *cur=head;\n\n	for(int i=0;i<M;i++) {\n\n		int a;\n\n		scanf(""%d"",&a);\n\n		if(a&1) {\n\n			for(int i=0;i<a;i++) {\n\n				cur=cur->prev;\n\n				if(cur==NULL) cur=tail;\n\n			}\n\n			Node *tmp=cur;\n\n			cur=cur->next;\n\n			if(cur==NULL) cur=head;\n\n			del(tmp);\n\n		}else {\n\n			for(int i=0;i<a;i++) {\n\n				cur=cur->next;\n\n				if(cur==NULL) cur=head;\n\n			}\n\n			Node *tmp=cur;\n\n			cur=cur->next;\n\n			if(cur==NULL) cur=head;\n\n			del(tmp);\n\n		}\n\n	}\n\n	for(Node *cur=head;cur!=NULL;cur=cur->next) {\n\n		OK[cur->val]=1;\n\n	}\n\n	for(int i=0;i<Q;i++) {\n\n		int q;\n\n		scanf(""%d"",&q);\n\n		printf(""%d\n"",OK[q]);\n\n	}\n\n}",0.0
0102,1.0,7612107.75,2421143.25,"#include <iostream>\n\n#include <string>\n\n#include <vector>\n\n#include <algorithm>\n\n#include <queue>\n\n#include <set>\n\n#include <map>\n\n#include <string.h>\n\n#include <cmath>\n\n\n\nusing namespace std;\n\ntypedef long long i64;\n\ntypedef long double ld;\n\ntypedef pair<i64,i64> P;\n\n#define rep(i,s,e) for(int (i) = (s);(i) <= (e);++(i))\n\n\n\nint n;\n\n\n\ni64 c[1010];\n\ni64 w[1010];\n\n\n\ni64 sum[1010];\n\n\n\nint dp[1010][1010];\n\n\n\nint main()\n\n{\n\n	cin >> n;\n\n	rep(i,0,n - 1)\n\n		cin >> c[i] >> w[i];\n\n\n\n	rep(i,1,n)\n\n	{\n\n		sum[i] = sum[i - 1] + w[i - 1];\n\n	}\n\n\n\n	auto getsum = [&](int l,int r){\n\n		return sum[r] - sum[l];\n\n	};\n\n\n\n	rep(i,0,1000) rep(j,0,1000) dp[i][j] = 1e9;\n\n\n\n	rep(i,0,1000)\n\n		dp[i][i + 1] = 1;\n\n	\n\n	rep(w,2,n)\n\n	{\n\n		rep(l,0,n - 1)\n\n		{\n\n			//[l,r)\n\n			int r = l + w;\n\n			if(r > n) continue;\n\n\n\n			rep(mid,l + 1,r - 1)\n\n			{\n\n				dp[l][r] = min(dp[l][r] , dp[l][mid] + dp[mid][r]);\n\n			}\n\n\n\n			//left is mighty\n\n			{\n\n\n\n				i64 w_s = getsum(l + 1,r);\n\n				if(c[l] >= w_s && dp[l + 1][r] == 1)\n\n				{\n\n					dp[l][r] = 1;\n\n				}\n\n			}\n\n			{\n\n				i64 w_s = getsum(l,r - 1);\n\n				if(c[r - 1] >= w_s && dp[l][r - 1] == 1)\n\n				{\n\n					dp[l][r] = 1;\n\n				}\n\n			}\n\n			/*\n\n			rep(i,0,n)\n\n			{\n\n				if(l <= i && i < r)\n\n					cout << ""="";\n\n				else\n\n					cout << "" "";\n\n			}\n\n			cout << dp[l][r] << endl;\n\n			*/\n\n		}\n\n\n\n	}\n\n\n\n	cout << dp[0][n] << endl;\n\n\n\n}\n\n\n",0.0
0103,1.0,7805291.5,2464464.3125,"#include ""stdc++.h""\n\n#define REP(i,n,N) for(int i=n;i<N;i++)\n\n#define p(S) cout<<(S)<<endl\n\nusing namespace std;\n\nint dp[1001][1001];\n\nint w[100010],c[100010];\n\nint sumw[100010];\n\nint main(){\n\n	int n;\n\n	cin>>n;\n\n	REP(i,0,n) {\n\n		cin>>c[i]>>w[i];\n\n		if(i>0)	sumw[i]=sumw[i-1]+w[i];\n\n		else sumw[i]=w[i];\n\n	}\n\n	REP(i,0,1001) REP(j,i,1001) dp[i][j]=j-i+1;\n\n	REP(i,0,n-1)  if(c[i]>=w[i+1]||c[i+1]>=w[i]) dp[i][i+1]=1;\n\n\n\n\n\n	for(int k=2;k<n;k++){\n\n		for(int i=0;i+k<n;i++){\n\n			if((dp[i+1][i+k]==1&&c[i]>=sumw[i+k]-sumw[i])||(dp[i][i+k-1]==1&&c[i+k]>=sumw[i+k-1]-(i?sumw[i-1]:0)))\n\n				dp[i][i+k]=1;\n\n			else dp[i][i+k]=min(dp[i+1][i+k],dp[i][i+k-1])+1;\n\n\n\n			for(int j=i+1;j<i+k;j++)\n\n				dp[i][i+k]=min(dp[i][i+k],dp[i][j]+dp[j+1][i+k]);\n\n		}\n\n	}\n\n	p(dp[0][n-1]);\n\n	return 0;\n\n}",0.0
0104,1.0,6839677.875,2489507.0625,"#include <iostream>\n\n#include <cstring>\n\nusing namespace std;\n\n\n\nint main(){\n\n  int n,mp[302][302],x[302][302]={},y[302][302]={};\n\n  cin>>n;\n\n  for(int i=0;i<n;i++)\n\n    for(int j=0;j<n;j++)cin>>y[i][j],mp[i][j]=x[i][j]=y[i][j];\n\n  \n\n  int ans=max(y[0][n-1],y[n-1][0]);\n\n  for(int i=0;i<n;i++)\n\n    for(int j=n-2;j>=0;j--) {\n\n      x[i][j]+=x[i][j+1];\n\n      y[j][i]+=y[j+1][i];\n\n      if(ans<x[i][j])ans=x[i][j];\n\n      if(ans<y[j][i])ans=y[j][i];\n\n    }\n\n\n\n\n\n  int sum[302][302],K[2][302][302]={};\n\n\n\n\n\n  for(int i=0;i<=n;i++)\n\n    for(int j=0;j<=n;j++) sum[i][j]=-100000000;\n\n\n\n  int t=0;\n\n  while(1){\n\n    t++;\n\n    for(int i=0;i<n;i++) //yoko\n\n      for(int j=i+1;j<n;j++) {//yoko\n\n	int a=K[t%2][i][j];\n\n	K[(t+1)%2][i][j]=a;\n\n	sum[i][j]=-100000000;\n\n	for(int k=a+1;k<n;k++) { //tate\n\n	  int X=(x[a][i]-x[a][j+1])+(x[k][i]-x[k][j+1]);\n\n	  int Y=(y[a+1][i]-y[k][i])+(y[a+1][j]-y[k][j]);\n\n	  if(sum[i][j]<=X+Y)sum[i][j]=X+Y,K[(t+1)%2][i][j]=k;\n\n	  ans=max(ans,sum[i][j]);\n\n	}\n\n      }\n\n\n\n    int f=1;\n\n    for(int i=0;i<n;i++) //yoko\n\n      for(int j=i+1;j<n;j++) //yoko\n\n	for(int k=K[t%2][i][j]+1;k<K[(t+1)%2][i][j];k++){\n\n	  f=0;\n\n	  int X=(x[k][i+1]-x[k][j])-(x[k-1][i]-x[k-1][j+1]);\n\n	  sum[i][j]+=X;\n\n	  ans=max(ans,sum[i][j]);\n\n	}\n\n    if(f)break;\n\n  }\n\n  cout <<ans<<endl;\n\n	  \n\n  return 0; \n\n}",0.0
0105,1.0,5626882.5,2855966.0625,"#include<deque>\n\n#include<queue>\n\n#include<vector>\n\n#include<algorithm>\n\n#include<iostream>\n\n#include<set>\n\n#include<cmath>\n\n#include<tuple>\n\n#include<string>\n\n#include<chrono>\n\n#include<functional>\n\n#include<iterator>\n\n#include<random>\n\n#include<unordered_set>\n\n#include<unordered_map>\n\n#include<array>\n\n#include<map>\n\n#include<iomanip>\n\n//<< setprecision(5)\n\nusing namespace std;\n\ntypedef long long int llint;\n\ntypedef long double lldo;\n\n#define mp make_pair\n\n#define mt make_tuple\n\n#define pub push_back\n\n#define puf push_front\n\n#define pob pop_back\n\n#define pof pop_front\n\n#define fir first\n\n#define sec second\n\n#define res resize\n\n#define ins insert\n\n#define era erase\n\n#define dme cout<<-1<<endl;return 0\n\nconst int mod=1000000007;\n\nconst llint big=1e9+10;\n\nconst long double pai=3.141592653589793238462643383279502884197;\n\nconst long double eps=1e-7;\n\ntemplate <class T,class U>void mineq(T& a,U b){if(a>b){a=b;}}\n\ntemplate <class T,class U>void maxeq(T& a,U b){if(a<b){a=b;}}\n\nllint gcd(llint a,llint b){if(a%b==0){return b;}else return gcd(b,a%b);}\n\nllint lcm(llint a,llint b){return a/gcd(a,b)*b;}\n\nint main(void){\n\n	int n,i;cin>>n;\n\n	static int aizu[200300]={0};\n\n	for(i=0;i<n;i++){\n\n		int a,b;cin>>a>>b;\n\n		aizu[a+b]++;\n\n	}\n\n	for(i=0;i<200279;i++){\n\n		aizu[i+1]+=aizu[i]/2;\n\n		aizu[i]%=2;\n\n		if(aizu[i]==1){cout<<i<<"" 0""<<endl;}\n\n	}\n\n	return 0;\n\n\n\n}",0.0
0108,1.0,18893360.4375,2437305.9375,"#include ""stdc++.h""\n\n\n\nusing namespace std;\n\n\n\ntypedef long long int64;\n\n\n\nint64 memo[1111][1111];\n\n\n\n \n\n\n\nint64 dfs(int i,int cnt);\n\n\n\nstring t,b;\n\n\n\n \n\n\n\nint main(){\n\n\n\n  for(int i = 0;i < 1111;i++){\n\n\n\n    for(int j = 0;j < 1111;j++){\n\n\n\n      memo[i][j] = -1;\n\n\n\n    }\n\n\n\n  }\n\n\n\n  t += '0';\n\n\n\n  string a;\n\n\n\n  cin >> a >> b;\n\n\n\n  t += a;\n\n\n\n  cout << dfs(0,0) << endl;\n\n\n\n  return 0;\n\n\n\n}\n\n\n\n \n\n\n\nint64 dfs(int i,int cnt){\n\n\n\n  int rec = 0;\n\n\n\n  if(cnt == b.size())return 1;\n\n\n\n  if(memo[i][cnt] != -1)return memo[i][cnt];\n\n\n\n  for(int j = i + 1;j < t.size();j++){\n\n\n\n    if(t[j] == b[cnt])rec = (rec + dfs(j,cnt + 1)) % 1000000007;\n\n\n\n  }\n\n\n\n  return memo[i][cnt] = rec % 1000000007;\n\n\n\n}",0.0
0109,1.0,4659980.8125,987841.4375,"#include""stdc++.h""\n\nusing namespace std;\n\nint n;\n\nint a[100005];\n\nint x[100005];\n\nint y[100005];\n\n\n\nint main(){\n\n  scanf(""%d"",&n);\n\n  for(int i=0;i<n;i++){\n\n    cin>>a[i];\n\n  }\n\n\n\n  memset(x,-1,sizeof(x));\n\n  memset(y,-1,sizeof(y));\n\n  \n\n  int ans=0;\n\n  for(int i=0;i<n;i++){\n\n    int p=i,c=0;\n\n    while(x[p]==-1){\n\n      x[p]=c++;\n\n      y[p]=i;\n\n      p=(p+a[p])%n;\n\n    }\n\n    if(y[p]==i)ans+=(c-x[p]);\n\n  }\n\n\n\n  cout<<ans<<endl;\n\n  return 0;\n\n}",0.0
0110,1.0,7280399.0,2460075.4375,"#include ""stdc++.h""\n\nusing namespace std;\n\nint n;\n\nint d[1000000];\n\n\n\nstring check2(){\n\n  int nowpos=n-1;\n\n  int canhop=n-1;\n\n  int minhop=n-1;\n\n\n\n  for(int j=0;j<300000;j++){\n\n    canhop=nowpos-d[nowpos]/10;\n\n    minhop=canhop;\n\n    if(canhop<=0)return ""yes"";\n\n\n\n    for(int i=nowpos;i>=canhop;i--){\n\n      if(i-d[i]/10<minhop){\n\n        nowpos=i;\n\n        minhop=i-d[i]/10;\n\n      }\n\n    }\n\n\n\n\n\n  }\n\n  return ""no"";\n\n}\n\n\n\nstring check1(){\n\n  int nowpos=0;\n\n  int canhop=0;\n\n  int maxhop=0;\n\n\n\n  for(int j=0;j<300000;j++){\n\n    canhop=d[nowpos]/10+nowpos;\n\n    maxhop=canhop;\n\n    if(canhop>=n-1)return check2();\n\n\n\n    for(int i=nowpos;i<=canhop;i++){\n\n      if(d[i]/10+i>=maxhop){\n\n        nowpos=i;\n\n        maxhop=d[i]/10+i;\n\n      }\n\n    }\n\n  }\n\n  return ""no"";\n\n}\n\n\n\nint main(){\n\n  cin >>n;\n\n  for(int i=0;i<n;i++){\n\n    cin>>d[i];\n\n    int sub=d[i]%10;\n\n    d[i]-=sub;\n\n  }\n\n  cout <<check1()<<endl;\n\n  return 0;\n\n}",0.0
0111,1.0,9987966.1875,2397848.125,"#include ""stdc++.h""\n\nusing namespace std;\n\n\n\nint h, n;\n\nvector<int> b;\n\n\n\nint dp[101010][10];\n\n\n\nint dfs(int i = 1, int bit = 0) {\n\n  if (i == h) {\n\n    return 0;\n\n  }\n\n  bit |= b[i];\n\n\n\n  int &ret = dp[i][bit];\n\n  if (~ret)\n\n    return ret;\n\n\n\n  ret = 0;\n\n  if (bit == 0)\n\n    ret = max(ret, dfs(i + 1, 0b111) + 2);\n\n  if ((bit & (0b100)) == 0)\n\n    ret = max(ret, dfs(i + 1, 0b110) + 1);\n\n  if ((bit & (0b010)) == 0)\n\n    ret = max(ret, dfs(i + 1, 0b111) + 1);\n\n  if ((bit & (0b001)) == 0)\n\n    ret = max(ret, dfs(i + 1, 0b011) + 1);\n\n  ret = max(ret, dfs(i + 1, 0));\n\n\n\n  return ret;\n\n}\n\n\n\nint main() {\n\n  memset(dp, -1, sizeof(dp));\n\n  cin >> h >> n;\n\n\n\n  int ei[4] = {0b100, 0b110, 0b011, 0b001};\n\n  b.assign(h + 1, 0);\n\n  for (int i = 0; i < n; ++i) {\n\n    int x, y;\n\n    cin >> x >> y;\n\n    b[y + 1] |= ei[x];\n\n    b[y] |= ei[x];\n\n  }\n\n\n\n  cout << dfs() << endl;\n\n}\n",0.0
0116,1.0,3229749.375,1070530.3125,"#include <map>\n\n#include <iostream>\n\n\n\nusing namespace std;\n\n\n\nint main()\n\n{\n\n	int N, M;\n\n\n\n	char A, B, C;\n\n\n\n	while (true)\n\n	{\n\n		cin >> N;\n\n\n\n		if (N == 0) { break; }\n\n\n\n		map<char, char> converse;\n\n\n\n		for (char i = '0'; i <= 'z'; i++)\n\n		{\n\n			converse[i] = i;\n\n		}\n\n\n\n		for (int i = 0; i < N; i++)\n\n		{\n\n			cin >> A >> B;\n\n\n\n			converse[A] = B;\n\n		}\n\n\n\n		cin >> M;\n\n\n\n		for (int i = 0; i < M; i++)\n\n		{\n\n			cin >> C;\n\n\n\n			cout << converse[C];\n\n		}\n\n\n\n		cout << endl;\n\n	}\n\n\n\n	return 0;\n\n}",0.0
0117,1.0,3104944.9375,2530382.375,"#include <iostream>\n\n#include <map>\n\n#include <string>\n\n\n\nusing namespace std;\n\n\n\nint main() {\n\n	int n, m;\n\n	while (cin >> n, n) {\n\n		char a, b;\n\n		string str;\n\n		map<char, char> to;\n\n		for (int i = 0; i < n; ++i) {\n\n			cin >> a >> b;\n\n			to[a] = b;\n\n		}\n\n		cin >> m;\n\n		for (int i = 0; i < m; ++i) {\n\n			cin >> a;\n\n			if (to[a]) a = to[a];\n\n			str += a;\n\n		}\n\n		cout << str << endl;\n\n	}\n\n	return 0;\n\n}",0.0
0118,1.0,2546979.9375,2405449.3125,"#include <iostream>\n\nusing namespace std;\n\n\n\nint n,m;\n\npair<char, char> p[100];\n\nchar ch[100000];\n\n\n\nint find_change(char *a) {\n\n	for (int i = 0; i < n; i++) {\n\n		if (p[i].first == *a) {\n\n			*a = p[i].second;\n\n			return 0;\n\n		}\n\n	}\n\n	return 1;\n\n}\n\n\n\nint main(){\n\n\n\n	while (cin >> n && n > 0) {\n\n		for (int i = 0; i < n; i++) {\n\n			cin >> p[i].first >> p[i].second;\n\n		}\n\n		cin >> m;\n\n		for (int i = 0; i < m; i++) {\n\n			cin >> ch[i];\n\n			find_change(ch + i);\n\n		}\n\n		for (int i = 0; i < m; i++)\n\n			cout << ch[i];\n\n		cout << endl;\n\n	}\n\n	return 0;\n\n}",0.0
0120,1.0,4715700.375,1565565.5625,"#include<iostream>\n\n#include<algorithm>\n\n#include<cstring>\n\n#include<cstdio>\n\n#include<vector>\n\n#include<map>\n\nusing namespace std;\n\ntypedef vector<int> PP;\n\ntypedef vector<PP> P;\n\nint n,r;\n\n\n\nstruct block{\n\n	int x1,x2,y,f;\n\n};\n\n\n\nblock b[20002];\n\nint fie[10002][2];\n\n\n\nbool comp(const block &b1,const block &b2){\n\n	return b1.y<b2.y;\n\n}\n\n\n\nint main(void){\n\n	while(1){\n\n		scanf(""%d%d"",&n,&r);\n\n		if(n==0 && r==0)break;\n\n		memset(fie,0,sizeof(fie));\n\n		memset(b,0,sizeof(b));\n\n		for(int i=0;i<n;i++){\n\n			int y1,y2;\n\n			scanf(""%d%d%d%d"",&b[i*2].x1,&y1,&b[i*2].x2,&y2);\n\n			b[i*2].x2--;\n\n			b[i*2+1].x1=b[i*2].x1;\n\n			b[i*2+1].x2=b[i*2].x2;\n\n			b[i*2].y=y1;\n\n			b[i*2+1].y=y2;\n\n			b[i*2].f=1;\n\n			b[i*2+1].f=-1;\n\n		}\n\n		sort(b,b+n*2,comp);\n\n		int ny=0;\n\n		int now=0,prev=1;\n\n		int res=0,res2=0;\n\n		for(int i=0;i<n*2;i++){\n\n			if(ny!=b[i].y){\n\n				swap(now,prev);\n\n				int cnt=0;\n\n				int cnt2=0,bt=0,cnt3=0;\n\n				for(int j=0;j<=10000;j++){\n\n					if(fie[j][now]>0 && fie[j][prev]==0)cnt3++;\n\n					if(fie[j][now]==0 && fie[j][prev]>0)cnt3++;\n\n					fie[j][now]=fie[j][prev];\n\n					if(fie[j][now]>0){\n\n						cnt++;\n\n						if(bt==0)cnt2++,bt=1;\n\n					}else bt=0;\n\n				}\n\n				res+=cnt*(b[i].y-ny);\n\n				res2+=cnt2*2*(b[i].y-ny)+cnt3;\n\n			}\n\n			ny=b[i].y;\n\n			for(int j=b[i].x1;j<=b[i].x2;j++)fie[j][now]+=b[i].f;\n\n			//printf(""%d\n"",res2);\n\n			\n\n		}\n\n		printf(""%d\n"",res);\n\n		if(r==2){\n\n			swap(now,prev);\n\n			int cnt3=0;\n\n			for(int j=0;j<=10000;j++){\n\n				if(fie[j][now]>0 && fie[j][prev]==0)cnt3++;\n\n				if(fie[j][now]==0 && fie[j][prev]>0)cnt3++;\n\n				fie[j][now]=fie[j][prev];\n\n			}\n\n			res2+=cnt3;\n\n			printf(""%d\n"",res2);\n\n		}\n\n	}\n\n	return 0;\n\n}",0.0
0121,1.0,5914715.4375,2541092.25,"#include<iostream>\n\n#include<vector>\n\n#include<algorithm>\n\nusing namespace std;\n\nint main(){\n\n    int a,b,c,n;\n\n    while(cin>>a>>b>>c,a||b||c){\n\n        cin>>n;\n\n        int f[300];\n\n        fill(f,f+300,2);\n\n        int m=a+b+c;\n\n        int x[1000],y[1000],z[1000];\n\n        bool r[1000];\n\n        for(int i=0;i<n;i++){\n\n            cin>>x[i]>>y[i]>>z[i]>>r[i];\n\n            x[i]--;y[i]--;z[i]--;\n\n        }\n\n\n\n\n\n        int cnt=0;\n\n        while(cnt<100000){\n\n\n\n            for(int i=0;i<n;i++){\n\n                int a=x[i],b=y[i],c=z[i];\n\n                bool Flag=r[i];\n\n                if(Flag){\n\n\n\n                    f[a]=f[b]=f[c]=1;\n\n                }\n\n                else{\n\n                    if(f[b]==1&&f[c]==1){\n\n\n\n                        f[a]=0;\n\n                    }\n\n                    if(f[a]==1&&f[c]==1){\n\n\n\n                        f[b]=0;\n\n                    }\n\n                    if(f[a]==1&&f[b]==1){\n\n\n\n                        f[c]=0;\n\n                    }\n\n                }\n\n            }\n\n            cnt++;\n\n        }\n\n        for(int i=0;i<m;i++)cout<<f[i]<<endl;\n\n    }\n\n}",0.0
0122,1.0,2984987.0625,977360.4375,"#include<iostream>\n\n\n\nusing namespace std;\n\n\n\nint main(){\n\n	\n\n	while(1){\n\n		int n,m;\n\n		\n\n		cin>>n>>m;\n\n		\n\n		if(n==0 && m ==0){\n\n			break;\n\n		}\n\n		int input[100000];\n\n		\n\n		for(int i=0;i<n;i++){\n\n			cin>>input[i];\n\n		}\n\n		\n\n		int cont = m;\n\n		\n\n		int now = 0;\n\n		for(int i=0;i<m;i++){\n\n			now += input[i];\n\n		}\n\n		\n\n		\n\n		int max = now;\n\n		for(int i=m;i<n;i++){\n\n			now-=input[i-m];\n\n			now+=input[i];\n\n			\n\n			if(now>max){\n\n				max=now;\n\n			}\n\n		}\n\n	\n\n	cout<<max<<endl;\n\n	}\n\n	\n\n	return 0;\n\n}",0.0
0123,1.0,3448198.1875,983873.375,"#include""stdc++.h""\n\n\n\nusing namespace std ;\n\n\n\nint main()\n\n{\n\n	int n ;\n\n	while( cin >> n ,n )\n\n	{\n\n		int m ;\n\n		cin >> m ;\n\n		int num[ n ] ;\n\n		for( int i  = 0 ; i < n ; i++ )\n\n			cin >> num[ i ] ;\n\n		int ans = 0 ;\n\n		for( int i  = 0 ; i < n ; i++ )\n\n		{\n\n			int cnt = 0 ;\n\n			for( int j = i ; j < m + i && m + i < n ; j++ )\n\n				cnt += num[ j ] ;\n\n			ans = max( ans ,cnt ) ;\n\n		}\n\n		cout << ans << endl ;\n\n	}\n\n	return 0 ;\n\n}",0.0
0124,1.0,8670984.625,977372.625,"#include<iostream>\n\n#include<algorithm>\n\nusing namespace std;\n\n\n\nint main(){\n\n  int n,k;\n\n  int a[1000000];\n\n\n\n  for(;;){\n\n    cin >> n >> k;\n\n    if(!n && !k)break;\n\n\n\n    for(int i=0;i<n;i++)cin >> a[i];\n\n    int sum = 0;\n\n    for(int i=0;i<k;i++)sum += a[i];\n\n    int m = sum;\n\n    for(int i=k;i<n;i++){\n\n      sum += a[i] - a[i-k];\n\n      m = max(m,sum);\n\n    }\n\n    cout << m << endl;\n\n  }\n\n}",0.0
0125,1.0,5728906.0625,992735.25,"#include <iostream>\n\n#include <sstream>\n\n#include <cstdio>\n\n#include <cstdlib>\n\n#include <cmath>\n\n#include <ctime>\n\n#include <cstring>\n\n#include <string>\n\n#include <vector>\n\n#include <stack>\n\n#include <queue>\n\n#include <deque>\n\n#include <map>\n\n#include <set>\n\n#include <bitset>\n\n#include <numeric>\n\n#include <utility>\n\n#include <iomanip>\n\n#include <algorithm>\n\n#include <functional>\n\nusing namespace std;\n\n\n\ntypedef long long ll;\n\ntypedef vector<int> vint;\n\ntypedef vector<long long> vll;\n\ntypedef pair<int,int> pint;\n\ntypedef pair<long long, long long> pll;\n\n\n\n#define MP make_pair\n\n#define PB push_back\n\n#define ALL(s) (s).begin(),(s).end()\n\n#define EACH(i, s) for (__typeof__((s).begin()) i = (s).begin(); i != (s).end(); ++i)\n\n#define COUT(x) cout << #x << "" = "" << (x) << "" (L"" << __LINE__ << "")"" << endl\n\n\n\ntemplate<class T> inline bool chmax(T& a, T b) { if (a < b) { a = b; return 1; } return 0; }\n\ntemplate<class T> inline bool chmin(T& a, T b) { if (a > b) { a = b; return 1; } return 0; }\n\ntemplate<class T1, class T2> ostream& operator << (ostream &s, pair<T1,T2> P) \n\n{ return s << '<' << P.first << "", "" << P.second << '>'; }\n\ntemplate<class T> ostream& operator << (ostream &s, vector<T> P) \n\n{ for (int i = 0; i < P.size(); ++i) { if (i > 0) { s << "" ""; } s << P[i]; } return s; }\n\ntemplate<class T1, class T2> ostream& operator << (ostream &s, map<T1,T2> P) \n\n{ EACH(it, P) { s << ""<"" << it->first << ""->"" << it->second << ""> ""; } return s; }\n\n\n\n\n\nconst int MAX = 200000;\n\nconst ll INF = 1LL<<61;\n\n\n\nint n, k;\n\nlong long a[MAX];\n\n\n\nint main() {\n\n    while (cin >> n >> k) {\n\n        if (n == 0) break;\n\n        memset(a, 0, sizeof(a));\n\n        for (int i = 0; i < n; ++i) cin >> a[i+1];\n\n        for (int i = 0; i <= n; ++i) a[i+1] += a[i];\n\n        \n\n        long long res = -INF;\n\n        for (int i = 0; i + k <= n; ++i) {\n\n            chmax(res, a[i+k] - a[i]);\n\n        }\n\n        cout << res << endl;\n\n    }\n\n    return 0;\n\n}\n",0.0
0126,1.0,3168362.375,2269497.375,"#include <cstdio>\n\n#include <cstring>\n\n\n\nusing namespace std;\n\n\n\n#define rep1(i,x) for(int i=1;i<=(x);++i)\n\n\n\nint a[100001];\n\nint memo[100001];\n\nint start[100001];\n\n\n\nint main()\n\n{\n\n    int n, k;\n\n    while (scanf(""%d %d"", &n, &k), n || k) {\n\n        memset(a, 0, sizeof(a));\n\n        memset(memo, 0, sizeof(memo));\n\n        memset(start, 0, sizeof(start));\n\n\n\n        bool f = false;\n\n\n\n        rep1(i, k) {\n\n            int tmp; scanf(""%d"", &tmp);\n\n            if (tmp == 0) f = true;\n\n            else a[tmp] = true;\n\n        }\n\n\n\n        rep1(i, n) {\n\n            if (a[i]) {\n\n                if (i - 1 >= 0 && a[i - 1]) {\n\n                    start[i] = start[i - 1];\n\n                    memo[start[i]]++;\n\n                } else {\n\n                    start[i] = i;\n\n                    memo[start[i]]++;\n\n                }\n\n            }\n\n        }\n\n\n\n        int ma = 0;\n\n        int now = -1;\n\n\n\n        rep1(i, n) {\n\n            if (a[i]) {\n\n                if (now == start[i]) continue;\n\n                if (ma < memo[start[i]]) {\n\n                    ma = memo[start[i]];\n\n                    now = start[i];\n\n                }\n\n            } else if (f) {\n\n                int v;\n\n                if (i + 1 <= n && a[i - 1] && a[i + 1]) {\n\n                    v = memo[start[i - 1]] + memo[start[i + 1]] + 1;\n\n                    if (ma < v) {\n\n                        ma = v;\n\n                        now = start[i + 1];\n\n                    }\n\n                } else if (a[i - 1]) {\n\n                    v = memo[start[i - 1]] + 1;\n\n                    if (ma < v) {\n\n                        ma = v;\n\n                        now = start[i - 1];\n\n                    }\n\n                } else if (i + 1 <= n && a[i + 1]) {\n\n                    v = memo[start[i + 1]] + 1;\n\n                    if (ma < v) {\n\n                        ma = v;\n\n                        now = start[i + 1];\n\n                    }\n\n                }\n\n            }\n\n        }\n\n\n\n        printf(""%d\n"", ma);\n\n    }\n\n}",0.0
0127,1.0,2664197.1875,2551464.0,"#include<iostream>\n\n#include<vector>\n\nusing namespace std;\n\n\n\nclass Section\n\n{\n\nprivate:\n\n  int _begin, _end;\n\npublic:\n\n  Section(int b, int e)\n\n  {\n\n    _begin = b;\n\n    _end = e;\n\n  }\n\n\n\n  int begin()\n\n  {\n\n    return _begin;\n\n  }\n\n\n\n  int end()\n\n  {\n\n    return _end;\n\n  }\n\n\n\n  int length()\n\n  {\n\n    return end() - begin();\n\n  }\n\n};\n\n\n\nvector<Section> sections;\n\nbool card[100002];\n\nint K, N;\n\nint main()\n\n{\n\nloop:\n\n  fill(card, card + 100002, false);\n\n  sections.clear();\n\n\n\n  cin >> N >> K;\n\n  if(!N)\n\n    return 0;\n\n  for(int i = 0; i < K; i++)\n\n  {\n\n    int a;\n\n    cin >> a;\n\n    card[a] = true;\n\n  }\n\n\n\n  bool keep = false;\n\n  int st, ans = 0;\n\n  for(int i = 1; i <= N + 1; i++)\n\n  {\n\n    if(keep && !card[i])\n\n    {\n\n      sections.push_back(Section(st, i));\n\n      keep = false;\n\n    }\n\n    if(!keep && card[i])\n\n    {\n\n      st = i;\n\n      keep = true;\n\n    }\n\n  }\n\n    \n\n  for(auto it = sections.begin(); it != sections.end(); ++it)\n\n  {\n\n    if(card[0] && (it + 1) != sections.end() && it->end() + 1 == (it + 1)->begin())\n\n      ans = max(ans, it->length() + (it + 1)->length() + 1);\n\n    if(card[0])\n\n      ans = max(ans, it->length() + 1);\n\n    ans = max(ans, it->length());\n\n  }\n\n  cout << ans << endl;\n\n  goto loop;\n\n}",0.0
0128,1.0,3099442.1875,2432293.0625,"#include <iostream>\n\n#include <cstdio>\n\n#include <cmath>\n\n#include <algorithm>\n\n#include <queue>\n\n\n\n#define MAX_N 5000\n\n\n\nusing namespace std;\n\n\n\nint N;\n\nint E;\n\nvector<int > in[MAX_N + 1];\n\nvector<int > out[MAX_N + 1];\n\nqueue<int > S;\n\nqueue<int > L;\n\n\n\nbool multi_flag;\n\n\n\nbool in_exist(int v){\n\n	bool flag = false;\n\n	if(in[v].empty()) return false;\n\n	for(int i = 0;i < in[v].size();i++){\n\n		if(in[v][i] != -1) return true;\n\n	}\n\n	return false;\n\n}\n\n\n\nvoid solve(){\n\n	for(int i = 1;i <= N;i++){\n\n		if(in_exist(i) == false) S.push(i);\n\n	}\n\n\n\n	while(!S.empty()){\n\n		int u = S.front();S.pop();\n\n		L.push(u);\n\n		int entered = 0;\n\n		for(int i = 0;i < out[u].size();i++){\n\n			int to = out[u][i];\n\n			for(int i = 0;i < in[to].size();i++){\n\n				if(in[to][i] == u) in[to][i] = -1;\n\n			}\n\n			\n\n			if(in_exist(to) == false){\n\n				S.push(to);\n\n				entered++;\n\n			}\n\n		}\n\n		if(entered >= 2) multi_flag = true;\n\n	}\n\n\n\n	return ;\n\n}\n\n\n\nint main(){\n\n\n\n	scanf(""%d"",&N);\n\n	scanf(""%d"",&E);\n\n	//for(int i = 0;i <= MAX_N;i++){\n\n	//	for(int j = 0;j <= MAX_N;j++){\n\n	//		edge[i][j] = false;\n\n	//	}\n\n	//}\n\n	int _u,_v;\n\n	for(int i = 0;i < E;i++){\n\n		scanf(""%d%d"",&_u,&_v);\n\n		in[_v].push_back(_u);\n\n		out[_u].push_back(_v);\n\n	}\n\n\n\n	solve();\n\n\n\n	while(!L.empty()){\n\n		int team = L.front();L.pop();\n\n		printf(""%d\n"",team);\n\n	}\n\n	if(multi_flag) puts(""1"");\n\n	else puts(""0"");\n\n\n\n	return 0;\n\n}",0.0
0129,1.0,10932667.4375,8876330.3125,"#include <iostream>\n\n#include <cstdio>\n\n#include <cstring>\n\nusing namespace std;\n\nint n,m,ans;\n\nint a[11][100001];\n\nvoid dfs(int x)\n\n{\n\n	int i,j;\n\n	if(x>=n)\n\n	return;\n\n	else\n\n	{\n\n		int sum=0;\n\n		for(i=0;i<m;i++)\n\n		{\n\n			int count=0;\n\n			for(j=0;j<n;j++)\n\n			{\n\n			  if(a[j][i]==1)\n\n			  count++;	\n\n			}\n\n			\n\n			sum+=max(count,n-count);\n\n		}\n\n		if(sum>ans)\n\n		ans=sum;\n\n		dfs(x+1);\n\n		for(i=0;i<m;i++)\n\n		{\n\n			if(a[x][i]==1)\n\n			a[x][i]=0;\n\n			else\n\n			a[x][i]=1;\n\n		}\n\n		dfs(x+1);\n\n	   for(i=0;i<m;i++)\n\n		{\n\n			if(a[x][i]==1)\n\n			a[x][i]=0;\n\n			else\n\n			a[x][i]=1;\n\n		}\n\n	}\n\n}\n\nint main()\n\n{\n\n	int i,j;\n\n   while(~scanf(""%d%d"",&n,&m))\n\n   {\n\n   	if(n==0&&m==0)\n\n   	break;\n\n   	memset(a,0,sizeof(a));\n\n   	ans=0;\n\n   	for(i=0;i<n;i++)\n\n   	{\n\n   		for(j=0;j<m;j++)\n\n   		{\n\n   			scanf(""%d"",&a[i][j]);\n\n		}\n\n	}\n\n	 dfs(0);\n\n	 printf(""%d\n"",ans);\n\n   }\n\n  return 0;\n\n}",0.0
0130,1.0,2610233.0625,1014517.4375,"#include<iostream>\n\n#include<math.h>\n\nusing namespace std;\n\n\n\nint r,c;\n\nbool state[10][10000];\n\nbool linemap[10][10000];\n\nint mapcount;\n\nint getnum(bool status[10][10000]){\n\n	int num=0;\n\n	for(int i=0;i<r;i++){\n\n		for(int j=0;j<c;j++){\n\n			if(status[i][j])num++;\n\n		}\n\n	}\n\n	return num;\n\n}\n\n\n\nvoid adjust(){\n\n	\n\n		for(int j=0;j<c;j++){\n\n			int num0=0,num1=0;\n\n			for(int k=0;k<r;k++){\n\n				if(linemap[k][j])num1++;\n\n				else num0++;\n\n			}\n\n			if(num0>num1){\n\n				for(int k=0;k<r;k++){\n\n					linemap[k][j]=1-linemap[k][j];\n\n				}\n\n			}\n\n		}\n\n	\n\n}\n\nint creatlinemap(){\n\n	int max=0;\n\n	for(int i=0;i<mapcount;i++){\n\n		for(int j=0;j<r;j++){\n\n			if(i&(1<<j)){\n\n				for(int k=0;k<c;k++){\n\n					linemap[j][k]=state[j][k];\n\n				}\n\n				\n\n			}\n\n			else{\n\n				for(int k=0;k<c;k++){\n\n					linemap[j][k]=1-state[j][k];\n\n				}\n\n			}\n\n		}\n\n		adjust();\n\n		int tmp=getnum(linemap);\n\n		if(tmp>max)	max=tmp;			\n\n	}\n\n	return max;	\n\n}\n\n\n\n\n\nint main(){\n\n\n\n	while(cin>>r>>c){\n\n		if(r*c==0)return 0;\n\n		mapcount=(int)pow(2.0,r);\n\n		for(int i=0;i<r;i++){\n\n			for(int j=0;j<c;j++){\n\n				cin>>state[i][j];\n\n			}\n\n		}\n\n		\n\n		cout<<creatlinemap()<<endl;\n\n	}\n\n}",0.0
0132,1.0,2792342.75,2465209.8125,"#include ""stdio.h""\n\n#include""queue""\n\n#include ""climits""\n\nusing namespace std;\n\n\n\nqueue<int>Q;\n\n\n\nint island;\n\nint query;\n\nint kind;\n\nint start;\n\nint goal;\n\nint connect[101][101] = {};\n\nint price;\n\nint dis[101] = {};\n\n\n\nint main() {\n\n	scanf(""%d %d"", &island, &query);\n\n	while (island != 0) {\n\n		for (int i = 0; i < 101; i++) {\n\n			for (int j = 0; j < 101; j++) {\n\n				connect[i][j] = INT_MAX;\n\n			}\n\n		}\n\n		for (int i = 0; i < query; i++) {\n\n			scanf(""%d"", &kind);\n\n			if (kind == 1) {\n\n				scanf(""%d %d %d"", &start, &goal, &price);\n\n				if (connect[start][goal] > price) {\n\n					connect[start][goal] = price;\n\n					connect[goal][start] = price;\n\n				}\n\n			}\n\n			else {\n\n				scanf(""%d %d"", &start, &goal);\n\n				Q.push(start);\n\n				for (int i = 1; i < 101; i++) {\n\n					dis[i] = INT_MAX;\n\n				}\n\n				dis[start] = 0;\n\n				while (!Q.empty()) {\n\n					for (int i = 1; i <= island; i++) {\n\n						if (connect[Q.front()][i] != INT_MAX) {\n\n							if (dis[i] > dis[Q.front()] + connect[Q.front()][i]) {\n\n								dis[i] = dis[Q.front()] + connect[Q.front()][i];\n\n								Q.push(i);\n\n							}\n\n						}\n\n					}\n\n					Q.pop();\n\n				}\n\n				if (dis[goal] == INT_MAX)printf(""-1\n"");\n\n				else printf(""%d\n"", dis[goal]);\n\n			}\n\n		}\n\n		scanf(""%d %d"", &island, &query);\n\n	}\n\n	return 0;\n\n}",0.0
0133,1.0,4186170.125,2657238.0,"#include<iostream>\n\n#include<cstdio>\n\n#include<algorithm>\n\nusing namespace std;\n\nlong long int cost[101][101],k,n,a,b,c,d,e,which,go[101];\n\nbool used[101];\n\nvoid dij(int s){\n\n    fill(go,go+101,10000000);\n\n    fill(used,used+101,false);\n\n    go[s]=0;\n\n    while(true){\n\n        int v=-1;\n\n        for(int i=0;i<100;i++){\n\n            if(!used[i]&&(v==-1||go[i]<go[v]))v=i;\n\n        }\n\n        if(v==-1)break;\n\n        used[v]=true;\n\n        for(int i=0;i<100;i++){\n\n            go[i]=min(go[i],go[v]+cost[v][i]);\n\n        }\n\n    }\n\n}\n\nint main(){\n\n    for(;;){\n\n        cin>>n>>k;\n\n        if(n==0&&k==0)break;\n\n        fill(cost[0],cost[0]+101*101,10000000);\n\n        for(int i=0;i<k;i++){\n\n            cin>>which;\n\n            if(!which){\n\n                cin>>a>>b;\n\n                dij(a-1);\n\n                if(go[b-1]!=10000000)cout<<go[b-1]<<endl;\n\n                else cout<<-1<<endl;\n\n            }\n\n            else {\n\n                cin>>c>>d>>e;\n\n                cost[c-1][d-1]=min(cost[c-1][d-1],e);\n\n                cost[d-1][c-1]=min(cost[d-1][c-1],e);\n\n            }\n\n        }\n\n    }\n\n    return 0;\n\n}",0.0
0134,1.0,3426230.125,2590668.4375,"#include<iostream>\n\n#include<vector>\n\n\n\nusing namespace std;\n\n#define MAX 100000000\n\n#define Is 110\n\nint n, k,req, a, b, c, d, e, i ,j, map[Is][Is], ans;\n\n\n\n\n\nint dik(int s, int g){\n\n  vector<int> cost(Is, MAX), f(Is, 0);\n\n  cost[s] = 0;\n\n  for(i = 0; i < Is; i++){\n\n    f[s] = 1;\n\n    for(j = 0; j < Is; j++) if(!f[j] && map[s][j] != MAX && cost[j] > cost[s] + map[s][j]) cost[j] = cost[s] + map[s][j];\n\n    int min = MAX + 1;\n\n    for(j = 0; j < Is; j++) if(!f[j] && min > cost[j]) min = cost[s = j];\n\n  }\n\n  return cost[g];\n\n}\n\n\n\nint main(){\n\n  \n\n  while(cin >> n >> k, n != 0 || k != 0) { \n\n    for(i = 0; i < Is; i++) {\n\n      for(j = 0; j < Is; j++) {\n\n	map[i][j] = MAX;\n\n      }\n\n    }\n\n    \n\n    while(k--){\n\n      cin >> req;\n\n      \n\n      if(req){\n\n	cin >> c >> d >> e;\n\n	if(e < map[c][d]) map[c][d] = map[d][c] = e;\n\n      }\n\n      \n\n      else{\n\n	cin >> a >> b;\n\n	if((ans = dik(a, b)) != MAX) cout << ans << endl;\n\n	else cout << ""-1"" << endl;\n\n      }\n\n    }\n\n    \n\n  }\n\n  return 0;\n\n}\n\n  \n\n  ",0.0
0135,1.0,3698604.3125,1182910.1875,"#include<iostream>\n\n#include<cstring>\n\n#include<algorithm>\n\nusing namespace std;\n\n\n\nint main(){\n\n	int n,k;\n\n	int x[101][101];\n\n	int a,b,c,d,e;\n\n	int y[101][101];\n\n	int p;\n\n	int sum=1000000000;\n\n	bool s[101];\n\n	int h[101];\n\n	int h2[101][201];\n\n\n\n	while(true){\n\n		memset(x,127,sizeof(x));\n\n		memset(s,false,sizeof(s));\n\n		memset(h,0,sizeof(h));\n\n		cin>>n>>k;\n\n		if(n==0 && k==0){\n\n			break;\n\n		}\n\n		e=n;\n\n		sum=1000000000;\n\n		for(int i=0;i<k;i++){\n\n			memset(y,127,sizeof(y));\n\n			sum=1000000000;\n\n			p=10000000;\n\n			cin>>a;\n\n			if(a==0){\n\n				cin>>b>>c;\n\n				y[0][b]=0;\n\n				if(s[c]==true && s[b]==true){\n\n					for(int j=1;j<=e;j++){\n\n						for(int l=1;l<=n;l++){\n\n							if(y[j-1][l]<100000000){\n\n								for(int m=1;m<=h[l];m++){\n\n									if(x[l][h2[l][m]]<100000000){\n\n										y[j][h2[l][m]]=min(y[j][h2[l][m]],y[j-1][l]+x[l][h2[l][m]]);\n\n									}\n\n								}\n\n							}\n\n						}\n\n					}\n\n				}\n\n				for(int j=1;j<=n;j++){\n\n					sum=min(sum,y[j][c]);\n\n				}\n\n				if(sum>=1000000000){\n\n					sum=-1;\n\n				}\n\n				cout<<sum<<endl;\n\n			}\n\n\n\n			if(a==1){\n\n				cin>>b>>c>>d;\n\n				x[b][c]=min(x[b][c],d);\n\n				x[c][b]=min(x[c][b],d);\n\n				s[c]=true;\n\n				s[b]=true;\n\n				h[b]++;\n\n				h[c]++;\n\n				h2[b][h[b]]=c;\n\n				h2[c][h[c]]=b;\n\n			}\n\n		}\n\n	}\n\n	return 0;\n\n}",0.0
0141,1.0,3989463.875,2484906.5,"#include <cstdio>\n\n#include <cstring>\n\n#include <algorithm>\n\n#include <vector>\n\n#include <utility>\n\n\n\nusing namespace std;\n\n\n\ntypedef pair<int, int> pii;\n\n\n\n#define fst first\n\n#define scd second\n\n#define rep(i,x) for(int i=0;i<(x);++i)\n\n\n\ntemplate<typename T>bool chmin(T&a,T b){if(a>b){a=b;return true;}return false;}\n\n\n\nconst int inf = 1e9;\n\n\n\nint k[150];\n\nvector<pii> stone[150];\n\nint N, M;\n\n\n\nint memo[150][150][10];\n\n\n\nint rec(int n, int m, int i)\n\n{\n\n	if (n >= N - 1) return 0;\n\n\n\n	if (~memo[n][m][i]) return memo[n][m][i];\n\n\n\n	int res = inf;\n\n\n\n	rep(j, k[n + 1]) {\n\n		int dist = (stone[n][i].scd + stone[n + 1][j].scd) * abs(stone[n][i].fst - stone[n + 1][j].fst);\n\n		chmin(res, dist + rec(n + 1, m, j));\n\n	}\n\n\n\n	if (m < M) {\n\n		if (n + 2 >= N) return 0;\n\n		rep(j, k[n + 2]) {\n\n			int dist = (stone[n][i].scd + stone[n + 2][j].scd) * abs(stone[n][i].fst - stone[n + 2][j].fst);\n\n			chmin(res, dist + rec(n + 2, m + 1, j));\n\n		}\n\n	}\n\n\n\n	return memo[n][m][i] = res;\n\n}\n\n\n\nsigned main()\n\n{\n\n	while (scanf(""%d %d"", &N, &M), N || M) {\n\n		rep(i, N) {\n\n			scanf(""%d"", &k[i]);\n\n\n\n			stone[i].resize(k[i]);\n\n\n\n			rep(j, k[i]) {\n\n				int x, d; scanf(""%d %d"", &x, &d);\n\n				stone[i][j].fst = x, stone[i][j].scd = d;\n\n			}\n\n		}\n\n\n\n		int ans = inf;\n\n\n\n		rep(i, k[0]) {\n\n			memset(memo, -1, sizeof(memo));\n\n			chmin(ans, rec(0, 0, i));\n\n		}\n\n\n\n		if (M > 0) {\n\n			rep(i, k[1]) {\n\n				memset(memo, -1, sizeof(memo));\n\n				chmin(ans, rec(1, 1, i));\n\n			}\n\n		}\n\n\n\n		printf(""%d\n"", ans);\n\n	}\n\n}",0.0
0143,1.0,14994161.3125,2810490.0,"#include<iostream>\n\n#include<cstdio>\n\n#include<algorithm>\n\n#include<vector>\n\n#include<queue>\n\n#define F first\n\n#define S second\n\n#define pb push_back\n\n#define rep(i,n) for(int i=0;i<n;i++)\n\n#define all(n) n.begin(),n.end()\n\nusing namespace std;\n\nbool used[3010][3010];\n\nstatic const short dy[] = {0,1,0,-1};\n\nstatic const short dx[] = {1,0,-1,0};\n\nint h,w;\n\ntypedef pair<int,int> P;\n\n \n\nint main(){\n\n  int n;\n\n  while(true){\n\n    cin >> w >> h;\n\n    if(w+h == 0)break;\n\n    cin >> n;\n\n    int x1[n],x2[n],y1[n],y2[n];\n\n    vector<int> x,y;\n\n    for(int i=0;i<n;i++){\n\n      cin >> x1[i] >> y1[i] >> x2[i] >> y2[i];\n\n      x.pb(x1[i]);y.pb(y1[i]);x.pb(x2[i]);y.pb(y2[i]);\n\n    }\n\n    x.pb(0); x.pb(w); y.pb(0); y.pb(h);\n\n     \n\n    sort(all(x)); sort(all(y));\n\n    x.erase(unique(all(x)),x.end()); y.erase(unique(all(y)),y.end());\n\n    \n\n    int limx = x.size(),limy = y.size();\n\n    rep(i,3010)rep(j,3010)used[i][j] = false;\n\n    \n\n    rep(i,n){\n\n      x1[i] = find(all(x),x1[i])-x.begin();\n\n      //cout << ""x1[i] = "" << x1[i];\n\n      y1[i] = find(all(y),y1[i])-y.begin();\n\n      //cout << "", y1[i] = "" << y1[i];\n\n      x2[i] = find(all(x),x2[i])-x.begin();\n\n      //cout << "", x2[i] = "" << x2[i];\n\n      y2[i] = find(all(y),y2[i])-y.begin();\n\n      //cout << "", y2[i] = "" << y2[i] << endl;\n\n    \n\n    \n\n    }\n\n    int cnt = 0;\n\n    rep(i,limy)rep(j,limx)used[i][j] = i==limy-1||j==limx-1;\n\n    queue<P> que;\n\n\n\n    rep(i,n)for(int k=x1[i];k<x2[i];k++){\n\n    for(int j=y1[i];j<y2[i];j++)used[j][k] = true;\n\n      }\n\n     \n\n    rep(i,limy){\n\n      rep(j,limx){\n\n    if(!used[i][j]){\n\n      que.push(P(j,i));\n\n      cnt++;\n\n      used[i][j] = true;\n\n      while(!que.empty()){\n\n        P p = que.front(); que.pop();\n\n        rep(k,4){\n\n          int nx = p.F+dx[k],ny = p.S+dy[k];\n\n          if(0<=nx && nx <limx-1 && 0<= ny && ny <limy-1 && !used[ny][nx]){\n\n        used[ny][nx] = true;\n\n        que.push(P(nx,ny));\n\n          }\n\n        }\n\n \n\n      }\n\n    }\n\n      }\n\n    }\n\n   \n\n \n\n \n\n    cout << cnt << endl;\n\n \n\n \n\n \n\n \n\n \n\n  }\n\n  return 0;\n\n}",0.0
0145,1.0,1112396.875,996305.75,"#include <stdio.h>\n\n//#include <windows.h>\n\n\n\nint masu[100][100],mx,ice[100][100],n,m;\n\n\n\n/**\n\nvoid print()\n\n{\n\n	system(""cls"");\n\n	for(int i=1;i<=n;i++){\n\n		for(int j=1;j<=m;j++){\n\n			printf(""%d "",masu[i][j]);\n\n		}\n\n		puts("""");\n\n	}\n\n}\n\n/**/\n\n\n\nvoid func(int x,int y,int now)\n\n{\n\n//	printf(""%d"",now);\n\n//	print();\n\n	\n\n	if(masu[x+1][y]==1){\n\n		masu[x][y]=0;\n\n		func(x+1,y,now+1);\n\n		masu[x][y]=1;\n\n	}\n\n	if(masu[x-1][y]==1){\n\n		masu[x][y]=0;\n\n		func(x-1,y,now+1);\n\n		masu[x][y]=1;\n\n	}\n\n	if(masu[x][y+1]==1){\n\n		masu[x][y]=0;\n\n		func(x,y+1,now+1);\n\n		masu[x][y]=1;\n\n	}\n\n	if(masu[x][y-1]==1){\n\n		masu[x][y]=0;\n\n		func(x,y-1,now+1);\n\n		masu[x][y]=1;\n\n	}\n\n	else {\n\n		if(mx<now){\n\n			mx=now;\n\n		}\n\n	}\n\n}\n\n\n\nvoid func2()\n\n{\n\n	int i,j;\n\n	for(i=1;i<=n;i++){\n\n		for(j=1;j<=m;j++){\n\n			masu[i][j]=ice[i][j];\n\n		}\n\n	}\n\n}\n\n\n\nint main(void)\n\n{\n\n	int i,j;\n\n	\n\n	while(scanf(""%d%d"",&m,&n),n,m){\n\n		for(i=1;i<=n;i++){\n\n			for(j=1;j<=m;j++){\n\n				scanf(""%d"",&ice[i][j]);\n\n			}\n\n		}\n\n		for(i=1;i<=n;i++){\n\n			for(j=1;j<=m;j++){\n\n				func2();\n\n				if(masu[i][j]==1){\n\n					func(i,j,1);\n\n				}\n\n			}\n\n		}\n\n		for(i=0;i<100;i++){\n\n			for(j=0;j<100;j++){\n\n				ice[i][j]=0;\n\n				masu[i][j]=0;\n\n			}\n\n		}\n\n		printf(""%d\n"",mx);\n\n		n=0;\n\n		m=0;\n\n		mx=0;\n\n	}\n\n	\n\n	return 0;\n\n}",0.0
0146,1.0,7960323.6875,5223633.1875,"#include <iostream>\n\n\n\nusing namespace std;\n\nconst int mod = 100000;\n\n\n\nint dp[2][2001][3001];\n\n\n\nint main(int argc, char const* argv[])\n\n{\n\n	int n, m, s;\n\n	do{\n\n			cin >> n >> m >> s;\n\n			if(n == 0)break;\n\n			for(int i = 0; i < n * n; i++){\n\n					for(int j = 1; j <= m; j++){\n\n							for(int k = 1; k <= s; k++){\n\n									if(i == 1){\n\n											if(j < k)dp[1][j][k] = 0;\n\n											else dp[1][j][k] = 1;\n\n									}\n\n									dp[(i + 1) & 1][j][k] = dp[(i + 1) & 1][j-1][k];\n\n									if(k -j >= 0)dp[(i + 1) & 1][j][k] += dp[i & 1][j-1][k-j];\n\n									dp[(i + 1) & 1][j][k] %= mod;\n\n									// cout << i << "" "" << j << "" "" << k << "" "" << dp[(i + 1) & 1][j][k] << endl;\n\n							}\n\n					}\n\n			}\n\n			cout << dp[(n*n) & 1][m][s] << endl;\n\n	}while(true);\n\n	return 0;\n\n}\n\n\n",0.0
0147,1.0,9289915.4375,6011199.4375,"#include <iostream>\n\n#include <queue>\n\n#include <algorithm>\n\nusing namespace std;\n\nint dp[2][55][3005];\n\nint n,m,s;\n\nint main(void){\n\n    while(1){\n\n    cin>>n>>m>>s;\n\n    if(!n&&!m&&!s)break;\n\n    n*=n;\n\n    for(int i=0;i<=n;i++){\n\n        for(int j=0;j<=s;j++){\n\n            dp[0][i][j]=0;\n\n            dp[1][i][j]=0;\n\n        }\n\n    }\n\n    dp[0][0][0]=1;\n\n    for(int i=1;i<=m;i++){\n\n        for(int j=0;j<=n;j++){\n\n            for(int k=0;k<=s;k++){\n\n                dp[i%2][j][k]=dp[(i+1)%2][j][k];\n\n                if(k-i>=0&&j>0)dp[i%2][j][k]=(dp[(i+1)%2][j-1][k-i]+dp[i%2][j][k])%100000;\n\n                \n\n            }\n\n        }\n\n    }\n\n    cout<<dp[m%2][n][s]<<endl;\n\n    }\n\n}",0.0
0148,1.0,7889284.625,6123932.75,"#include ""stdc++.h""\n\n\n\nusing namespace std;\n\n\n\n#define REP(i,a,b) for(int i=a;i<(int)b;i++)\n\n#define rep(i,n) REP(i,0,n)\n\n#define all(c) (c).begin(), (c).end()\n\n#define zero(a) memset(a, 0, sizeof a)\n\n#define minus(a) memset(a, -1, sizeof a)\n\n#define watch(a) { cout << #a << "" = "" << a << endl; }\n\ntemplate<class T1, class T2> inline bool minimize(T1 &a, T2 b) { return b < a && (a = b, 1); }\n\ntemplate<class T1, class T2> inline bool maximize(T1 &a, T2 b) { return a < b && (a = b, 1); }\n\n\n\ntypedef long long ll;\n\nint const inf = 1<<29;\n\n\n\nint dp[55][3030];\n\n\n\nint main() {\n\n\n\n  int const MOD = 100000;\n\n\n\n  for(int N, M, S; cin >> N >> M >> S && (N|M|S);) {\n\n    rep(i, 55) rep(j, 3030)\n\n      dp[i][j] = 0;\n\n\n\n    dp[0][0] = 1;\n\n\n\n    REP(add, 1, M + 1) {\n\n      for(int currIndex = N * N; currIndex >= 1; currIndex--) {\n\n        for(int currSum = add; currSum <= S; currSum++) {\n\n          (dp[currIndex][currSum] += dp[currIndex - 1][currSum - add]) %= MOD;\n\n        }\n\n      }\n\n    }\n\n\n\n    cout << dp[N*N][S] << endl;\n\n  }\n\n  \n\n  return 0;\n\n}",0.0
0149,1.0,6170399.6875,5282533.6875,"\n\n//y09-6 ビンゴ(2回目)\n\n#include <iostream>\n\n#include <fstream>\n\n#include <stdio.h>\n\n#include <math.h>\n\n#include <time.h>\n\n#include <string>\n\n#include <vector>\n\n#include <map>\n\n#include <list>\n\n#include <set>\n\n#include <stack>\n\n#include <queue>\n\n#include <cstdlib>\n\n#include <algorithm>\n\n#include <random>\n\n#include <cassert>\n\nusing namespace std;\n\n#define LL long long\n\n#undef INT_MIN\n\n#undef INT_MAX\n\n#define INT_MIN -2147483648\n\n#define INT_MAX 2147483647\n\n#define LL_MIN -9223372036854775808\n\n#define LL_MAX 9223372036854775807\n\n#define segment_size 65536\n\n#define ROOP() while (true)\n\n\n\nint main(){\n\n    ROOP(){\n\n        int N,M,S;\n\n        cin >> N >> M >> S;\n\n        if(N==0) return 0;\n\n\n\n        int dp[50][3001];\n\n        for(int i=0; i<50; i++){\n\n            for(int j=0; j<3001; j++){\n\n                dp[i][j] = 0;\n\n            }\n\n        }\n\n        dp[0][0] = 1;\n\n\n\n        for(int i=1; i<=M; i++){\n\n            for(int j=N*N; j>=1; j--){\n\n                for(int k=i; k<=S; k++){\n\n                    dp[j][k] += dp[j-1][k-i];\n\n                    dp[j][k] %= 100000;\n\n                }\n\n            }\n\n        }\n\n        cout << dp[N*N][S] << endl;\n\n\n\n    }\n\n    return 0;\n\n}\n\n\n\n\n",0.0
0150,1.0,2567438.625,1018462.0,"#include <vector>\n\n#include <iostream>\n\n#include <algorithm>\n\n\n\nusing namespace std;\n\n\n\nint main()\n\n{\n\n	int D, N, M;\n\n\n\n	while (true)\n\n	{\n\n		cin >> D;\n\n\n\n		if (D == 0) { break; }\n\n		\n\n		cin >> N >> M;\n\n\n\n		vector<int> S(N + 1);\n\n		vector<int> T(M);\n\n\n\n		S[0] = 0;\n\n		S[N] = D;\n\n\n\n		for (int i = 1; i < N; i++) { cin >> S[i]; }\n\n		for (int i = 0; i < M; i++) { cin >> T[i]; }\n\n\n\n		sort(S.begin(), S.end());\n\n\n\n		long long distance_ = 0;\n\n\n\n		for (int i = 0; i < M; i++)\n\n		{\n\n			int l = *(upper_bound(S.begin(), S.end(), T[i]) - 1);\n\n			int r = *lower_bound(S.begin(), S.end(), T[i]);\n\n\n\n			distance_ += min(T[i] - l, r - T[i]);\n\n		}\n\n\n\n		cout << distance_ << endl;\n\n	}\n\n	\n\n	return 0;\n\n}",0.0
0151,1.0,3831468.125,2124786.5,"#include""stdc++.h""\n\n#include<algorithm>\n\n#include<vector>\n\n#include<queue>\n\nusing namespace std;\n\ntypedef long long ll;\n\n\n\nint main(){\n\n	int d,n,m,x[100000],c[10000];\n\n	while(scanf(""%d"",&d),d){\n\n		scanf(""%d%d"",&n,&m);\n\n		x[0]=0;\n\n		for(int i=1;i<n;i++) scanf(""%d"",&x[i]);\n\n		for(int i=0;i<m;i++) scanf(""%d"",&c[i]);\n\n		int p[100001];\n\n		for(int i=0;i<n;i++) p[i]=x[i];\n\n		p[n]=d;\n\n		sort(p,p+n+1);\n\n		int res=0;\n\n		for(int i=0;i<m;i++){\n\n			int *lb=lower_bound(p,p+n+1,c[i]);\n\n			if(c[i]!=0) res+=min(lb[0]-c[i],c[i]-lb[-1]);\n\n		}\n\n		printf(""%d\n"",res);\n\n	}\n\n}",0.0
0153,1.0,3406457.6875,1445085.9375,"#include<vector>\n\n#include<algorithm>\n\n#include<iostream>\n\n#include<string>\n\n#include<cstdio>\n\n#include<cstdlib>\n\n#include<cstring>\n\n#include<cmath>\n\nusing namespace std;\n\nint main(){\n\n  int i,j;\n\n  int d,m,n,p;\n\n  int sm;\n\n  vector<int> a;\n\n  while(cin>>d&&d){\n\n    cin>>m>>n;\n\n    a.clear();\n\n    a.push_back(0);\n\n    for(i=0;i<m-1;i++){\n\n      int c;\n\n      cin>>c;\n\n      a.push_back(c);\n\n    }\n\n    a.push_back(d);\n\n    sort(a.begin(),a.end());\n\n    sm=0;\n\n    for(i=0;i<n;i++){\n\n      cin>>p;\n\n      for(j=0;;j++){\n\n	if(a[j]<=p&&p<a[j+1])\n\n	  break;\n\n      }\n\n      sm+=min(p-a[j],a[j+1]-p);\n\n    }\n\n    cout<<sm<<endl;\n\n  }\n\n  return 0;\n\n}",0.0
0155,1.0,2531153.0,2531153.0,"#include <cstdio>\n\n#include <algorithm>\n\n#include <vector>\n\n#include <utility>\n\n\n\nusing namespace std;\n\n\n\nint N,M,H,K;\n\n\n\ntypedef pair<int,int> cor_t;//height, vertStcik index\n\n\n\nstruct knot_t{\n\n    int col;\n\n    int score;\n\n    bool turned;//対応する横棒で曲がる得点　ここで曲がったことありますか\n\n    knot_t* parallel;\n\n    knot_t* next;\n\n};\n\n\n\nint scores[1005];\n\ncor_t horizontalSticks[100007];\n\nvector<knot_t> vertSticks[1005];\n\n\n\nvoid init(){\n\n    for(int i=1;i<=N;i++) scanf(""%d"",scores+i);\n\n    for(int i=1;i<=M;i++){\n\n        scanf(""%d"",&horizontalSticks[i].second);\n\n        scanf(""%d"",&horizontalSticks[i].first);\n\n        horizontalSticks[i].first=H-horizontalSticks[i].first;\n\n    }\n\n    for(int i=1;i<=N;i++) vertSticks[i].clear(),vertSticks[i].reserve(1005);\n\n}\n\n\n\nvoid search(knot_t& a){\n\n    a.turned=true;\n\n    auto nextptr=a.parallel->next;\n\n    if (nextptr&&!nextptr->turned) search(*nextptr);\n\n}\n\n\n\nint main(){\n\n\n\n    while(scanf(""%d%d%d%d"",&N,&M,&H,&K)\n\n        &&\n\n        N&&M&&H&&K){\n\n        init();\n\n        sort(horizontalSticks+1,horizontalSticks+M+1);\n\n        for(int i=1;i<=M;i++){\n\n            auto &cur=horizontalSticks[i];\n\n            int leftIndex=cur.second,rightIndex=leftIndex+1;\n\n            auto &left=vertSticks[leftIndex],&right=vertSticks[rightIndex];\n\n            auto leftTop=left.empty()?nullptr:&left.back(),\n\n                 rightTop=right.empty()?nullptr:&right.back();\n\n            int leftScore=left.empty()?scores[leftIndex]:left.back().score,\n\n                rightScore=right.empty()?scores[rightIndex]:right.back().score;\n\n            //左/右の縦棒から直行する時の得点\n\n            left.push_back(\n\n                {cur.second,rightScore,false,nullptr,leftTop}\n\n                );\n\n            right.push_back(\n\n                {cur.second+1,leftScore,false,nullptr,rightTop}\n\n                );\n\n            left.back().parallel=&right.back();\n\n            right.back().parallel=&left.back();\n\n        }\n\n\n\n        for(int i=1;i<=K;i++) if (!vertSticks[i].empty()) search(vertSticks[i].back());\n\n\n\n        int sum=0;\n\n        for(int i=1;i<=K;i++) sum+=vertSticks[i].empty()?scores[i]:vertSticks[i].back().score;\n\n\n\n        int diff=0;\n\n        for(int i=1;i<=N;i++){\n\n            auto &curCol=vertSticks[i];\n\n            for(auto &a:curCol){\n\n                auto &fst=a,&snd=*a.parallel;\n\n                auto fstCandidate=fst.next?fst.next->score:scores[fst.col];\n\n                auto sndCandidate=snd.next?snd.next->score:scores[snd.col];\n\n                diff=min(diff,fst.turned*(fstCandidate-fst.score)+snd.turned*(sndCandidate-snd.score));\n\n            }\n\n        }\n\n        printf(""%d\n"",sum+diff);\n\n    }\n\n\n\n\n\n    return 0;\n\n}\n",0.0
0156,1.0,3633230.0,2432252.4375,"#include<algorithm>\n\n#include<iostream>\n\n#include<string>\n\n#include<cstdlib>\n\n#include<cstring>\n\n#include<cmath>\n\nusing namespace std;\n\nint main(){\n\n  int i;\n\n  int n,m,h,k;\n\n  while(cin>>n>>m>>h>>k&&n+m+h+k){\n\n    int a[1000];\n\n    for(i=0;i<n;i++)\n\n      cin>>a[i];\n\n    pair<int,int> b[100000];\n\n    for(i=0;i<m;i++){\n\n      int p,q;\n\n      cin>>p>>q;\n\n      b[i]=make_pair(q,p);\n\n    }\n\n    sort(b,b+m);\n\n    int c[1000];\n\n    for(i=0;i<n;i++)\n\n      c[i]=i;\n\n    for(i=0;i<m;i++){\n\n      int p;\n\n      p=c[b[i].second-1];\n\n      c[b[i].second-1]=c[b[i].second];\n\n      c[b[i].second]=p;\n\n      b[i]=make_pair(c[b[i].second],c[b[i].second-1]);\n\n    }\n\n    pair<int,int> d[1000];\n\n    for(i=0;i<n;i++)\n\n      d[i]=make_pair(c[i],a[i]);\n\n    sort(d,d+n);\n\n    int sm=0;\n\n    for(i=0;i<k;i++)\n\n      sm+=d[i].second;\n\n    int mn=sm;\n\n    for(i=0;i<m;i++){\n\n      if(b[i].first<k&&b[i].second>=k){\n\n	if(d[b[i].first].second>d[b[i].second].second)\n\n	  mn=min(mn,sm-d[b[i].first].second+d[b[i].second].second);\n\n      }\n\n      if(b[i].first>=k&&b[i].second<k){\n\n	if(d[b[i].first].second<d[b[i].second].second)\n\n	  mn=min(mn,sm+d[b[i].first].second-d[b[i].second].second);\n\n      }\n\n    }\n\n    cout<<mn<<endl;\n\n  }\n\n  return 0;\n\n}",0.0
0157,1.0,3142286.6875,2509408.875,"#include <iostream>\n\n#include <vector>\n\nusing namespace std;\n\n\n\nint n={},k={};\n\nstring integer[11]={};\n\nvector<string>num={};\n\nint chousen[11]={};\n\nstring complete_integer[10000]={};\n\nstring answer={};\n\nint integer_count=0;\n\n\n\n\n\nvoid operation(){\n\n    for(int i=1;i<=n;i++){\n\n        if (chousen[i]==0){\n\n            \n\n            chousen[i]=1;\n\n            num.push_back(integer[i]);\n\n        \n\n            if(num.size()==k){\n\n                for(int i=1;i<=k;i++){\n\n                    answer+=num[i-1];\n\n                }\n\n                for(int i=1;i<=integer_count;i++){\n\n                    if(answer==complete_integer[i]){\n\n                        goto none;\n\n                    }\n\n                }\n\n                integer_count+=1;\n\n                complete_integer[integer_count]=answer;\n\n\n\n                none:;\n\n                answer={};\n\n            }else{\n\n                operation();\n\n            }\n\n            num.pop_back();\n\n            chousen[i]=0;\n\n        }\n\n        \n\n    }\n\n\n\n}\n\n\n\n\n\n\n\n\n\n\n\n\n\n\n\nint main(){\n\n    \n\n    while(true){\n\n\n\n    cin >> n >> k;\n\n    if (n==0&&k==0){\n\n        break;\n\n    }\n\n    for(int i=1;i<=n;i++){\n\n        cin >> integer[i];\n\n    }\n\n\n\n    operation();\n\n\n\n    cout << integer_count << endl;\n\n        \n\n    n={};\n\n    k={};\n\n    for(int i=0;i<=10;i++){\n\n        integer[i]={};\n\n        chousen[i]={};\n\n    }\n\n    num={};\n\n    for(int i=0;i<=9999;i++){\n\n        complete_integer[i]={};\n\n    }\n\n    answer={};\n\n    integer_count=0;\n\n        \n\n    }\n\n    return 0;\n\n}",0.0
0158,1.0,2892124.375,2494015.4375,"#include <cstdio>\n\n#include <cstdlib>\n\n#include <map>\n\n#include <vector>\n\n#include <string>\n\n#include <sstream>\n\n#include <algorithm>\n\nusing namespace std;\n\nmap<string,bool> bmap;\n\nint card[10];\n\nint selected[4],temp[4];\n\nbool used[10];\n\nint n,k,num;\n\nvoid solve(int m) {\n\n	if(m==k) {\n\n		for(int i=0;i<k;i++)temp[i]=selected[i];\n\n		do {\n\n			stringstream str;\n\n			for(int i=0;i<k;i++)str<<selected[i];\n\n			if(bmap.find(str.str())==bmap.end())num++;\n\n			bmap[str.str()]=true;\n\n		}while(next_permutation(selected,selected+k));\n\n		for(int i=0;i<k;i++)selected[i]=temp[i];\n\n	}else {\n\n		for(int i=0;i<n;i++) {\n\n			if(used[i]==false) {\n\n				used[i]=true;\n\n				selected[m]=card[i];\n\n				solve(m+1); \n\n				used[i]=false;\n\n			}\n\n		}\n\n	}\n\n}\n\nint main() {\n\n	while(scanf(""%d %d"",&n,&k),n) {\n\n		for(int i=0;i<n;i++)scanf(""%d"",&card[i]);\n\n		fill(used,used+10,0);\n\n		bmap.clear();\n\n		num=0;\n\n		solve(0);\n\n		printf(""%d\n"",num);\n\n	}\n\n}",0.0
0160,1.0,2799930.8125,952367.125,"#include<iostream>\n\n#include<algorithm>\n\n#define DIV 100000\n\nusing namespace std;\n\n\n\nlong long d,S[100010];\n\n\n\nint main(){\n\n	long long n, m, k, t = 0;\n\n	long long ans = 0;\n\n	cin >> n >> m; S[0] = 0;\n\n	for (int i = 1; i < n; i++){\n\n		cin >> d; S[i] = S[i - 1] + d;\n\n	}\n\n	while (m--){\n\n		cin >> k;\n\n		ans += abs(S[t] - S[t + k]);\n\n		ans = ans%DIV;\n\n		t += k;\n\n	}\n\n	cout << ans << endl;\n\n}",0.0
0161,1.0,4525906.75,2364621.6875,"#include<iostream>\n\n#define MAX 100500\n\n\n\nusing namespace std;\n\n\n\nint main(void){\n\n\n\n  int n,m;\n\n  long long int N, M[MAX],d[MAX];\n\n  \n\n  while(cin >> n ){\n\n\n\n    cin >> m;\n\n\n\n    for(int i = 0 ; i < MAX ; i++){\n\n      M[i] = 0;\n\n      d[i] = 0;\n\n    }\n\n\n\n    d[0] = 0;\n\n\n\n    for(int i = 1 ; i < n; i++){\n\n      cin >> N;\n\n      d[i] += d[i-1] + N;\n\n      //  cout << ""N = "" << N << "" d[i] = "" << d[i] << endl;\n\n    }\n\n\n\n    for(int i = 0 ; i < m ; i++) cin >> M[i];\n\n\n\n    long long int sum = 0,now = 0;\n\n    \n\n    for(int i = 0 ; i < m ; i++){\n\n     \n\n      // cout << endl << ""i = "" << i << "" now = ""  << now << endl;//\n\n\n\n      //  cout <<""now + M[i] = "" << now + M[i]<<   "" d[now + M[i]] = "" << d[now + M[i]] << "" d[now] =  "" <<  d[now] << endl;//\n\n      \n\n\n\n      if(M[i] >= 0){\n\n	sum += d[now + M[i]] - d[now];  \n\n	//	cout << ""! N = "" << d[now + M[i]] - d[now] << endl;//\n\n      }\n\n      else{\n\n	sum += d[now] - d[now + M[i]];\n\n	//	cout << ""? N = "" <<  d[now] - d[now + M[i]]  << endl;//\n\n      }\n\n\n\n      now = now + M[i];//\n\n\n\n    }\n\n    cout << sum % 100000 << endl;\n\n  }\n\n\n\n  return 0;\n\n}",0.0
0162,1.0,13034248.4375,9574160.75,"#include<iostream>\n\n#include<cstring>\n\n#include<algorithm>\n\nusing namespace std;\n\n\n\n#define MAX_N 500000\n\n#define INF 2000000000\n\n\n\nint dp[2][MAX_N][2];//dp[????????????][???????????§??§A?????????????????????][??´???]\n\nint n, a[MAX_N];\n\n\n\nint main() {\n\n	cin >> n;\n\n	for (int i = 1; i < n; i++) { cin >> a[i]; }\n\n	memset(dp, 127, sizeof(dp));\n\n	dp[0][0][0] = 0;\n\n	for (int i = 0; i < n; i++) {\n\n		for (int j = 0; j < n; j++) {\n\n			if (dp[0][j][0] < INF) {\n\n				dp[1][j + 1][0] = min(dp[1][j + 1][0], dp[0][j][0]);\n\n				dp[1][j + 1][1] = min(dp[1][j + 1][1], dp[0][j][0] + a[i + 1]);\n\n			}\n\n			if (dp[0][j][1] < INF) {\n\n				dp[1][j][1] = min(dp[1][j][1], dp[0][j][1]);\n\n				dp[1][j][0] = min(dp[1][j][0], dp[0][j][1] + a[i + 1]);\n\n			}\n\n		}\n\n		for (int j = 0; j <= n; j++) {\n\n			dp[0][j][0] = dp[1][j][0];\n\n			dp[0][j][1] = dp[1][j][1];\n\n			dp[1][j][0] = INF;\n\n			dp[1][j][1] = INF;\n\n		}\n\n	}\n\n	cout << min(dp[0][n / 2][0], dp[0][n / 2][1]) << endl;\n\n	return 0;\n\n}",0.0
0163,1.0,2414699.625,2393961.5625,"#include <vector>\n\n#include <iostream>\n\n#include <algorithm>\n\n\n\n#pragma warning(disable : 4996)\n\n\n\n#define INF (1 << 25)\n\n\n\nusing namespace std;\n\n\n\nint main()\n\n{\n\n	int N;\n\n\n\n	scanf(""%d"", &N);\n\n\n\n	vector<int> D(N - 1);\n\n\n\n	for (int i = 0; i < N - 1; i++)\n\n	{\n\n		scanf(""%d"", &D[i]);\n\n	}\n\n\n\n	vector<vector<vector<int> > > dp(2, vector<vector<int> >(N / 2 + 1, vector<int>(2, INF)));\n\n\n\n	dp[0][0][0] = 0;\n\n\n\n	for (int i = 1; i < N; i++)\n\n	{\n\n		for (int j = 0; j <= N / 2; j++)\n\n		{\n\n			dp[i % 2][j][0] = min(dp[(i - 1) % 2][j][0], dp[(i - 1) % 2][j][1] + D[i - 1]);\n\n			\n\n			if (j != 0)\n\n			{\n\n				dp[i % 2][j][1] = min(dp[(i - 1) % 2][j - 1][1], dp[(i - 1) % 2][j - 1][0] + D[i - 1]);\n\n			}\n\n		}\n\n	}\n\n\n\n	printf(""%d\n"", min(dp[1][N / 2][0], dp[1][N / 2][1]));\n\n\n\n	return 0;\n\n}",0.0
0164,1.0,2540856.5625,1075681.5,"//Bokan ga bokka--nn!!\n\n//Daily Lunch Special Tanoshii !!\n\n#include <cstdio>\n\n#include <cstring>\n\n#include <cstdlib>\n\n#include <cmath>\n\n#include <ctime>\n\n#include <cassert>\n\n#include <string>\n\n#include <algorithm>\n\n#include <vector>\n\n#include <queue>\n\n#include <stack>\n\n#include <functional>\n\n#include <iostream>\n\n#include <map>\n\n#include <set>\n\nusing namespace std;\n\ntypedef pair<int,int> P;\n\ntypedef pair<int,P> P1;\n\ntypedef pair<P,P> P2;\n\ntypedef long long ll;\n\n#define pu push\n\n#define pb push_back\n\n#define mp make_pair\n\n#define eps 1e-7\n\n#define INF 2000000000\n\n#define f first\n\n#define s second\n\n#define rep(i,x) for(int i=0;i<x;i++)\n\nint cut[10005];\n\nint dp[2][5005][2];\n\nint main()\n\n{\n\n	srand((unsigned int)time(NULL));\n\n	int n; scanf(""%d"",&n);\n\n	for(int i=1;i<n;i++) scanf(""%d"",&cut[i]);\n\n	for(int i=0;i<2;i++)for(int j=0;j<5005;j++)for(int k=0;k<2;k++)dp[i][j][k]=1e8;\n\n	dp[0][1][0]=0; int cur=0,nxt=1;\n\n	for(int i=1;i<n;i++)\n\n	{\n\n		for(int j=0;j<5005;j++)for(int k=0;k<2;k++) dp[nxt][j][k]=1e8;\n\n		for(int j=0;j<=n/2;j++)\n\n		{\n\n			dp[nxt][j+1][0]=min(dp[nxt][j+1][0],dp[cur][j][0]);\n\n			dp[nxt][j][1]=min(dp[nxt][j][1],dp[cur][j][0]+cut[i]);\n\n			dp[nxt][j][1]=min(dp[nxt][j][1],dp[cur][j][1]);\n\n			dp[nxt][j+1][0]=min(dp[nxt][j+1][0],dp[cur][j][1]+cut[i]);\n\n		}\n\n		swap(cur,nxt);\n\n	}\n\n	printf(""%d\n"",min(dp[cur][n/2][0],dp[cur][n/2][1]));\n\n}",0.0
0166,1.0,6232481.9375,5231426.125,"#include ""stdc++.h""\n\n\n\nusing namespace std;\n\n\n\n#define int long long\n\n#define PB push_back\n\n#define INF (1LL<<61LL)\n\n\n\ntypedef pair<int, int> pii;\n\n\n\nint N, L, a[100005], dx[] = {-1, 1};\n\nvector<int> g[100005];\n\nbool flg[100005];\n\n\n\nint cal(int x) {\n\n  int res = L - a[x], temp = 0;\n\n  for (int i = 0; i < g[x].size(); ++i) {\n\n    temp = max(temp, cal(g[x][i]));\n\n  }\n\n\n\n  return res + temp;\n\n}\n\n\n\nsigned main() {\n\n  fill(a, a + 100005, INF);\n\n  cin >> N >> L;\n\n  for (int i = 1; i <= N; ++i)\n\n    cin >> a[i];\n\n\n\n  for (int i = 1; i <= N; ++i) {\n\n    int count = 0;\n\n    for (int j = 0; j < 2; ++j) {\n\n      if (a[i + dx[j]] < a[i]) {\n\n	g[i].PB(i + dx[j]);\n\n	count++;\n\n      }\n\n    }\n\n\n\n    if ((count == 2) || (((i == 1) || (i == N)) && (count == 1)))\n\n      flg[i] = true;\n\n  }\n\n\n\n  int maxt = 0;\n\n  for (int i = 1; i <= N; ++i) {\n\n    if (!flg[i]) continue;\n\n    maxt = max(maxt, cal(i));\n\n  }\n\n\n\n  cout << maxt << endl;\n\n  \n\n  return 0;\n\n}",0.0
0167,1.0,3501807.875,962228.375,"#include <vector>\n\n#include <algorithm>\n\n#include <set>\n\n#include <map>\n\n#include <queue>\n\n#include <stack>\n\n#include <iostream>\n\n#include <cstdio>\n\n#include <cmath>\n\n#include <cstring>\n\nusing namespace std;\n\ntypedef long long ll;\n\ntypedef pair<ll,ll> P;\n\ntypedef double db;\n\n\n\n#define fr first\n\n#define sc second\n\n#define pb push_back\n\n#define rep(i,x) for(ll i=0;i<x;i++)\n\n#define rep1(i,x) for(ll i=1;i<=x;i++)\n\n#define rrep(i,x) for(ll i=x-1;i>=0;i--)\n\n#define rrep1(i,x) for(ll i=x;i>0;i--)\n\n\n\nll n,l;\n\nll a[100010];\n\nll dp[100010];\n\nconst ll INF = 0xfffffffff;\n\n\n\nll rec(ll x){\n\n	if(dp[x]!=-1) return dp[x];\n\n	ll res=l-a[x];\n\n	ll lef=0,rig=0;\n\n	\n\n	auto ok=[](ll z){return 0<=z&&z<n;};\n\n	\n\n	if(ok(x-1)&&a[x-1]>a[x]) lef=rec(x-1);\n\n	if(ok(x+1)&&a[x+1]>a[x]) rig=rec(x+1);\n\n	\n\n	return res+max(lef,rig);\n\n}\n\n\n\nint main()\n\n{\n\n	ll ans=0;\n\n	cin>>n>>l;\n\n	rep(i,n) cin>>a[i];\n\n	memset(dp,-1,sizeof(dp));\n\n	rep(i,n) ans=max(ans,rec(i));\n\n	cout<<ans<<endl;\n\n}",0.0
0168,1.0,2856006.5,2383484.0,"#include <iostream>\n\n#include <algorithm>\n\n#include <string>\n\n#include <vector>\n\n#include <map>\n\n#include <sstream>\n\n#include <functional>\n\n#include <numeric>\n\n#include <cmath>\n\n#include <cstring>\n\n#include <cstdio>\n\n#include <queue>\n\n#include <stack>\n\n#include <set>\n\n\n\nusing namespace std;\n\n\n\n#define ALL(co) co.begin(), co.end()\n\n#define tpl(...) make_tuple(__VA_ARGS__)\n\n\n\ntypedef long long LL;\n\ntypedef pair<int, int> P; typedef pair<int, P> IP; typedef pair<P, P> PP;\n\ntypedef vector<int> Array; typedef vector<vector<int> > Array2;\n\ntypedef vector<LL> LArray; typedef vector<P> PArray; typedef vector<string> SArray;\n\n\n\nconst int INF = 1 << 29;\n\nconst LL LINF = 1LL << 60;\n\n\n\ninline int getInt() { int itiv; return (cin >> itiv, itiv); }\n\ntemplate <typename T> void readAll(vector<T>& vec) { for (int i = 0, size = vec.size(); i < size; i++) cin >> vec[i]; }\n\ntemplate <typename T, typename U> void readAll(vector<pair<T, U> >& vec) { for (int i = 0, size = vec.size(); i < size; i++) cin >> vec[i].first >> vec[i].second; }\n\ntemplate < typename T > inline string toString( const T &a ){ ostringstream oss; oss << a; return oss.str(); };\n\ninline bool between(int min, int max, int n) { return min <= n && n <= max; }\n\ninline bool inRange(int begin, int end, int n) { return begin <= n && n < end; }\n\ninline bool inRange(int size, int n) { return 0 <= n && n < size; }\n\n\n\nint dx[] = { -1, 0, 1, 0 }, dy[] = { 0, -1, 0, 1 };\n\nint dr[] = { 0, -1, 0, 1 }, dc[] = { -1, 0, 1, 0 };\n\n\n\nint m, n;\n\nint l;\n\n\n\n//i番目が0cmになるまでの時間\n\nint memo[100002];\n\nArray arr;\n\nint dfs(int idx)\n\n{\n\n	if(memo[idx] != -1) return memo[idx];\n\n\n\n	int lt = 0, rt = 0;\n\n	if(arr[idx] < arr[idx - 1])\n\n		lt = dfs(idx - 1);\n\n	if(arr[idx] < arr[idx + 1])\n\n		rt = dfs(idx + 1);\n\n\n\n	return memo[idx] = max(lt, rt) + (l - arr[idx]);\n\n}\n\n\n\nint main(void)\n\n{\n\n	while(cin >> n >> l && n)\n\n	{\n\n		memset(memo, -1, sizeof(memo));\n\n		memo[0] = 0;\n\n		memo[n + 1] = 0;\n\n		arr.resize(n + 2);\n\n		for (int i = 0; i < n; i++)\n\n		{\n\n			cin >> arr[i + 1];\n\n		}\n\n\n\n		int ans = 0;\n\n		for (int i = 1; i < n + 1; i++)\n\n		{\n\n			ans = max(ans, dfs(i));\n\n		}\n\n		cout << ans << endl;\n\n	}\n\n	return 0;\n\n}",0.0
0169,1.0,2401997.375,962361.0,"//Bokan ga bokka--nn!!\n\n//Daily Lunch Special Tanoshii !!\n\n//これは、頭が悪く競プロが世界で一番できないHIR180が\n\n//IOI2014日本代表になるまでのN日間の記録である。\n\n#include <cstdio>\n\n#include <cstring>\n\n#include <cstdlib>\n\n#include <cmath>\n\n#include <ctime>\n\n#include <cassert>\n\n#include <string>\n\n#include <algorithm>\n\n#include <vector>\n\n#include <queue>\n\n#include <stack>\n\n#include <functional>\n\n#include <iostream>\n\n#include <map>\n\n#include <set>\n\nusing namespace std;\n\ntypedef pair<int,int> P;\n\ntypedef pair<int,P> P1;\n\ntypedef pair<P,P> P2;\n\ntypedef long long ll;\n\n#define pu push\n\n#define pb push_back\n\n#define mp make_pair\n\n#define eps 1e-7\n\n#define INF 2000000000\n\n#define f first\n\n#define s second\n\n#define rep(i,x) for(int i=0;i<x;i++)\n\nP za[100005];\n\nint main()\n\n{\n\n	srand((unsigned int)time(NULL));\n\n	int n,x,y;  scanf(""%d"",&n);\n\n	int lx=INF,ly=INF,rx=-INF,ry=-INF;\n\n	for(int i=0;i<n;i++)\n\n	{\n\n		scanf(""%d%d"",&x,&y);\n\n		za[i]=mp(x+y,x-y);\n\n		lx=min(lx,x+y);\n\n		rx=max(rx,x+y);\n\n		ly=min(ly,x-y);\n\n		ry=max(ry,x-y);\n\n	}\n\n	int ret1=0,ret2=0;\n\n	for(int i=0;i<n;i++)\n\n	{\n\n		//(lx,ly)(rx,ry)\n\n		ret1=max(ret1,min(max(za[i].f-lx,za[i].s-ly),max(rx-za[i].f,ry-za[i].s)));\n\n		//(lx,ry)(rx,ly)\n\n		ret2=max(ret2,min(max(za[i].f-lx,ry-za[i].s),max(rx-za[i].f,za[i].s-ly)));\n\n	}\n\n	printf(""%d\n"",min(ret1,ret2));\n\n}",0.0
0171,1.0,17311828.6875,2411718.1875,"/*\n\n*\n\n*/\n\n#include<iostream>\n\n#include<cstring>\n\n#include<cstdio>\n\n#include<cmath>\n\n#include<string>\n\n#include<queue>\n\n#define CLR(ARR,NUM) memset(ARR,NUM,sizeof(ARR))\n\n#define GETNUM(NUM) scanf(""%d"",&NUM)\n\n#define faster_io() ios_base::sync_with_stdio(false)\n\nusing namespace std;\n\nconst int MAXN = 1010;\n\nchar map[MAXN][MAXN];\n\nbool vis[10][MAXN][MAXN];\n\nstruct node{\n\n	int x;\n\n	int y;\n\n	int deep;\n\n	int n;\n\n};\n\nint dx[]={0,0,1,-1};\n\nint dy[]={1,-1,0,0};\n\n\n\nint main()\n\n{\n\n	CLR(vis,false);\n\n	CLR(map,'X');\n\n	int h,w,n;\n\n	cin >> h >> w >> n;\n\n	getchar();\n\n	int sx,sy;\n\n	for(int i=1;i<=h;i++){\n\n		for(int j=1;j<=w;j++){\n\n			map[i][j]=getchar();\n\n			if(map[i][j]=='S'){\n\n				sx=i;\n\n				sy=j;\n\n			}\n\n		}\n\n		getchar();\n\n	}\n\n	node t;\n\n	t.x=sx;\n\n	t.y=sy;\n\n	t.deep=0;\n\n	t.n=0;\n\n	queue<node>q;\n\n	vis[0][sx][sy]=true;\n\n	q.push(t);\n\n	int ans = -1;\n\n	while(!q.empty()){\n\n		node cur=q.front();\n\n		if(cur.n==n){\n\n			ans=cur.deep;\n\n			break;\n\n		}\n\n		q.pop();\n\n		for(int i=0;i<4;i++){\n\n			int tx=cur.x+dx[i];\n\n			int ty=cur.y+dy[i];\n\n			if(map[tx][ty]!='X'&&!vis[cur.n][tx][ty]){\n\n				node t = cur;\n\n				t.x=tx;\n\n				t.y=ty;\n\n				t.deep++;\n\n				if(map[tx][ty]=='1'+t.n){\n\n					t.n++;\n\n				}\n\n				vis[t.n][tx][ty]=true;\n\n				q.push(t);\n\n			}\n\n		}\n\n	}\n\n	cout << ans << endl;\n\n	return 0;\n\n}",0.0
0173,1.0,8794305.9375,1003992.9375,"#include <cstdlib>\n\n#include <cstdio>\n\n#include <cstring>\n\n#include <cmath>\n\n#include <climits>\n\n#include <queue>\n\n#include <iostream>\n\n\n\n\n\n#define MAX_H 1100\n\n#define MAX_W 1100\n\n\n\n\n\nstruct status\n\n{\n\n  int x;\n\n  int y;\n\n  int step;\n\n  int n;\n\n};\n\n\n\n\n\nint dx[4]={1,0,-1,0};\n\nint dy[4]={0,1,0,-1};\n\n\n\n  \n\nint H,W,N;\n\nchar maze[MAX_H][MAX_W];\n\nint flag[MAX_H][MAX_W];\n\nint xs,ys;\n\nstd::queue<status> Q;\n\n\n\n\n\nint BFS();\n\n\n\nint main(int argc, char* argv[])\n\n{\n\n  //freopen(""in.txt"",""r"",stdin);\n\n  while(std::cin>>H>>W>>N)\n\n    {\n\n\n\n      std::cin.get();\n\n      //std::cout << H << W << N << std::endl;\n\n\n\n      for(int i = 0 ; i < H ; i++)\n\n	std::cin.getline(maze[i],MAX_W);\n\n\n\n      //for(int i = 0 ; i < H ; i++)\n\n      //	std::cout << maze[i] << std::endl;\n\n\n\n      for(int j = 0 ; j < H ; j++)\n\n	for(int i = 0 ; i < W ; i++)\n\n	  if(maze[j][i] == 'S' )\n\n	    {\n\n	      xs = i;\n\n	      ys = j;\n\n	      break;\n\n	    }\n\n      memset(flag,0,sizeof(flag));\n\n      std::cout<<BFS()<<std::endl;\n\n      \n\n    }\n\n}\n\n\n\n\n\nint BFS()\n\n{\n\n\n\n  while(Q.empty()==false)\n\n    Q.pop();\n\n  status start;\n\n  start.x = xs;\n\n  start.y = ys;\n\n  start.step = 0;\n\n  start.n = 1;\n\n\n\n  Q.push(start);\n\n\n\n  while(Q.empty() == false )\n\n    {\n\n      status tmp = Q.front();\n\n      Q.pop();\n\n\n\n\n\n      for(int i = 0 ; i < 4 ; i++)\n\n	{\n\n	  int cx = tmp.x + dx[i];\n\n	  int cy = tmp.y + dy[i];\n\n	  int cstep = tmp.step + 1;\n\n	  int cn = tmp.n;\n\n\n\n	  if(cx < 0 || cx >= W ) continue;\n\n	  if(cy < 0 || cy >= H ) continue;\n\n	  if(maze[cy][cx] == 'X' ) continue;\n\n\n\n	  if( (maze[cy][cx] - '0') == tmp.n )\n\n	    cn = tmp.n + 1;\n\n	  else\n\n	    cn = tmp.n;\n\n\n\n	  if(cn == N+1)\n\n	    return cstep;\n\n\n\n	  \n\n	  \n\n	  if(flag[cy][cx] >= cn  ) continue;\n\n\n\n	  flag[cy][cx] = cn;\n\n\n\n	  status nstatus;\n\n	  nstatus.x = cx;\n\n	  nstatus.y = cy;\n\n	  nstatus.n = cn;\n\n	  nstatus.step = cstep;\n\n	  Q.push(nstatus);\n\n	  \n\n	}\n\n    }\n\n\n\n  return -1;\n\n  \n\n}",0.0
0174,1.0,7526992.875,6115257.125,"#include <cstdio>\n\n#include <cstdlib>\n\n#include <cmath>\n\n#include <climits>\n\n#include <cfloat>\n\n#include <map>\n\n#include <utility>\n\n#include <set>\n\n#include <iostream>\n\n#include <memory>\n\n#include <string>\n\n#include <vector>\n\n#include <algorithm>\n\n#include <functional>\n\n#include <sstream>\n\n#include <complex>\n\n#include <stack>\n\n#include <queue>\n\n#include <cstring>\n\n#include <sstream>\n\n#include <cassert>\n\nusing namespace std;\n\nstatic const double EPS = 1e-10;\n\ntypedef long long ll;\n\ntypedef pair<int,int> PI;\n\n#define rep(i,n) for(int i=0;i<(int)n;++i)\n\n#define FOR(i,c) for(__typeof((c).begin())i=(c).begin();i!=(c).end();++i)\n\n#define ALL(c) (c).begin(), (c).end()\n\n#define mp(a,b) make_pair(a,b)\n\n#define pb(a) push_back(a)\n\nint dx[]={0,1,0,-1},dy[]={1,0,-1,0};\n\n\n\ntypedef struct{\n\n  int x,y;\n\n  int cost;\n\n  int ch;\n\n}mouse;\n\n\n\nint maxch[1000][1000];\n\n\n\nmain(){\n\n  int h,w,n;\n\n  cin>>h>>w>>n;\n\n  char ku[h][w];\n\n  rep(i,h)cin>>ku[i];\n\n\n\n  int sx,sy;\n\n  rep(i,h)rep(j,w)if(ku[i][j]=='S')sx=i,sy=j;\n\n\n\n  queue<mouse> Q;\n\n  memset(maxch,-1,sizeof(maxch));\n\n\n\n  Q.push((mouse){sx,sy,0,0});\n\n  maxch[sx][sy]=0;\n\n\n\n\n\n  int ans=0;\n\n  while(!Q.empty()){\n\n    //    cout<<Q.size()<<endl;\n\n    mouse t=Q.front();Q.pop();\n\n    int cx=t.x,cy=t.y,cost=t.cost;\n\n    int ch=t.ch;\n\n    if(ch==n){\n\n      ans=cost;\n\n      break;\n\n    }\n\n\n\n\n\n\n\n    rep(i,4){\n\n      int nx=cx+dx[i],ny=cy+dy[i];\n\n      if(nx<0 || nx>=h || ny<0 || ny>=w)continue;\n\n	 if(ku[nx][ny]=='X')continue;\n\n	 int nch=ch;\n\n	 if(ku[nx][ny]<='9' && ku[nx][ny]>='1'){\n\n	   int num=ku[nx][ny]-'0';\n\n	   if(num==t.ch+1){\n\n	     nch=ch+1;\n\n	   }\n\n	 }\n\n	 if(maxch[nx][ny]>=nch)continue;\n\n	 maxch[nx][ny]=nch;\n\n\n\n	 Q.push((mouse){nx,ny,cost+1,nch});\n\n    }\n\n  }\n\n  cout<<ans<<endl;\n\n}",0.0
0175,1.0,2407083.0625,994083.125,"#include <string>\n\n#include <vector>\n\n#include <iostream>\n\n\n\n#pragma warning(disable : 4996)\n\n\n\n#define mod 100000\n\n\n\nusing namespace std;\n\n\n\nint H, W, dp[2][1 << 19][2][2]; string M[20];\n\n\n\nint main()\n\n{\n\n	scanf(""%d"", &H);\n\n	scanf(""%d"", &W);\n\n\n\n	for (int i = 0; i < H; i++) cin >> M[i];\n\n\n\n	if (M[0][0] == 'J' || M[0][0] == '?') dp[0][0][0][0] += 1;\n\n	if (M[0][0] == 'O' || M[0][0] == '?') dp[0][0][1][0] += 1;\n\n	if (M[0][0] == 'I' || M[0][0] == '?') dp[0][0][1][0] += 1;\n\n\n\n	int maxbits = 1 << (W - 1);\n\n\n\n	for (int i = 0; i < H * W - 1; i++)\n\n	{\n\n		for (int j = 0; j < maxbits; j++)\n\n		{\n\n			dp[(i ^ 1) & 1][j][0][0] = 0;\n\n			dp[(i ^ 1) & 1][j][0][1] = 0;\n\n			dp[(i ^ 1) & 1][j][1][0] = 0;\n\n			dp[(i ^ 1) & 1][j][1][1] = 0;\n\n		}\n\n\n\n		for (int j = 0; j < maxbits; j++)\n\n		{\n\n			char c = M[(i + 1) / W][(i + 1) % W];\n\n\n\n			int nxt = (j << 1) % (1 << (W - 1));\n\n\n\n			int sum0 = (dp[i & 1][j][0][0] + dp[i & 1][j][1][0]) % mod;\n\n			int sum1 = (dp[i & 1][j][0][1] + dp[i & 1][j][1][1]) % mod;\n\n\n\n			if (c == 'J' || c == '?')\n\n			{\n\n				dp[(i ^ 1) & 1][nxt][0][0] += sum0;\n\n				dp[(i ^ 1) & 1][nxt][0][1] += sum1;\n\n			}\n\n\n\n			if (c == 'O' || c == '?')\n\n			{\n\n				if ((M[i / W][i % W] == 'J' || M[i / W][i % W] == '?') && i % W != W - 1)\n\n				{\n\n					dp[(i ^ 1) & 1][nxt + 1][1][0] += dp[i & 1][j][0][0];\n\n					dp[(i ^ 1) & 1][nxt + 1][1][1] += dp[i & 1][j][0][1];\n\n\n\n					dp[(i ^ 1) & 1][nxt + 1][1][0] %= mod;\n\n					dp[(i ^ 1) & 1][nxt + 1][1][1] %= mod;\n\n\n\n					dp[(i ^ 1) & 1][nxt][1][0] += (sum0 - dp[i & 1][j][0][0] + mod);\n\n					dp[(i ^ 1) & 1][nxt][1][1] += (sum1 - dp[i & 1][j][0][1] + mod);\n\n				}\n\n				else\n\n				{\n\n					dp[(i ^ 1) & 1][nxt][1][0] += sum0;\n\n					dp[(i ^ 1) & 1][nxt][1][1] += sum1;\n\n				}\n\n			}\n\n\n\n			if (c == 'I' || c == '?')\n\n			{\n\n				if (j & (1 << (W - 2)))\n\n				{\n\n					dp[(i ^ 1) & 1][nxt][1][1] += sum0;\n\n				}\n\n				else\n\n				{\n\n					dp[(i ^ 1) & 1][nxt][1][0] += sum0;\n\n				}\n\n\n\n				dp[(i ^ 1) & 1][nxt][1][1] += sum1;\n\n			}\n\n\n\n			dp[(i ^ 1) & 1][nxt][1][0] %= mod;\n\n			dp[(i ^ 1) & 1][nxt][1][1] %= mod;\n\n		}\n\n	}\n\n\n\n	int ret = 0;\n\n\n\n	for (int i = 0; i < maxbits; i++)\n\n	{\n\n		ret += dp[(H * W - 1) % 2][i][0][1];\n\n		ret += dp[(H * W - 1) % 2][i][1][1];\n\n\n\n		ret %= mod;\n\n	}\n\n\n\n	printf(""%d\n"", ret);\n\n\n\n	return 0;\n\n}",0.0
0177,1.0,2594584.3125,1077567.75,"#include<iostream>\n\nusing namespace std;\n\nint H,W,K;\n\nchar t[1001][1001];\n\nint J[1001][1001];\n\nint O[1001][1001];\n\nint I[1001][1001];\n\n\n\nint main(){\n\n  while(cin>>H>>W>>K){\n\n    for(int i=1;i<=H;i++){\n\n      for(int j=1;j<=W;j++){\n\n	cin>>t[i][j];\n\n	J[i][j]=(t[i][j]=='J'?1:0)+J[i-1][j]+J[i][j-1]-J[i-1][j-1];\n\n	O[i][j]=(t[i][j]=='O'?1:0)+O[i-1][j]+O[i][j-1]-O[i-1][j-1];\n\n	I[i][j]=(t[i][j]=='I'?1:0)+I[i-1][j]+I[i][j-1]-I[i-1][j-1];\n\n      }\n\n    }\n\n    for(int i=0;i<K;i++){\n\n      int ay,ax,by,bx;\n\n      cin>>ay>>ax>>by>>bx;\n\n      cout<<J[by][bx]-J[ay-1][bx]-J[by][ax-1]+J[ay-1][ax-1]<<' ';\n\n      cout<<O[by][bx]-O[ay-1][bx]-O[by][ax-1]+O[ay-1][ax-1]<<' ';\n\n      cout<<I[by][bx]-I[ay-1][bx]-I[by][ax-1]+I[ay-1][ax-1]<<endl;\n\n    }\n\n  }\n\n  return 0;\n\n}",0.0
0179,1.0,8386519.125,3235606.1875,"/*\n\n *  ん？今何でもするって\n\n *  言ってないね\n\n */\n\n\n\n#include <stdio.h>\n\n#include <stdlib.h>\n\n\n\nint dp[2 << 10][2001];\n\nint books[10][2001];\n\nint book_nums[10];\n\nint sell_prices[10][2001];\n\n\n\nint greater_int(const void *a, const void *b) {\n\n    return *(int*)b - *(int*)a;\n\n}\n\n\n\nint main() {\n\n    int a, b, c, d;\n\n    int n, k;\n\n    int book_bits;\n\n    int max;\n\n\n\n    scanf(""%d %d"", &n, &k);\n\n    for (a=0; a<n; a++) {\n\n        int c, g;\n\n        int ind;\n\n\n\n        scanf(""%d %d"", &c, &g);\n\n        --g;\n\n        ind = book_nums[g];\n\n        books[g][ind] = c;\n\n        ++book_nums[g];\n\n    }\n\n        \n\n    for (a=0; a<10; a++) {\n\n        qsort(books[a], book_nums[a], sizeof(int), greater_int);\n\n\n\n        sell_prices[a][1] = books[a][0];\n\n        for (b=2; b<=book_nums[a]; b++) {\n\n            sell_prices[a][b] = sell_prices[a][b-1] + books[a][b-1] + (b-1)*2;\n\n        }\n\n    }\n\n\n\n    book_bits = 1 << 10;\n\n    for (a=0; a<k; a++) {\n\n        for (b=0; b < book_bits; b++) {\n\n            for (c=0; c<10; c++) {\n\n                int num;\n\n\n\n                if ((b >> c) & 1) continue;\n\n\n\n                num = book_nums[c];\n\n                if (num > k-a) {\n\n                    num = k-a;\n\n                }\n\n\n\n                for (d=1; d<=num; d++) {\n\n                    int val = dp[b][a] + sell_prices[c][d];\n\n                    int *p = &dp[b | 1 << c][a+d];\n\n\n\n                    if (*p < val) *p = val;\n\n                }\n\n            }\n\n        }\n\n    }\n\n\n\n    max = 0;\n\n    for (a=0; a < book_bits; a++) {\n\n        if (max < dp[a][k]) {\n\n            max = dp[a][k];\n\n        }\n\n    }\n\n\n\n    printf(""%d\n"", max);\n\n}",0.0
0180,1.0,2650059.875,2434522.6875,"//メモリ数確認したか?\n\n#include<iostream>\n\n#include<cstdio>\n\n#include<string>\n\n#include<vector>\n\n#include<algorithm>\n\n#include<cstdlib>\n\n#include<math.h>\n\n#include<set>\n\n#include<map>\n\n#include<queue>\n\nusing namespace std;\n\ntypedef long long int ll;\n\n\n\nint main()\n\n{\n\n    int N,K;\n\n	int C[2000],G[2000];\n\n	vector<int>X[10];\n\n	scanf(""%d%d"",&N,&K);\n\n	for(int i=0;i<N;i++){\n\n		scanf(""%d%d"",&C[i],&G[i]);\n\n		X[G[i]-1].push_back(C[i]);\n\n	}\n\n	for(int i=0;i<10;i++){\n\n		sort(X[i].begin(),X[i].end());\n\n		reverse(X[i].begin(),X[i].end());\n\n	}\n\n	int sum[10][2001];\n\n	for(int i=0;i<10;i++){\n\n		sum[i][0]=0;\n\n		for(int j=1;j<=X[i].size();j++){\n\n			sum[i][j]=sum[i][j-1]+X[i][j-1]+2*(j-1);\n\n		}\n\n	}\n\n	int dp[2001];\n\n	fill(dp,dp+N+1,0);\n\n	for(int i=0;i<10;i++){\n\n		for(int j=2000-X[i].size();j>=0;j--){\n\n			for(int k=0;k<=X[i].size();k++){\n\n				dp[j+k]=max(dp[j+k],dp[j]+sum[i][k]);\n\n			}\n\n		}\n\n	}\n\n	printf(""%d\n"",dp[K]);\n\n    return 0;\n\n}\n\n//メモリ数確認したか?",0.0
0181,1.0,2504149.1875,2420007.5625,"//ツ暗。ツつ、ツづァツつオツつ「\n\n#include <iostream>\n\n#include <algorithm>\n\n#include <vector>\n\n#include <queue>\n\n#include <utility>\n\nusing namespace std;\n\nstruct road{\n\n	int a,b,l;\n\n	road(int a_,int b_,int l_):a(a_),b(b_),l(l_){}\n\n};\n\ntypedef pair<int,int> pii;\n\nint main(){\n\n	int n,m,k,a,b,l,s;\n\n	vector<road> rd;\n\n	vector<pii> town[3001];\n\n	int len[3001];\n\n	priority_queue<pii,vector<pii>,greater<pii> > qu;\n\n	int inf = 1e9;\n\n\n\n	for(cin>>n>>m>>k;m--;rd.push_back(road(a,b,l))){\n\n		cin>>a>>b>>l;\n\n		town[a].push_back(make_pair(b,l));\n\n		town[b].push_back(make_pair(a,l));\n\n	}\n\n	for(;k--;qu.push(make_pair(0,s)))\n\n		cin>>s;\n\n\n\n	for(fill(len,len+n+1,-1);!qu.empty();){\n\n		pii pi = qu.top();\n\n		qu.pop();\n\n		if( len[pi.second] == -1 ){\n\n			len[pi.second] = pi.first;\n\n			for(\n\n				vector<pii>::iterator it=town[pi.second].begin();\n\n				it != town[pi.second].end();\n\n				++it\n\n			){\n\n				qu.push(make_pair(pi.first+it->second,it->first));\n\n			}\n\n		}\n\n	}\n\n	\n\n	s=0;\n\n	for(vector<road>::iterator it = rd.begin(); it != rd.end();	++it ){\n\n		s = max(max( s, len[a] ),\n\n				max( len[b], (len[it->b] + it->l - len[it->a] + 1)/2 + len[it->a] )\n\n		);\n\n	}\n\n	cout << s << endl;\n\n}",0.0
0182,1.0,2572409.5,2390339.375,"#include<iostream>\n\n#include<queue>\n\n#include<map>\n\n#include<cstdio>\n\n#include<cmath>\n\n#define INF 500000000\n\nusing namespace std;\n\n\n\ntypedef pair<int,int> P;\n\n\n\nint n,m,k;\n\nint l[100100],a[100100],b[100100];\n\nvector<P> g[5000];\n\nint d[5000],w[5000];\n\nint s[5000];\n\n\n\nint main(){\n\n  cin >> n >> m >> k;\n\n  for(int i=0;i<m;i++){\n\n    cin >> a[i] >> b[i] >> l[i];\n\n    a[i]--; b[i]--;\n\n    g[a[i]].push_back(P(l[i],b[i]));\n\n    g[b[i]].push_back(P(l[i],a[i]));\n\n  }\n\n \n\n  for(int i=0;i<k;i++){cin >> s[i]; s[i]--;}\n\n\n\n  for(int i=0;i<n;i++)d[i] = INF;\n\n  priority_queue<P,vector<P>,greater<P> > q;\n\n  for(int i=0;i<k;i++){\n\n    d[s[i]] = 0;\n\n    q.push(P(0,s[i]));\n\n  }\n\n\n\n  while(q.size()){\n\n    P p = q.top(); q.pop();\n\n    int cost = p.first, pos = p.second;\n\n    \n\n    for(int i=0;i<(int)g[pos].size();i++){\n\n      int dis = cost + g[pos][i].first;\n\n      int next = g[pos][i].second;\n\n      \n\n      if(dis<d[next]){\n\n	d[next] = dis;\n\n	q.push(P(dis,next));\n\n      }\n\n    }\n\n  }\n\n\n\n  double ans = 0.0;\n\n  for(int i=0;i<m;i++){\n\n    if(fabs(d[a[i]] - d[b[i]]) >= l[i]){\n\n      ans = max(ans,(double)max(d[a[i]],d[b[i]]));\n\n    }else{\n\n      ans = max(ans,(double)(l[i]+d[a[i]]+d[b[i]])/2);\n\n    }\n\n  }\n\n  cout << (int)(ans+1e-9+0.5) << endl;\n\n}\n\n  ",0.0
0183,1.0,12907300.75,12640502.0625,"#include<iostream>\n\n#include<vector>\n\n#include<algorithm>\n\n#include<cstring>\n\n#include<cmath>\n\nusing namespace std;\n\n\n\n#define MAX_N 1000000\n\n#define INF 1145141145141919810LL;\n\n\n\nlong long x[MAX_N],y[MAX_N],lx[MAX_N],ly[MAX_N],d[MAX_N],n,h,w,sx,sy,c,mx,my,sum,minx,dx,dy;\n\nvector<long long>X,Y,BX,BY;\n\n\n\nint main(){\n\n	cin>>h>>w>>n;\n\n	for(int i=0;i<n;i++){\n\n		cin>>x[i]>>y[i];\n\n		lx[i]=x[i];ly[i]=y[i];\n\n		sx+=x[i];\n\n		sy+=y[i];\n\n	}\n\n	sort(x,x+n);\n\n	sort(y,y+n);\n\n	mx=INF;my=INF;minx=INF;\n\n\n\n	for(int i=0;i<n;i++){\n\n		if(i==0){c=x[0];}\n\n		else{c=x[i]-x[i-1];}\n\n		sx+=(-n+i*2)*c;\n\n		if(mx==sx){X.push_back(x[i]);}\n\n		if(mx>sx){mx=sx;X.clear();X.push_back(x[i]);}\n\n	}\n\n\n\n	for(int i=0;i<n;i++){\n\n		if(i==0){c=y[0];}\n\n		else{c=y[i]-y[i-1];}\n\n		sy+=(-n+i*2)*c;\n\n		if(my==sy){Y.push_back(y[i]);}\n\n		if(my>sy){my=sy;Y.clear();Y.push_back(y[i]);}\n\n	}\n\n	for(int i=0;i<X.size();i++){\n\n		if(i<10){BX.push_back(X[i]);}\n\n		else{if(X[i]!=X[i-10]){BX.push_back(X[i]);}}\n\n	}\n\n	for(int i=0;i<Y.size();i++){\n\n		if(i<10){BY.push_back(Y[i]);}\n\n		else{if(Y[i]!=Y[i-10]){BY.push_back(Y[i]);}}\n\n	}\n\n	for(int i=0;i<BX.size();i++){\n\n		for(int j=0;j<BY.size();j++){\n\n			memset(d,0,sizeof(d));\n\n			sum=0;\n\n			for(int k=0;k<n;k++){\n\n				d[k]=abs(BX[i]-lx[k])+abs(BY[j]-ly[k]);\n\n				sum+=d[k]*2;\n\n			}\n\n			sort(d,d+n);\n\n			sum-=d[n-1];\n\n			if(minx>sum){\n\n				minx=sum;\n\n				dx=BX[i];\n\n				dy=BY[j];\n\n			}\n\n		}\n\n	}\n\n	cout<<minx<<endl<<dx<<' '<<dy<<endl;\n\n	return 0;\n\n}",0.0
0185,1.0,3433483.5625,2366413.375,"#include""stdc++.h""\n\n#define int long long\n\n#define PB push_back\n\n#define MP make_pair\n\n#define FI first\n\n#define SE second\n\nusing namespace std;\n\nstatic const int INF = 1ll<<60;\n\ntypedef pair<int,int> pii;\n\n\n\nint W,H;\n\nint N;\n\nint dis[100010];\n\nvector<int> posx;\n\nvector<int> posy;\n\nvector<pii> pos;\n\n\n\nint dist(int x,int y){\n\n    memset(dis,0,sizeof(dis));\n\n    int res=0;\n\n    for(int i=0;i<N;++i){\n\n        int disx=abs(x-pos[i].FI);\n\n        int disy=abs(y-pos[i].SE);\n\n        dis[i]=disx+disy;\n\n    }\n\n    sort(dis,dis+N);\n\n    for(int i=0;i<N-1;++i)res+=dis[i]*2;\n\n    res+=dis[N-1];\n\n    return res;\n\n}\n\n\n\nsigned main(){\n\n    cin>>W>>H;\n\n    cin>>N;\n\n    for(int i=0;i<N;++i){\n\n        int x,y;\n\n        cin>>x>>y;\n\n        posx.PB(x);\n\n        posy.PB(y);\n\n        pos.PB(pii(x,y));\n\n    }\n\n    if(N%2!=0){\n\n        sort(posx.begin(),posx.end());\n\n        sort(posy.begin(),posy.end());\n\n        int x=posx[N/2];\n\n        int y=posy[N/2];\n\n        int ans=dist(x,y);\n\n        cout<<ans<<endl;\n\n        cout<<x<<"" ""<<y<<endl;\n\n    }\n\n    else{\n\n        sort(posx.begin(),posx.end());\n\n        sort(posy.begin(),posy.end());\n\n        int ans=INF;\n\n        int x,y;\n\n        int d1=dist(posx[N/2-1],posy[N/2-1]);\n\n        int d2=dist(posx[N/2-1],posy[N/2]);\n\n        int d3=dist(posx[N/2],posy[N/2-1]);\n\n        int d4=dist(posx[N/2],posy[N/2]);\n\n        if(ans>d1){\n\n            ans=d1;\n\n            x=posx[N/2-1];\n\n            y=posy[N/2-1];\n\n        }\n\n        if(ans>d2){\n\n            ans=d2;\n\n            x=posx[N/2-1];\n\n            y=posy[N/2];\n\n        }\n\n        if(ans>d3){\n\n            ans=d3;\n\n            x=posx[N/2];\n\n            y=posy[N/2-1];\n\n        }\n\n        if(ans>d4){\n\n            ans=d4;\n\n            x=posx[N/2];\n\n            y=posy[N/2];\n\n        }\n\n        cout<<ans<<endl;\n\n        cout<<x<<"" ""<<y<<endl;\n\n    }\n\n}",0.0
0186,1.0,2206529.625,961333.4375,"#include <cstdio>\n\n#include <cstring>\n\n#include <string>\n\n#include <algorithm>\n\nusing namespace std;\n\nchar x[1000005];\n\nint a=0,b=0,c=0,d=0,e,f,i,j,k,maxi=0;\n\nint main(){\n\n	fill(x,x+1000005,'A');\n\n	scanf(""%s"",x);\n\nint leng=strlen(x);\n\nwhile(1){\n\nif(a==leng){break;}\n\nif(x[a]!='J'){\n\na++;\n\n}else{\n\n  while(1){\n\n    if(x[a]=='J'){\n\n      b++;\n\n      a++;\n\n    }else{\n\n       break;\n\n}}\n\nwhile(1){\n\nif(x[a]=='O'){\n\nc++;\n\na++;\n\n}else{\n\nbreak;\n\n}}\n\nwhile(1){\n\nif(x[a]=='I'){\n\nd++;\n\na++;\n\n}else{\n\nbreak;\n\n}}\n\nif(b>=c && c<=d){\n\nmaxi=max(maxi,c);\n\n}\n\nb=0;\n\nc=0;\n\nd=0;\n\n}\n\n}\n\nprintf(""%d\n"",maxi);scanf(""%d"",&a);\n\nreturn 0;\n\n}",0.0
0187,1.0,2371045.375,2358240.3125,"#define _CRT_SECURE_NO_WARNINGS\n\n#include <iostream>\n\n#include <cstdio>\n\n#include <cstring>\n\n#include <ctime>\n\n#include <string>\n\n#include <vector>\n\n#include <algorithm>\n\n#include <cmath>\n\n#include <sstream>\n\n#include <utility>\n\nusing namespace std;\n\ntypedef long long ll;\n\ntypedef vector<int> vi;\n\ntypedef vector<vi> vvi;\n\ntypedef pair<int,int> pii;\n\n#define all(c) (c).begin(), (c).end()\n\n#define loop(i,a,b) for(ll i=a; i<ll(b); i++)\n\n#define rep(i,b) loop(i,0,b)\n\n#define each(e,c) for(auto&e:c)\n\n#define pb push_back\n\n#define eb emplace_back\n\n#define mp make_pair\n\n#define mt make_tuple\n\n#define lb lower_bound\n\n#define ub upper_bound\n\n#ifdef DEBUG\n\n#define dump(...) (cerr<<#__VA_ARGS__<<"" = ""<<(DUMP(),__VA_ARGS__).str()<<"" [""<<__LINE__<<""]""<<endl)\n\nstruct DUMP:ostringstream{template<class T>DUMP &operator,(const T&t){if(this->tellp())*this<<"", "";*this<<t;return *this;}};\n\n#else\n\n#define dump(...)\n\n#endif\n\ntemplate<class T> ostream& operator<<(ostream& os, vector<T> const& v){\n\n    rep(i,v.size()) os << v[i] << (i+1==v.size()?"""":"" "");\n\n    return os;\n\n}\n\n\n\nint main(){\n\n    string s;\n\n    while(cin>>s){\n\n    int n = s.size();\n\n    vi l(n);\n\n    l[0] = 1;\n\n    rep(i,n-1){\n\n        if(s[i+1]==s[i]) l[i+1]=l[i]+1;\n\n        else l[i+1] = 1;\n\n    }\n\n    int ans = 0;\n\n    dump(s);\n\n    dump(l);\n\n    loop(i,1,n-1){\n\n        if(s[i]=='O' && s[i+1]!='O' && i+l[i]<n && i-l[i] >= 0 && l[i+l[i]]>=l[i] && l[i-l[i]]>=l[i] && s[i+l[i]]=='I' && s[i-l[i]]=='J'){\n\n            ans = max(ans,l[i]);\n\n        }\n\n    }\n\n    cout << ans << endl;\n\n}\n\n}",0.0
0188,1.0,2402439.25,2401280.1875,"#include <string>\n\n#include <vector>\n\n#include <iostream>\n\n#include <algorithm>\n\n\n\nusing namespace std;\n\n\n\nint main()\n\n{\n\n    string S; cin >> S;\n\n    \n\n    vector<char> v1;\n\n    \n\n    vector<int> v2; int c = 1;\n\n    \n\n    for(int i = 1; i < S.size(); i++)\n\n    {\n\n        if(S[i - 1] != S[i])\n\n        {\n\n            v1.push_back(S[i - 1]);\n\n            v2.push_back(c);\n\n            \n\n            c = 0;\n\n        }\n\n        \n\n        c++;\n\n    }\n\n    \n\n    v1.push_back(S[S.size() - 1]);\n\n    v2.push_back(c);\n\n    \n\n    int ret = 0;\n\n    \n\n    for(int i = 1; i < v1.size() -1; i++)\n\n    {\n\n        if(v1[i - 1] == 'J' && v1[i] == 'O' && v1[i + 1] == 'I' && v2[i - 1] >= v2[i] && v2[i] <= v2[i + 1])\n\n        {\n\n            ret = max(ret, v2[i]);\n\n        }\n\n    }\n\n    \n\n    printf(""%d\n"", ret);\n\n    \n\n    return 0;\n\n}",0.0
0189,1.0,2460853.25,950797.3125,"#include <vector>\n\n#include <iostream>\n\n\n\nusing namespace std;\n\n\n\nint main()\n\n{\n\n	int A, B;\n\n\n\n	scanf(""%d"", &A);\n\n	scanf(""%d"", &B);\n\n\n\n	vector<int> P(A);\n\n	vector<int> Q(B);\n\n\n\n	for (int i = 0; i < A; i++) { scanf(""%d"", &P[i]); }\n\n	for (int i = 0; i < B; i++) { scanf(""%d"", &Q[i]); }\n\n\n\n	int l = 1;\n\n	int r = B;\n\n	int m;\n\n\n\n	while(r - l > 1)\n\n	{\n\n		m = (l + r) / 2;\n\n\n\n		bool ok = false;\n\n\n\n		for (int j = 0; j < (B - m); j++)\n\n		{\n\n			int ptr = j;\n\n\n\n			for (int k = 0; k < A; k++)\n\n			{\n\n				if (P[k] == Q[ptr])\n\n				{\n\n					ptr++;\n\n				}\n\n\n\n				if (ptr == j + m)\n\n				{\n\n					break;\n\n				}\n\n			}\n\n\n\n			if (ptr == j + m)\n\n			{\n\n				ok = true;\n\n			}\n\n		}\n\n\n\n		if (ok)\n\n		{\n\n			l = m;\n\n		}\n\n		else\n\n		{\n\n			r = m;\n\n		}\n\n	}\n\n\n\n	printf(""%d\n"", l);\n\n\n\n	return 0;\n\n}",0.0
0190,1.0,2437365.0625,2379782.625,"#include<iostream>\n\n#include<algorithm>\n\nusing namespace std;\n\n\n\nint main(){\n\n	int a,b;\n\n	int s[5002],t[5002];\n\n	scanf(""%d%d"",&a,&b);\n\n	for(int i=0;i<a;i++){\n\n		scanf(""%d"",&s[i]);\n\n	}\n\n	for(int i=0;i<b;i++){\n\n		scanf(""%d"",&t[i]);\n\n	}\n\n\n\n	int ret=0;\n\n	for(int i=0;i<b-ret;i++){\n\n		int p=0,q=i;\n\n		int cnt=0;\n\n		while(1){\n\n			if(s[p]==t[q]){\n\n				cnt++;\n\n				p++;\n\n				q++;\n\n			}\n\n			else {\n\n				p++;\n\n			}\n\n			if(p==a)break;\n\n		}\n\n		ret=max(ret,cnt);\n\n	}\n\n\n\n	printf(""%d\n"",ret);\n\n}",0.0
0191,1.0,2527092.3125,1003762.0625,"#include ""stdc++.h""\n\nusing namespace std;\n\n#define Rep(i,N) for(int i = 0; i < N; i++)\n\n\n\ninline void chmax(int &a, int b) { a = max(a, b); }\n\n\n\nint main()\n\n{\n\n  int N, M;\n\n  int A[5005], B[5005];\n\n  int maxv = 0;\n\n  \n\n  cin >> N >> M;\n\n  Rep(i,N) cin >> A[i];\n\n  Rep(i,M) cin >> B[i];\n\n\n\n  vector<vector<int> >dp(2,vector<int>(5005,0));\n\n  Rep(i,M) {\n\n    Rep(j,N) {\n\n      if(j) dp[1][j + 1] = dp[1][j];\n\n      if(A[j] == B[i])chmax(dp[1][j + 1], dp[0][j] + 1);\n\n      chmax(maxv,dp[1][j + 1]);\n\n    }\n\n    dp[0] = dp[1];\n\n    fill(dp[1].begin(), dp[1].end(),0);\n\n  }\n\n\n\n  cout << maxv << endl;\n\n  return 0;\n\n}",0.0
0193,1.0,13505335.25,13505335.25,"#include""stdc++.h""\n\nusing namespace std;\n\nstruct edge {\n\n  int to, cost;\n\n};\n\nstruct edge2 {\n\n  int u, v, cost;\n\n  bool operator<(const edge2& e) const {\n\n    return(cost < e.cost);\n\n  }\n\n};\n\ntypedef pair< int, int > Pi;\n\nconst int INF = 1 << 30;\n\n\n\nstruct UnionFind {\n\n  vector< int > data;\n\n  UnionFind(int sz) {\n\n    data.assign(sz, -1);\n\n  }\n\n  inline void Unite(int a, int b) {\n\n    if((a = Root(a)) == (b = Root(b))) return;\n\n    if(data[a] < data[b]) swap(a, b);\n\n    data[b] += data[a];\n\n    data[a] = b;\n\n  }\n\n  inline int Root(int x) {\n\n    return(data[x] < 0 ? x : data[x] = Root(data[x]));\n\n  }\n\n};\n\nstruct SegmentTree {\n\n  vector< int > data;\n\n  int sz;\n\n  SegmentTree(int n)\n\n  {\n\n    sz = 1;\n\n    while(sz < n) sz <<= 1;\n\n    data.assign(2 * sz + 1, INF);\n\n  }\n\n  inline void Set(int k, int x)\n\n  {\n\n    data[k + sz - 1] = x;\n\n  }\n\n  inline void Build() \n\n  {\n\n    for(int i = sz - 2; i >= 0; i--) {\n\n      data[i] = min(data[2 * i + 1], data[2 * i + 2]);\n\n    }\n\n  }\n\n  inline int Query(int a, int b, int k, int l, int r)\n\n  {\n\n    if(a >= r || b <= l) return(INF);\n\n    if(a <= l && r <= b) return(data[k]);\n\n    return(min(Query(a, b, 2 * k + 1, l, (l + r) >> 1), Query(a, b, 2 * k + 2, (l + r) >> 1, r)));\n\n  }\n\n  inline int Query(int a, int b)\n\n  {\n\n    return(Query(a, b, 0, 0, sz));\n\n  }\n\n};\n\n\n\nstruct Centroid {\n\n  int parIdx, parDepth, Deep;\n\n  vector< int > Idxes;\n\n};\n\n\n\nint N, M, K, Q;\n\nvector< edge > graph[100000], MST[100000];\n\nint F[100000];\n\nint min_cost[100000];\n\nvector< edge2 > edges;\n\n\n\nint subtree[100000], ptr;\n\nCentroid Centroids[100000];\n\nint nowtreeidx[100000], nowtreedepth[100000];\n\nvector< SegmentTree > RMQs;\n\n\n\ninline int sizedfs(int idx, int prev)\n\n{\n\n  subtree[idx] = 1;\n\n  for(int i = 0; i < MST[idx].size(); i++) {\n\n    const edge& e = MST[idx][i];\n\n    if(e.to == prev) continue;\n\n    subtree[idx] += sizedfs(e.to, idx);\n\n  }\n\n  return(subtree[idx]);\n\n}\n\ninline void makedfs(int idx, int prev, int paridx, int pardepth, int deep)\n\n{\n\n  Centroids[paridx].Idxes.push_back(idx);\n\n  nowtreeidx[idx] = paridx;\n\n  nowtreedepth[idx] = pardepth;\n\n  pair< int, int > ret = make_pair(0, 0);\n\n  for(int i = 0; i < MST[idx].size(); i++) {\n\n    const edge& e = MST[idx][i];\n\n    if(e.to == prev) continue;\n\n    ret = max(ret, make_pair(subtree[e.to], i));\n\n  }\n\n  for(int i = 0; i < MST[idx].size(); i++) {\n\n    const edge& e = MST[idx][i];\n\n    if(e.to == prev) continue;\n\n    if(ret.second == i) {\n\n      makedfs(e.to, idx, paridx, pardepth + 1, deep);\n\n    } else {\n\n      Centroids[ptr++] = (Centroid){paridx, pardepth, deep + 1};\n\n      makedfs(e.to, idx, ptr - 1, 0, deep + 1);\n\n    }\n\n  }\n\n}\n\nvoid CDP()\n\n{\n\n  sizedfs(0, -1);\n\n  Centroids[ptr++] = (Centroid){-1, 0, 0};\n\n  makedfs(0, -1, 0, 0, 0);\n\n\n\n  for(int i = 0; i < ptr; i++) {\n\n    RMQs.push_back(SegmentTree(Centroids[i].Idxes.size()));\n\n    for(vector< int >::iterator it = Centroids[i].Idxes.begin(); it != Centroids[i].Idxes.end(); it++) {\n\n      RMQs[i].Set(it - Centroids[i].Idxes.begin(), min_cost[*it]);\n\n    }\n\n    RMQs[i].Build();\n\n  }\n\n}\n\nint getCost(int a, int b)\n\n{\n\n  int nowTreeIdxA = nowtreeidx[a], nowTreeDepthA = nowtreedepth[a];\n\n  int nowTreeIdxB = nowtreeidx[b], nowTreeDepthB = nowtreedepth[b];\n\n  int ret = INF;\n\n  while(nowTreeIdxA != nowTreeIdxB) {\n\n    if(Centroids[nowTreeIdxA].Deep > Centroids[nowTreeIdxB].Deep) {\n\n      ret = min(ret, RMQs[nowTreeIdxA].Query(0, nowTreeDepthA + 1));\n\n      nowTreeDepthA = Centroids[nowTreeIdxA].parDepth;\n\n      nowTreeIdxA   = Centroids[nowTreeIdxA].parIdx;\n\n    } else {\n\n      ret = min(ret, RMQs[nowTreeIdxB].Query(0, nowTreeDepthB + 1));\n\n      nowTreeDepthB = Centroids[nowTreeIdxB].parDepth;\n\n      nowTreeIdxB   = Centroids[nowTreeIdxB].parIdx;\n\n    }\n\n  }\n\n  if(nowTreeDepthA > nowTreeDepthB) swap(nowTreeDepthA, nowTreeDepthB);\n\n  return(min(ret, RMQs[nowTreeIdxA].Query(nowTreeDepthA, nowTreeDepthB + 1)));\n\n}\n\n\n\nvoid MakeTree()\n\n{\n\n  UnionFind unionfind(N);\n\n  for(int i = 0; i < edges.size(); i++) {\n\n    edge2& e = edges[i];\n\n    e.cost = min(min_cost[e.u], min_cost[e.v]);\n\n  }\n\n  sort(edges.rbegin(), edges.rend());\n\n  \n\n  for(int i = 0; i < edges.size(); i++) {\n\n    const edge2& e = edges[i];\n\n    if(unionfind.Root(e.u) == unionfind.Root(e.v)) continue;\n\n    unionfind.Unite(e.u, e.v);\n\n    MST[e.u].push_back((edge){e.v, e.cost});\n\n    MST[e.v].push_back((edge){e.u, e.cost});\n\n  }\n\n}\n\n\n\nvoid Dijkstra()\n\n{\n\n  priority_queue< Pi, vector< Pi >, greater< Pi > > Que;\n\n  fill_n(min_cost, N, INF);\n\n  for(int i = 0; i < K; i++) {\n\n    Que.push(make_pair(0, F[i]));\n\n    min_cost[F[i]] = 0;\n\n  }\n\n  while(!Que.empty()) {\n\n    Pi p = Que.top(); Que.pop();\n\n    if(min_cost[p.second] < p.first) continue;\n\n    for(int i = 0; i < graph[p.second].size(); i++) {\n\n      const edge& e = graph[p.second][i];\n\n      if(min_cost[e.to] <= e.cost + p.first) continue;\n\n      min_cost[e.to] = e.cost + p.first;\n\n      Que.push(make_pair(min_cost[e.to], e.to));\n\n    }\n\n  }\n\n}\n\n\n\nint main()\n\n{\n\n  scanf(""%d %d %d %d"", &N, &M, &K, &Q);\n\n  for(int i = 0; i < M; i++) {\n\n    int a, b, l;\n\n    scanf(""%d %d %d"", &a, &b, &l);\n\n    --a, --b;\n\n    graph[a].push_back((edge){b, l});\n\n    graph[b].push_back((edge){a, l});\n\n    edges.push_back((edge2){a, b, l});\n\n  }\n\n  for(int i = 0; i < K; i++) {\n\n    scanf(""%d"", &F[i]);\n\n    --F[i];\n\n  }\n\n  Dijkstra();\n\n  MakeTree();\n\n  CDP();\n\n  while(Q--) {\n\n    int a, b;\n\n    scanf(""%d %d"", &a, &b);\n\n    --a, --b;\n\n    printf(""%d\n"", getCost(a, b));\n\n  }\n\n}",0.0
0194,1.0,11977224.375,11452733.75,"#include<stdio.h>\n\n#include<vector>\n\n#include<queue>\n\n#include<map>\n\n#include<algorithm>\n\n#define to first\n\n#define cost second\n\n#define INF 1000000000\n\nusing namespace std;\n\ntypedef pair<int,int> P;\n\nvector<P> e[100000];\n\nvector<P> ge[100000];\n\nvector<P> te[100000];\n\nint d[100000];\n\nint used[100000];\n\nint bfr[100000];\n\nint depth[100000];\n\nint par[20][100000];\n\nint cos[20][100000];\n\nint n,m,k,q;\n\npriority_queue< P,vector<P>,greater<P> > que;\n\nint max(int a,int b){return a>b?a:b;}\n\nint min(int a,int b){return a<b?a:b;}\n\nvoid swap(int& a,int& b){int p=a;a=b;b=p;}\n\nvoid dykstra(){\n\n	int i;\n\n	while(!que.empty()){\n\n		P p=que.top();\n\n		que.pop();\n\n		int v=p.second;\n\n		if(p.first>d[v])continue;\n\n		for(i=0;i<e[v].size();i++){\n\n			int u=e[v][i].to;\n\n			int c=e[v][i].cost;\n\n			if(d[u]>d[v]+c){\n\n				d[u]=d[v]+c;\n\n				que.push(P(d[u],u));\n\n			}\n\n		}\n\n	}\n\n}\n\nvoid mt(){\n\n	int i;\n\n	for(i=0;i<n;i++){\n\n		d[i]=INF;\n\n		used[i]=false;\n\n		bfr[i]=-1;\n\n	}\n\n	d[0]=0;\n\n	que.push(P(0,0));\n\n	while(!que.empty()){\n\n		P p=que.top();\n\n		que.pop();\n\n		int v=p.second;\n\n		if(p.first>d[v])continue;\n\n		used[v]=true;\n\n		if(bfr[v]!=-1){\n\n			te[v].push_back(P(bfr[v],-d[v]));\n\n			te[bfr[v]].push_back(P(v,-d[v]));\n\n		}\n\n		for(i=0;i<ge[v].size();i++){\n\n			int u=ge[v][i].to;\n\n			int c=ge[v][i].cost;\n\n			if(!used[u]&&d[u]>c){\n\n				d[u]=c;\n\n				bfr[u]=v;\n\n				que.push(P(d[u],u));\n\n			}\n\n		}\n\n	}\n\n}\n\nvoid dfs(int v,int p,int d){\n\n	int i;\n\n	depth[v]=d;\n\n	for(i=0;i<te[v].size();i++){\n\n		if(te[v][i].to==p)continue;\n\n		par[0][te[v][i].to]=v;\n\n		cos[0][te[v][i].to]=te[v][i].cost;\n\n		dfs(te[v][i].to,v,d+1);\n\n	}\n\n}\n\nint lca(int a,int b){		\n\n	if(depth[a]<depth[b])swap(a,b);\n\n	int i;\n\n	int diff=depth[a]-depth[b];\n\n	int ans=INF;\n\n	for(i=0;i<20;i++){\n\n		if(diff>>i&1){\n\n			ans=min(ans,cos[i][a]);\n\n			a=par[i][a];\n\n		}\n\n	}\n\n	if(a==b)return ans;\n\n	for(i=19;i>=0;i--){\n\n		if(par[i][a]!=par[i][b]){\n\n			ans=min(ans,cos[i][a]);\n\n			ans=min(ans,cos[i][b]);\n\n			a=par[i][a];\n\n			b=par[i][b];\n\n		}\n\n	}\n\n	ans=min(ans,cos[0][a]);\n\n	ans=min(ans,cos[0][b]);\n\n	return ans;\n\n}\n\nint main(){\n\n	scanf(""%d %d %d %d"",&n,&m,&k,&q);\n\n	int i,j;\n\n	for(i=0;i<m;i++){\n\n		int a,b,c;\n\n		scanf(""%d %d %d"",&a,&b,&c);\n\n		a--;b--;\n\n		e[a].push_back(P(b,c));\n\n		e[b].push_back(P(a,c));\n\n	}\n\n	for(i=0;i<n;i++)d[i]=INF;\n\n	for(i=0;i<k;i++){\n\n		int s;\n\n		scanf(""%d"",&s);\n\n		d[s-1]=0;\n\n		que.push(P(0,s-1));\n\n	}\n\n	dykstra();\n\n	for(i=0;i<n;i++){\n\n		for(j=0;j<e[i].size();j++){\n\n			ge[i].push_back(P(e[i][j].to,-min(d[i],d[e[i][j].to])));\n\n		}\n\n	}\n\n	mt();\n\n	for(i=0;i<n;i++){\n\n		for(j=0;j<20;j++){\n\n			par[j][i]=-1;\n\n			cos[j][i]=INF;\n\n		}\n\n	}\n\n	dfs(0,-1,0);\n\n	for(i=1;i<20;i++){\n\n		for(j=0;j<n;j++){\n\n			if(par[i-1][j]!=-1){\n\n				par[i][j]=par[i-1][par[i-1][j]];\n\n				cos[i][j]=min(cos[i-1][j],cos[i-1][par[i-1][j]]);\n\n			}\n\n		}\n\n	}\n\n	for(i=0;i<q;i++){\n\n		int s,t;\n\n		scanf(""%d %d"",&s,&t);\n\n		s--;t--;\n\n		printf(""%d\n"",lca(s,t));\n\n	}\n\n	return 0;\n\n}",0.0
0195,1.0,4762785.5625,3222640.0,"#include<iostream>\n\n#include<algorithm>\n\n#include<cstring>\n\nusing namespace std;\n\n\n\n#define MAX_M 120\n\n#define MAX_N 60\n\n\n\nint x[MAX_N][6];\n\nint y[MAX_N][6];\n\nint z[MAX_M][3];\n\nlong long int a[MAX_M][MAX_M][MAX_M];\n\nbool b[MAX_M][MAX_M][MAX_M];\n\n\n\nint main() {\n\n	memset(b, false, sizeof(b));\n\n	int n, m;\n\n	int MAXX[3] = { 0,0,0 };\n\n	int SUMX[3] = { 0,0,0 };\n\n	cin >> n >> m;\n\n	for (int i = 0; i < n; i++) {\n\n		for (int j = 0; j < 6; j++) {\n\n			cin >> x[i][j];\n\n			MAXX[j % 3] = max(MAXX[j % 3], x[i][j]);\n\n		}\n\n	}\n\n\n\n	for (int i = 0; i < 3; i++) {\n\n		for (int j = 0; j <= MAXX[i]; j++) {\n\n			for (int k = 0; k < n; k++) {\n\n				if (x[k][i] == j) {\n\n					y[k][i] = SUMX[i];\n\n					z[SUMX[i]][i] = j;\n\n					SUMX[i] += 1;\n\n				}\n\n				if (x[k][i + 3] == j) {\n\n					y[k][i + 3] = SUMX[i];\n\n					z[SUMX[i]][i] = j;\n\n					SUMX[i] += 1;\n\n				}\n\n			}\n\n		}\n\n	}\n\n\n\n	for (int i = 0; i < SUMX[0]; i++) {\n\n		for (int j = 0; j < SUMX[1]; j++) {\n\n			for (int k = 0; k < SUMX[2]; k++){\n\n				a[i][j][k] = z[i + 1][0] - z[i][0];\n\n				a[i][j][k] *= z[j + 1][1] - z[j][1];\n\n				a[i][j][k] *= z[k + 1][2] - z[k][2];\n\n			}\n\n		}\n\n	}\n\n\n\n	int p;\n\n	long long int sum = 0;\n\n\n\n	for (int i = 0; i < SUMX[0]; i++) {\n\n		for (int j = 0; j < SUMX[1]; j++) {\n\n			for (int k = 0; k < SUMX[2]; k++) {\n\n				p = 0;\n\n				for (int l = 0; l < n; l++) {\n\n					if (((y[l][0] <= i && y[l][3]>i) && (y[l][1] <= j && y[l][4]>j)) && (y[l][2] <= k && y[l][5]>k)) {\n\n						p++;\n\n					}\n\n				}\n\n				if (p >= m) {\n\n					sum += a[i][j][k];\n\n					b[i][j][k] = true;\n\n				}\n\n			}\n\n		}\n\n	}\n\n\n\n	cout << sum << endl;\n\n\n\n	return 0;\n\n}",0.0
0197,1.0,2492318.6875,982724.875,"#include <string>\n\n#include <iostream>\n\n#include <algorithm>\n\nusing namespace std;\n\nint H, W; string s[1009], t[3], x = ""JOI"";\n\nint main() {\n\n	cin >> H >> W;\n\n	for (int i = 0; i < H; i++) cin >> s[i];\n\n	cin >> t[0] >> t[1];\n\n	int sum = 0;\n\n	for (int i = 0; i < H - 1; i++) {\n\n		for (int j = 0; j < W - 1; j++) {\n\n			bool flag = true;\n\n			for (int k = 0; k < 2; k++) {\n\n				for (int l = 0; l < 2; l++) {\n\n					if (s[i + k][j + l] != t[k][l]) flag = false;\n\n				}\n\n			}\n\n			if (flag) sum++;\n\n		}\n\n	}\n\n	int ret = 0;\n\n	for (int i = 0; i < H; i++) {\n\n		for (int j = 0; j < W; j++) {\n\n			char e = s[i][j];\n\n			int a[3] = { 0 }, z = -1;\n\n			for (int c = 0; c < 3; c++) {\n\n				if (x[c] == e) z = c;\n\n				s[i][j] = x[c];\n\n				for (int k = -1; k < 1 && i + k + 1 < H; k++) {\n\n					if (i + k < 0) continue;\n\n					for (int l = -1; l < 1 && j + l + 1 < W; l++) {\n\n						if (j + l < 0) continue;\n\n						bool flag = true;\n\n						for (int m = 0; m < 2; m++) {\n\n							for (int n = 0; n < 2; n++) {\n\n								if (s[i + k + m][j + l + n] != t[m][n]) flag = false;\n\n							}\n\n						}\n\n						if (flag) a[c]++;\n\n					}\n\n				}\n\n			}\n\n			for (int c = 0; c < 3; c++) ret = max(ret, sum + a[c] - a[z]);\n\n			s[i][j] = e;\n\n		}\n\n	}\n\n	cout << ret << endl;\n\n	return 0;\n\n}",0.0
0199,1.0,12411066.125,2436641.625,"#include <cstdio>\n\n#include <algorithm>\n\n#include <vector>\n\n\n\nusing namespace std;\n\n\n\ntypedef long long lint;\n\n\n\nint main()\n\n{\n\n	int n;\n\n	static int a[100000];\n\n	static int s[200000], t[200000], next[2][200000];\n\n	static pair<int, int> p[400000];\n\n	static vector<int> bucket[300000];\n\n	\n\n	lint sum = 0;\n\n	\n\n	scanf(""%d"", &n);\n\n	\n\n	for (int i = 0; i < n; i++){\n\n		scanf(""%d"", a + i);\n\n		sum += a[i];\n\n	}\n\n	\n\n	lint left = 0, right = sum / 3;\n\n	\n\n	while (left != right){\n\n		lint mid = (left + right + 1) >> 1;\n\n		lint sum2 = 0;\n\n		int head = 0, tail = 0;\n\n		bool ng = false;\n\n		\n\n		for (; head < n; head++){\n\n			while (sum2 < mid){\n\n				sum2 += a[tail++];\n\n				if (tail >= n) tail -= n;\n\n			}\n\n			int i = head;\n\n			s[i] = head, t[i] = tail;\n\n			if (s[i] == t[i]) ng = true;\n\n			if (t[i] < s[i]) t[i] += n;\n\n			s[n + i] = s[i] + n, t[n + i] = t[i] + n;\n\n			sum2 -= a[head];\n\n		}\n\n		if (ng){\n\n			right = mid - 1;\n\n			continue;\n\n		}\n\n		for (int i = 0; i < n * 3; i++) bucket[i].clear();\n\n		\n\n		for (int i = 0; i < n * 2; i++){\n\n			bucket[t[i]].push_back(i);\n\n			bucket[s[i]].push_back(n * 2 + i);\n\n		}\n\n		int ctr = 0;\n\n		for (int i = 0; i < n * 3; i++){\n\n			for (int j = 0; j < bucket[i].size(); j++){\n\n				p[ctr++] = make_pair(i, bucket[i][j]);\n\n			}\n\n		}\n\n		\n\n		int last = -1;\n\n		for (int i = n * 4 - 1; i >= 0; i--){\n\n			int id = p[i].second;\n\n			if (id < n * 2) next[0][id] = last;\n\n			else {\n\n				id -= n * 2;\n\n				if (last < 0 || t[last] > t[id]) last = id;\n\n			}\n\n		}\n\n		\n\n		for (int k = 0; k + 1 < 2; k++){\n\n			for (int i = 0; i < n * 2; i++){\n\n				if (next[k][i] < 0) next[k + 1][i] = -1;\n\n				else next[k + 1][i] = next[k][next[k][i]];\n\n			}\n\n		}\n\n		\n\n		int res = 0;\n\n		for (int i = 0; i < n; i++){\n\n			int tmp = 0, j = i;\n\n			for (int k = 1; k >= 0; k--){\n\n				int j2 = next[k][j];\n\n				if (j2 >= 0 && t[j2] <= s[i] + n){\n\n					j = j2;\n\n					tmp |= 1 << k;\n\n				}\n\n			}\n\n			if (res >= 3) break;\n\n			res = max(res, tmp + 1);\n\n		}\n\n		if (res >= 3) left = mid;\n\n		else right = mid - 1;\n\n	}\n\n	\n\n	printf(""%lld\n"", left);\n\n	\n\n	return (0);\n\n}",0.0
0201,1.0,3513911.0,942698.0,"#include <cstdio>\n\n#include <iostream>\n\nusing namespace std;\n\n\n\nint main()\n\n{\n\n	int InArray[200000] = {0};		// end is linked to start (Baumkuchen is round)\n\n	int N;							// total data input\n\n	int i;							// for counter\n\n	int inputBuffer;				// buffer for input data\n\n	int a1, a2, a3;					// the start index of each region\n\n	long long sum;					// buffer for sum\n\n	long long average, average2;	// sum / 3, (sum - region1) / 2\n\n	long long a1_sum, a2_sum;		// sum of region1, region2\n\n	long long MaxMin;				// final result\n\n	\n\n	scanf(""%d"", &N);\n\n	for(i = 0; i < N; i++){\n\n		scanf(""%d"", &inputBuffer);\n\n		InArray[i] = inputBuffer;\n\n		InArray[i + N] = inputBuffer;\n\n	}\n\n\n\n	\n\n	// Calculate sum and average\n\n	sum = 0;\n\n	for(i = 0; i < N; i++){\n\n		sum += InArray[i];\n\n	}\n\n	if(sum % 3 == 0){\n\n		average = sum / 3;\n\n	}else{\n\n		average = sum / 3 + 1;\n\n	}\n\n	\n\n	MaxMin = 0;\n\n	for(a1 = 0; a1 < N; a1++){\n\n		a1_sum = 0;\n\n		for(a2 = a1 + 1; a2 < (a1 + N); a2++){\n\n			a1_sum += InArray[a2 - 1];\n\n			if(a1_sum < average) continue;\n\n			\n\n			if((sum - a1_sum) % 2 == 0){\n\n				average2 = (sum - a1_sum) / 2;\n\n			}else{\n\n				average2 = (sum - a1_sum + 1) / 2;\n\n			}\n\n			\n\n			a2_sum = 0;\n\n			for(a3 = a2 + 1; a3 < (a1 + N); a3++){	// left 1 for a3_sum\n\n				a2_sum += InArray[a3 -1];\n\n				if(a2_sum < average2) continue;\n\n								\n\n				if(a2_sum - InArray[a3 -1] > MaxMin){\n\n					MaxMin = a2_sum - InArray[a3 -1];\n\n				}\n\n				if(sum - a1_sum - a2_sum   > MaxMin){\n\n					MaxMin = sum - a1_sum - a2_sum;\n\n				}\n\n				break;\n\n			}\n\n			break;\n\n		}\n\n	}\n\n	\n\n	printf(""%lld\n"", MaxMin);\n\n	\n\n	return 0;\n\n}",0.0
0202,1.0,3586375.25,969264.4375,"#include ""stdc++.h""\n\nusing namespace std;\n\n\n\nint n;\n\nint a[100010];\n\nint dp[100010][3];\n\n\n\nint main()\n\n{\n\n  cin >> n;\n\n  for (int i = 0; i < n; i++){\n\n    cin >> a[i + 1];\n\n  }\n\n  a[0] = a[1] ^ 1;\n\n  a[n + 1] = a[n] ^ 1;\n\n\n\n  for (int i = 1; i <= n; i++){\n\n    if (a[i - 1] ^ a[i]){\n\n      dp[i][0] = dp[i - 1][0] + 1;\n\n      dp[i][1] = dp[i - 1][1] + 1;\n\n      dp[i][2] = dp[i - 1][2] + 1;\n\n    }\n\n    else {\n\n      dp[i][0] = 1;\n\n      dp[i][1] = dp[i - 1][0] + 1;\n\n      dp[i][2] = dp[i - 1][1] + 1;\n\n    }\n\n  }\n\n\n\n  cout << *max_element(dp[0], dp[100010]) << endl;\n\n}",0.0
0203,1.0,2589143.3125,2381465.4375,"#include <iostream>\n\n#include <cstring>\n\n#include <utility>\n\n#include <cstdint>\n\n \n\nusing namespace std;\n\n \n\nuint64_t N;\n\nint8_t L[100000],_L[100000];\n\n \n\nint main(void)\n\n{\n\n    cin >> N;\n\n    int t;\n\n    for(int i = 0;i < N;i++)\n\n    {\n\n        cin >> t;\n\n        L[i] = t;\n\n    }\n\n    L[N] = -1;\n\n    bool loop = true;\n\n    uint64_t itr1 = 0,itr2 = 0;\n\n    uint64_t result = 0;\n\n    while(loop)\n\n    {\n\n        while(L[itr1] != L[itr1 + 1] && itr1 < N - 1)\n\n        {\n\n            itr1++;\n\n        }\n\n        itr2 = itr1 + 1;\n\n        while(L[itr2] != L[itr2 + 1] && itr2 < N - 1)\n\n        {\n\n            itr2++;\n\n        }\n\n        memcpy(_L,L,sizeof(int8_t[100000]));\n\n        for(uint64_t i = itr1 + 1;i <= itr2;i++)\n\n        {\n\n            if(L[i] == 0)\n\n                _L[i] = 1;\n\n            else if(L[i] == 1)\n\n                _L[i] = 0;\n\n        }\n\n        uint64_t upper = itr1,downer = itr1,count = 1;\n\n        while(upper > 0 && _L[upper] != _L[upper - 1])\n\n        {\n\n            upper--;\n\n            count++;\n\n        }\n\n        while(downer < N - 1 && _L[downer] != _L[downer + 1])\n\n        {\n\n            downer++;\n\n            count++;\n\n        }\n\n        result = max(result,count);\n\n        itr1++;\n\n        if(itr2 >= N - 1)\n\n        {\n\n            loop = false;\n\n        }\n\n    }\n\n    cout << result << endl;\n\n    return 0;\n\n}",0.0
0205,1.0,1210750.3125,1188246.5625,"#include<cstdio>\n\n#include<algorithm>\n\nusing namespace std;\n\ntypedef long long int ll;\n\nstatic const int MAX_N = 2000;\n\n\n\nint N;\n\nll A[MAX_N];\n\nll memo[MAX_N][2 * MAX_N];\n\n\n\nll memoize(int i, int j){\n\n	if(memo[i][j] != -1) return memo[i][j];\n\n	int i2 = (i == N - 1 ? 0 : i + 1);\n\n	int j2 = (j == 0 ? N - 1 : j - 1);\n\n	int itv = (i > j ? N + j - i : j - i);\n\n	if((N - itv) % 2 == 1){\n\n		if(i == j) return memo[i][j] = A[i];\n\n		else return memo[i][j] = max(memoize(i2, j) + A[i], memoize(i, j2) + A[j]);\n\n	}else{\n\n		if(i == j) return memo[i][j] = 0LL;\n\n		else if(A[i] > A[j]) return memo[i][j] = memoize(i2, j);\n\n		else return memo[i][j] = memoize(i, j2);\n\n	}\n\n	return 0;\n\n}\n\n\n\nint main(){\n\n	scanf(""%d"", &N);\n\n	for(int i = 0; i < N; i++) scanf(""%lld"", &A[i]);\n\n	fill(memo[0], memo[N], -1);\n\n	for(int i = 0; i < N; i++){\n\n		for(int j = 0; j < N; j++){\n\n			memo[i][j] = memoize(i, j);\n\n		}\n\n	}\n\n	ll res = 0LL;\n\n	for(int i = 0; i < N; i++){\n\n		for(int j = 0; j < N; j++){\n\n			res = max(res, memo[i][j]);\n\n		}\n\n	}\n\n	printf(""%lld\n"", res);\n\n	return 0;\n\n}\n\n\n",0.0
0207,1.0,7282122.0625,2411113.125,"#include <iostream>\n\n#include <queue>\n\n#include <algorithm>\n\nusing namespace std;\n\n#define INF 1e18\n\n#define int long long\n\ntypedef pair<int,int> P;\n\n#define MP make_pair\n\n\n\n  int n, m, k, s, p, q;\n\n  int zonbi[100001];\n\n  int dis[100001];\n\n  int costco[100001];\n\n  priority_queue <P, vector<P>, greater<P> > pq;\n\n  vector <int> pairs[100001];\n\nsigned main(){\n\n\n\n  for (int i = 0; i < 100001; i++){\n\n    dis[i] = INF;\n\n    costco[i] = INF;\n\n  }\n\n\n\n  cin >> n >> m >> k >> s >> p >> q;\n\n  for (int i = 0; i < k; i++){\n\n    cin >> zonbi[i];\n\n  }\n\n  for (int i = 0; i < m; i++){\n\n    int x, y;\n\n    cin >> x >> y;\n\n    pairs[x].push_back(y);\n\n    pairs[y].push_back(x);\n\n  }\n\n\n\n  for (int i = 0; i < k; i++){\n\n    pq.push(MP(0, zonbi[i]));\n\n    dis[zonbi[i]] = 0;\n\n  }\n\nwhile(!pq.empty()){\n\n      int cost, start;\n\n      cost = pq.top().first;\n\n      start = pq.top().second;\n\n      pq.pop();\n\n      if(s == cost) continue;\n\n      for(int j = 0; j < pairs[start].size(); j++){\n\n        if (dis[pairs[start][j]] > cost + 1){\n\n          dis[pairs[start][j]] = cost + 1;\n\n          pq.push(MP(cost + 1, pairs[start][j]));\n\n        } \n\n      }\n\n    }\n\n  pq.push(MP(0, 1));\n\n  costco[1] = 0;\n\n  while(!pq.empty()){\n\n    int cost, start;\n\n    cost = pq.top().first;\n\n    start = pq.top().second;\n\n    pq.pop();\n\n    for (int i = 0; i < pairs[start].size(); i++){\n\n      int hoge;\n\n      if (dis[pairs[start][i]] == 0){\n\n        continue;\n\n      }else if (dis[pairs[start][i]] == INF){\n\n        hoge = p;\n\n      }else{\n\n        hoge = q;\n\n      }\n\n      if (pairs[start][i] == n){\n\n          hoge = 0;\n\n      }\n\n      if (costco[pairs[start][i]] > cost + hoge){\n\n        costco[pairs[start][i]] =  cost + hoge;\n\n        pq.push(MP(cost + hoge, pairs[start][i]));\n\n      }\n\n    }\n\n  }\n\n  cout << costco[n] << endl;\n\n  return 0;\n\n}",0.0
0209,1.0,9991092.375,8483575.125,"#include""stdc++.h""\n\n#define rep(i,n)for(int i=0;i<n;i++)\n\nusing namespace std;\n\n\n\nvector<int>E[100000], pr[100000];\n\nint u[200000], v[200000], r[200000], ans[200000], d[100000], cnt = 1;\n\nbool b[200000], ok[100000];\n\n\n\nvoid bfs(int u) {\n\n	queue<int>que;\n\n	que.push(u);\n\n	while (!que.empty()) {\n\n		int p = que.front(); que.pop();\n\n		for (int v : E[p]) {\n\n			if (d[v] == d[p] + 1 && !ok[v]) {\n\n				ok[v] = true; cnt++; que.push(v);\n\n			}\n\n		}\n\n	}\n\n}\n\nint main() {\n\n	int n, m, q; scanf(""%d%d%d"", &n, &m, &q);\n\n	rep(i, m) {\n\n		scanf(""%d%d"", &u[i], &v[i]);\n\n		u[i]--; v[i]--;\n\n		E[u[i]].push_back(v[i]); E[v[i]].push_back(u[i]);\n\n	}\n\n	queue<int>que;\n\n	memset(d, -1, sizeof(d));\n\n	d[0] = 0; que.push(0);\n\n	while (!que.empty()) {\n\n		int p = que.front(); que.pop();\n\n		for (int i : E[p]) {\n\n			if (d[i] == -1) {\n\n				d[i] = d[p] + 1; que.push(i);\n\n			}\n\n		}\n\n	}\n\n	rep(i, m) {\n\n		if (d[u[i]] > d[v[i]])swap(u[i], v[i]);\n\n	}\n\n	rep(i, n)E[i].clear();\n\n	rep(i, q) {\n\n		scanf(""%d"", &r[i]); r[i]--;\n\n		b[r[i]] = true;\n\n	}\n\n	ok[0] = true;\n\n	rep(i, m) {\n\n		if (!b[i]) {\n\n			if (d[v[i]] - d[u[i]] == 1) {\n\n				E[u[i]].push_back(v[i]);\n\n			}\n\n		}\n\n	}\n\n	bfs(0);\n\n	for (int i = q - 1; i >= 0; i--) {\n\n		ans[i] = n - cnt;\n\n		if (d[v[r[i]]] - d[u[r[i]]] == 1 && !ok[v[r[i]]]) {\n\n			E[u[r[i]]].push_back(v[r[i]]);\n\n			if (ok[u[r[i]]]) {\n\n				cnt++; ok[v[r[i]]] = true;\n\n				bfs(v[r[i]]);\n\n			}\n\n		}\n\n	}\n\n	rep(i, q)printf(""%d\n"", ans[i]);\n\n}",0.0
0210,1.0,9669743.3125,8582505.1875,"#include <vector>\n\n#include <algorithm>\n\n#include <set>\n\n#include <map>\n\n#include <queue>\n\n#include <stack>\n\n#include <iostream>\n\n#include <cstdio>\n\n#include <cmath>\n\n#include <cstring>\n\nusing namespace std;\n\ntypedef long long ll;\n\ntypedef pair<ll,ll> P;\n\ntypedef double db;\n\n\n\n#define fr first\n\n#define sc second\n\n#define pb push_back\n\n#define rep(i,x) for(ll i=0;i<x;i++)\n\n#define rep1(i,x) for(ll i=1;i<=x;i++)\n\n#define rrep(i,x) for(ll i=x-1;i>=0;i--)\n\n#define rrep1(i,x) for(ll i=x;i>0;i--)\n\nconst ll INF=0xffffffffffffff;\n\nll N,M,Q;\n\nll D[100000];\n\nll d[100000];\n\nll U[200000],V[200000];\n\nll R[200000];\n\nbool ansin[100000];\n\nll anum[200000];\n\nvector<ll> G[100000];\n\nvector<ll> G2[100000];\n\npriority_queue<ll,vector<ll> ,greater<ll > >  q;\n\n\n\n\n\n\n\nbool mov[200000];\n\nint main()\n\n{\n\n	cin>>N>>M>>Q;\n\n	rep(i,M){\n\n		cin>>U[i]>>V[i];\n\n		U[i]--;\n\n		V[i]--;\n\n		G[V[i]].pb(U[i]);\n\n		G[U[i]].pb(V[i]);\n\n	}\n\n	rep(i,Q){\n\n		cin>>R[i];\n\n		R[i]--;\n\n		mov[R[i]]=1;\n\n	}\n\n	fill(D,D+N,INF);\n\n	D[0]=0;\n\n	\n\n	q.push(0);\n\n	while(!q.empty()){\n\n		ll x=q.top();\n\n		q.pop();\n\n		rep(i,G[x].size()){\n\n			if(D[G[x][i]]>D[x]+1){\n\n				D[G[x][i]]=D[x]+1;\n\n				q.push(G[x][i]);\n\n			}\n\n		}\n\n	}\n\n	ll cnt=1;\n\n	fill(d,d+N,INF);\n\n	d[0]=0;\n\n	ansin[0]=1;\n\n	rep(i,M){\n\n		if(!mov[i]){\n\n			G2[U[i]].pb(V[i]);\n\n			G2[V[i]].pb(U[i]);\n\n		}\n\n	}\n\n	q.push(0);\n\n	while(!q.empty()){\n\n		ll x=q.top();\n\n		q.pop();\n\n		rep(i,G2[x].size()){\n\n			if(d[G2[x][i]]>d[x]+1){\n\n				d[G2[x][i]]=d[x]+1;\n\n				if(d[G2[x][i]]==D[G2[x][i]]&&!ansin[G2[x][i]]){\n\n					ansin[G2[x][i]]=1;\n\n					cnt++;\n\n				}\n\n				q.push(G2[x][i]);\n\n			}\n\n		}\n\n	}\n\n	anum[Q-1]=cnt;\n\n	rrep1(i,Q-1){\n\n		ll a=U[R[i]];\n\n		ll b=V[R[i]];\n\n		G2[a].pb(b);\n\n		G2[b].pb(a);\n\n		if(d[a]+1<d[b]){\n\n			d[b]=d[a]+1;\n\n			if(d[b]==D[b]&&!ansin[b]){\n\n					ansin[b]=1;\n\n					cnt++;\n\n			}\n\n			q.push(b);\n\n		}\n\n		else if(d[b]+1<d[a]){\n\n			d[a]=d[b]+1;\n\n			if(d[a]==D[a]&&!ansin[a]){\n\n					ansin[a]=1;\n\n					cnt++;\n\n			}\n\n			q.push(a);\n\n		}\n\n		while(!q.empty()){\n\n			ll x=q.top();\n\n			q.pop();\n\n			rep(i,G2[x].size()){\n\n			if(d[G2[x][i]]>d[x]+1){\n\n					d[G2[x][i]]=d[x]+1;\n\n					if(d[G2[x][i]]==D[G2[x][i]]&&!ansin[G2[x][i]]){\n\n						ansin[G2[x][i]]=1;\n\n						cnt++;\n\n					}\n\n					q.push(G2[x][i]);\n\n				}\n\n			}\n\n		}\n\n		anum[i-1]=cnt;\n\n	}\n\n	rep(i,Q) cout<<N-anum[i]<<endl;\n\n}",0.0
0212,1.0,15514816.4375,14917177.8125,"#include <queue>\n\n#include <vector>\n\n#include <iostream>\n\n#pragma warning(disable : 4996)\n\nusing namespace std;\n\nint N, M, Q, a[200009], b[200009], r[200009], f[200009], dist[200009], ret[200009]; vector<int> g[200009], gt[200009]; bool vis[100009];\n\nint main() {\n\n	scanf(""%d%d%d"", &N, &M, &Q);\n\n	for (int i = 0; i < M; i++) {\n\n		scanf(""%d%d"", &a[i], &b[i]), a[i]--, b[i]--;\n\n		g[a[i]].push_back(b[i]);\n\n		g[b[i]].push_back(a[i]);\n\n	}\n\n	fill(f, f + M, -1);\n\n	for (int i = 0; i < Q; i++) scanf(""%d"", &r[i]), r[i]--, f[r[i]] = i;\n\n	queue<int> que1; que1.push(0);\n\n	fill(dist, dist + N, -1); dist[0] = 0;\n\n	while (!que1.empty()) {\n\n		int u = que1.front(); que1.pop();\n\n		for (int i : g[u]) {\n\n			if (dist[i] == -1) {\n\n				dist[i] = dist[u] + 1;\n\n				que1.push(i);\n\n			}\n\n		}\n\n	}\n\n	for (int i = 0; i < M; i++) {\n\n		if (dist[a[i]] == dist[b[i]]) continue;\n\n		if (dist[a[i]] > dist[b[i]]) swap(a[i], b[i]);\n\n		if (f[i] == -1) gt[a[i]].push_back(b[i]);\n\n	}\n\n	int cnt = N - 1;\n\n	vector<bool> vis(N); vis[0] = true;\n\n	queue<int> que2; que2.push(0);\n\n	while (!que2.empty()) {\n\n		int u = que2.front(); que2.pop();\n\n		for (int i : gt[u]) {\n\n			if (!vis[i]) {\n\n				vis[i] = true; cnt--;\n\n				que2.push(i);\n\n			}\n\n		}\n\n	}\n\n	for (int i = Q - 1; i >= 0; i--) {\n\n		ret[i] = cnt;\n\n		if (dist[a[r[i]]] == dist[b[r[i]]]) continue;\n\n		gt[a[r[i]]].push_back(b[r[i]]);\n\n		if (vis[a[r[i]]] && !vis[b[r[i]]]) {\n\n			vis[b[r[i]]] = true; cnt--;\n\n			queue<int> que; que.push(b[r[i]]);\n\n			while (!que.empty()) {\n\n				int u = que.front(); que.pop();\n\n				for (int j : gt[u]) {\n\n					if (!vis[j]) {\n\n						vis[j] = true, cnt--;\n\n						que.push(j);\n\n					}\n\n				}\n\n			}\n\n		}\n\n	}\n\n	for (int i = 0; i < Q; i++) printf(""%d\n"", ret[i]);\n\n	return 0;\n\n}",0.0
0213,1.0,4756225.125,3274013.0,"#include""stdc++.h""\n\n#define ll long long int\n\nusing namespace std;\n\nll i, j , k , l , n,counter;\n\n bool ara3[200000];\n\n void seive()\n\n {\n\n     for(i= 2; i<=100001; i++)\n\n     {\n\n         ara3[i]  = true;\n\n     }\n\n     ara3[1]  = false;\n\n     for(i=2 ; i<=100001; i++)\n\n     {\n\n         for(j=2;i*j<=100001; j++)\n\n         {\n\n             if(ara3[i]==true)\n\n             {\n\n                 ara3[i*j] = false;\n\n             }\n\n         }\n\n     }\n\n }\n\nint main(void)\n\n{\n\n    seive();\n\n     while(cin>>n)\n\n     {\n\n         counter = 0;\n\n         for(i=1,j=n; i<=n; i++,j--)\n\n         {\n\n             if(ara3[i]==true && ara3[j]==true)\n\n             {\n\n                 counter++;\n\n             }\n\n\n\n         }\n\n         cout<<counter<<endl;\n\n     }\n\n     return 0;\n\n\n\n}",0.0
0214,1.0,3279828.875,996169.1875,"#include<cmath>\n\n#include<iostream>\n\n#include<bitset>\n\n\n\n#define MAX 10001\n\n\n\nusing namespace std;\n\n\n\nbitset<MAX> b1;\n\n\n\nvoid ComputePrimes(){\n\n	b1.set();\n\n\n\n	b1.reset(1);\n\n	for(int i = 4; i <= 10000; ++i){\n\n		for(int j = 2; j <= sqrt((double)i); ++j){\n\n			if( i % j == 0 ){\n\n				b1.reset( i );\n\n				break;\n\n			}\n\n		}\n\n	}\n\n}\n\n\n\nint main()\n\n{\n\n	ComputePrimes();\n\n\n\n	while( true )\n\n	{\n\n		int N, P = 0;\n\n		\n\n		cin >> N;\n\n\n\n		if( cin.eof() )\n\n			break;\n\n\n\n		for(int i = 1; i <= N; ++i){\n\n			if( b1[N - i + 1] == true && b1[ i ] == true )\n\n				++P;\n\n		}\n\n\n\n		cout << P << '\n';\n\n	}\n\n	return 0;\n\n}",0.0
0215,1.0,2430690.5625,984166.4375,"#include<iostream>\n\n#include<algorithm>\n\nusing namespace std;\n\nint n,key,cnt,ans;\n\nint t[1000001];\n\nint main(){\n\n  while(cin>>n&&n){\n\n    for(int i=0;i<n;i++)cin>>t[i];\n\n    t[n]=ans=-1;\n\n    sort(t,t+n);\n\n    key=t[0];\n\n    cnt=1;\n\n    for(int i=1;i<=n;i++){\n\n      if(key==t[i])cnt++;\n\n      else{\n\n	if(cnt>n/2)ans=key;\n\n	key=t[i];\n\n	cnt=1;\n\n      }\n\n    }\n\n    if(ans==-1)cout<<""NO COLOR""<<endl;\n\n    else cout<<ans<<endl;\n\n  }\n\n  return 0;\n\n}",0.0
0216,1.0,8772048.125,6830064.125,"#include <iostream>\n\n#include <cstring>\n\n#include <algorithm>\n\n#define N_F 1010\n\n#define N_CONST 1001\n\nusing namespace std;\n\n\n\n\n\nint v,d,  f1,f2;\n\nunsigned long long int f[N_F];\n\nint node[N_CONST+10][N_CONST+10];\n\n\n\nvoid rmNode( int i ){\n\n  //  cout << ""  remove : ""<<i<<endl;\n\n\n\n  node[i][i] = 0;\n\n  for( int j=0;j<N_CONST;j++ ){\n\n    if( node[j][j]==0 )\n\n      continue;\n\n    if( node[i][j]==1 ){\n\n      rmNode( j );\n\n    }\n\n  }\n\n}\n\n\n\nint main(){\n\n  f[0]=1;  f[1]=2;\n\n  for( int i=2;i<N_F;i++ ){\n\n    //  f[i] = f[i-1] + f[i-2];\n\n      f[i] = (f[i-1] + f[i-2])% N_CONST;\n\n      //        cout << i << ""\t""<< f[i] << endl;\n\n  }\n\n\n\n\n\n\n\n  while( cin>>v >> d ){\n\n    //    cout << v <<"",""<< d<< endl;\n\n\n\n    memset( node,0,sizeof(node) );\n\n\n\n    //    cout << ""test1"" << endl;\n\n    for( int i=1;i<=v;i++ ){\n\n      f1 = f[i] % N_CONST; // node ÂÃ label\n\n      node[ f1 ][ f1 ]=1;  // nodeÂÂªÂÂ¶ÂÃÂÂ·ÂÃ©ÂÂ±ÂÃÂÃ°Â\ÂÂ·\n\n\n\n      //cout << ""test3 i=""<<i<<"" f1=""<<f1 << endl;\n\n      for( int j=1;j<=v;j++ ){\n\n	f2 = f[j] % N_CONST;\n\n	//	if( abs( f[i]-f[j] ) < d ){\n\n	//	cout << ""test4 j=""<<j<<"" f[j]=""<<f[j]<<"" f2=""<<f2 << endl;\n\n	if( abs( f1-f2 ) < d ){\n\n	  node[ f1 ][ f2 ] = 1;\n\n	  node[ f2 ][ f1 ] = 1;\n\n	}\n\n      }\n\n    }\n\n    //    cout << ""test2"" << endl;\n\n    int n=0;\n\n    for( int i=0;i<N_CONST;i++ ){\n\n      if( node[i][i]==0 ) // ÂmÂ[ÂhÂÂªÂÂ¶ÂÃÂÂµÂÃÂÂ¢\n\n	continue;\n\n      n++;\n\n      rmNode( i );     // i ÂÃÂÃÂÂ±ÂÂ³ÂÃªÂÂ½ÂmÂ[ÂhÂÃ°ÂSÂÃÂÃ­ÂÂ\n\n    }\n\n    cout << n << endl;\n\n\n\n    //    break;\n\n  }\n\n\n\n  return 0;\n\n}",0.0
0218,1.0,2376581.75,941034.8125,"#include<vector>\n\n#include<list>\n\n#include<algorithm>\n\n#include<iostream>\n\n#include<string>\n\n#include<cstdio>\n\n#include<cstdlib>\n\n#include<cstring>\n\n#include<cmath>\n\nusing namespace std;\n\nint main(){\n\n  int i,j;\n\n  int s[100],b,m,n;\n\n  while(cin>>n>>m&&n+m){\n\n    for(i=0;i<m;i++)\n\n      cin>>s[i];\n\n    for(i=0;i<n;i++){\n\n      for(j=0;j<m;j++){\n\n	cin>>b;\n\n	s[j]-=b;\n\n      }\n\n    }\n\n    for(i=0;i<m;i++){\n\n      if(s[i]<0)\n\n	break;\n\n    }\n\n    if(i==m)\n\n      cout<<""Yes""<<endl;\n\n    else\n\n      cout<<""No""<<endl;\n\n  }\n\n  return 0;\n\n}",0.0
0219,1.0,2425557.625,945483.0625,"#include <iostream>\n\nusing namespace std;\n\nint n, m, x, s[100];\n\nint main() {\n\n	while(cin >> n >> m, n + m) {\n\n		for(int i = 0; i < m; i++) cin >> s[i];\n\n		for(int i = 0; i < n; i++) {\n\n			for(int j = 0; j < m; j++) cin >> x, s[j] -= x;\n\n		}\n\n		int f = 1;\n\n		for(int i = 0; i < m; i++) {\n\n			if(s[i] < 0) f = 0;\n\n		}\n\n		cout << (f ? ""Yes"" : ""No"") << endl;\n\n	}\n\n}",0.0
0220,1.0,2399648.9375,2367756.5625,"#include<iostream>\n\nusing namespace std;\n\nint main(){\n\n	int N,K,i,j,*S,B,a;\n\n	while(a=1,cin>>N>>K,N||K){\n\n		S=new int[K];\n\n		for(i=K;i--;)cin>>S[i];\n\n		for(i=N;i--;)for(j=K;j--;)cin>>B,S[j]-=B,S[j]<0?a=0:0;\n\n		cout<<(a?""Yes"":""No"")<<endl;\n\n	}\n\n}",0.0
0221,1.0,2435567.75,942546.0,"#include <iostream>\n\nusing namespace std;\n\nint main(){\n\n  int k,s,c,i;\n\n  while(1){\n\n    cin >>k;\n\n    if (!k) break;\n\n    for(i=0,s=0;i<k*(k-1)/2;i++)\n\n      cin>>c,s+=c;\n\n    cout <<s/(k-1)<<endl;   \n\n  }\n\n  return 0;\n\n}",0.0
0222,1.0,2375948.9375,955661.5,"#include <iostream>\n\nusing namespace std;\n\n\n\nint main(){\n\n	int k,c,a;\n\n	\n\n	while( cin >> k , k ){\n\n		a = 0;\n\n		for(int i=0 ; i < k*(k-1)/2 ; i++ ){\n\n			cin >> c;\n\n			a += c;\n\n		}\n\n		cout << ( a / (k-1) ) << endl;\n\n	}\n\n}",0.0
0223,1.0,3005149.25,956355.4375,"#include<iostream>\n\n#include<cstdio>\n\n#define N 100000\n\n\n\nusing namespace std;\n\n\n\n\n\n\n\nint main(){\n\n  int K,c[N],i,ans=0;\n\n\n\n  while(1){\n\n    ans=0;\n\n    for(i=0;i<N;i++){\n\n      c[i]=0;\n\n    }\n\n    \n\n    cin >> K;\n\n    if(K==0)break;\n\n    \n\n  \n\n   \n\n    for(i=0;i<(K*(K-1))/2;i++){\n\n      cin >> c[i];\n\n    }\n\n  \n\n   \n\n    \n\n    for(i=0;i<=(K*(K-1))/2;i++){\n\n      ans+=c[i];  \n\n    }\n\n\n\n    \n\n  ans=ans/(K-1);\n\n  \n\n  cout << ans << endl;\n\n  \n\n  \n\n  }\n\n  \n\n}",0.0
0224,1.0,2791817.1875,2772879.875,"#include <iostream>\n\n#include <algorithm>\n\n\n\nusing namespace std;\n\n\n\nint c[6] = {1, 5, 10, 50, 100, 500};\n\n\n\nint getNum(int t){\n\n	int res = 0;\n\n	for(int i=5;i>=0;i--){\n\n		res += t/c[i];\n\n		t %= c[i];\n\n	}\n\n	return res;\n\n}\n\n\n\nint main(){\n\n	int P, N[6];\n\n	while(cin >> P, P){\n\n		int end = 0;\n\n		for(int i=0;i<6;i++){\n\n			cin >> N[i];\n\n			end += c[i]*N[i];\n\n		}\n\n		int ans = 10000000;\n\n		for(int i=P;i<=end;i++){\n\n			int cur = getNum(i-P);\n\n			int l = i;\n\n			for(int j=5;j>=0;j--){\n\n				int tmp = l/c[j];\n\n				cur += min(N[j], tmp);\n\n				l -= min(N[j], tmp)*c[j];\n\n			}\n\n			if(l != 0) continue;\n\n			ans = min(ans, cur); \n\n		}\n\n		cout << ans << endl;\n\n	}\n\n}",0.0
0225,1.0,2585344.9375,2497992.6875,"#include <iostream>\n\n#include <string>\n\n#include <algorithm>\n\n#include <set>\n\n#include <vector>\n\n#include <cstring>\n\n#include <climits>\n\n#include <queue>\n\n#include <map>\n\n#include <sstream>\n\nusing namespace std;\n\n\n\n#define REP(i,a,n) for(int i=(a); i<(int)(n); i++)\n\n#define rep(i,n) REP(i,0,n)\n\n#define EPS 1e-9\n\n\n\nconst int coin[] = {1,5,10,50,100,500};\n\nconst int inf = 999999999;\n\nint c[6],p;\n\n\n\nint oturi(int x){\n\n	int ret = 0;\n\n	for(int i=5; i>=0 && x>0; i--){\n\n		ret += (x/coin[i]);\n\n		x -= (x/coin[i])*coin[i];\n\n	}\n\n	return ret;\n\n}\n\nint pay(int x){\n\n	int ret = 0;\n\n	for(int i=5; i>=0 && x>0; i--){\n\n		ret += min(x/coin[i], c[i]);\n\n		x -= min(x/coin[i],c[i]) * coin[i];\n\n	}\n\n	return x==0 ? ret : -1;\n\n}\n\nint main(){\n\n	while(scanf(""%d"",&p),p){\n\n		scanf(""%d%d%d%d%d%d"",c,c+1,c+2,c+3,c+4,c+5);\n\n		int sum = 0;\n\n		int ret = INT_MAX;\n\n		\n\n		rep(i,6)sum += coin[i]*c[i];\n\n		\n\n		for(int i=p; i<=sum; i++){\n\n			int t = pay(i);\n\n			if( t!=-1 ){\n\n				ret = min(ret, t+oturi(i-p));\n\n			}\n\n		}\n\n		printf(""%d\n"",ret);\n\n	}\n\n	return 0;\n\n}",0.0
0226,1.0,3716800.4375,3716800.4375,"#include<cstdio>\n\n#include<cctype>\n\n#include<queue>\n\n#include<algorithm>\n\n#include<cstring>\n\nusing namespace std;\n\n\n\n#define REP(i, N) for(int i=0;i<(int)(N);++i)\n\n\n\nint unit[20];\n\nint need[20];\n\n\n\nint nextInt() {int r = 0, ch; while( isspace(ch = getchar())); do {r = r * 10 + ch - '0';}while( isdigit( ch = getchar() ) ); return r;}\n\n\n\nbool visited[1 << 20];\n\n\n\nstruct State {\n\n  int one, mask, have;\n\n//   bool operator<(const State& t) const {\n\n//     if( one != t.one ) return one > t.one;\n\n//     return have < t.have;\n\n//   }\n\n};\n\n\n\nint solve(int N, int U) {\n\n  memset(visited, 0, sizeof(visited));\n\n  //  priority_queue<State> up;\n\n  queue<State> up;\n\n  State s;\n\n  s.one = 0;\n\n  s.mask = 0;\n\n  s.have = 0;\n\n  visited[s.mask] = 1;\n\n  up.push(s);\n\n  while( !up.empty() ) {\n\n    s = up.front(); up.pop();\n\n\n\n    if( s.have >= U ) return s.one;\n\n\n\n    for(int i = 0; i < N; i++)\n\n      if ( visited[s.mask | (1 << i)] == 0 && (s.mask | need[i]) == s.mask )\n\n        {\n\n          State next;\n\n          next.mask = s.mask | (1 << i);\n\n          next.one = s.one + 1;\n\n          next.have = s.have + unit[i];\n\n          visited[next.mask] = 1;\n\n          up.push(next);\n\n        }\n\n  }\n\n  return -1;\n\n}\n\n\n\nint main() {\n\n  for(;;) {\n\n    int N, U;\n\n    N = nextInt();\n\n    U = nextInt();\n\n    if( N == 0 && U == 0 ) break;\n\n    REP(i, N) need[i] = 0;\n\n\n\n    int all = 0;\n\n    REP(i, N) {\n\n      unit[i] = nextInt();\n\n      all += unit[i];\n\n      int K = nextInt();\n\n      REP(k, K) {\n\n        int x = nextInt();\n\n        need[i] |= (1 << x);\n\n      }\n\n    }\n\n    if( all == U ) {\n\n      printf(""%d\n"", N);\n\n      continue;\n\n    }\n\n    int best = solve(N, U);\n\n    printf(""%d\n"", best);\n\n  }\n\n}",0.0
0228,1.0,2423457.125,941166.375,"#include <iostream>\n\n#include <algorithm>\n\n#include <cstdlib>\n\n\n\nusing namespace std;\n\n\n\nconst int inf = 1000001;\n\n\n\nint main()\n\n{\n\n  int n, mn, t, a[21], mask, s, u;\n\n\n\n  while(cin>>n && n){\n\n    t = 0;\n\n    mn = inf;\n\n\n\n    for(int i = 0; i < n; ++i){\n\n      cin >> a[i];\n\n      t += a[i];\n\n    }\n\n\n\n    mask = 1<<n;\n\n    for(int i = 0; i < mask; i++){\n\n      s = 0;\n\n      for(int j = 0; j < n; j++){\n\n	u = 1<<j;\n\n	if(i&u) s += a[j];\n\n      }  \n\n      mn = min(mn, abs(s-(t-s)));\n\n    }\n\n\n\n    cout << mn << endl;\n\n  }\n\n\n\n  return 0;\n\n}",0.0
0229,1.0,2405182.25,990729.25,"#include<iostream>\n\nusing namespace std;\n\n\n\nint n,b[2][100100],f[2][100100];\n\nbool v[100100];\n\n\n\nint dfs(int s, int now, int maxi, int num){\n\n  v[now] = true;\n\n  \n\n  for(int i=0;i<2;i++){\n\n    if(!v[b[i][now]]){\n\n      if(maxi == f[i][now])num++;\n\n      else if(maxi < f[i][now]){\n\n	maxi = f[i][now];\n\n	num = 1;\n\n      }\n\n      if(b[i][now] == s)return num;\n\n      return dfs(s,b[i][now],maxi,num);\n\n    }\n\n  }\n\n  if(maxi == f[1][s])return num+1;\n\n  else if(maxi < f[1][s])return 1;\n\n  else return num;\n\n}\n\n\n\nint main(){\n\n  while(cin >> n,n){\n\n    for(int i=0;i<n;i++){\n\n      cin >> b[0][i] >> f[0][i] >> b[1][i] >> f[1][i];\n\n      v[i] = false;\n\n    }\n\n\n\n    int ans = 1;\n\n    for(int i=0;i<n;i++){\n\n      if(!v[i]){\n\n	v[i] = true;\n\n	ans = (ans * dfs(i,b[0][i],f[0][i],1) ) % 10007;\n\n      }\n\n    }\n\n    cout << ans << endl;\n\n  }\n\n}",0.0
0231,1.0,13091760.875,13091760.875,"#include <iostream>\n\n#include <vector>\n\n#include <map>\n\n#include <queue>\n\nusing namespace std;\n\n\n\ninline int upb(int n)\n\n{\n\n  /*\n\n  int ret=0;\n\n  while(n>0) ret++, n/=2;\n\n  return ret;\n\n  */\n\n  return 32-__builtin_clz(n);\n\n}\n\n\n\nint main()\n\n{\n\n  vector<bool> close(1<<(5*5), false);\n\n  vector<int> cls(1000000);\n\n  int cls_cnt=0;\n\n\n\n  for (int n; cin>>n, !(n==0); ){\n\n\n\n    vector<vector<int> > pats(n*n+1);\n\n    vector<vector<int> > tmp(n, vector<int>(n, 0));\n\n\n\n    for (int i=0; i<n; i++){\n\n      for (int j=0; j<n; j++){\n\n	for (int k=i; k<n; k++){\n\n	  for (int l=j; l<n; l++){\n\n	    for (int a=i; a<=k; a++)\n\n	      for (int b=j; b<=l; b++)\n\n		tmp[a][b]=1;\n\n	    int bd=0;\n\n	    for (int a=0; a<n; a++){\n\n	      for (int b=0; b<n; b++){\n\n		bd=(bd<<1)|tmp[a][b];\n\n	      }\n\n	    }\n\n	    pats[upb(bd)].push_back(bd);\n\n	    for (int a=i; a<=k; a++)\n\n	      for (int b=j; b<=l; b++)\n\n		tmp[a][b]=0;\n\n	  }\n\n	}\n\n      }\n\n    }\n\n\n\n    int bd=0;\n\n    for (int i=0; i<n; i++){\n\n      for (int j=0; j<n; j++){\n\n	int t; cin>>t;\n\n	bd=(bd<<1)|t;\n\n      }\n\n    }\n\n\n\n    queue<int> mm;\n\n    mm.push(bd);\n\n    close[bd]=true;\n\n    cls[cls_cnt++]=bd;\n\n    while(!mm.empty()){\n\n      int dep=mm.front()>>25;\n\n      int cbd=mm.front()&0x1ffffff;\n\n      mm.pop();\n\n      //int ub=upb(cbd);\n\n      int ub=32-__builtin_clz(cbd);\n\n      const vector<int> &ps=pats[ub];\n\n      int sz=ps.size();\n\n      for (int i=0; i<sz; i++){\n\n	int nbd=cbd^ps[i];\n\n	if (nbd==0){\n\n	  for (int i=0; i<=dep; i++)\n\n	    cout<<""myon"";\n\n	  cout<<endl;\n\n	  goto _exit;\n\n	}\n\n	//cout<<""*** ""<<nbd<<endl;\n\n	if (close[nbd]) continue;\n\n	close[nbd]=true;\n\n	cls[cls_cnt++]=nbd;\n\n	mm.push(((dep+1)<<25)|nbd);\n\n      }\n\n    }\n\n  _exit:;\n\n    for (int i=0; i<cls_cnt; i++)\n\n      close[cls[i]]=false;\n\n    cls_cnt=0;\n\n  }\n\n  return 0;\n\n}",0.0
0233,1.0,2626455.375,1010449.125,"#include <iostream>\n\n#include <cstdio>\n\n#include <cstring>\n\n#include <cmath>\n\n#include <algorithm>\n\n#include <vector>\n\n#include <map>\n\n#include <string>\n\n#include <queue>\n\nusing namespace std;\n\n#define SZ(v) ((int)(v).size())\n\nconst int maxint = -1u>>1;\n\nconst int maxn = 100 + 30;\n\ntypedef long long ll;\n\n\n\nint n, m;\n\nll adj[maxn][maxn];\n\nint f[maxn], bestf[maxn];\n\nint find(int v) {\n\n    if (v != bestf[v]) {\n\n        return bestf[v] = find(bestf[v]);\n\n    }\n\n    return v;\n\n}\n\nint bestff;\n\nint v[maxn];\n\nll w[maxn];\n\nbool a[maxn];\n\nvector<pair<int, int> > res;\n\nll mincut() {\n\n    ll ans = (-1ull) >> 1;\n\n    //for (int i = 0; i < n; ++i) {\n\n        //for (int j = 0; j < n; ++j) {\n\n            //adj[i][j] = -adj[i][j];\n\n        //}\n\n    //}\n\n    for (int i = 0; i < n; ++i) {\n\n        f[i] = v[i] = i;\n\n    }\n\n    for (int t = n; t > 1; --t) {\n\n        a[0] = true;\n\n        for (int i = 1; i < t; ++i) {\n\n            a[i] =false;\n\n            w[i] = adj[v[0]][v[i]];\n\n        }\n\n        int prev = v[0];\n\n        for (int i = 1; i < t; ++i) {\n\n            int zj = -1;\n\n            for (int j = 1; j < t; ++j) {\n\n                if (a[j] == false && (zj == -1 || w[j] > w[zj])) {\n\n                    zj = j;\n\n                }\n\n            }\n\n            a[zj] = true;\n\n            if (i == t - 1) {\n\n                if (w[zj] < ans) {\n\n                    ans = w[zj];\n\n                    copy(f, f + n, bestf);\n\n                    bestff = v[zj];\n\n                }\n\n                for (int k = 0; k < t; ++k) {\n\n                    adj[v[k]][prev] = adj[prev][v[k]] += adj[v[zj]][v[k]];\n\n                }\n\n                f[v[zj]] = prev;\n\n                v[zj] = v[t - 1];\n\n                break;\n\n            }\n\n            prev = v[zj];\n\n            for (int j = 1; j < t; ++j) {\n\n                if (a[j] == false) {\n\n                    w[j] += adj[v[zj]][v[j]];\n\n                }\n\n            }\n\n        }\n\n    }\n\n    //bool flag[maxn] = {};\n\n    //for (int i = 0; i < n; ++i) {\n\n        //if (find(i) == bestff) {\n\n            //flag[i] = true;\n\n        //}\n\n    //}\n\n    //res.clear();\n\n    //for (int i = 0; i < n; ++i) {\n\n        //for (int j = i + 1; j < n; ++j) {\n\n            //if (flag[i] == flag[j] && save[i][j]) {\n\n                //res.push_back(make_pair(i, j));\n\n            //}\n\n        //}\n\n    //}\n\n    return ans;\n\n}\n\n\n\nvoid gao() {\n\n    ll ans = 0;\n\n    memset(adj, 0, sizeof(adj));\n\n    for (int i = 0, a, b; i < m; ++i) {\n\n        ll c;\n\n        scanf (""%d%d%lld"", &a, &b, &c);\n\n        if (c < 0) {\n\n            ans += c;\n\n        } else {\n\n            adj[a][b] = adj[b][a] = adj[a][b] + c;\n\n        }\n\n    }\n\n    printf(""%lld\n"", ans + mincut());\n\n}\n\n\n\nint main() {\n\n    while (scanf(""%d%d"", &n, &m) == 2 && (n || m)) {\n\n        gao();\n\n    }\n\n    return 0;\n\n}",0.0
0238,1.0,3298026.5,1808369.75,"#include<iostream>\n\nusing namespace std;\n\n\n\nint main(){\n\n  int r,c,q,a[50000],b[50000],o[50000];\n\n  int nr,nc;\n\n  bool row[50000],col[50000];\n\n  long long int ans;\n\n\n\n  while(1){\n\n    cin >> r >> c >> q;\n\n    if(!r && !c && !q)break;\n\n\n\n    for(int i=0;i<r;i++)row[i] = false;\n\n    for(int i=0;i<c;i++)col[i] = false;\n\n\n\n    ans = nr = nc = 0;\n\n    for(int i=0;i<q;i++)cin >> a[i] >> b[i] >> o[i];\n\n\n\n    for(int i=q-1;i>=0;i--){\n\n      if(a[i]){\n\n	if(!col[b[i]]){\n\n	  if(o[i])ans += r-nr;\n\n	  col[b[i]] = true;\n\n	  nc++;\n\n	}\n\n      }else{\n\n	if(!row[b[i]]){\n\n	  if(o[i])ans += c-nc;\n\n	  row[b[i]] = true;\n\n	  nr++;\n\n	}\n\n      }\n\n    }\n\n    cout << ans << endl;\n\n  }\n\n}",0.0
0239,1.0,2509475.6875,2403069.5,"#include <cstdio>\n\n#include <algorithm>\n\n#include <queue>\n\n#define REP(i,n) for(int i=0; i<(int)(n); i++)\n\n\n\nusing namespace std;\n\n\n\nint main(){\n\n  int r, c, q;\n\n\n\n  while(scanf(""%d%d%d"", &r, &c, &q), r + c + q){\n\n    vector<int> a(q);\n\n    vector<int> b(q);\n\n    vector<int> o(q);\n\n\n\n    vector<int> rs(r, -1);\n\n    vector<int> cs(c, -1);\n\n\n\n    REP(i,q) scanf(""%d%d%d"", &a[i], &b[i], &o[i]);\n\n\n\n    reverse(a.begin(), a.end());\n\n    reverse(b.begin(), b.end());\n\n    reverse(o.begin(), o.end());\n\n\n\n    int rr = 0;\n\n    int cc = 0;\n\n    int ans = 0;\n\n\n\n    REP(i,q){\n\n      if(a[i] == 0){\n\n	if(rs[b[i]] == -1){\n\n	  rs[b[i]] = o[i];\n\n	  rr++;\n\n	  if(o[i] == 1) ans += c - cc;\n\n	}\n\n      }else{\n\n	if(cs[b[i]] == -1){\n\n	  cs[b[i]] = o[i];\n\n	  cc++;\n\n	  if(o[i] == 1) ans += r - rr;\n\n	}\n\n      }\n\n    }\n\n\n\n    printf(""%d\n"", ans);\n\n  }\n\n\n\n  return 0;\n\n}",0.0
0240,1.0,2467200.4375,2411701.5,"#include <cstdio>\n\n#include <cstdlib>\n\n#include <cmath>\n\n#include <climits>\n\n#include <cfloat>\n\n#include <map>\n\n#include <utility>\n\n#include <set>\n\n#include <iostream>\n\n#include <memory>\n\n#include <string>\n\n#include <vector>\n\n#include <algorithm>\n\n#include <functional>\n\n#include <sstream>\n\n#include <complex>\n\n#include <stack>\n\n#include <cstring>\n\n#include <queue>\n\n#include <sys/time.h>\n\nusing namespace std;\n\nstatic const double EPS = 1e-10;\n\ntypedef long long ll;\n\n#define rep(i,n) for(int i=0;i<(int)n;i++)\n\n#define rev(i,n) for(int i=(int)n-1;i>=0;i--)\n\n#define all(a) a.begin(),a.end()\n\n#define mp(a,b) make_pair(a,b)\n\n#define pb(a) push_back(a)\n\n#define SS stringstream\n\n#define bitcount(b) __builtin_popcount(b)\n\n#define EACH(i,c) for(typeof((c).begin()) i=(c).begin(); i!=(c).end(); ++i)\n\n\n\n#define delete(a,n) a.erase(remove(all(a),n),a.end())\n\n#define gcd(a,b) __gcd((a),(b))\n\n#define lcm(a,b) ( (a)/__gcd((a),(b))*(b) )\n\n\n\ntemplate<typename T, typename S> vector<T>& operator<<(vector<T>& a, S b) { a.push_back(b); return a; }\n\ntemplate<typename T> void operator>>(vector<T>& a, int b) {while(b--)if(!a.empty())a.pop_back();}\n\nbool isprime(int n){ if(n<2)return false;  for(int i=2;i*i<=n;i++)if(n%i==0)return false;  return true;} \n\nll b_pow(ll x,ll n){return n ? b_pow(x*x,n/2)*(n%2?x:1) : 1ll;}\n\nstring itos(int n){stringstream ss;ss << n;return ss.str();}\n\n\n\nint a[50000],b[50000],o[50000];\n\nint main(){\n\n	int H,W,q;\n\n	while(cin >> H >> W >> q && H){\n\n		int ans = 0;\n\n		rep(i,q) cin >> a[i] >> b[i] >> o[i];\n\n		set<int> g[2];\n\n		rev(i,q){\n\n			if(a[i]==0){\n\n				if(!g[0].count(b[i]) && o[i]) ans += W - g[1].size();\n\n				g[0].insert(b[i]);\n\n			}else{\n\n				if(!g[1].count(b[i]) && o[i]) ans += H - g[0].size();\n\n				g[1].insert(b[i]);\n\n			}\n\n		}\n\n		cout << ans << endl;\n\n	}\n\n}",0.0
0241,1.0,4712874.75,2464279.625,"#include <cstdio>\n\n#include <cstdlib>\n\n#include <cstring>\n\n#include <climits>\n\n#include <cmath>\n\n#include <ctime>\n\n#include <cassert>\n\n#include <iostream>\n\n#include <fstream>\n\n#include <sstream>\n\n#include <iomanip>\n\n#include <complex>\n\n#include <string>\n\n#include <vector>\n\n#include <list>\n\n#include <deque>\n\n#include <stack>\n\n#include <queue>\n\n#include <set>\n\n#include <map>\n\n#include <bitset>\n\n#include <iterator>\n\n#include <functional>\n\n#include <utility>\n\n#include <algorithm>\n\n#include <numeric>\n\n#include <typeinfo>\n\n\n\nusing namespace std;\n\n\n\n#define dump(n) cerr<<""# ""<<#n<<""=""<<(n)<<endl\n\n#define repi(i,a,b) for(int i=int(a);i<int(b);i++)\n\n#define rep(i,n) repi(i,0,n)\n\n#define iter(c) __typeof((c).begin())\n\n#define foreach(i,c) for(iter(c) i=(c).begin();i!=(c).end();++i)\n\n#define allof(c) (c).begin(),(c).end()\n\n#define mp make_pair\n\n\n\ntypedef unsigned int uint;\n\ntypedef long long ll;\n\ntypedef unsigned long long ull;\n\ntypedef vector<int> vi;\n\ntypedef vector<vi> vvi;\n\ntypedef vector<double> vd;\n\ntypedef vector<vd> vvd;\n\ntypedef vector<string> vs;\n\ntypedef pair<int,int> pii;\n\n\n\nstruct SegTree{\n\n	vi data;\n\n	int size;\n\n	SegTree(int _size){\n\n		for(int i=1;;i*=2)\n\n			if(i>=_size){\n\n				size=i;\n\n				break;\n\n			}\n\n		data.assign(size*2,0);\n\n	}\n\n	void add(int i,int x){\n\n		for(int j=size+i;j;j/=2)\n\n			data[j]+=x;\n\n	}\n\n	int sum(int a,int b,int i,int l,int r){\n\n		if(r<=a || b<=l) return 0;\n\n		if(a<=l && r<=b) return data[i];\n\n		int m=(a+b)/2,res=0;\n\n		if(a<m) res+=sum(a,b,i*2+0,l,m);\n\n		if(m<b) res+=sum(a,b,i*2+1,m,r);\n\n		return res;\n\n	}\n\n	int ith(int i){\n\n		int j=1;\n\n		while(j<size){\n\n			if(data[j*2+0]>i)\n\n				j=j*2+0;\n\n			else{\n\n				i-=data[j*2+0];\n\n				j=j*2+1;\n\n			}\n\n		}\n\n		return j-size;\n\n	}\n\n};\n\n\n\nint main()\n\n{\n\n	//for(int q,l;cin>>q>>l,q|l;){\n\n	//	SegTree st(q);\n\n	//	vi girls;\n\n	//	map<int,int> m;\n\n	//	rep(i,q){\n\n	//		int qu,x; cin>>qu>>x;\n\n	//		if(qu==0){\n\n	//			st.add(girls.size(),1);\n\n	//			m[x]=girls.size();\n\n	//			girls.push_back(x);\n\n	//			if(st.data[1]>l){\n\n	//				int j=st.ith(0);\n\n	//				st.add(j,-1);\n\n	//			}\n\n	//		}\n\n	//		if(qu==1){\n\n	//			int j=st.ith(x-1);\n\n	//			st.add(j,-1);\n\n	//		}\n\n	//		if(qu==2){\n\n	//			int j=st.ith(x-1);\n\n	//			cout<<girls[j]<<endl;\n\n	//		}\n\n	//		if(qu==3){\n\n	//			int j=m[x];\n\n	//			st.add(j,-1);\n\n	//		}\n\n	//	}\n\n	//	puts(""end"");\n\n	//}\n\n	\n\n	vi girls(400000);\n\n	for(int q,l;scanf(""%d%d"",&q,&l),q|l;){\n\n		SegTree st(q);\n\n		int gsize=0;\n\n		map<int,int> m;\n\n		rep(i,q){\n\n			int qu,x; scanf(""%d%d"",&qu,&x);\n\n			switch(qu){\n\n			case 0:{\n\n				st.add(gsize,1);\n\n				m[x]=gsize;\n\n				girls[gsize++]=x;\n\n				if(st.data[1]>l){\n\n					int j=st.ith(0);\n\n					st.add(j,-1);\n\n				}\n\n			}break;\n\n			case 1:{\n\n				int j=st.ith(x-1);\n\n				st.add(j,-1);\n\n			}break;\n\n			case 2:{\n\n				int j=st.ith(x-1);\n\n				printf(""%d\n"",girls[j]);\n\n			}break;\n\n			case 3:{\n\n				int j=m[x];\n\n				st.add(j,-1);\n\n			}break;\n\n			}\n\n		}\n\n		puts(""end"");\n\n	}\n\n	\n\n	return 0;\n\n}",0.0
0242,1.0,2592056.625,2438583.625,"#include<iostream>\n\n#include<queue>\n\n#include<algorithm>\n\nusing namespace std;\n\n\n\nint main(){\n\n  int q,lim,query,x;\n\n\n\n  while(1){\n\n    deque<int> l;\n\n    cin >> q >> lim;\n\n    if(!q && !lim)break;\n\n    for(int i=0;i<q;i++){\n\n      cin >> query >> x;\n\n\n\n      if(query==0){\n\n	l.push_back(x);\n\n	if((int)l.size()>lim)l.pop_front();\n\n      }\n\n      if(query==1)l.erase(l.begin()+x-1);\n\n      if(query==2)cout << *(l.begin()+x-1) << endl;\n\n      if(query==3)l.erase(find(l.begin(),l.end(),x));\n\n    }\n\n    cout << ""end"" << endl;\n\n  }\n\n}",0.0
0243,1.0,2815471.5,990360.8125,"#include <iostream>\n\n#include <cstdio>\n\n#include <cmath>\n\n#include <vector>\n\n#include <map>\n\n#include <stack>\n\n#include <queue>\n\n#include <algorithm>\n\n#include <set>\n\n\n\n#define FOR(i,a,b) for(int i=(a);i<(b);i++)\n\n#define REP(i,j) FOR(i,0,j)\n\n#define mp std::make_pair\n\n\n\nconst int INF = 1 << 24;\n\nconst int dx[8] = {0, 0, 1, -1, 1, 1, -1, -1}, dy[8] = {1, -1, 0, 0, 1, -1, 1, -1};\n\n\n\ntypedef unsigned long long ull;\n\ntypedef std::pair<int,int> P;\n\n\n\nint main(){\n\n    int n, S;\n\n    int r[10000];\n\n    while(std::cin >> n >> S, n){\n\n        REP(i, n){\n\n            std::cin >> r[i];\n\n        }\n\n        std::sort(r, r+n);\n\n        int res = 0;\n\n        for(int i=0;i+1<n;i++){\n\n            auto it = std::upper_bound(r+i+1, r+n, S-r[i]);\n\n            res += std::distance(it, r+n);\n\n        }\n\n        std::cout << res << std::endl;\n\n    }\n\n}",0.0
0244,1.0,2477017.3125,1026208.25,"#include<iostream>\n\n#include<algorithm>\n\nusing namespace std;\n\n\n\nint main(){\n\n  int n,s,r[20200];\n\n\n\n  while(cin >> n >> s,n){\n\n    for(int i=0;i<n;i++)cin >> r[i];\n\n    sort(r,r+n);\n\n\n\n    int ans = 0;\n\n    for(int i=0;i<n;i++){\n\n      ans += n - (upper_bound(r+i+1,r+n,s-r[i]) - r);\n\n    }\n\n    cout << ans << endl;\n\n  }\n\n}",0.0
0245,1.0,2376705.375,942686.375,"#include<iostream>\n\nusing namespace std;\n\n\n\nmain(){\n\n  int n,s;\n\n  while(cin>>n>>s && n){\n\n    int r[101]={0};\n\n    for(int i=0;i<n;i++){\n\n      int tmp;cin>>tmp;r[tmp]++;\n\n    }\n\n    int ans = 0;\n\n    for(int i=0;i<101;i++){\n\n      if (i+i > s && r[i])ans += (r[i]*(r[i]-1))/2;\n\n      for(int j=i+1;j<101;j++){\n\n	if (i+j > s && r[i] && r[j])ans += r[i]*r[j];\n\n      }\n\n    }\n\n    cout << ans << endl;\n\n  }\n\n}",0.0
0247,1.0,3849011.375,1137337.5625,"#include <cstdio>\n\n#include <cstdlib>\n\n#include <cstring>\n\n#include <climits>\n\n#include <cmath>\n\n#include <cassert>\n\n#include <iostream>\n\n#include <sstream>\n\n#include <iomanip>\n\n#include <algorithm>\n\n#include <numeric>\n\n#include <complex>\n\n#include <list>\n\n#include <stack>\n\n#include <queue>\n\n#include <set>\n\n#include <map>\n\n#include <bitset>\n\n#include <utility>\n\n#include <functional>\n\n#include <iterator>\n\n\n\nusing namespace std;\n\n\n\n#define dump(n) cerr<<""# ""<<#n<<""=""<<(n)<<endl\n\n#define repi(i,a,b) for(int i=int(a);i<int(b);i++)\n\n#define peri(i,a,b) for(int i=int(b);i-->int(a);)\n\n#define rep(i,n) repi(i,0,n)\n\n#define per(i,n) peri(i,0,n)\n\n#define iter(c) __typeof__((c).begin())\n\n#define foreach(i,c) for(iter(c) i=(c).begin();i!=(c).end();++i)\n\n#define all(c) (c).begin(),(c).end()\n\n#define mp make_pair\n\n\n\ntypedef unsigned int uint;\n\ntypedef long long ll;\n\ntypedef unsigned long long ull;\n\ntypedef vector<int> vi;\n\ntypedef vector<vi> vvi;\n\ntypedef vector<double> vd;\n\ntypedef vector<vd> vvd;\n\ntypedef vector<string> vs;\n\ntypedef pair<int,int> pii;\n\n\n\ntemplate<typename T>\n\nvoid chmax(T& a,const T& b)\n\n{\n\n	a=max(a,b);\n\n}\n\n\n\nint main()\n\n{\n\n	for(int c,d,w,x;cin>>c>>d>>w>>x,c|d|w|x;){\n\n		static int e[30][15],f[30][15];\n\n		rep(i,c) rep(j,d) cin>>e[j][i];\n\n		rep(i,c) rep(j,d) cin>>f[j][i];\n\n		\n\n		static int dp[31][6][1000]; // [日][2回以上ライブを行った回数][疲労]\n\n		memset(dp,-1,sizeof dp);\n\n		\n\n		dp[0][0][0]=0;\n\n		rep(i,d) rep(j,x+1) rep(k,1000){\n\n			if(dp[i][j][k]==-1) continue;\n\n			rep(l,c){\n\n				chmax(dp[i+1][j][k],dp[i][j][k]);\n\n				chmax(dp[i+1][j][k+f[i][l]],dp[i][j][k]+e[i][l]);\n\n			}\n\n			if(j==x) continue;\n\n			rep(l,c){\n\n				if(e[i][l]==0) continue;\n\n				int esum=e[i][l],fsum=f[i][l];\n\n				repi(r,l+1,c){\n\n					if(e[i][r]==0) break;\n\n					esum+=e[i][r];\n\n					fsum+=f[i][r];\n\n					chmax(dp[i+1][j+1][k+fsum],dp[i][j][k]+esum);\n\n				}\n\n			}\n\n		}\n\n		\n\n		int res=0;\n\n		rep(i,x+1) rep(j,w+1)\n\n			chmax(res,dp[d][i][j]);\n\n		cout<<res<<endl;\n\n	}\n\n	\n\n	return 0;\n\n}",0.0
0249,1.0,2409020.3125,992223.75,"#include<iostream>\n\n#include<algorithm>\n\nusing namespace std;\n\n\n\nint dp[330];\n\nint s,d,m;\n\nint k[110],w[110][55],p[110][55],f[110];\n\n\n\nint main(){\n\n  \n\n  while(cin >> s >> d >> m){\n\n    for(int i=0;i<s;i++){\n\n      cin >> k[i];\n\n      for(int j=0;j<k[i];j++)cin >> w[i][j] >> p[i][j];\n\n    }\n\n    for(int i=0;i<d;i++)cin >> f[i];\n\n\n\n    for(int i=0;i<=m;i++)dp[i] = -1;\n\n    \n\n    dp[0] = 0;\n\n\n\n    for(int i=0;i<d;i++){\n\n      for(int x=0;x<k[f[i]];x++){\n\n	int v = p[f[i]][x], c = w[f[i]][x];\n\n	for(int j=m-v;j>=0;j--){\n\n	  if(dp[j]>=0)dp[j+v] = max(dp[j+v],dp[j]+c);\n\n	}\n\n      }\n\n    }\n\n	\n\n    int ans = 0;\n\n    for(int i=1;i<=m;i++)\n\n      if(dp[i] > dp[ans])ans = i;\n\n    cout << dp[ans] << "" "" << ans << endl;\n\n  }\n\n}",0.0
0251,1.0,9353542.6875,6519595.1875,"#include<iostream>\n\n#include<cmath>\n\n#include<cstdio>\n\n#include<vector>\n\n#include<algorithm>\n\n \n\nusing namespace std;\n\n \n\ndouble EPS = 1e-10;\n\n \n\ndouble add(double a,double b){\n\n  if(abs(a+b)<EPS*(abs(a)+abs(b)))return 0;\n\n  return a+b;\n\n}\n\n \n\nstruct point{\n\n  double x,y;\n\n  point() {}\n\n  point(double x,double y):x(x),y(y){\n\n  }\n\n  point operator + (point p){\n\n    return point(add(x,p.x),add(y,p.y));\n\n  }\n\n  point operator - (point p){\n\n    return point(add(x,-p.x),add(y,-p.y));\n\n  }\n\n  point operator * (double d){\n\n    return point(x*d,y*d);\n\n  }\n\n  point operator / (double d){\n\n    return point(x/d,y/d);\n\n  }\n\n};\n\n \n\ndouble dist(point a,point b){\n\n	return sqrt(pow(a.x-b.x,2)+pow(a.y-b.y,2));\n\n}\n\n \n\nint main(void){\n\n	int n,x,y,v;\n\n	vector<point>P;\n\n	vector<double>V;\n\n	\n\n	while(cin >> n,n){\n\n		P.clear();\n\n		V.clear();\n\n		\n\n		for(int i=0;i<n;i++){\n\n			cin >> x >> y >> v;\n\n			P.push_back(point(x,y));\n\n			V.push_back(v);\n\n		}\n\n		\n\n		\n\n		double r=0.999;\n\n		point now(0,0);\n\n		\n\n		for(double d=10;d>EPS;d*=r){\n\n			int mx=0;\n\n			double mxd=0;\n\n			\n\n			for(int j=0;j<P.size();j++){\n\n				if(dist(now,P[j])/V[j]>mxd)mx=j,mxd=dist(now,P[j])/V[j];\n\n			}\n\n			\n\n			now=now+((P[mx]-now)/dist(P[mx],now)*d);\n\n		}\n\n		\n\n		double ans=0;\n\n		for(int i=0;i<P.size();i++){\n\n			ans=max(ans,dist(now,P[i])/V[i]);\n\n		}\n\n		printf(""%.8f\n"",ans);\n\n	}\n\n	\n\n	return 0;\n\n}",0.0
